[
    {
        "id": 0,
        "label": 1,
        "title": "Teach graphics using excel in place of a graphing calculator",
        "organization": null,
        "abstract": "Excel spreadsheets were developed to teach the underlying math in a computer graphics course including reviewing basic linear algebra operations, tracing a series of OpenGL transformations, and creating Bezier curves and surfaces with forward differences. Each spreadsheet contains an English overview of the mathematical process and the numerical result of each sub step thus providing a high level of abstraction.",
        "conf": "ACM Sigcse Bulletin",
        "email": null,
        "coauthors": [
            "torben lorenzen"
        ],
        "keywords": "bezier curve,Computer Graphic,Levels of Abstraction,Linear Algebra,",
        "title_embedding": [],
        "abstract_embedding": []
    },
    {
        "id": 1,
        "label": 1,
        "title": "Objects first using Alice to introduce object constructs in CS1",
        "organization": null,
        "abstract": "Java has become the programming language of choice for the first computer programming course in most of the computer science programs in the country. However, Java is a true objected-oriented language and requires instructors to introduce object-oriented constructs (classes, objects and methods) early in the course. This poses a problem for both students (who find the introduction to objects to",
        "conf": "ACM Sigcse Bulletin",
        "email": null,
        "coauthors": [
            "torben lorenzen"
        ],
        "keywords": "Computer Program,Object Oriented,Object Oriented Programming,Object-oriented Language,Programming Language,",
        "title_embedding": [],
        "abstract_embedding": []
    },
    {
        "id": 2,
        "label": 1,
        "title": "How to create an online internet course",
        "organization": null,
        "abstract": "The authors have developed two hybrid internet courses with one weekly meeting per week instead of the traditional two or three meetings. One course teaches how to use Microsoft Office and is a service course. The other teaches Computer Graphics to computer science majors. The internet materials are structured to use each of the three student learning styles: visual, auditory,",
        "conf": "ACM Sigcse Bulletin",
        "email": null,
        "coauthors": [
            "torben lorenzen"
        ],
        "keywords": "Computer Graphic,Student Learning,",
        "title_embedding": [],
        "abstract_embedding": []
    },
    {
        "id": 3,
        "label": 1,
        "title": "Develop a shopping mart web application",
        "organization": null,
        "abstract": "The authors' junior/senior CS class at Bridgewater State College implemented a web site similar to the shopping mart found at AMAZON.COM. The application was broken into four assignments which included an email address verifier written in Java, a 5 page GUI front-end to the web site written in Hypertext Markup Language (HTML), Java Script and Cascading Style Sheet (CSS), a",
        "conf": "ACM Sigcse Bulletin",
        "email": null,
        "coauthors": [
            "torben lorenzen"
        ],
        "keywords": "Cascading Style Sheets,Markup Language,Front End,",
        "title_embedding": [],
        "abstract_embedding": []
    },
    {
        "id": 4,
        "label": 1,
        "title": "Develop a compiler in Java for a compiler design course",
        "organization": null,
        "abstract": "The authors' Compiler Design course at Bridgewater State College implemented a translator for a small language using Java. The project was broken into five assignments that included a language definition, extension of this language, a lexical analyzer, a recursive descent parser, and finally a code generator that generated Jasmin assembly language code for the JVM (Java Virtual Machine).",
        "conf": "ACM Sigcse Bulletin",
        "email": null,
        "coauthors": [
            "torben lorenzen"
        ],
        "keywords": "Code Generation,Java Virtual Machine,Language Use,",
        "title_embedding": [],
        "abstract_embedding": []
    },
    {
        "id": 5,
        "label": 1,
        "title": "Computer applications: a service course",
        "organization": null,
        "abstract": "A paperless computer applications course, which is driven by an online syllabus is described. Students demo their work on the computer rather than hand in paper assignments. Several advanced topics are included to challenge the students and downloads are provided to minimize the amount of student busywork. The use of weekly lecture and assignment downloads allow instructors to teach sections",
        "conf": "Inroads (ACM Sigcse Bulletin)",
        "email": null,
        "coauthors": [
            "torben lorenzen"
        ],
        "keywords": "Computer Application,Graduate Student,",
        "title_embedding": [],
        "abstract_embedding": []
    },
    {
        "id": 6,
        "label": 1,
        "title": "Teach Alice programming to non-majors",
        "organization": null,
        "abstract": "This paper presents the design and implementation of an introductory computer programming course using Alice for non-CS majors. This course gives a broad overview of computer science as an academic discipline and teaches computer programming to non-CS majors in a fun way.",
        "conf": "ACM Sigcse Bulletin",
        "email": null,
        "coauthors": [
            "torben lorenzen"
        ],
        "keywords": "Computer Program,Design and Implementation,Object Oriented Programming,",
        "title_embedding": [],
        "abstract_embedding": []
    },
    {
        "id": 7,
        "label": 2,
        "title": "MVAAM (multi-view active appearance model) optimized by multi-objective genetic algorithm",
        "organization": null,
        "abstract": NaN,
        "conf": "IEEE International Conference on Automatic Face and Gesture Recognition",
        "email": null,
        "coauthors": [
            "renaud seguier"
        ],
        "keywords": "Active Appearance Model,Multi Objective Genetic Algorithm,",
        "title_embedding": [],
        "abstract_embedding": []
    },
    {
        "id": 8,
        "label": 2,
        "title": "GGA-AAM: Novel heuristic method of gradient driven Genetic Algorithm for Active Appearance Models",
        "organization": null,
        "abstract": NaN,
        "conf": "International Conference on Digital Information Management",
        "email": null,
        "coauthors": [
            "renaud seguier"
        ],
        "keywords": "Active Appearance Model,Heuristic Method,",
        "title_embedding": [],
        "abstract_embedding": []
    },
    {
        "id": 9,
        "label": 2,
        "title": "GAGM-AAM: A genetic optimization with Gaussian mixtures for Active Appearance Models",
        "organization": null,
        "abstract": "This paper proposes an optimization technique of genetic al- gorithm (GA) combined with Gaussian mixtures (GAGM) to make a robust, efficient and real time face alignment applica- tion for embedded systems. It uses 2.5D Active Appearance Model (AAM) for the face search, the model is generated by taking 3D landmarks and 2D texture of the face image. 3D face alignment",
        "conf": "International Conference on Image Processing",
        "email": null,
        "coauthors": [
            "yasser aidarous",
            "renaud seguier"
        ],
        "keywords": "Active Appearance Model,Embedded System,Face Alignment,Gaussian Mixture,Genetic Algorithm,Genetics,Indexing Terms,Optimization Technique,Search Space,genetic al gorithm,Gaus Sian Mixture Model,Real Time,",
        "title_embedding": [],
        "abstract_embedding": []
    },
    {
        "id": 10,
        "label": 2,
        "title": "Face alignment using active appearance model optimized by simplex",
        "organization": null,
        "abstract": "The active appearance models (AAM) are robust in face alignment. We use this method to analyze gesture and motions of faces in Human Machine Interfaces (HMI) for embedded systems (mobile phone, game con- sole, PDA: Personal Digital Assistant). However these models are not only high memory consumer but also efficient especially when the aligning objects in the learni ng data",
        "conf": "Computer Vision Theory and Applications",
        "email": null,
        "coauthors": [
            "yasser aidarous",
            "sylvain le gallou",
            "renaud seguier"
        ],
        "keywords": "Active Appearance Model,Embedded System,Face Alignment,Generic Model,Human Machine Interface,Mobile Phone,Optimal Method,Personal Digital Assistant,nelder mead,",
        "title_embedding": [],
        "abstract_embedding": []
    },
    {
        "id": 11,
        "label": 2,
        "title": "HMOAM: hybrid multi-objective genetic optimization for facial analysis by appearance model",
        "organization": null,
        "abstract": NaN,
        "conf": NaN,
        "email": null,
        "coauthors": [
            "renaud seguier"
        ],
        "keywords": "Genetics,",
        "title_embedding": [],
        "abstract_embedding": []
    }
]