[
    {
        "id": 17,
        "label": 4,
        "title": "Enhancing Directed Content Sharing on the Web",
        "organization": null,
        "abstract": "To find interesting, personally relevant web content, people rely on friends and colleagues to pass links along as they encounter them. In this paper, we study and augment link- sharing via e-mail, the most popular means of sharing web content today. Armed with survey data indicating that ac- tive sharers of novel web content are often those that active- ly",
        "conf": NaN,
        "email": null,
        "coauthors": [
            "michael s. bernstein",
            "david r. karger",
            "robert c. miller"
        ],
        "keywords": "Design Space,Field Experiment,Mixed Initiative,Survey Data,User Experience,",
        "title_embedding": [],
        "abstract_embedding": []
    },
    {
        "id": 18,
        "label": 4,
        "title": "Scalable Semantic Web Data Management Using Vertical Partitioning",
        "organization": null,
        "abstract": "E cient management of RDF data is an important factor in real- izing the Semantic Web vision. Performance and scalability issues are becoming increasingly pressing as Semantic Web technology is applied to real-world applications. In this paper, we examine the reasons why current data management solutions for RDF data scale poorly, and explore the fundamental scalability limitations of these approaches.",
        "conf": NaN,
        "email": null,
        "coauthors": [
            "daniel j. abadi",
            "samuel r. madden",
            "katherine j. hollenbach"
        ],
        "keywords": "Data Management,Large Scale,Perforation,Performance Improvement,Real World Application,Semantic Web,Semantic Web Technology,",
        "title_embedding": [],
        "abstract_embedding": []
    },
    {
        "id": 19,
        "label": 4,
        "title": "Talking about data: sharing richly structured information through blogs and wikis",
        "organization": null,
        "abstract": "The web has dramatically enhanced people's ability to communicate ideas, knowledge, and opinions. But the authoring tools that most people understand, blogs and wikis, primarily guide users toward authoring text. In this work, we show that substantial gains in expressivity and communication would accrue if people could easily share richly structured information in meaningful visualizations. We then describe several extensions",
        "conf": "World Wide Web Conference Series",
        "email": null,
        "coauthors": [
            "edward benson",
            "fabian howahl",
            "david r. karger"
        ],
        "keywords": "Authoring Tool,Data Sharing,Linked Data,",
        "title_embedding": [],
        "abstract_embedding": []
    },
    {
        "id": 20,
        "label": 4,
        "title": "Sync Kit: A Persistent Client-Side Database Caching Toolkit for Data Intensive Websites",
        "organization": null,
        "abstract": "We introduce a client-server toolkit called Sync Kit that demonstrates how client-side database storage can improve the performance of data intensive websites. Sync Kit is designed to make use of the embedded relational database dened in the upcoming HTML5 standard to ooad some data storage and processing from a web server onto the web browsers to which it serves content.",
        "conf": NaN,
        "email": null,
        "coauthors": [
            "edward benson",
            "david r. karger",
            "samuel r. madden"
        ],
        "keywords": "Data Storage,Database Management,Relational Database,Client Server,",
        "title_embedding": [],
        "abstract_embedding": []
    },
    {
        "id": 21,
        "label": 5,
        "title": "Effective Web-Scale Crawling Through Website Analysis",
        "organization": null,
        "abstract": "The web crawler space is often delimited into two general areas: full-web crawling and focused crawling. We present netSifter, a crawler system which integrates features from these two areas to provide an effective mechanism for web- scale crawling. netSifter utilizes a combination of page-level analytics and heuristics which are applied to a sample of web pages from a given website.",
        "conf": NaN,
        "email": null,
        "coauthors": [
            "ivan gonzalez",
            "daniel n. meredith",
            "linda a. nguyen"
        ],
        "keywords": "Focused Crawling,Web Crawler,Web Crawling,Web Pages,World Wide Web,",
        "title_embedding": [],
        "abstract_embedding": []
    },
    {
        "id": 22,
        "label": 4,
        "title": "SW-Store: a vertically partitioned DBMS for Semantic Web data management",
        "organization": null,
        "abstract": "EfficientmanagementofRDFdataisanimportant prerequisite for realizing the Semantic Web vision. Perfor- manceandscalabilityissuesarebecomingincreasinglypress- ing as Semantic Web technology is applied to real-world applications. In this paper, we examine the reasons why cur- rent data management solutions for RDF data scale poorly, and explore the fundamental scalability limitations of these approaches. We review the state of the art for improving performance of RDF databases",
        "conf": NaN,
        "email": null,
        "coauthors": [
            "daniel j. abadi",
            "samuel r. madden",
            "katherine j. hollenbach"
        ],
        "keywords": "Data Management,Large Scale,Perforation,Performance Improvement,Real World Application,Semantic Web,Semantic Web Technology,",
        "title_embedding": [],
        "abstract_embedding": []
    }
]