[
    {
        "id": 64,
        "label": 18,
        "title": "Architecture support for runtime integration and verification of component-based Systems of Systems",
        "organization": null,
        "abstract": "Abstract Systems-of-Systems (SoS) represent a novel kind of sys- tem, for which runtime evolution is a key requirement, as components,join and leave during runtime. Current compo- nent integration and verification techniques are not enough in such a dynamic,environment. In this paper we present ATLAS, an architectural framework that enables the run- time integration and verification of a system, based on",
        "conf": "Automated Software Engineering",
        "email": null,
        "coauthors": [
            "eric piel",
            "hans-gerhard gro"
        ],
        "keywords": "Case Study,Component Model,Component Based Systems,Development Time,Dynamic Environment,Dynamic Reconfiguration,Integration Testing,System of Systems,Time Integration,Built In Test,",
        "title_embedding": [],
        "abstract_embedding": []
    },
    {
        "id": 65,
        "label": 18,
        "title": "Automatic software fault localization using generic program invariants",
        "organization": null,
        "abstract": "Despite extensive testing in the development phase, resid- ual defects can be a great threat to dependability in the operational phase. This paper studies the utility of low- cost, generic invariants (\"screeners\") in their capacity of error detectors within a spectrum-based fault localization (SFL) approach aimed to diagnose program defects in the operational phase. The screeners considered are simple bit-",
        "conf": "ACM Symposium on Applied Computing",
        "email": null,
        "coauthors": [
            "rui abreu",
            "peter zoeteweij",
            "arjan j. c. van gemund"
        ],
        "keywords": "Development Time,Fault Localization,Generic Programming,Spectrum,",
        "title_embedding": [],
        "abstract_embedding": []
    }
]