[
    {
        "id": 95,
        "label": 23,
        "title": "Toward a Hybrid DataFlow/Control-Flow MIMD Architecture",
        "organization": null,
        "abstract": NaN,
        "conf": "International Conference on Distributed Computing Systems",
        "email": null,
        "coauthors": [
            "david klappholz",
            "yingsha liao",
            "da-jin wang",
            "amos omondi"
        ],
        "keywords": "Control Flow,Data Flow,",
        "title_embedding": [],
        "abstract_embedding": []
    }
]