[
    {
        "id": 153,
        "label": 44,
        "title": "Efficient Search in Document Image Collections",
        "organization": null,
        "abstract": "This paper presents an efficient indexing and retrieval scheme for searching in document image databases. In many non-European lan- guages, optical character recognizers are not very accurate. Word spotting - word image matching - may instead be used to retrieve word images in response to a word image query. The approaches used for word spotting so far, dynamic time warping",
        "conf": "Asian Conference on Computer Vision",
        "email": null,
        "coauthors": [
            "c. v. jawahar",
            "r. manmatha"
        ],
        "keywords": "Dynamic Time Warping,Image Database,Image Features,Image Matching,Indexation,Indexing and Retrieval,Locality Sensitive Hashing,Nearest Neigh Bor,Nearest Neighbor Search,Approximate Nearest Neighbor,",
        "title_embedding": [],
        "abstract_embedding": []
    },
    {
        "id": 154,
        "label": 44,
        "title": "Content-level Annotation of Large Collection of Printed Document Images",
        "organization": null,
        "abstract": "A large annotated corpus is critical to the development of robust optical character recognizers (OCRs). However, creation of annotated corpora is a tedious task. It is la- borious, especially when the annotation is at the character level. In this paper, we propose an efcient hierarchical approach for annotation of large collection of printed doc- ument images. We align document images",
        "conf": "International Conference on Document Analysis and Recognition",
        "email": null,
        "coauthors": [
            "c. v. jawahar"
        ],
        "keywords": null,
        "title_embedding": [],
        "abstract_embedding": []
    },
    {
        "id": 155,
        "label": 44,
        "title": "Robust Recognition of Documents by Fusing Results of Word Clusters",
        "organization": null,
        "abstract": "The word error rate of any optical character recognition system (OCR) is usually substantially below its component or character error rate. This is especially true of Indic lan- guages in which a word consists of many components. Cur- rent OCRs recognize each character or word separately and do not take advantage of document level constraints. We propose a document level",
        "conf": "International Conference on Document Analysis and Recognition",
        "email": null,
        "coauthors": [
            "venkat rasagna",
            "c. v. jawahar",
            "r. manmatha"
        ],
        "keywords": "Language Model,Locality Sensitive Hashing,Optical Character Recognition,Character Error Rate,Word Error Rate,",
        "title_embedding": [],
        "abstract_embedding": []
    }
]