[
    {
        "id": 267,
        "label": 52,
        "title": "What Do Hyperlink-Proposals and Request-Prediction Have in Common?",
        "organization": null,
        "abstract": "This paper focuses on fundamental similarities between proposing links for hypertexts and predicting user-requests. It briefly outlines the theoreti- cal background of both categories of problems and, as an example, explores common implementation strategies for handling them. Even though there are some important differences between link-proposals and prediction of requests, we believe that in regarding these categories as special cases",
        "conf": "Advances in Information Systems",
        "email": null,
        "coauthors": [
            "ernst georg haffner",
            "uwe roth",
            "thomas engel",
            "christoph meinel"
        ],
        "keywords": "Mathematical Model,",
        "title_embedding": [],
        "abstract_embedding": []
    },
    {
        "id": 268,
        "label": 52,
        "title": "Advanced Studies on Link Proposals and Knowledge Retrieval of Hypertexts with CBR",
        "organization": null,
        "abstract": "In this paper, several problems in associating hyperlinks to text and the diverse possibilities to overcome these problems are discussed. At the cur- rent stage, an important aspect is knowledge retrieval of hypertexts. Our ad- vanced studies on hyperlink management focus mainly on a concept similar to Case-Based Reasoning (CBR) systems as a possibility for the automatic genera- tion of",
        "conf": "Electronic Commerce and Web Technologies",
        "email": null,
        "coauthors": [
            "ernst georg haffner",
            "uwe roth",
            "thomas engel",
            "christoph meinel"
        ],
        "keywords": "Case Base Reasoning,",
        "title_embedding": [],
        "abstract_embedding": []
    },
    {
        "id": 269,
        "label": 52,
        "title": "Advanced Techniques for Analyzing Web Server Logs",
        "organization": null,
        "abstract": "This paper gives an account of the practical experiences made in generating special statistical information of web server logs. It emphasizes the problem of combining different data sources to retrieve acceptable working results. Several critical aspects in analyzing logfiles are discussed and solutions are described. The structural capacities of multilingual online authoring systems, especially DAPHNE, have to be combined with",
        "conf": "International Conference on Internet Computing",
        "email": null,
        "coauthors": [
            "ernst georg haffner",
            "uwe roth",
            "thomas engel",
            "christoph meinel"
        ],
        "keywords": "Authoring System,World Wide Web,",
        "title_embedding": [],
        "abstract_embedding": []
    },
    {
        "id": 270,
        "label": 52,
        "title": "A Hyperlink Focused Browse Assistant for the World Wide Web",
        "organization": null,
        "abstract": "Abstract This  paper ,describes  a  browse ,assistant focusing on  hyperlinks.  It  discusses  the  concept  and anaccompanying,prototype  implementation ,of  the assistant. The  aim  of  the  assistant  is  to  increase  the usability of  navigation ,through  the  World  Wide  Web (WWW) by  the ,provision  of  more ,detailed  hyperlink information,for  each ,browsed ,HTML-document. Extracted from  a  personal ,link  database ,it  offers helpful background ,information",
        "conf": "International Conference on Internet Computing",
        "email": null,
        "coauthors": [
            "ernst georg haffner",
            "uwe roth",
            "christoph meinel"
        ],
        "keywords": "Tool Support,World Wide Web,",
        "title_embedding": [],
        "abstract_embedding": []
    },
    {
        "id": 271,
        "label": 52,
        "title": "Role-based Web Authoring and WebSite Management for Commercial Sites",
        "organization": null,
        "abstract": NaN,
        "conf": "International Conference on Internet Computing",
        "email": null,
        "coauthors": [
            "ernst georg haffner",
            "zhongdong zhang",
            "christoph meinel"
        ],
        "keywords": null,
        "title_embedding": [],
        "abstract_embedding": []
    },
    {
        "id": 272,
        "label": 52,
        "title": "Advanced Reliability for Internet Transactions by Signed Bills",
        "organization": null,
        "abstract": NaN,
        "conf": "International Conference on Internet Computing",
        "email": null,
        "coauthors": [
            "frank losemann",
            "christoph meinel"
        ],
        "keywords": null,
        "title_embedding": [],
        "abstract_embedding": []
    },
    {
        "id": 273,
        "label": 52,
        "title": "Database based History Browse Assistant",
        "organization": null,
        "abstract": NaN,
        "conf": "Internet, Multimedia Systems and Applications",
        "email": null,
        "coauthors": [
            "christoph meinel"
        ],
        "keywords": null,
        "title_embedding": [],
        "abstract_embedding": []
    },
    {
        "id": 274,
        "label": 52,
        "title": "Interface for Navigation and Database - Querying via WWW",
        "organization": null,
        "abstract": NaN,
        "conf": "Internationales Symposium fr Informationswissenschaft",
        "email": null,
        "coauthors": [
            "k. siemonsen",
            "thomas engel",
            "christoph meinel"
        ],
        "keywords": null,
        "title_embedding": [],
        "abstract_embedding": []
    },
    {
        "id": 275,
        "label": 52,
        "title": "Role-based access control in online authoring and publishing systems vs. document hierarchy",
        "organization": null,
        "abstract": "How to structure diverse (documentation) information sources of an enterprise and how to arrange a workflow with access control are two important issues for online authoring and publishing systems. Aim of this paper is to describe a solution for both problems, which is based on department structure, subject areas, and roles in an enterprise. Our approach will be introduced by",
        "conf": "ACM Special Interest Group for Design of Communication",
        "email": null,
        "coauthors": [
            "zhongdong zhang",
            "ernst georg haffner",
            "thomas engel",
            "christoph meinel"
        ],
        "keywords": "Authoring System,Collaborative Authoring,Information Sources,Role Based Access Control,Subject Areas,Access Control,",
        "title_embedding": [],
        "abstract_embedding": []
    },
    {
        "id": 276,
        "label": 52,
        "title": "Link Proposals with Case-Based Reasoning Techniques",
        "organization": null,
        "abstract": "In this paper, we will discuss the problem of proposing links for hypertexts based on Case-Based Reasoning (CBR) techniques. These proposals can be used in addition to traditional textual based methods. At first, we will focus on the basic ideas of CBR. Next, its modeling for Hyperlink-Management Systems will be discussed, and finally the usefulness of CBR in the area",
        "conf": "World Conference on the WWW and Internet",
        "email": null,
        "coauthors": [
            "ernst georg haffner",
            "uwe roth",
            "thomas engel",
            "christoph meinel"
        ],
        "keywords": "Case Base Reasoning,Management System,",
        "title_embedding": [],
        "abstract_embedding": []
    },
    {
        "id": 277,
        "label": 52,
        "title": "The Importance of Link-Transformation and Link-Proposals for Hyperlink-Management Systems",
        "organization": null,
        "abstract": NaN,
        "conf": "World Conference on the WWW and Internet",
        "email": null,
        "coauthors": [
            "ernst georg haffner",
            "uwe roth",
            "thomas engel",
            "christoph meinel"
        ],
        "keywords": "Management System,",
        "title_embedding": [],
        "abstract_embedding": []
    },
    {
        "id": 278,
        "label": 52,
        "title": "Managing Distributed Personal Firewalls with Smart Data Servers",
        "organization": null,
        "abstract": "Modern security architectures tend to become more and more complex. Not only the chances to improve Web applications using several data channels and diverse (TCP-)ports are very promising, but also the risks for criminal attacks and an intrusion into the corporate network are increasing. The classical solution to protect networks against criminal attacks with firewalls is problematic, though. On the",
        "conf": "World Conference on the WWW and Internet",
        "email": null,
        "coauthors": [
            "ernst georg haffner",
            "uwe roth",
            "thomas engel",
            "christoph meinel"
        ],
        "keywords": "Classical Solution,Mobile Computer,Security Architecture,",
        "title_embedding": [],
        "abstract_embedding": []
    },
    {
        "id": 279,
        "label": 52,
        "title": "Signed Preservation Of Online References",
        "organization": null,
        "abstract": "Since online-available documents are more and more outclassing p aper based documents, the use of online references is constantly growing. Online references suffer strongly from their often only temporarily character. With the slightest modification - not to mention a complete removal of its online references - the scientific value of the referencing document would decline. Therefore, mechanisms are needed that",
        "conf": "World Conference on the WWW and Internet",
        "email": null,
        "coauthors": [
            "frank losemann",
            "christoph meinel"
        ],
        "keywords": "Digital Library,",
        "title_embedding": [],
        "abstract_embedding": []
    },
    {
        "id": 280,
        "label": 52,
        "title": "Database based Navigation Assistant",
        "organization": null,
        "abstract": NaN,
        "conf": "World Conference on the WWW and Internet",
        "email": null,
        "coauthors": [
            "christoph meinel"
        ],
        "keywords": null,
        "title_embedding": [],
        "abstract_embedding": []
    },
    {
        "id": 281,
        "label": 52,
        "title": "A Search-Engine-Topologie to Improve Document Retrieval on the Web",
        "organization": null,
        "abstract": NaN,
        "conf": "World Conference on the WWW and Internet",
        "email": null,
        "coauthors": [
            "uwe roth",
            "ernst georg haffner",
            "christoph meinel"
        ],
        "keywords": "Document Retrieval,Search Engine,",
        "title_embedding": [],
        "abstract_embedding": []
    },
    {
        "id": 282,
        "label": 52,
        "title": "Logging and Signing Document-Transfers on the WWW-A Trusted Third Party Gateway",
        "organization": null,
        "abstract": "In this work we discuss a service that aims to make quoting of online documents, \"web contents\" easy and provable. For that reason we report the conception of a gateway that works as a Trusted Third Party (TTP) service which is based on a public key infrastructure (PKI). The developed service consists of the signing of any data-transmission that was",
        "conf": "Web Information Systems Engineering",
        "email": null,
        "coauthors": [
            "frank losemann",
            "christoph meinel"
        ],
        "keywords": "Data Transfer,Data Transmission,Public Key,Public Key Infrastructure,Trusted Third Party,",
        "title_embedding": [],
        "abstract_embedding": []
    }
]