[
    {
        "id": 156,
        "label": 45,
        "title": "A dynamically adaptive DSP for heterogeneous reconfigurable platforms",
        "organization": null,
        "abstract": "This paper describes a digital signal processor based on a multi-context, dynamically reconfigurable datapath, suitable for inclusion as an IP-block in complex SoC design projects. The IP was realized in CMOS 090 nm technology. The most relevant features offered by the proposed architecture with respect to state of the art are zero over head for switching between successive configurations, relevant",
        "conf": "Design, Automation, and Test in Europe",
        "email": null,
        "coauthors": [
            "fabio campi",
            "antonio deledda",
            "matteo pizzotti",
            "luca ciccarelli",
            "pier luigi rolandi",
            "claudio mucci",
            "arseni vitkovski",
            "luca vanzolini"
        ],
        "keywords": "Algorithm Analysis,Application Development,Design Space Exploration,Digital Signal Processor,Dynamic Adaptation,Dynamic Reconfiguration,Software Tool,",
        "title_embedding": [],
        "abstract_embedding": []
    },
    {
        "id": 157,
        "label": 45,
        "title": "A Dataflow Control Unit for C-to-Configurable Pipelines Compilation Flow",
        "organization": null,
        "abstract": NaN,
        "conf": "Field-Programmable Custom Computing Machines",
        "email": null,
        "coauthors": [
            "andrea cappelli",
            "claudio mucci",
            "mario toma",
            "fabio campi"
        ],
        "keywords": null,
        "title_embedding": [],
        "abstract_embedding": []
    },
    {
        "id": 158,
        "label": 45,
        "title": "An Embedded Reconfigurable Datapath for SoC",
        "organization": null,
        "abstract": NaN,
        "conf": "Field-Programmable Custom Computing Machines",
        "email": null,
        "coauthors": [
            "luca ciccarelli",
            "claudio mucci",
            "roberto giansante",
            "andrea cappelli",
            "mario toma"
        ],
        "keywords": null,
        "title_embedding": [],
        "abstract_embedding": []
    },
    {
        "id": 159,
        "label": 45,
        "title": "Combining low-leakage techniques for FPGA routing design",
        "organization": null,
        "abstract": "Reconfigurable architectures are well suited for wireless applications since they provide high performance computation together with the capability to adapt to changing communication protocols. Moving to 90nm technology and below, FPGAs could suffer from leakage energy consumption due to the large number of inactive transistors. We propose to combine super cut-off, body biasing and multi-threshold techniques to reduce the leakage",
        "conf": "Symposium on Field Programmable Gate Arrays",
        "email": null,
        "coauthors": [
            "luca ciccarelli",
            "roberto giansante"
        ],
        "keywords": "Communication Protocol,Energy Consumption,High Performance Computer,High Speed,Leakage Current,Leakage Power,Power Dissipation,reconfigurable architecture,",
        "title_embedding": [],
        "abstract_embedding": []
    },
    {
        "id": 160,
        "label": 45,
        "title": "Routing architecture for multi-context FPGAs",
        "organization": null,
        "abstract": "Multi-context FPGAs are a convenient solution for run-time reconfiguration, but they suffer from large area occupation. This is mainly due to programmable interconnect configuration memories which need to be replicated as many times as the number of contexts. This limitation can be overcome with a DBM (Decoder Based Multicontext) routing architecture which introduces a decoding stage between configuration memories and",
        "conf": "Symposium on Field Programmable Gate Arrays",
        "email": null,
        "coauthors": [
            "roberto giansante",
            "carlo chiesa",
            "luca ciccarelli",
            "mario toma",
            "fabio campi"
        ],
        "keywords": "Critical Path,run time reconfigurable,",
        "title_embedding": [],
        "abstract_embedding": []
    },
    {
        "id": 161,
        "label": 45,
        "title": "A pipelined configurable gate array for embedded processors",
        "organization": null,
        "abstract": "In recent years the challenge of high performance, low power retargettable embedded system has been faced with different technological and architectural solutions. In this paper we present a new configurable unit explicitly designed to implement additional reconfigurable pipelined datapaths, suitable for the design of reconfigurable processors. A VLIW reconfigurable processor has been implemented on silicon in a standard 0.18 ",
        "conf": "Symposium on Field Programmable Gate Arrays",
        "email": null,
        "coauthors": [
            "mario toma",
            "fabio campi"
        ],
        "keywords": "Embedded Processor,Embedded System,Energy Consumption,High Performance,Low Power,reconfigurable processor,Signal Processing,Unit Testing,",
        "title_embedding": [],
        "abstract_embedding": []
    },
    {
        "id": 162,
        "label": 45,
        "title": "Compact Buffered Routing Architecture",
        "organization": null,
        "abstract": NaN,
        "conf": "Field-Programmable Logic and Applications",
        "email": null,
        "coauthors": [
            "roberto giansante",
            "carlo chiesa",
            "luca ciccarelli",
            "fabio campi",
            "mario toma"
        ],
        "keywords": null,
        "title_embedding": [],
        "abstract_embedding": []
    },
    {
        "id": 163,
        "label": 45,
        "title": "A Multi-Context Pipelined Array for Embedded Systems",
        "organization": null,
        "abstract": NaN,
        "conf": "Field-Programmable Logic and Applications",
        "email": null,
        "coauthors": [
            "claudio mucci",
            "massimo bocchi",
            "andrea cappelli",
            "mario de dominicis",
            "luca ciccarelli"
        ],
        "keywords": "Embedded System,",
        "title_embedding": [],
        "abstract_embedding": []
    },
    {
        "id": 164,
        "label": 45,
        "title": "A Reconfigurable Processor Architecture and Software Development Environment for Embedded Systems",
        "organization": null,
        "abstract": NaN,
        "conf": "International Parallel and Distributed Processing Symposium/International Parallel Processing Symposium",
        "email": null,
        "coauthors": [
            "fabio campi",
            "andrea cappelli",
            "roberto guerrieri",
            "mario toma",
            "alberto la rosa",
            "luciano lavagno",
            "claudio passerone",
            "roberto canegallo"
        ],
        "keywords": "Embedded System,reconfigurable processor,Software Development Environment,",
        "title_embedding": [],
        "abstract_embedding": []
    },
    {
        "id": 165,
        "label": 45,
        "title": "A flexible LUT-based carry chain for FPGAs",
        "organization": null,
        "abstract": NaN,
        "conf": "IEEE International Symposium on Circuits and Systems",
        "email": null,
        "coauthors": [
            "carlo chiesa",
            "fabio campi",
            "mario toma"
        ],
        "keywords": null,
        "title_embedding": [],
        "abstract_embedding": []
    },
    {
        "id": 166,
        "label": 45,
        "title": "Decoder-Based Multi-Context Interconnect Architecture",
        "organization": null,
        "abstract": NaN,
        "conf": "Annual Symposium on VLSI",
        "email": null,
        "coauthors": [
            "luca ciccarelli",
            "andrea cappelli",
            "fabio campi",
            "mario toma"
        ],
        "keywords": null,
        "title_embedding": [],
        "abstract_embedding": []
    }
]