[
    {
        "id": 329,
        "label": 63,
        "title": "Die wissenschaftlichen Arbeiten von Reinhold Franck",
        "organization": null,
        "abstract": NaN,
        "conf": "Birthday ...",
        "email": null,
        "coauthors": [
            "bjorn brunjes",
            "jens herrmann",
            "jutta hindersmann",
            "joachim muller",
            "ingrid nikschat-tillwick",
            "karin vosseberg"
        ],
        "keywords": null,
        "title_embedding": [],
        "abstract_embedding": []
    },
    {
        "id": 330,
        "label": 63,
        "title": "Objektorientierte Softwareentwicklung im Rahmen eines Ausbildungsprojektes",
        "organization": null,
        "abstract": NaN,
        "conf": "GI-Jahrestagung",
        "email": null,
        "coauthors": [
            "antje von knethen",
            "joachim muller"
        ],
        "keywords": null,
        "title_embedding": [],
        "abstract_embedding": []
    },
    {
        "id": 331,
        "label": 63,
        "title": "Use of MeDoc Offerings in Technical Education",
        "organization": null,
        "abstract": NaN,
        "conf": "Multimedia Electronic Documents - MeDoc",
        "email": null,
        "coauthors": [],
        "keywords": null,
        "title_embedding": [],
        "abstract_embedding": []
    }
]