[
    {
        "id": 283,
        "label": 53,
        "title": "Multi-objective mobile agent-based Sensor Network Routing using MOEA/D",
        "organization": null,
        "abstract": NaN,
        "conf": "IEEE Congress on Evolutionary Computation",
        "email": null,
        "coauthors": [
            "christoforos charalambous",
            "aimin zhou",
            "qingfu zhang"
        ],
        "keywords": "Mobile Agent,Sensor Network,",
        "title_embedding": [],
        "abstract_embedding": []
    },
    {
        "id": 284,
        "label": 53,
        "title": "A Subproblem-dependent Heuristic in MOEA/D for the Deployment and Power Assignment Problem in Wireless Sensor Networks",
        "organization": null,
        "abstract": "In this paper, we propose a Subproblem-dependent Heuristic (SH) for MOEA/D to deal with the Deployment and Power Assignment Problem (DPAP) in Wireless Sensor Networks (WSNs). The goal of the DPAP is to assign locations and transmit power levels to sensor nodes for maximizing the network coverage and lifetime objectives. In our method, the DPAP is decomposed into a number",
        "conf": "IEEE Congress on Evolutionary Computation",
        "email": null,
        "coauthors": [
            "qingfu zhang",
            "kun yang"
        ],
        "keywords": "Assignment Problem,Sensor Nodes,Wireless Sensor Network,",
        "title_embedding": [],
        "abstract_embedding": []
    },
    {
        "id": 285,
        "label": 53,
        "title": "An Evolutionary Algorithm to a Multi-Objective Deployment and Power Assignment Problem in Wireless Sensor Networks",
        "organization": null,
        "abstract": "Abstract Wireless Sensor Networks design requires high quality location assignment and energy efficient power assi gn- ment for maximizing the network coverage and lifetime. Classical deployment and power,assignment approaches optimize these two objectives individually or by combining them together in a single objective or by constraining one and optimizing the other. In this article a multi-objective Deployment and Power Assignment",
        "conf": "Global Telecommunications Conference",
        "email": null,
        "coauthors": [
            "kun yang",
            "qingfu zhang"
        ],
        "keywords": "Assignment Problem,Energy Efficient,Evolutionary Algorithm,Genetic Operator,Multi Objective Evolutionary Algorithm,multiobjective optimization,Prior Knowledge,Resource Constraint,Sensor Nodes,Local Search,Wireless Sensor Network,",
        "title_embedding": [],
        "abstract_embedding": []
    },
    {
        "id": 286,
        "label": 53,
        "title": "Multiobjective K-Connected Deployment and Power Assignment in WSNs Using Constraint Handling",
        "organization": null,
        "abstract": NaN,
        "conf": "Global Telecommunications Conference",
        "email": null,
        "coauthors": [
            "kun yang",
            "qingfu zhang",
            "fernando gordejuela-sanchez"
        ],
        "keywords": "Constraint Handling,",
        "title_embedding": [],
        "abstract_embedding": []
    },
    {
        "id": 287,
        "label": 53,
        "title": "Energy-aware Topology Control in Sensor Networks Using Modern Heuristics",
        "organization": null,
        "abstract": NaN,
        "conf": "Global Telecommunications Conference",
        "email": null,
        "coauthors": [
            "qingfu zhang",
            "kun yang",
            "ian henning"
        ],
        "keywords": "Sensor Network,Topology Control,",
        "title_embedding": [],
        "abstract_embedding": []
    },
    {
        "id": 288,
        "label": 53,
        "title": "Problem-Specific Encoding and Genetic Operation for a Multi-Objective Deployment and Power Assignment Problem in Wireless Sensor Networks",
        "organization": null,
        "abstract": "Wireless Sensor Networks Deployment and Power Assignment Problems (DPAPs) for maximizing the network cov- erage and lifetime respectively, have received increasing attention recently. Classical approaches optimize these two objectives individually, or by combining them together in a single objective, or by constraining one and optimizing the other. In this paper, the two problems are formulated as a multi-objective DPAP and",
        "conf": "IEEE International Conference on Communications",
        "email": null,
        "coauthors": [
            "kun yang",
            "qingfu zhang"
        ],
        "keywords": "Assignment Problem,Genetic Operator,Multi Objective Evolutionary Algorithm,Prior Knowledge,Wireless Sensor Network,",
        "title_embedding": [],
        "abstract_embedding": []
    },
    {
        "id": 289,
        "label": 53,
        "title": "Parameter Evolution for a Particle Swarm Optimization Algorithm",
        "organization": null,
        "abstract": NaN,
        "conf": "International Symposium on Intelligence Computation and Applications",
        "email": null,
        "coauthors": [
            "aimin zhou",
            "guixu zhang"
        ],
        "keywords": "Particle Swarm Optimization Algorithm,",
        "title_embedding": [],
        "abstract_embedding": []
    },
    {
        "id": 290,
        "label": 53,
        "title": "A multi-objective evolutionary algorithm for the deployment and power assignment problem in wireless sensor networks",
        "organization": null,
        "abstract": NaN,
        "conf": "Computer Networks and Isdn Systems",
        "email": null,
        "coauthors": [
            "kun yang",
            "qingfu zhang",
            "demetrios zeinalipour-yazti"
        ],
        "keywords": "Assignment Problem,Multi Objective Evolutionary Algorithm,Wireless Sensor Network,",
        "title_embedding": [],
        "abstract_embedding": []
    },
    {
        "id": 291,
        "label": 53,
        "title": "Energy-aware topology control for wireless sensor networks using memetic algorithms",
        "organization": null,
        "abstract": "Abstract Cost-effective topology,control is critical in wireless sensor networks. While much,research has been carried out in this aspect using various methods, no attention has been made on utilizing modern heuristics for this purpose. This paper proposes a memetic algorithm- based solution for energy-aware topology control for wireless sensor networks. This algorithm (called ToCMA), using a combination of problem-specific light-weighted local",
        "conf": "Computer Communications",
        "email": null,
        "coauthors": [
            "kun yang",
            "hsiao-hwa chen",
            "qingfu zhang"
        ],
        "keywords": "Cost Effectiveness,Fault Tolerant,Genetic Algorithm,memetic algorithm,Minimum Spanning Tree,Network Connectivity,Network Optimization,np-hard problem,Topology Control,Local Search,Wireless Sensor Network,",
        "title_embedding": [],
        "abstract_embedding": []
    }
]