[
    {
        "id": 326,
        "label": 62,
        "title": "Discourse Knowledge Management in Communities of Practice",
        "organization": null,
        "abstract": NaN,
        "conf": "DEXA Workshops",
        "email": null,
        "coauthors": [
            "angi vo"
        ],
        "keywords": "Community of Practice,Knowledge Management,",
        "title_embedding": [],
        "abstract_embedding": []
    },
    {
        "id": 327,
        "label": 62,
        "title": "eDiskurse mit Dito",
        "organization": null,
        "abstract": NaN,
        "conf": "DFN Arbeitstagung ber Kommunikationsnetze",
        "email": null,
        "coauthors": [
            "angi vo",
            "josef bording",
            "andreas klotz"
        ],
        "keywords": null,
        "title_embedding": [],
        "abstract_embedding": []
    },
    {
        "id": 328,
        "label": 62,
        "title": "Anforderungen an E-Diskurs-Plattformen illustriert am Beispiel DITO",
        "organization": null,
        "abstract": NaN,
        "conf": "GI-Jahrestagung",
        "email": null,
        "coauthors": [
            "stefan rene salz",
            "oliver marker",
            "angi vo",
            "andreas klotz"
        ],
        "keywords": null,
        "title_embedding": [],
        "abstract_embedding": []
    }
]