[
    {
        "id": 332,
        "label": 64,
        "title": "Implementation of a low cost short-haul optical wireless link",
        "organization": null,
        "abstract": NaN,
        "conf": "Ultra Modern Telecommunications",
        "email": null,
        "coauthors": [
            "sudheer sreedhara krishna",
            "balaji srinivasan",
            "shubhadip dasgupta"
        ],
        "keywords": "Optical Wireless,",
        "title_embedding": [],
        "abstract_embedding": []
    }
]