[
    {
        "id": 347,
        "label": 71,
        "title": "Security Monitor Inlining for Multithreaded Java",
        "organization": null,
        "abstract": NaN,
        "conf": "European Conference on Object-Oriented Programming",
        "email": null,
        "coauthors": [
            "mads dam",
            "andreas lundblad",
            "frank piessens"
        ],
        "keywords": null,
        "title_embedding": [],
        "abstract_embedding": []
    },
    {
        "id": 348,
        "label": 71,
        "title": "Failboxes: Provably Safe Exception Handling",
        "organization": null,
        "abstract": "The primary goal of exception mechanisms is to help ensure that when an operation fails, code that depends on the operation's suc- cessful completion is not executed (a property we call dependency safety). However, the exception mechanisms of current mainstream programming languages make it hard to achieve dependency safety, in particular when objects manipulated inside a try block outlive the",
        "conf": "European Conference on Object-Oriented Programming",
        "email": null,
        "coauthors": [
            "frank piessens"
        ],
        "keywords": "Exception Handling,Object Manipulation,Programming Language,Separation Logic,",
        "title_embedding": [],
        "abstract_embedding": []
    },
    {
        "id": 349,
        "label": 71,
        "title": "Implicit Dynamic Frames: Combining Dynamic Frames and Separation Logic",
        "organization": null,
        "abstract": "The dynamic frames approach has proven to be a powerful formalism for specifying and verifying object-oriented programs. How- ever, it requires writing and checking many frame annotations. In this pa- per, we propose a variant of the dynamic frames approach that eliminates the need to explicitly write and check frame annotations. Reminiscent of separation logic's frame rule, programmers write access",
        "conf": "European Conference on Object-Oriented Programming",
        "email": null,
        "coauthors": [
            "jan smans",
            "frank piessens"
        ],
        "keywords": "Object Oriented Programming,Separation Logic,Upper Bound,",
        "title_embedding": [],
        "abstract_embedding": []
    },
    {
        "id": 350,
        "label": 71,
        "title": "An Automatic Verifier for Java-Like Programs Based on Dynamic Frames",
        "organization": null,
        "abstract": "Data abstraction is crucial in the construction of modular programs, since it ensures that internal changes in one module do not propagate to other modules. In object-oriented programs, classes typi- cally enforce data abstraction by providing access to their internal state only through methods. By using method calls in method contracts, data abstraction can be extended to specications. In this",
        "conf": "Fundamental Approaches to Software Engineering",
        "email": null,
        "coauthors": [
            "jan smans",
            "frank piessens",
            "wolfram schulte"
        ],
        "keywords": "Data Abstraction,Object Oriented Programming,",
        "title_embedding": [],
        "abstract_embedding": []
    },
    {
        "id": 351,
        "label": 71,
        "title": "Boogie: A Modular Reusable Verifier for Object-Oriented Programs",
        "organization": null,
        "abstract": "A program verifier is a complex system that uses compiler technology, program semantics, property inference, verification-condition generation, automatic decision procedures, and a user interface. This paper describes the architecture of a state-of-the-art program verifier for object-oriented programs.",
        "conf": "Formal Methods for Components and Objects",
        "email": null,
        "coauthors": [
            "michael barnett",
            "bor-yuh evan chang",
            "robert deline",
            "k. rustan m. leino"
        ],
        "keywords": "Complex System,Decision Procedure,Object Oriented Programming,User Interface,Verification Condition Generator,",
        "title_embedding": [],
        "abstract_embedding": []
    },
    {
        "id": 352,
        "label": 71,
        "title": "VeriCool: An Automatic Verifier for a Concurrent Object-Oriented Language",
        "organization": null,
        "abstract": NaN,
        "conf": "Formal Methods for Open Object-Based Distributed Systems",
        "email": null,
        "coauthors": [
            "jan smans",
            "frank piessens"
        ],
        "keywords": "Object-oriented Language,",
        "title_embedding": [],
        "abstract_embedding": []
    },
    {
        "id": 353,
        "label": 71,
        "title": "A Statically Verifiable Programming Model for Concurrent Object-Oriented Programs",
        "organization": null,
        "abstract": "Reasoning about multithreaded object-oriented programs is dicult, due to the non-local nature of object aliasing, data races, and deadlocks. We propose a programming model that prevents data races and deadlocks, and supports local reasoning in the presence of object aliasing and concurrency. Our programming model builds on the multi- threading and synchronization primitives as they are present in current mainstream",
        "conf": "IEEE International Conference on Formal Engineering Methods",
        "email": null,
        "coauthors": [
            "jan smans",
            "frank piessens",
            "wolfram schulte"
        ],
        "keywords": "Case Study,Concurrent Object-oriented Programming,Data Races,Object Oriented Programming,Program Development,Programming Model,",
        "title_embedding": [],
        "abstract_embedding": []
    },
    {
        "id": 354,
        "label": 71,
        "title": "A machine-checked soundness proof for an efficient verification condition generator",
        "organization": null,
        "abstract": "Verification conditions (VCs) are logical formulae whose validity implies the correctness of a program with respect to a specification. The technique of checking software properties by specifying them in a program logic, then generating VCs, and finally feeding these VCs to a theorem prover, is several decades old. It is the underlying technology for state-of-the-art program verifiers such as the",
        "conf": "ACM Symposium on Applied Computing",
        "email": null,
        "coauthors": [
            "frederic vogels",
            "frank piessens"
        ],
        "keywords": "Exponential Growth,Theorem Prover,Weakest Precondition,Verification Condition Generator,",
        "title_embedding": [],
        "abstract_embedding": []
    },
    {
        "id": 355,
        "label": 71,
        "title": "Sound reasoning about unchecked exceptions",
        "organization": null,
        "abstract": "In most software development projects, it is not feasi- ble for developers to handle explicitly all possible unusual events which may occur during program execution, such as arithmetic overflow, highly unusual environment conditions, heap memory or call stack exhaustion, or asynchronous thread cancellation. Modern programming languages pro- vide unchecked exceptions to deal with these circumstances safely and with minimal programming",
        "conf": "Conference on Software Engineering and Formal Methods",
        "email": null,
        "coauthors": [
            "peter muller",
            "frank piessens"
        ],
        "keywords": "Exception Handling,Object Oriented Programming,Programming Language,Software Development,",
        "title_embedding": [],
        "abstract_embedding": []
    },
    {
        "id": 356,
        "label": 71,
        "title": "Safe Concurrency for Aggregate Objects with Invariants",
        "organization": null,
        "abstract": "Developing safe multithreaded software systems is diffi- cult due to the potential unwanted interference among con- current threads. This paper presents a flexible methodol- ogy for object-oriented programs that protects object struc- tures against inconsistency due to race conditions. It is based on a recent methodology for single-threaded pro- grams where developers define aggregate object structures using an ownership system",
        "conf": "Conference on Software Engineering and Formal Methods",
        "email": null,
        "coauthors": [
            "frank piessens",
            "k. rustan m. leino",
            "wolfram schulte"
        ],
        "keywords": "Object Oriented Programming,Race Condition,Software Systems,",
        "title_embedding": [],
        "abstract_embedding": []
    },
    {
        "id": 357,
        "label": 71,
        "title": "A Machine Checked Soundness Proof for an Intermediate Verification Language",
        "organization": null,
        "abstract": NaN,
        "conf": "Conference on Current Trends in Theory and Practice of Informatics",
        "email": null,
        "coauthors": [
            "frederic vogels",
            "frank piessens"
        ],
        "keywords": null,
        "title_embedding": [],
        "abstract_embedding": []
    },
    {
        "id": 358,
        "label": 71,
        "title": "The Spec# Programming System: Challenges and Directions",
        "organization": null,
        "abstract": "The Spec# programming system [2] is a new attempt to increase the quality of general purpose, industrial software. Using old wisdom, we propose the use of specifications to make programmer assumptions explicit. Using modern technology, we propose the use of tools to enforce the specifications. To increase its chances of having impact, we want to design the system so that",
        "conf": "Verified Software: Theories, Tools, Experiments",
        "email": null,
        "coauthors": [
            "michael barnett",
            "robert deline",
            "manuel fahndrich",
            "k. rustan m. leino",
            "wolfram schulte",
            "herman venter"
        ],
        "keywords": null,
        "title_embedding": [],
        "abstract_embedding": []
    },
    {
        "id": 359,
        "label": 71,
        "title": "A Simple Sequential Reasoning Approach for Sound Modular Verification of Mainstream Multithreaded Programs",
        "organization": null,
        "abstract": "Reasoning about multithreaded object-oriented programs is dicult, due to the non-local nature of object aliasing, data races, and deadlocks. We propose a programming model that prevents data races and deadlocks, and supports local reasoning in the presence of object aliasing and concurrency. Our programming model builds on the multi-threading and synchronization primitives as they are present in current mainstream languages.",
        "conf": "Electronic Notes in Theoretical Computer Science",
        "email": null,
        "coauthors": [
            "jan smans",
            "frank piessens",
            "wolfram schulte"
        ],
        "keywords": "Case Study,Data Races,Modular Reasoning,Modular Verification,Object Localization,Object Oriented Programming,Program Development,Programming Model,Verification Condition Generator,",
        "title_embedding": [],
        "abstract_embedding": []
    },
    {
        "id": 360,
        "label": 71,
        "title": "Software security: experiments on the .NET common language run-time and the shared source common language infrastructure",
        "organization": null,
        "abstract": "As more and more software applications are directly or indirectly ac- cessible from the Internet, the importance of the security of these appli- cations grows steadily. Hence, it is important that university curricula for computer scientists and software engineers include courses on secure soft- ware development. Such courses should make students familiar with the programming language technology, runtime support and",
        "conf": "Iet Software/iee Proceedings - Software",
        "email": null,
        "coauthors": [
            "frank piessens",
            "wouter joosen"
        ],
        "keywords": ".net framework,Programming Language,Software Development,Software Engineering,Software Security,Common Language Infrastructure,",
        "title_embedding": [],
        "abstract_embedding": []
    },
    {
        "id": 361,
        "label": 71,
        "title": "Provably correct inline monitoring for multithreaded Java-like programs",
        "organization": null,
        "abstract": "Inline reference monitoring is a powerful technique to enforce secu- rity policies on untrusted programs. The security-by-contract paradigm proposed by the EU FP6 S3MS project uses policies, monitoring, and monitor inlining to secure third-party applications running on mobile devices. The focus of this paper is on multi-threaded Java bytecode. An important consideration is that inlining should interfere with the client",
        "conf": "Journal of Computer Security",
        "email": null,
        "coauthors": [
            "mads dam",
            "andreas lundblad",
            "frank piessens"
        ],
        "keywords": "java bytecode,Mobile Device,Runtime Monitoring,Security Policy,",
        "title_embedding": [],
        "abstract_embedding": []
    },
    {
        "id": 362,
        "label": 71,
        "title": "Support for Metadata-driven Selection of Run-time Services in .NET is Promising but Immature",
        "organization": null,
        "abstract": "The .NET Framework allows developers to add run-time services to their classes by specifying them in metadata. This metadata-driven service selection is a very powerful and promising mechanism, closely related to ideas developed in the Aspect-Oriented Programming community. Interestingly, the .NET framework supports both services implemented by weaving and services implemented by interception. However, the weaving-based and the interception-based mechanisms",
        "conf": "Journal of Object Technology",
        "email": null,
        "coauthors": [
            "frank piessens",
            "eddy truyen",
            "wouter joosen"
        ],
        "keywords": ".net framework,Aspect Oriented Programming,Service Selection,",
        "title_embedding": [],
        "abstract_embedding": []
    },
    {
        "id": 363,
        "label": 71,
        "title": "Static Verification of Code Access Security Policy Compliance of .NET Applications",
        "organization": null,
        "abstract": "The base class library of the .NET Framework makes extensive use of the Code Access Security system to ensure that partially trusted code can be executed securely. Imperative or declarative permission demands indicate where permission checks have to be performed at run time to make sure partially trusted code does not exceed the permissions granted to it in the security",
        "conf": "Journal of Object Technology",
        "email": null,
        "coauthors": [
            "jan smans",
            "frank piessens"
        ],
        "keywords": ".net framework,Programming Language,Secure System,Security Policy,Security Requirements,Stack Inspection,",
        "title_embedding": [],
        "abstract_embedding": []
    },
    {
        "id": 364,
        "label": 71,
        "title": "A programming model for concurrent object-oriented programs",
        "organization": null,
        "abstract": "Reasoning about multithreaded object-oriented programs is difficult, due to the nonlocal nature of object aliasing and data races. We propose a programming regime (or programming model) that rules out data races, and enables local reasoning in the presence of object aliasing and concurrency. Our programming model builds on the multithreading and synchronization primitives as they are present in current mainstream",
        "conf": "ACM Transactions on Programming Languages and Systems",
        "email": null,
        "coauthors": [
            "frank piessens",
            "jan smans",
            "k. rustan m. leino",
            "wolfram schulte"
        ],
        "keywords": "Case Study,Concurrent Object-oriented Programming,Data Races,Modular Reasoning,Object Oriented Programming,Program Development,Programming Language,Programming Model,Verification Condition Generator,",
        "title_embedding": [],
        "abstract_embedding": []
    }
]