[
    {
        "id": 366,
        "label": 73,
        "title": "On visual quality of optimal 3D sampling and reconstruction",
        "organization": null,
        "abstract": "This paper presents a user study of the visual quality of an imaging pipeline employing the optimal body-centered cubic (BCC) sam- pling lattice. We provide perceptual evidence supporting the the- oretical expectation that sampling and reconstruction on the BCC lattice offer superior imaging quality over the traditionally popular Cartesian cubic (CC) sampling lattice. We asked 12 participants to choose the",
        "conf": "Graphics Interface",
        "email": null,
        "coauthors": [
            "tai meng",
            "alireza entezari",
            "arthur e. kirkpatrick",
            "daniel weiskopf",
            "leila kalantari",
            "torsten moller"
        ],
        "keywords": "Computer Vision,Image Quality,Image Representation,Numerical Analysis,Polynomial Approximation,User Study,Visual Quality,Body Centered Cubic,",
        "title_embedding": [],
        "abstract_embedding": []
    },
    {
        "id": 367,
        "label": 73,
        "title": "Kinetic Modeling Based Probabilistic Segmentation for Molecular Images",
        "organization": null,
        "abstract": NaN,
        "conf": "Medical Image Computing and Computer-Assisted Intervention",
        "email": null,
        "coauthors": [
            "ahmed saad",
            "ghassan hamarneh",
            "torsten moller"
        ],
        "keywords": "Kinetic Model,Molecular Imaging,",
        "title_embedding": [],
        "abstract_embedding": []
    },
    {
        "id": 368,
        "label": 73,
        "title": "Simultaneous Segmentation, Kinetic Parameter Estimation, and Uncertainty Visualization of Dynamic PET Images",
        "organization": null,
        "abstract": "We develop a segmentation technique for dynamic PET in- corporating the physiological parameters for different regions via kinetic modeling. We demonstrate the usefulness of our technique on fifteen (11C)Raclopride simulated PET images. We show qualitatively and quan- titatively that the physiologically based algorithm outperforms two clas- sical segmentation techniques. Further, we derive a formula to compute and visualize the uncertainty",
        "conf": "Medical Image Computing and Computer-Assisted Intervention",
        "email": null,
        "coauthors": [
            "ahmed saad",
            "ghassan hamarneh",
            "torsten moller"
        ],
        "keywords": "Kinetic Model,Kinetic Parameter,Pet Imaging,",
        "title_embedding": [],
        "abstract_embedding": []
    },
    {
        "id": 369,
        "label": 73,
        "title": "Intra-retinal Layer Segmentation in Optical Coherence Tomography Using an Active Contour Approach",
        "organization": null,
        "abstract": NaN,
        "conf": "Medical Image Computing and Computer-Assisted Intervention",
        "email": null,
        "coauthors": [
            "azadeh yazdanpanah",
            "ghassan hamarneh",
            "marinko sarunic"
        ],
        "keywords": "Active Contour,Optical Coherence Tomography,",
        "title_embedding": [],
        "abstract_embedding": []
    }
]