[
    {
        "id": 371,
        "label": 75,
        "title": "Explaining Verification Conditions",
        "organization": null,
        "abstract": NaN,
        "conf": "Algebraic Methodology and Software Technology",
        "email": null,
        "coauthors": [
            "ewen denney"
        ],
        "keywords": null,
        "title_embedding": [],
        "abstract_embedding": []
    },
    {
        "id": 372,
        "label": 75,
        "title": "Using Automated Theorem Provers to Certify Auto-generated Aerospace Software",
        "organization": null,
        "abstract": "We describe a system for the automated certification of safety proper- ties of NASA software. The system uses Hoare-style program verification tech- nology to generate proof obligations which are then processed by an automated first-order theorem prover (ATP). For full automation, however, the obligations must be aggressively preprocessed and simplified. We describe the unique re- quirements this places on the",
        "conf": "Conference on Automated Deduction",
        "email": null,
        "coauthors": [
            "ewen denney",
            "johann schumann"
        ],
        "keywords": "Program Verification,Theorem Prover,First Order,",
        "title_embedding": [],
        "abstract_embedding": []
    },
    {
        "id": 373,
        "label": 75,
        "title": "SETHEO Goes Software Engineering: Application of ATP to Software Reuse",
        "organization": null,
        "abstract": "Reuse of approved software components has been identied as one of the key factors for successful software engineering projects. Although the reuse process also covers many non-technical aspects (9) we will restrict ourselves to the re- trieval of software components (SCR) based on their formal specications. Our system NORA/HAMMR3 is based on a library of software components with associated specications",
        "conf": "Conference on Automated Deduction",
        "email": null,
        "coauthors": [
            "johann schumann"
        ],
        "keywords": "formal specication,Graphic User Interface,Software Component,Software Engineering,Software Reuse,System Architecture,Target Language,",
        "title_embedding": [],
        "abstract_embedding": []
    },
    {
        "id": 374,
        "label": 75,
        "title": "AutoBayes/CC - Combining Program Synthesis with Automatic Code Certification - System Description",
        "organization": null,
        "abstract": NaN,
        "conf": "Conference on Automated Deduction",
        "email": null,
        "coauthors": [
            "michael w. whalen",
            "johann schumann"
        ],
        "keywords": "Program Synthesis,",
        "title_embedding": [],
        "abstract_embedding": []
    },
    {
        "id": 375,
        "label": 76,
        "title": "Retrofitting the AutoBayes Program Synthesis System with Concrete Syntax",
        "organization": null,
        "abstract": NaN,
        "conf": "Dagstuhl Seminars",
        "email": null,
        "coauthors": [
            "eelco visser"
        ],
        "keywords": "Program Synthesis,",
        "title_embedding": [],
        "abstract_embedding": []
    },
    {
        "id": 376,
        "label": 75,
        "title": "Continuous Verification of Large Embedded Software Using SMT-Based Bounded Model Checking",
        "organization": null,
        "abstract": "The complexity of software in embedded systems has in- creased significantly over the last years so that software ver- ification now plays an important role in ensuring the over- all product quality. In this context, bounded model check- ing has been successfully applied to discover subtle errors, but for larger applications, it often suffers from the state space explosion problem.",
        "conf": "Engineering of Computer-Based Systems",
        "email": null,
        "coauthors": [
            "lucas cordeiro",
            "joao marques-silva"
        ],
        "keywords": "Bounded Model Checking,Case Study,Embedded Software,Embedded System,Error Detection,Product Quality,Program Verification,Software Configuration Management,State Space,State Space Explosion,",
        "title_embedding": [],
        "abstract_embedding": []
    },
    {
        "id": 377,
        "label": 75,
        "title": "Correctness of Source-Level Safety Policies",
        "organization": null,
        "abstract": "Program certification techniques formally show that pro- grams satisfy certain safety policies. They rely on the correctness of the safety policy which has to be established externally. In this paper we investigate an approach to show the correctness of safety policies which are formulated as a set of Hoare-style inference rules on the source code level. We develop a framework",
        "conf": "World Congress on Formal Methods",
        "email": null,
        "coauthors": [
            "ewen denney"
        ],
        "keywords": "hoare logic,Inference Rule,Memory Access,Program Verification,Proof Carrying Code,Safety Properties,Satisfiability,Source Code,Verification Condition Generator,",
        "title_embedding": [],
        "abstract_embedding": []
    },
    {
        "id": 378,
        "label": 75,
        "title": "Synthesizing Certified Code",
        "organization": null,
        "abstract": "Abstract. Code certication is a lightweight approach for formally demonstrating software quality. Its basic idea is to require code producers to provide formal proofs that their code satises certain quality properties. These proofs serve as certic ates that can be checked independently. Since code certication uses the same underlying technology as program verication, it requires detailed annotations (e.g., loop invariants)",
        "conf": "World Congress on Formal Methods",
        "email": null,
        "coauthors": [
            "michael w. whalen",
            "johann schumann"
        ],
        "keywords": "Automated Theorem Proving,Automatic Generation,Automatic Programming,Data Analysis,Domain Knowledge,Memory Safety,program verication,Proof Carrying Code,Software Quality,Static Analysis Tools,Theorem Prover,",
        "title_embedding": [],
        "abstract_embedding": []
    },
    {
        "id": 379,
        "label": 75,
        "title": "Certifiable Program Generation",
        "organization": null,
        "abstract": "Code generators based on template expansion techniques are easier to build than purely deductive systems but do not guarantee the same level of assurance: instead of providing \"correctness-by-construction\", the correctness of the generated code depends on the correctness of the generator itself. We present an alternative assurance approach, in which the generator is extended to enable Hoare-style safety proofs for",
        "conf": "Generative Programming and Component Engineering",
        "email": null,
        "coauthors": [
            "ewen denney"
        ],
        "keywords": "Code Generation,Domain Specificity,Generic Programming,Normal Matrix,Program Generation,Safety Properties,Satisfiability,",
        "title_embedding": [],
        "abstract_embedding": []
    },
    {
        "id": 380,
        "label": 75,
        "title": "A generic annotation inference algorithm for the safety certification of automatically generated code",
        "organization": null,
        "abstract": "Code generators for realistic application domains are not directly veriable in practice. In the certiable code generation approach the generator is extended to generate logical annotations (i.e., pre- and postconditions and loop invariants) along with the programs, allowing fully automated program proofs of different safety prop- erties. However, this requires access to the generator sources, and remains difcult to implement",
        "conf": "Generative Programming and Component Engineering",
        "email": null,
        "coauthors": [
            "ewen denney"
        ],
        "keywords": "Automated Code Generation,Automated Theorem Proving,Automatic Generation,Code Generation,Generic Programming,Pattern Matching,program verication,Safety Properties,",
        "title_embedding": [],
        "abstract_embedding": []
    },
    {
        "id": 381,
        "label": 75,
        "title": "Generating customized verifiers for automatically generated code",
        "organization": null,
        "abstract": "Program verification using Hoare-style techniques require s many logical annotations. We have previously developed a generic anno- tation inference algorithm that weaves in all annotations r equired to certify safety properties for automatically generated c ode. It us- es patterns to capture generator- and property-specific cod e idioms and property-specific meta-program fragments to construct the an- notations. The algorithm is",
        "conf": "Generative Programming and Component Engineering",
        "email": null,
        "coauthors": [
            "ewen denney"
        ],
        "keywords": "Automated Code Generation,Automatic Generation,Code Generation,General Techniques,hoare logic,Levels of Abstraction,meta programming,Program Verification,Safety Properties,Space Flight,Theorem Proving,Real Time Workshop,",
        "title_embedding": [],
        "abstract_embedding": []
    },
    {
        "id": 382,
        "label": 75,
        "title": "Adding Assurance to Automatically Generated Code",
        "organization": null,
        "abstract": "Code to estimate position and attitude of a spacecraft or aircraft belongs to the most safety-critical parts of flight software. The complex underlying mathematics and abun- dance of design details make it error-prone and reliable im- plementations costly. AutoFilter is a program synthesis tool for the automatic generation of state estimation code from compact specifications. It can automatically produce addi-",
        "conf": "High-Assurance Systems",
        "email": null,
        "coauthors": [
            "ewen denney",
            "johann schumann"
        ],
        "keywords": "Automatic Generation,Generic Programming,Program Synthesis,Satisfiability,State Estimation,Static Analysis Tools,",
        "title_embedding": [],
        "abstract_embedding": []
    },
    {
        "id": 383,
        "label": 75,
        "title": "Certification Support for Automatically Generated Programs",
        "organization": null,
        "abstract": "Although autocoding techniques promise large gains in software development productivity, their \"real-world\" ap- plication has been limited, particularly in safety-critical do- mains. Often, the major impediment is the missing trustwor- thiness of these systems: demonstratinglet alone formally certifyingthe trustworthiness of automatic code genera- tors is extremely difficult due to their complexity and size. We develop an alternative product-oriented certification approach",
        "conf": "Hawaii International Conference on System Sciences",
        "email": null,
        "coauthors": [
            "johann schumann",
            "michael w. whalen",
            "jon whittle"
        ],
        "keywords": "Automatic Generation,Automatic Programming,Code Generation,Data Analysis,Generic Programming,Logic Programs,Software Development,Time Series Analysis,",
        "title_embedding": [],
        "abstract_embedding": []
    },
    {
        "id": 384,
        "label": 75,
        "title": "A Lazy Unbounded Model Checker for Event-B",
        "organization": null,
        "abstract": NaN,
        "conf": "IEEE International Conference on Formal Engineering Methods",
        "email": null,
        "coauthors": [
            "paulo j. matos",
            "joao marques-silva"
        ],
        "keywords": null,
        "title_embedding": [],
        "abstract_embedding": []
    },
    {
        "id": 385,
        "label": 75,
        "title": "Industrial-Strength Certified SAT Solving through Verified SAT Proof Checking",
        "organization": null,
        "abstract": NaN,
        "conf": "International Colloquium on Theoretical Aspects of Computing",
        "email": null,
        "coauthors": [
            "ashish darbari",
            "joao marques-silva"
        ],
        "keywords": null,
        "title_embedding": [],
        "abstract_embedding": []
    },
    {
        "id": 386,
        "label": 75,
        "title": "Extending Source Code Generators for Evidence-Based Software Certification",
        "organization": null,
        "abstract": "AbstractAutomated code generation offers many advantages over manual,software development but treating generators as trusted black boxes raise problems for certification. Traditional process-oriented approaches to certification thus require that the generator be verified to the same level of assurance as the generated code, but this is infeasible for realistic generators. However, generators can be extended to support an evidencebased approach to",
        "conf": "Leveraging Applications of Formal Methods",
        "email": null,
        "coauthors": [
            "ewen denney"
        ],
        "keywords": "Automated Code Generation,Code Generation,Software Development,Source Code,Theorem Prover,User Interface,",
        "title_embedding": [],
        "abstract_embedding": []
    },
    {
        "id": 387,
        "label": 75,
        "title": "SMT-Based Bounded Model Checking for Embedded ANSI-C Software",
        "organization": null,
        "abstract": "Abstract Propositional bounded,model,checking,has been applied successfully to verify embedded,software but is limited by the increasing propositional formula size and the loss of structure during the translation. These limitations can,be reduced,by encoding,word-level information in theories richer than propositional logic and using SMT solvers for the generated,verification conditions. Here, we investigate the application of dif- ferent SMT solvers to the verification of",
        "conf": "Computing Research Repository",
        "email": null,
        "coauthors": [
            "lucas cordeiro",
            "joao marques-silva"
        ],
        "keywords": "Bounded Model Checking,Control System,Embedded Software,Propositional Logic,Software Model Checking,Front End,",
        "title_embedding": [],
        "abstract_embedding": []
    },
    {
        "id": 388,
        "label": 75,
        "title": "Annotation Inference for Safety Certification of Automatically Generated Code (Extended Abstract)",
        "organization": null,
        "abstract": NaN,
        "conf": "Automated Software Engineering",
        "email": null,
        "coauthors": [
            "ewen denney"
        ],
        "keywords": "Automatic Generation,",
        "title_embedding": [],
        "abstract_embedding": []
    },
    {
        "id": 389,
        "label": 75,
        "title": "A Verification-Driven Approach to Traceability and Documentation for Auto-Generated Mathematical Software",
        "organization": null,
        "abstract": "Automated code generators are increasingly used in safety-critical applications, but since they are typically not qualified, the generated code must still be fully tested, reviewed, and certified. For mathematical and engineering software this requires reviewers to trace subtle details of textbook formulas and algorithms to the code, and to match requirements (e.g., physical units or coordinate frames) not represented explicitly",
        "conf": "Automated Software Engineering",
        "email": null,
        "coauthors": [
            "ewen denney"
        ],
        "keywords": "Automated Code Generation,Mathematical Software,Model Based Design,Natural Language,Verification and Validation,",
        "title_embedding": [],
        "abstract_embedding": []
    },
    {
        "id": 390,
        "label": 75,
        "title": "Software certificate management (SoftCeMent'05)",
        "organization": null,
        "abstract": "The goal of this workshop is to explore new technologies, underlying principles, and general methodologies for supporting software certificate management. Software certification demonstrates the reliability, safety, or security of software systems in such a way that it can be checked by an independent authority with minimal trust in the techniques and tools used in the certification process itself. It can",
        "conf": "Automated Software Engineering",
        "email": null,
        "coauthors": [
            "ewen denney",
            "dieter hutter",
            "mark jones"
        ],
        "keywords": "Document Engineering,Management System,New Technology,Software Systems,Validation and Verification,Fault Tree,",
        "title_embedding": [],
        "abstract_embedding": []
    },
    {
        "id": 391,
        "label": 75,
        "title": "Applying AutoBayes to the Analysis of Planetary Nebulae Images",
        "organization": null,
        "abstract": NaN,
        "conf": "Automated Software Engineering",
        "email": null,
        "coauthors": [
            "johann schumann"
        ],
        "keywords": "Planetary Nebula,",
        "title_embedding": [],
        "abstract_embedding": []
    },
    {
        "id": 392,
        "label": 75,
        "title": "An Integration of Deductive Retrieval into Deductive Synthesis",
        "organization": null,
        "abstract": "Deductive retrieval and deductive synthesis are two con- ceptually closely related software development methods which apply theorem proving techniques to support the con- struction of correct programs. In this paper, we describe an integration of both methods which combines their comple- mentary benefits and alleviates some of their drawbacks. The core of our integration is an algorithm which au- tomatically",
        "conf": "Automated Software Engineering",
        "email": null,
        "coauthors": [
            "jon whittle"
        ],
        "keywords": "Software Development,Theorem Proving,Higher Order,",
        "title_embedding": [],
        "abstract_embedding": []
    },
    {
        "id": 393,
        "label": 75,
        "title": "NORA/HAMMR: Making Deduction-Based Software Component Retrieval Practical",
        "organization": null,
        "abstract": "Deduction-based software component retrieval uses pre- and postconditions as indexes and search keys and an auto- mated theorem prover (ATP) to check whether a component matches. This idea is very simple but the vast number of arising proof tasks makes a practical implementation very hard. We thus pass the components through a chain of filters of increasing deductive power. In",
        "conf": "Automated Software Engineering",
        "email": null,
        "coauthors": [
            "johann schumann"
        ],
        "keywords": "Answer Sets,Model Checking,Software Component,Theorem Prover,",
        "title_embedding": [],
        "abstract_embedding": []
    },
    {
        "id": 394,
        "label": 75,
        "title": "Towards automated synthesis of data mining programs",
        "organization": null,
        "abstract": " Code synthesis is routinely used in industry to generateGUIs, form filling applications, and database support codeand is even used with COBOL. In this paper we considerthe question of whether code synthesis could also beapplied to the data mining phase of knowledge discovery.We view this as a rapid prototyping method. Rapidprototyping of statistical data analysis algorithms wouldallow experienced analysts to experiment",
        "conf": "Knowledge Discovery and Data Mining",
        "email": null,
        "coauthors": [
            "wray l. buntine",
            "thomas pressburgers"
        ],
        "keywords": "Data Mining,Knowledge Discovery,Rapid Prototyping,Statistical Data Analysis,COBOL,",
        "title_embedding": [],
        "abstract_embedding": []
    },
    {
        "id": 395,
        "label": 76,
        "title": "Adding Concrete Syntax to a Prolog-Based Program Synthesis System (Extended Abstract)",
        "organization": null,
        "abstract": "Program generation and transformation systems manipulate large, pa- rameterized object language fragments. Support for user-definable concrete syn- tax makes this easier but is typically restricted to certain object and meta lan- guages. We show how Prolog can be retrofitted with concrete syntax and describe how a seamless interaction of concrete syntax fragments with an existing \"legacy\" meta-programming system based on",
        "conf": "Logic Program Synthesis and Transformation",
        "email": null,
        "coauthors": [
            "eelco visser"
        ],
        "keywords": "Abstract Syntax,Code Size,meta programming,Program Generation,Program Synthesis,Second Order,",
        "title_embedding": [],
        "abstract_embedding": []
    },
    {
        "id": 396,
        "label": 75,
        "title": "Automatic Derivation of Statistical Algorithms: The EM Family and Beyond",
        "organization": null,
        "abstract": "Machine learning has reached a point where most probabilistic meth-ods can be understood as variations, extensions and combinations of a much smaller set of abstract themes, e. g., as different instances of the EM algorithm. This enables the systematic derivation of algorithms cus-tomized for different models. Here, we demonstrate the AUTOBAYES system which takes a high-level statistical model specification, uses",
        "conf": "Neural Information Processing Systems",
        "email": null,
        "coauthors": [
            "alexander g. gray",
            "johann schumann",
            "wray l. buntine"
        ],
        "keywords": "Closed Form Solution,Computer Algebra,Em Algorithm,Gibbs Sampling,Machine Learning,Program Synthesis,Statistical Model,",
        "title_embedding": [],
        "abstract_embedding": []
    },
    {
        "id": 397,
        "label": 75,
        "title": "Constructing a Safety Case for Automatically Generated Code from Formal Program Verification Information",
        "organization": null,
        "abstract": "Formal methods can in principle provide the highest levels of assur- ance of code safety by providing formal proofs as explicit evidence for the as- surance claims. However, the proofs are often complex and difcult to relate to the code, in particular if it has been generated automatically. They may also be based on assumptions and reasoning principles that are",
        "conf": "International Conference on Computer Safety, Reliability and Security",
        "email": null,
        "coauthors": [
            "nurlida basir",
            "ewen denney"
        ],
        "keywords": "Automated Code Generation,Automatic Generation,Code Generation,Fault Tree Analysis,Formal Method,formal verication,hoare logic,program verication,Program Verification,Safety Properties,System Development,",
        "title_embedding": [],
        "abstract_embedding": []
    },
    {
        "id": 398,
        "label": 75,
        "title": "Deriving Safety Cases for Hierarchical Structure in Model-Based Development",
        "organization": null,
        "abstract": NaN,
        "conf": "International Conference on Computer Safety, Reliability and Security",
        "email": null,
        "coauthors": [
            "nurlida basir",
            "ewen denney"
        ],
        "keywords": "Hierarchical Structure,model-based development,",
        "title_embedding": [],
        "abstract_embedding": []
    },
    {
        "id": 399,
        "label": 75,
        "title": "Generating Data Analysis Programs from Statistical Models",
        "organization": null,
        "abstract": NaN,
        "conf": "Semantics, Applications, and Implementation of Program Generation",
        "email": null,
        "coauthors": [
            "johann schumann",
            "thomas pressburger"
        ],
        "keywords": "Data Analysis,Numerical Analysis,Probability Theory,Statistical Approach,Statistical Data Analysis,Statistical Model,",
        "title_embedding": [],
        "abstract_embedding": []
    },
    {
        "id": 400,
        "label": 75,
        "title": "Program Repair as Sound Optimization of Broken Programs",
        "organization": null,
        "abstract": "We present a new, semantics-based approach to me- chanical program repair where the intended meaning of broken programs (i.e., programs that may abort under a given, error-admitting language semantics) can be defined by a special, error-compensating semantics. Program re- pair can then become a compile-time, mechanical program transformation based on a program analysis. It turns a given program into one",
        "conf": "Theoretical Aspects of Software Engineering",
        "email": null,
        "coauthors": [
            "ando saabas",
            "tarmo uustalu"
        ],
        "keywords": "Error Compensation,hoare logic,Partial Redundancy Elimination,Program Analysis,Program Correctness,Program Optimization,Program Transformation,Type System,",
        "title_embedding": [],
        "abstract_embedding": []
    },
    {
        "id": 401,
        "label": 75,
        "title": "The 2002 AAAI Spring Symposium Series",
        "organization": null,
        "abstract": NaN,
        "conf": "Ai Magazine",
        "email": null,
        "coauthors": [
            "jussi karlgren",
            "pentti kanerva",
            "bjorn gamback",
            "kenneth d. forbus",
            "kagan tumer",
            "peter stone",
            "kai goebel",
            "gaurav s. sukhatme",
            "tucker r. balch",
            "doug smith",
            "sanda m. harabagiu",
            "vinay chaudri",
            "mike barley",
            "hans w. guesgen",
            "thomas f. stahovich",
            "randall davis",
            "james a. landay"
        ],
        "keywords": null,
        "title_embedding": [],
        "abstract_embedding": []
    },
    {
        "id": 402,
        "label": 75,
        "title": "SMT-Based Bounded Model Checking for Embedded ANSI-C Software",
        "organization": null,
        "abstract": "Abstract Propositional bounded,model,checking,has been applied successfully to verify embedded,software but is limited by the increasing propositional formula size and the loss of structure during the translation. These limitations can,be reduced,by encoding,word-level information in theories richer than propositional logic and using SMT solvers for the generated,verification conditions. Here, we investigate the application of dif- ferent SMT solvers to the verification of",
        "conf": "Computing Research Repository",
        "email": null,
        "coauthors": [
            "lucas cordeiro",
            "joao marques-silva"
        ],
        "keywords": "Bounded Model Checking,Control System,Embedded Software,Propositional Logic,Software Model Checking,Front End,",
        "title_embedding": [],
        "abstract_embedding": []
    },
    {
        "id": 403,
        "label": 75,
        "title": "Industrial-Strength Formally Certified SAT Solving",
        "organization": null,
        "abstract": "Boolean Satisfiability (SAT) solvers are now routinely used in the verification of large industrial problems. However, their application in safety-critical domains such as the railways, avionics, and automotive industries requires some form of assurance for the results, as the solvers can (and sometimes do) have bugs. Unfortunately, the complexity of modern, highly optimized SAT solvers renders impractical the development of Automotive Industry;Boolean Satisfiability;Correctness Proof;Sat Solver;Satisfiability;Theorem Prover; Computing Research Repository http://arxiv.org/abs/0911.1678,http://www.informatik.uni-trier.de/~ley/db/journals/corr/corr0911.html#abs-0911-1678 2009",
        "conf": NaN,
        "email": null,
        "coauthors": [
            "ashish darbari",
            "joao marques-silva"
        ],
        "keywords": null,
        "title_embedding": [],
        "abstract_embedding": []
    },
    {
        "id": 404,
        "label": 75,
        "title": "Continuous Verification of Large Embedded Software using SMT-Based Bounded Model Checking",
        "organization": null,
        "abstract": NaN,
        "conf": "Computing Research Repository",
        "email": null,
        "coauthors": [
            "lucas cordeiro",
            "joao marques-silva"
        ],
        "keywords": "Bounded Model Checking,Embedded Software,",
        "title_embedding": [],
        "abstract_embedding": []
    },
    {
        "id": 405,
        "label": 75,
        "title": "Bounded Model Checking of Multi-threaded Software using SMT solvers",
        "organization": null,
        "abstract": "The transition from single-core to multi-core processors has made multi-threaded software an important subject in computer aided verification. Here, we describe and evaluate an extension of the ESBMC model checker to support the verification of multi-threaded software with shared variables and locks using bounded model checking (BMC) based on Satisfiability Modulo Theories (SMT). We describe three approaches to model check Bounded Model Checking;High Speed;Model Checking;multi-core processor;Partial Order Reduction;Software Verification;State Space;Sat Modulo Theories;Satisfiability Modulo Theories; Computing Research Repository http://arxiv.org/abs/1003.3830,http://www.informatik.uni-trier.de/~ley/db/journals/corr/corr1003.html#abs-1003-3830 2010",
        "conf": NaN,
        "email": null,
        "coauthors": [
            "lucas cordeiro"
        ],
        "keywords": null,
        "title_embedding": [],
        "abstract_embedding": []
    },
    {
        "id": 406,
        "label": 75,
        "title": "Deriving Safety Cases for the Formal Safety Certification of Automatically Generated Code",
        "organization": null,
        "abstract": "We present an approach to systematically derive safety cases for automatically generated code from infor- mation collected during a formal, Hoare-style safety certification of the code. This safety case makes explicit the formal and informal reasoning principles, and reveals the top-level assumptions and external dependen- cies that must be taken into account; however, the evidence still comes from the formal",
        "conf": "Electronic Notes in Theoretical Computer Science",
        "email": null,
        "coauthors": [
            "nurlida basir",
            "ewen denney"
        ],
        "keywords": "Automated Code Generation,Automatic Generation,hoare logic,Safety Properties,",
        "title_embedding": [],
        "abstract_embedding": []
    },
    {
        "id": 407,
        "label": 77,
        "title": "Die inferenzbasierte Softwareentwicklungsumgebung NORA",
        "organization": null,
        "abstract": NaN,
        "conf": "Informatik - Forschung Und Entwicklung",
        "email": null,
        "coauthors": [
            "gregor snelting",
            "franz-josef grosch",
            "matthias kievernagel",
            "andreas zeller"
        ],
        "keywords": null,
        "title_embedding": [],
        "abstract_embedding": []
    },
    {
        "id": 408,
        "label": 75,
        "title": "An Empirical Evaluation of Automated Theorem Provers in Software Certification",
        "organization": null,
        "abstract": "We describe a system for the automated certification of safety properties of NASA software. The system uses Hoare-style program verification technology to generate proof obligations which are then processed by an automated first-order theorem prover (ATP). We discuss the unique requirements this application places on the ATPs, focusing on automation, proof checking, and usability. For full automation, however, the obligations",
        "conf": "International Journal on Artificial Intelligence Tools",
        "email": null,
        "coauthors": [
            "ewen denney",
            "johann schumann"
        ],
        "keywords": "Automated Theorem Proving,Empirical Evaluation,hoare logic,Program Synthesis,Program Verification,Safety Properties,Theorem Prover,First Order,Verification Condition Generator,",
        "title_embedding": [],
        "abstract_embedding": []
    },
    {
        "id": 409,
        "label": 75,
        "title": "Empirically Successful Automated Reasoning: Systems Issue",
        "organization": null,
        "abstract": NaN,
        "conf": "Journal of Automated Reasoning",
        "email": null,
        "coauthors": [
            "geoff sutcliffe",
            "stephan schulz"
        ],
        "keywords": "Automated Reasoning,",
        "title_embedding": [],
        "abstract_embedding": []
    },
    {
        "id": 410,
        "label": 75,
        "title": "Empirically Successful Automated Reasoning: Applications Issue",
        "organization": null,
        "abstract": NaN,
        "conf": "Journal of Automated Reasoning",
        "email": null,
        "coauthors": [
            "geoff sutcliffe",
            "stephan schulz"
        ],
        "keywords": "Automated Reasoning,",
        "title_embedding": [],
        "abstract_embedding": []
    },
    {
        "id": 411,
        "label": 75,
        "title": "AutoBayes: a system for generating data analysis programs from statistical models",
        "organization": null,
        "abstract": "Data analysis is an important scientic task which is required whenever information needs to be extracted from raw data. Statistical approaches to data analysis, which use methods from probability theory and numerical analysis, are well-founded but dicult to imple- ment: the development of a statistical data analysis program for any given application is time-consuming and requires substantial knowledge and experience",
        "conf": "Journal of Functional Programming",
        "email": null,
        "coauthors": [
            "johann schumann"
        ],
        "keywords": "Closed Form Solution,Data Analysis,dieren tial equation,Information Need,Numerical Analysis,Probability Distribution,Probability Theory,Program Synthesis,Statistical Approach,Statistical Data Analysis,Statistical Model,System Architecture,Theorem Proving,",
        "title_embedding": [],
        "abstract_embedding": []
    },
    {
        "id": 412,
        "label": 75,
        "title": "Integrating Deduction Techniques in a Software Reuse Application",
        "organization": null,
        "abstract": NaN,
        "conf": "Journal of Universal Computer Science",
        "email": null,
        "coauthors": [
            "thomas baar",
            "dirk fuchs"
        ],
        "keywords": "Software Reuse,",
        "title_embedding": [],
        "abstract_embedding": []
    },
    {
        "id": 413,
        "label": 78,
        "title": "ALADIN: A Scanner Generator for Incremental Programming Environments",
        "organization": null,
        "abstract": "SUMMARY A large number of scanner generators have been developed. Since they are restricted to the longest- match rule, they are unsuitable for an incremental environment. We present the ALADIN system, which is able to deliver more than a single token if required. Thus, an ambiguity may be passed to the calling instance. Beyond this 'incremental feature', ALADIN is a",
        "conf": "Software - Practice and Experience",
        "email": null,
        "coauthors": [
            "carsten hammer",
            "werner struckmann"
        ],
        "keywords": "Lexical Analysis,Programming Environment,",
        "title_embedding": [],
        "abstract_embedding": []
    },
    {
        "id": 414,
        "label": 75,
        "title": "Interpreting Abstract Interpretations in Membership Equational Logic",
        "organization": null,
        "abstract": NaN,
        "conf": "Theoretical Computer Science",
        "email": null,
        "coauthors": [
            "grigore rosu"
        ],
        "keywords": "Abstract Interpretation,Membership Equational Logic,",
        "title_embedding": [],
        "abstract_embedding": []
    }
]