[
    {
        "id": 428,
        "label": 81,
        "title": "Supporting Complex MultiDimensional Queries in P2P Systems",
        "organization": null,
        "abstract": "More and more applications require peer-to-peer (P2P) systems to support complex queries over multi-dimensional data. For example, a P2P auction network for real estate frequently needs to answer queries such as \"select five available buildings closest to the airport\". Such queries are not efficiently supported in current P2P systems. Towards an efficient and scalable P2P system capable of processing complex",
        "conf": "International Conference on Distributed Computing Systems",
        "email": null,
        "coauthors": [
            "wang-chien lee",
            "dik lun lee"
        ],
        "keywords": "Indexation,K Nearest Neighbor,Load Balance,P2P,P2p System,Peer To Peer,Query Processing,Range Query,Real Estate,Spatial Data,Spatial Index,Multi Dimensional,",
        "title_embedding": [],
        "abstract_embedding": []
    },
    {
        "id": 429,
        "label": 82,
        "title": "A Spreadsheet Algebra for a Direct Data Manipulation Query Interface",
        "organization": null,
        "abstract": "A spreadsheet-like \"direct manipulation\" interface is more intuitive for many non-technical database users compared to traditional alternatives, such as visual query builders. The construction of such a direct manipulation interface may appear straightforward, but there are some significant challenges. First, individual direct manipulation operations cannot be too complex, so expressive power has to be achieved through composing (long) sequences of",
        "conf": "International Conference on Data Engineering",
        "email": null,
        "coauthors": [
            "h. v. jagadish"
        ],
        "keywords": "Direct Manipulation,Directional Data,Expressive Power,User Study,",
        "title_embedding": [],
        "abstract_embedding": []
    },
    {
        "id": 430,
        "label": 81,
        "title": "Querying about the Past, the Present, and the Future in Spatio-Temporal",
        "organization": null,
        "abstract": NaN,
        "conf": "International Conference on Data Engineering",
        "email": null,
        "coauthors": [
            "jimeng sun",
            "dimitris papadias",
            "yufei tao"
        ],
        "keywords": null,
        "title_embedding": [],
        "abstract_embedding": []
    },
    {
        "id": 431,
        "label": 81,
        "title": "Distributed caching of multidimensional data in mobile environments",
        "organization": null,
        "abstract": "Caching has been an important technique for saving network traffic and reducing response time, especially in mobile environments where bandwidth is often a scarce resource. In this paper, we propose a novel approach for caching multidimensional data in a cluster of mobile devices. In particular, we focus on the most common types of multi-dimensional queries, namely range and k-nearest neighbor",
        "conf": "Mobile Data Management",
        "email": null,
        "coauthors": [
            "dik lun lee"
        ],
        "keywords": "Indexation,K Nearest Neighbor,Mobile Data Management,Mobile Device,Mobile Environment,Multidimensional Data,Network Traffic,Multi Dimensional,",
        "title_embedding": [],
        "abstract_embedding": []
    },
    {
        "id": 432,
        "label": 82,
        "title": "DataLens: making a good first impression",
        "organization": null,
        "abstract": "When a database query has a large number of results, the user can only be shown one page of results at a time. One popular approach is to rank results such that the \\best\" re- sults appear rst. This approach is well-suited for informa- tion retrieval, and for some database queries, such as sim- ilarity queries or under-specied (or keyword)",
        "conf": "International Conference on Management of Data",
        "email": null,
        "coauthors": [
            "h. v. jagadish"
        ],
        "keywords": "Database Query,User Preferences,informa tion retrieval,",
        "title_embedding": [],
        "abstract_embedding": []
    },
    {
        "id": 433,
        "label": 81,
        "title": "Prediction and indexing of moving objects with unknown motion patterns",
        "organization": null,
        "abstract": "Existing methods for peediction spatio-temporal databases assume that objects move according to linear functions. This severely limits their applicability, since in practice movement is more complex, and individual objects may follow drastically diffferent motion patterns. In order to overcome these problems, we first introduce a general framework for monitoring and indexing moving objects, where (i) each boject computes individually the",
        "conf": "International Conference on Management of Data",
        "email": null,
        "coauthors": [
            "yufei tao",
            "christos faloutsos",
            "dimitris papadias"
        ],
        "keywords": "Indexation,Individual Object,linear functionals,Moving Object,Spatio-temporal Databases,",
        "title_embedding": [],
        "abstract_embedding": []
    },
    {
        "id": 434,
        "label": 82,
        "title": "Michigan Molecular Interactions (MiMI): putting the jigsaw puzzle together",
        "organization": null,
        "abstract": "Protein interaction data exists in a number of repo- sitories. Each repository has its own data format, molecule identifier and supplementary information. Michigan Molecular Interactions (MiMI) assists scientists searching through this overwhelming amount of protein interaction data. MiMI gathers data from well-known protein interaction databases and deep-merges the information. Utilizing an iden- tity function, molecules that may have different identifiers",
        "conf": "Nucleic Acids Research",
        "email": null,
        "coauthors": [
            "magesh jayapandian",
            "adriane chapman",
            "v. glenn tarcea",
            "cong yu",
            "aaron elkiss",
            "angela ianni",
            "arnab nandi",
            "carlos santos",
            "philip andrews",
            "brian athey",
            "david j. states",
            "h. v. jagadish"
        ],
        "keywords": "Biomedical Informatics,Data Format,Molecular Interactions,Protein Interaction,Query Language,User Interface,",
        "title_embedding": [],
        "abstract_embedding": []
    },
    {
        "id": 435,
        "label": 82,
        "title": "Automatic Rule Refinement for Information Extraction",
        "organization": null,
        "abstract": "Rule-based information extraction from text is increasingly being used to populate databases and to support structured queries on unstructured text. Specification of suitable information extraction rules requires considerable skill and standard practice is to refine rules iteratively, with substantial effort. In this paper, we show that techniques developed in the context of data provenance, to deter- mine the lineage of",
        "conf": "Proceedings of The Vldb Endowment",
        "email": null,
        "coauthors": [
            "laura chiticariu",
            "vivian chu",
            "h. v. jagadish",
            "frederick reiss"
        ],
        "keywords": "Information Extraction,System Development,Rule Based,",
        "title_embedding": [],
        "abstract_embedding": []
    },
    {
        "id": 436,
        "label": 82,
        "title": "Using Trees to Depict a Forest",
        "organization": null,
        "abstract": "When a database query has a large number of results, the user can only be shown one page of results at a time. One popular approach is to rank results such that the \\best\" re- sults appear rst. However, standard database query results comprise a set of tuples, with no associated ranking. It is typical to allow users the ability",
        "conf": "Proceedings of The Vldb Endowment",
        "email": null,
        "coauthors": [
            "h. v. jagadish"
        ],
        "keywords": "Database Query,User Study,",
        "title_embedding": [],
        "abstract_embedding": []
    },
    {
        "id": 437,
        "label": 82,
        "title": "Evaluating Universal Quantification in XML",
        "organization": null,
        "abstract": "Queries posed to database systems often involve Universal Quantification. Such queries are typically expensive to evaluate. Although they can be handled by basic access methods, for selection, grouping, and so forth, new access methods specifically tailored to evaluate universal quantification can greatly decrease the computational cost. In this paper, we study the efficient evaluation of universal quantification in an XML",
        "conf": "IEEE Transactions on Knowledge and Data Engineering",
        "email": null,
        "coauthors": [
            "shurug al-khalifa",
            "h. v. jagadish"
        ],
        "keywords": "Access Method,Database System,Xml Database,",
        "title_embedding": [],
        "abstract_embedding": []
    }
]