[
    {
        "id": 449,
        "label": 84,
        "title": "Query processing of massive trajectory data based on mapreduce",
        "organization": null,
        "abstract": "With the development of positioning technologies and the boosting deployment of inexpensive location-aware sensors, large volumes of trajectory data have emerged. However, efficient and scalable query processing over trajectory data remains a big challenge. We explore a new approach to this target in this paper, presenting a new framework for query processing over trajectory data based on MapReduce. Traditional trajectory",
        "conf": "International Conference on Information and Knowledge Management",
        "email": null,
        "coauthors": [
            "qiang ma",
            "weining qian",
            "aoying zhou"
        ],
        "keywords": "Data Partitioning,Data Processing,Indexation,Large Scale,Location Awareness,Location Based Service,Moving Object,Parallel Processing,Query Processing,",
        "title_embedding": [],
        "abstract_embedding": []
    },
    {
        "id": 450,
        "label": 84,
        "title": "Scalable continuous range monitoring of moving objects in symbolic indoor space",
        "organization": null,
        "abstract": "Indoor spaces accommodate large populations of individuals. The continuous range monitoring of such objects can be used as a foun- dation for a wide variety of applications, e.g., space planning, way finding, and security. Indoor space differs from outdoor space in that symbolic locations, e.g., rooms, rather than Euclidean posi- tions or spatial network locations are important. In addition, posi-",
        "conf": "International Conference on Information and Knowledge Management",
        "email": null,
        "coauthors": [
            "hua lu",
            "christian s. jensen"
        ],
        "keywords": "Experimental Study,Moving Object,Range Query,Spatial Networks,",
        "title_embedding": [],
        "abstract_embedding": []
    },
    {
        "id": 451,
        "label": 84,
        "title": "TRUSTER: TRajectory Data Processing on ClUSTERs",
        "organization": null,
        "abstract": NaN,
        "conf": "Database Systems for Advanced Applications",
        "email": null,
        "coauthors": [
            "qiang ma",
            "weining qian",
            "aoying zhou"
        ],
        "keywords": "Data Processing,",
        "title_embedding": [],
        "abstract_embedding": []
    },
    {
        "id": 452,
        "label": 84,
        "title": "Probabilistic threshold k nearest neighbor queries over moving objects in symbolic indoor space",
        "organization": null,
        "abstract": "The availability of indoor positioning renders it possible to deploy location-based services in indoor spaces. Many such services will benefit from the efficient support for k nearest neighbor (kNN) queries over large populations of indoor moving objects. However, existing kNN techniques fall short in indoor spaces because these differ from Euclidean and spatial network spaces and because of the limited",
        "conf": "Extending Database Technology",
        "email": null,
        "coauthors": [
            "hua lu",
            "christian s. jensen"
        ],
        "keywords": "Algorithms and Data Structure,Empirical Study,Index Structure,Indoor Positioning,K Nearest Neighbor,Location Based Service,Moving Object,Nearest Neighbor Queries,Spatial Networks,",
        "title_embedding": [],
        "abstract_embedding": []
    },
    {
        "id": 453,
        "label": 84,
        "title": "Graph Model Based Indoor Tracking",
        "organization": null,
        "abstract": "Abstract The tracking of the locations of moving objects in large indoor spaces is important, as it enables a range of appli- cations related to, e.g., security and indoor navigation and guidance. This paper presents a graph model based ap- proach to indoor tracking that offers a uniform data man- agement,infrastructure for different symbolic positioning technologies, e.g., Bluetooth and RFID.",
        "conf": "Mobile Data Management",
        "email": null,
        "coauthors": [
            "christian s. jensen",
            "hua lu"
        ],
        "keywords": "Graph Model,Indoor Positioning,Moving Object,",
        "title_embedding": [],
        "abstract_embedding": []
    },
    {
        "id": 454,
        "label": 84,
        "title": "Indexing the Trajectories of Moving Objects in Symbolic Indoor Space",
        "organization": null,
        "abstract": "Indoor spaces accommodate large populations of individuals. With appropriate indoor positioning, e.g., Bluetooth and RFID, in place, large amounts of trajectory data result that may serve as a foundation for a wide variety of appli- cations, e.g., space planning, way finding, and security. This scenario calls for the indexing of indoor trajectories. Based on an appropriate notion of indoor trajec-",
        "conf": "Symposium on Large Spatial Databases",
        "email": null,
        "coauthors": [
            "christian s. jensen",
            "hua lu"
        ],
        "keywords": "Data Transformation,Indexation,Indoor Positioning,Moving Object,Query Processing,",
        "title_embedding": [],
        "abstract_embedding": []
    },
    {
        "id": 455,
        "label": 84,
        "title": "XML Structural Similarity Search Using MapReduce",
        "organization": null,
        "abstract": NaN,
        "conf": "Web-Age Information Management",
        "email": null,
        "coauthors": [
            "peisen yuan",
            "chaofeng sha",
            "xiaoling wang",
            "aoying zhou",
            "su yang"
        ],
        "keywords": "Structural Similarity,",
        "title_embedding": [],
        "abstract_embedding": []
    },
    {
        "id": 456,
        "label": 84,
        "title": "Indoor - A New Data Management Frontier",
        "organization": null,
        "abstract": NaN,
        "conf": "IEEE Data(base) Engineering Bulletin",
        "email": null,
        "coauthors": [
            "christian s. jensen",
            "hua lu"
        ],
        "keywords": "Data Management,",
        "title_embedding": [],
        "abstract_embedding": []
    },
    {
        "id": 457,
        "label": 84,
        "title": "Using Wide Table to manage web data: a survey",
        "organization": null,
        "abstract": NaN,
        "conf": "Frontiers of Computer Science in China",
        "email": null,
        "coauthors": [
            "weining qian",
            "aoying zhou"
        ],
        "keywords": null,
        "title_embedding": [],
        "abstract_embedding": []
    }
]