[
    {
        "id": 461,
        "label": 86,
        "title": "An approach to constructing evolutionary agent structure for workflow management system based on simulation",
        "organization": null,
        "abstract": NaN,
        "conf": "IEEE Congress on Evolutionary Computation",
        "email": null,
        "coauthors": [
            "tao hu",
            "jun wei"
        ],
        "keywords": "Workflow Management System,",
        "title_embedding": [],
        "abstract_embedding": []
    },
    {
        "id": 462,
        "label": 86,
        "title": "Grid-Based Resource Management of Naval Weapon Systems",
        "organization": null,
        "abstract": "The continuous transformation of the Chinese navy into an integrated and network-centric capability requires a cooperative and distributed weapon resource management system. As one of the steps into naval information grid our objective is to develop generalized principles for grid computing that can be applied to this specific domain. To address this problem, we adopt the OGSA (Open Grid Service",
        "conf": "Grid and Cooperative Computing",
        "email": null,
        "coauthors": [
            "tao hu",
            "zitang li"
        ],
        "keywords": "Grid Computing,Resource Manager,Resource Management System,Open Grid Service Architecture,",
        "title_embedding": [],
        "abstract_embedding": []
    },
    {
        "id": 463,
        "label": 86,
        "title": "Cooperative Grid Jobs Scheduling with Multi-objective Genetic Algorithm",
        "organization": null,
        "abstract": NaN,
        "conf": "International Symposium on Parallel and Distributed Processing and Applications",
        "email": null,
        "coauthors": [
            "jun wei",
            "wei wang",
            "pu wang"
        ],
        "keywords": "Job Scheduling,Multi Objective Genetic Algorithm,",
        "title_embedding": [],
        "abstract_embedding": []
    },
    {
        "id": 464,
        "label": 86,
        "title": "A Model of Scalable Distributed Network Performance Management",
        "organization": null,
        "abstract": NaN,
        "conf": "International Symposium on Parallel Architectures, Algorithms and Networks",
        "email": null,
        "coauthors": [
            "hu tao",
            "wei wang",
            "li zitan"
        ],
        "keywords": "Distributed Networks,Performance Management,",
        "title_embedding": [],
        "abstract_embedding": []
    },
    {
        "id": 465,
        "label": 86,
        "title": "A Distributed Network Management Framework Based on Mobile Agents",
        "organization": null,
        "abstract": NaN,
        "conf": "Multimedia and Ubiquitous Engineering",
        "email": null,
        "coauthors": [
            "fuliang guo",
            "liangzhong cui"
        ],
        "keywords": "Distributed Network Management,Mobile Agent,",
        "title_embedding": [],
        "abstract_embedding": []
    },
    {
        "id": 466,
        "label": 86,
        "title": "Optimal Integration Model of Multiple Information Security Methods",
        "organization": null,
        "abstract": NaN,
        "conf": "Multimedia and Ubiquitous Engineering",
        "email": null,
        "coauthors": [
            "fuliang guo",
            "lu yao"
        ],
        "keywords": "Information Security,Integrable Model,",
        "title_embedding": [],
        "abstract_embedding": []
    },
    {
        "id": 467,
        "label": 86,
        "title": "Dynamic Grid Resource Scheduling Model Using Learning Agent",
        "organization": null,
        "abstract": NaN,
        "conf": "IEEE NAS - Networking, Architecture, and Storage",
        "email": null,
        "coauthors": [
            "jun wei",
            "haiqin liu"
        ],
        "keywords": "Resource Scheduling,",
        "title_embedding": [],
        "abstract_embedding": []
    },
    {
        "id": 468,
        "label": 86,
        "title": "An Energy-efficient Broadcast Control Protocol for Wireless Sensor Networks",
        "organization": null,
        "abstract": NaN,
        "conf": "IEEE NAS - Networking, Architecture, and Storage",
        "email": null,
        "coauthors": [
            "lu yao",
            "yongqian he"
        ],
        "keywords": "Energy Efficient,Wireless Sensor Network,",
        "title_embedding": [],
        "abstract_embedding": []
    },
    {
        "id": 469,
        "label": 86,
        "title": "Grid Scheduling Optimization Under Conditions of Uncertainty",
        "organization": null,
        "abstract": NaN,
        "conf": "Network and Parallel Computing",
        "email": null,
        "coauthors": [
            "luo zhaohui",
            "wei jun"
        ],
        "keywords": "Grid Scheduling,",
        "title_embedding": [],
        "abstract_embedding": []
    },
    {
        "id": 470,
        "label": 86,
        "title": "Optimal Cluster-Cluster Design for Sensor Network with Guaranteed Capacity and Fault Tolerance",
        "organization": null,
        "abstract": NaN,
        "conf": "Software Engineering, Artificial Intelligence, Networking and Parallel/Distributed Computing",
        "email": null,
        "coauthors": [
            "jun wei",
            "tao hu"
        ],
        "keywords": "Fault Tolerant,Sensor Network,",
        "title_embedding": [],
        "abstract_embedding": []
    }
]