[
    {
        "id": 482,
        "label": 88,
        "title": "Exploring complex miRNA-mRNA interactions with Bayesian networks by splitting-averaging strategy",
        "organization": null,
        "abstract": "BACKGROUND: microRNAs (miRNAs) regulate target gene expression by controlling their mRNAs post-transcriptionally. Increasing evidence demonstrates that miRNAs play important roles in various biological processes. However, the functions and precise regulatory mechanisms of most miRNAs remain elusive. Current research suggests that miRNA regulatory modules are complicated, including up-, down-, and mix-regulation for different physiological conditions. Previous computational approaches for discovering miRNA-mRNA",
        "conf": "BMC Bioinformatics",
        "email": null,
        "coauthors": [
            "jiuyong li",
            "anna tsykin",
            "lin liu",
            "arti b. gaur",
            "gregory j. goodall"
        ],
        "keywords": "Biological Process,Expression Profile,Gene Expression,Heterogeneous Data,microrna,Statistical Significance,Structure Learning,bayesian network,",
        "title_embedding": [],
        "abstract_embedding": []
    },
    {
        "id": 483,
        "label": 88,
        "title": "Discovery of functional miRNA-mRNA regulatory modules with computational methods",
        "organization": null,
        "abstract": "The identication of miRNAs and their target mRNAs and the con- struction of their regulatory networks may give new insights to biological procedures. This study proposes a computational method to discover the functional miRNA-mRNA regulatory modules (FMRMs), that is, groups of miRNAs and their target mRNAs that are believed to participate coop- eratively in post-transcriptional gene regulation under specic conditions.",
        "conf": "Journal of Biomedical Informatics",
        "email": null,
        "coauthors": [
            "jiuyong li",
            "anna tsykin"
        ],
        "keywords": "Computational Method,Gene Regulation,Prostate Cancer,Regulatory Network,",
        "title_embedding": [],
        "abstract_embedding": []
    },
    {
        "id": 484,
        "label": 89,
        "title": "Measuring the meaning in time series clustering of text search queries",
        "organization": null,
        "abstract": "We use a combination of proven methods from time series analysis and machine learning to explore the relationship between temporal and semantic similarity in web query logs; we discover that the combination of correlation and cycles is a good, but not perfect, sign of semantic relationship.",
        "conf": "International Conference on Information and Knowledge Management",
        "email": null,
        "coauthors": [
            "rosie jones",
            "kristina lisa klinkner"
        ],
        "keywords": "Machine Learning,Query Log Analysis,Query Logs,Semantic Similarity,Time Series,Time Series Analysis,Web Search,",
        "title_embedding": [],
        "abstract_embedding": []
    },
    {
        "id": 485,
        "label": 90,
        "title": "Accelerated Bundle Adjustment in Multiple-View Reconstruction",
        "organization": null,
        "abstract": "Bundle adjustment is one of the main tools used for multi- ple view reconstruction. It seeks to refine the estimate of the 3D scene and the view parameter that minimize a certain cost function, e.g. the overall reprojection error. In this paper we propose a new algorithm to simplify the computation of the reprojection error for multiple views. With this",
        "conf": "Knowledge-Based Intelligent Information & Engineering Systems",
        "email": null,
        "coauthors": [
            "maoyuan yu",
            "dennis maier",
            "reinhard manner"
        ],
        "keywords": "Bundle Adjustment,Cost Function,Maximum Likelihood Estimate,Missing Data,Multiple Views,Synthetic Data,",
        "title_embedding": [],
        "abstract_embedding": []
    },
    {
        "id": 486,
        "label": 90,
        "title": "An Efficient and Accurate Method for 3D-Point Reconstruction from Multiple Views",
        "organization": null,
        "abstract": "In this paper, we consider the problem of finding the position of a point in space given its projections in multiple images taken by cameras with known calibration and pose. Ideally the 3D-point can be obtained as the intersection of multiple known rays in space. However, with noise the rays will not meet at a single 3D-point generally. Therefore, it",
        "conf": "International Journal of Computer Vision",
        "email": null,
        "coauthors": [
            "maoyuan yu",
            "dennis maier",
            "reinhard manner"
        ],
        "keywords": "Bundle Adjustment,Iterative Algorithm,Maximum Likelihood Estimate,Measurement Error,Multiple Views,Structural Estimation,Synthetic Data,First Order,",
        "title_embedding": [],
        "abstract_embedding": []
    },
    {
        "id": 487,
        "label": 91,
        "title": "A Grid-Based System for the Multi-reservoir Optimal Scheduling in Huaihe River Basin",
        "organization": null,
        "abstract": NaN,
        "conf": "Asia-Pacific Web Conference",
        "email": null,
        "coauthors": [
            "huaping chen",
            "guoyi zhang",
            "shijin xu"
        ],
        "keywords": "Optimal Scheduling,River Basin,",
        "title_embedding": [],
        "abstract_embedding": []
    },
    {
        "id": 488,
        "label": 92,
        "title": "An Adaptive Schedule Medium Access Control for Wireless Sensor Networks",
        "organization": null,
        "abstract": NaN,
        "conf": "International Conference on Networking",
        "email": null,
        "coauthors": [
            "lin zhang",
            "huimin zhang"
        ],
        "keywords": "Medium Access Control,Wireless Sensor Network,",
        "title_embedding": [],
        "abstract_embedding": []
    },
    {
        "id": 489,
        "label": 92,
        "title": "MAC Performance and Improvement in Mobile Wireless Sensor Networks",
        "organization": null,
        "abstract": NaN,
        "conf": "Software Engineering, Artificial Intelligence, Networking and Parallel/Distributed Computing",
        "email": null,
        "coauthors": [
            "ke yu",
            "lin zhang",
            "huimin zhang"
        ],
        "keywords": "Wireless Sensor Network,",
        "title_embedding": [],
        "abstract_embedding": []
    },
    {
        "id": 490,
        "label": 93,
        "title": "Software Requirements Specification of the IUfA's UUIS -- a Team 4 COMP5541-W10 Project Approach",
        "organization": null,
        "abstract": "This document presents the business requirement of Unified University Inventory System (UUIS) in Technology-independent manner. All attempts have been made in using mostly business terminology and business language while describing the requirements in this document. Very minimal and commonly understood Technical terminology is used. Use case approach is used in modeling the business requirements in this document. Use Case;Software Requirements Specification; Computing Research Repository http://arxiv.org/abs/1005.0162,http://www.informatik.uni-trier.de/~ley/db/journals/corr/corr1005.html#abs-1005-0162 2010",
        "conf": NaN,
        "email": null,
        "coauthors": [
            "ali alhazmi",
            "abdulrahman al-sharawi",
            "deyvisson oliveira",
            "kanj sobh",
            "max mayantz",
            "robin de bled",
            "yu ming zhang"
        ],
        "keywords": null,
        "title_embedding": [],
        "abstract_embedding": []
    },
    {
        "id": 491,
        "label": 93,
        "title": "Software Design Document, Testing, Deployment and Configuration Management, and User Manual of the UUIS -- a Team 4 COMP5541-W10 Project Approach",
        "organization": null,
        "abstract": "This document provides a description of the technical design for Unified University Inventory System - Web Portal. This document's primary purpose is to describe the technical vision for how business requirements will be realized. This document provides an architectural overview of the system to depict different aspects of the system. This document also functions as a foundational reference point for Configuration Management;Reference Point;Software Design;Web Portal; Computing Research Repository http://arxiv.org/abs/1005.0169,http://www.informatik.uni-trier.de/~ley/db/journals/corr/corr1005.html#abs-1005-0169 2010",
        "conf": NaN,
        "email": null,
        "coauthors": [
            "kanj sobh",
            "deyvisson oliveira",
            "max mayantz",
            "yu ming zhang",
            "ali alhazmi",
            "robin de bled",
            "abdulrahman al-sharawi"
        ],
        "keywords": null,
        "title_embedding": [],
        "abstract_embedding": []
    }
]