[
    {
        "id": 493,
        "label": 95,
        "title": "The Application of Computer Graphic Technology on Monitoring Roller Compaction Quality of Rock-fill Dam",
        "organization": null,
        "abstract": NaN,
        "conf": "Computer Graphics, Imaging and Vision",
        "email": null,
        "coauthors": [
            "denghua zhong",
            "ping zhang",
            "lei liu"
        ],
        "keywords": "Computer Graphic,",
        "title_embedding": [],
        "abstract_embedding": []
    }
]