[
    {
        "id": 528,
        "label": 106,
        "title": "On privacy preservation against adversarial data mining",
        "organization": null,
        "abstract": "Privacy preserving data processing has become an important topic recently because of advances in hardware technology which have lead to widespread proliferation of demographic and sensitive data. A rudimentary way to preserve privacy is to simply hide the infor- mation in some of the sensitive fields picked by a user. However, such a method is far from satisfactory in its",
        "conf": "Knowledge Discovery and Data Mining",
        "email": null,
        "coauthors": [
            "charu c. aggarwal",
            "jian pei"
        ],
        "keywords": "Association Rule,Data Mining,Data Processing,Heuristic Algorithm,Privacy Preservation,",
        "title_embedding": [],
        "abstract_embedding": []
    }
]