[
    {
        "id": 539,
        "label": 113,
        "title": "Robot-mediated arm rehabilitation in Virtual Environments for chronic stroke patients: A clinical study",
        "organization": null,
        "abstract": NaN,
        "conf": "International Conference on Robotics and Automation",
        "email": null,
        "coauthors": [
            "antonio frisoli",
            "luigi federico borelli",
            "alberto montagner",
            "simone marcheschi",
            "caterina procopio",
            "fabio salsedo",
            "massimo bergamasco",
            "maria chiara carboncini"
        ],
        "keywords": "Clinical Study,Virtual Environment,",
        "title_embedding": [],
        "abstract_embedding": []
    },
    {
        "id": 540,
        "label": 114,
        "title": "ASN.1's Best Secrets (A review of ASN.1: Communication Between Heterogeneous Systems by Olivier Dubuisson)",
        "organization": null,
        "abstract": NaN,
        "conf": "IEEE Distributed Systems Online",
        "email": null,
        "coauthors": [],
        "keywords": "Heterogeneous Systems,",
        "title_embedding": [],
        "abstract_embedding": []
    }
]