[
    {
        "id": 543,
        "label": 116,
        "title": "Rapid steady-state analysis of cll resonant power converters",
        "organization": null,
        "abstract": NaN,
        "conf": "Circuits, Signals, and Systems",
        "email": null,
        "coauthors": [
            "c. m. bingham",
            "d. a. stone",
            "m. p. foster"
        ],
        "keywords": "Power Converter,Steady State Analysis,",
        "title_embedding": [],
        "abstract_embedding": []
    }
]