[
    {
        "id": 699,
        "label": 150,
        "title": "Exploiting the Annotation Practice for Personal and Collective Information Management",
        "organization": null,
        "abstract": "Information nowadays is a capital for any organization in- tending to be reactive and aware of its environment. Unfortunately most modern organizations overdose on information as almost every mem- ber daily accesses, extracts and stores a growing amount of documents, i.e. vehicles for information. This situation is even deteriorating as indi- vidual eorts to organize and search for information yield",
        "conf": NaN,
        "email": null,
        "coauthors": [
            "guillaume cabanac",
            "max chevalier",
            "claude chrisment"
        ],
        "keywords": "Information Management,Process Design,",
        "title_embedding": [],
        "abstract_embedding": []
    },
    {
        "id": 700,
        "label": 150,
        "title": "Helping People Searching the Web: Towards an Adaptive and a Social System",
        "organization": null,
        "abstract": NaN,
        "conf": "International Association for Development of the Information Society",
        "email": null,
        "coauthors": [
            "max chevalier",
            "claude chrisment"
        ],
        "keywords": "Social System,",
        "title_embedding": [],
        "abstract_embedding": []
    },
    {
        "id": 701,
        "label": 150,
        "title": "Towards a Documentary Memory: Building a Document Repository for Companies",
        "organization": null,
        "abstract": "An organisation must enable knowledge and information sharing among its employees to optimise their tasks. However, the volume of information contained in documents represents a major importance for these companies. Indeed, companies may be fully reactive to any new information and must follow the fast evolution of spread information. Thus, a documentary memory, which stores this information and allows end-user",
        "conf": "International Conference on Enterprise Information Systems",
        "email": null,
        "coauthors": [
            "max chevalier",
            "kais khrouf"
        ],
        "keywords": "Information Retrieval,Information Sharing,",
        "title_embedding": [],
        "abstract_embedding": []
    },
    {
        "id": 702,
        "label": 150,
        "title": "Collective Annotation: Perspectives for Information Retrieval Improvement",
        "organization": null,
        "abstract": NaN,
        "conf": NaN,
        "email": null,
        "coauthors": [
            "guillaume cabanac",
            "max chevalier",
            "claude chrisment"
        ],
        "keywords": "Information Retrieval,",
        "title_embedding": [],
        "abstract_embedding": []
    },
    {
        "id": 703,
        "label": 150,
        "title": "Mercure at trec8: Adhoc, Web, CLIR and Filtering tasks",
        "organization": null,
        "abstract": NaN,
        "conf": "Text REtrieval Conference",
        "email": null,
        "coauthors": [
            "mohand boughanem",
            "josiane mothe",
            "c. soule-dupuy"
        ],
        "keywords": null,
        "title_embedding": [],
        "abstract_embedding": []
    },
    {
        "id": 704,
        "label": 150,
        "title": "Personalized Information Access Through Flexible and Interoperable Profiles",
        "organization": null,
        "abstract": NaN,
        "conf": "Web Information Systems Engineering",
        "email": null,
        "coauthors": [
            "max chevalier",
            "c. soule-dupuy",
            "nathalie valles-parlangeau"
        ],
        "keywords": "Information Access,",
        "title_embedding": [],
        "abstract_embedding": []
    }
]