[
    {
        "id": 656,
        "label": 142,
        "title": "Steganographic capacity of images, based on image equivalence classes",
        "organization": null,
        "abstract": "The problem of hiding information imperceptibly can be formulated as the problem of determining if a given image is a member of a sufficiently large equivalence class of images which to the Human Visual System appears to be the same image. This makes it possible to replace the given image with a modified image similar in appearance but carrying imperceptibly",
        "conf": "Multimedia & Security",
        "email": null,
        "coauthors": [
            "klaus hansen",
            "lars r. randleff",
            "jens damgaard andersen"
        ],
        "keywords": "Digital Watermark,Image Similarity,Information Hiding,Upper Bound,Human Visual System,",
        "title_embedding": [],
        "abstract_embedding": []
    }
]