[
    {
        "id": 650,
        "label": 139,
        "title": "A Multi-agent System for MRI Brain Segmentation",
        "organization": null,
        "abstract": NaN,
        "conf": "Conference on Artificial Intelligence in Medicine and Medical Decision Making",
        "email": null,
        "coauthors": [
            "laurence germond",
            "michel dojat",
            "catherine garbay"
        ],
        "keywords": "Multi Agent System,",
        "title_embedding": [],
        "abstract_embedding": []
    },
    {
        "id": 651,
        "label": 139,
        "title": "Web Services for the DDSM and Digital Mammography Research",
        "organization": null,
        "abstract": NaN,
        "conf": "Digital Mammography",
        "email": null,
        "coauthors": [
            "chris rose",
            "daniele turi",
            "alan williams",
            "katy wolstencroft"
        ],
        "keywords": "Digital Mammography,Web Service,",
        "title_embedding": [],
        "abstract_embedding": []
    },
    {
        "id": 652,
        "label": 139,
        "title": "A cooperative framework for segmentation of MRI brain scans",
        "organization": null,
        "abstract": "Abstract: Automatic,segmentation,of MRI brain scans is a complex,task for two main reasons: the large variability of the human brain anatomy, which limits the use of general knowledge and, inherent to MRI acquisition, the artifacts present in the images,that are difficult to process. To tackle these difficulties we propose to mix, in a cooperative framework, several types of information and knowledge,provided",
        "conf": "Artificial Intelligence in Medicine",
        "email": null,
        "coauthors": [
            "laurence germond",
            "michel dojat",
            "catherine garbay"
        ],
        "keywords": "Automatic Segmentation,Brain Structure,Deformable Model,Dynamic Adaptation,Human Brain,Statistical Model,Multi Agent System,Seeded Region Growing,",
        "title_embedding": [],
        "abstract_embedding": []
    },
    {
        "id": 653,
        "label": 139,
        "title": "The MGED Ontology: a resource for semantics-based description of microarray experiments",
        "organization": null,
        "abstract": "Motivation: The generation of large amounts of microarray data and the need to share these data bring challenges for both data manage- ment and annotation and highlights the need for standards. MIAME specifies the minimum information needed to describe a microarray experiment and the Microarray Gene Expression Object Model (MAGE-OM) and resulting MAGE-ML provide a mechanism to stand- ardize data",
        "conf": "Bioinformatics/computer Applications in The Biosciences",
        "email": null,
        "coauthors": [
            "patricia l. whetzel",
            "helen e. parkinson",
            "helen c. causton",
            "liju fan",
            "jennifer fostel",
            "gilberto fragoso",
            "laurence game",
            "mervi heiskanen",
            "norman morrison",
            "philippe rocca-serra",
            "susanna-assunta sansone",
            "joseph white",
            "christian j. stoeckert jr."
        ],
        "keywords": "Data Exchange,Data Management,Data Representation,Gene Expression,Gene Expression Data,Indexation,Microarray Data,Object Model,Working Group,",
        "title_embedding": [],
        "abstract_embedding": []
    }
]