[
    {
        "id": 673,
        "label": 146,
        "title": "Integrating Techniques from Statistical Ranking into Evolutionary Algorithms",
        "organization": null,
        "abstract": NaN,
        "conf": "EvoWorkshops",
        "email": null,
        "coauthors": [
            "jurgen branke",
            "stephen e. chick"
        ],
        "keywords": "Evolutionary Algorithm,",
        "title_embedding": [],
        "abstract_embedding": []
    },
    {
        "id": 674,
        "label": 146,
        "title": "Selection in the Presence of Noise",
        "organization": null,
        "abstract": "For noisy optimization problems, there is generally a trade-off between the effort spent to reduce the noise (in order to allow the optimization algorithm to run properly), and the number of solutions evaluated during optimization. However, for stochastic search algorithms like evolutionary optimization, noise is not always a bad thing. On the contrary, in many cases, noise has a very",
        "conf": "Genetic and Evolutionary Computation Conference",
        "email": null,
        "coauthors": [
            "jurgen branke"
        ],
        "keywords": "Evolutionary Optimization,Optimal Algorithm,Optimization Problem,Stochastic Search,",
        "title_embedding": [],
        "abstract_embedding": []
    },
    {
        "id": 675,
        "label": 146,
        "title": "Transport Channel Selection",
        "organization": null,
        "abstract": NaN,
        "conf": "Operations Research",
        "email": null,
        "coauthors": [
            "jurgen branke",
            "denis hauler"
        ],
        "keywords": null,
        "title_embedding": [],
        "abstract_embedding": []
    },
    {
        "id": 676,
        "label": 146,
        "title": "Sequential Sampling in Noisy Environments",
        "organization": null,
        "abstract": NaN,
        "conf": "Parallel Problem Solving from Nature",
        "email": null,
        "coauthors": [
            "jurgen branke"
        ],
        "keywords": "Sequential Sampling,",
        "title_embedding": [],
        "abstract_embedding": []
    },
    {
        "id": 677,
        "label": 146,
        "title": "A Fast Look-ahead Heuristic for the Multi-depot Vehicle Routing Problem",
        "organization": null,
        "abstract": "The multi-depot vehicle routing problem (MDVRP) is a very challenging part of supply chain optimization. We propose here a simple yet powerful heuristic for the MDVRP with an integrated look-ahead. Compared to other state-of-the-art approaches, our heuristic is significantly faster, but yields competitive results and even found several new best solutions on a set of standard benchmark problems.",
        "conf": "Wirtschaftsinformatik",
        "email": null,
        "coauthors": [
            "jurgen branke",
            "markus withopf"
        ],
        "keywords": "Benchmark Problem,Supply Chain,Look Ahead,Multi Depot Vehicle Routing Problem,",
        "title_embedding": [],
        "abstract_embedding": []
    },
    {
        "id": 678,
        "label": 146,
        "title": "New developments in ranking and selection: an empirical comparison of the three main approaches",
        "organization": null,
        "abstract": "Selection procedures are used in many applications to select the best of a finite set of alternatives, as in discrete optimi za- tion with simulation. There are a wide variety of procedures, which begs the question of which selection procedure to select. This paper (a) summarizes the main structural ap- proaches to deriving selection procedures, (b) describes a n innovative",
        "conf": "Winter Simulation Conference",
        "email": null,
        "coauthors": [
            "jurgen branke",
            "stephen e. chick"
        ],
        "keywords": "bayesian model,Opportunity Cost,Ranking and Selection,Stopping Rule,Work In Progress,",
        "title_embedding": [],
        "abstract_embedding": []
    },
    {
        "id": 679,
        "label": 146,
        "title": "New greedy myopic and existing asymptotic sequential selection procedures: preliminary empirical results",
        "organization": null,
        "abstract": "Statistical selection procedures can identify the best of a finite set of alternatives, where \"best\" is defined in terms of the unknown expected value of each alternative's sim- ulation output. One effective Bayesian approach allocates samples sequentially to maximize an approximation to the expected value of information (EVI) from those samples. That existing approach uses both asymptotic and probabilis- tic",
        "conf": "Winter Simulation Conference",
        "email": null,
        "coauthors": [
            "stephen e. chick",
            "jurgen branke"
        ],
        "keywords": "bayesian approach,Stopping Rule,Expected Value of Information,",
        "title_embedding": [],
        "abstract_embedding": []
    },
    {
        "id": 680,
        "label": 146,
        "title": "Simulated annealing in the presence of noise",
        "organization": null,
        "abstract": NaN,
        "conf": "Journal of Heuristics",
        "email": null,
        "coauthors": [
            "jurgen branke",
            "stephan meisel"
        ],
        "keywords": "Simulated Annealing,",
        "title_embedding": [],
        "abstract_embedding": []
    },
    {
        "id": 681,
        "label": 146,
        "title": "Sequential Sampling to Myopically Maximize the Expected Value of Information",
        "organization": null,
        "abstract": "approach, which is based on a Bayesian probability model for the unknown mean performance of each alternative, allocates samples based on maximizing an approximation to the expected value of information (EVI) from those samples. The approximations include asymptotic and probabilistic approximations. This paper derives sampling allocations that avoid most of those approximations to the EVI, but entails sequential myopic sampling",
        "conf": "Informs Journal on Computing",
        "email": null,
        "coauthors": [
            "stephen e. chick",
            "jurgen branke"
        ],
        "keywords": "Decision Analysis,Probability Model,Sequential Sampling,Statistical Analysis,Expected Value of Information,",
        "title_embedding": [],
        "abstract_embedding": []
    },
    {
        "id": 682,
        "label": 146,
        "title": "Selecting a Selection Procedure",
        "organization": null,
        "abstract": "Selection procedures are used in a variety of applications to select the best of a finite set of alternatives. 'Best' is defined with respect to the largest mean, but the mean is inferred with statistical sampling, as in simulation optimization. There are a wide variety of procedures, which begs the question of which selection procedure to select. The main contribution",
        "conf": "Management Science",
        "email": null,
        "coauthors": [
            "jurgen branke",
            "stephen e. chick"
        ],
        "keywords": "bayesian model,Normal Distribution,Simulation Optimization,Stopping Rule,Test Bed,",
        "title_embedding": [],
        "abstract_embedding": []
    },
    {
        "id": 683,
        "label": 146,
        "title": "Faster convergence by means of fitness estimation",
        "organization": null,
        "abstract": NaN,
        "conf": "Soft Computing",
        "email": null,
        "coauthors": [
            "jurgen branke"
        ],
        "keywords": null,
        "title_embedding": [],
        "abstract_embedding": []
    }
]