[
    {
        "id": 654,
        "label": 140,
        "title": "Runtime repair of software faults using event-driven monitoring",
        "organization": null,
        "abstract": "In software with emergent properties, despite the best efforts to remove faults before execution, there is a high likelihood that faults will occur during runtime. These faults can lead to unacceptable program behavior during execution, even leading to the program terminating unexpectedly. Using a distributed event-driven runtime software-fault monitor to repair faulty states creates an enforceable runtime specification. Using such",
        "conf": NaN,
        "email": null,
        "coauthors": [
            "jim whitehead"
        ],
        "keywords": "Emergent Properties,Video Game,Best Effort,",
        "title_embedding": [],
        "abstract_embedding": []
    }
]