[
    {
        "id": 740,
        "label": 164,
        "title": "Internet QoS and traffic modelling",
        "organization": null,
        "abstract": NaN,
        "conf": "Iet Software/iee Proceedings - Software",
        "email": null,
        "coauthors": [
            "zhili sun",
            "lei liang",
            "haitham s. cruickshank"
        ],
        "keywords": null,
        "title_embedding": [],
        "abstract_embedding": []
    },
    {
        "id": 741,
        "label": 164,
        "title": "Scalable architecture and evaluation for multiparty conferencing over satellite links",
        "organization": null,
        "abstract": NaN,
        "conf": "IEEE Journal on Selected Areas in Communications",
        "email": null,
        "coauthors": [
            "zhili sun",
            "haitham s. cruickshank",
            "lei liang",
            "a. sanchez",
            "carlos miguel",
            "vincenzo schena",
            "clementina tocci",
            "belen carro"
        ],
        "keywords": null,
        "title_embedding": [],
        "abstract_embedding": []
    }
]