[
    {
        "id": 762,
        "label": 167,
        "title": "The use of functional domains to improve transmembrane protein topology prediction",
        "organization": null,
        "abstract": "Transmembrane proteins affect vital cellular functions and diseases, and are a focus of drug design. It is difficult to obtain diffraction quality crystals to study transmembrane protein structure. Computational tools for transmembrane protein topology prediction fill in the gap between the abundance of transmembrane proteins and the scarcity of known membrane protein structures. Their prediction accuracy is still inadequate: TMHMM",
        "conf": "Asia-Pacific Bioinformatics Conference",
        "email": null,
        "coauthors": [
            "emily w. xu",
            "paul kearney"
        ],
        "keywords": "Drug Design,Gene Finding,Membrane Protein Structure,Prediction Accuracy,Sensitivity and Specificity,Statistical Test,Transmembrane Protein,",
        "title_embedding": [],
        "abstract_embedding": []
    },
    {
        "id": 763,
        "label": 167,
        "title": "Detecting Motifs in a Large Data Set: Applying Probabilistic Insights to Motif Finding",
        "organization": null,
        "abstract": "We give a probabilistic algorithm for Consensus Sequence, a NP-complete subproblem of motif recognition, that can be described as follows: given set of l-length sequences, determine if there exists a sequence that has Hamming distance at most d from every sequence. We demonstrate that distance between a randomly selected majority sequence and a consensus sequence decreases as the size of",
        "conf": NaN,
        "email": null,
        "coauthors": [
            "christina boucher"
        ],
        "keywords": "Hamming Distance,Large Data Sets,Probabilistic Algorithm,",
        "title_embedding": [],
        "abstract_embedding": []
    },
    {
        "id": 764,
        "label": 167,
        "title": "Integer Programming Formulations and Computations Solving Phylogenetic and Population Genetic Problems with Missing or Genotypic Data",
        "organization": null,
        "abstract": "Several central and well-known combinatorial problems in phylogenetics and population genetics have ecient, elegant solutions when the input is complete or consists of haplotype data, but lack e- cient solutions when input is either incomplete, consists of genotype data, or is for problems generalized from decision questions to optimization questions. Unfortunately, in biological applications, these harder prob- lems arise very",
        "conf": "Computing and Combinatorics",
        "email": null,
        "coauthors": [
            "dan gusfield",
            "yelena frid"
        ],
        "keywords": "Combinatorial Problems,Haplotype Inference,Integer Linear Program,Integer Program,Missing Data,Objective Function,Population Genetics,",
        "title_embedding": [],
        "abstract_embedding": []
    },
    {
        "id": 765,
        "label": 167,
        "title": "Sharper Upper and Lower Bounds for an Approximation Scheme for Consensus-Pattern",
        "organization": null,
        "abstract": "We present sharper upper and lower bounds for a known polynomial-time approximation scheme due to Li, Ma and Wang (7) for the Consensus-Pattern problem. This NP-hard problem is an abstrac- tion of motif flnding, a common bioinformatics discovery task. The PTAS due to Li et al. is simple, and a preliminary implementation (8) gave rea- sonable results in practice. However,",
        "conf": "Combinatorial Pattern Matching",
        "email": null,
        "coauthors": [
            "brona brejova",
            "ian m. harrower",
            "alejandro lopez-ortiz",
            "tomas vinar"
        ],
        "keywords": "Approximation Scheme,Lower and Upper Bound,np-hard problem,Performance Bounds,Polynomial Time Approximation Scheme,Upper and Lower Bounds,",
        "title_embedding": [],
        "abstract_embedding": []
    },
    {
        "id": 766,
        "label": 167,
        "title": "New Bounds for Motif Finding in Strong Instances",
        "organization": null,
        "abstract": "Many algorithms for motif finding that are commonly used in bioinformatics start by sampling r potential motif occurrences from n input sequences. The motif is derived from these samples and evaluated on all sequences. This approach works extremely well in practice, and is implemented by several programs. Li, Ma and Wang have shown that a simple algorithm of this sort",
        "conf": "Combinatorial Pattern Matching",
        "email": null,
        "coauthors": [
            "brona brejova",
            "ian m. harrower",
            "tomas vinar"
        ],
        "keywords": "High Performance,Polynomial Time Approximation Scheme,Sample Size,",
        "title_embedding": [],
        "abstract_embedding": []
    },
    {
        "id": 767,
        "label": 167,
        "title": "Optimal Spaced Seeds for Hidden Markov Models, with Application to Homologous Coding Regions",
        "organization": null,
        "abstract": NaN,
        "conf": "Combinatorial Pattern Matching",
        "email": null,
        "coauthors": [
            "brona brejova",
            "tomas vinar"
        ],
        "keywords": "Hidden Markov Model,",
        "title_embedding": [],
        "abstract_embedding": []
    },
    {
        "id": 768,
        "label": 167,
        "title": "Optimizing Multiple Spaced Seeds for Homology Search",
        "organization": null,
        "abstract": "Optimized spaced seeds improve sensitivity and specificity in local homology search. Several authors have shown that multiple seeds can have better sensitivity and specificity than single seeds. We describe a linear programming (LP)based algorithm to optimize a set of seeds. Theoretically, our algorithm offers a performance guarantee: the sensitivity of a chosen seed set is at least 70% of what",
        "conf": "Journal of Computational Biology",
        "email": null,
        "coauthors": [
            "jinbo xu",
            "ming li",
            "bin ma"
        ],
        "keywords": "Greedy Algorithm,Homology Search,Performance Guarantee,Seed Set,Sensitivity and Specificity,Linear Program,",
        "title_embedding": [],
        "abstract_embedding": []
    },
    {
        "id": 769,
        "label": 167,
        "title": "ExonHunter: a comprehensive approach to gene finding",
        "organization": null,
        "abstract": "Motivation: We present ExonHunter, a new and comprehens- ive gene finding system that outperforms existing systems and features several new ideas and approaches. Our system com- bines numerous sources of information (genomic sequences, expressed sequence tags and protein databases of related species) into a gene finder based on a hidden Markov model in a novel and systematic way. In our",
        "conf": "Intelligent Systems in Molecular Biology",
        "email": null,
        "coauthors": [
            "brona brejova",
            "ming li",
            "tomas vinar"
        ],
        "keywords": "Comparative Genomics,Expressed Sequence Tag,Gene Finding,Gene Prediction,Genome Sequence,Quadratic Program,Hidden Markov Model,",
        "title_embedding": [],
        "abstract_embedding": []
    },
    {
        "id": 770,
        "label": 167,
        "title": "A probabilistic analysis of a greedy algorithm arising from computational biology",
        "organization": null,
        "abstract": "Abstract: IntroductionGenetic mapping is a common technique by whichbiologists approximately locate important genes on thegenome of an organism. The laboratory work needed tobuild highly precise genetic maps can be too expensivefor all but very well-studied organisms [4]. Our recentwork presents algorithms to reduce the cost of mappingprojects [5, 3, 2]. We focus on shrinking the populationsused in laboratory work, since",
        "conf": "Symposium on Discrete Algorithms",
        "email": null,
        "coauthors": [],
        "keywords": "Computational Biology,Genetic Map,Greedy Algorithm,",
        "title_embedding": [],
        "abstract_embedding": []
    },
    {
        "id": 771,
        "label": 167,
        "title": "Selective mapping: a discrete optimization approach to selecting a population subset for use in a high-density genetic mapping project",
        "organization": null,
        "abstract": "Abstract: We study the problem of sampling from a large genetic mappingpopulation in which all individuals have identical pedigrees.We show that samples obtained from large populations,selected on the basis of limited genetic data, are bettersuited for use in high-density mapping experiments thanrandom samples of the same size. We model the problemof choosing a mapping sample as a discrete stochastic optimizationproblem,",
        "conf": "Symposium on Discrete Algorithms",
        "email": null,
        "coauthors": [
            "todd j. vision",
            "steven d. tanksleyt"
        ],
        "keywords": "Discrete Optimization,Genetic Map,Genetics,High Density,",
        "title_embedding": [],
        "abstract_embedding": []
    },
    {
        "id": 772,
        "label": 167,
        "title": "On the Structure of Small Motif Recognition Instances",
        "organization": null,
        "abstract": "Given a set of sequences, S, and degeneracy parameter, d, the Consensus Sequence problem asks whether there exists a sequence that has Hamming distance at most d from each sequence in S. A valid motif set is a set of sequences for which such a consensus sequence exists, while a decoy set is a set of sequences that does not",
        "conf": "String Processing and Information Retrieval",
        "email": null,
        "coauthors": [
            "christina boucher",
            "stephane durocher"
        ],
        "keywords": "Binary Sequence,Exact Algorithm,Hamming Distance,Linear Time,",
        "title_embedding": [],
        "abstract_embedding": []
    },
    {
        "id": 773,
        "label": 167,
        "title": "A Graph Clustering Approach to Weak Motif Recognition",
        "organization": null,
        "abstract": "The aim of the motif recognition problem is to detect a set of mutually similar subsequences within a collection of biological sequences. The weak motif recognition problem on DNA sequences is where the se- quences are highly degenerate. Our new approach to this problem uses a weighted graph model and a heuristic that determines high weight subgraphs in polynomial time.",
        "conf": "Algorithms in Bioinformatics",
        "email": null,
        "coauthors": [
            "christina boucher",
            "paul church"
        ],
        "keywords": "Degeneration,Dna Sequence,Experimental Tests,Graph Clustering,Polynomial Time,Weighted Graph,",
        "title_embedding": [],
        "abstract_embedding": []
    },
    {
        "id": 774,
        "label": 167,
        "title": "Vector Seeds: An Extension to Spaced Seeds Allows Substantial Improvements in Sensitivity and Specifity",
        "organization": null,
        "abstract": "Abstract: We present improved techniques for finding homologous regions in DNA and protein sequences. Our approach focuses on the core region of a local pairwise alignment; we suggest new ways to characterize these regions that allow marked improvements in both specificity and sensitivity over existing techniques for sequence alignment. For any such characterization, which we call a vector seed, we",
        "conf": "Algorithms in Bioinformatics",
        "email": null,
        "coauthors": [
            "brona brejova",
            "tomas vinar"
        ],
        "keywords": "Efficient Algorithm,Protein Sequence,Sensitivity and Specificity,Sequence Alignment,",
        "title_embedding": [],
        "abstract_embedding": []
    },
    {
        "id": 775,
        "label": 167,
        "title": "Optimal DNA Signal Recognition Models with a Fixed Amount of Intrasignal Dependency",
        "organization": null,
        "abstract": "Abstract: We study new probabilistic models for signals in DNA. Ourmodels allow dependencies between multiple non-adjacent positions, ina generative model we call a higher-order tree. Computing the model ofmaximum likelihood is equivalent in our context to computing a minimumdirected spanning hypergraph, a problem we show is NP-complete.",
        "conf": "Algorithms in Bioinformatics",
        "email": null,
        "coauthors": [
            "brona brejova",
            "tomas vinar"
        ],
        "keywords": "Generic Model,Probabilistic Model,Higher Order,",
        "title_embedding": [],
        "abstract_embedding": []
    },
    {
        "id": 776,
        "label": 167,
        "title": "The Most Probable Labeling Problem in HMMs and Its Application to Bioinformatics",
        "organization": null,
        "abstract": "Abstract: Hidden Markov models (HMMs) have been successfully used for several sequence annotationtasks in bioinformatics. In this setting, every sequence element is represented by a group of states withthe same label. The annotation is the labeling of the input sequence with the highest probability.",
        "conf": "Algorithms in Bioinformatics",
        "email": null,
        "coauthors": [
            "brona brejova",
            "tomas vinar"
        ],
        "keywords": "Abstract Hidden Markov Model,",
        "title_embedding": [],
        "abstract_embedding": []
    },
    {
        "id": 777,
        "label": 167,
        "title": "Multiple Vector Seeds for Protein Alignment",
        "organization": null,
        "abstract": NaN,
        "conf": "Algorithms in Bioinformatics",
        "email": null,
        "coauthors": [],
        "keywords": null,
        "title_embedding": [],
        "abstract_embedding": []
    },
    {
        "id": 778,
        "label": 167,
        "title": "Discovering Kinship through Small Subsets",
        "organization": null,
        "abstract": NaN,
        "conf": "Algorithms in Bioinformatics",
        "email": null,
        "coauthors": [
            "tanya y. berger-wolf"
        ],
        "keywords": null,
        "title_embedding": [],
        "abstract_embedding": []
    },
    {
        "id": 779,
        "label": 167,
        "title": "A New Integer Programming Formulation for the Pure Parsimony Problem in Haplotype Analysis",
        "organization": null,
        "abstract": NaN,
        "conf": "Algorithms in Bioinformatics",
        "email": null,
        "coauthors": [
            "ian m. harrower"
        ],
        "keywords": "Integer Program,",
        "title_embedding": [],
        "abstract_embedding": []
    },
    {
        "id": 780,
        "label": 167,
        "title": "New Algorithms for Multiple DNA Sequence Alignment",
        "organization": null,
        "abstract": NaN,
        "conf": "Algorithms in Bioinformatics",
        "email": null,
        "coauthors": [
            "alexander k. hudek"
        ],
        "keywords": "Dna Sequence,",
        "title_embedding": [],
        "abstract_embedding": []
    },
    {
        "id": 781,
        "label": 167,
        "title": "Decoding HMMs using the k best paths: algorithms and applications",
        "organization": null,
        "abstract": "Background: Traditional algorithms for hidden Markov model decoding seek to maximize either the probability of a state path or the number of positions of a sequence assigned to the correct state. These algorithms provide only a single answer and in practice do not produce good results. Results: We explore an alternative approach, where we efficiently compute the k paths of",
        "conf": "BMC Bioinformatics",
        "email": null,
        "coauthors": [
            "daniil golod"
        ],
        "keywords": "Membrane Protein,Hidden Markov Model,",
        "title_embedding": [],
        "abstract_embedding": []
    },
    {
        "id": 782,
        "label": 167,
        "title": "New decoding algorithms for Hidden Markov Models using distance measures on labellings",
        "organization": null,
        "abstract": "Background: Existing hidden Markov model decoding algorithms do not focus on approximately identifying the sequence feature boundaries. Results: We give a set of algorithms to compute the conditional probability of all labellings \"near\" a reference labelling l for a sequence y for a variety of definitions of \"near\". In addition, we give optimization algorithms to find the best labelling for",
        "conf": "BMC Bioinformatics",
        "email": null,
        "coauthors": [
            "jakub truszkowski"
        ],
        "keywords": "Conditional Probability,Distance Measure,Membrane Protein,Optimal Algorithm,Transmembrane Helix,Hidden Markov Model,",
        "title_embedding": [],
        "abstract_embedding": []
    },
    {
        "id": 783,
        "label": 167,
        "title": "Ancestral sequence alignment under optimal conditions",
        "organization": null,
        "abstract": "Background: Multiple genome alignment is an important problem in bioinformatics. An important subproblem used by many multiple alignment approaches is that of aligning two multiple alignments. Many popular alignment algorithms for DNA use the sum-of-pairs heuristic, where the score of a multiple alignment is the sum of its induced pairwise alignment scores. However, the biological meaning of the sum-of-pairs of",
        "conf": "BMC Bioinformatics",
        "email": null,
        "coauthors": [
            "alexander k. hudek"
        ],
        "keywords": "Multiple Alignment,Optimality Condition,Phylogenetic Tree,Sequence Alignment,Maximum Likelihood,Simulated Evolution,",
        "title_embedding": [],
        "abstract_embedding": []
    },
    {
        "id": 784,
        "label": 167,
        "title": "Optimal Spaced Seeds for Homologous Coding Regions",
        "organization": null,
        "abstract": "Optimal spaced seeds were developed as a method to increase sensitivity of local align- ment programs similar to BLASTN. Such seeds have been used before in the pro- gram PatternHunter, and have given improved sensitivity and running time relative to BLASTN in genome-genome comparison. We study the problem of computing optimal spaced seeds for detecting homologous coding regions in unannotated",
        "conf": "Journal of Bioinformatics and Computational Biology",
        "email": null,
        "coauthors": [
            "brona brejova",
            "tomas vinar"
        ],
        "keywords": "Gene Prediction,Genome Comparison,Genome Sequence,Homology Search,Local Alignment,Probabilistic Model,Sequence Alignment,Hidden Markov Model,",
        "title_embedding": [],
        "abstract_embedding": []
    },
    {
        "id": 785,
        "label": 167,
        "title": "A Tutorial of Recent Developments in the Seeding of Local Alignment",
        "organization": null,
        "abstract": "We review recent results on local alignment. We begin with a review of classical methods and early heuristic methods, and then focus on more recent work on the seeding of local alignment. We show that these techniques give a vast improvement in both sensitivity and specificity over previous methods, and can achieve sensitivity at the level of classical algorithms while",
        "conf": "Journal of Bioinformatics and Computational Biology",
        "email": null,
        "coauthors": [
            "bin ma"
        ],
        "keywords": "Heuristic Method,Homology Search,Local Alignment,Sensitivity and Specificity,Sequence Alignment,",
        "title_embedding": [],
        "abstract_embedding": []
    },
    {
        "id": 786,
        "label": 167,
        "title": "A Tutorial of Techniques for Improving Standard Hidden Markov Model Algorithms",
        "organization": null,
        "abstract": NaN,
        "conf": "Journal of Bioinformatics and Computational Biology",
        "email": null,
        "coauthors": [
            "daniil golod"
        ],
        "keywords": "Hidden Markov Model,",
        "title_embedding": [],
        "abstract_embedding": []
    },
    {
        "id": 787,
        "label": 167,
        "title": "Optimizing Multiple Spaced Seeds for Homology Search",
        "organization": null,
        "abstract": "Optimized spaced seeds improve sensitivity and specificity in local homology search. Several authors have shown that multiple seeds can have better sensitivity and specificity than single seeds. We describe a linear programming (LP)based algorithm to optimize a set of seeds. Theoretically, our algorithm offers a performance guarantee: the sensitivity of a chosen seed set is at least 70% of what",
        "conf": "Journal of Computational Biology",
        "email": null,
        "coauthors": [
            "jinbo xu",
            "ming li",
            "bin ma"
        ],
        "keywords": "Greedy Algorithm,Homology Search,Performance Guarantee,Seed Set,Sensitivity and Specificity,Linear Program,",
        "title_embedding": [],
        "abstract_embedding": []
    },
    {
        "id": 788,
        "label": 167,
        "title": "Vector seeds: An extension to spaced seeds",
        "organization": null,
        "abstract": "We present improved techniques for nding homologous regions in DNA and protein sequences. Our approach focuses on the core regions of a local pairwise alignment; we suggest new ways to characterize these regions that allow marked improvements in both specicit y and sensitivity over existing techniques for sequence alignment. For any such characterization, which we call a vector seed, we",
        "conf": "Journal of Computer and System Sciences",
        "email": null,
        "coauthors": [
            "brona brejova",
            "tomas vinar"
        ],
        "keywords": "Dna Sequence,Probabilistic Model,Protein Sequence,Sequence Alignment,",
        "title_embedding": [],
        "abstract_embedding": []
    },
    {
        "id": 789,
        "label": 167,
        "title": "The most probable annotation problem in HMMs and its application to bioinformatics",
        "organization": null,
        "abstract": "Hidden Markov models (HMMs) are often used for biological sequence annotation. Each sequence feature is represented by a collection of states with the same label. In annotating a new sequence, we seek the sequence of labels that has highest probability. Computing this most probable annotation was shown NP-hard by Lyngs and Pedersen (R.B. Lyngs, C.N.S. Pedersen, The consensus string problem",
        "conf": "Journal of Computer and System Sciences",
        "email": null,
        "coauthors": [
            "brona brejova",
            "tomas vinar"
        ],
        "keywords": "Computational Biology,Efficient Algorithm,Gene Finding,Large Classes,Transmembrane Protein,Hidden Markov Model,",
        "title_embedding": [],
        "abstract_embedding": []
    },
    {
        "id": 790,
        "label": 167,
        "title": "Optimizing Multiple Seeds for Protein Homology Search",
        "organization": null,
        "abstract": "We present a framework for improving local protein alignment algorithms. Specifically, we discuss how to extend local protein aligners to use a collection of vector seeds or ungapped alignment seeds to reduce noise hits. We model picking a set of seed models as an integer programming problem and give algorithms to choose such a set of seeds. While the problem",
        "conf": "IEEE/ACM Transactions on Computational Biology and Bioinformatics",
        "email": null,
        "coauthors": [],
        "keywords": "False Positive,Homology Search,Integer Program,Genetics,Indexing Terms,Similarity Measure,",
        "title_embedding": [],
        "abstract_embedding": []
    },
    {
        "id": 791,
        "label": 167,
        "title": "Integer Programming Approaches to Haplotype Inference by Pure Parsimony",
        "organization": null,
        "abstract": "In 2003, Gusfield introduced the Haplotype Inference by Pure Parsimony (HIPP) problem and presented an integer program (IP) that quickly solved many simulated instances of the problem (1). Although it solved well on small instances, Gusfield's IP can be of exponential size in the worst case. Several authors (2), (3) have presented polynomial-sized IPs for the problem. In this paper,",
        "conf": "IEEE/ACM Transactions on Computational Biology and Bioinformatics",
        "email": null,
        "coauthors": [
            "ian m. harrower"
        ],
        "keywords": "Genetics,Haplotype Inference,Indexing Terms,Integer Program,Haplotype Inference By Pure Parsimony,",
        "title_embedding": [],
        "abstract_embedding": []
    },
    {
        "id": 792,
        "label": 167,
        "title": "Integrating Radar Remote Sensing of Habitat Structure: A Pilot Project for Biodiversity Informatics",
        "organization": null,
        "abstract": "Mapping for biodiversity informatics requires information on habitat so that known species occurrences may be extrapolated to maps of potential species occurrences. In the case of vegetation requirements for habitat, most current datasets of actual vegetation have been derived from optical (e.g. aerial photography or Landsat) remotely sensed data. These data are largely limited to describing horizontal structure: vegetation community",
        "conf": "DG.O (Inter)National Conference on Digital Government Research",
        "email": null,
        "coauthors": [
            "kathleen bergen",
            "eric j. gustafson",
            "m. craig dobson"
        ],
        "keywords": "Aerial Photography,Community Composition,Coniferous Forest,Forest Structure,Habitat Preference,Habitat Structure,Pilot Project,Pilot Study,Remote Sensing,Remote Sensing Data,Basal Area,Multi Dimensional,",
        "title_embedding": [],
        "abstract_embedding": []
    },
    {
        "id": 793,
        "label": 167,
        "title": "Radar Remote Sensing of Habitat Structure for Biodiversity Informatics",
        "organization": null,
        "abstract": NaN,
        "conf": "DG.O (Inter)National Conference on Digital Government Research",
        "email": null,
        "coauthors": [
            "kathleen bergen",
            "eric j. gustafson",
            "m. craig dobson"
        ],
        "keywords": "Habitat Structure,Remote Sensing,",
        "title_embedding": [],
        "abstract_embedding": []
    },
    {
        "id": 794,
        "label": 167,
        "title": "Multidimensional vegetation structure in modeling avian habitat",
        "organization": null,
        "abstract": NaN,
        "conf": "Ecological Informatics",
        "email": null,
        "coauthors": [
            "kathleen bergen",
            "amy m. gilboy"
        ],
        "keywords": "Vegetation Structure,Multi Dimensional,",
        "title_embedding": [],
        "abstract_embedding": []
    },
    {
        "id": 795,
        "label": 168,
        "title": "Agent-based and analytical modeling to evaluate the effectiveness of greenbelts",
        "organization": null,
        "abstract": "We present several models of residential development at the rural-urban fringe to evaluate the effectiveness of a greenbelt loca- ted beside a developed area, for delaying development outside the greenbelt. First, we develop a mathematical model, under two assumptions about the distributions of service centers, that represents the trade-off between greenbelt placement and width, their effects on the rate of",
        "conf": "Environmental Modelling and Software",
        "email": null,
        "coauthors": [
            "scott e. page",
            "rick l. riolo",
            "william rand"
        ],
        "keywords": "Agent Based Model,Analytical Model,Heterogeneous Agents,Heterogeneous Preferences,Land Use Change,Landscape Ecology,Landscape Pattern,Mathematical Analysis,Mathematical Model,Spatial Pattern,Urban Sprawl,Agent Based,",
        "title_embedding": [],
        "abstract_embedding": []
    },
    {
        "id": 796,
        "label": 168,
        "title": "Classification and Boundary Vagueness in Mapping Presettlement Forest Types",
        "organization": null,
        "abstract": "Presettlement forest types were mapped as fuzzy sets from point data representing trees contained in General Land OA ce survey notes (circa 1850) for Chippewa County, Michigan. The resulting representation agreed with a polygon map of the same forest types at 66% of the locations (represented as grid cells) in the county. Boundary vagueness was de ned in relation to",
        "conf": "International Journal of Geographical Information Science",
        "email": null,
        "coauthors": [],
        "keywords": "Fuzzy Set,linear functionals,Vegetation Mapping,",
        "title_embedding": [],
        "abstract_embedding": []
    },
    {
        "id": 797,
        "label": 168,
        "title": "Spatial simulation for translating from land use to land cover",
        "organization": null,
        "abstract": "An approach to simulating land-cover patterns based on historical land-use maps and forecasts based on models and planning documents is described and demonstrated. The approach uses stochastic spatial simulation to generate land-cover patterns on the basis of a land-use map and stated translation rules. The translation rules take the form of (1) a table that summarizes the proportions of each",
        "conf": "International Journal of Geographical Information Science",
        "email": null,
        "coauthors": [
            "jiunn-der duh"
        ],
        "keywords": "Ecological Impact,Land Cover Mapping,Land Use,Land Cover,",
        "title_embedding": [],
        "abstract_embedding": []
    },
    {
        "id": 798,
        "label": 168,
        "title": "Path dependence and the validation of agent-based spatial models of land use",
        "organization": null,
        "abstract": "In this paper, we identify two distinct notions of accuracy of land-use models and highlight a tension between them. A model can have predictive accuracy: its predicted land-use pattern can be highly correlated with the actual land-use pattern. A model can also have process accuracy: the process by which locations or land-use patterns are determined can be consistent with real",
        "conf": "International Journal of Geographical Information Science",
        "email": null,
        "coauthors": [
            "scott e. page",
            "rick l. riolo",
            "moira zellner",
            "william rand"
        ],
        "keywords": "Agent Based Model,Complex System,Data Collection,Land Use,Land Use Change,Land Use Pattern,Model Performance,Model Validation,Path Dependence,Prediction Accuracy,Spatial Model,Urban Sprawl,Agent Based,",
        "title_embedding": [],
        "abstract_embedding": []
    },
    {
        "id": 799,
        "label": 168,
        "title": "Spatial agent-based modelling",
        "organization": null,
        "abstract": NaN,
        "conf": "International Journal of Geographical Information Science",
        "email": null,
        "coauthors": [
            "yichun xie"
        ],
        "keywords": "Agent Based Modelling,",
        "title_embedding": [],
        "abstract_embedding": []
    },
    {
        "id": 800,
        "label": 168,
        "title": "Evaluating the effects of land-use development policies on exurban forest cover: An integrated agent-based GIS approach",
        "organization": null,
        "abstract": "We use a GIS-based agent-based model (ABM), named dynamic ecological exurban development (DEED), with spatial data in hypothetical scenarios to evaluate the individual and interacting effects of lot-size zoning and municipal land-acquisition strategies on possible forest-cover outcomes in Scio Township, a municipality in Southeastern Michigan. Agent types, characteristics, behavioural methods, and landscape perceptions (i.e. landscape aesthetics) are empirically informed using",
        "conf": "International Journal of Geographical Information Science",
        "email": null,
        "coauthors": [
            "derek t. robinson"
        ],
        "keywords": "Agent Based Model,Agent Based Modelling,Development Policy,Forest Conservation,Forest Cover,Geographic Information System,Interaction Effect,Land Use,Lot Sizing,Spatial Data,Survey Data,Urban Forest,Agent Based,Land Use Land Cover,",
        "title_embedding": [],
        "abstract_embedding": []
    },
    {
        "id": 801,
        "label": 168,
        "title": "Spatial process and data models: Toward integration of agent-based models and GIS",
        "organization": null,
        "abstract": "The use of object-orientation for both spatial data and spatial process models facilitates their integration, which can allow exploration and explanation of spatial-temporal phenomena. In order to better understand how tight coupling might proceed and to evaluate the possible functional and efficiency gains from such a tight coupling, we identify four key relationships affecting how geographic data (fields and objects)",
        "conf": "Journal of Geographical Systems",
        "email": null,
        "coauthors": [
            "rick l. riolo",
            "derek t. robinson",
            "michael north",
            "william rand"
        ],
        "keywords": "Agent Based Model,Data Model,Middleware,Object Oriented,Process Model,Spatial Data,Spatial Process,Tight Coupling,Agent Based,",
        "title_embedding": [],
        "abstract_embedding": []
    },
    {
        "id": 802,
        "label": 168,
        "title": "Simulating error propagation in land-cover change analysis: The implications of temporal dependence",
        "organization": null,
        "abstract": "We examined factors that affect the propagation of error in analyses of land-cover change clas- sified from multi-temporal satellite imagery by simulating multiple versions of land-cover maps at two times, time-1 and time-2. The maps, each with two categories of land-cover, were produced to investigate three specific attributes that affect change-detection accuracy: (1) the pattern of change that produced a",
        "conf": "Computers, Environment and Urban Systems",
        "email": null,
        "coauthors": [
            "amy c. burnicki",
            "pierre goovaerts"
        ],
        "keywords": "Change Analysis,Change Detection,Error Propagation,Land Cover Change,Land Cover Mapping,Satellite Imagery,Spatial Pattern,Land Cover,",
        "title_embedding": [],
        "abstract_embedding": []
    },
    {
        "id": 803,
        "label": 168,
        "title": "Knowledge-informed Pareto simulated annealing for multi-objective spatial allocation",
        "organization": null,
        "abstract": "Spatial allocation is the process of assigning different attributes (e.g., land-use or land-cover) to spatial entities (e.g., map polygons or grid cells). It is an exercise that often requires the analysis of multiple, sometimes conflicting, objectives. Multi-objective spatial allocation problems often exhibit substantial computational complexity, especially when spatial pattern characteristics are specified as the allocation objectives. Optimization techniques that incorporate",
        "conf": "Computers, Environment and Urban Systems",
        "email": null,
        "coauthors": [
            "jiunn-der duh"
        ],
        "keywords": "Computational Complexity,Land Use,Optimization Technique,pareto optimal solution,Perforation,Simulated Annealing,Simulated Annealing Algorithm,Spatial Pattern,Land Cover,",
        "title_embedding": [],
        "abstract_embedding": []
    },
    {
        "id": 804,
        "label": 168,
        "title": "Simulation in spatial analysis and modeling",
        "organization": null,
        "abstract": NaN,
        "conf": "Computers, Environment and Urban Systems",
        "email": null,
        "coauthors": [
            "yichun xie"
        ],
        "keywords": "Spatial Analysis,",
        "title_embedding": [],
        "abstract_embedding": []
    }
]