[
    {
        "id": 748,
        "label": 166,
        "title": "Dynamic and Distributed Multipath Routing Policy for High-Speed Cluster Networks",
        "organization": null,
        "abstract": NaN,
        "conf": "Cluster Computing and the Grid",
        "email": null,
        "coauthors": [
            "diego lugones",
            "emilio luque"
        ],
        "keywords": "High Speed,Multipath Routing,",
        "title_embedding": [],
        "abstract_embedding": []
    },
    {
        "id": 749,
        "label": 166,
        "title": "Fast-Response Dynamic Routing Balancing for high-speed interconnection networks",
        "organization": null,
        "abstract": NaN,
        "conf": "Cluster Computing",
        "email": null,
        "coauthors": [
            "diego lugones",
            "emilio luque"
        ],
        "keywords": "Dynamic Routing,High Speed,Interconnection Network,",
        "title_embedding": [],
        "abstract_embedding": []
    },
    {
        "id": 750,
        "label": 166,
        "title": "A Multipath Fault-Tolerant Routing Method for High-Speed Interconnection Networks",
        "organization": null,
        "abstract": NaN,
        "conf": "European Conference on Parallel Processing",
        "email": null,
        "coauthors": [
            "gonzalo zarza",
            "diego lugones",
            "emilio luque"
        ],
        "keywords": "Fault-tolerant Routing,High Speed,Interconnection Network,",
        "title_embedding": [],
        "abstract_embedding": []
    },
    {
        "id": 751,
        "label": 166,
        "title": "Avoiding Communication HotSpots in Interconnection Networks",
        "organization": null,
        "abstract": "In creating interconnection networks for parallel computers an efficient design is crucial because of its impact on the performance. A high speed routing scheme that minimises contention and avoids the formation of hot-spots should be included. We have developed a new method to uniformly balance communication traffic over the interconnection network called Distributed Routing Balancing (DRB) based on limited and",
        "conf": "Hawaii International Conference on System Sciences",
        "email": null,
        "coauthors": [
            "i. garces",
            "emilio luque"
        ],
        "keywords": "Adaptive Routing,High Speed,Hot Spot,Interconnection Network,Network Traffic,Parallel Computer,Path Selection,Distribution Uniformity,",
        "title_embedding": [],
        "abstract_embedding": []
    },
    {
        "id": 752,
        "label": 166,
        "title": "Adaptive Multipath Routing for Congestion Control in InfiniBand Networks",
        "organization": null,
        "abstract": NaN,
        "conf": "International Conference on Parallel Processing",
        "email": null,
        "coauthors": [
            "diego lugones",
            "emilio luque"
        ],
        "keywords": "Congestion Control,Multipath Routing,",
        "title_embedding": [],
        "abstract_embedding": []
    },
    {
        "id": 753,
        "label": 166,
        "title": "A new method to make communication latency uniform: distributed routing balancing",
        "organization": null,
        "abstract": "We have developed a new method to uniformly balance communication traffic over the interconnection network called Distributed Routing Balancing (DRB) that is based on limited and load-controlled path expansion in order to maintain a low message latency. DRB defines how to create alternative paths to expand single paths (expanded path definition) and when to use them depending on traffic load",
        "conf": "International Conference on Supercomputing",
        "email": null,
        "coauthors": [
            "i. garces",
            "emilio luque"
        ],
        "keywords": "Adaptive Routing,Hot Spot,Interconnection Network,Network Traffic,Path Selection,Uniform Distribution,Distribution Uniformity,",
        "title_embedding": [],
        "abstract_embedding": []
    },
    {
        "id": 754,
        "label": 166,
        "title": "High-speed network modeling for full system simulation",
        "organization": null,
        "abstract": NaN,
        "conf": "IEEE International Symposium on Workload Characterization",
        "email": null,
        "coauthors": [
            "diego lugones",
            "dolores rexachs",
            "juan c. moure",
            "emilio luque",
            "eduardo argollo",
            "ayose falcon",
            "daniel ortega",
            "paolo faraboschi"
        ],
        "keywords": "High Speed Networks,System Simulation,",
        "title_embedding": [],
        "abstract_embedding": []
    },
    {
        "id": 755,
        "label": 166,
        "title": "Analytical Modeling of the Network Traffic Performance",
        "organization": null,
        "abstract": NaN,
        "conf": "Modeling, Analysis, and Simulation On Computer and Telecommunication Systems",
        "email": null,
        "coauthors": [
            "i. garces",
            "emilio luque"
        ],
        "keywords": "Analytical Model,Network Traffic,",
        "title_embedding": [],
        "abstract_embedding": []
    },
    {
        "id": 756,
        "label": 166,
        "title": "Models for high-speed interconnection networks performance analysis",
        "organization": null,
        "abstract": NaN,
        "conf": "Modeling, Analysis, and Simulation On Computer and Telecommunication Systems",
        "email": null,
        "coauthors": [
            "diego lugones",
            "eduardo argollo",
            "emilio luque"
        ],
        "keywords": "High Speed,Interconnection Network,Performance Analysis,",
        "title_embedding": [],
        "abstract_embedding": []
    },
    {
        "id": 757,
        "label": 166,
        "title": "TransCom: A Communication Microkernel for Transputers",
        "organization": null,
        "abstract": NaN,
        "conf": "Parallel, Distributed and Network-Based Processing",
        "email": null,
        "coauthors": [
            "juan c. moure",
            "elisa heymann",
            "emilio luque"
        ],
        "keywords": null,
        "title_embedding": [],
        "abstract_embedding": []
    },
    {
        "id": 758,
        "label": 166,
        "title": "FT-DRB: A Method for Tolerating Dynamic Faults in High-Speed Interconnection Networks",
        "organization": null,
        "abstract": NaN,
        "conf": "Parallel, Distributed and Network-Based Processing",
        "email": null,
        "coauthors": [
            "gonzalo zarza",
            "diego lugones",
            "emilio luque"
        ],
        "keywords": "High Speed,Interconnection Network,",
        "title_embedding": [],
        "abstract_embedding": []
    },
    {
        "id": 759,
        "label": 166,
        "title": "Deadlock Avoidance for Interconnection Networks with Multiple Dynamic Faults",
        "organization": null,
        "abstract": NaN,
        "conf": "Parallel, Distributed and Network-Based Processing",
        "email": null,
        "coauthors": [
            "gonzalo zarza",
            "diego lugones",
            "emilio luque"
        ],
        "keywords": "Deadlock Avoidance,Interconnection Network,",
        "title_embedding": [],
        "abstract_embedding": []
    },
    {
        "id": 760,
        "label": 166,
        "title": "Analysis of Distributed Routing Balancing behavior",
        "organization": null,
        "abstract": "Distributed Routing Balancing (DRB) is a method developed to uniformly balance communication traffic over the interconnection network. DRB takes a similar approach to communications as load balancing does to processes in a distributed environment. The key ideas behind DRB are to distribute communication load based on limited and load-controlled path expansion, in order to maintain low message latency. In this",
        "conf": "ACM Symposium on Applied Computing",
        "email": null,
        "coauthors": [
            "i. garces"
        ],
        "keywords": "Adaptive Routing,Distributed Environment,Hot Spot,Interconnection Network,Load Balance,",
        "title_embedding": [],
        "abstract_embedding": []
    },
    {
        "id": 761,
        "label": 166,
        "title": "Dynamic Routing Balancing in Parallel Computer Interconnection Networks",
        "organization": null,
        "abstract": NaN,
        "conf": "Vector and Parallel Processing",
        "email": null,
        "coauthors": [
            "i. garces",
            "emilio luque"
        ],
        "keywords": "Dynamic Routing,Interconnection Network,Parallel Computer,",
        "title_embedding": [],
        "abstract_embedding": []
    }
]