[
    {
        "id": 833,
        "label": 181,
        "title": "A game controller based on multiple sensors",
        "organization": null,
        "abstract": "A digital game is normally controlled by hand. Playing such a game requires only minimum hand movements. Rather than being easy and comfortable, this game controller is de- signed to be physically taxing for the players. It consists of several sensors, which makes a game more lively and forces the users to be more physically active. By using different mapping",
        "conf": "Advances in Computer Entertainment Technology",
        "email": null,
        "coauthors": [
            "zhongjie cai",
            "kefei chen",
            "bernhard nebel"
        ],
        "keywords": "Digital Games,Human Computer Interaction,Physical Activity,Quality of Control,",
        "title_embedding": [],
        "abstract_embedding": []
    },
    {
        "id": 834,
        "label": 181,
        "title": "Learning a Table Soccer Robot a New Action Sequence by Observing and Imitating",
        "organization": null,
        "abstract": "Star-Kick is a commercially available and fully auto- matic table soccer (foosball) robot, which plays table soccer games against human players on a competitive level. One of our research goals is to learn this table soccer robot skillful actions similar to a human player based on a moderate number of trials. Two indepen- dent learning algorithms are employed for learning",
        "conf": "Artificial Intelligence and Interactive Digital Entertainment Conference",
        "email": null,
        "coauthors": [
            "bernhard nebel"
        ],
        "keywords": "Effective Action,Learning Algorithm,",
        "title_embedding": [],
        "abstract_embedding": []
    },
    {
        "id": 835,
        "label": 181,
        "title": "A table soccer game recorder",
        "organization": null,
        "abstract": NaN,
        "conf": "International Conference on Intelligent RObots and Systems - IROS",
        "email": null,
        "coauthors": [
            "armin hornung"
        ],
        "keywords": null,
        "title_embedding": [],
        "abstract_embedding": []
    },
    {
        "id": 836,
        "label": 181,
        "title": "On-Line Detection of Rule Violations in Table Soccer",
        "organization": null,
        "abstract": NaN,
        "conf": "German Conference on Artificial Intelligence",
        "email": null,
        "coauthors": [
            "armin hornung"
        ],
        "keywords": "Line Detection,",
        "title_embedding": [],
        "abstract_embedding": []
    },
    {
        "id": 837,
        "label": 181,
        "title": "Adaptive Vision for Playing Table Soccer",
        "organization": null,
        "abstract": NaN,
        "conf": "German Conference on Artificial Intelligence",
        "email": null,
        "coauthors": [
            "thilo weigel",
            "klaus rechert",
            "bernhard nebel"
        ],
        "keywords": null,
        "title_embedding": [],
        "abstract_embedding": []
    }
]