[
    {
        "id": 838,
        "label": 182,
        "title": "ViroLab Security and Virtual Organization Infrastructure",
        "organization": null,
        "abstract": NaN,
        "conf": "Advanced Parallel Programming Technologies",
        "email": null,
        "coauthors": [
            "jan meizner",
            "maciej malawski",
            "eryk ciepiela",
            "marek kasztelnik",
            "daniel harezlak",
            "piotr nowakowski",
            "tomasz gubala",
            "wlodzimierz funika",
            "marian bubak",
            "tomasz mikolajczyk",
            "pawel plaszczak",
            "krzysztof wilk",
            "matthias assel"
        ],
        "keywords": "Virtual Organization,",
        "title_embedding": [],
        "abstract_embedding": []
    },
    {
        "id": 839,
        "label": 182,
        "title": "Virtual Laboratory for Development and Execution of Biomedical Collaborative Applications",
        "organization": null,
        "abstract": NaN,
        "conf": "IEEE Symposium on Computer-Based Medical Systems",
        "email": null,
        "coauthors": [
            "marian bubak",
            "tomasz gubala",
            "maciej malawski",
            "bartosz balis",
            "wlodzimierz funika",
            "tomasz bartynski",
            "eryk ciepiela",
            "daniel harezlak",
            "marek kasztelnik",
            "joanna kocot",
            "piotr nowakowski",
            "michal pelczar",
            "jakub wach",
            "matthias assel",
            "alfredo tirado-ramos"
        ],
        "keywords": "Collaborative Application,Virtual Laboratory,",
        "title_embedding": [],
        "abstract_embedding": []
    },
    {
        "id": 840,
        "label": 182,
        "title": "Environment for Collaborative Development and Execution of Virtual Laboratory Applications",
        "organization": null,
        "abstract": NaN,
        "conf": "International Conference on Computational Science",
        "email": null,
        "coauthors": [
            "wlodzimierz funika",
            "daniel harezlak",
            "marian bubak"
        ],
        "keywords": "Virtual Laboratory,",
        "title_embedding": [],
        "abstract_embedding": []
    },
    {
        "id": 841,
        "label": 182,
        "title": "Monitoring of SLA Parameters within VO for the SOA Paradigm",
        "organization": null,
        "abstract": NaN,
        "conf": "Parallel Processing and Applied Mathematics",
        "email": null,
        "coauthors": [
            "wlodzimierz funika",
            "bartosz kryza",
            "renata slota",
            "jacek kitowski",
            "kornel skalkowski",
            "jakub sendor"
        ],
        "keywords": null,
        "title_embedding": [],
        "abstract_embedding": []
    }
]