[
    {
        "id": 842,
        "label": 183,
        "title": "BOSUN - An In-House Developed Software Monitor for ACP/TPF Systems",
        "organization": null,
        "abstract": NaN,
        "conf": "Computer Measurement Group Conference",
        "email": null,
        "coauthors": [],
        "keywords": null,
        "title_embedding": [],
        "abstract_embedding": []
    },
    {
        "id": 843,
        "label": 184,
        "title": "Interfaces for the Active Web",
        "organization": null,
        "abstract": NaN,
        "conf": "Interacting with Computers",
        "email": null,
        "coauthors": [
            "alan j. dix"
        ],
        "keywords": null,
        "title_embedding": [],
        "abstract_embedding": []
    },
    {
        "id": 844,
        "label": 184,
        "title": "Interfaces for the Active Web (Part 2)",
        "organization": null,
        "abstract": NaN,
        "conf": "Interacting with Computers",
        "email": null,
        "coauthors": [
            "alan j. dix"
        ],
        "keywords": null,
        "title_embedding": [],
        "abstract_embedding": []
    },
    {
        "id": 845,
        "label": 185,
        "title": "ESD event simulation automation using automatic extraction of the relevant portion of a full chip",
        "organization": null,
        "abstract": NaN,
        "conf": "International Symposium on Quality Electronic Design",
        "email": null,
        "coauthors": [
            "thorsten weyl",
            "karl rinne",
            "james a. power"
        ],
        "keywords": null,
        "title_embedding": [],
        "abstract_embedding": []
    }
]