[
    {
        "id": 869,
        "label": 199,
        "title": "Improving medium-sized media clip distribution through transparent tail synchronization",
        "organization": null,
        "abstract": "The emergence of popular video sharing sites such as YouTube has created a tremendous content shift towards timely, medium-sized media together with placing significant deman ds on the network. While techniques such as Application Layer Multicast and P2P streaming offer the potential to reduce the impact of general streaming content, the difficulty in impos ing synchronization and the heavy asymmetry",
        "conf": "International Conference on Broadband Networks",
        "email": null,
        "coauthors": [
            "aaron striegel",
            "david salyers",
            "yingxin jiang",
            "andrew blaich"
        ],
        "keywords": "Application Layer Multicast,P2P,",
        "title_embedding": [],
        "abstract_embedding": []
    }
]