[
    {
        "id": 865,
        "label": 195,
        "title": "SofTOA: Software Ranging for TOA-Based Positioning of WLAN Terminals",
        "organization": null,
        "abstract": NaN,
        "conf": "Location- and Context-Awareness",
        "email": null,
        "coauthors": [
            "marc ciurana",
            "francisco barcelo-arroyo"
        ],
        "keywords": null,
        "title_embedding": [],
        "abstract_embedding": []
    },
    {
        "id": 866,
        "label": 196,
        "title": "Extending SWRL to Enhance Mathematical Support",
        "organization": null,
        "abstract": "This paper presents an extension to the Semantic Web Rule Language and a methodology to enable advanced mathematical support in SWRL rules. This solution separates mathematical and problem se- mantics allowing the inclusion of integration, differentiation and other operations not built-in to SWRL. Using this approach, it is possible to create rules to cope with complex scenarios that include mathematical",
        "conf": "Web Reasoning and Rule Systems",
        "email": null,
        "coauthors": [
            "alfonso sanchez-macian",
            "encarna pastor",
            "jorge e. lopez de vergara"
        ],
        "keywords": "Semantic Web Rule Language,",
        "title_embedding": [],
        "abstract_embedding": []
    }
]