[
    {
        "id": 860,
        "label": 191,
        "title": "Reducing the Risk of Spreadsheet Usage - a Case Study",
        "organization": null,
        "abstract": "The frequency with which spreadsheets are used and the associated risk is well known. Many tools and techniques have been developed which help reduce risks associate with creating and maintaining spreadsheet. However, little consideration has been given to reducing the risks of routine usage by the consumers - for example when entering and editing data. EASA's solution, available commercially, ensures Case Study;Intellectual Property;Tools and Techniques;Version Control;web-based applications; Computing Research Repository http://arxiv.org/abs/0908.1584,http://www.informatik.uni-trier.de/~ley/db/journals/corr/corr0908.html#abs-0908-1584,http://www.easasoftware.com/articles/Reducing_the_Risk_and_Cost_of_using_Spreadsheets_EuSpRIG_July_2009.pdf 2009",
        "conf": NaN,
        "email": null,
        "coauthors": [
            "mel glass",
            "sebastian dewhurst"
        ],
        "keywords": null,
        "title_embedding": [],
        "abstract_embedding": []
    },
    {
        "id": 861,
        "label": 192,
        "title": "A Note on the Equivalence of Gibbs Free Energy and Information Theoretic Capacity",
        "organization": null,
        "abstract": "The minimization of Gibbs free energy is based on the changes in work and free energy that occur in a physical or chemical system. The maximization of mutual information, the capacity, of a noisy channel is determined based on the marginal probabilities and conditional entropies associated with a communications system. As different as the procedures might first appear, through the Binary Symmetric Channel;Communication System;Conditional Entropy;Free Energy;Gibbs Free Energy;ising model;Mutual Information;Information Theoretic; Computing Research Repository http://arxiv.org/abs/0809.3540,http://www.informatik.uni-trier.de/~ley/db/journals/corr/corr0809.html#abs-0809-3540 2008",
        "conf": NaN,
        "email": null,
        "coauthors": [],
        "keywords": null,
        "title_embedding": [],
        "abstract_embedding": []
    }
]