[
    {
        "id": 862,
        "label": 193,
        "title": "Switch-Level Concurrent Fault Simulation Based on a General Purpose List Traversal Mechanism",
        "organization": null,
        "abstract": NaN,
        "conf": "International Test Conference",
        "email": null,
        "coauthors": [
            "deborah machlin",
            "sudhir kadkade",
            "ernst ulrich"
        ],
        "keywords": "Fault Simulation,",
        "title_embedding": [],
        "abstract_embedding": []
    }
]