[
    {
        "id": 856,
        "label": 189,
        "title": "Fuzzy Constraint Propagation with Continuous Labels",
        "organization": null,
        "abstract": NaN,
        "conf": "Fuzzy Systems and Knowledge Discovery",
        "email": null,
        "coauthors": [
            "k. robert lai"
        ],
        "keywords": "Fuzzy Constraints,",
        "title_embedding": [],
        "abstract_embedding": []
    },
    {
        "id": 857,
        "label": 189,
        "title": "Application of Constraint-based Fuzzy Logic Controller for PH Control of a Flue Gas Desulfurization System",
        "organization": null,
        "abstract": NaN,
        "conf": "IEEE International Conference on Fuzzy Systems",
        "email": null,
        "coauthors": [
            "k. robert lai",
            "trank li"
        ],
        "keywords": "Fuzzy Logic Controller,Ph Control,Flue Gas Desulfurization,",
        "title_embedding": [],
        "abstract_embedding": []
    }
]