[
    {
        "id": 905,
        "label": 207,
        "title": "Route Lifetime Based Optimal Hop Selection in VANETs on Highway: An Analytical Viewpoint",
        "organization": null,
        "abstract": "We consider the problem of optimal next-hop selection in a route between two vehicles, for a simple scenario of Vehicular ad hoc networks (VANETs) on a highway. For a given approximation of the optimal number of hops, we seek the optimal choice of next-hop based on its speed and inter-node distances, so as to maximize the expected route lifetime. Under",
        "conf": "Networking",
        "email": null,
        "coauthors": [
            "arzad alam kherani",
            "eitan altman"
        ],
        "keywords": "Optimal Policy,Optimal Routing,Routing Protocol,Vehicular Ad Hoc Network,",
        "title_embedding": [],
        "abstract_embedding": []
    },
    {
        "id": 906,
        "label": 207,
        "title": "Globally Optimal User-Network Association in an 802.11 WLAN & 3G UMTS Hybrid Cell",
        "organization": null,
        "abstract": "Abstract. With more and more users subscribing to wireless broadband services, it is desirable for them to have access to both WLAN and UMTS networks. We study glob- ally optimal user-network association in an integrated WLAN and UMTS hybrid cell. The association problem is formulated as a generic MDP (Markov Decision Process) connection routing decision problem. In the formulation, mobile",
        "conf": "International Teletraffic Congress",
        "email": null,
        "coauthors": [
            "eitan altman",
            "jean marc kelif"
        ],
        "keywords": "Decision Problem,Global Optimization,Network Model,poisson process,State Dependence,Value Iteration,Dynamic Programming Equation,Markov Decision Process,",
        "title_embedding": [],
        "abstract_embedding": []
    },
    {
        "id": 907,
        "label": 207,
        "title": "A structural property of solutions to path optimization problems in random access networks",
        "organization": null,
        "abstract": "The inherent nature of the physical setup and trans- mission mechanism in wireless ad hoc networks with random channel access, results in correlation between the link metrics of adjacent links, when considering path optimization problems. We identify a special structure inherent to the solution of Dynamic Programming (DP) problem arising in such an optimization over paths. According to this structure,",
        "conf": "Modeling and Optimization in Mobile, Ad-Hoc and Wireless Networks",
        "email": null,
        "coauthors": [
            "arzad alam kherani",
            "eitan altman"
        ],
        "keywords": "Dynamic Program,Network Topology,Optimal Path,Optimal Policy,Optimization Problem,Random Access,Routing Algorithm,Satisfiability,Structural Properties,Time Complexity,Wireless Ad Hoc Network,Wireless Network,Channel Access,",
        "title_embedding": [],
        "abstract_embedding": []
    },
    {
        "id": 908,
        "label": 207,
        "title": "Capacity optimizing hop distance in a mobile ad hoc network with power control",
        "organization": null,
        "abstract": "In a dense multi-hop network of mobile nodes capa- ble of applying adaptive power control, we consider the problem of finding the optimal hop distance that maximizes a certain throughput measure in bit-metres/sec, subject to average network power constraints. The mobility of nodes is restricted to a circular periphery area centered at the nominal location of nodes. We incorporate only",
        "conf": "Modeling and Optimization in Mobile, Ad-Hoc and Wireless Networks",
        "email": null,
        "coauthors": [
            "venkatesh ramaiyan",
            "anurag kumar",
            "eitan altman"
        ],
        "keywords": "Mobile Ad Hoc Network,multi-hop network,Numerical Analysis,Path Loss,Probability Density Function,Mobile Node,Power Control,",
        "title_embedding": [],
        "abstract_embedding": []
    },
    {
        "id": 909,
        "label": 207,
        "title": "User-Network Association in a WLAN-UMTS Hybrid Cell: Global & Individual Optimality",
        "organization": null,
        "abstract": "We study optimal user-network association in an integrated 802.11 WLAN and 3G-UMTS hybrid cell. Assuming saturated resource allocation on the downlink of WLAN and UMTS networks and a single QoS class of mobiles arriving at an average location in the hybrid cell, we formulate the problem with two different approaches: Global and Individual optimality. The Globally optimal association is formulated Decision Problem;Dynamic Game;Global Optimization;Optimal Policy;Resource Allocation;Semi Markov Decision Process;Value Iteration;Dynamic Programming Equation; Computing Research Repository http://www.informatik.uni-trier.de/~ley/db/journals/corr/corr0608.html#abs-cs-0608025,http://arxiv.org/abs/cs/0608025 2006",
        "conf": NaN,
        "email": null,
        "coauthors": [
            "eitan altman",
            "jean-marc kelif"
        ],
        "keywords": null,
        "title_embedding": [],
        "abstract_embedding": []
    },
    {
        "id": 910,
        "label": 207,
        "title": "New Cross-Layer Channel Switching Policy for TCP Transmission on 3G UMTS Downlink",
        "organization": null,
        "abstract": "In 3G UMTS, two main transport channels have been provided for downlink data trans- mission: a common FACH channel and a dedicated DCH channel. The performance of TCP in UMTS depends much on the channel switching policy used. In this paper, we propose and analyze three new basic threshold-based channel switching policies for UMTS that we name as QS (Queue",
        "conf": "Computing Research Repository",
        "email": null,
        "coauthors": [
            "dhiman barman",
            "eitan altman",
            "jean-marc kelif"
        ],
        "keywords": "Buffer Management,Cross Layer,",
        "title_embedding": [],
        "abstract_embedding": []
    }
]