[
    {
        "id": 934,
        "label": 211,
        "title": "A Relationship Between the Probabilistic and the Possibilistic Logic",
        "organization": null,
        "abstract": NaN,
        "conf": "Computing and Informatics / Computers and Artificial Intelligence",
        "email": null,
        "coauthors": [],
        "keywords": "possibilistic logic,",
        "title_embedding": [],
        "abstract_embedding": []
    },
    {
        "id": 935,
        "label": 211,
        "title": "Possibilistic Information Measures and Selection Approach",
        "organization": null,
        "abstract": NaN,
        "conf": "Computing and Informatics / Computers and Artificial Intelligence",
        "email": null,
        "coauthors": [],
        "keywords": null,
        "title_embedding": [],
        "abstract_embedding": []
    }
]