[
    {
        "id": 948,
        "label": 213,
        "title": "Traversability Classification using Unsupervised on-line Visual Learning for Outdoor Robot Navigation",
        "organization": null,
        "abstract": "Estimating the traversability of terrain in an un- structured outdoor environment is a core functionality for au- tonomous robot navigation. While general-purpose sensing can be used to identify the existence of terrain features such as vegetation and sloping ground, the traversability of these regions is a complex function of the terrain characteristics and vehicle capabilities, which makes it extremely difficult",
        "conf": "International Conference on Robotics and Automation",
        "email": null,
        "coauthors": [
            "jie sun",
            "sang min oh",
            "james m. rehg",
            "aaron f. bobick"
        ],
        "keywords": "Autonomous Mobile Robot,Complex Terrain,Data Collection,Learning Algorithm,Learning Methods,Learning Process,On-line Learning,Optimal Path,Path Following,Robot Navigation,Stereo Vision,Visual Cues,Visual Features,Visual Learning,",
        "title_embedding": [],
        "abstract_embedding": []
    },
    {
        "id": 949,
        "label": 213,
        "title": "Traversability classification for UGV navigation: a comparison of patch and superpixel representations",
        "organization": null,
        "abstract": "AbstractRobot navigation in complex outdoor terrain can benefit from accurate traversability classification. Appearancebased traversability estimation can provide a long-range sensing capability which complements the traditional use of stereo or LIDAR ranging. In the standard approach to traversability classification, each image frame is decomposed into patches or pixels for further analysis. However, classification at the pixel level is prone to noise",
        "conf": "International Conference on Intelligent RObots and Systems - IROS",
        "email": null,
        "coauthors": [
            "sang min oh",
            "james m. rehg"
        ],
        "keywords": "Classification Accuracy,Complex Terrain,Robot Navigation,Long Range,",
        "title_embedding": [],
        "abstract_embedding": []
    }
]