[
    {
        "id": 958,
        "label": 217,
        "title": "On the Phase Reduction and Response Dynamics of Neural Oscillator Populations",
        "organization": null,
        "abstract": "Weundertakeaprobabilisticanalysisoftheresponseofrepetitivelye ring neural populations to simple pulselike stimuli. Recalling and extending results from the literature, we compute phase response curves (PRCs) valid near bifurcations to periodic e ring for Hindmarsh-Rose, Hodgkin- Huxley, FitzHugh-Nagumo, and Morris-Lecar models, encompassing the four generic (codimension one) bifurcations. Phase density equations are then used to analyze the role of the bifurcation, and the resulting PRC,",
        "conf": "Neural Computation",
        "email": null,
        "coauthors": [
            "jeff moehlis",
            "philip holmes"
        ],
        "keywords": "Neural Oscillator,Phase Response Curve,Signal Processing,fitzhugh nagumo,Hodgkin Huxley,",
        "title_embedding": [],
        "abstract_embedding": []
    }
]