[
    {
        "id": 960,
        "label": 219,
        "title": "An Architecture for Active Network Performance Management Based on Intelligent Agents",
        "organization": null,
        "abstract": NaN,
        "conf": "Mobile Agents for Telecommunication Applications",
        "email": null,
        "coauthors": [
            "antonio barba"
        ],
        "keywords": "Active Network,Intelligent Agent,Performance Management,",
        "title_embedding": [],
        "abstract_embedding": []
    }
]