[
    {
        "id": 969,
        "label": 221,
        "title": "Fusion of 2D and 3D data in three-dimensional face recognition",
        "organization": null,
        "abstract": "We discuss the synthesis between the 3D and the 2D data in three-dimensional face recognition. We show how to com- pensate for the illumination and facial expressions using the 3D facial geometry and present the approach of canonical images, which allows to incorporate geometric information into standard face recognition approaches.",
        "conf": "International Conference on Image Processing",
        "email": null,
        "coauthors": [
            "alexander m. bronstein",
            "michael m. bronstein",
            "ron kimmel"
        ],
        "keywords": "Face Recognition,Facial Expression,Three Dimensional,",
        "title_embedding": [],
        "abstract_embedding": []
    }
]