[
    {
        "id": 970,
        "label": 222,
        "title": "Discriminating Fault Rate and Persistency to Improve Fault Treatment",
        "organization": null,
        "abstract": "In this paper the consolidate identification of faults, distinguished as transient or perma - nent/intermittent, is approached. Transient faults discrimination has long been performed in commercial systems: threshold-based techniques have been practiced for several years for this purpose. The present work aims to contribute to the usefulness of the count-and-threshold scheme, through the analysis of its behaviour and the exploration",
        "conf": "Symposium on Fault-Tolerant Computing",
        "email": null,
        "coauthors": [
            "andrea bondavalli",
            "silvano chiaradonna",
            "felicita di giandomenico"
        ],
        "keywords": "Analytical Model,Threshold Scheme,Transient Fault,",
        "title_embedding": [],
        "abstract_embedding": []
    },
    {
        "id": 971,
        "label": 222,
        "title": "A New Heuristic to Discriminate between Transient and Intermittent Faults",
        "organization": null,
        "abstract": "Abstract Effective discrimination,between,transient and permanent,faults is a very important,practical prob - lem in (dependable) system,design. A count-andthreshold mechanism named -count, designed to discriminate between transient faults and intermittent faults in computing systems, is presented in an en - hanced,embodiment.,It retains enough,simplicity to allow exhaustive analysability through simple models. It is shown,that the introduction,of two operating thresholds, instead of the single",
        "conf": "High-Assurance Systems",
        "email": null,
        "coauthors": [
            "andrea bondavalli",
            "silvano chiaradonna"
        ],
        "keywords": "Dependable Systems,Transient Fault,",
        "title_embedding": [],
        "abstract_embedding": []
    },
    {
        "id": 972,
        "label": 222,
        "title": "The Serial Microprocessor Array (SMA): Microprogramming and application examples",
        "organization": null,
        "abstract": "The structure of the Processing Element (PE), which is the basic component of SMA1, is presented. The PE consists of a simple serial arithmetic unit, a local high speed data memory, serial input and output ports, serial communication channels with neighbouring PE's, and some local control logic. The PE array operates under the control of a microprogrammed Array Control Unit",
        "conf": "International Symposium on Computer Architecture",
        "email": null,
        "coauthors": [
            "paolo corsini",
            "graziano frosini",
            "g. galatia",
            "m. la manna"
        ],
        "keywords": "Communication Channels,High Speed,Processing Element,",
        "title_embedding": [],
        "abstract_embedding": []
    },
    {
        "id": 973,
        "label": 222,
        "title": "State Restoration in a COTS-Based N-Modular Architecture",
        "organization": null,
        "abstract": "Mechanisms for restoring the state of a channel in an N-modular redundant architecture are necessary to prevent redundancy attrition due to transient faults and to allow failed channels to be brought back on line after repair. This paper considers software-implemented mechanisms for state restoration (SR) in a generic fault- tolerant architecture in which both the underlying hardware and operating system",
        "conf": "Object-Oriented Real-Time Distributed Computing",
        "email": null,
        "coauthors": [
            "andrea bondavalli",
            "felicita di giandomenico",
            "david powell",
            "christophe rabejac"
        ],
        "keywords": "Fault Tolerant,Modular Architecture,Operating System,Transient Fault,Commercial Off The Shelf,N Modular Redundancy,",
        "title_embedding": [],
        "abstract_embedding": []
    },
    {
        "id": 974,
        "label": 222,
        "title": "Evaluation of Integrated Error Processing and Fault Diagnosis in Multiprocessor Systems",
        "organization": null,
        "abstract": "This paper deals with multiprocessor systems required to provide both high performance and good figures of dependability attributes. Fault tolerance is pursued through a proper combination and integration of a diagnostic mechanism, called  - count, with simple instances of redundancy-based error processing structures. The resulting fault tolerance strategies are then evaluated through a stochastic simulation approach, as dictated by",
        "conf": "Parallel and Distributed Processing Techniques and Applications",
        "email": null,
        "coauthors": [
            "felicita di giandomenico",
            "silvano chiaradonna",
            "andrea bondavalli"
        ],
        "keywords": "Error Processing,Fault Diagnosis,Fault Tolerant,High Performance,Multiprocessor Systems,Performance Evaluation,Point of View,Stochastic Simulation,",
        "title_embedding": [],
        "abstract_embedding": []
    },
    {
        "id": 975,
        "label": 222,
        "title": "A Gracefully Degradable Algorithm for Byzantine Agreement",
        "organization": null,
        "abstract": NaN,
        "conf": "Symposium on Reliable Distributed Systems",
        "email": null,
        "coauthors": [
            "felicita di giandomenico",
            "m. l. guidotti",
            "luca simoncini"
        ],
        "keywords": "Byzantine Agreement,",
        "title_embedding": [],
        "abstract_embedding": []
    },
    {
        "id": 976,
        "label": 222,
        "title": "Evaluation of Fault-Tolerant Multiprocessor Systems for High Assurance Applications",
        "organization": null,
        "abstract": "In designing high assurance systems, the dependability goals are achieved through the adoption of several fault tolerance techniques. Unfortunately, their combined effect on the system cannot be, in the general case, derived by straightforward composition of the stand-alone component's analysis, because of mutual dependence of their controlling parameters. In this paper the assessment of overall system dependability induced by such",
        "conf": "The Computer Journal",
        "email": null,
        "coauthors": [
            "silvano chiaradonna",
            "felicita di giandomenico",
            "andrea bondavalli"
        ],
        "keywords": "Error Processing,Fault Tolerant,Multiprocessor Architecture,Multiprocessor Systems,Performance Evaluation,Point of View,Reference Systems,Stochastic Simulation,Standard Error,",
        "title_embedding": [],
        "abstract_embedding": []
    },
    {
        "id": 977,
        "label": 222,
        "title": "Gracefully Degradable Algorithm for Byzantine Agreement",
        "organization": null,
        "abstract": NaN,
        "conf": "Computer Systems: Science & Engineering",
        "email": null,
        "coauthors": [
            "felicita di giandomenico",
            "m. l. guidotti",
            "luca simoncini"
        ],
        "keywords": "Byzantine Agreement,",
        "title_embedding": [],
        "abstract_embedding": []
    },
    {
        "id": 978,
        "label": 222,
        "title": "A Theory of Diagnosability of Digital Systems",
        "organization": null,
        "abstract": NaN,
        "conf": "IEEE Transactions on Computers",
        "email": null,
        "coauthors": [
            "ferruccio barsi",
            "piero maestrini"
        ],
        "keywords": "Digital Systems,",
        "title_embedding": [],
        "abstract_embedding": []
    },
    {
        "id": 979,
        "label": 222,
        "title": "Threshold-Based Mechanisms to Discriminate Transient from Intermittent Faults",
        "organization": null,
        "abstract": "This paper presents a class of count-and-threshold mechanisms, collectively named -count, which are able to discriminate between transient faults and intermittent faults in computing systems. For many years, commercial systems have been using transient fault discrimination via threshold-based techniques. We aim to contribute to the utility of count-and-threshold schemes, by exploring their effects on the system. We adopt a mathematically",
        "conf": "IEEE Transactions on Computers",
        "email": null,
        "coauthors": [
            "andrea bondavalli",
            "silvano chiaradonna",
            "felicita di giandomenico"
        ],
        "keywords": "Behavior Analysis,Environmental Variables,Exponential Distribution,Fault Diagnosis,Fault Model,Indexing Terms,Threshold Scheme,Transient Fault,",
        "title_embedding": [],
        "abstract_embedding": []
    }
]