[
    {
        "id": 997,
        "label": 225,
        "title": "Bridging Context Management Systems in the ad hoc and mobile environments",
        "organization": null,
        "abstract": NaN,
        "conf": "International Symposium on Computers and Communications",
        "email": null,
        "coauthors": [
            "pravin pawar",
            "hanga boros",
            "geert j. heijenk",
            "bert-jan van beijnum"
        ],
        "keywords": "Context Management,Mobile Environment,",
        "title_embedding": [],
        "abstract_embedding": []
    },
    {
        "id": 998,
        "label": 225,
        "title": "Bridging context management systems for different types of pervasive computing environments",
        "organization": null,
        "abstract": "A context management system is a distributed system that enables applications to obtain context information about (mobile) users and forms a key component of any pervasive computing environment. Context management systems are however very environment-specific (e.g., specific for home environments) and therefore do not interoperate very well. This limits the operation of context-aware applications because they cannot get context information",
        "conf": "MOBILe Wireless MiddleWARE",
        "email": null,
        "coauthors": [
            "cristian hesselman",
            "hartmut benz",
            "pravin pawar",
            "maarten wegdam",
            "martin wibbels",
            "tom broens",
            "jacco brok"
        ],
        "keywords": "Context Information,Context Management,context-aware application,Data Model,Distributed System,Pervasive Computing,Mobile User,",
        "title_embedding": [],
        "abstract_embedding": []
    },
    {
        "id": 999,
        "label": 225,
        "title": "Dynamic Connectivity Analysis of ABF-based Ad-hoc Networks",
        "organization": null,
        "abstract": NaN,
        "conf": "Mobile and Wireless Communication Networks",
        "email": null,
        "coauthors": [
            "geert j. heijenk"
        ],
        "keywords": "Ad Hoc Network,",
        "title_embedding": [],
        "abstract_embedding": []
    },
    {
        "id": 1000,
        "label": 225,
        "title": "Modeling service discovery in ad-hoc networks",
        "organization": null,
        "abstract": "A protocol for service discovery using attenuated Bloom filters has been proposed for ad-hoc networks. Based on our study, it can well save network bandwidth compared to conventional approaches. We have built both an analytical model and a simulation model to evaluate the performance of our novel discovery mechanism. A comparison of these two models shows that the analytical model",
        "conf": "Performance Evaluation of Wireless Ad Hoc, Sensor, and Ubiquitous Networks",
        "email": null,
        "coauthors": [
            "patrick goering",
            "geert j. heijenk"
        ],
        "keywords": "Ad Hoc Network,Analytical Model,Bloom Filter,Service Discovery,Simulation Model,",
        "title_embedding": [],
        "abstract_embedding": []
    },
    {
        "id": 1001,
        "label": 225,
        "title": "Interference-Based Routing in Multi-hop Wireless Infrastructures",
        "organization": null,
        "abstract": "Abstract  The purpose of this report is to propose a new routing algorithm, Balanced Interference  Routing Algorithm (BIRA), for the next generation cellular communication networks The  new network has high density base stations distribution to increase the capacity The whole  network  is  based  on  CDMA  type  of  technology One  of  the  main  features  of  the  new  routing algorithm BIRA is",
        "conf": "Wired/Wireless Internet Communications",
        "email": null,
        "coauthors": [
            "geert j. heijenk"
        ],
        "keywords": "Community Networks,Fixed Cost,Routing Algorithm,Shortest Path Algorithm,Wireless Network,Base Station,High Density,Next Generation,",
        "title_embedding": [],
        "abstract_embedding": []
    },
    {
        "id": 1002,
        "label": 225,
        "title": "Context Discovery Using Attenuated Bloom Filters in Ad-Hoc Networks",
        "organization": null,
        "abstract": "A novel approach to performing context discovery in ad-hoc net- works based on the use of attenuated Bloom filters is proposed in this paper. In order to investigate the performance of this approach, a model has been devel- oped. This document describes the model and its validation. The model has been implemented in Matlab, and some results are also shown",
        "conf": "Wired/Wireless Internet Communications",
        "email": null,
        "coauthors": [
            "geert j. heijenk"
        ],
        "keywords": "Ad Hoc Network,Bloom Filter,",
        "title_embedding": [],
        "abstract_embedding": []
    },
    {
        "id": 1003,
        "label": 225,
        "title": "Interference-based routing in multi-hop wireless infrastructures",
        "organization": null,
        "abstract": NaN,
        "conf": "Computer Communications",
        "email": null,
        "coauthors": [
            "geert j. heijenk"
        ],
        "keywords": null,
        "title_embedding": [],
        "abstract_embedding": []
    }
]