[
    {
        "id": 1012,
        "label": 228,
        "title": "Composite Pattern Query Expression over Medical Data Streams",
        "organization": null,
        "abstract": NaN,
        "conf": "International Conference on BioMedical Engineering and Informatics",
        "email": null,
        "coauthors": [
            "hongyan li",
            "qiang qu"
        ],
        "keywords": "Data Stream,",
        "title_embedding": [],
        "abstract_embedding": []
    },
    {
        "id": 1013,
        "label": 228,
        "title": "A Low-complexity Adaptive Subcarrier, Bit, and Power Allocation Algorithm for OFDMA Systems",
        "organization": null,
        "abstract": NaN,
        "conf": "Global Telecommunications Conference",
        "email": null,
        "coauthors": [
            "long gao",
            "shuguang cui"
        ],
        "keywords": "Low Complexity,Power Allocation,",
        "title_embedding": [],
        "abstract_embedding": []
    },
    {
        "id": 1014,
        "label": 228,
        "title": "A Novel Method for Evaluating Trustworthiness between Strangers in Large, Dynamic Ad Hoc Networks",
        "organization": null,
        "abstract": NaN,
        "conf": "Workshop on Knowledge Discovery and Data Mining",
        "email": null,
        "coauthors": [
            "yanhui ding",
            "qingzhong li"
        ],
        "keywords": "Ad Hoc Network,",
        "title_embedding": [],
        "abstract_embedding": []
    },
    {
        "id": 1015,
        "label": 229,
        "title": "OPTIMOL: A Framework for Online Picture Collection via Incremental Model Learning",
        "organization": null,
        "abstract": NaN,
        "conf": "National Conference on Artificial Intelligence",
        "email": null,
        "coauthors": [
            "li-jia li",
            "juan carlos niebles"
        ],
        "keywords": null,
        "title_embedding": [],
        "abstract_embedding": []
    },
    {
        "id": 1016,
        "label": 229,
        "title": "What do reflections tell us about the shape of a mirror?",
        "organization": null,
        "abstract": "Three-dimensional shape may be perceived from static images. Contours, shading, texture gradients, perspective and occlusion are well-studied cues to this percept. When looking at a picture of a specular object, such as a silver vase, one additional cue is potentially available: a deformed picture of the reflected environment is seen in the surface of the object and the amount and",
        "conf": "Applied Perception in Graphics and Visualization",
        "email": null,
        "coauthors": [
            "silvio savarese",
            "pietro perona"
        ],
        "keywords": "Ideal Observer,Pattern Matching,Shape Perception,Specular Reflection,Three Dimensional,Visual Cues,",
        "title_embedding": [],
        "abstract_embedding": []
    },
    {
        "id": 1017,
        "label": 229,
        "title": "ImageNet: A large-scale hierarchical image database",
        "organization": null,
        "abstract": "The explosion of image data on the Internet has the po- tential to foster more sophisticated and robust models and algorithms to index, retrieve, organize and interact with im- ages and multimedia data. But exactly how such data can be harnessed and organized remains a critical problem. We introduce here a new database called \"ImageNet\", a large- scale ontology of",
        "conf": "Computer Vision and Pattern Recognition",
        "email": null,
        "coauthors": [
            "jia deng",
            "wei dong",
            "richard socher",
            "li-jia li",
            "kai li"
        ],
        "keywords": "Computer Vision,Data Collection,Image Database,Indexation,Large Scale,Multimedia Data,Object Recognition,Full Resolution,",
        "title_embedding": [],
        "abstract_embedding": []
    },
    {
        "id": 1018,
        "label": 229,
        "title": "A Bayesian hierarchical model for learning natural scene categories",
        "organization": null,
        "abstract": "We propose a novel approach to learn and recognize natural scene categories. Unlike previous work, it does not require experts to annotate the training set. We represent the image of a scene by a collection of local regions, denoted as codewords obtained by unsupervised learning. Each region is represented as part of a \"theme\". In previous work, such themes were Approaches To Learning;bayesian hierarchical model;Natural Scenes;Unsupervised Learning;  http://www.vision.jhu.edu/reading_group/2005%20Fei-Fei.pdf,http://dx.doi.org/10.1109/CVPR.2005.16,http://www.vision.caltech.edu/feifeili/Fei-Fei_CVPR2005.pdf,http://visionlab.ece.uiuc.edu/documents/Fei-FeiPerona2005.pdf,http://vision.jhu.edu/reading_group/2005%20Fei-Fei.pdf,http://cs.stanford.edu/groups/vision/documents/Fei-FeiPerona2005.pdf,http://home.in.tum.de/~osendorf/mlcv/papers/Fei-Fei_CVPR2005.pdf,http://www.informatik.uni-trier.de/~ley/db/conf/cvpr/cvpr2005-2.html#LiPT05,http://courses.ece.illinois.edu/ece598/ffl/papers_EE598/Fei-FeiPerona2005.pdf,http://vision.cs.princeton.edu/documents/Fei-FeiPerona2005.pdf,http://people.csail.mit.edu/torralba/courses/6.870/papers/Fei-FeiPerona2005.pdf,http://elderlab.yorku.ca/~elder/teaching/cosc6390psyc6225/readings/Fei-FeiPerona2005.pdf,http://vision.stanford.edu/documents/Fei-FeiPerona2005.pdf,http://fias.uni-frankfurt.de/~triesch/courses/260object/papers/Fei-Fei_CVPR2005.pdf,http://people.ee.duke.edu/~lcarin/Iulian7.28.06a.pdf,http://citeseerx.ist.psu.edu/viewdoc/download?doi=10.1.1.86.7111&rep=rep1&type=pdf 2005",
        "conf": NaN,
        "email": null,
        "coauthors": [
            "pietro perona",
            "l. fei-fei"
        ],
        "keywords": null,
        "title_embedding": [],
        "abstract_embedding": []
    },
    {
        "id": 1019,
        "label": 229,
        "title": "Towards total scene understanding: Classification, annotation and segmentation in an automatic framework",
        "organization": null,
        "abstract": "Given an image, we propose a hierarchical generative model that classifies the overall scene, recognizes and seg- ments each object component, as well as annotates the im- age with a list of tags. To our knowledge, this is the first model that performs all three tasks in one coherent frame- work. For instance, a scene of a 'polo game' consists",
        "conf": "Computer Vision and Pattern Recognition",
        "email": null,
        "coauthors": [
            "li-jia li",
            "richard socher"
        ],
        "keywords": "Generic Model,Scene Understanding,",
        "title_embedding": [],
        "abstract_embedding": []
    },
    {
        "id": 1020,
        "label": 229,
        "title": "OPTIMOL: automatic Online Picture collecTion via Incremental MOdel Learning",
        "organization": null,
        "abstract": "A well-built dataset is a necessary starting point for ad- vanced computer vision research. It plays a crucial role in evaluation and provides a continuous challenge to state- of-the-art algorithms. Dataset collection is, however, a te- dious and time-consuming task. This paper presents a novel automatic dataset collecting and model learning approach that uses object recognition techniques in an incremental",
        "conf": "Computer Vision and Pattern Recognition",
        "email": null,
        "coauthors": [
            "li-jia li",
            "gang wang"
        ],
        "keywords": "Computer Vision,Graphical Model,Image Annotation,Incremental Learning,Learning Process,Object Model,Object Recognition,",
        "title_embedding": [],
        "abstract_embedding": []
    },
    {
        "id": 1021,
        "label": 229,
        "title": "A Hierarchical Model of Shape and Appearance for Human Action Classification",
        "organization": null,
        "abstract": "We present a novel model for human action categoriza- tion. A video sequence is represented as a collection of spatial and spatial-temporal features by extracting static and dynamic interest points. We propose a hierarchical model that can be characterized as a constellation of bags- of-features and that is able to combine both spatial and spatial-temporal features. Given a novel video",
        "conf": "Computer Vision and Pattern Recognition",
        "email": null,
        "coauthors": [
            "juan carlos niebles"
        ],
        "keywords": "Feature Modeling,Hierarchical Model,Interest Points,",
        "title_embedding": [],
        "abstract_embedding": []
    },
    {
        "id": 1022,
        "label": 229,
        "title": "A multi-view probabilistic model for 3D object classes",
        "organization": null,
        "abstract": "We propose a novel probabilistic framework for learning visual models of 3D object categories by combining appear- ance information and geometric constraints. Objects are represented as a coherent ensemble of parts that are con- sistent under 3D viewpoint transformations. Each part is a collection of salient image features. A generative frame- work is used for learning a model that captures",
        "conf": "Computer Vision and Pattern Recognition",
        "email": null,
        "coauthors": [
            "min sun",
            "hao su",
            "silvio savarese"
        ],
        "keywords": "Geometric Constraints,Image Features,Object Categorization,Probabilistic Model,Relative Position,Visual Modeling,",
        "title_embedding": [],
        "abstract_embedding": []
    },
    {
        "id": 1023,
        "label": 229,
        "title": "Using Dependent Regions for Object Categorization in a Generative Framework",
        "organization": null,
        "abstract": "Bag of words\" models have enjoyed much attention and achieved good performances in recent studies of ob- ject categorization. In most of these works, local patches are modeled as basic building blocks of an image, analo- gous to words in text documents. In most previous works using the \"bag of words\" models (e.g. (4, 20, 7)), the local patches are",
        "conf": "Computer Vision and Pattern Recognition",
        "email": null,
        "coauthors": [
            "gang wang",
            "ye zhang"
        ],
        "keywords": "Age Structure,Building Block,Object Categorization,Bag of Words,",
        "title_embedding": [],
        "abstract_embedding": []
    },
    {
        "id": 1024,
        "label": 229,
        "title": "Towards Scalable Dataset Construction: An Active Learning Approach",
        "organization": null,
        "abstract": "As computer vision research considers more object categories and greater variation within object categories, it is clear that larger and more exhaustive datasets are necessary. However, the process of collect- ing such datasets is laborious and monotonous. We consider the setting in which many images have been automatically collected for a visual category (typically by automatic internet search), and we",
        "conf": "European Conference on Computer Vision",
        "email": null,
        "coauthors": [
            "brendan collins",
            "jia deng",
            "kai li"
        ],
        "keywords": "Active Learning,Computer Vision,Discrimination Learning,Online Learning,",
        "title_embedding": [],
        "abstract_embedding": []
    },
    {
        "id": 1025,
        "label": 229,
        "title": "Extracting Moving People from Internet Videos",
        "organization": null,
        "abstract": NaN,
        "conf": "European Conference on Computer Vision",
        "email": null,
        "coauthors": [
            "juan carlos niebles",
            "bohyung han",
            "andras ferencz"
        ],
        "keywords": null,
        "title_embedding": [],
        "abstract_embedding": []
    },
    {
        "id": 1026,
        "label": 229,
        "title": "View Synthesis for Recognizing Unseen Poses of Object Classes",
        "organization": null,
        "abstract": NaN,
        "conf": "European Conference on Computer Vision",
        "email": null,
        "coauthors": [
            "silvio savarese"
        ],
        "keywords": "View Synthesis,",
        "title_embedding": [],
        "abstract_embedding": []
    },
    {
        "id": 1027,
        "label": 229,
        "title": "Spatially Coherent Latent Topic Model for Concurrent Segmentation and Classification of Objects and Scenes",
        "organization": null,
        "abstract": NaN,
        "conf": "International Conference on Computer Vision",
        "email": null,
        "coauthors": [
            "liangliang cao"
        ],
        "keywords": "Spatial Coherence,",
        "title_embedding": [],
        "abstract_embedding": []
    },
    {
        "id": 1028,
        "label": 229,
        "title": "A Bayesian Approach to Unsupervised One-Shot Learning of Object Categories",
        "organization": null,
        "abstract": "Learning visual models of object categories notoriously re- quires thousands of training examples; this is due to the diversity and richness of object appearance which requires models containing hundreds of parameters. We present a method for learning object categories from just a few im- ages ( ). It is based on incorporating 'generic' knowl- edge which may be obtained from",
        "conf": "International Conference on Computer Vision",
        "email": null,
        "coauthors": [
            "robert fergus",
            "pietro perona"
        ],
        "keywords": "bayesian approach,Learning Object,Probabilistic Model,Probability Density Function,Visual Modeling,variational bayesian,",
        "title_embedding": [],
        "abstract_embedding": []
    },
    {
        "id": 1029,
        "label": 229,
        "title": "Learning Object Categories from Google's Image Search",
        "organization": null,
        "abstract": "Current approaches to object category recognition require datasets of training images to be manually prepared, with varying degrees of supervision. We present an approach that can learn an object category from just its name, by uti- lizing the raw output of image search engines available on the Internet. We develop a new model, TSI-pLSA, which extends pLSA (as applied to",
        "conf": "International Conference on Computer Vision",
        "email": null,
        "coauthors": [
            "robert fergus",
            "pietro perona",
            "andrew zisserman"
        ],
        "keywords": "Image Search,Learning Object,Scale Invariance,Search Engine,",
        "title_embedding": [],
        "abstract_embedding": []
    },
    {
        "id": 1030,
        "label": 229,
        "title": "What, where and who? Classifying events by scene and object recognition",
        "organization": null,
        "abstract": "We propose a first attempt to classify events in static im- ages by integrating scene and object categorizations. We define an event in a static image as a human activity taking place in a specific environment. In this paper, we use a num- ber of sport games such as snow boarding, rock climbing or badminton to demonstrate event classification. Our",
        "conf": "International Conference on Computer Vision",
        "email": null,
        "coauthors": [
            "li-jia li"
        ],
        "keywords": "Graphical Model,Human Activity,Object Categorization,Object Recognition,",
        "title_embedding": [],
        "abstract_embedding": []
    },
    {
        "id": 1031,
        "label": 229,
        "title": "3D generic object categorization, localization and pose estimation",
        "organization": null,
        "abstract": NaN,
        "conf": "International Conference on Computer Vision",
        "email": null,
        "coauthors": [
            "silvio savarese"
        ],
        "keywords": "Object Categorization,Pose Estimation,",
        "title_embedding": [],
        "abstract_embedding": []
    },
    {
        "id": 1032,
        "label": 229,
        "title": "Audio-Visual Speaker Localization Using Graphical Models",
        "organization": null,
        "abstract": "In this work we propose an approach to combine audio and video modalities for person tracking using graphical models. We demonstrate a principled and intuitive frame- work for combining these modalities to obtain robustness against occlusion and change in appearance. We further exploit the temporal correlations that exist for a moving ob - ject between adjacent frames to account for",
        "conf": "International Conference on Pattern Recognition",
        "email": null,
        "coauthors": [
            "akash kushal",
            "mandar rahurkar",
            "jean ponce",
            "thomas s. huang"
        ],
        "keywords": "Graphical Model,Temporal Correlation,Audio Visual,Ground Truth,",
        "title_embedding": [],
        "abstract_embedding": []
    },
    {
        "id": 1033,
        "label": 229,
        "title": "Variational Shift Invariant Probabilistic PCA for Face Recognition",
        "organization": null,
        "abstract": NaN,
        "conf": "International Conference on Pattern Recognition",
        "email": null,
        "coauthors": [
            "jilin tu",
            "aleksandar ivanovic",
            "xun xu",
            "thomas s. huang"
        ],
        "keywords": "Face Recognition,Shift Invariant,",
        "title_embedding": [],
        "abstract_embedding": []
    },
    {
        "id": 1034,
        "label": 229,
        "title": "Learning generative visual models from few training examples: An incremental Bayesian approach tested on 101 object categories",
        "organization": null,
        "abstract": "Current computational approaches to learning vi- sual object categories require thousands of training images, are slow, cannot learn in an incremental manner and cannot incorporate prior information into the learning process. In addition, no algorithm presented in the literature has been tested on more than a handful of object categories. We present an method for learning object categories from just",
        "conf": "Computer Vision and Image Understanding",
        "email": null,
        "coauthors": [
            "robert fergus",
            "pietro perona"
        ],
        "keywords": "Approaches To Learning,bayesian approach,bayesian method,Incremental Algorithm,Incremental Learning,Learning Object,Learning Process,Prior Information,Probabilistic Model,Visual Modeling,Maximum Likelihood,Real Time,",
        "title_embedding": [],
        "abstract_embedding": []
    },
    {
        "id": 1035,
        "label": 229,
        "title": "Unsupervised Learning of Human Action Categories Using Spatial-Temporal Words",
        "organization": null,
        "abstract": "We present a novel unsupervised learning method for human action cate- gories. A video sequence is represented as a collection of spatial-temporal words by extracting space-time interest points. The algorithm automatically learns the probability distributions of the spatial-temporal words and interme- diate topics corresponding to human action categories. This is achieved by using a probabilistic Latent Semantic Analysis (pLSA) model.",
        "conf": "International Journal of Computer Vision",
        "email": null,
        "coauthors": [
            "juan carlos niebles",
            "hongcheng wang"
        ],
        "keywords": "Interest Points,Probability Distribution,Unsupervised Learning,Bag of Words,Probabilistic Latent Semantic Analysis,Space Time,",
        "title_embedding": [],
        "abstract_embedding": []
    },
    {
        "id": 1036,
        "label": 229,
        "title": "One-Shot Learning of Object Categories",
        "organization": null,
        "abstract": NaN,
        "conf": "IEEE Transactions on Pattern Analysis and Machine Intelligence",
        "email": null,
        "coauthors": [
            "robert fergus",
            "pietro perona"
        ],
        "keywords": null,
        "title_embedding": [],
        "abstract_embedding": []
    }
]