[
    {
        "id": 1115,
        "label": 238,
        "title": "VegRisk: A Decision Support System for Risk Management of Vegetable Supply Chain",
        "organization": null,
        "abstract": NaN,
        "conf": "International Conference on Networking, Sensing and Control",
        "email": null,
        "coauthors": [
            "xiaoshuan zhang",
            "xiaomei guo",
            "zetian fu"
        ],
        "keywords": "Risk Management,Supply Chain,Support System,",
        "title_embedding": [],
        "abstract_embedding": []
    },
    {
        "id": 1116,
        "label": 238,
        "title": "A hybrid reasoning mechanism integrated evidence theory and set pair analysis in Swine-Vet",
        "organization": null,
        "abstract": NaN,
        "conf": "Expert Systems With Applications",
        "email": null,
        "coauthors": [
            "xiaoping zheng",
            "jian zhang",
            "zetian fu",
            "xiaoshuan zhang"
        ],
        "keywords": "Evidence Theory,",
        "title_embedding": [],
        "abstract_embedding": []
    },
    {
        "id": 1117,
        "label": 238,
        "title": "Pig-vet: a web-based expert system for pig disease diagnosis",
        "organization": null,
        "abstract": NaN,
        "conf": "Expert Systems With Applications",
        "email": null,
        "coauthors": [
            "zetian fu",
            "zhou yun",
            "xiaoshuan zhang"
        ],
        "keywords": "Expert System,",
        "title_embedding": [],
        "abstract_embedding": []
    }
]