[
    {
        "id": 1120,
        "label": 240,
        "title": "Visual Interactive Subgroup Discovery with Numerical Properties of Interest",
        "organization": null,
        "abstract": "Subgroup discovery consists in finding subsets of individuals from a given population which have distinctive collective properties with regard to one or more properties of interest. The interest of a subgroup can be objectively assessed using appropriate statistics, but it can also be evaluated by a data analyst or domain expert. In this paper we pro- pose an approach to",
        "conf": "Discovery Science",
        "email": null,
        "coauthors": [
            "alipio mario jorge",
            "paulo j. azevedo"
        ],
        "keywords": "Association Rule,Biological Control,Goodness of Fit Test,Probability Distribution,Satisfiability,Subgroup Discovery,Visual Interaction,",
        "title_embedding": [],
        "abstract_embedding": []
    },
    {
        "id": 1121,
        "label": 240,
        "title": "A Tool for Interactive Subgroup Discovery Using Distribution Rules",
        "organization": null,
        "abstract": NaN,
        "conf": "Portuguese Conference on Artificial Intelligence",
        "email": null,
        "coauthors": [
            "joel p. lucas",
            "alipio mario jorge",
            "ana m. pernas",
            "amauri a. machado"
        ],
        "keywords": "Subgroup Discovery,",
        "title_embedding": [],
        "abstract_embedding": []
    },
    {
        "id": 1122,
        "label": 240,
        "title": "Distribution Rules with Numeric Attributes of Interest",
        "organization": null,
        "abstract": "In this paper we introduce distribution rules, a kind of as- sociation rules with a distribution on the consequent. Distribution rules are related to quantitative association rules but can be seen as a more fundamental concept, useful for learning distributions. We formalize the main concepts and indicate applications to tasks such as frequent pattern discovery, sub group discovery and forecasting.",
        "conf": "Principles of Data Mining and Knowledge Discovery",
        "email": null,
        "coauthors": [
            "alipio mario jorge",
            "paulo j. azevedo"
        ],
        "keywords": "Association Rule,Frequent Pattern Discovery,Visualization Technique,",
        "title_embedding": [],
        "abstract_embedding": []
    }
]