[
    {
        "id": 1134,
        "label": 244,
        "title": "Face Reconstruction from Skull Shapes and Physical Attributes",
        "organization": null,
        "abstract": NaN,
        "conf": "DAGM Symposium Symposium for Pattern Recognition",
        "email": null,
        "coauthors": [
            "pascal paysan",
            "marcel luthi",
            "thomas albrecht",
            "anita lerch",
            "brian amberg",
            "thomas vetter"
        ],
        "keywords": null,
        "title_embedding": [],
        "abstract_embedding": []
    }
]