[
    {
        "id": 1126,
        "label": 242,
        "title": "Modelling manufacturing errors in machining of thermoplastics",
        "organization": null,
        "abstract": NaN,
        "conf": "Journal of Computer Applications in Technology",
        "email": null,
        "coauthors": [
            "luigino filice",
            "fabrizio quadrini",
            "erica anna squeo",
            "vincenzo tagliaferri"
        ],
        "keywords": null,
        "title_embedding": [],
        "abstract_embedding": []
    }
]