[
    {
        "id": 1158,
        "label": 251,
        "title": "MedMeSH Summarizer: Text Mining for Gene Clusters",
        "organization": null,
        "abstract": "Gene Expression is the process by which a gene's coded information is translated into the proteins present and operating in the cell. Changes in gene expression are associated with many important biological phenomena, including morphogenesis and aging, cancer and disease states, and adaptive responses to the environment. The advent of high density microarrays, introduced by Schena et al. [1] in",
        "conf": "SIAM International Conference on Data Mining",
        "email": null,
        "coauthors": [
            "pankaj kankar",
            "sudeshna adak",
            "a. sarkar",
            "k. murali"
        ],
        "keywords": "Adaptive Response,Cdna Microarray,Environmental Conditions,Expression Profile,Gene Cluster,Gene Expression,Text Mining,High Density,",
        "title_embedding": [],
        "abstract_embedding": []
    }
]