[
    {
        "id": 1175,
        "label": 257,
        "title": "The Creation of a Brain Atlas for Image Guided Neurosurgery Using Serial Histological Data",
        "organization": null,
        "abstract": NaN,
        "conf": "Medical Image Computing and Computer-Assisted Intervention",
        "email": null,
        "coauthors": [
            "m. mallar chakravarty",
            "maxime descoteaux",
            "abbas f. sadikot",
            "d. louis collins"
        ],
        "keywords": "Brain Atlas,",
        "title_embedding": [],
        "abstract_embedding": []
    },
    {
        "id": 1176,
        "label": 257,
        "title": "Anatomical and Electrophysiological Validation of an Atlas for Neurosurgical Planning",
        "organization": null,
        "abstract": NaN,
        "conf": "Medical Image Computing and Computer-Assisted Intervention",
        "email": null,
        "coauthors": [
            "m. mallar chakravarty",
            "abbas f. sadikot",
            "jurgen germann",
            "d. louis collins"
        ],
        "keywords": null,
        "title_embedding": [],
        "abstract_embedding": []
    },
    {
        "id": 1177,
        "label": 257,
        "title": "Towards a Multi-modal Atlas for Neurosurgical Planning",
        "organization": null,
        "abstract": NaN,
        "conf": "Medical Image Computing and Computer-Assisted Intervention",
        "email": null,
        "coauthors": [
            "m. mallar chakravarty",
            "abbas f. sadikot",
            "sanjay mongia",
            "d. louis collins"
        ],
        "keywords": null,
        "title_embedding": [],
        "abstract_embedding": []
    },
    {
        "id": 1178,
        "label": 258,
        "title": "An Optical Burst Switched network architecture with passive access",
        "organization": null,
        "abstract": NaN,
        "conf": "International Conference on Networking and Services",
        "email": null,
        "coauthors": [
            "arnaud cauvin",
            "philippe niger",
            "julio orozco"
        ],
        "keywords": "Network Architecture,Optical Burst Switched,",
        "title_embedding": [],
        "abstract_embedding": []
    }
]