[
    {
        "id": 1181,
        "label": 261,
        "title": "Non-rigid Registration of High Angular Resolution Diffusion Images Represented by Gaussian Mixture Fields",
        "organization": null,
        "abstract": NaN,
        "conf": "Medical Image Computing and Computer-Assisted Intervention",
        "email": null,
        "coauthors": [
            "baba c. vemuri",
            "paul r. carney",
            "thomas h. mareci"
        ],
        "keywords": "Gaussian Mixture,Non-rigid Registration,High Angular Resolution Diffusion Imaging,",
        "title_embedding": [],
        "abstract_embedding": []
    }
]