[
    {
        "id": 1245,
        "label": 276,
        "title": "Interdomain Routing as Social Choice",
        "organization": null,
        "abstract": "Abstract Interdomain routing is an essential component of the Internet, which deals with connecting two machines in the Internet through a set of links. Today this is done through BGP, the de facto protocol of the Internet. Previous studies focus on the stability of BGP type protocols. The current thesis focuses on interdomain routing from a social choice perspective and",
        "conf": "International Conference on Distributed Computing Systems",
        "email": null,
        "coauthors": [
            "ronny ramzi dakdouk",
            "semih salihoglu",
            "hao wang",
            "yang richard yang"
        ],
        "keywords": "Autonomic System,interdomain routing,Oscillations,Social Choice,",
        "title_embedding": [],
        "abstract_embedding": []
    },
    {
        "id": 1246,
        "label": 276,
        "title": "On Self Adaptive Routing in Dynamic Environments - An Evaluation and Design Using a Simple, Probabilistic Scheme",
        "organization": null,
        "abstract": "Recently we have seen an emergent trend of self adaptive routing in both Internet and wireless ad hoc networks. Al- though there are previous methods for computing the trafc equilibria of self adaptive routing (e.g., selsh routing), these methods use computationally demanding algorithms and re- quire that a precise analytical model of the network be given. Also, it remains an",
        "conf": "International Conference on Network Protocols",
        "email": null,
        "coauthors": [
            "lili qiu",
            "yang richard yang",
            "yin zhang"
        ],
        "keywords": "Adaptive Routing,Analytical Model,Dynamic Environment,Network Optimization,Optimal Routing,Wireless Ad Hoc Network,",
        "title_embedding": [],
        "abstract_embedding": []
    },
    {
        "id": 1247,
        "label": 276,
        "title": "Stable Egress Route Selection for Interdomain Traffic Engineering: Model and Analysis",
        "organization": null,
        "abstract": "We present a general model of interdomain route se-lection to study interdomain traffic engineering. In this model, the routing of multiple destinations can be coordi-nated. Thus the model can capture general traffic engineer-ing behaviors such as load balancing and link capacity con-straints. We first identify potential routing instability and inefficiency of interdomain traffic engineering. We then de-rive a sufficient condition",
        "conf": "International Conference on Network Protocols",
        "email": null,
        "coauthors": [
            "hao wang",
            "yang richard yang",
            "avi silberschatz",
            "erran l. li",
            "yanbin liu"
        ],
        "keywords": "Generic Model,interdomain routing,Internet Topology,Load Balance,Modeling and Analysis,Route Selection,Traffic Engineered,",
        "title_embedding": [],
        "abstract_embedding": []
    },
    {
        "id": 1248,
        "label": 276,
        "title": "On the Stability of Rational, Heterogeneous Interdomain Route Selection",
        "organization": null,
        "abstract": "The recent discovery of instability caused by the inter- action of local routing policies of multiple ASes has led to extensive research on the subject. However, previous studies analyze stability under a specific route selection algorithm. In this paper, instead of studying a specific route selection algorithm, we study a general class of route selection algo- rithms which we call",
        "conf": "International Conference on Network Protocols",
        "email": null,
        "coauthors": [
            "hao wang",
            "yang richard yang",
            "avi silberschatz",
            "erran l. li",
            "yanbin liu"
        ],
        "keywords": "Distribution of Income,Heterogeneous Network,interdomain routing,Oscillations,Route Selection,Routing Policies,",
        "title_embedding": [],
        "abstract_embedding": []
    },
    {
        "id": 1249,
        "label": 276,
        "title": "Network Routing Topology Inference from End-to-End Measurements",
        "organization": null,
        "abstract": "Inference of the routing topology and link perfor- mance from a node to a set of other nodes is an important component of network monitoring and application design. In this paper we propose a general framework for designing topology inference algorithms based on additive metrics. Our framework allows the integration of both end-to-end packet probing mea- surements and traceroute type",
        "conf": "IEEE INFOCOM",
        "email": null,
        "coauthors": [
            "jian ni",
            "sekhar tatikonda",
            "yang richard yang"
        ],
        "keywords": "End-to-end Measurement,Network Monitoring,Network Routing,Perforation,Lower Bound,",
        "title_embedding": [],
        "abstract_embedding": []
    },
    {
        "id": 1250,
        "label": 276,
        "title": "Optimal ISP subscription for Internet multihoming: algorithm design and implication analysis",
        "organization": null,
        "abstract": "Multihoming is a popular method used by large enterprises and stub ISPs to connect to the Internet to reduce cost and improve performance. Recently researchers have studied the potential benefits of multihoming and proposed protocols and algorithms to realize these benefits. They focus on how to dynamically select which ISPs to use for forwarding and receiving packets, and assume that",
        "conf": "IEEE INFOCOM",
        "email": null,
        "coauthors": [
            "hao wang",
            "lili qiu",
            "abraham silberschatz",
            "yang richard yang"
        ],
        "keywords": "Algorithm Design,Dynamic Programming Algorithm,Efficient Algorithm,Large Classes,non-cooperative game,",
        "title_embedding": [],
        "abstract_embedding": []
    },
    {
        "id": 1251,
        "label": 276,
        "title": "Towards an ISP-Compliant, Peer-Friendly Design for Peer-to-Peer Networks",
        "organization": null,
        "abstract": NaN,
        "conf": "Networking",
        "email": null,
        "coauthors": [
            "yang richard yang",
            "avi silberschatz"
        ],
        "keywords": "Peer-to-peer Network,",
        "title_embedding": [],
        "abstract_embedding": []
    },
    {
        "id": 1252,
        "label": 276,
        "title": "Optimizing cost and performance for multihoming",
        "organization": null,
        "abstract": "Multihoming is often used by large enterprises and stub ISPs to connect to the Internet. In this paper, we design a series of novel  algorithms to optimize cost and performance for multihomed users. We evaluate our algorithms through both analysis and extensive simulations based on realistic charging models, traffic demands, performance data, and network topologies. Our results suggest that these",
        "conf": "Computer Communication Review",
        "email": null,
        "coauthors": [
            "david kiyoshi goldenberg",
            "lili qiuy",
            "yang richard yang",
            "yin zhang"
        ],
        "keywords": "Network Topology,Route Optimization,",
        "title_embedding": [],
        "abstract_embedding": []
    },
    {
        "id": 1253,
        "label": 276,
        "title": "COPE: traffic engineering in dynamic networks",
        "organization": null,
        "abstract": "Traffic engineering plays a critical role in determining the perfor- mance and reliability of a network. A major challenge in traffic en- gineering is how to cope with dynamic and unpredictable changes in traffic demand. In this paper, we propose COPE, a class of traf- fic engineering algorithms that optimize for the expected scenarios while providing a worst-case guarantee for",
        "conf": "ACM SIGCOMM Conference",
        "email": null,
        "coauthors": [
            "hao wang",
            "lili qiu",
            "yang richard yang",
            "yin zhang",
            "albert g. greenberg"
        ],
        "keywords": "Algorithm Design,Dynamic Networks,Network Congestion,Network Management,Network Protocol,Oblivious Routing,Perforation,Traffic Engineered,",
        "title_embedding": [],
        "abstract_embedding": []
    },
    {
        "id": 1254,
        "label": 276,
        "title": "P4p: provider portal for applications",
        "organization": null,
        "abstract": "As peer-to-peer (P2P) emerges as a major paradigm for scalable network application design, it also exposes significant new chal- lenges in achieving efficient and fair utilization of Internet network resources. Being largely network-oblivious, many P2P applications may lead to inefficient network resource usage and/or low applica- tion performance. In this paper, we propose a simple architecture called P4P to allow",
        "conf": "ACM SIGCOMM Conference",
        "email": null,
        "coauthors": [
            "yang richard yang",
            "arvind krishnamurthy",
            "yanbin grace liu",
            "abraham silberschatz"
        ],
        "keywords": "Computer Communication Networks,Network Architecture,Network Architecture and Design,P2P,Peer To Peer,Traffic Control,",
        "title_embedding": [],
        "abstract_embedding": []
    },
    {
        "id": 1255,
        "label": 276,
        "title": "On route selection for interdomain traffic engineering",
        "organization": null,
        "abstract": "In this article we investigate a model of route selection for interdomain traffic engineering where routing to multiple destinations can be coordinated. We identify potential routing instability and inefficiency problems, and derive a set of practical guidelines to guarantee stability without global coordination. Using a realistic Inter- net topology, we show that route oscillations can happen even when a small",
        "conf": "IEEE Network",
        "email": null,
        "coauthors": [
            "yang richard yang",
            "hao wang",
            "abraham silberschatz",
            "arvind krishnamurthy",
            "yanbin liu",
            "erran l. li"
        ],
        "keywords": "interdomain routing,Oscillations,Practice Guideline,Route Selection,Traffic Engineered,",
        "title_embedding": [],
        "abstract_embedding": []
    },
    {
        "id": 1256,
        "label": 276,
        "title": "Efficient and dynamic routing topology inference from end-to-end measurements",
        "organization": null,
        "abstract": NaN,
        "conf": "IEEE/ACM Transactions on Networking",
        "email": null,
        "coauthors": [
            "jian ni",
            "sekhar tatikonda",
            "yang richard yang"
        ],
        "keywords": "Dynamic Routing,End-to-end Measurement,",
        "title_embedding": [],
        "abstract_embedding": []
    }
]