[
    {
        "id": 1261,
        "label": 279,
        "title": "Subsampling for Efficient Spectral Mesh Processing",
        "organization": null,
        "abstract": "In this paper, we apply Nystrom method, a sub-sampling and reconstruction technique, to speed up spectral mesh processing. We flrst relate this method to Kernel Principal Component Analysis (KPCA). This enables us to derive a novel measure in the form of a matrix trace, based soly on sampled data, to quantify the quality of Nystrom approx- imation. The measure is",
        "conf": "Computer Graphics International",
        "email": null,
        "coauthors": [
            "rong liu",
            "varun jain"
        ],
        "keywords": "Kernel Principal Component Analysis,Mesh Segmentation,Random Sampling,",
        "title_embedding": [],
        "abstract_embedding": []
    },
    {
        "id": 1262,
        "label": 279,
        "title": "Expression-Invariant Face Recognition with Expression Classification",
        "organization": null,
        "abstract": "Face recognition is one of the most intensively studied topics in computer vision and pattern recognition. Facial expression, which changes face geometry, usually has an adverse effect on the performance of a face recognition sys- tem. On the other hand, face geometry is a useful cue for recognition. Taking these into account, we utilize the idea of separating geometry and",
        "conf": "Canadian Conference on Computer and Robot Vision",
        "email": null,
        "coauthors": [
            "xiaoxing li",
            "greg mori"
        ],
        "keywords": "Adverse Effect,Face Recognition,Facial Expression,Pattern Recognition,",
        "title_embedding": [],
        "abstract_embedding": []
    },
    {
        "id": 1263,
        "label": 279,
        "title": "Expression-insensitive 3D face recognition using sparse representation",
        "organization": null,
        "abstract": "We present a face recognition method based on sparse representation for recognizing 3D face meshes under ex- pressions using low-level geometric features. First, to en - able the application of the sparse representation frame- work, we develop a uniform remeshing scheme to establish a consistent sampling pattern across 3D faces. To handle facial expressions, we design a feature pooling and",
        "conf": "Computer Vision and Pattern Recognition",
        "email": null,
        "coauthors": [
            "xiaoxing li",
            "tao jia"
        ],
        "keywords": "3d face recognition,Face Recognition,Facial Expression,Geometric Feature,Sparse Representation,",
        "title_embedding": [],
        "abstract_embedding": []
    },
    {
        "id": 1264,
        "label": 279,
        "title": "Shape-Based Retrieval of Articulated 3D Models Using Spectral Embedding",
        "organization": null,
        "abstract": "We present an approach for robust shape retrieval from data- bases containing articulated 3D shapes. We represent each shape by the eigenvectors of an appropriately deflned a-nity matrix, obtaining a spec- tral embedding. Retrieval is then performed on these embeddings using global shape descriptors. Transformation into the spectral domain nor- malizes the shapes against articulation (bending), rigid-body transforma- tions, and",
        "conf": "Geometric Modeling and Processing",
        "email": null,
        "coauthors": [
            "varun jain"
        ],
        "keywords": "3d model,Eigenvalues,Eigenvectors,Rigid Body,Shape Descriptor,Shape Retrieval,",
        "title_embedding": [],
        "abstract_embedding": []
    },
    {
        "id": 1265,
        "label": 279,
        "title": "Spectral Sequencing Based on Graph Distance",
        "organization": null,
        "abstract": "The construction of linear mesh layouts has found various applications, such as implicit mesh filtering and mesh streaming, where a variety of layout quality criteria, e.g., span and width, can be considered. While spectral sequencing, derived from the Fiedler vector, is one of the best-known heuristics for minimizing width, it does not perform as well as the Cuthill-Mckee (CM) scheme",
        "conf": "Geometric Modeling and Processing",
        "email": null,
        "coauthors": [
            "rong liu",
            "oliver van kaick"
        ],
        "keywords": "Eigenvectors,Quality Criteria,Spectral Sequence,",
        "title_embedding": [],
        "abstract_embedding": []
    },
    {
        "id": 1266,
        "label": 279,
        "title": "Optimal Mesh Signal Transforms",
        "organization": null,
        "abstract": "We describe a simple stochastic model for the geome- try of 3D meshes with a given connectivity based on linear prediction plus a Gaussian error term. We show that the resulting probabilistic distribution is a multivariate Ga us- sian, which may be singular. Furthermore, the eigenvectors of its covariance matrix coincide with the eigenvectors of the linear prediction operator, provided",
        "conf": "Geometric Modeling and Processing",
        "email": null,
        "coauthors": [
            "hendrik c. blok"
        ],
        "keywords": "Covariance Matrix,Eigenvectors,Linear Predictive,Stochastic Model,Positive Semi Definite,",
        "title_embedding": [],
        "abstract_embedding": []
    },
    {
        "id": 1267,
        "label": 279,
        "title": "Convex hull covering of polygonal scenes for accurate collision detection in games",
        "organization": null,
        "abstract": "Decomposing a complex object into simpler pieces, e.g., convex patches or convex polyhedra, is a well-studied geometry problem. A well constructed decomposition can greatly accelerate collision detection since intersections with and between convex objects are fast to compute. In this paper, we look at a particular instance of the convex decomposition problem which arises from real-world game development. Given a",
        "conf": "Graphics Interface",
        "email": null,
        "coauthors": [
            "rong liu",
            "james busby"
        ],
        "keywords": "Collision Detection,Complex Objects,Convex Hull,Convex Polyhedra,Decomposition Algorithm,Game Development,",
        "title_embedding": [],
        "abstract_embedding": []
    },
    {
        "id": 1268,
        "label": 279,
        "title": "Contour Correspondence via Ant Colony Optimization",
        "organization": null,
        "abstract": "We formulate contour correspondence as a Quadratic Assignment Problem (QAP), incorporating proximity in- formation. By maintaining the neighborhood relation be- tween points this way, we show that better matching results are obtained in practice. We propose the first Ant Colony Optimization (ACO) algorithm specifically aimed at solv- ing the QAP-based shape correspondence problem. Our ACO framework is flexible in the",
        "conf": "Pacific Conference on Computer Graphics and Applications",
        "email": null,
        "coauthors": [
            "oliver van kaick",
            "ghassan hamarneh",
            "paul wighton"
        ],
        "keywords": "Ant Colony Optimization,Correspondence Problem,Generic Point,Quadratic Assignment Problem,",
        "title_embedding": [],
        "abstract_embedding": []
    },
    {
        "id": 1269,
        "label": 279,
        "title": "Segmentation of 3D Meshes through Spectral Clustering",
        "organization": null,
        "abstract": "We formulate and apply spectral clustering to 3D mesh segmentation for the first time and report our preliminary findings. Given a set of mesh faces, an affinity matrix which encodes the likelihood of each pair of faces belongingto the same group is first constructed. Spectral methods then use selected eigenvectors of the affinity matrix or its closely re- lated graph",
        "conf": "Pacific Conference on Computer Graphics and Applications",
        "email": null,
        "coauthors": [
            "rong liu"
        ],
        "keywords": "Data Representation,Eigenvectors,Graph Laplacian,Human Perception,Mesh Segmentation,Spectral Clustering,Spectral Method,",
        "title_embedding": [],
        "abstract_embedding": []
    },
    {
        "id": 1270,
        "label": 279,
        "title": "Butterworth Filtering and Implicit Fairing of Irregular Meshes",
        "organization": null,
        "abstract": "In this paper, we propose efficient numerical techniques for Butterworth filtering and implicit fairing of large ir- regular triangle meshes, where the corresponding filters are rational polynomials and the resulting large linear sys- tems need to be solved iteratively. We show that significant speed-up can be achieved for Butterworth filtering by fac- torizing the linear system in the complex domain.",
        "conf": "Pacific Conference on Computer Graphics and Applications",
        "email": null,
        "coauthors": [
            "eugene fiume"
        ],
        "keywords": "Conjugate Gradient,Linear System,Numerical Technique,Triangle Mesh,",
        "title_embedding": [],
        "abstract_embedding": []
    },
    {
        "id": 1271,
        "label": 279,
        "title": "Delaunay mesh construction",
        "organization": null,
        "abstract": "We present algorithms to produce Delaunay meshes from arbitrary triangle meshes by edge flipping and geometry- preserving refinement and prove their correctness. In particular we show that edge flipping serves to reduce mesh surface area, and that a poorly sampled input mesh may yield unflippable edges necessitating refinement to ensure a Delaunay mesh output. Multiresolution Delaunay meshes can be obtained",
        "conf": "Symposium on Geometry Processing",
        "email": null,
        "coauthors": [
            "ramsay dyer",
            "torsten moller"
        ],
        "keywords": "Surface Area,Triangle Mesh,",
        "title_embedding": [],
        "abstract_embedding": []
    },
    {
        "id": 1272,
        "label": 279,
        "title": "Nonobtuse remeshing and mesh decimation",
        "organization": null,
        "abstract": "Quality meshing in 2D and 3D domains is an important problem in geometric modeling and scientific computing. We are concerned with triangle meshes having only nonobtuse angles. Specifically, we propose a solution for guaranteed nonobtuse remeshing and nonobtuse mesh decimation. Our strategy for the remeshing problem is to first convert an input mesh, using a modified Marching Cubes al gorithm,",
        "conf": "Symposium on Geometry Processing",
        "email": null,
        "coauthors": [
            "j. y. s. li"
        ],
        "keywords": "Constrained Optimization,Geometric Model,Marching Cube,Scientific Computing,Search Space,Triangle Mesh,",
        "title_embedding": [],
        "abstract_embedding": []
    },
    {
        "id": 1273,
        "label": 279,
        "title": "Voronoi-Delaunay duality and Delaunay meshes",
        "organization": null,
        "abstract": "In this paper, we are concerned with Delaunay triangulations of the vertex set of a piecewise flat (pwf) surface. We first propose the notion of well-formed Voronoi diagrams and es- tablish a precise dual relationship between them and proper Delaunay triangulations on pwf surfaces. Then we provide an algorithm which, given any input manifold triangle mesh, constructs a Delaunay mesh:",
        "conf": "Symposium on Solid Modeling and Applications",
        "email": null,
        "coauthors": [
            "ramsay dyer",
            "torsten moller"
        ],
        "keywords": "delaunay triangulation,Surface Area,Triangle Mesh,voronoi diagram,",
        "title_embedding": [],
        "abstract_embedding": []
    },
    {
        "id": 1274,
        "label": 279,
        "title": "Gabriel meshes and Delaunay edge flips",
        "organization": null,
        "abstract": "We undertake a study of the local properties of 2-Gabriel meshes: manifold triangle meshes each of whose faces has an open Eu- clidean diametric ball that contains no mesh vertices. We show that, under mild constraints on the dihedral angles, such meshes are De- launay meshes: the open geodesic circumdisk of each face contains no mesh vertex. The analysis is",
        "conf": "Symposium on Solid Modeling and Applications",
        "email": null,
        "coauthors": [
            "ramsay dyer",
            "torsten moller"
        ],
        "keywords": "Computer Graphic,Dihedral Angle,Object Model,Object Representation,Triangle Mesh,",
        "title_embedding": [],
        "abstract_embedding": []
    },
    {
        "id": 1275,
        "label": 279,
        "title": "Point Cloud Skeletons via Laplacian Based Contraction",
        "organization": null,
        "abstract": NaN,
        "conf": "Shape Modeling International",
        "email": null,
        "coauthors": [
            "junjie cao",
            "andrea tagliasacchi",
            "matt olson",
            "zhinxun su"
        ],
        "keywords": "Point Cloud,",
        "title_embedding": [],
        "abstract_embedding": []
    },
    {
        "id": 1276,
        "label": 279,
        "title": "Minimum Ratio Contours on Surface Meshes",
        "organization": null,
        "abstract": "We present a novel approach for discretely optimizing contours on the surface of a triangle mesh. This is achieved through the use of a minimum ratio cycle (MRC) algorithm, where we compute a contour having the minimal ratio be- tween a novel contour energy term and the length of the contour. Given an initial contour, we seek to nd the",
        "conf": "Shape Modeling International",
        "email": null,
        "coauthors": [
            "andrew clements"
        ],
        "keywords": "Discrete Optimization,Mesh Segmentation,Triangle Mesh,",
        "title_embedding": [],
        "abstract_embedding": []
    },
    {
        "id": 1277,
        "label": 279,
        "title": "Robust 3D Shape Correspondence in the Spectral Domain",
        "organization": null,
        "abstract": "We present an algorithm for finding a meaningful vertex- to-vertex correspondence between two 3D shapes given as triangle meshes. Our algorithm operates on embeddings of the two shapes in the spectral domain so as to normalize them with respect to uniform scaling and rigid-body trans- formation. Invariance to shape bending is achieved by re- lying on geodesic point proximities on",
        "conf": "Shape Modeling International",
        "email": null,
        "coauthors": [
            "varun jain"
        ],
        "keywords": "Iterative Closest Point,Rigid Body,Shape Descriptor,Spectral Method,Triangle Mesh,Thin Plate Spline,",
        "title_embedding": [],
        "abstract_embedding": []
    },
    {
        "id": 1278,
        "label": 279,
        "title": "Adapting Geometric Attributes for Expression-Invariant 3D Face Recognition",
        "organization": null,
        "abstract": "We investigate the use of multiple intrinsic geometric at- tributes, including angles, geodesic distances, and curva- tures, for 3D face recognition, where each face is repre- sented by a triangle mesh, preprocessed to possess a uni- form connectivity. As invariance to facial expressions holds the key to improving recognition performance, we propose to train for the component-wise weights to be",
        "conf": "Shape Modeling International",
        "email": null,
        "coauthors": [
            "xiaoxing li"
        ],
        "keywords": "3d face recognition,Cross Validation,Facial Expression,Geodesic Distance,Nearest Neighbor Classifier,Triangle Mesh,",
        "title_embedding": [],
        "abstract_embedding": []
    },
    {
        "id": 1279,
        "label": 279,
        "title": "Shape Matching of 3-D Contours Using Normalized Fourier Descriptors",
        "organization": null,
        "abstract": "In this paper, we develop a simple, eigen-space matching algorithm for closed 3-D contours. Our algorithm relies on a novel method which normalizes the Fourier descriptors (FDs) of a 3-D contour with respect to two of its FD co- efficients corresponding to the lowest non-zero frequencies. The remaining matching task only involves vertex shift and rotation about thez-axis. Our approach",
        "conf": "Shape Modeling International",
        "email": null,
        "coauthors": [
            "eugene fiume"
        ],
        "keywords": "Eigenvectors,Shape Matching,Fourier Descriptors,Fourier Transform,",
        "title_embedding": [],
        "abstract_embedding": []
    },
    {
        "id": 1280,
        "label": 279,
        "title": "A spectral approach to shape-based retrieval of articulated 3D models",
        "organization": null,
        "abstract": "We present an approach for robust shape retrieval from databases containing artic- ulated 3D models. Each shape is represented by the eigenvectors of an appropriately deflned a-nity matrix, forming a spectral embedding which achieves normalization against rigid-body transformations, uniform scaling, and shape articulation (i.e., bending). Retrieval is performed in the spectral domain using global shape descrip- tors. On the McGill",
        "conf": "Computer-aided Design",
        "email": null,
        "coauthors": [
            "varun jain"
        ],
        "keywords": "3d model,Eigenvalues,Eigenvectors,Geodesic Distance,Rigid Body,Shape Descriptor,Shape Retrieval,Spherical Harmonic,",
        "title_embedding": [],
        "abstract_embedding": []
    },
    {
        "id": 1281,
        "label": 279,
        "title": "Surface sampling and the intrinsic Voronoi diagram",
        "organization": null,
        "abstract": NaN,
        "conf": "Computer Graphics Forum",
        "email": null,
        "coauthors": [
            "ramsay dyer",
            "torsten moller"
        ],
        "keywords": "voronoi diagram,",
        "title_embedding": [],
        "abstract_embedding": []
    },
    {
        "id": 1282,
        "label": 279,
        "title": "Mesh Segmentation via Spectral Embedding and Contour Analysis",
        "organization": null,
        "abstract": NaN,
        "conf": "Computer Graphics Forum",
        "email": null,
        "coauthors": [
            "rong liu"
        ],
        "keywords": "Mesh Segmentation,",
        "title_embedding": [],
        "abstract_embedding": []
    },
    {
        "id": 1283,
        "label": 279,
        "title": "A Part-aware Surface Metric for Shape Analysis",
        "organization": null,
        "abstract": "The notion of parts in a shape plays an important role in many geometry problems, including segmentation, cor- respondence, recognition, editing, and animation. As the f undamental geometric representation of 3D objects in computer graphics is surface-based, solutions of many such problems utilize a surface metric, a distance function defined over pairs of points on the surface, to assist shape",
        "conf": "Computer Graphics Forum",
        "email": null,
        "coauthors": [
            "rong liu",
            "ariel shamir",
            "daniel cohen-or"
        ],
        "keywords": "Computer Graphic,Distance Function,Geodesic Distance,Mesh Segmentation,Shape Analysis,Shape Retrieval,",
        "title_embedding": [],
        "abstract_embedding": []
    },
    {
        "id": 1284,
        "label": 279,
        "title": "Silhouette Extraction in Hough Space",
        "organization": null,
        "abstract": "Object-space silhouette extraction is an important problem in fields ranging fr om non-photorealistic computer graphics to medical robotics. We present an efficient silhouette extracto r for triangle meshes under perspective projection and make three contributions. First, we describe a novel applic ation of 3D Hough transforms, which allows us to organize mesh data more effectively for silhouette computations tha n",
        "conf": "Computer Graphics Forum",
        "email": null,
        "coauthors": [
            "matt olson"
        ],
        "keywords": "Computer Graphic,Data Structure,Medical Robotics,Performance Improvement,Perspective Projection,Triangle Mesh,Hough Transform,",
        "title_embedding": [],
        "abstract_embedding": []
    },
    {
        "id": 1285,
        "label": 279,
        "title": "Tangential Distance Fields for Mesh Silhouette Problems",
        "organization": null,
        "abstract": NaN,
        "conf": "Computer Graphics Forum",
        "email": null,
        "coauthors": [
            "matt olson"
        ],
        "keywords": "Distance Field,",
        "title_embedding": [],
        "abstract_embedding": []
    },
    {
        "id": 1286,
        "label": 279,
        "title": "Deformation-Driven Shape Correspondence",
        "organization": null,
        "abstract": "Non-rigid 3D shape correspondence isa fundamental and difficult problem. Most applications which require a cor- respondence rely on manually selected markers. Without user assistance, the performances of existing automatic correspondence methods depend strongly on a good initial shape alignment or shape prior, and they generally do not tolerate large shape variations. We present an automatic feature correspondence algorithm capable of",
        "conf": "Computer Graphics Forum",
        "email": null,
        "coauthors": [
            "alla sheffer",
            "daniel cohen-or",
            "quan zhou",
            "oliver van kaick",
            "andrea tagliasacchi"
        ],
        "keywords": "Mesh Deformation,Shape Priors,",
        "title_embedding": [],
        "abstract_embedding": []
    },
    {
        "id": 1287,
        "label": 279,
        "title": "Delay-Insensitivity and Semi-Modularity",
        "organization": null,
        "abstract": " A network is delay-dense if, of each pair of adjacent components inthe network, at least one is a delay. In this paper, we prove that a delaydenseasynchronous network is delay-insensitive if and only if its behavioris semi-modular. We consider autonomous networks, i.e., networkswithout external inputs, whose components can be any sequential machinesof the Moore type. A formal model for this",
        "conf": "Formal Methods in System Design",
        "email": null,
        "coauthors": [
            "janusz a. brzozowski"
        ],
        "keywords": "Formal Model,Delay Insensitive,",
        "title_embedding": [],
        "abstract_embedding": []
    },
    {
        "id": 1288,
        "label": 279,
        "title": "Non-Rigid Spectral Correspondence of Triangle Meshes",
        "organization": null,
        "abstract": "We present an algorithm for flnding a meaningful vertex-to-vertex correspondence be- tween two triangle meshes, which is designed to handle general non-rigid transformations. Our algorithm operates on embeddings of the two shapes in the spectral domain so as to normalize them with respect to uniform scaling and rigid-body transformation. Invari- ance to shape bending is achieved by relying on approximate",
        "conf": "International Journal of Shape Modeling",
        "email": null,
        "coauthors": [
            "varun jain",
            "oliver van kaick"
        ],
        "keywords": "Eigenvectors,Iterative Closest Point,Principal Component Analysis,Rigid Body,Shape Descriptor,Spectral Method,Triangle Mesh,Thin Plate Spline,",
        "title_embedding": [],
        "abstract_embedding": []
    },
    {
        "id": 1289,
        "label": 279,
        "title": "Consolidation of unorganized point clouds for surface reconstruction",
        "organization": null,
        "abstract": "We consolidate an unorganized point cloud with noise, outliers, non-uniformities, and in particular interference between close-by surface sheets as a preprocess to surface generation, focusing on reliable normal estimation. Our algorithm includes two new de- velopments. First, a weighted locally optimal projection operator produces a set of denoised, outlier-free and evenly distributed par- ticles over the original dense point cloud,",
        "conf": "ACM Transactions on Graphics",
        "email": null,
        "coauthors": [
            "hui huang",
            "dan li",
            "uri m. ascher",
            "daniel cohen-or"
        ],
        "keywords": "Point Cloud,Priority Setting,Projection Operator,Surface Reconstruction,",
        "title_embedding": [],
        "abstract_embedding": []
    },
    {
        "id": 1290,
        "label": 279,
        "title": "SmartBoxes for interactive urban reconstruction",
        "organization": null,
        "abstract": "We introduce an interactive tool which enables a user to quickly assemble an architectural model directly over a 3D point cloud acquired from large-scale scanning of an urban scene. The user loosely defines and manipulates simple building blocks, which we call SmartBoxes, over the point samples. These boxes quickly snap to their proper locations to conform to common architectural struc-",
        "conf": "ACM Transactions on Graphics",
        "email": null,
        "coauthors": [
            "liangliang nan",
            "andrei sharf",
            "daniel cohen-or",
            "baoquan chen"
        ],
        "keywords": "3d point cloud,Building Block,Data Fitting,Discrete Optimization,Large Scale,Point Cloud,On The Fly,",
        "title_embedding": [],
        "abstract_embedding": []
    },
    {
        "id": 1291,
        "label": 279,
        "title": "Curve skeleton extraction from incomplete point cloud",
        "organization": null,
        "abstract": NaN,
        "conf": "ACM Transactions on Graphics",
        "email": null,
        "coauthors": [
            "andrea tagliasacchi",
            "daniel cohen-or"
        ],
        "keywords": "Point Cloud,",
        "title_embedding": [],
        "abstract_embedding": []
    },
    {
        "id": 1292,
        "label": 280,
        "title": "SVM-KNN: Discriminative Nearest Neighbor Classification for Visual Category Recognition",
        "organization": null,
        "abstract": "We consider visual category recognition in the frame- work of measuring similarities, or equivalently perceptual distances, to prototype examples of categories. This ap- proach is quite e xible, and permits recognition based on color, texture, and particularly shape, in a homogeneous framework. While nearest neighbor classier s are natural in this setting, they suffer from the problem of high variance",
        "conf": "Computer Vision and Pattern Recognition",
        "email": null,
        "coauthors": [
            "alexander c. berg",
            "michael maire",
            "jitendra malik"
        ],
        "keywords": "Distance Function,Nearest Neighbor Classification,Object Recognition,Support Vector Machine,Variance Decomposition,Nearest Neighbor,",
        "title_embedding": [],
        "abstract_embedding": []
    },
    {
        "id": 1293,
        "label": 280,
        "title": "Learning a discriminative classifier using shape context distances",
        "organization": null,
        "abstract": "For purpose of object recognition, we learn one discrim- inative classifier based on one prototype, using shape con- text distances as the feature vector. From multiple proto- types, the outputs of the classifiers are combined using the method called \"error correcting output codes\". The over- all classifier is tested on benchmark dataset and is shown to outperform existing methods with",
        "conf": "Computer Vision and Pattern Recognition",
        "email": null,
        "coauthors": [
            "jitendra malik"
        ],
        "keywords": "Error Correcting Output Code,Feature Vector,Object Recognition,",
        "title_embedding": [],
        "abstract_embedding": []
    }
]