[
    {
        "id": 1258,
        "label": 278,
        "title": "Impact of Coupling of Distributed Denial of Service Attack with Routing on Throughput of Packet Switching Network",
        "organization": null,
        "abstract": NaN,
        "conf": "International Conference on Cellular Automata for Research and Industry",
        "email": null,
        "coauthors": [
            "anna t. lawniczak",
            "bruno n. di stefano"
        ],
        "keywords": "Distributed Denial of Service,Packet Switched,",
        "title_embedding": [],
        "abstract_embedding": []
    },
    {
        "id": 1259,
        "label": 278,
        "title": "Detection of anomalous packet traffic via entropy",
        "organization": null,
        "abstract": NaN,
        "conf": "Canadian Conference on Electrical and Computer Engineering",
        "email": null,
        "coauthors": [
            "anna t. lawniczak",
            "bruno n. di stefano"
        ],
        "keywords": null,
        "title_embedding": [],
        "abstract_embedding": []
    },
    {
        "id": 1260,
        "label": 278,
        "title": "Entropy Based Detection of DDoS Attacks in Packet Switching Network Models",
        "organization": null,
        "abstract": NaN,
        "conf": "Complex Sciences",
        "email": null,
        "coauthors": [
            "anna t. lawniczak",
            "bruno n. di stefano"
        ],
        "keywords": "ddos attack,Network Model,Packet Switched,",
        "title_embedding": [],
        "abstract_embedding": []
    }
]