[
    {
        "id": 1294,
        "label": 281,
        "title": "Aggregate modeling for TCP sessions",
        "organization": null,
        "abstract": "In this paper, we characterize the superposition of TCP sessions and we study the influence of transmission parameters on traffic burstiness. Particularly, we show the relation between TCP traffic characteristics and the loss rate observed on transmission links. Then we propose aggregate traffic model for TCP sessions allowing faster execution while preserving TCP sessions dynamic behavior. The results show that",
        "conf": "International Workshop on Modeling Analysis and Simulation of Wireless and Mobile Systems",
        "email": null,
        "coauthors": [
            "jean-marie garcia"
        ],
        "keywords": "Dynamic Behavior,Traffic Model,Wireless Network,",
        "title_embedding": [],
        "abstract_embedding": []
    },
    {
        "id": 1295,
        "label": 281,
        "title": "Integration of streaming and elastic traffic: a fixed point approach",
        "organization": null,
        "abstract": NaN,
        "conf": NaN,
        "email": null,
        "coauthors": [
            "olivier brun",
            "j. m. garcia",
            "david gauchard"
        ],
        "keywords": "Elastic Traffic,Fixed Point,",
        "title_embedding": [],
        "abstract_embedding": []
    },
    {
        "id": 1296,
        "label": 281,
        "title": "Bandwidth Allocation and Session Scheduling using SIP",
        "organization": null,
        "abstract": "Session Initiation Protocol (SIP) is a new signaling protocol designed to establish multimedia sessions in telecommunication networks. In this paper, we suggest the extension of SIP functionalities to coordinate QoS mechanisms deployed in IP networks, and especially in DiffServ domain. Indeed, the interaction between small and big TCP sessions may have dramatic consequences on small TCP sessions. Hence, we use",
        "conf": "Journal of Communications",
        "email": null,
        "coauthors": [
            "jean-marie garcia",
            "olivier brun"
        ],
        "keywords": "Bandwidth Allocation,Bandwidth Estimation,Indexing Terms,Ip Networks,Protocol Design,Proxy Server,qos management,Session Initiation Protocol,Telecommunication Networks,",
        "title_embedding": [],
        "abstract_embedding": []
    }
]