[
    {
        "id": 1301,
        "label": 284,
        "title": "Total Absolute Gaussian Curvature for Stereo Prior",
        "organization": null,
        "abstract": NaN,
        "conf": "Asian Conference on Computer Vision",
        "email": null,
        "coauthors": [],
        "keywords": "Gaussian Curvature,",
        "title_embedding": [],
        "abstract_embedding": []
    },
    {
        "id": 1302,
        "label": 284,
        "title": "NaviPoint: an input device for mobile information browsing",
        "organization": null,
        "abstract": NaN,
        "conf": "Computer Human Interaction",
        "email": null,
        "coauthors": [
            "kiyokuni kawachiya"
        ],
        "keywords": "Hand-held Device,Input Device,Mobile Computer,User Interface,",
        "title_embedding": [],
        "abstract_embedding": []
    },
    {
        "id": 1303,
        "label": 284,
        "title": "Higher-order clique reduction in binary graph cut",
        "organization": null,
        "abstract": "We introduce a new technique that can reduce any higher-order Markov random field with binary labels into a first-order one that has the same minima as the original. Moreover, we combine the reduction with the fusion-move and QPBO algorithms to optimize higher-order multi-label problems. While many vision problems today are formu- lated as energy minimization problems, they have mostly been",
        "conf": "Computer Vision and Pattern Recognition",
        "email": null,
        "coauthors": [],
        "keywords": "Efficient Algorithm,Energy Minimization,Graph Cut,Image Restoration,Natural Images,Natural Scenes,First Order,Higher Order,Markov Random Field,",
        "title_embedding": [],
        "abstract_embedding": []
    },
    {
        "id": 1304,
        "label": 284,
        "title": "Multi-Scale Feature Selection in Stereo",
        "organization": null,
        "abstract": "In binocular stereo matching, points in left and right images are matched according to features that characterize each point and identify pairs of points. When one tries to use multiple features, a difficult problem is which feature, or combination of features, to use. Moreover, features are difficult to cross- normalize and so comparisons must take into account not only their",
        "conf": "Computer Vision and Pattern Recognition",
        "email": null,
        "coauthors": [],
        "keywords": "Energy Function,Feature Selection,Geometric Constraints,Global Optimization,Stereo Matching,",
        "title_embedding": [],
        "abstract_embedding": []
    },
    {
        "id": 1305,
        "label": 284,
        "title": "Segmentation by Grouping Junctions",
        "organization": null,
        "abstract": "We propose a method for segmenting gray-value images. By segmentation, we mean a map from the set of pixels to a small set of levels such that each connected component of the set of pixels with the same level forms a relatively large and \"meaningful\" region. The method finds a set of levels with associated gray values by first finding",
        "conf": "Computer Vision and Pattern Recognition",
        "email": null,
        "coauthors": [
            "davi geiger"
        ],
        "keywords": "Computer Vision,Connected Component,Energy Function,Global Optimization,Maximum Flow,Polynomial Time,",
        "title_embedding": [],
        "abstract_embedding": []
    },
    {
        "id": 1306,
        "label": 284,
        "title": "Rethinking the Prior Model for Stereo",
        "organization": null,
        "abstract": NaN,
        "conf": "European Conference on Computer Vision",
        "email": null,
        "coauthors": [
            "davi geiger"
        ],
        "keywords": null,
        "title_embedding": [],
        "abstract_embedding": []
    },
    {
        "id": 1307,
        "label": 284,
        "title": "Occlusions, Discontinuities, and Epipolar Lines in Stereo",
        "organization": null,
        "abstract": "Binocular stereo is the process of obtaining depth information from a pair of left and right views of a scene. We present a new approach to compute the disparity map by solving a global optimization problem that models occlusions, discontinuities, and epipolar-line interac- tions. In the model, geometric constraints require every disparity discontinuity along the epipolar line in one eye",
        "conf": "European Conference on Computer Vision",
        "email": null,
        "coauthors": [
            "davi geiger"
        ],
        "keywords": "Directed Graph,Geometric Constraints,Global Optimization,Global Solution,Maximum Flow,Optimization Problem,Polynomial Time,",
        "title_embedding": [],
        "abstract_embedding": []
    },
    {
        "id": 1308,
        "label": 284,
        "title": "On the Semantics of GAEA",
        "organization": null,
        "abstract": NaN,
        "conf": "Fuji International Symposium on Functional and Logic Programming",
        "email": null,
        "coauthors": [
            "takuo watanabe",
            "kokichi futatsugi",
            "jose meseguer",
            "hideyuki nakashima"
        ],
        "keywords": null,
        "title_embedding": [],
        "abstract_embedding": []
    },
    {
        "id": 1309,
        "label": 284,
        "title": "Development of an Education Tool for Computer System",
        "organization": null,
        "abstract": NaN,
        "conf": "International Conference on Computers in Education",
        "email": null,
        "coauthors": [
            "yoshiro imai",
            "shinji tomita",
            "haruo niimi",
            "hitoshi inomo",
            "wataru shiraki"
        ],
        "keywords": "Educational Tool,",
        "title_embedding": [],
        "abstract_embedding": []
    },
    {
        "id": 1310,
        "label": 284,
        "title": "Finding Tree Structures by Grouping Symmetries",
        "organization": null,
        "abstract": "Abstract The representation of objects in images as tree structures is of great interest to vision, as they can represent artic- ulated objects such as people as well as other structured objects like arteries in human bodies, roads, circuit board patterns, etc. Tree structures are often related to the symme- try axis representation of shapes, which captures their local symmetries.",
        "conf": "International Conference on Computer Vision",
        "email": null,
        "coauthors": [
            "davi geiger",
            "richard cole"
        ],
        "keywords": "Approximate Algorithm,Approximation Method,Dynamic Program,Human Body,Optimization Problem,Polynomial Time Algorithm,steiner tree problem,Tree Structure,Single Source Shortest Path,",
        "title_embedding": [],
        "abstract_embedding": []
    },
    {
        "id": 1311,
        "label": 284,
        "title": "Region Extraction from Multiple Images",
        "organization": null,
        "abstract": "We present a method for region identification in multi- ple images. A set of regions in different images and the correspondences on their boundaries can be thought of as a boundary in the multi-dimensional space formed by the product of the individual image domains. We minimize an energy functional on the space of such boundaries, thereby identifying simultaneously both the",
        "conf": "International Conference on Computer Vision",
        "email": null,
        "coauthors": [
            "ian jermyn"
        ],
        "keywords": "Energy Function,Graph Algorithm,Polynomial Time,Multi Dimensional,Optical Flow,",
        "title_embedding": [],
        "abstract_embedding": []
    },
    {
        "id": 1312,
        "label": 284,
        "title": "Globally Optimal Regions and Boundaries",
        "organization": null,
        "abstract": "We propose a new form of energy functional for the seg- mentation of regions in images, and an efficient method for finding its global optima. The energy can have contribu- tions from both the region and its boundary, thus combin- ing the best features of region- and boundary-based ap- proaches to segmentation. By transforming the region en- ergy into a",
        "conf": "International Conference on Computer Vision",
        "email": null,
        "coauthors": [
            "ian jermyn"
        ],
        "keywords": "Directed Graph,Energy Function,Global Optimization,Polynomial Time Algorithm,",
        "title_embedding": [],
        "abstract_embedding": []
    },
    {
        "id": 1313,
        "label": 284,
        "title": "Local quality assessment for optical coherence tomography",
        "organization": null,
        "abstract": "Optical Coherence Tomography (OCT) is a non-invasive tool for visualizing the retina. It is increasingly used to diag- nose eye diseases such as glaucoma and diabetic maculopa- thy. However, diagnosis is only possible when the layers of the retina can be easily distinguished, which is when the im- ages are evenly illuminated. Automated OCT quality assess- ment (i.e. signal strength)",
        "conf": "IEEE International Symposium on Biomedical Imaging",
        "email": null,
        "coauthors": [
            "peter barnum",
            "mei chen",
            "gadi wollstein",
            "joel schuman"
        ],
        "keywords": "Eye Disease,Image Quality Assessment,Indexing Terms,Optical Coherence Tomography,Optical Coherence Tomography Oct,Quality Assessment,Signal Strength,Support Vector Machine,",
        "title_embedding": [],
        "abstract_embedding": []
    },
    {
        "id": 1314,
        "label": 284,
        "title": "Automated Macular Pathology Diagnosis in Retinal OCT Images Using Multi-Scale Spatial Pyramid with Local Binary Patterns",
        "organization": null,
        "abstract": NaN,
        "conf": "Medical Image Computing and Computer-Assisted Intervention",
        "email": null,
        "coauthors": [
            "yu-ying liu",
            "mei chen",
            "gadi wollstein",
            "joel schuman",
            "james m. rehg"
        ],
        "keywords": "Local Binary Pattern,",
        "title_embedding": [],
        "abstract_embedding": []
    },
    {
        "id": 1315,
        "label": 284,
        "title": "Correcting Motion Artifacts in Retinal Spectral Domain Optical Coherence Tomography via Image Registration",
        "organization": null,
        "abstract": NaN,
        "conf": "Medical Image Computing and Computer-Assisted Intervention",
        "email": null,
        "coauthors": [
            "susanna ricco",
            "mei chen",
            "gadi wollstein",
            "joel schuman"
        ],
        "keywords": "Image Registration,Motion Artifact,Optical Coherence Tomography,",
        "title_embedding": [],
        "abstract_embedding": []
    },
    {
        "id": 1316,
        "label": 284,
        "title": "Higher-Dimensional Segmentation by Minimum-cut Algorithm",
        "organization": null,
        "abstract": "It is important in many applications of 3D and higher di- mensional segmentation that the resulting segments of vox- els are not required to have only one connected component, as in some of extant methods. Indeed, it is generally nec- essary to be able to automatically determine the appropri- ate number of connected components. More generally, for a larger class",
        "conf": "Machine Vision Applications",
        "email": null,
        "coauthors": [
            "davi geiger"
        ],
        "keywords": "Automatic Segmentation,Connected Component,Graph Algorithm,Minimum Cut,",
        "title_embedding": [],
        "abstract_embedding": []
    },
    {
        "id": 1317,
        "label": 284,
        "title": "Mapping image restoration to a graph problem",
        "organization": null,
        "abstract": " We propose a graph optimization method for the restoration ofgray-scale images. We consider an arbitrary noise model for eachpixel location. We also consider a smooth constraint where thepotentials between neighbor pixels are convex functionals. Weshow how to map this problem to a directed flow graph. Then, aglobal optimal solution is obtained via the use of the maximumflowalgorithm. The algorithm runs",
        "conf": "Nonlinear Signal and Image Processing",
        "email": null,
        "coauthors": [
            "davi geiger"
        ],
        "keywords": "Convex Function,Image Restoration,Optimal Method,Optimal Solution,Polynomial Time,",
        "title_embedding": [],
        "abstract_embedding": []
    },
    {
        "id": 1318,
        "label": 284,
        "title": "Dynamic Optical Path Switching for Ultra-Low Energy Consumption and Its Enabling Device Technologies",
        "organization": null,
        "abstract": NaN,
        "conf": "Symposium on Applications and the Internet",
        "email": null,
        "coauthors": [
            "s. namiki",
            "t. hasama",
            "m. mori",
            "m. watanabe"
        ],
        "keywords": "Low Energy,",
        "title_embedding": [],
        "abstract_embedding": []
    },
    {
        "id": 1319,
        "label": 285,
        "title": "On a GUI-based Editor for Z Specifications and its Applications",
        "organization": null,
        "abstract": "There are some problems to describe the for- mal Z notation using a standard text editor. One of the reasons is to use the non-standard fonts and the special symbols in the Z nota- tion, then making it di-cult to write Z docu- ments. This paper presents a solution to such problems. A prototype on a GUI-based editor for Z",
        "conf": "Software Engineering Research and Practice",
        "email": null,
        "coauthors": [],
        "keywords": "Z Notation,",
        "title_embedding": [],
        "abstract_embedding": []
    },
    {
        "id": 1320,
        "label": 284,
        "title": "An Approach for Refactoring using ESC/Java2 - A Simple Case Study",
        "organization": null,
        "abstract": NaN,
        "conf": "Software Methodologies, Tools and Techniques",
        "email": null,
        "coauthors": [],
        "keywords": "Case Study,",
        "title_embedding": [],
        "abstract_embedding": []
    },
    {
        "id": 1321,
        "label": 284,
        "title": "Representation and Measure of Structural Information",
        "organization": null,
        "abstract": "We introduce a uniform representation of general objects that captures the regu- larities with respect to their structure. It allows a repres entation of a general class of objects including geometric patterns and images in a sparse, modular, hierarchical, and recursive manner. The representation can exploit any computable regularity in objects to compactly describe them, while also being capable of",
        "conf": "Computing Research Repository",
        "email": null,
        "coauthors": [],
        "keywords": "kolmogorov complexity,Measures of Information,",
        "title_embedding": [],
        "abstract_embedding": []
    },
    {
        "id": 1322,
        "label": 284,
        "title": "On-demand design service innovations",
        "organization": null,
        "abstract": "Offering design services for manufacturers of embedded devices has become a very important business, one in which the three leading customer requirements are time to market, integration of leading-edge technologies, and cost reduction; in short, on-demand design services. In this paper, we discuss on-demand design service innovations of several types. First, we discuss our unique field-programmable gate array (FPGA)-based system",
        "conf": "Ibm Journal of Research and Development",
        "email": null,
        "coauthors": [
            "shigenori shimizu",
            "akashi satoh",
            "toru aihara"
        ],
        "keywords": "Cost Reduction,Embedded Device,Embedded System,Field Programmable Gate Array,Intellectual Property,Network Configuration,Network Connectivity,Network Security,Power Dissipation,Satisfiability,Time To Market,",
        "title_embedding": [],
        "abstract_embedding": []
    },
    {
        "id": 1323,
        "label": 284,
        "title": "All-Optical Demultiplexing from 160 to 40/80 Gb/s Using Mach-Zehnder Switches Based on Intersubband Transition of InGaAs/AlAsSb Coupled Double Quantum Wells",
        "organization": null,
        "abstract": NaN,
        "conf": "Ieice Transactions",
        "email": null,
        "coauthors": [
            "ryoichi akimoto",
            "guangwei cong",
            "masanori nagase",
            "teruo mozume",
            "hidemi tsuchida",
            "t. hasama"
        ],
        "keywords": "Double Quantum Well,mach zehnder,",
        "title_embedding": [],
        "abstract_embedding": []
    },
    {
        "id": 1324,
        "label": 284,
        "title": "Impact of Intrinsic Parasitic Extraction Errors on Timing and Noise Estimation",
        "organization": null,
        "abstract": NaN,
        "conf": "Ieice Transactions",
        "email": null,
        "coauthors": [
            "toshiki kanamoto",
            "shigekiyo akutsu",
            "tamiyo nakabayashi",
            "takahiro ichinomiya",
            "koutaro hachiya",
            "atsushi kurokawa",
            "sakae muromoto",
            "hiroyuki kobayashi",
            "masanori hashimoto"
        ],
        "keywords": "Noise Estimation,",
        "title_embedding": [],
        "abstract_embedding": []
    },
    {
        "id": 1325,
        "label": 284,
        "title": "Exact Optimization for Markov Random Fields with Convex Priors",
        "organization": null,
        "abstract": "We introduce a method to solve exactly a first order Markov Random Field optimiza- tion problem in more generality than was previously possible. The MRF shall have a prior term that is convex in terms of a linearly ordered label set. The method maps the problem into a minimum-cut problem for a directed graph, for which a globally optimal solution",
        "conf": "IEEE Transactions on Pattern Analysis and Machine Intelligence",
        "email": null,
        "coauthors": [],
        "keywords": "Directed Graph,Global Optimization,Minimum Cut,Polynomial Time,First Order,Markov Random Field,",
        "title_embedding": [],
        "abstract_embedding": []
    },
    {
        "id": 1326,
        "label": 284,
        "title": "Globally Optimal Regions and Boundaries as Minimum Ratio Weight Cycles",
        "organization": null,
        "abstract": "We describe a new form of energy functional for the modelling and identifica- tion of regions in images. The energy is defined on the space of boundaries in the image domain, and can incorporate very general combinationsof modelling information both from the boundary (intensity gradients,...), and from the interior of the region (texture, homo- geneity,...). We describe two polynomial-time digraph",
        "conf": "IEEE Transactions on Pattern Analysis and Machine Intelligence",
        "email": null,
        "coauthors": [
            "ian jermyn"
        ],
        "keywords": "Active Contour,Energy Function,Energy Minimization,Global Optimization,Polynomial Time,",
        "title_embedding": [],
        "abstract_embedding": []
    },
    {
        "id": 1327,
        "label": 285,
        "title": "A Specification Construction Unit-Based Editor for Z",
        "organization": null,
        "abstract": "This paper proposes a formal specification support- ing tool. It is designed on the basis of the specification reusability and the convenience to construct specifica- tion repository. The tool, called ZEditor, is designed for supporting the Z specification Two re- markable features of ZEditor are as follows. Firstly, focus attention on some specification construc- tion units so that ZEditor provides",
        "conf": "International Computer Software and Applications Conference",
        "email": null,
        "coauthors": [],
        "keywords": "Formal Specification,Type Checking,",
        "title_embedding": [],
        "abstract_embedding": []
    },
    {
        "id": 1328,
        "label": 285,
        "title": "On a GUI based Editor for the Z Notation",
        "organization": null,
        "abstract": NaN,
        "conf": "Software Engineering Research and Practice",
        "email": null,
        "coauthors": [],
        "keywords": "Z Notation,",
        "title_embedding": [],
        "abstract_embedding": []
    },
    {
        "id": 1329,
        "label": 285,
        "title": "A Prototype on GUI Based Editor for Z Specifications",
        "organization": null,
        "abstract": NaN,
        "conf": "Software Engineering Research and Practice",
        "email": null,
        "coauthors": [],
        "keywords": null,
        "title_embedding": [],
        "abstract_embedding": []
    }
]