[
    {
        "id": 1299,
        "label": 283,
        "title": "Dose reduction of contrast material in the diagnisis of aortic diseases with CT angiography",
        "organization": null,
        "abstract": NaN,
        "conf": "Computer Assisted Radiology and Surgery",
        "email": null,
        "coauthors": [
            "masahiro jinzaki",
            "kozo sato",
            "kazuhiro matsumoto",
            "sachio kuribayashi"
        ],
        "keywords": "Ct Angiography,",
        "title_embedding": [],
        "abstract_embedding": []
    },
    {
        "id": 1300,
        "label": 283,
        "title": "A novel method for displaying multidetector CT urography - Top Ten Projection",
        "organization": null,
        "abstract": NaN,
        "conf": "Computer Assisted Radiology and Surgery",
        "email": null,
        "coauthors": [
            "masahiro jinzaki",
            "koichi oshil",
            "stuart g. silverman",
            "kozo sato",
            "sachio kuribayashi"
        ],
        "keywords": null,
        "title_embedding": [],
        "abstract_embedding": []
    }
]