[
    {
        "id": 1438,
        "label": 295,
        "title": "Framework for the Analysis of the Adaptability, Extensibility, and Scalability of Semantic Information Integration and the Context Mediation Approach",
        "organization": null,
        "abstract": "Technological advances such as Service Oriented Architecture (SOA) have increased the feasibility and importance of effectively integrating information from an ever widening number of systems within and across enterprises. A key difficulty of achieving this goal comes from the pervasive heterogeneity in all levels of information systems. A robust solution to this problem needs to be adaptable, extensible, and scalable.",
        "conf": "Hawaii International Conference on System Sciences",
        "email": null,
        "coauthors": [
            "thomas gannon",
            "stuart e. madnick",
            "allen moulton",
            "michael siegel",
            "marwan sabbouh"
        ],
        "keywords": "Automatic Generation,Data Semantics,Information System,Semantic Information,Semantic Integration,Semantic Interoperability,Service Oriented Architecture,",
        "title_embedding": [],
        "abstract_embedding": []
    },
    {
        "id": 1439,
        "label": 295,
        "title": "An Approach to Composing Web Services with Context Heterogeneity",
        "organization": null,
        "abstract": "The potential benefits of Web services composition heavily rely on semantic interoperability, i.e., the ability to exchange data meaningfully amongst Web services. Context heterogeneity, which refers to different implicit assumptions about interpreting the exchanged data, hampers the automatic composition of Web services. However, existing initiatives of Semantic Web Services (SWSs) often ignore context heterogeneity. In this paper, we introduce an",
        "conf": "International Conference on Web Services",
        "email": null,
        "coauthors": [
            "xitong li",
            "stuart e. madnick",
            "yushun fan"
        ],
        "keywords": "Automatic Detection,Semantic Annotation,Semantic Interoperability,Semantic Web Service,Web Service,Web Service Composition,Xml Schema,",
        "title_embedding": [],
        "abstract_embedding": []
    },
    {
        "id": 1440,
        "label": 295,
        "title": "Scalable Interoperability Through the Use of COIN Lightweight Ontology",
        "organization": null,
        "abstract": NaN,
        "conf": "Ontologies-Based Databases and Information Systems",
        "email": null,
        "coauthors": [
            "stuart e. madnick"
        ],
        "keywords": null,
        "title_embedding": [],
        "abstract_embedding": []
    },
    {
        "id": 1441,
        "label": 295,
        "title": "Reasoning About Temporal Context Using Ontology and Abductive Constraint Logic Programming",
        "organization": null,
        "abstract": "The underlying assumptions for interpreting the meaning of data of- ten change over time, which further complicates the problem of semantic het- erogeneities among autonomous data sources. As an extension to the Context Interchange (COIN) framework, this paper introduces the notion of temporal context as a formalization of the problem. We represent temporal context as a multi-valued method in F-Logic;",
        "conf": "Principles and Practice of Semantic Web Reasoning",
        "email": null,
        "coauthors": [
            "stuart e. madnick",
            "michael siegel"
        ],
        "keywords": "Automatic Detection,Constraint Logic Programs,Semantic Web,",
        "title_embedding": [],
        "abstract_embedding": []
    },
    {
        "id": 1442,
        "label": 295,
        "title": "Representation and Reasoning About Changing Semantics in Heterogeneous Data Sources",
        "organization": null,
        "abstract": "Changes of semantics in data sources further complicate the semantic heterogeneity problem. We identify four types of semantic heterogeneities re- lated to changing semantics and present a solution based on an extension to the Context Interchange (COIN) framework. Changing semantics is represented as multi-valued contextual attributes in a shared ontology; however, only a single value is valid over a certain",
        "conf": "International Semantic Web Conference",
        "email": null,
        "coauthors": [
            "stuart e. madnick",
            "michael siegel"
        ],
        "keywords": "Constraint Logic Programs,Heterogeneous Data Sources,Semantic Heterogeneity,Semantic Web,Temporal Constraints,",
        "title_embedding": [],
        "abstract_embedding": []
    },
    {
        "id": 1443,
        "label": 295,
        "title": "Effective Data Integration in the Presence of Temporal Semantic Conflicts",
        "organization": null,
        "abstract": "The change in meaning of data over time poses sig- nificant challenges for the use of that data. These chal- lenges exist in the use of an individual data source and are further compounded with the integration of multi- ple sources. In this paper, we identify three types of temporal semantic heterogeneities. We propose a solu- tion based on extensions",
        "conf": "Workshops",
        "email": null,
        "coauthors": [
            "stuart e. madnick",
            "michael siegel"
        ],
        "keywords": "Data Integrity,Semantic Heterogeneity,",
        "title_embedding": [],
        "abstract_embedding": []
    },
    {
        "id": 1444,
        "label": 295,
        "title": "One size does not fit all: legal protection for non-copyrightable data",
        "organization": null,
        "abstract": "The web has become the largest data repository on the planet. An important factor contributing to its success is its openness and ease of use: anyone can contribute data to, and consume data from, the Web. As Tim Berners-Lee, inventor of the Web, said, \"the exciting thing is serendipitous reuse of data: one person puts data up there for one",
        "conf": "Communications of The ACM",
        "email": null,
        "coauthors": [
            "stuart e. madnick"
        ],
        "keywords": "Data Extraction,Data Reuse,Ease of Use,Economic Model,Legislation,Semantic Web Technology,Web Service,European Union,Value Added Services,",
        "title_embedding": [],
        "abstract_embedding": []
    },
    {
        "id": 1445,
        "label": 295,
        "title": "Improving data quality through effective use of data semantics",
        "organization": null,
        "abstract": "Data quality issues have taken on increasing importance in recent years. In our research, we have discovered that many \"data quality\" problems are actually \"data misinterpretation\" problems - that is, problems caused by heterogeneous data semantics. In this paper, we first identify semantic heterogeneities that, when not resolved, often cause data quality problems. We discuss the especially challenging problem of",
        "conf": "Data & Knowledge Engineering",
        "email": null,
        "coauthors": [
            "stuart e. madnick"
        ],
        "keywords": "Data Quality,Data Semantics,Heterogeneous Data,Semantic Heterogeneity,",
        "title_embedding": [],
        "abstract_embedding": []
    },
    {
        "id": 1446,
        "label": 295,
        "title": "Enabling global price comparison through semantic integration of web data",
        "organization": null,
        "abstract": "Sell Globally\" and \"Shop Globally\" have been seen as a potential benefit of web-enabled electronic business. One important step toward realizing this benefit is to know how things are selling in various parts of the world. A global price comparison service would address this need. But there have not been many such services. In this paper, we use a case",
        "conf": "International Journal of Electronic Business",
        "email": null,
        "coauthors": [
            "stuart e. madnick",
            "michael siegel"
        ],
        "keywords": "Case Study,Electronic Business,Price Dispersion,Semantic Data Integration,Semantic Heterogeneity,Semantic Integration,",
        "title_embedding": [],
        "abstract_embedding": []
    },
    {
        "id": 1447,
        "label": 295,
        "title": "Reconciliation of temporal semantic heterogeneity in evolving information systems",
        "organization": null,
        "abstract": "The change in meaning of data over time poses significant challenges for the use of that data. These challenges exist in the use of an individual data source and are further compounded with the integration of multiple sources. In this paper, we identify three types of temporal semantic heterogeneity. We propose a solution based on extensions to the Context Interchange",
        "conf": "Ingnierie Des Systmes D'information",
        "email": null,
        "coauthors": [
            "stuart e. madnick"
        ],
        "keywords": "Information System,Logic Programs,Semantic Heterogeneity,",
        "title_embedding": [],
        "abstract_embedding": []
    },
    {
        "id": 1448,
        "label": 295,
        "title": "Overview and Framework for Data and Information Quality Research",
        "organization": null,
        "abstract": "Awareness of data and information quality issues has grown rapidly in light of the critical role played by the quality of information in our data-intensive, knowledge-based economy. Research in the past two decades has produced a large body of data quality knowledge and has expanded our ability to solve many data and information quality problems. In this article, we present",
        "conf": NaN,
        "email": null,
        "coauthors": [
            "stuart e. madnick",
            "richard y. wang",
            "yang w. lee"
        ],
        "keywords": "Data Quality,Information Quality,Knowledge Based Economy,Research Method,Two Dimensions,Quality of Information,",
        "title_embedding": [],
        "abstract_embedding": []
    }
]