[
    {
        "id": 1449,
        "label": 296,
        "title": "An Efficient Web Service Annotation Method Utilizing Concept Mapping and Interface Expansion",
        "organization": null,
        "abstract": NaN,
        "conf": "Fuzzy Systems and Knowledge Discovery",
        "email": null,
        "coauthors": [
            "guobing zou",
            "yang xiang",
            "yanglan gan",
            "zengbao liu"
        ],
        "keywords": "Concept Map,Web Service,",
        "title_embedding": [],
        "abstract_embedding": []
    },
    {
        "id": 1450,
        "label": 297,
        "title": "Concept Hierarchy-Based Text Database Categorization",
        "organization": null,
        "abstract": NaN,
        "conf": "Knowledge and Information Systems",
        "email": null,
        "coauthors": [
            "weiyi meng",
            "wenxian wang",
            "clement t. yu"
        ],
        "keywords": "Concept Hierarchy,Document Categorization,Large Scale,Text Database,",
        "title_embedding": [],
        "abstract_embedding": []
    }
]