[
    {
        "id": 1554,
        "label": 316,
        "title": "An OWL-Based Knowledge Model for Combined-Process-and-Location Aware Service",
        "organization": null,
        "abstract": NaN,
        "conf": "Human-Computer Interaction",
        "email": null,
        "coauthors": [
            "gunhee kim",
            "manchul han",
            "hyunchul park",
            "laehyun kim",
            "sungdo ha"
        ],
        "keywords": "Knowledge Modeling,Location Awareness,",
        "title_embedding": [],
        "abstract_embedding": []
    },
    {
        "id": 1555,
        "label": 317,
        "title": "Harmonics Table: Audiovisual Expression of Group Interaction on a Sensing Table",
        "organization": null,
        "abstract": NaN,
        "conf": "International Workshop on Entertainment Computing",
        "email": null,
        "coauthors": [
            "sangwoong hwang",
            "chansuk yang",
            "manjai lee"
        ],
        "keywords": "Group Interaction,",
        "title_embedding": [],
        "abstract_embedding": []
    }
]