[
    {
        "id": 1602,
        "label": 340,
        "title": "Modelling of dispersant application to oil spills in shallow coastal waters",
        "organization": null,
        "abstract": NaN,
        "conf": "Environmental Modelling and Software",
        "email": null,
        "coauthors": [
            "mark reed",
            "per daling",
            "alun lewis",
            "may kristin ditlevsen",
            "bard brrs",
            "don aurand"
        ],
        "keywords": "Coastal Waters,Oil Spill,",
        "title_embedding": [],
        "abstract_embedding": []
    }
]