[
    {
        "id": 1604,
        "label": 342,
        "title": "Poster reception - Human arterial tree simulation on TeraGrid",
        "organization": null,
        "abstract": "The human arterial tree consists of a complex network of branching blood vessels leading from the heart to arterioles, capillaries, and venules - comprising the microcirculation. The numerical simulation of the blood flow in a single part of the human arterial tree requires hundreds of CPUs; a full human arterial tree will require thousands of CPUs. Nowadays, we can use",
        "conf": "Supercomputing Conference",
        "email": null,
        "coauthors": [
            "leopold grinberg",
            "suchuan dong",
            "alexander yakhot",
            "george e. karniadakis",
            "nicholas t. karonis"
        ],
        "keywords": "Blood Vessel,Cardiovascular System,Complex Network,Data Distribution,Geographic Distribution,Large Scale Simulation,message-passing algorithms,Numerical Simulation,Software Development,Blood Flow,",
        "title_embedding": [],
        "abstract_embedding": []
    }
]