[
    {
        "id": 1606,
        "label": 344,
        "title": "Ultrastructural Mapping of Neural Circuitry: A Computational Framework",
        "organization": null,
        "abstract": NaN,
        "conf": "IEEE International Symposium on Biomedical Imaging",
        "email": null,
        "coauthors": [
            "bryan w. jones",
            "jia-hui yang",
            "maggie v. shaw",
            "carl b. watt",
            "paul koshevoy",
            "joel spaltenstein",
            "elizabeth jurrus",
            "kannan umadevi venkataraju",
            "ross t. whitaker",
            "david n. mastronarde",
            "tolga tasdizen",
            "robert marc"
        ],
        "keywords": null,
        "title_embedding": [],
        "abstract_embedding": []
    }
]