[
    {
        "id": 1620,
        "label": 347,
        "title": "A Norm Utilisation for Scarce Hospital Resources: Evidence from Operating Rooms in a Dutch University Hospital",
        "organization": null,
        "abstract": NaN,
        "conf": "Journal of Medical Systems",
        "email": null,
        "coauthors": [
            "mark van houdenhoven",
            "erwin w. hans",
            "gerhard wullink",
            "geert kazemier"
        ],
        "keywords": "Operating Room,",
        "title_embedding": [],
        "abstract_embedding": []
    }
]