[
    {
        "id": 1626,
        "label": 352,
        "title": "Monte Carlo Valuation of Multidimensional American Options Through Grid Computing",
        "organization": null,
        "abstract": NaN,
        "conf": "Large-Scale Scientific Computing",
        "email": null,
        "coauthors": [
            "ioane muni toke"
        ],
        "keywords": "American Option,Grid Computing,Monte Carlo,",
        "title_embedding": [],
        "abstract_embedding": []
    },
    {
        "id": 1627,
        "label": 352,
        "title": "Design and implementation of an enterprise grid",
        "organization": null,
        "abstract": NaN,
        "conf": "Ibm Systems Journal",
        "email": null,
        "coauthors": [
            "dikran s. meliksetian",
            "jean-pierre prost",
            "amarjit s. bahl",
            "irwin boutboul",
            "david p. currier",
            "sebastien fibra",
            "kevin m. kassab",
            "jean-luc lepesant",
            "colm malone",
            "paul manesco"
        ],
        "keywords": "Design and Implementation,",
        "title_embedding": [],
        "abstract_embedding": []
    }
]