[
    {
        "id": 1628,
        "label": 353,
        "title": "Collaborative Smart Items",
        "organization": null,
        "abstract": "Business information systems provide computer support for decision making across huge data sets. Smart Items are miniaturized computer and sensing systems embedded into physical goods, items and assets. This paper proposes col- laborative Smart Items for pushing business relevant computing as close as possi- ble into the real world. Collaboration is enabled through an auction-based negotia- tion mechanism running distributed",
        "conf": "GI-Jahrestagung",
        "email": null,
        "coauthors": [
            "christian decker",
            "clemens van dinther",
            "marc schleyer",
            "emilian peev"
        ],
        "keywords": "Decision Making,Information Loss,Information Processing,Business Information Systems,",
        "title_embedding": [],
        "abstract_embedding": []
    },
    {
        "id": 1629,
        "label": 353,
        "title": "Service lifecycle management infrastructure for smart items",
        "organization": null,
        "abstract": "Smart items are physical objects that are enhanced by information technology. There are a number of different smart item technologies available, all of which have different capabilities, protocols, and management functionality. These devices have become an attractive solution for enterprise scenarios. In such scenarios lifecycle management can become a challenge when considering the differences of the smart item types while",
        "conf": "International Conference on Distributed Systems Platforms and Open Distributed Processing/Open Distributed Processing",
        "email": null,
        "coauthors": [
            "leonardo weiss ferreira chaves",
            "luciana moreira sa de souza",
            "jurgen anke"
        ],
        "keywords": "Information Technology,Middleware,Satisfiability,",
        "title_embedding": [],
        "abstract_embedding": []
    },
    {
        "id": 1630,
        "label": 353,
        "title": "Understanding User Preferences and Awareness: Privacy Mechanisms in Location-Based Services",
        "organization": null,
        "abstract": NaN,
        "conf": "OTM Workshops",
        "email": null,
        "coauthors": [
            "thorben burghardt",
            "erik buchmann",
            "klemens bohm"
        ],
        "keywords": "Location Based Service,User Preferences,",
        "title_embedding": [],
        "abstract_embedding": []
    },
    {
        "id": 1631,
        "label": 354,
        "title": "Estimation of class membership functions for grey-level based image fusion",
        "organization": null,
        "abstract": NaN,
        "conf": "International Conference on Image Processing",
        "email": null,
        "coauthors": [
            "isabelle bloch",
            "lars aurdal",
            "domenico bijno"
        ],
        "keywords": "Image Fusion,Membership Function,",
        "title_embedding": [],
        "abstract_embedding": []
    },
    {
        "id": 1632,
        "label": 355,
        "title": "Rokkatan: scaling an RTS game design to the massively multiplayer realm",
        "organization": null,
        "abstract": "While massively multiplayer online role-playing games (MMORPG) involve large numbers of simultaneous players, two other popular game classes -- first-person shooter (FPS) and real-time strategy (RTS) games - are still only rarely considered for massively multiplayer gaming. A main technical problem for scaling these genres to be massively multiplayer is the absence of a suitable scalable multiserver networking approach. While",
        "conf": "Computers in Entertainment",
        "email": null,
        "coauthors": [
            "sergei gorlatch"
        ],
        "keywords": "Computer Game,Distributed Computing,Game Design,Massively Multiplayer,Network Architecture,Performance Measure,Proxy Server,First Person Shooter,Massively Multiplayer Online Role Playing Game,Real Time Strategy,",
        "title_embedding": [],
        "abstract_embedding": []
    },
    {
        "id": 1633,
        "label": 355,
        "title": "Dynamic Service Provisioning for Multiplayer Online Games",
        "organization": null,
        "abstract": NaN,
        "conf": "Advanced Parallel Programming Technologies",
        "email": null,
        "coauthors": [
            "rafael schwerdt",
            "sergei gorlatch"
        ],
        "keywords": "Multiplayer Online Games,Service Provision,",
        "title_embedding": [],
        "abstract_embedding": []
    },
    {
        "id": 1634,
        "label": 355,
        "title": "Clayworks: A System for Collaborative Real-Time Modeling and High-Performance Simulation",
        "organization": null,
        "abstract": NaN,
        "conf": "e-Science and Grid Computing",
        "email": null,
        "coauthors": [
            "martin alt",
            "jan dunnweber",
            "sergei gorlatch"
        ],
        "keywords": "High Performance,Real Time,",
        "title_embedding": [],
        "abstract_embedding": []
    },
    {
        "id": 1635,
        "label": 355,
        "title": "Towards High-Level Grid Programming and Load-Balancing: A Barnes-Hut Case Study",
        "organization": null,
        "abstract": NaN,
        "conf": "European Conference on Parallel Processing",
        "email": null,
        "coauthors": [
            "martin alt",
            "sergei gorlatch"
        ],
        "keywords": "Case Study,Load Balance,",
        "title_embedding": [],
        "abstract_embedding": []
    },
    {
        "id": 1636,
        "label": 355,
        "title": "A Proxy Server-Network for Real-Time Computer Games",
        "organization": null,
        "abstract": "Computer games played over the Internet have recently be- come an important class of distributed applications. In this paper we present a novel proxy server-network topology aiming at improved scala- bility of multiplayer games and low latency in client-server data transmis- sion. We present a mechanism to ecien tly synchronize the distributed state of a game based on the concept",
        "conf": "European Conference on Parallel Processing",
        "email": null,
        "coauthors": [
            "stefan fischer",
            "sergei gorlatch",
            "martin mauve"
        ],
        "keywords": "Computer Game,Distributed Application,Low Latency,Multiplayer Game,Network Topology,Peer To Peer,Proxy Server,Real-time Computing,Client Server,",
        "title_embedding": [],
        "abstract_embedding": []
    },
    {
        "id": 1637,
        "label": 355,
        "title": "A Scalable Architecture for Multiplayer Computer Games",
        "organization": null,
        "abstract": NaN,
        "conf": "GI-Jahrestagung",
        "email": null,
        "coauthors": [
            "sergei gorlatch"
        ],
        "keywords": "Computer Game,",
        "title_embedding": [],
        "abstract_embedding": []
    },
    {
        "id": 1638,
        "label": 355,
        "title": "Scaling multiplayer online games using proxy-server replication: a case study of Quake 2",
        "organization": null,
        "abstract": "Massively Multiplayer Online Games (MMOGs) are an increasingly popular class of real-time interactive distributed applications that require scalable architectures and parallelization approaches. While games of the role-playing genre already allow thousands of users to concurrently participate in a single game session, there are important genres, in particular action and strategy games, which have not been scaled to the massively multiplayer",
        "conf": "IEEE International Symposium on High Performance Distributed Computing",
        "email": null,
        "coauthors": [
            "sergei gorlatch",
            "tobias schroter",
            "stefan fischer"
        ],
        "keywords": "Case Study,Computer Game,Distributed Application,Massively Multiplayer,Massively Multiplayer Online Game,Multiplayer Online Games,Proxy Server,System Architecture,Real Time,",
        "title_embedding": [],
        "abstract_embedding": []
    },
    {
        "id": 1639,
        "label": 355,
        "title": "GSM: a game scalability model for multiplayer real-time games",
        "organization": null,
        "abstract": NaN,
        "conf": "IEEE INFOCOM",
        "email": null,
        "coauthors": [
            "sergei gorlatch"
        ],
        "keywords": "Real Time,",
        "title_embedding": [],
        "abstract_embedding": []
    },
    {
        "id": 1640,
        "label": 355,
        "title": "On correctness of scalable multi-server state replication in online games",
        "organization": null,
        "abstract": "Massively Multiplayer Online Games (MMOG) require novel, scalable network architectures for a high amount of participating players in huge game worlds. Consequently, new and complex multi-server parallelization approaches have been proposed to provide responsive, massively multiplayer gameplay for different game genres. Besides scalability and performance, the issue of correctness of the game state processing is vital for providing a failure-free",
        "conf": "Network and System Support for Games",
        "email": null,
        "coauthors": [
            "andreas gossling",
            "sergei gorlatch"
        ],
        "keywords": "Massively Multiplayer,Massively Multiplayer Online Game,Network Architecture,Online Game,",
        "title_embedding": [],
        "abstract_embedding": []
    },
    {
        "id": 1641,
        "label": 355,
        "title": "Enhancing Online Computer Games for Grids",
        "organization": null,
        "abstract": NaN,
        "conf": "Parallel Computing Technologies",
        "email": null,
        "coauthors": [
            "sergei gorlatch"
        ],
        "keywords": "Computer Game,",
        "title_embedding": [],
        "abstract_embedding": []
    },
    {
        "id": 1642,
        "label": 353,
        "title": "A Rule-Based Approach to Match Structural Patterns with Business Process Models",
        "organization": null,
        "abstract": NaN,
        "conf": "Rules and Rule Markup Languages for the Semantic Web",
        "email": null,
        "coauthors": [],
        "keywords": "Business Process Model,Rule Based,",
        "title_embedding": [],
        "abstract_embedding": []
    },
    {
        "id": 1643,
        "label": 355,
        "title": "Clayworks: Toward User-Oriented Software for Collaborative Modeling and Simulation",
        "organization": null,
        "abstract": NaN,
        "conf": "Software Methodologies, Tools and Techniques",
        "email": null,
        "coauthors": [
            "sergei gorlatch",
            "martin alt",
            "jan dunnweber",
            "hamido fujita",
            "yutaka funyu"
        ],
        "keywords": "Modeling and Simulation,",
        "title_embedding": [],
        "abstract_embedding": []
    },
    {
        "id": 1644,
        "label": 355,
        "title": "Rokkatan: scaling an RTS game design to the massively multiplayer realm",
        "organization": null,
        "abstract": "While massively multiplayer online role-playing games (MMORPG) involve large numbers of simultaneous players, two other popular game classes -- first-person shooter (FPS) and real-time strategy (RTS) games - are still only rarely considered for massively multiplayer gaming. A main technical problem for scaling these genres to be massively multiplayer is the absence of a suitable scalable multiserver networking approach. While",
        "conf": "Computers in Entertainment",
        "email": null,
        "coauthors": [
            "sergei gorlatch"
        ],
        "keywords": "Computer Game,Distributed Computing,Game Design,Massively Multiplayer,Network Architecture,Performance Measure,Proxy Server,First Person Shooter,Massively Multiplayer Online Role Playing Game,Real Time Strategy,",
        "title_embedding": [],
        "abstract_embedding": []
    },
    {
        "id": 1645,
        "label": 355,
        "title": "Data Parallelism in C++ Template Programs: a Barnes-hut Case Study",
        "organization": null,
        "abstract": NaN,
        "conf": "Parallel Processing Letters",
        "email": null,
        "coauthors": [
            "holger bischof",
            "sergei gorlatch",
            "roman leshchinskiy"
        ],
        "keywords": "Case Study,Data Parallel,",
        "title_embedding": [],
        "abstract_embedding": []
    },
    {
        "id": 1646,
        "label": 356,
        "title": "A general purpose adaptivity driver for FE software",
        "organization": null,
        "abstract": "This paper describes a tool that serves as an automatic mesh adaptivity driver program for general purpose finite element (FE) software packages. Many commercially available FE programs lack a feature to control the numerical solution's accuracy properly. Our tool implements a mesh adaptive method that, in conjunction with separate finite element software, allows one to fully automatically improve the quality",
        "conf": "Software - Practice and Experience",
        "email": null,
        "coauthors": [
            "jan g. korvink"
        ],
        "keywords": "Finite Element,Mesh Adaptation,Numerical Solution,Software Package,",
        "title_embedding": [],
        "abstract_embedding": []
    }
]