[
    {
        "id": 1647,
        "label": 357,
        "title": "Ontology-Based Structured Cosine Similarity in Speech Document Summarization",
        "organization": null,
        "abstract": "Development of algorithms for automated text categorization in massive text document sets is an important research area of data mining and knowledge discovery. Most of the text-clustering methods were grounded in the term-based measurement of distance or similarity, ignoring the structure of terms in documents. In this paper we present a novel method named Structured Cosine Similarity that furnishes document",
        "conf": "Web Intelligence",
        "email": null,
        "coauthors": [
            "soe-tsyr yuan"
        ],
        "keywords": "Data Mining,Document Clustering,Document Summarization,High Performance,Knowledge Acquisition,Knowledge Discovery,Knowledge Management,Text Categorization,Text Clustering,",
        "title_embedding": [],
        "abstract_embedding": []
    },
    {
        "id": 1648,
        "label": 357,
        "title": "Ontology-based structured cosine similarity in document summarization: with applications to mobile audio-based knowledge management",
        "organization": null,
        "abstract": NaN,
        "conf": "IEEE Transactions on Systems, Man, and Cybernetics",
        "email": null,
        "coauthors": [
            "soe-tsyr yuan"
        ],
        "keywords": "Document Summarization,Knowledge Management,",
        "title_embedding": [],
        "abstract_embedding": []
    }
]