[
    {
        "id": 1890,
        "label": 392,
        "title": "Identifying elephant flows through periodically sampled packets",
        "organization": null,
        "abstract": "Identifying elephant flows is very important in developing effective and efficient traffic engineering schemes. In addition, obtaining the statistics of these flows is also very useful for network operation and management. On the other hand, with the rapid growth of link speed in recent years, packet sampling has become a very attractive and scalable means to measure flow statistics; however,",
        "conf": "Internet Measurement Conference",
        "email": null,
        "coauthors": [
            "tatsuya mori",
            "masato uchida",
            "ryoichi kawahara",
            "shigeki goto"
        ],
        "keywords": "bayes theorem,Cost Effectiveness,Elephants,False Positive,High Speed Networks,Large Scale,Packet Sampling,Sampling Frequency,Traffic Engineered,False Negative,Operations and Management,",
        "title_embedding": [],
        "abstract_embedding": []
    },
    {
        "id": 1891,
        "label": 392,
        "title": "Identifying Heavy-Hitter Flows from Sampled Flow Statistics",
        "organization": null,
        "abstract": NaN,
        "conf": "Ieice Transactions",
        "email": null,
        "coauthors": [
            "tatsuya mori",
            "tetsuya takine",
            "ryoichi kawahara",
            "masato uchida",
            "shigeki goto"
        ],
        "keywords": null,
        "title_embedding": [],
        "abstract_embedding": []
    }
]