[
    {
        "id": 1797,
        "label": 374,
        "title": "Performance Assessment of Mammography Image Segmentation Algorithms",
        "organization": null,
        "abstract": NaN,
        "conf": "Applied Imagery Pattern Recognition Workshop",
        "email": null,
        "coauthors": [
            "kenneth byrd",
            "mohamed f. chouikha"
        ],
        "keywords": "Image Segmentation,Performance Assessment,",
        "title_embedding": [],
        "abstract_embedding": []
    },
    {
        "id": 1798,
        "label": 374,
        "title": "Online Handwritten Circuit Recognition on a Tablet PC",
        "organization": null,
        "abstract": NaN,
        "conf": "Applied Imagery Pattern Recognition Workshop",
        "email": null,
        "coauthors": [
            "o'tega ejofodomi",
            "shani ross",
            "ahmed jendoubi",
            "mohamed f. chouikha"
        ],
        "keywords": "Tablet Pc,",
        "title_embedding": [],
        "abstract_embedding": []
    },
    {
        "id": 1799,
        "label": 374,
        "title": "Top-Down Approach to Segmentation of Prostate Boundaries in Ultrasound Images",
        "organization": null,
        "abstract": NaN,
        "conf": "Applied Imagery Pattern Recognition Workshop",
        "email": null,
        "coauthors": [
            "ahmed jendoubi",
            "mohamed f. chouikha"
        ],
        "keywords": "Ultrasound Imaging,Top Down,",
        "title_embedding": [],
        "abstract_embedding": []
    },
    {
        "id": 1800,
        "label": 374,
        "title": "A Mammography Database and View System for the African American Patients",
        "organization": null,
        "abstract": NaN,
        "conf": "Applied Imagery Pattern Recognition Workshop",
        "email": null,
        "coauthors": [
            "shani ross",
            "o'tega ejofodomi",
            "ahmed jendoubi",
            "mohamed f. chouikha",
            "shih-chung ben lo",
            "p. paul wang"
        ],
        "keywords": "African American,",
        "title_embedding": [],
        "abstract_embedding": []
    },
    {
        "id": 1801,
        "label": 374,
        "title": "A Study of Seismic Inverse Methods for Radar Signal Processing",
        "organization": null,
        "abstract": NaN,
        "conf": "Applied Imagery Pattern Recognition Workshop",
        "email": null,
        "coauthors": [
            "aya sayedelahl",
            "r. phillip bording",
            "mohamed f. chouikha"
        ],
        "keywords": "Inverse Method,Radar Signal Processing,",
        "title_embedding": [],
        "abstract_embedding": []
    },
    {
        "id": 1802,
        "label": 374,
        "title": "Development and evaluation of optimal prostate biopsy protocols for individual groups of patients",
        "organization": null,
        "abstract": NaN,
        "conf": "Computer Assisted Radiology and Surgery",
        "email": null,
        "coauthors": [
            "ariela sofer",
            "wei zhang",
            "leon sun",
            "isabell a. sesterhenn",
            "judd w. moul",
            "seong k. mun",
            "mohamed f. chouikha"
        ],
        "keywords": null,
        "title_embedding": [],
        "abstract_embedding": []
    },
    {
        "id": 1803,
        "label": 375,
        "title": "Statistically Optimized Biopsy Strategy for the Diagnosis of Prostate Cancer",
        "organization": null,
        "abstract": "This paper presents a method for optimizing prostate needle biopsy, by creating a statistical atlas of the spatial distribution of prostate cancer from a large patient cohort. In order to remove inter-individual morphological variability and to determine the true variability in the spatial distribution of cancer within the prostate, an adaptive-focu s deformable model (AFDM) is first used to register",
        "conf": "IEEE Symposium on Computer-Based Medical Systems",
        "email": null,
        "coauthors": [
            "dinggang shen",
            "zhiqiang lao",
            "edward herskovits",
            "gabor fichtinger",
            "christos davatzikos"
        ],
        "keywords": "Deformable Model,Deformable Registration,Probabilistic Method,Prostate Cancer,Spatial Distribution,",
        "title_embedding": [],
        "abstract_embedding": []
    },
    {
        "id": 1804,
        "label": 375,
        "title": "A Statistical Atlas of Prostate Cancer for Optimal Biopsy",
        "organization": null,
        "abstract": "This paper presents a methodology of creating a statistical atlas of spatial distribution of prostate cancer from a large patient cohort, and uses it for designing optimal needle biopsy strategies. In order to remove inter-individual morphological variability and determine the true variability in cancer position, an adaptive-focus deformable model (AFDM) is used to register and normalize prostate samples. Moreover, a",
        "conf": "Medical Image Computing and Computer-Assisted Intervention",
        "email": null,
        "coauthors": [
            "dinggang shen",
            "zhiqiang lao",
            "edward herskovits",
            "gabor fichtinger",
            "christos davatzikos"
        ],
        "keywords": "Deformable Model,Design Optimization,Detection Probability,Probabilistic Method,Prostate Cancer,Spatial Distribution,",
        "title_embedding": [],
        "abstract_embedding": []
    },
    {
        "id": 1805,
        "label": 374,
        "title": "Optimization in Prostate Cancer Detection",
        "organization": null,
        "abstract": NaN,
        "conf": "Medical Image Computing and Computer-Assisted Intervention",
        "email": null,
        "coauthors": [
            "ariela sofer",
            "seong k. mun"
        ],
        "keywords": "Prostate Cancer,",
        "title_embedding": [],
        "abstract_embedding": []
    },
    {
        "id": 1806,
        "label": 374,
        "title": "Distribution of Prostrate Cancer for Optimized Biopsy Protocols",
        "organization": null,
        "abstract": NaN,
        "conf": "Medical Image Computing and Computer-Assisted Intervention",
        "email": null,
        "coauthors": [
            "john j. bauer",
            "ariela sofer",
            "xiaohu yao",
            "brett opell",
            "wei zhang",
            "isabell a. sesterhenn",
            "judd w. moul",
            "john lynch",
            "seong k. mun"
        ],
        "keywords": null,
        "title_embedding": [],
        "abstract_embedding": []
    },
    {
        "id": 1807,
        "label": 374,
        "title": "Visualization and Evaluation of Prostrate Needle Biopsy",
        "organization": null,
        "abstract": NaN,
        "conf": "Medical Image Computing and Computer-Assisted Intervention",
        "email": null,
        "coauthors": [
            "charles kaplan",
            "john j. bauer",
            "isabell a. sesterhenn",
            "judd w. moul",
            "seong k. mun"
        ],
        "keywords": null,
        "title_embedding": [],
        "abstract_embedding": []
    },
    {
        "id": 1808,
        "label": 374,
        "title": "Development of a New Image-Guided Prostate Biopsy System",
        "organization": null,
        "abstract": NaN,
        "conf": "Medical Image Computing and Computer-Assisted Intervention",
        "email": null,
        "coauthors": [
            "ariela sofer",
            "seong k. mun"
        ],
        "keywords": null,
        "title_embedding": [],
        "abstract_embedding": []
    },
    {
        "id": 1809,
        "label": 374,
        "title": "Optimal Biopsy Protocols for Prostate Cancer",
        "organization": null,
        "abstract": "Prostate cancer is the second leading cause of cancer-related death among American men. Biopsy for prostate cancer is a procedure known as transrectal ultrasound-guided needle biopsy. Because of the low resolution of ultrasound, the urologist cannot usually distin- guish between cancerous and healthy tissue. For this reason, most biopsies follow standard protocols based on long-term experience of physicians. Recent studies",
        "conf": "Annals of Operations Research",
        "email": null,
        "coauthors": [
            "ariela sofer",
            "seong k. mun"
        ],
        "keywords": "American Cancer Society,Early Detection,Prostate Cancer,Skin Cancer,Ultrasound,United States,Digital Rectal Examination,False Negative,Lung Cancer,Low Resolution,Public Health,",
        "title_embedding": [],
        "abstract_embedding": []
    },
    {
        "id": 1810,
        "label": 374,
        "title": "Modeling and mapping of prostate cancer",
        "organization": null,
        "abstract": NaN,
        "conf": "Computers & Graphics",
        "email": null,
        "coauthors": [
            "john j. bauer",
            "seong k. mun"
        ],
        "keywords": "Prostate Cancer,",
        "title_embedding": [],
        "abstract_embedding": []
    },
    {
        "id": 1811,
        "label": 374,
        "title": "A Mammography Database and View System for African-American Patients",
        "organization": null,
        "abstract": NaN,
        "conf": "Journal of Digital Imaging",
        "email": null,
        "coauthors": [
            "shani ross",
            "otega ejofodomi",
            "ahmed jendoubi",
            "lisa kinnard",
            "mohamed chouika",
            "shih-chung ben lo",
            "paul wang"
        ],
        "keywords": "African American,",
        "title_embedding": [],
        "abstract_embedding": []
    },
    {
        "id": 1812,
        "label": 374,
        "title": "Targeted Prostate Biopsy Using Statistical Image Analysis",
        "organization": null,
        "abstract": "In this paper, a method for maximizing the proba- bility of prostate cancer detection via biopsy is presented, by com- bining image analysis and optimization techniques. This method consists of three major steps. First, a statistical atlas of the spa- tial distribution of prostate cancer is constructed from histological images obtained from radical prostatectomy specimen. Second, a probabilistic optimization framework",
        "conf": "IEEE Transactions on Medical Imaging",
        "email": null,
        "coauthors": [
            "yiqiang zhan",
            "dinggang shen",
            "leon sun",
            "gabor fichtinger",
            "judd w. moul",
            "christos davatzikos"
        ],
        "keywords": "Clinical Study,Cross Validation,Image Analysis,Indexing Terms,Optimization Technique,Prostate Cancer,Radical Prostatectomy,Space Use,",
        "title_embedding": [],
        "abstract_embedding": []
    }
]