[
    {
        "id": 1853,
        "label": 389,
        "title": "Spectral Efficiency of Distributed MIMO Cellular Systems in a Composite Fading Channel",
        "organization": null,
        "abstract": NaN,
        "conf": "IEEE International Conference on Communications",
        "email": null,
        "coauthors": [
            "dongming wang",
            "xiaohu you",
            "yan wang",
            "xiaoyun hou"
        ],
        "keywords": "Cellular System,Fading Channel,Spectral Efficiency,",
        "title_embedding": [],
        "abstract_embedding": []
    },
    {
        "id": 1854,
        "label": 389,
        "title": "Adaptive channel and power allocation of downlink multi-user MC-CDMA systems",
        "organization": null,
        "abstract": NaN,
        "conf": "Computers & Electrical Engineering",
        "email": null,
        "coauthors": [
            "jun-bo wang",
            "ming chen"
        ],
        "keywords": "Power Allocation,Multi User,",
        "title_embedding": [],
        "abstract_embedding": []
    },
    {
        "id": 1855,
        "label": 389,
        "title": "Cross-layer packet scheduling for downlink multiuser OFDM systems",
        "organization": null,
        "abstract": NaN,
        "conf": "Science in China Series F: Information Sciences",
        "email": null,
        "coauthors": [
            "jun-bo wang",
            "huamin chen",
            "ming chen"
        ],
        "keywords": "Cross Layer,Packet Scheduling,",
        "title_embedding": [],
        "abstract_embedding": []
    }
]