[
    {
        "id": 1901,
        "label": 394,
        "title": "Design of an Hinfinity controller with internal model principle for disturbance rejection in optical disk drives",
        "organization": null,
        "abstract": NaN,
        "conf": "International Conference on Control, Automation, Robotics and Vision",
        "email": null,
        "coauthors": [
            "fengdan dong",
            "youyi wang"
        ],
        "keywords": "Disturbance Rejection,Internal Model Principle,Optic Disk,",
        "title_embedding": [],
        "abstract_embedding": []
    },
    {
        "id": 1902,
        "label": 394,
        "title": "Robust Nonlinear Reduced-Order Dynamic Controller Design and its Application to a Single-link Manipulator",
        "organization": null,
        "abstract": NaN,
        "conf": "International Conference on Robotics and Automation",
        "email": null,
        "coauthors": [
            "rujing zhou",
            "youyi wang"
        ],
        "keywords": "Controller Design,",
        "title_embedding": [],
        "abstract_embedding": []
    }
]