[
    {
        "id": 1962,
        "label": 405,
        "title": "Augmented Attack Tree Modeling of Distributed Denial of Services and Tree Based Attack Detection Method",
        "organization": null,
        "abstract": NaN,
        "conf": "Conference on Computer and Information Technology",
        "email": null,
        "coauthors": [
            "raphael c.-w. phan",
            "john n. whitley",
            "david j. parish"
        ],
        "keywords": "Distributed Denial of Service,",
        "title_embedding": [],
        "abstract_embedding": []
    }
]