[
    {
        "id": 1956,
        "label": 404,
        "title": "Frame Skeleton Based Auto-Inbetweening in Computer Assisted Cel Animation",
        "organization": null,
        "abstract": NaN,
        "conf": "International Conference on Cyberworlds",
        "email": null,
        "coauthors": [
            "konstantin melikhov",
            "feng tian",
            "seah hock soon",
            "quan chen"
        ],
        "keywords": null,
        "title_embedding": [],
        "abstract_embedding": []
    },
    {
        "id": 1957,
        "label": 404,
        "title": "Computer-Assisted Auto Coloring by Region Matching",
        "organization": null,
        "abstract": NaN,
        "conf": "Pacific Conference on Computer Graphics and Applications",
        "email": null,
        "coauthors": [
            "seah hock soon",
            "feng tian",
            "quan chen",
            "konstantin melikhov"
        ],
        "keywords": null,
        "title_embedding": [],
        "abstract_embedding": []
    },
    {
        "id": 1958,
        "label": 404,
        "title": "DBSC-Based Grayscale Line Image Vectorization",
        "organization": null,
        "abstract": NaN,
        "conf": "Journal of Computer Science and Technology",
        "email": null,
        "coauthors": [
            "konstantin melikhov",
            "feng tian",
            "quan chen",
            "seah hock soon"
        ],
        "keywords": null,
        "title_embedding": [],
        "abstract_embedding": []
    },
    {
        "id": 1959,
        "label": 404,
        "title": "DBSC-based animation enhanced with feature and motion",
        "organization": null,
        "abstract": NaN,
        "conf": "Journal of Visualization and Computer Animation",
        "email": null,
        "coauthors": [
            "quan chen",
            "feng tian",
            "hock soon seah",
            "zhongke wu",
            "konstantin melikhov"
        ],
        "keywords": null,
        "title_embedding": [],
        "abstract_embedding": []
    },
    {
        "id": 1960,
        "label": 404,
        "title": "Enhanced auto coloring with hierarchical region matching",
        "organization": null,
        "abstract": NaN,
        "conf": "Journal of Visualization and Computer Animation",
        "email": null,
        "coauthors": [
            "hock soon seah",
            "feng tian",
            "quan chen",
            "zhongke wu"
        ],
        "keywords": null,
        "title_embedding": [],
        "abstract_embedding": []
    },
    {
        "id": 1961,
        "label": 404,
        "title": "Feature and region-based auto painting for 2D animation",
        "organization": null,
        "abstract": NaN,
        "conf": "The Visual Computer",
        "email": null,
        "coauthors": [
            "seah hock soon",
            "feng tian",
            "zhongke wu",
            "quan chen"
        ],
        "keywords": null,
        "title_embedding": [],
        "abstract_embedding": []
    }
]