[
    {
        "id": 1964,
        "label": 407,
        "title": "QoS Enhancements and Performance Analysis for Delay Sensitive Applications",
        "organization": null,
        "abstract": NaN,
        "conf": "Advanced Information Networking and Applications",
        "email": null,
        "coauthors": [
            "lin guan",
            "xin gang wang",
            "a. grigg",
            "irfan awan",
            "iain c. c. phillips",
            "xuefen chi"
        ],
        "keywords": "Performance Analysis,",
        "title_embedding": [],
        "abstract_embedding": []
    }
]