[
    {
        "id": 1977,
        "label": 409,
        "title": "Capacity and Coverage of TD-SCDMA System with Smart Antenna",
        "organization": null,
        "abstract": NaN,
        "conf": "CDMA International Conference",
        "email": null,
        "coauthors": [
            "shuangfeng han",
            "youzheng wang",
            "osamu kato",
            "akihiko nishio"
        ],
        "keywords": "Smart Antenna,",
        "title_embedding": [],
        "abstract_embedding": []
    },
    {
        "id": 1978,
        "label": 409,
        "title": "Multiplex Scheme with Power Allocation and Code Partition for Downlink Channels in Cellular Communication",
        "organization": null,
        "abstract": NaN,
        "conf": "CDMA International Conference",
        "email": null,
        "coauthors": [
            "liu liu",
            "shidong zhou"
        ],
        "keywords": "Power Allocation,",
        "title_embedding": [],
        "abstract_embedding": []
    },
    {
        "id": 1979,
        "label": 409,
        "title": "A Stable Adaptive Optimization for DSR Protocol",
        "organization": null,
        "abstract": NaN,
        "conf": "CDMA International Conference",
        "email": null,
        "coauthors": [
            "xiaofeng zhong",
            "youzheng wang",
            "shunliang mei"
        ],
        "keywords": "Adaptive Optimization,",
        "title_embedding": [],
        "abstract_embedding": []
    },
    {
        "id": 1980,
        "label": 409,
        "title": "Tomlinson-Harashima Precoding in Multiuser MIMO Systems with Imperfect Channel State Information",
        "organization": null,
        "abstract": NaN,
        "conf": "Global Telecommunications Conference",
        "email": null,
        "coauthors": [
            "min huang",
            "xiujun zhang",
            "shidong zhou"
        ],
        "keywords": "Channel State Information,mimo system,tomlinson harashima precoding,",
        "title_embedding": [],
        "abstract_embedding": []
    },
    {
        "id": 1981,
        "label": 409,
        "title": "A Novel Coupling-Based Model for Wideband MIMO Channel",
        "organization": null,
        "abstract": NaN,
        "conf": "Global Telecommunications Conference",
        "email": null,
        "coauthors": [
            "yan zhang",
            "xinwei hu",
            "yuanzhi jia",
            "shidong zhou",
            "xiang chen"
        ],
        "keywords": "mimo channel,",
        "title_embedding": [],
        "abstract_embedding": []
    },
    {
        "id": 1982,
        "label": 409,
        "title": "All-Optical Clocked Flip-Flops Exploiting SOA-Based SR Latches and Logic Gates",
        "organization": null,
        "abstract": NaN,
        "conf": NaN,
        "email": null,
        "coauthors": [
            "gianluca meloni",
            "gianluca berrettini",
            "luca poti",
            "antonella bogoni"
        ],
        "keywords": "Logic Gate,Flip Flop,",
        "title_embedding": [],
        "abstract_embedding": []
    },
    {
        "id": 1983,
        "label": 409,
        "title": "Sum Rate Characterization of Distributed Antenna Systems with Circular Antenna Layout",
        "organization": null,
        "abstract": NaN,
        "conf": "Vehicular Technology Conference",
        "email": null,
        "coauthors": [
            "wei feng",
            "xibin xu",
            "shidong zhou",
            "minghua xia"
        ],
        "keywords": "Distributed Antenna System,",
        "title_embedding": [],
        "abstract_embedding": []
    },
    {
        "id": 1984,
        "label": 409,
        "title": "Downlink Power Allocation for Distributed Antenna Systems with Random Antenna Layout",
        "organization": null,
        "abstract": NaN,
        "conf": "Vehicular Technology Conference",
        "email": null,
        "coauthors": [
            "wei feng",
            "xiujun zhang",
            "shidong zhou",
            "minghua xia"
        ],
        "keywords": "Power Allocation,Distributed Antenna System,",
        "title_embedding": [],
        "abstract_embedding": []
    },
    {
        "id": 1985,
        "label": 409,
        "title": "On Sum Rate of Multi-User Distributed Antenna System with Circular Antenna Layout",
        "organization": null,
        "abstract": NaN,
        "conf": "Vehicular Technology Conference",
        "email": null,
        "coauthors": [
            "jiansong gan",
            "yunzhou li",
            "shidong zhou"
        ],
        "keywords": "Distributed Antenna System,Multi User,",
        "title_embedding": [],
        "abstract_embedding": []
    },
    {
        "id": 1986,
        "label": 409,
        "title": "Cooperative Opportunistic Scheduling in Multiple Antenna Cellular Networks",
        "organization": null,
        "abstract": NaN,
        "conf": "Vehicular Technology Conference",
        "email": null,
        "coauthors": [
            "jun lei",
            "yunzhou li",
            "xiang chen",
            "shidong zhou",
            "yan yao"
        ],
        "keywords": "Cellular Network,Multiple Antennas,Opportunistic Scheduling,",
        "title_embedding": [],
        "abstract_embedding": []
    },
    {
        "id": 1987,
        "label": 409,
        "title": "An efficient tree search algorithm for optimal detection of MIMO signals with channel estimation errors",
        "organization": null,
        "abstract": NaN,
        "conf": "Vehicular Technology Conference",
        "email": null,
        "coauthors": [
            "weiyu xu",
            "jinjing jiang",
            "youzheng wang",
            "zucheng zhou"
        ],
        "keywords": "Channel Estimation,Search Algorithm,",
        "title_embedding": [],
        "abstract_embedding": []
    },
    {
        "id": 1988,
        "label": 409,
        "title": "A fast exact ML sphere decoder with efficient two-layer enumeration",
        "organization": null,
        "abstract": NaN,
        "conf": "Vehicular Technology Conference",
        "email": null,
        "coauthors": [
            "weiyu xu",
            "youzheng wang"
        ],
        "keywords": "Sphere Decoder,",
        "title_embedding": [],
        "abstract_embedding": []
    },
    {
        "id": 1989,
        "label": 409,
        "title": "Downlink capacity of distributed antenna systems in a multi-cell environment",
        "organization": null,
        "abstract": NaN,
        "conf": "IEEE Wireless Communications & Networking Conference",
        "email": null,
        "coauthors": [
            "wei feng",
            "yunzhou li",
            "shidong zhou",
            "minghua xia"
        ],
        "keywords": "Distributed Antenna System,",
        "title_embedding": [],
        "abstract_embedding": []
    },
    {
        "id": 1990,
        "label": 409,
        "title": "Successive and Dynamic Precoding Scheme for Multiuser MIMO Systems with Limited Feedback",
        "organization": null,
        "abstract": NaN,
        "conf": "IEEE Wireless Communications & Networking Conference",
        "email": null,
        "coauthors": [
            "min huang",
            "wei miao",
            "gang wu",
            "shidong zhou"
        ],
        "keywords": "mimo system,",
        "title_embedding": [],
        "abstract_embedding": []
    },
    {
        "id": 1991,
        "label": 409,
        "title": "Joint Stream-Wise THP Transceiver Design for the Multiuser MIMO Downlink",
        "organization": null,
        "abstract": NaN,
        "conf": "IEEE Wireless Communications & Networking Conference",
        "email": null,
        "coauthors": [
            "wei miao",
            "limin xiao",
            "yunzhou li",
            "shidong zhou"
        ],
        "keywords": null,
        "title_embedding": [],
        "abstract_embedding": []
    },
    {
        "id": 1992,
        "label": 409,
        "title": "An Improved Decoding Algorithm for Finite-Geometry LDPC Codes",
        "organization": null,
        "abstract": NaN,
        "conf": "Ieice Transactions",
        "email": null,
        "coauthors": [
            "yueguang bian",
            "youzheng wang"
        ],
        "keywords": "ldpc code,",
        "title_embedding": [],
        "abstract_embedding": []
    },
    {
        "id": 1993,
        "label": 409,
        "title": "On the Sum-Rate Capacity of Multi-User Distributed Antenna System with Circular Antenna Layout",
        "organization": null,
        "abstract": NaN,
        "conf": "Ieice Transactions",
        "email": null,
        "coauthors": [
            "jiansong gan",
            "shidong zhou",
            "kyung park"
        ],
        "keywords": "Distributed Antenna System,Multi User,",
        "title_embedding": [],
        "abstract_embedding": []
    },
    {
        "id": 1994,
        "label": 409,
        "title": "Receive Antenna Selection for Multiuser MIMO Systems with Tomlinson-Harashima Precoding",
        "organization": null,
        "abstract": NaN,
        "conf": "Ieice Transactions",
        "email": null,
        "coauthors": [
            "min huang",
            "xiang chen",
            "yunzhou li",
            "shidong zhou"
        ],
        "keywords": "Antenna Selection,mimo system,tomlinson harashima precoding,",
        "title_embedding": [],
        "abstract_embedding": []
    },
    {
        "id": 1995,
        "label": 409,
        "title": "Analysis of Iterative ICI Cancellation Algorithm for Uplink OFDMA Systems with Carrier-Frequency Offset",
        "organization": null,
        "abstract": NaN,
        "conf": "Ieice Transactions",
        "email": null,
        "coauthors": [
            "min huang",
            "xiang chen",
            "shidong zhou"
        ],
        "keywords": "Carrier Frequency Offset,",
        "title_embedding": [],
        "abstract_embedding": []
    },
    {
        "id": 1996,
        "label": 409,
        "title": "Per-Layer Optimization in Multiuser MIMO Systems with Tomlinson-Harashima Precoding",
        "organization": null,
        "abstract": NaN,
        "conf": "Ieice Transactions",
        "email": null,
        "coauthors": [
            "min huang",
            "limin xiao",
            "yunzhou li",
            "shidong zhou"
        ],
        "keywords": "mimo system,tomlinson harashima precoding,",
        "title_embedding": [],
        "abstract_embedding": []
    },
    {
        "id": 1997,
        "label": 409,
        "title": "Robust Transceiver Design for Multiuser MIMO Downlink with Channel Uncertainties",
        "organization": null,
        "abstract": NaN,
        "conf": "Ieice Transactions",
        "email": null,
        "coauthors": [
            "wei miao",
            "yunzhou li",
            "xiang chen",
            "shidong zhou"
        ],
        "keywords": null,
        "title_embedding": [],
        "abstract_embedding": []
    },
    {
        "id": 1998,
        "label": 409,
        "title": "Joint Receive Antenna Selection for Multi-User MIMO Systems with Vector Precoding",
        "organization": null,
        "abstract": NaN,
        "conf": "Ieice Transactions",
        "email": null,
        "coauthors": [
            "wei miao",
            "yunzhou li",
            "shidong zhou",
            "xibin xu"
        ],
        "keywords": "Antenna Selection,mimo system,Multi User,",
        "title_embedding": [],
        "abstract_embedding": []
    },
    {
        "id": 1999,
        "label": 409,
        "title": "On Ergodic Capacity of Spectrum-Sharing Systems in Fading Channels",
        "organization": null,
        "abstract": NaN,
        "conf": "Ieice Transactions",
        "email": null,
        "coauthors": [
            "peng wang",
            "xiang chen",
            "shidong zhou"
        ],
        "keywords": "Fading Channel,Spectrum,",
        "title_embedding": [],
        "abstract_embedding": []
    },
    {
        "id": 2000,
        "label": 409,
        "title": "Low Complexity Scheduling Algorithms for Downlink Multiuser MIMO System",
        "organization": null,
        "abstract": NaN,
        "conf": "Ieice Transactions",
        "email": null,
        "coauthors": [
            "jinfan zhang",
            "yunzhou li",
            "shidong zhou"
        ],
        "keywords": "Low Complexity,mimo system,Scheduling Algorithm,",
        "title_embedding": [],
        "abstract_embedding": []
    },
    {
        "id": 2001,
        "label": 409,
        "title": "An Efficient User Selection Algorithm for Zero-Forcing Beamforming in Downlink Multiuser MIMO Systems",
        "organization": null,
        "abstract": "SUMMARY In this letter, we propose an efficient user selection algo- rithm aiming to select users with less spatially correlation and meet the user number limit of zero-forcing beamforming in downlink multiuser MIMO systems. This algorithm yields a considerable complexity reduction with only a small loss in performance and it only needs partial users' CSI feed- back. Coupled with the",
        "conf": "Ieice Transactions",
        "email": null,
        "coauthors": [
            "haibo zheng",
            "xiang chen",
            "shidong zhou",
            "yongxing zhou",
            "james sungjin kim"
        ],
        "keywords": "Complexity Reduction,mimo system,Spatial Correlation,Proportional Fair Scheduling,Zero Forcing,",
        "title_embedding": [],
        "abstract_embedding": []
    },
    {
        "id": 2002,
        "label": 409,
        "title": "Limited Feedback Precoding Scheme for Downlink Multiuser MIMO Systems",
        "organization": null,
        "abstract": NaN,
        "conf": "Ieice Transactions",
        "email": null,
        "coauthors": [
            "haibo zheng",
            "yongle wu",
            "yunzhou li",
            "shidong zhou"
        ],
        "keywords": "mimo system,",
        "title_embedding": [],
        "abstract_embedding": []
    },
    {
        "id": 2003,
        "label": 409,
        "title": "Adaptive MMSE Algorithm Used in Turbo Iterative SoIC of V-Blast System",
        "organization": null,
        "abstract": NaN,
        "conf": "Ieice Transactions",
        "email": null,
        "coauthors": [
            "huiqiang zhou",
            "yunzhou li",
            "shidong zhou"
        ],
        "keywords": null,
        "title_embedding": [],
        "abstract_embedding": []
    },
    {
        "id": 2004,
        "label": 409,
        "title": "Optimal Diversity Performance of Space Time Block Codes in Correlated Distributed MIMO Channels",
        "organization": null,
        "abstract": NaN,
        "conf": "IEEE Transactions on Wireless Communications",
        "email": null,
        "coauthors": [
            "shuangfeng han",
            "victor o. k. li",
            "shidong zhou",
            "kyung park"
        ],
        "keywords": "mimo channel,Space Time Block Code,",
        "title_embedding": [],
        "abstract_embedding": []
    },
    {
        "id": 2005,
        "label": 410,
        "title": "An Approach to Dynamically Reconfiguring Service-Oriented Applications from a Business Perspective",
        "organization": null,
        "abstract": NaN,
        "conf": "Advanced Workshop on Content Computing",
        "email": null,
        "coauthors": [
            "jianwu wang",
            "yanbo han",
            "gang li"
        ],
        "keywords": "Dynamic Reconfiguration,Service Orientation,",
        "title_embedding": [],
        "abstract_embedding": []
    },
    {
        "id": 2006,
        "label": 410,
        "title": "An Algorithm for Calculating Process Similarity to Cluster Open-Source Process Designs",
        "organization": null,
        "abstract": NaN,
        "conf": "Grid and Cooperative Computing",
        "email": null,
        "coauthors": [
            "kui huang",
            "zhaotao zhou",
            "yanbo han",
            "gang li"
        ],
        "keywords": "Open Source,Process Design,",
        "title_embedding": [],
        "abstract_embedding": []
    },
    {
        "id": 2007,
        "label": 410,
        "title": "MASON: A Model for Adapting Service-Oriented Grid Applications",
        "organization": null,
        "abstract": "Service-oriented computing, which offers more flexible means for application development, is gaining popularity. Service-oriented grid applications are constructed by selecting and composing appropriate services. They are one kind of promising applications in grid environments. However, the dynamism and autonomy of environments make the issues of dynamically adapting a service-oriented grid application urgent. This paper brings forward a model that supports",
        "conf": "Grid and Cooperative Computing",
        "email": null,
        "coauthors": [
            "gang li",
            "jianwu wang",
            "yanbo han",
            "zhuofeng zhao",
            "roland m. wagner",
            "haitao hu"
        ],
        "keywords": "Application Development,Dynamic Adaptation,Grid Applications,Service Orientation,Service Oriented Computing,",
        "title_embedding": [],
        "abstract_embedding": []
    },
    {
        "id": 2008,
        "label": 410,
        "title": "Decentralized execution of composite e-services with VINCA micro engine",
        "organization": null,
        "abstract": NaN,
        "conf": "IEEE International Conference on Granular Computing",
        "email": null,
        "coauthors": [
            "yanbo han"
        ],
        "keywords": null,
        "title_embedding": [],
        "abstract_embedding": []
    },
    {
        "id": 2009,
        "label": 410,
        "title": "ASM-TL: an Abstract Service Model Enabling Adaptive Matchmaking",
        "organization": null,
        "abstract": NaN,
        "conf": "IEEE International Conference on e-Business Engineering",
        "email": null,
        "coauthors": [
            "wanghu chen",
            "yanbo han",
            "chen liu",
            "shuying yan"
        ],
        "keywords": "Service Model,",
        "title_embedding": [],
        "abstract_embedding": []
    },
    {
        "id": 2010,
        "label": 410,
        "title": "ViPen: A Model Supporting Knowledge Provenance for Exploratory Service Composition",
        "organization": null,
        "abstract": NaN,
        "conf": "IEEE International Conference on Services Computing",
        "email": null,
        "coauthors": [
            "weilong ding",
            "yanbo han"
        ],
        "keywords": "Service Composition,",
        "title_embedding": [],
        "abstract_embedding": []
    },
    {
        "id": 2011,
        "label": 410,
        "title": "A User-Steering Exploratory Service Composition Approach",
        "organization": null,
        "abstract": NaN,
        "conf": "IEEE International Conference on Services Computing",
        "email": null,
        "coauthors": [
            "shuying yan",
            "yanbo han",
            "chen liu",
            "guiling wang"
        ],
        "keywords": "Service Composition,",
        "title_embedding": [],
        "abstract_embedding": []
    },
    {
        "id": 2012,
        "label": 410,
        "title": "Business-Oriented Virtualization of Web Services A Case Study",
        "organization": null,
        "abstract": NaN,
        "conf": "Service Oriented Software Engineering",
        "email": null,
        "coauthors": [
            "yanbo han",
            "peng zhang",
            "wanghu chen",
            "cheng zhang"
        ],
        "keywords": "Case Study,Web Service,",
        "title_embedding": [],
        "abstract_embedding": []
    },
    {
        "id": 2013,
        "label": 410,
        "title": "Client-Centric Adaptive Scheduling of Service-Oriented Applications",
        "organization": null,
        "abstract": NaN,
        "conf": "Journal of Computer Science and Technology",
        "email": null,
        "coauthors": [
            "li-yong zhang",
            "yanbo han"
        ],
        "keywords": "Service Orientation,",
        "title_embedding": [],
        "abstract_embedding": []
    },
    {
        "id": 2014,
        "label": 410,
        "title": "The Location and Recognition of Chinese Vehicle License Plates under Complex Backgrounds",
        "organization": null,
        "abstract": NaN,
        "conf": "Journal of Multimedia",
        "email": null,
        "coauthors": [
            "guangmin sun",
            "lei xu",
            "jing wang"
        ],
        "keywords": null,
        "title_embedding": [],
        "abstract_embedding": []
    },
    {
        "id": 2015,
        "label": 410,
        "title": "An Approach to Discover Dependencies between Service Operations",
        "organization": null,
        "abstract": "Service composition is emerging as an important paradigm for constructing distributed applications by combining and reusing independently developed component services. One key issue of service composition is how to identify relevant service operations so as to compose services rapidly and correctly. A promising approach to simplifying the search of relevant service operations in service composition lies in the discovery of",
        "conf": "Journal of Software",
        "email": null,
        "coauthors": [
            "shuying yan",
            "chen liu",
            "lei liu"
        ],
        "keywords": "Dependence Graph,Distributed Application,Indexing Terms,Problem Solving Environment,Semantic Matching,Service Composition,Service Operation,",
        "title_embedding": [],
        "abstract_embedding": []
    },
    {
        "id": 2016,
        "label": 410,
        "title": "Radar target recognition based on the multi-resolution analysis theory and neural network",
        "organization": null,
        "abstract": NaN,
        "conf": "Pattern Recognition Letters",
        "email": null,
        "coauthors": [
            "guangmin sun",
            "shengfeng qin",
            "jingfang na"
        ],
        "keywords": "Multi Resolution Analysis,Target Recognition,Neural Network,",
        "title_embedding": [],
        "abstract_embedding": []
    },
    {
        "id": 2017,
        "label": 410,
        "title": "Business-oriented service modeling: A case study",
        "organization": null,
        "abstract": NaN,
        "conf": "Simulation Practice and Theory",
        "email": null,
        "coauthors": [
            "yanbo han",
            "peng zhang"
        ],
        "keywords": "Case Study,Service Model,",
        "title_embedding": [],
        "abstract_embedding": []
    },
    {
        "id": 2018,
        "label": 411,
        "title": "Backing up Truck Control Automatically Based on LOS",
        "organization": null,
        "abstract": NaN,
        "conf": "Hybrid Intelligent Systems",
        "email": null,
        "coauthors": [
            "yong zhang"
        ],
        "keywords": null,
        "title_embedding": [],
        "abstract_embedding": []
    },
    {
        "id": 2019,
        "label": 412,
        "title": "Influenza Virus Database (IVDB): an integrated information resource and analysis platform for influenza virus research",
        "organization": null,
        "abstract": "Frequent outbreaks of highly pathogenic avian influenza and the increasing data available for com- parative analysis require a central database special- ized in influenza viruses (IVs). We have established the Influenza Virus Database (IVDB) to integrate information and create an analysis platform for genetic, genomic, and phylogenetic studies of the virus. IVDB hosts complete genome sequences of influenza A virus",
        "conf": "Nucleic Acids Research",
        "email": null,
        "coauthors": [
            "suhua chang",
            "jiajie zhang",
            "xiaoyun liao",
            "xinxing zhu",
            "dahai wang",
            "jiang zhu",
            "tao feng",
            "baoli zhu",
            "george f. gao",
            "jian wang",
            "huanming yang",
            "jun yu"
        ],
        "keywords": "Comparative Analysis,Complete Genome,Data Analysis,Data Type,Genetic Polymorphism,Genetics,Geographic Distribution,Highly Pathogenic Avian Influenza,influenza a virus,Influenza Virus,Influenza Viruses,Multiple Sequence Alignment,Nucleotide Sequence,Phylogenetic Analysis,Phylogenetic Relationship,Polymorphism,",
        "title_embedding": [],
        "abstract_embedding": []
    },
    {
        "id": 2020,
        "label": 412,
        "title": "MethyCancer: the database of human DNA methylation and cancer",
        "organization": null,
        "abstract": "Cancer is ranked as one of the top killers in all human diseases and continues to have a devastat- ing effect on the population around the globe. Current research efforts are aiming to accelerate our understanding of the molecular basis of cancer and develop effective means for cancer diagnostics, treatment and prognosis. An altered pattern of epigenetic modifications, most importantly",
        "conf": "Nucleic Acids Research",
        "email": null,
        "coauthors": [
            "ximiao he",
            "suhua chang",
            "jiajie zhang",
            "qian zhao",
            "haizhen xiang",
            "kanthida kusonmano",
            "liu yang",
            "zhong sheng sun",
            "huanming yang"
        ],
        "keywords": "Chromosomal Instability,cpg island,Data Type,Dna Methylation,Gene Expression,Gene Mutation,Genetics,Human Disease,Large Scale,Tumor Cells,Tumor Suppressor Gene,",
        "title_embedding": [],
        "abstract_embedding": []
    },
    {
        "id": 2021,
        "label": 412,
        "title": "ChickVD: a sequence variation database for the chicken genome",
        "organization": null,
        "abstract": "Working in parallel with the efforts to sequence the chicken (Gallus gallus) genome, the Beijing Genomics Institute led an international team of scien- tists from China, USA, UK, Sweden, The Netherlands and Germany to map extensive DNA sequence varia- tion throughout the chicken genome by sampling DNA from domestic breeds. Using the Red Jungle Fowl genome sequence as a reference,",
        "conf": "Nucleic Acids Research",
        "email": null,
        "coauthors": [
            "ximiao he",
            "jue ruan",
            "mingtao dai",
            "jie chen",
            "yong zhang",
            "yafeng hu",
            "chen ye",
            "shengting li",
            "lijuan cong",
            "lin fang",
            "bin liu",
            "songgang li",
            "jian wang",
            "david w. burt",
            "gane ka-shu wong",
            "jun yu",
            "huanming yang",
            "jun wang"
        ],
        "keywords": "Dna Sequence,Genetic Marker,Genetics,Genome Sequence,Human Disease,Quantitative Trait Loci,Search Engine,",
        "title_embedding": [],
        "abstract_embedding": []
    },
    {
        "id": 2022,
        "label": 412,
        "title": "SilkDB: a knowledgebase for silkworm biology and genomics",
        "organization": null,
        "abstract": "The Silkworm Knowledgebase (SilkDB) is a web- based repository for the curation, integration and study of silkworm genetic and genomic data. With the recent accomplishment of a 6X draft genome sequence of the domestic silkworm (Bombyx mori), SilkDB provides an integrated representation of the large-scale, genome-wide sequence assembly, cDNAs, clusters of expressed sequence tags (ESTs), transposable elements (TEs), mutants, single",
        "conf": "Nucleic Acids Research",
        "email": null,
        "coauthors": [
            "qingyou xia",
            "ximiao he",
            "mingtao dai",
            "jue ruan",
            "jie chen",
            "guo yu",
            "haifeng yuan",
            "yafeng hu",
            "ruiqiang li",
            "tao feng",
            "chen ye",
            "cheng lu",
            "jun wang",
            "songgang li",
            "gane ka-shu wong",
            "huanming yang",
            "jian wang",
            "zhonghuai xiang",
            "zeyang zhou",
            "jun yu"
        ],
        "keywords": "Bombyx Mori,Comparative Study,Expressed Sequence Tag,Functional Annotation,Gene Ontology,Genetics,Genome Sequence,Integral Representation,Large Scale,Single Nucleotide Polymorphism,Transposable Element,",
        "title_embedding": [],
        "abstract_embedding": []
    },
    {
        "id": 2023,
        "label": 412,
        "title": "WEGO: a web tool for plotting GO annotations",
        "organization": null,
        "abstract": "Unified, structured vocabularies and classifications freely provided by the Gene Ontology (GO) Consortium are widely accepted in most of the large scale gene annotation projects. Consequently, many tools have been created for use with the GO ontolo- gies. WEGO (Web Gene Ontology Annotation Plot) is a simple but useful tool for visualizing, comparing and plotting GO annotation results. Different from",
        "conf": "Nucleic Acids Research",
        "email": null,
        "coauthors": [
            "jia ye",
            "lin fang",
            "hongkun zheng",
            "yong zhang",
            "jie chen",
            "zengjin zhang",
            "shengting li",
            "ruiqiang li",
            "lars bolund",
            "jun wang"
        ],
        "keywords": "Comparative Genomics,Directed Acyclic Graph,Gene Ontology,Large Scale,Gene Ontology Annotation,",
        "title_embedding": [],
        "abstract_embedding": []
    },
    {
        "id": 2024,
        "label": 412,
        "title": "BGI-RIS: an integrated information resource and comparative analysis workbench for rice genomics",
        "organization": null,
        "abstract": "Rice is a major food staple for the world's popula- tion and serves as a model species in cereal genome research. The Beijing Genomics Institute (BGI) has long been devoting itself to sequencing, information analysis and biological research of the rice and other crop genomes. In order to facilitate the application of the rice genomic information and to provide a",
        "conf": "Nucleic Acids Research",
        "email": null,
        "coauthors": [
            "wenming zhao",
            "ximiao he",
            "xiaobing huang",
            "yongzhi jiao",
            "mingtao dai",
            "shulin wei",
            "jian fu",
            "chen ye",
            "xiaoyu ren",
            "yong zhang",
            "peixiang ni",
            "jianguo zhang",
            "songgang li",
            "jian wang",
            "gane ka-shu wong",
            "hongyu zhao",
            "jun yu",
            "huanming yang",
            "jun wang"
        ],
        "keywords": "Comparative Analysis,Comparative Genomics,Comparative Study,Gene Duplication,Genetic Marker,Information Analysis,Information System,oryza sativa l,Repetitive Element,Single Nucleotide Polymorphism,",
        "title_embedding": [],
        "abstract_embedding": []
    },
    {
        "id": 2025,
        "label": 413,
        "title": "Edge-based scoring and searching method for identifying condition-responsive protein-protein interaction subnetwork",
        "organization": null,
        "abstract": NaN,
        "conf": "Bioinformatics/computer Applications in The Biosciences",
        "email": null,
        "coauthors": [
            "zheng guo",
            "yongjin li",
            "xue gong",
            "chen yao",
            "wencai ma",
            "dong wang",
            "yanhui li",
            "jing zhu",
            "min zhang",
            "da yang"
        ],
        "keywords": "Protein Protein Interaction,Search Method,Conditioned Response,",
        "title_embedding": [],
        "abstract_embedding": []
    },
    {
        "id": 2026,
        "label": 413,
        "title": "Edge-based scoring and searching method for identifying condition-responsive protein-protein interaction subnetwork",
        "organization": null,
        "abstract": NaN,
        "conf": "Bioinformatics/computer Applications in The Biosciences",
        "email": null,
        "coauthors": [
            "zheng guo",
            "yongjin li",
            "xue gong",
            "chen yao",
            "wencai ma",
            "dong wang",
            "yanhui li",
            "jing zhu",
            "min zhang",
            "da yang"
        ],
        "keywords": "Protein Protein Interaction,Search Method,Conditioned Response,",
        "title_embedding": [],
        "abstract_embedding": []
    },
    {
        "id": 2027,
        "label": 413,
        "title": "Gaining confidence in biological interpretation of the microarray data: the functional consistence of the significant GO categories",
        "organization": null,
        "abstract": "Motivation: In microarray studies, numerous tools are available for functional enrichment analysis based on GO categories. Most of these tools, due to their requirement of a prior threshold for designating genes as differentially expressed genes (DEGs), are categorized as threshold-dependent methods that often suffer from a major criticism on their changing results with different thresholds. Results: In the present article,",
        "conf": "Bioinformatics/computer Applications in The Biosciences",
        "email": null,
        "coauthors": [
            "da yang",
            "yanhui li",
            "hui xiao",
            "qing liu",
            "min zhang",
            "jing zhu",
            "wencai ma",
            "chen yao",
            "dong wang",
            "zheng guo",
            "baofeng yang"
        ],
        "keywords": "Differentially Expressed Gene,Group Selection,Microarray Data,Semantic Similarity,Source Code,",
        "title_embedding": [],
        "abstract_embedding": []
    },
    {
        "id": 2028,
        "label": 413,
        "title": "Evaluating reproducibility of differential expression discoveries in microarray studies by considering correlated molecular changes",
        "organization": null,
        "abstract": NaN,
        "conf": "Bioinformatics/computer Applications in The Biosciences",
        "email": null,
        "coauthors": [
            "min zhang",
            "lin zhang",
            "jinfeng zou",
            "chen yao",
            "hui xiao",
            "qing liu",
            "dong wang",
            "chenguang wang",
            "zheng guo"
        ],
        "keywords": "Differential Expression,",
        "title_embedding": [],
        "abstract_embedding": []
    },
    {
        "id": 2029,
        "label": 413,
        "title": "Viewing cancer genes from co-evolving gene modules",
        "organization": null,
        "abstract": NaN,
        "conf": "Bioinformatics/computer Applications in The Biosciences",
        "email": null,
        "coauthors": [
            "jing zhu",
            "hui xiao",
            "xiaopei shen",
            "jinfeng zou",
            "lin zhang",
            "da yang",
            "wencai ma",
            "chen yao",
            "xue gong",
            "min zhang",
            "yang zhang",
            "zheng guo"
        ],
        "keywords": null,
        "title_embedding": [],
        "abstract_embedding": []
    },
    {
        "id": 2030,
        "label": 413,
        "title": "Extracting consistent knowledge from highly inconsistent cancer gene data sources",
        "organization": null,
        "abstract": "BACKGROUND: Hundreds of genes that are causally implicated in oncogenesis have been found and collected in various databases. For efficient application of these abundant but diverse data sources, it is of fundamental importance to evaluate their consistency. RESULTS: First, we showed that the lists of cancer genes from some major data sources were highly inconsistent in terms of overlapping genes.",
        "conf": "BMC Bioinformatics",
        "email": null,
        "coauthors": [
            "xue gong",
            "ruihong wu",
            "yuannv zhang",
            "wenyuan zhao",
            "lixin cheng",
            "yunyan gu",
            "lin zhang",
            "jing zhu",
            "zheng guo"
        ],
        "keywords": "Sample Size,High Throughput,",
        "title_embedding": [],
        "abstract_embedding": []
    },
    {
        "id": 2031,
        "label": 413,
        "title": "Revealing and avoiding bias in semantic similarity scores for protein pairs",
        "organization": null,
        "abstract": "BACKGROUND: Semantic similarity scores for protein pairs are widely applied in functional genomic researches for finding functional clusters of proteins, predicting protein functions and protein-protein interactions, and for identifying putative disease genes. However, because some proteins, such as those related to diseases, tend to be studied more intensively, annotations are likely to be biased, which may affect applications based on",
        "conf": "BMC Bioinformatics",
        "email": null,
        "coauthors": [
            "xianxiao zhou",
            "jing zhu",
            "chenggui zhou",
            "zheng guo"
        ],
        "keywords": "Functional Genomics,Power Transformer,Protein Function,Protein Protein Interaction,Semantic Similarity,",
        "title_embedding": [],
        "abstract_embedding": []
    },
    {
        "id": 2032,
        "label": 414,
        "title": "Cooperative Control Design and Stability Analysis for Multi-agent Systems with Communication Delays",
        "organization": null,
        "abstract": NaN,
        "conf": "International Conference on Robotics and Automation",
        "email": null,
        "coauthors": [
            "zhihua qu",
            "richard a. hull",
            "jeffrey martin"
        ],
        "keywords": "Communication Delay,Cooperative Control,Stability Analysis,Multi Agent System,",
        "title_embedding": [],
        "abstract_embedding": []
    },
    {
        "id": 2033,
        "label": 414,
        "title": "A Reduced-order Analytical Solution to Mobile Robot Trajectory Generation in the Presence of Moving Obstacles",
        "organization": null,
        "abstract": "This paper addresses the problem of determining a collision-free path for a mobile robot moving in a dynami- cally changing environment. By explicitly considering kinematic model of the robot, the family of feasible trajectories and their corresponding steering controls are derived in a closed form. Then, a new collision avoidance condition is developed for the dynamically changing environment, it consists",
        "conf": "International Conference on Robotics and Automation",
        "email": null,
        "coauthors": [
            "zhihua qu",
            "yi guo",
            "jian yang"
        ],
        "keywords": "Analytic Solution,Boundary Condition,Collision Avoidance,Dynamic Change,Mobile Robot,Trajectory Generation,Real Time,",
        "title_embedding": [],
        "abstract_embedding": []
    },
    {
        "id": 2034,
        "label": 414,
        "title": "An Optimal and Real-Time Solution to Parameterized Mobile Robot Trajectories in the Presence of Moving Obstacles",
        "organization": null,
        "abstract": NaN,
        "conf": "International Conference on Robotics and Automation",
        "email": null,
        "coauthors": [
            "jian yang",
            "abdelhay daoui",
            "zhihua qu",
            "richard a. hull"
        ],
        "keywords": "Mobile Robot,Real Time,",
        "title_embedding": [],
        "abstract_embedding": []
    },
    {
        "id": 2035,
        "label": 414,
        "title": "A control-design-based solution to robotic ecology: Autonomy of achieving cooperative behavior from a high-level astronaut command",
        "organization": null,
        "abstract": "Abstract In this paper, we propose a cooperative control strategy for a group,of robotic vehicles to achieve the specified task issued from a high-level astronaut command. The problem is mathematically formulated as designing the cooperative control for a general class of multiple-input- multiple-output (MIMO) dynamical,systems in canonical form with arbitrary but finite relative degrees such that the outputs of the",
        "conf": "Autonomous Robots",
        "email": null,
        "coauthors": [
            "zhihua qu",
            "curtis m. ihlefeld",
            "richard a. hull"
        ],
        "keywords": "Canonical Form,Community Networks,Control Design,Cooperative Behavior,Cooperative Control,Dynamic System,Multiple Input Multiple Output,Steady State,Stochastic Matrices,",
        "title_embedding": [],
        "abstract_embedding": []
    },
    {
        "id": 2036,
        "label": 414,
        "title": "Real-time Obstacles Avoidance for Vehicles in the Urban Grand Challenge",
        "organization": null,
        "abstract": NaN,
        "conf": "Journal of Aerospace Computing Information and Communication",
        "email": null,
        "coauthors": [
            "jian yang",
            "zhihua qu",
            "kevin l. conrad",
            "richard a. hull"
        ],
        "keywords": "Obstacle Avoidance,Real Time,",
        "title_embedding": [],
        "abstract_embedding": []
    },
    {
        "id": 2037,
        "label": 414,
        "title": "Cascaded feedback linearization and its application to stabilization of nonholonomic systems",
        "organization": null,
        "abstract": "In this paper, a new cascaded feedback linearization problem is formulated and a set of conditions on the cascaded feedback linearizability are established for a class of two-input affine nonlinear systems. The proposed cascaded feedback linearization method enlarges the classes of nonlinear systems which can be dealt with using the feedback linearization technique. In particular, the proposed design can be",
        "conf": "Systems & Control Letters",
        "email": null,
        "coauthors": [
            "zhihua qu",
            "richard a. hull",
            "jeffrey martin"
        ],
        "keywords": "Direct Method,Feedback Linearization,Feedback Stabilization,nonholonomic system,Nonlinear System,Satisfiability,State Feedback Control,",
        "title_embedding": [],
        "abstract_embedding": []
    },
    {
        "id": 2038,
        "label": 415,
        "title": "K Longest Paths Per Gate (KLPG) Test Generation for Scan-Based Sequential Circuits",
        "organization": null,
        "abstract": "To detect the smallest delay faults at a fault site, the longest path(s) through it must be tested at full speed. Existing test generation tools are inefficient in automatically identifying the longest testable paths due to the high computational complexity. In this work a test generation methodology for scan-based synchronous sequential circuits is presented, under two at-speed test strategies used",
        "conf": "International Test Conference",
        "email": null,
        "coauthors": [
            "wangqi qiu",
            "d. m. h. walker",
            "divya reddy",
            "zhuo li",
            "weiping shi"
        ],
        "keywords": "Computational Complexity,Industrial Design,Longest Path,Sequential Circuits,Test Generation,",
        "title_embedding": [],
        "abstract_embedding": []
    },
    {
        "id": 2039,
        "label": 415,
        "title": "A Statistical Fault Coverage Metric for Realistic Path Delay Faults",
        "organization": null,
        "abstract": "The path delay fault model is the most realistic model for delay faults. Testing all the paths in a circuit achieves 100% delay fault coverage according to traditional path delay fault coverage metrics. These metrics result in unrealistically low fault coverage if only a subset of paths is tested, and the real test quality is not reflected. For example, the",
        "conf": "IEEE VLSI Test Symposium",
        "email": null,
        "coauthors": [
            "wangqi qiu",
            "xiang lu",
            "zhuo li",
            "d. m. h. walker"
        ],
        "keywords": "Fault Coverage,Path Delay Fault,Path Selection,",
        "title_embedding": [],
        "abstract_embedding": []
    },
    {
        "id": 2040,
        "label": 415,
        "title": "Static Compaction of Delay Tests Considering Power Supply Noise",
        "organization": null,
        "abstract": "Excessive power supply noise can lead to overkill during delay test. A static compaction algorithm is described in this paper that prevents such overkill. A power supply noise estimation tool has been built and integrated into the compaction process. Compaction results for KLPG delay tests for ISCAS89 circuits under different power grid environments are presented.",
        "conf": "IEEE VLSI Test Symposium",
        "email": null,
        "coauthors": [
            "xiang lu",
            "wangqi qiu",
            "ziding yue",
            "steve fancler",
            "weiping shi",
            "d. m. h. walker"
        ],
        "keywords": "Power Grid,Power Supply Noise,",
        "title_embedding": [],
        "abstract_embedding": []
    },
    {
        "id": 2041,
        "label": 415,
        "title": "Enrichment analysis in high-throughput genomics - accounting for dependency in the NULL",
        "organization": null,
        "abstract": "Translating the overwhelming amount of data generated in high-throughput genomics experiments into biologically meaningful evidence, which may for example point to a series of biomarkers or hint at a relevant pathway, is a matter of great interest in bioinformatics these days. Genes showing similar experimental profiles, it is hypothesized, share biological mechanisms that if understood could provide clues to the",
        "conf": "Briefings in Bioinformatics",
        "email": null,
        "coauthors": [
            "david l. gold",
            "kevin r. coombes",
            "bani k. mallick"
        ],
        "keywords": "a priori information,Gene Ontology,Molecular Processes,Statistical Test,High Throughput,",
        "title_embedding": [],
        "abstract_embedding": []
    },
    {
        "id": 2042,
        "label": 415,
        "title": "Applications of beta-mixture models in bioinformatics",
        "organization": null,
        "abstract": "Summary: We propose a beta-mixture model approach to solve a vari- ety of problems related to correlations of gene-expression levels. For example, in meta-analyses of microarray gene-expression datasets, a threshold value of correlation coefficients for gene-expression levels is used to decide whether gene-expression levels are strongly correlated across studies. Ad hoc threshold values such as 0.5 are often used. In",
        "conf": "Bioinformatics/computer Applications in The Biosciences",
        "email": null,
        "coauthors": [
            "yuan ji",
            "chunlei wu",
            "ping liu",
            "kevin r. coombes"
        ],
        "keywords": "Correlation Coefficient,Gene Expression,Mixture Model,Model Selection Criteria,",
        "title_embedding": [],
        "abstract_embedding": []
    },
    {
        "id": 2043,
        "label": 415,
        "title": "Differences in gene expression between B-cell chronic lymphocytic leukemia and normal B cells: a meta-analysis of three microarray studies",
        "organization": null,
        "abstract": "Motivation: A major focus of current cancer research is to identify genes that can be used as markers for prognosis and diagnosis, and as targets for therapy. Microarray technology has been applied extensively for this purpose, even though it has been reported that the agreement between microarray platforms is poor. A critical question is: how can we best com- bine",
        "conf": "Bioinformatics/computer Applications in The Biosciences",
        "email": null,
        "coauthors": [
            "kevin r. coombes",
            "w. edward highsmith",
            "m. j. keating",
            "lynne v. abruzzo"
        ],
        "keywords": "B Cell,Batch Process,bayesian framework,Cdna Array,Cdna Microarray,Chronic Lymphocytic Leukemia,Differential Expression,Gene Expression,Gene Expression Profile,meta analysis,Microarray Data,Statistical Approach,Statistical Software,",
        "title_embedding": [],
        "abstract_embedding": []
    },
    {
        "id": 2044,
        "label": 415,
        "title": "Modeling Power Supply Noise in Delay Testing",
        "organization": null,
        "abstract": NaN,
        "conf": "IEEE Design & Test of Computers",
        "email": null,
        "coauthors": [
            "d. m. h. walker",
            "xiang lu",
            "ananta k. majhi",
            "bram kruseman",
            "guido gronthoud",
            "luis elvira villagra",
            "paul j. a. m. van de wiel",
            "stefan eichenberger"
        ],
        "keywords": "Power Supply Noise,",
        "title_embedding": [],
        "abstract_embedding": []
    },
    {
        "id": 2045,
        "label": 416,
        "title": "Discovery of Interesting Regions in Spatial Data Sets Using Supervised Clustering",
        "organization": null,
        "abstract": "The discovery of interesting regions in spatial datasets is an important data mining task. In particular, we are interested in identifying disjoint, contiguous regions that are unusual with respect to the distribution of a given class; i.e. a region that contains an unusually low or high number of instances of a particular class. This paper centers on the discussion of",
        "conf": "Principles of Data Mining and Knowledge Discovery",
        "email": null,
        "coauthors": [
            "christoph f. eick",
            "banafsheh vaezian",
            "dan jiang"
        ],
        "keywords": "Cluster Algorithm,Clustering Method,Data Mining,Spatial Data,Multi Resolution,Top Down,",
        "title_embedding": [],
        "abstract_embedding": []
    },
    {
        "id": 2046,
        "label": 417,
        "title": "Hybrid Textons: Modeling Surfaces with Reflectance and Geometry",
        "organization": null,
        "abstract": "The appearance of surface texture as it varies with angular changes of view and illumination is becoming an increas- ingly important research topic. The bidirectional texture function (BTF) is used in surface modeling because it de- scribes observed image texture as a function of imaging parameters. The BTF has no geometric information, as it is based solely on observed texture",
        "conf": "Computer Vision and Pattern Recognition",
        "email": null,
        "coauthors": [
            "kristin j. dana"
        ],
        "keywords": "Bidirectional Texture Function,Image Texture,Nonlinear Effect,Surface Model,Surface Texture,",
        "title_embedding": [],
        "abstract_embedding": []
    },
    {
        "id": 2047,
        "label": 417,
        "title": "A Novel Approach For Texture Shape Recovery",
        "organization": null,
        "abstract": "In vision and graphics, there is a sustained interest in capturing accurate 3D shape with various scanning de- vices. However, the resulting geometric representation is only part of the story. Surface texture of real objects is also an important component of the representation and fine- scale surface geometry such as surface markings, rough- ness, and imprints, are essential in highly",
        "conf": "International Conference on Computer Vision",
        "email": null,
        "coauthors": [
            "kristin j. dana"
        ],
        "keywords": "Laser Scanning,Shape Recovery,Spatial Resolution,Surface Geometry,Surface Texture,",
        "title_embedding": [],
        "abstract_embedding": []
    },
    {
        "id": 2048,
        "label": 417,
        "title": "Surface detail in computer models",
        "organization": null,
        "abstract": NaN,
        "conf": "Image and Vision Computing",
        "email": null,
        "coauthors": [
            "kristin j. dana",
            "oana g. cula"
        ],
        "keywords": "Computer Model,",
        "title_embedding": [],
        "abstract_embedding": []
    },
    {
        "id": 2049,
        "label": 417,
        "title": "Relief Texture from Specularities",
        "organization": null,
        "abstract": NaN,
        "conf": "IEEE Transactions on Pattern Analysis and Machine Intelligence",
        "email": null,
        "coauthors": [
            "kristin j. dana"
        ],
        "keywords": null,
        "title_embedding": [],
        "abstract_embedding": []
    },
    {
        "id": 2050,
        "label": 418,
        "title": "Solving the Incertitude of Vertical Handovers in Heterogeneous Mobile Wireless Network Using MDP",
        "organization": null,
        "abstract": NaN,
        "conf": "IEEE International Conference on Communications",
        "email": null,
        "coauthors": [
            "r. venkatesha prasad",
            "ignas g. niemegeers"
        ],
        "keywords": "Mobile Wireless Network,Vertical Handover,",
        "title_embedding": [],
        "abstract_embedding": []
    },
    {
        "id": 2051,
        "label": 418,
        "title": "Self-configuration in MANETs: Different Perspectives",
        "organization": null,
        "abstract": NaN,
        "conf": "International Workshop on Self-Organizing Systems",
        "email": null,
        "coauthors": [
            "r. venkatesha prasad",
            "ignas g. niemegeers"
        ],
        "keywords": null,
        "title_embedding": [],
        "abstract_embedding": []
    },
    {
        "id": 2052,
        "label": 418,
        "title": "A Link Stability Model for Indoor 60GHz Radio Wireless Networks",
        "organization": null,
        "abstract": NaN,
        "conf": "Vehicular Technology Conference",
        "email": null,
        "coauthors": [
            "r. venkatesha prasad",
            "przemyslaw pawelczak",
            "ignas g. niemegeers"
        ],
        "keywords": "Wireless Network,",
        "title_embedding": [],
        "abstract_embedding": []
    },
    {
        "id": 2053,
        "label": 418,
        "title": "Home networking at 60 GHz: challenges and research issues",
        "organization": null,
        "abstract": NaN,
        "conf": "Annales Des Tlcommunications",
        "email": null,
        "coauthors": [
            "zulkuf genc",
            "bao linh dang",
            "ignas g. niemegeers"
        ],
        "keywords": "Home Network,",
        "title_embedding": [],
        "abstract_embedding": []
    },
    {
        "id": 2054,
        "label": 418,
        "title": "Solving the uncertainty of vertical handovers in multi-radio home networks",
        "organization": null,
        "abstract": NaN,
        "conf": "Computer Communications",
        "email": null,
        "coauthors": [
            "r. venkatesha prasad",
            "ignas g. niemegeers"
        ],
        "keywords": "Home Network,Vertical Handover,",
        "title_embedding": [],
        "abstract_embedding": []
    },
    {
        "id": 2055,
        "label": 419,
        "title": "Asynchronous Sampling Benefits Wireless Sensor Networks",
        "organization": null,
        "abstract": "Abstract Intensive research has focused on redundance reduction in wireless sensor networks among sensory data due to the spatial and temporal correlation embedded therein. In this paper, we propose a novel approach termed asyn- chronous sampling that complements existing study. The key idea of asynchronous sampling is to spread the sampling times of the sensor nodes over the time line",
        "conf": "IEEE INFOCOM",
        "email": null,
        "coauthors": [
            "yonghe liu",
            "sajal k. das"
        ],
        "keywords": "Experimental Data,Global Optimization,Sensor Network,Sensor Nodes,Temporal Correlation,Wireless Sensor Network,",
        "title_embedding": [],
        "abstract_embedding": []
    },
    {
        "id": 2056,
        "label": 419,
        "title": "Improving Information Quality of Sensory Data through Asynchronous Sampling",
        "organization": null,
        "abstract": NaN,
        "conf": "IEEE International Conference on Pervasive Computing and Communications",
        "email": null,
        "coauthors": [
            "yonghe liu",
            "sajal k. das"
        ],
        "keywords": "Information Quality,",
        "title_embedding": [],
        "abstract_embedding": []
    },
    {
        "id": 2057,
        "label": 419,
        "title": "Congestion management in delay tolerant networks",
        "organization": null,
        "abstract": NaN,
        "conf": "International Wireless Internet Conference",
        "email": null,
        "coauthors": [
            "guohua zhang",
            "yonghe liu"
        ],
        "keywords": "Congestion Management,Delay Tolerant Network,",
        "title_embedding": [],
        "abstract_embedding": []
    },
    {
        "id": 2058,
        "label": 419,
        "title": "Energy-efficient data gathering in wireless sensor networks with asynchronous sampling",
        "organization": null,
        "abstract": "A low sampling rate leads to reduced congestion and hence energy consumption in the resource-constrained wireless sensor networks. In this article, we propose asynchronous sampling that shifts the sampling time instances of sensor nodes from each other. For lossy data gathering scenarios, the proposed approach provides more information about the physical phenomena in terms of increased entropy at a low",
        "conf": "ACM Transactions on Sensor Networks",
        "email": null,
        "coauthors": [
            "yonghe liu",
            "sajal k. das"
        ],
        "keywords": "Data Gathering,Energy Consumption,Energy Efficient,Mathematical Analysis,Sampling Strategy,Sensor Nodes,Signal Reconstruction,Spatial Correlation,Wireless Sensor Network,",
        "title_embedding": [],
        "abstract_embedding": []
    },
    {
        "id": 2059,
        "label": 420,
        "title": "Synthesis and evaluation of linear motion transitions",
        "organization": null,
        "abstract": "This article develops methods for determining visually appealing motion transitions using linear blending. Motion transitions are segues between two sequences of animation, and are important components for generating compelling animation streams in virtual environments and computer games. Methods involving linear blending are studied because of their efficiency, computational speed, and widespread use. Two methods of transition specification are detailed, center-",
        "conf": "ACM Transactions on Graphics",
        "email": null,
        "coauthors": [
            "bobby bodenheimer"
        ],
        "keywords": "Computer Game,Cross Validation,Empirical Evaluation,Just Noticeable Difference,User Study,Virtual Environment,",
        "title_embedding": [],
        "abstract_embedding": []
    },
    {
        "id": 2060,
        "label": 421,
        "title": "Analysis of a Variational Approach to Progressive Lens Design",
        "organization": null,
        "abstract": " We consider a variational approach to the progressive lens design problem. The corresponding Euler-Lagrange equation is a fourth-order nonlinear elliptic partial differential equation. We analyzed two linearizations of the equation and showed the existence and uniqueness as well as the regularity of the solutions for various boundary conditions. We end with an example of a progressive lens designed by solving",
        "conf": "Siam Journal on Applied Mathematics",
        "email": null,
        "coauthors": [
            "fadil santosa",
            "robert gulliver"
        ],
        "keywords": "Boundary Condition,Elliptic Partial Differential Equation,euler-lagrange equation,Existence and Uniqueness,Variational Approach,",
        "title_embedding": [],
        "abstract_embedding": []
    },
    {
        "id": 2061,
        "label": 422,
        "title": "GPU-Based Real-Time Deformation with Normal Reconstruction",
        "organization": null,
        "abstract": NaN,
        "conf": "Edutainment - International Conference on E-learning and Games",
        "email": null,
        "coauthors": [
            "yinghui che",
            "xiaohui liang"
        ],
        "keywords": "Real Time,",
        "title_embedding": [],
        "abstract_embedding": []
    },
    {
        "id": 2062,
        "label": 422,
        "title": "Real-time deformation using modal analysis on graphics hardware",
        "organization": null,
        "abstract": "This paper presents an approach for fast simulating deformable objects that is suitable for interactive applications in computer graphics. Linear modal analysis is often used to simulate small-amplitude deformation. Compared to traditional linear modal analysis where the CPU has been used to calculate the nodal displacements, the vertex program of GPU has been found widely adopted in the current applications.",
        "conf": "Computer graphics and interactive techniques in Austalasia and South East Asia",
        "email": null,
        "coauthors": [
            "yinghui che",
            "xiaohui liang"
        ],
        "keywords": "Computer Graphic,Deformable Objects,Floating Point,Graphics Hardware,Interactive Application,Modal Analysis,physics-based modeling,Real Time,",
        "title_embedding": [],
        "abstract_embedding": []
    }
]