[
    {
        "id": 2063,
        "label": 423,
        "title": "Comparison between Voxel-based Morphometry and Volumetric Analysis in Schizophrenia",
        "organization": null,
        "abstract": NaN,
        "conf": "International Conference on BioMedical Engineering and Informatics",
        "email": null,
        "coauthors": [
            "monte s. buchsbaum",
            "kingwai chu",
            "erin a. hazlett"
        ],
        "keywords": "Voxel Based Morphometry,",
        "title_embedding": [],
        "abstract_embedding": []
    }
]