[
    {
        "id": 2064,
        "label": 424,
        "title": "On Hopf cyclicity of planar systems with multiple parameters",
        "organization": null,
        "abstract": NaN,
        "conf": "Applied Mathematics Letters",
        "email": null,
        "coauthors": [
            "wan yi wang",
            "maoan han"
        ],
        "keywords": null,
        "title_embedding": [],
        "abstract_embedding": []
    },
    {
        "id": 2065,
        "label": 425,
        "title": "A Wyner-Ziv coding approach to transmission of interactive video over wireless channels",
        "organization": null,
        "abstract": NaN,
        "conf": "International Conference on Image Processing",
        "email": null,
        "coauthors": [
            "haibo li"
        ],
        "keywords": "Interactive Video,Wireless Channels,wyner-ziv coding,",
        "title_embedding": [],
        "abstract_embedding": []
    },
    {
        "id": 2066,
        "label": 425,
        "title": "3-D physical motion-based bandwidth prediction for video conferencing",
        "organization": null,
        "abstract": NaN,
        "conf": "IEEE Transactions on Circuits and Systems for Video Technology",
        "email": null,
        "coauthors": [
            "haibo li"
        ],
        "keywords": "Video Conferencing,",
        "title_embedding": [],
        "abstract_embedding": []
    }
]