[
    {
        "id": 2074,
        "label": 429,
        "title": "Service-oriented support of cooperative workflows considerations for urban planning processes",
        "organization": null,
        "abstract": "Web-based information sources have evolved to an essential element in our daily and professional life. To process this faster and faster growing amount of information, web portals provide personalized access to specific information and communication services. In this paper, an example from urban planning is given. In this workflow, different actors are interacting in an ad-hoc manner. Therefore, a Portal",
        "conf": "Conference of the Association Information and Management",
        "email": null,
        "coauthors": [
            "ge zhang",
            "jean-christophe lapayre",
            "paul muller"
        ],
        "keywords": "Business Process,Communication Service,Information Sources,Service Orientation,Service Oriented Architecture,Urban Planning,Web Portal,",
        "title_embedding": [],
        "abstract_embedding": []
    },
    {
        "id": 2075,
        "label": 429,
        "title": "Developing Web Applications for Mobile Devices",
        "organization": null,
        "abstract": "Today even small mobile devices access the internet. Therewith, mobility issues have become an important technical and economic topic -- not only in new but in proven and successful web applications as well. The main problem derives from a growing development of heterogeneity in hardware and software of mobile devices. To overcome this problem, this paper presents a framework to",
        "conf": "Distributed Frameworks for Multimedia Applications",
        "email": null,
        "coauthors": [
            "torsten lenhart",
            "dirk henrici",
            "markus hillenbrand",
            "paul muller"
        ],
        "keywords": "Mobile Device,Mobile User,",
        "title_embedding": [],
        "abstract_embedding": []
    },
    {
        "id": 2076,
        "label": 429,
        "title": "Data Security in Service-Oriented Architectures",
        "organization": null,
        "abstract": "Due to standardized interfaces and loose coupling of services, service- oriented architectures provide the possibility for close interaction between different organizations and communities. But this also introduces new risks: To have under control where which data is processed becomes increasingly difficult. This paper highlights that current approaches for ensuring data privacy and required security mechanisms are no longer adequate under",
        "conf": "DFN Arbeitstagung ber Kommunikationsnetze",
        "email": null,
        "coauthors": [
            "dirk henrici"
        ],
        "keywords": "Data Privacy,Data Security,Research and Development,Service Oriented Architecture,",
        "title_embedding": [],
        "abstract_embedding": []
    },
    {
        "id": 2077,
        "label": 429,
        "title": "Role-based AAA for Service Utilization in Federated Domains",
        "organization": null,
        "abstract": "The Web service specifications managing authentication and authoriza- tion are still a work in progress. A large-scale application built today is in need of a solid authentication and authorization infrastructure. A role-based authentication, authorization and accounting (AAA) concept is able to provide the services needed, while it is possible to gain additional flexibility to handle the co-operation between different authentication",
        "conf": "DFN Arbeitstagung ber Kommunikationsnetze",
        "email": null,
        "coauthors": [
            "markus hillenbrand",
            "joachim gotze",
            "paul muller"
        ],
        "keywords": "Large Scale,Service Utilization,Web Service,Authorization and Accounting,Work In Progress,",
        "title_embedding": [],
        "abstract_embedding": []
    },
    {
        "id": 2078,
        "label": 429,
        "title": "E-Gov-Risk-Board - Lebenszyklusorientierte Identifikation von Risiken bei E-Government-Anwendungen",
        "organization": null,
        "abstract": NaN,
        "conf": "Entwicklungsmethoden fr Informationssysteme und deren Anwendung",
        "email": null,
        "coauthors": [
            "dunja b. eberhard",
            "andreas jonen",
            "volker lingnau"
        ],
        "keywords": null,
        "title_embedding": [],
        "abstract_embedding": []
    },
    {
        "id": 2079,
        "label": 429,
        "title": "Iterative Service Orchestration based on Dependability Attributes",
        "organization": null,
        "abstract": NaN,
        "conf": "Software Engineering and Advanced Applications",
        "email": null,
        "coauthors": [
            "joachim gotze",
            "paul muller"
        ],
        "keywords": null,
        "title_embedding": [],
        "abstract_embedding": []
    }
]