[
    {
        "id": 2096,
        "label": 439,
        "title": "IndexTV: a MPEG7 based personalized recommendation system for digital TV",
        "organization": null,
        "abstract": "Digital television is a reality providing new facilities for multimedia content delivery. Due to the large amount of available content from multiple broadcasters, the use of personalized recommendation techniques can help the user in the process of consuming A/V content. The viewer, who is actually a passive subject, will be changed into an active one, who will be able to",
        "conf": "International Conference on Multimedia Computing and Systems/International Conference on Multimedia and Expo",
        "email": null,
        "coauthors": [
            "marc rovira",
            "alejandro lopez",
            "jordi mas",
            "albert puig",
            "jordi fabregat",
            "gabriel fernandez"
        ],
        "keywords": "Content Delivery,Digital Television,Digital Tv,recommender system,",
        "title_embedding": [],
        "abstract_embedding": []
    }
]