[
    {
        "id": 2097,
        "label": 440,
        "title": "Tele3D - Developing a Handheld Scanner Using Structured Light Projection",
        "organization": null,
        "abstract": "Three-dimensional surface reconstruction from two- dimensional images is a process with great potential for use on different fields of research, commerce and indus- trial production. In this article we will describe the evo- lution of a project comprising the study and development of systems which implement the aforementioned process, ex- ploring several techniques with the final aim of devising the",
        "conf": "3D Data Processing Visualization and Transmission",
        "email": null,
        "coauthors": [
            "joao filipe ferreira",
            "jorge dias"
        ],
        "keywords": "Cost Effectiveness,Projective Structure,Structured Light,Surface Reconstruction,Three Dimensional,",
        "title_embedding": [],
        "abstract_embedding": []
    },
    {
        "id": 2098,
        "label": 440,
        "title": "Registration and Segmentation for 3D Map Building: A Solution Based on Stereo Vision and Inertial Sensors",
        "organization": null,
        "abstract": NaN,
        "conf": "International Conference on Robotics and Automation",
        "email": null,
        "coauthors": [
            "luis almeida",
            "joao alves",
            "jorge dias"
        ],
        "keywords": "Inertial Sensor,Map Building,Stereo Vision,",
        "title_embedding": [],
        "abstract_embedding": []
    },
    {
        "id": 2099,
        "label": 440,
        "title": "Robotic implementation of biological Bayesian models for visuo-inertial image stabilization and gaze control",
        "organization": null,
        "abstract": "Robotic implementations of gaze control and im- age stabilization have been previously proposed, that rely on fusing inertial and visual sensing modalities. Human and biological system also combine the two sensing modalities for the same goal. In this work we build upon these previous results and, with the contribution of psychophysical studies, attempt a more bio-inspired approach to the robotic",
        "conf": "International Conference on Intelligent RObots and Systems - IROS",
        "email": null,
        "coauthors": [
            "joao filipe ferreira",
            "jose prado",
            "jorge dias"
        ],
        "keywords": "bayesian framework,bayesian inference,bayesian model,Biological Systems,Gaze Control,Human Brain,Human Vision,Image Sensor,Image Stabilization,Inertial Sensor,Sensor Fusion,Vestibular System,",
        "title_embedding": [],
        "abstract_embedding": []
    },
    {
        "id": 2100,
        "label": 440,
        "title": "An Introduction to Inertial and Visual Sensing",
        "organization": null,
        "abstract": NaN,
        "conf": "International Journal of Robotic Research",
        "email": null,
        "coauthors": [
            "peter corke",
            "jorge dias"
        ],
        "keywords": null,
        "title_embedding": [],
        "abstract_embedding": []
    },
    {
        "id": 2101,
        "label": 440,
        "title": "Editorial: Special Issue: 2nd Workshop on Integration of Vision and Inertial Sensors",
        "organization": null,
        "abstract": NaN,
        "conf": "International Journal of Robotic Research",
        "email": null,
        "coauthors": [
            "jorge dias",
            "markus vinzce",
            "peter corke"
        ],
        "keywords": "Inertial Sensor,",
        "title_embedding": [],
        "abstract_embedding": []
    },
    {
        "id": 2102,
        "label": 440,
        "title": "Relative Pose Calibration Between Visual and Inertial Sensors",
        "organization": null,
        "abstract": "This paper proposes an approach to calibrate off-the-shelf cameras and inertial sensors to have a useful integrated system to be used in static and dynamic situations. The rotation between the camera and the inertial sensor can be estimated, when calibrating the camera, by having both sensors observe the vertical direction, using a vertical chessboard target and gravity. The translation between",
        "conf": "International Journal of Robotic Research",
        "email": null,
        "coauthors": [
            "jorge dias"
        ],
        "keywords": "Computer Vision,Indexing Terms,Inertial Sensor,Integrable System,Sensor Fusion,Off The Shelf,",
        "title_embedding": [],
        "abstract_embedding": []
    },
    {
        "id": 2103,
        "label": 440,
        "title": "Inertial Sensed Ego-motion for 3D Vision",
        "organization": null,
        "abstract": "Inertial sensors attached to a camera can provide valuable data about camera pose and movement. In biological vision systems, inertial cues provided by the vestibular system are fused with vision at an early processing stage. In this article we set a framework for the combination of these two sensing modalities. Cameras can be seen as ray direction measuring devices, and",
        "conf": "Journal of Field Robotics",
        "email": null,
        "coauthors": [
            "jorge dias"
        ],
        "keywords": "3d vision,Depth Map,Frame of Reference,Inertial Sensor,Stereo Vision,Vestibular System,Vision System,",
        "title_embedding": [],
        "abstract_embedding": []
    },
    {
        "id": 2104,
        "label": 440,
        "title": "Vision and Inertial Sensor Cooperation Using Gravity as a Vertical Reference",
        "organization": null,
        "abstract": "This paper explores the combination of inertial sensor data with vision. Visual and inertial sensing are two sensory modalities that can be explored to give robust solutions on image segmentation and recovery of 3D structure from images, increasing the capabilities of autonomous robots and enlarging the application potential of vision systems. In biological systems, the information provided by the vestibular",
        "conf": "IEEE Transactions on Pattern Analysis and Machine Intelligence",
        "email": null,
        "coauthors": [
            "jorge dias"
        ],
        "keywords": "3d structure,Autonomous Robot,Biological Systems,Computer Vision,Data Integrity,Feature Detection,Frame of Reference,Image Segmentation,Indexing Terms,Inertial Sensor,Sensor Fusion,Spatial Orientation,Vanishing Point,Vestibular System,Vision System,Visual Cues,",
        "title_embedding": [],
        "abstract_embedding": []
    },
    {
        "id": 2105,
        "label": 440,
        "title": "World feature detection and mapping using stereovision and inertial sensors",
        "organization": null,
        "abstract": "This paper explores the fusion of inertial information with vision for 3D reconstruction. A method is proposed for vertical line segment detection and subsequent local geometric map building. Visual and inertial sensing are two sensory modalities that can be explored to give robust solutions on image segmentation and recovery of 3D structure from images, increasing the capabilities of autonomous vehicles",
        "conf": "Robotics and Autonomous Systems",
        "email": null,
        "coauthors": [
            "carlos queiroz",
            "jorge dias"
        ],
        "keywords": "3d reconstruction,3d structure,Autonomous Vehicle,Feature Detection,Image Segmentation,Inertial Sensor,Map Building,Mobile Robot,Robot Navigation,Sensor Fusion,Statistical Approach,Vision System,",
        "title_embedding": [],
        "abstract_embedding": []
    }
]