[
    {
        "id": 1565,
        "label": 323,
        "title": "A probabilistic sonar sensor model for robust localization of a small-size blimp in indoor environments using a particle filter",
        "organization": null,
        "abstract": "In recent years, autonomous miniature airships have gained increased interest in the robotics community. This is due to their ability to move safely and hover for extended periods of time. The major constraints of miniature airships come from their limited payload which introduces substantial constraints on their perceptional capabilities. In this paper, we consider the problem of localizing a miniature",
        "conf": "International Conference on Robotics and Automation",
        "email": null,
        "coauthors": [
            "axel rottmann",
            "leonhard m. reindl",
            "wolfram burgard"
        ],
        "keywords": "Indoor Environment,Monte Carlo Localization,Particle Filter,Sensor Model,Ultrasound,",
        "title_embedding": [],
        "abstract_embedding": []
    },
    {
        "id": 1566,
        "label": 323,
        "title": "Improved Monte Carlo localization of autonomous robots through simultaneous estimation of motion model parameters",
        "organization": null,
        "abstract": NaN,
        "conf": "International Conference on Robotics and Automation",
        "email": null,
        "coauthors": [
            "christoph gonsior",
            "wolfram burgard"
        ],
        "keywords": "Autonomous Robot,Monte Carlo Localization,",
        "title_embedding": [],
        "abstract_embedding": []
    }
]