[
    {
        "id": 2430,
        "label": 469,
        "title": "Identification of Humans Using Robust Biometric Features",
        "organization": null,
        "abstract": NaN,
        "conf": "International Workshop on Structural and Syntactic Pattern Recognition",
        "email": null,
        "coauthors": [
            "byungjun son",
            "ji-hyun park",
            "yillbyung lee"
        ],
        "keywords": null,
        "title_embedding": [],
        "abstract_embedding": []
    }
]