[
    {
        "id": 2432,
        "label": 471,
        "title": "Gripping Parts at Concave Vertices",
        "organization": null,
        "abstract": NaN,
        "conf": "International Conference on Robotics and Automation",
        "email": null,
        "coauthors": [
            "kenneth y. goldberg"
        ],
        "keywords": null,
        "title_embedding": [],
        "abstract_embedding": []
    },
    {
        "id": 2433,
        "label": 471,
        "title": "D-space and Deform Closure: a Framework for Holding Deformable Parts",
        "organization": null,
        "abstract": "We extend the form closure framework for rigid parts to holding a class of deformable parts. In this class, a part is a linearly elastic, frictionless polygon with a finite element mesh and given stiffness matrix. We define the D-space (deformation-space) of a part as the C-space of all its mesh nodes. We define the free space as the intersection",
        "conf": "International Conference on Robotics and Automation",
        "email": null,
        "coauthors": [
            "kenneth y. goldberg"
        ],
        "keywords": "Finite Element Mesh,Finite Element Method,Indexing Terms,Topology Preservation,",
        "title_embedding": [],
        "abstract_embedding": []
    },
    {
        "id": 2434,
        "label": 471,
        "title": "D-space and Deform Closure Grasps of Deformable Parts",
        "organization": null,
        "abstract": "Abstract   Building  on  the  well-established  form  closure  framework  for  holding  rigid  parts,  this  paper  proposes a new,framework for holding deformable parts. We consider the class of deformable parts that can bemodeled,as linearly elastic polygons with a triangular finite element mesh and given stiffness matrix. We define the  D-space (deformation-space)  of  a ,part  as  the ,C-space  of  all  its  mesh",
        "conf": "International Journal of Robotic Research",
        "email": null,
        "coauthors": [
            "kenneth y. goldberg"
        ],
        "keywords": "Finite Element Mesh,Finite Element Method,Indexing Terms,Numerical Algorithm,Plastic Deformation,Potential Energy,Topology Preservation,",
        "title_embedding": [],
        "abstract_embedding": []
    }
]