[
    {
        "id": 2453,
        "label": 475,
        "title": "Debugging object-oriented programs with behavior views",
        "organization": null,
        "abstract": "A complex software system may perform many program tasks during execution to provide the required functionalities. To detect and localize bugs related to the implementation of these tasks, the software developers must be able to monitor the progress of the tasks during execution and check whether the actions for these tasks have been performed correctly. This paper presents a debugger",
        "conf": "Automated and Algorithmic Debugging",
        "email": null,
        "coauthors": [
            "donglin liang"
        ],
        "keywords": "Case Study,Object Oriented Programming,Software Development,Software Systems,",
        "title_embedding": [],
        "abstract_embedding": []
    },
    {
        "id": 2454,
        "label": 475,
        "title": "Monitoring with Behavior View Diagrams for Debugging",
        "organization": null,
        "abstract": "UML sequence diagrams are widely used during require- ments analysis and design for specifying the expected mes- sage exchanges among a set of objects in various scenarios for the program to perform a certain task. In this paper, we present the behavior view diagrams, a type of extended se- quence diagrams, to facilitate execution monitoring durin g debugging. Using a",
        "conf": "Asia-Pacific Software Engineering Conference",
        "email": null,
        "coauthors": [
            "donglin liang"
        ],
        "keywords": "Analysis and Design,uml sequence diagram,",
        "title_embedding": [],
        "abstract_embedding": []
    },
    {
        "id": 2455,
        "label": 475,
        "title": "Testing Scenario Implementation with Behavior Contracts",
        "organization": null,
        "abstract": "This paper presents behavior contracts as a new asser- tion mechanism and a tool that uses such contracts to sup- port the testing of Object-Oriented (OO) systems. A be- havior contract models how the scenarios for performing a designated task are expected to be implemented. Based on this contract, our tool can automatically monitor the pro- gram execution for checking",
        "conf": "International Computer Software and Applications Conference",
        "email": null,
        "coauthors": [
            "donglin liang"
        ],
        "keywords": "Object Oriented,Software Development,Software Testing,Test Coverage,Design By Contract,Implementation Under Test,",
        "title_embedding": [],
        "abstract_embedding": []
    },
    {
        "id": 2456,
        "label": 475,
        "title": "Formally Defining a Graphical Language for Monitoring and Checking Object Interactions",
        "organization": null,
        "abstract": NaN,
        "conf": "Model Driven Engineering Languages and Systems",
        "email": null,
        "coauthors": [
            "donglin liang"
        ],
        "keywords": "Object Interaction,Monitoring and Checking,",
        "title_embedding": [],
        "abstract_embedding": []
    },
    {
        "id": 2457,
        "label": 475,
        "title": "Test-Driven Component Integration with UML 2.0 Testing and Monitoring Profile",
        "organization": null,
        "abstract": NaN,
        "conf": "International Conference on Quality Software",
        "email": null,
        "coauthors": [
            "donglin liang"
        ],
        "keywords": null,
        "title_embedding": [],
        "abstract_embedding": []
    },
    {
        "id": 2458,
        "label": 476,
        "title": "Visual analysis of network centralities",
        "organization": null,
        "abstract": "Centrality analysis determines the importance of ver- tices in a network based on their connectivity within the network structure. It is a widely used technique to analyse network-structured data. A particularly important task is the comparison of di!eren t central- ity measures within one network. We present three methods for the exploration and comparison of cen- trality measures within a",
        "conf": "Asia Pacific Symposium on Information Visualisation",
        "email": null,
        "coauthors": [
            "tim dwyer",
            "seok-hee hong",
            "dirk koschutzki",
            "falk schreiber"
        ],
        "keywords": "Biological Network,Graph Drawing,Network Analysis,Network Structure,Parallel Coordinates,Social Network,Visual Analysis,",
        "title_embedding": [],
        "abstract_embedding": []
    },
    {
        "id": 2459,
        "label": 476,
        "title": "Visualization and analysis of email networks",
        "organization": null,
        "abstract": "This paper presents various methods for visualization and analysis of email networks; visualization on the surface of a sphere to re- veal communication patterns between different groups, a hierarchi- cal drawing displaying the centrality analysis of nodes to emphasize important nodes, a 2.5D visualization for temporal email networks to analyze the evolution of email relationships changing over time, and an",
        "conf": "Asia Pacific Symposium on Information Visualisation",
        "email": null,
        "coauthors": [
            "xiaoyan fu",
            "seok-hee hong",
            "nikola s. nikolov",
            "xiaobin shen",
            "yingxin wu"
        ],
        "keywords": "Ambient Display,Communication Pattern,Indexing Terms,Network Visualization,Small World Network,Statistical Analysis,Theory and Method,User Interface,Visual Analysis,",
        "title_embedding": [],
        "abstract_embedding": []
    },
    {
        "id": 2460,
        "label": 476,
        "title": "GraphScape: integrated multivariate network visualization",
        "organization": null,
        "abstract": "In this paper, we introduce a new method, GraphScape, to visualize multivariate networks, i.e., graphs with multivariate data associated with their nodes. GraphScape adopts a landscape metaphor with network structure displayed on a 2D plane and the surface height in the third dimension represents node attribute. More than one attribute can be visualized simultaneously by using multiple sur- faces. In",
        "conf": "Asia Pacific Symposium on Information Visualisation",
        "email": null,
        "coauthors": [
            "andrew cunningham",
            "seok-hee hong",
            "bruce h. thomas"
        ],
        "keywords": "Graph Clustering,Graph Visualization,Multivariate Data,Multivariate Visualization,Network Structure,Network Visualization,Surface Model,",
        "title_embedding": [],
        "abstract_embedding": []
    },
    {
        "id": 2461,
        "label": 476,
        "title": "Multiresolution Query Optimization in an Online Environment",
        "organization": null,
        "abstract": "Abstract. Multiresolution (or multi-scale) techniques make it possible for Web-based GIS applications to access large dataset. The performance of such systems relies on data transmission over network and multires-olution query processing. In the literature the latter has received little research attention so far, and the existing methods are not capable of processing large dataset. In this paper, we aim to",
        "conf": "Asia-Pacific Web Conference",
        "email": null,
        "coauthors": [
            "xiaofang zhou"
        ],
        "keywords": "Cost Model,Data Transmission,large dataset,Query Optimization,Query Processing,web-based gis,",
        "title_embedding": [],
        "abstract_embedding": []
    },
    {
        "id": 2462,
        "label": 476,
        "title": "Multiresolution Spatial Databases: Making Web-Based Spatial Applications Faster",
        "organization": null,
        "abstract": "Spatial data has now been used extensively in the Web envi- ronment, providing online customized maps and supporting map-based applications. The full potential of Web-based spatial applications, how- ever, has yet to be achieved due to performance issues related to the large sizes and high complexity of spatial data. In this paper, we intro- duce a multiresolution approach to spatial",
        "conf": "Asia-Pacific Web Conference",
        "email": null,
        "coauthors": [
            "xiaofang zhou",
            "sham prasher",
            "sai sun"
        ],
        "keywords": "Query Processing,Spatial Data,Spatial Database,",
        "title_embedding": [],
        "abstract_embedding": []
    },
    {
        "id": 2463,
        "label": 476,
        "title": "Seeing more than the graph: evaluation of multivariate graph visualization methods",
        "organization": null,
        "abstract": "Many real-world networks are multivariate, i.e., they have attributes associated with nodes and/or edges. Examples include social networks whose nodes represent people and edges represent relationships. There is usually information about each person (such as name, age, and gender) and the relationship (such type, duration, and strength). Besides common graph analysis tasks (such as identifying the most influential or structurally",
        "conf": "Working Conference on Advanced Visual Interfaces",
        "email": null,
        "coauthors": [
            "andrew cunningham",
            "bruce h. thomas"
        ],
        "keywords": "Graph Clustering,Graph Visualization,It Value,Multivariate Visualization,Network Visualization,Social Network,Social Network Analysis,",
        "title_embedding": [],
        "abstract_embedding": []
    },
    {
        "id": 2464,
        "label": 476,
        "title": "Visual Representations",
        "organization": null,
        "abstract": NaN,
        "conf": "Dagstuhl Seminars",
        "email": null,
        "coauthors": [
            "carsten gorg",
            "mathias pohl",
            "ermir qeli"
        ],
        "keywords": "Visual Representation,",
        "title_embedding": [],
        "abstract_embedding": []
    },
    {
        "id": 2465,
        "label": 476,
        "title": "Biomedical Information Visualization",
        "organization": null,
        "abstract": NaN,
        "conf": "Dagstuhl Seminars",
        "email": null,
        "coauthors": [
            "mircea lungu"
        ],
        "keywords": "Information Visualization,",
        "title_embedding": [],
        "abstract_embedding": []
    },
    {
        "id": 2466,
        "label": 476,
        "title": "Workshop Organizers' Message",
        "organization": null,
        "abstract": NaN,
        "conf": "Database Systems for Advanced Applications",
        "email": null,
        "coauthors": [
            "shazia wasim sadiq",
            "ke deng",
            "xiaofang zhou",
            "xiaochun yang",
            "walid g. aref",
            "alex delis",
            "qing liu"
        ],
        "keywords": null,
        "title_embedding": [],
        "abstract_embedding": []
    },
    {
        "id": 2467,
        "label": 476,
        "title": "Detecting Projected Outliers in High-Dimensional Data Streams",
        "organization": null,
        "abstract": "In this paper, we study the problem of projected outlier detection in high di- mensional data streams and propose a new technique, called Stream Projected Ouliter deTector (SPOT), to identify outliers embedded in subspaces. Sparse Subspace Tem- plate (SST), a set of subspaces obtained by unsupervised and/or supervised learn- ing processes, is constructed in SPOT to detect projected outliers effectively.",
        "conf": "Database and Expert Systems Applications",
        "email": null,
        "coauthors": [
            "ji zhang",
            "qigang gao",
            "hai h. wang",
            "qing liu"
        ],
        "keywords": "Data Stream,High Dimensional Data,Multi Objective Genetic Algorithm,Outlier Detection,Search Method,Supervised Learning,",
        "title_embedding": [],
        "abstract_embedding": []
    },
    {
        "id": 2468,
        "label": 476,
        "title": "GEOMI: GEOmetry for Maximum Insight",
        "organization": null,
        "abstract": "This paper describes the GEOMI system, a visual analysis tool for the visualisation and analysis of large and complex networks. GEOMI provides a collection of network analysis methods, graph lay- out algorithms and several graph navigation and interaction methods. GEOMI is part of a new generation of visual analysis tools combining graph visualisation techniques with network analysis methods. GEOMI is",
        "conf": "Symposium on Graph Drawing",
        "email": null,
        "coauthors": [
            "adel ahmed",
            "tim dwyer",
            "michael forster",
            "xiaoyan fu",
            "joshua wing kei ho",
            "seok-hee hong",
            "dirk koschutzki",
            "colin murray",
            "nikola s. nikolov",
            "ronnie taib",
            "alexandre tarassov"
        ],
        "keywords": "Complex Network,Interactive Method,Network Analysis,Visual Analysis,",
        "title_embedding": [],
        "abstract_embedding": []
    },
    {
        "id": 2469,
        "label": 476,
        "title": "Semi-bipartite Graph Visualization for Gene Ontology Networks",
        "organization": null,
        "abstract": NaN,
        "conf": "Symposium on Graph Drawing",
        "email": null,
        "coauthors": [
            "rohan williams",
            "seok-hee hong",
            "qing liu",
            "ji zhang"
        ],
        "keywords": "Bipartite Graph,Gene Ontology,",
        "title_embedding": [],
        "abstract_embedding": []
    },
    {
        "id": 2470,
        "label": 476,
        "title": "Gene Specific Co-regulation Discovery: An Improved Approach",
        "organization": null,
        "abstract": "Discovering gene co-regulatory relationships is a new but im- portant research problem in DNA microarray data analysis. The problem of gene specific co-regulation discovery is to, for a particular gene of in- terest, called the target gene, identify its strongly co-regulated genes and the condition subsets where such strong gene co-regulations are observed. The study on this problem can contribute",
        "conf": "International Conference on Computational Science",
        "email": null,
        "coauthors": [
            "ji zhang",
            "qing liu"
        ],
        "keywords": "Compact Representation,Dna Microarray Data,ge netic algorithm,",
        "title_embedding": [],
        "abstract_embedding": []
    },
    {
        "id": 2471,
        "label": 476,
        "title": "Surface k-NN Query Processing",
        "organization": null,
        "abstract": "A k-NN query finds the k nearest-neighbors of a given point from a point database. When it is sufficient to mea- sure object distance using the Euclidian distance, the key to efficient k-NN query processing is to fetch and check the distances of a minimum number of points from the database. For many applications, such as vehicle movement along road",
        "conf": "International Conference on Data Engineering",
        "email": null,
        "coauthors": [
            "ke deng",
            "xiaofang zhou",
            "heng tao shen",
            "xuemin lin"
        ],
        "keywords": "Animal Movement,Efficient Query Processing,K Nearest Neighbor,Lower and Upper Bound,Query Processing,Road Network,Terrain Modeling,Shortest Path,",
        "title_embedding": [],
        "abstract_embedding": []
    },
    {
        "id": 2472,
        "label": 476,
        "title": "Direct Mesh: a Multiresolution Approach to Terrain Visualization",
        "organization": null,
        "abstract": "Terrain can be approximated by a triangular mesh con- sisting millions of 3D points. Multiresolution triangular mesh (MTM) structures are designed to support applica- tions that use terrain data at variable levels of detail (LOD). Typically, an MTM adopts a tree structure where a parent node represents a lower-resolution approximation of its de- scendants. Given a region of interest (ROI)",
        "conf": "International Conference on Data Engineering",
        "email": null,
        "coauthors": [
            "xiaofang zhou",
            "xuemin lin"
        ],
        "keywords": "Data Retrieval,Data Structure,Indexing Method,Performance Improvement,Satisfiability,Spatial Index,Terrain Visualization,Tree Structure,Triangular Mesh,Level of Detail,Region of Interest,",
        "title_embedding": [],
        "abstract_embedding": []
    },
    {
        "id": 2473,
        "label": 476,
        "title": "PathBank: Web-Based Querying and Visualziation of an Integrated Biological Pathway Database",
        "organization": null,
        "abstract": "PathBank is a web-based query and visualization sys- tem for biological pathways using an integrated pathway database. To address the needs for biologists to visualize and analyze biological pathways, PathBank is designed to be user-friendly, flexible and extensible. It is, to the best of our knowledge, the first web-based system that allows biological pathways to be visualized in three dimensions.",
        "conf": "Computer Graphics, Imaging and Vision",
        "email": null,
        "coauthors": [
            "joshua wing kei ho",
            "tristan manwaring",
            "seok-hee hong",
            "uwe rohm",
            "david cho yau fung",
            "tim kraska",
            "david hart"
        ],
        "keywords": "Biological Data,Data Access,Data Retrieval,Database Query,Relational Database,Three Dimensions,Web Interface,web-based system,",
        "title_embedding": [],
        "abstract_embedding": []
    },
    {
        "id": 2474,
        "label": 476,
        "title": "Visual Analysis of Overlapping Biological Networks",
        "organization": null,
        "abstract": "This investigates a new problem of visualizing a set of over- lapping networks. We present two methods for constructing visu- alization of two and three overlapping networks in three dimen- sions. Our methods aim to achieve both drawing aesthetics (or conventions) for each individual network and exposing the com- mon nodes between the overlapping networks. We evaluated our approaches using",
        "conf": "International Conference on Information Visualisation",
        "email": null,
        "coauthors": [
            "david cho yau fung",
            "seok-hee hong",
            "dirk koschutzki",
            "falk schreiber"
        ],
        "keywords": "Biological Network,Gene Regulatory Network,Metabolic Network,Visual Analysis,Escherichia Coli,",
        "title_embedding": [],
        "abstract_embedding": []
    },
    {
        "id": 2475,
        "label": 476,
        "title": "2.5D Visualisation of Overlapping Biological Networks",
        "organization": null,
        "abstract": "Biological data is often structured in the form of complex interconnected networks such as protein interaction and metabolic networks. In this paper, we investigate a new prob- lem of visualising such overlapping biological networks. Two networks overlap if they share some nodes and edges. We present an approach for constructing visualisations of two overlapping networks, based on a restricted three",
        "conf": "Journal of Integrative Bioinformatics",
        "email": null,
        "coauthors": [
            "david cho yau fung",
            "seok-hee hong",
            "dirk koschutzki",
            "falk schreiber"
        ],
        "keywords": "Biological Data,Biological Network,Interconnection Network,Metabolic Network,Protein Interaction,Three Dimensional,Three Dimensions,Visual Analysis,",
        "title_embedding": [],
        "abstract_embedding": []
    },
    {
        "id": 2476,
        "label": 476,
        "title": "A Multiresolution Terrain Model for Efficient Visualization Query Processing",
        "organization": null,
        "abstract": NaN,
        "conf": "IEEE Transactions on Knowledge and Data Engineering",
        "email": null,
        "coauthors": [
            "xiaofang zhou",
            "xuemin lin",
            "heng tao shen",
            "ke deng"
        ],
        "keywords": "Query Processing,Terrain Modeling,",
        "title_embedding": [],
        "abstract_embedding": []
    },
    {
        "id": 2477,
        "label": 476,
        "title": "A multi-resolution surface distance model for k-NN query processing",
        "organization": null,
        "abstract": NaN,
        "conf": "The Vldb Journal",
        "email": null,
        "coauthors": [
            "ke deng",
            "xiaofang zhou",
            "heng tao shen",
            "qing liu",
            "xuemin lin"
        ],
        "keywords": "Query Processing,Multi Resolution,",
        "title_embedding": [],
        "abstract_embedding": []
    },
    {
        "id": 2478,
        "label": 477,
        "title": "An Error-Resilient Arithmetic Coding Algorithm for Compressed Meshes",
        "organization": null,
        "abstract": NaN,
        "conf": "International Conference on Cyberworlds",
        "email": null,
        "coauthors": [
            "zhi-quan cheng",
            "bao li",
            "yanzhen wang",
            "gang dang",
            "shiyao jin"
        ],
        "keywords": "Arithmetic Coding,Error Resilience,",
        "title_embedding": [],
        "abstract_embedding": []
    },
    {
        "id": 2479,
        "label": 477,
        "title": "A mass-spring model for surface mesh deformation based on shape matching",
        "organization": null,
        "abstract": "In this paper, we propose a mass-spring model based on shape matching for real-time deformable modeling in virtual reality systems. By defining a rigid core for surface mesh model and adding a new generalized spring for each mass, our surface mesh model can preserve its original geometric features such as volume and shape. Then, we use shape matching approaches to",
        "conf": "Computer graphics and interactive techniques in Austalasia and South East Asia",
        "email": null,
        "coauthors": [
            "yanzhen wang",
            "yueshan xiong",
            "ke tan",
            "guangyou guo"
        ],
        "keywords": "Deformable Model,Geometric Feature,Inverse Dynamics,Linear Elasticity,Mesh Deformation,Real Time Simulation,Shape Matching,Virtual Reality,Real Time,",
        "title_embedding": [],
        "abstract_embedding": []
    },
    {
        "id": 2480,
        "label": 477,
        "title": "A simple and stable feature-preserving smoothing method for contours-based reconstructed meshes",
        "organization": null,
        "abstract": "In this paper, we develop a new feature preserving smoothing method for the irregular and coarse meshes reconstructed from 2D contours. To make the feature detecting robust, a new detecting algorithm using the continuity among adjacent contours is proposed. Then the original mesh is subdivided adaptively according to the detected geometric features and smoothed with isotropic method. With the help",
        "conf": "Computer graphics and interactive techniques in Austalasia and South East Asia",
        "email": null,
        "coauthors": [
            "yueshan xiong",
            "yanzhen wang",
            "ke tan",
            "guangyou guo"
        ],
        "keywords": "Adaptive Mesh,Detection Algorithm,Feature Detection,Feature Preservation,Geometric Feature,Mesh Smoothing,Smoothing Method,Stable Process,",
        "title_embedding": [],
        "abstract_embedding": []
    },
    {
        "id": 2481,
        "label": 477,
        "title": "A Mesh Meaningful Segmentation Algorithm Using Skeleton and Minima-Rule",
        "organization": null,
        "abstract": NaN,
        "conf": "International Symposium on Visual Computing",
        "email": null,
        "coauthors": [
            "zhi-quan cheng",
            "bao li",
            "yanzhen wang",
            "gang dang",
            "shiyao jin"
        ],
        "keywords": null,
        "title_embedding": [],
        "abstract_embedding": []
    },
    {
        "id": 2482,
        "label": 477,
        "title": "An Adaptive Octree Textures Painting Algorithm",
        "organization": null,
        "abstract": NaN,
        "conf": "IEEE International Conference on Systems, Man, and Cybernetics",
        "email": null,
        "coauthors": [
            "gang dang",
            "hang li",
            "zhi-quan cheng",
            "yanzhen wang",
            "bao li"
        ],
        "keywords": null,
        "title_embedding": [],
        "abstract_embedding": []
    },
    {
        "id": 2483,
        "label": 477,
        "title": "Non-rigid Registration in 3D Implicit Vector Space",
        "organization": null,
        "abstract": NaN,
        "conf": "Shape Modeling International",
        "email": null,
        "coauthors": [
            "zhi-quan cheng",
            "wei jiang",
            "gang dang",
            "ralph r. martin",
            "jun li",
            "honghua li",
            "yin chen",
            "yanzhen wang",
            "bao li",
            "shiyao jin"
        ],
        "keywords": "Non-rigid Registration,Vector Space,",
        "title_embedding": [],
        "abstract_embedding": []
    },
    {
        "id": 2484,
        "label": 477,
        "title": "Quality encoding for tetrahedral mesh optimization",
        "organization": null,
        "abstract": NaN,
        "conf": "Computers & Graphics",
        "email": null,
        "coauthors": [
            "zhi-quan cheng",
            "yanzhen wang",
            "yueshan xiong",
            "hao zhang"
        ],
        "keywords": "Tetrahedral Mesh,",
        "title_embedding": [],
        "abstract_embedding": []
    },
    {
        "id": 2485,
        "label": 477,
        "title": "Dynamic harmonic fields for surface processing",
        "organization": null,
        "abstract": NaN,
        "conf": "Computers & Graphics",
        "email": null,
        "coauthors": [
            "hao zhang",
            "daniel cohen-or",
            "yueshan xiong"
        ],
        "keywords": null,
        "title_embedding": [],
        "abstract_embedding": []
    },
    {
        "id": 2486,
        "label": 477,
        "title": "2D shape deformation based on rigid square matching",
        "organization": null,
        "abstract": NaN,
        "conf": "Journal of Visualization and Computer Animation",
        "email": null,
        "coauthors": [
            "yanzhen wang",
            "yueshan xiong",
            "zhi-quan cheng"
        ],
        "keywords": "Shape Deformation,",
        "title_embedding": [],
        "abstract_embedding": []
    },
    {
        "id": 2487,
        "label": 477,
        "title": "Feature-aligned shape texturing",
        "organization": null,
        "abstract": NaN,
        "conf": "ACM Transactions on Graphics",
        "email": null,
        "coauthors": [
            "daniel cohen-or",
            "tao ju",
            "ligang liu",
            "hao zhang",
            "shizhe zhou",
            "yueshan xiong"
        ],
        "keywords": null,
        "title_embedding": [],
        "abstract_embedding": []
    },
    {
        "id": 2488,
        "label": 477,
        "title": "Partial intrinsic reflectional symmetry of 3D shapes",
        "organization": null,
        "abstract": NaN,
        "conf": "ACM Transactions on Graphics",
        "email": null,
        "coauthors": [
            "hao zhang",
            "andrea tagliasacchi",
            "ligang liu",
            "guo li",
            "min meng",
            "yueshan xiong"
        ],
        "keywords": null,
        "title_embedding": [],
        "abstract_embedding": []
    },
    {
        "id": 2489,
        "label": 478,
        "title": "Design, simulation and evaluation of kinematic alternatives for Insertable Robotic Effectors Platforms in Single Port Access Surgery",
        "organization": null,
        "abstract": NaN,
        "conf": "International Conference on Robotics and Automation",
        "email": null,
        "coauthors": [
            "jienan ding",
            "roger e. goldman",
            "peter k. allen",
            "dennis l. fowler",
            "nabil simaan"
        ],
        "keywords": null,
        "title_embedding": [],
        "abstract_embedding": []
    },
    {
        "id": 2490,
        "label": 478,
        "title": "Actuation Compensation for Flexible Surgical Snakelike Robots with Redundant Remote Actuation",
        "organization": null,
        "abstract": "This paper presents two actuation compensation methods for a snake-like robot implementing multi flexible backbones and actuation redundancy. This snake-like robot is designed for distal dexterity enhancement in MIS surgery of the throat. Actuation compensation is required to account for the flexibility of the actuation lines that connect this snake-like robot with its remote actuation units. The paper presents both",
        "conf": "International Conference on Robotics and Automation",
        "email": null,
        "coauthors": [
            "nabil simaan"
        ],
        "keywords": "Data Gathering,Error Compensation,Indexing Terms,Linear Estimation,Path Tracking,",
        "title_embedding": [],
        "abstract_embedding": []
    },
    {
        "id": 2491,
        "label": 478,
        "title": "System design of an Insertable Robotic Effector Platform for Single Port Access (SPA) Surgery",
        "organization": null,
        "abstract": "This paper presents a novel design and preliminary kinematic analysis of an Insertable Robotic Effector Platform (IREP) for Single Port Access (SPA) Surgery. The IREP robot can be deployed into body cavity through a 15mm skin incision to perform SPA procedures. It consists of two snake-like continuum robots as slave surgical assistants for tissue manipulation, two parallelogram mechanisms for the",
        "conf": "International Conference on Intelligent RObots and Systems - IROS",
        "email": null,
        "coauthors": [
            "roger e. goldman",
            "jienan ding",
            "peter k. allen",
            "dennis l. fowler",
            "nabil simaan"
        ],
        "keywords": "Control System,Depth Perception,Kinematic Analysis,Stereo Vision,System Design,",
        "title_embedding": [],
        "abstract_embedding": []
    },
    {
        "id": 2492,
        "label": 478,
        "title": "A Pilot Study of Robot-Assisted Cochlear Implant Surgery Using Steerable Electrode Arrays",
        "organization": null,
        "abstract": "This paper presents results of a pilot study evaluating the efficacy of robotic assistance using novel steerable electrode arrays for cochlear implant surgery. The current surgical setup of cochlear implant surgery is briefly re- viewed and its limitations are highlighted. In an effort to reduce trauma to the structure of the cochlea, the kinematics and path planning for novel cochlear",
        "conf": "Medical Image Computing and Computer-Assisted Intervention",
        "email": null,
        "coauthors": [
            "jian zhang",
            "nabil simaan",
            "spiros manolidis"
        ],
        "keywords": "Distance Metric,Experimental Validation,Path Planning,Pilot Study,Cochlear Implant,",
        "title_embedding": [],
        "abstract_embedding": []
    },
    {
        "id": 2493,
        "label": 478,
        "title": "Design and Integration of a Telerobotic System for Minimally Invasive Surgery of the Throat",
        "organization": null,
        "abstract": NaN,
        "conf": "International Journal of Robotic Research",
        "email": null,
        "coauthors": [
            "nabil simaan",
            "wei wei",
            "ankur kapoor",
            "peter kazanzides",
            "russell h. taylor",
            "paul flint"
        ],
        "keywords": "Minimal Invasive Surgery,",
        "title_embedding": [],
        "abstract_embedding": []
    },
    {
        "id": 2494,
        "label": 478,
        "title": "An Investigation of the Intrinsic Force Sensing Capabilities of Continuum Robots",
        "organization": null,
        "abstract": NaN,
        "conf": "IEEE Transactions on Robotics",
        "email": null,
        "coauthors": [
            "nabil simaan"
        ],
        "keywords": null,
        "title_embedding": [],
        "abstract_embedding": []
    },
    {
        "id": 2495,
        "label": 478,
        "title": "Intrinsic Wrench Estimation and Its Performance Index for Multisegment Continuum Robots",
        "organization": null,
        "abstract": NaN,
        "conf": "IEEE Transactions on Robotics",
        "email": null,
        "coauthors": [
            "nabil simaan"
        ],
        "keywords": "Performance Index,",
        "title_embedding": [],
        "abstract_embedding": []
    }
]