[
    {
        "id": 2435,
        "label": 472,
        "title": "Device design for low power electronics with accurate deep submicrometer LDD-MOSFET models",
        "organization": null,
        "abstract": NaN,
        "conf": "International Symposium on Low Power Electronics and Design",
        "email": null,
        "coauthors": [
            "yuhua cheng",
            "chenming hu"
        ],
        "keywords": "Low Power,",
        "title_embedding": [],
        "abstract_embedding": []
    },
    {
        "id": 2436,
        "label": 472,
        "title": "Device and technology optimizations for low power design in deep submicron regime",
        "organization": null,
        "abstract": NaN,
        "conf": "International Symposium on Low Power Electronics and Design",
        "email": null,
        "coauthors": [
            "chenming hu"
        ],
        "keywords": "Low Power Design,Deep Sub Micron,",
        "title_embedding": [],
        "abstract_embedding": []
    },
    {
        "id": 2437,
        "label": 472,
        "title": "A unified MOSFET channel charge model for device modeling in circuit simulation",
        "organization": null,
        "abstract": NaN,
        "conf": "IEEE Transactions on Computer-aided Design of Integrated Circuits and Systems",
        "email": null,
        "coauthors": [
            "yuhua cheng",
            "kiyotaka imai",
            "chenming hu"
        ],
        "keywords": "Circuit Simulation,Device Modeling,",
        "title_embedding": [],
        "abstract_embedding": []
    },
    {
        "id": 2438,
        "label": 473,
        "title": "Compositional specification of behavioral semantics",
        "organization": null,
        "abstract": "Domain-Specific Modeling Languages (DSMLs) play fundamental role in the model-based design of embedded software and systems. While abstract syntax metamodeling enables the rapid and inexpensive development of DSMLs, the specification of DSML semantics is still a hard problem. In previous work, we have developed methods and tools for the semantic anchoring of DSMLs. Semantic anchoring introduces a set of reusable",
        "conf": "Design, Automation, and Test in Europe",
        "email": null,
        "coauthors": [
            "janos sztipanovits",
            "sandeep neema"
        ],
        "keywords": "Abstract State Machine,Abstract Syntax,Case Study,Domain Specific Modeling Language,Embedded Software,Model Based Design,",
        "title_embedding": [],
        "abstract_embedding": []
    },
    {
        "id": 2439,
        "label": 473,
        "title": "Semantic Anchoring with Model Transformations",
        "organization": null,
        "abstract": "Model-Integrated Computing (MIC) is an approach to Model-Driven Architecture (MDA), which has been developed primar- ily for embedded systems. MIC places strong emphasis on the use of domain-specific modeling languages (DSML-s) and model transforma- tions. A metamodeling process facilitated by the Generic Modeling En- vironment (GME) tool suite enables the rapid and inexpensive develop- ment of DSML-s. However, the specification",
        "conf": "European Conference on Model Driven Architecture - Foundations and Applications",
        "email": null,
        "coauthors": [
            "janos sztipanovits",
            "sherif abdelwahed",
            "ethan k. jackson"
        ],
        "keywords": "Abstract State Machine,Domain Specific Modeling Language,Embedded System,Generic Model,Mathematical Model,Model Driven Architecture,Model of Computation,Model Transformation,Operational Semantics,Model Integrated Computing,",
        "title_embedding": [],
        "abstract_embedding": []
    },
    {
        "id": 2440,
        "label": 473,
        "title": "Toward a semantic anchoring infrastructure for domain-specific modeling languages",
        "organization": null,
        "abstract": "Metamodeling facilitates the rapid, inexpensive development of domain-specific modeling languages (DSML-s). However, there are still challenges hindering the wide-scale industrial application of model-based design. One of these unsolved problems is the lack of a practical, effective method for the formal specification of DSML semantics. This problem has negative impact on reusability of DSML-s and analysis tools in domain specific tool",
        "conf": "International Workshop on Embedded Systems",
        "email": null,
        "coauthors": [
            "janos sztipanovits",
            "sandeep neema"
        ],
        "keywords": "Abstract State Machine,Abstract Syntax,Domain Specificity,Domain Specific Modeling Language,Formal Method,Formal Specification,Industrial Application,Mathematical Model,Model Based Design,Model Integrated Computing,",
        "title_embedding": [],
        "abstract_embedding": []
    },
    {
        "id": 2441,
        "label": 473,
        "title": "Maintaining Linux: the role of \"current",
        "organization": null,
        "abstract": "We examined 249 versions of Linux, and performed definition-use analysis to determine the role played by global variable current in each version. We examined three versions of Linux in detail: versions 1.2.0, 2.2.10, and 2.4.20. For each of those versions, w e display the common coupling induced by current within that version using a graphical notation that reflects definitions and",
        "conf": "International Symposium on Empirical Software",
        "email": null,
        "coauthors": [
            "liguo yu",
            "stephen r. schach"
        ],
        "keywords": "Source Code,",
        "title_embedding": [],
        "abstract_embedding": []
    },
    {
        "id": 2442,
        "label": 473,
        "title": "Measuring the maintainability of open-source software",
        "organization": null,
        "abstract": "An editorial in Empirical Software Engineering suggested that open-source software projects offer a great deal of data that can be used for experimenta- tion. These data include artifacts such as source code and defect reports. In this paper we show that sources of open-source maintenance data, such as defect- tracking systems, change logs, and source code, can- not, in general,",
        "conf": "International Symposium on Empirical Software",
        "email": null,
        "coauthors": [
            "liguo yu",
            "stephen r. schach"
        ],
        "keywords": "Empirical Software Engineering,Open Source,Open Source Software,Source Code,Tracking System,",
        "title_embedding": [],
        "abstract_embedding": []
    },
    {
        "id": 2443,
        "label": 473,
        "title": "Reusability before and after reuse: a Darwin case study",
        "organization": null,
        "abstract": NaN,
        "conf": "International Symposium on Empirical Software",
        "email": null,
        "coauthors": [
            "liguo yu",
            "stephen r. schach"
        ],
        "keywords": "Case Study,",
        "title_embedding": [],
        "abstract_embedding": []
    },
    {
        "id": 2444,
        "label": 473,
        "title": "A Semantic Unit for Timed Automata Based Modeling Languages",
        "organization": null,
        "abstract": "Model-Integrated Computing (MIC) is an infrastructure for model-based design of real-time and embedded software and systems. MIC places strong emphasis on the use of domain-specific modeling languages (DSMLs) and model transformations in design flows. Building on our earlier work on transformational specification of semantics for DSMLs, the paper proposes a \"semantic unit\" - a common semantic model - for timed",
        "conf": "IEEE Real Time Technology and Applications Symposium",
        "email": null,
        "coauthors": [
            "janos sztipanovits",
            "sherif abdelwahed"
        ],
        "keywords": "Abstract State Machine,Design Flow,Domain Specificity,Domain Specific Modeling Language,Embedded Software,Model Based Design,Model Transformation,Modeling Language,Semantic Model,Timed Automata,Model Integrated Computing,",
        "title_embedding": [],
        "abstract_embedding": []
    },
    {
        "id": 2445,
        "label": 473,
        "title": "An Empirical Study of the Maintenance Effort",
        "organization": null,
        "abstract": NaN,
        "conf": "Software Engineering and Knowledge Engineering",
        "email": null,
        "coauthors": [
            "liguo yu"
        ],
        "keywords": "Empirical Study,",
        "title_embedding": [],
        "abstract_embedding": []
    },
    {
        "id": 2446,
        "label": 473,
        "title": "Two Perspectives on Open-Source Software Evolution: Maintenance and Reuse",
        "organization": null,
        "abstract": NaN,
        "conf": "Software Engineering and Knowledge Engineering",
        "email": null,
        "coauthors": [
            "liguo yu"
        ],
        "keywords": "Open Source Software,",
        "title_embedding": [],
        "abstract_embedding": []
    },
    {
        "id": 2447,
        "label": 473,
        "title": "Common Coupling as a Measure of Reuse Effort in Kernel-Based Software",
        "organization": null,
        "abstract": NaN,
        "conf": "Software Engineering and Knowledge Engineering",
        "email": null,
        "coauthors": [
            "liguo yu",
            "stephen r. schach"
        ],
        "keywords": null,
        "title_embedding": [],
        "abstract_embedding": []
    },
    {
        "id": 2448,
        "label": 473,
        "title": "Open-Source Change Logs",
        "organization": null,
        "abstract": "A recent editorial in Empirical Software Engineering suggested that open-source software projects offer a great deal of data that can be used for experimentation. These data not only include source code, but also artifacts such as defect reports and update logs. A common type of update log that experimenters may wish to investigate is the ChangeLog, which lists changes and",
        "conf": "Empirical Software Engineering",
        "email": null,
        "coauthors": [
            "stephen r. schach",
            "liguo yu",
            "a. jefferson offutt",
            "gillian z. heller"
        ],
        "keywords": "Empirical Software Engineering,Open Source,Open Source Software,Source Code,",
        "title_embedding": [],
        "abstract_embedding": []
    },
    {
        "id": 2449,
        "label": 473,
        "title": "Maintainability of the kernels of open-source operating systems: A comparison of Linux with FreeBSD, NetBSD, and OpenBSD",
        "organization": null,
        "abstract": "Abstract",
        "conf": "Journal of Systems and Software",
        "email": null,
        "coauthors": [
            "liguo yu",
            "stephen r. schach",
            "gillian z. heller",
            "a. jefferson offutt"
        ],
        "keywords": "Open Source,Operating System,",
        "title_embedding": [],
        "abstract_embedding": []
    },
    {
        "id": 2450,
        "label": 473,
        "title": "Multiple-parameter coupling metrics for layered component-based software",
        "organization": null,
        "abstract": NaN,
        "conf": "Software Quality Journal",
        "email": null,
        "coauthors": [
            "liguo yu",
            "srini ramaswamy"
        ],
        "keywords": "component-based software,",
        "title_embedding": [],
        "abstract_embedding": []
    },
    {
        "id": 2451,
        "label": 473,
        "title": "Categorization of Common Coupling and Its Application to the Maintainability of the Linux Kernel",
        "organization": null,
        "abstract": "Data coupling between modules, especially common coupling, has long been considered a source of concern in software design, but the issue is somewhat more complicated for products that are comprised of kernel modules together with optional nonkernel modules. This paper presents a refined categorization of common coupling based on definitions and uses between kernel and nonkernel modules and applies the",
        "conf": "IEEE Transactions on Software Engineering",
        "email": null,
        "coauthors": [
            "liguo yu",
            "stephen r. schach",
            "a. jefferson offutt"
        ],
        "keywords": "Case Study,Indexing Terms,Longitudinal Analysis,Open Source,Open Source Software,Operating System,Relative Risk,Software Design,",
        "title_embedding": [],
        "abstract_embedding": []
    },
    {
        "id": 2452,
        "label": 474,
        "title": "A New Effective and Powerful Image Segmentation Method",
        "organization": null,
        "abstract": NaN,
        "conf": "International Symposium on Neural Networks",
        "email": null,
        "coauthors": [
            "yalin miao",
            "xianglin miao",
            "zhengzhong bian",
            "gang yu"
        ],
        "keywords": "Image Segmentation,",
        "title_embedding": [],
        "abstract_embedding": []
    }
]