[
    {
        "id": 2498,
        "label": 481,
        "title": "Tailor-Made Native XML Storage Structures",
        "organization": null,
        "abstract": "Automatically choosing suitable native storage structures for XML doc- uments arriving at the XML DBMS is a challenging task for its storage manager. While some of the critical parameters require pre-specification, others can be deter- mined by pre-analysis or sampling of the incoming document or by just making ex- perience-driven \"educated guesses\". In this paper, we discuss approaches to achieve",
        "conf": "Advances in Databases and Information Systems",
        "email": null,
        "coauthors": [
            "theo harder"
        ],
        "keywords": "Adaptive Behavior,Age Structure,Critical Parameter,Data Model,Storage Management,Tree Structure,Xml Document,",
        "title_embedding": [],
        "abstract_embedding": []
    },
    {
        "id": 2499,
        "label": 481,
        "title": "Towards Flash Disk Use in Databases - Keeping Performance While Saving Energy?",
        "organization": null,
        "abstract": NaN,
        "conf": "Datenbanksysteme in Bro, Technik und Wissenschaft(German Database Conference)",
        "email": null,
        "coauthors": [
            "theo harder",
            "yi ou",
            "sebastian bachle"
        ],
        "keywords": null,
        "title_embedding": [],
        "abstract_embedding": []
    },
    {
        "id": 2500,
        "label": 481,
        "title": "Autonomes Index Tuning - DBMS-integrierte Verwaltung von Soft Indexen",
        "organization": null,
        "abstract": "Das Self Management in DBMS, und das Self Tuning als wichtiger Teil davon, gewinnt auf Grund der wachsenden Komplexitat von Systemen und Anwen- dungen und den daraus resultierenden steigenden Betriebskosten zunehmend an Be- achtung. Der Stand der Technik bezuglich des Index Tunings sind Administrations- Tools, die aus einem gegebenen Workload eine empfohlene Indexkonfiguration ab- leiten. Diese muss jedoch bei Anderungen",
        "conf": "Datenbanksysteme in Bro, Technik und Wissenschaft(German Database Conference)",
        "email": null,
        "coauthors": [
            "martin luhring",
            "kai-uwe sattler",
            "eike schallehn"
        ],
        "keywords": "Indexation,",
        "title_embedding": [],
        "abstract_embedding": []
    },
    {
        "id": 2501,
        "label": 481,
        "title": "An Adaptive Storage Manager for XML Documents",
        "organization": null,
        "abstract": "Effective and efficient management and manipulation of XML docu- ments requires stable decisions at the time a document enters the XML DBMS to provide for storage structures which are adjusted to the document characteristics and which reflect the future processing needs. While some of the critical parameters re- quire a kind of pre-specification, others can be determined by pre-analysis or",
        "conf": "Datenbanksysteme in Bro, Technik und Wissenschaft(German Database Conference)",
        "email": null,
        "coauthors": [
            "theo harder"
        ],
        "keywords": "Adaptive Behavior,Age Structure,Critical Parameter,Indexation,Storage Management,Xml Document,",
        "title_embedding": [],
        "abstract_embedding": []
    },
    {
        "id": 2502,
        "label": 481,
        "title": "The promise of solid state disks: increasing efficiency and reducing cost of DBMS processing",
        "organization": null,
        "abstract": "Most database systems (DBMSs) today are operating on servers equipped with magnetic disks. In our contribution, we want to motivate the use of two emerging and striking technologies, namely native XML DBMSs (XDBMSs for short) and solid state disks. In this context, the traditional read/write model optimized by a sophisticated cache hierarchy and the IO cost model for databases needs",
        "conf": "Canadian Conference on Computer Science & Software Engineering",
        "email": null,
        "coauthors": [
            "yi ou",
            "theo harder"
        ],
        "keywords": "Cost Model,Data Center,Database System,Energy Consumption,Energy Efficient,Energy Use,Xml Document,",
        "title_embedding": [],
        "abstract_embedding": []
    },
    {
        "id": 2503,
        "label": 481,
        "title": "Benchmarking Performance-Critical Components in a Native XML Database System",
        "organization": null,
        "abstract": NaN,
        "conf": "Database Systems for Advanced Applications",
        "email": null,
        "coauthors": [
            "sebastian bachle",
            "theo harder"
        ],
        "keywords": "Native Xml Database,",
        "title_embedding": [],
        "abstract_embedding": []
    },
    {
        "id": 2504,
        "label": 481,
        "title": "Adaptive Resource Management in a Native XDBMS",
        "organization": null,
        "abstract": NaN,
        "conf": "Workshop Grundlagen von Datenbanken",
        "email": null,
        "coauthors": [
            "yi ou"
        ],
        "keywords": "Adaptive Resource Management,",
        "title_embedding": [],
        "abstract_embedding": []
    },
    {
        "id": 2505,
        "label": 481,
        "title": "Autonomous Management of Soft Indexes",
        "organization": null,
        "abstract": "In recent years the support for index tuning as part of physical database design has gained focus in research and product development, which resulted in index and design advisors. Nevertheless, these tools provide a one-off so- lution for a continuous task and are not deeply integrated with the DBMS functionality by only applying the query optimizer for index recommendation and",
        "conf": "International Conference on Data Engineering",
        "email": null,
        "coauthors": [
            "martin luhring",
            "kai-uwe sattler",
            "eike schallehn"
        ],
        "keywords": "Indexation,Physical Database Design,Product Development,Profitability,Query Optimization,Query Processing,Index Selection Problem,On The Fly,",
        "title_embedding": [],
        "abstract_embedding": []
    },
    {
        "id": 2506,
        "label": 481,
        "title": "Green Computing - A Case for Data Caching and Flash Disks?",
        "organization": null,
        "abstract": "Green computing or energy saving when processing information is primarily considered a task of processor development. However, this position paper advocates that a holistic approach is necessary to reduce power consumption to a minimum. We discuss the potential of integrating NAND flash memory into DB-based ar- chitectures and its support by adjusted DBMS algorithms governing IO processing. The goal is",
        "conf": "International Conference on Enterprise Information Systems",
        "email": null,
        "coauthors": [
            "theo harder",
            "joachim klein",
            "steffen reithermann"
        ],
        "keywords": "Cache Management,Data Cache,Energy Efficient,Energy Saving,Flash Memory,Holistic Approach,Nand Flash Memory,Power Consumption,",
        "title_embedding": [],
        "abstract_embedding": []
    },
    {
        "id": 2507,
        "label": 481,
        "title": "Comparison of Complete and Elementless Native Storage of XML Documents",
        "organization": null,
        "abstract": "Because XML documents tend to be very large, are accessed by declarative and navigational languages, and often are processed in a collaborative way using read/write transactions, their fine-grained storage and management in XML DBMSs is a must for which, in turn, a flexible and space-economic tree representation is mandatory. In this paper, we explore a variety of options to natively",
        "conf": "International Database Engineering and Application Symposium",
        "email": null,
        "coauthors": [
            "theo harder",
            "christian mathis"
        ],
        "keywords": "Empirical Study,Indexation,Language Model,Xml Document,",
        "title_embedding": [],
        "abstract_embedding": []
    },
    {
        "id": 2508,
        "label": 481,
        "title": "Usage-driven storage structures for native XML databases",
        "organization": null,
        "abstract": "There are numerous and influential parameters associated with the selection of suitable native storage structures for XML documents within an XML DBMS. The most important parameters are related to node labeling, path synopsis, document container layout, indexing, and text compression. While node labeling and the presence of a path synopsis greatly determine flexibility and efficiency of the entire DBMS-internal XML",
        "conf": "International Database Engineering and Application Symposium",
        "email": null,
        "coauthors": [
            "theo harder"
        ],
        "keywords": "Document Processing,Native Xml Database,Storage Management,Text Compression,Xml Database,Xml Document,Encoding Decoding,",
        "title_embedding": [],
        "abstract_embedding": []
    },
    {
        "id": 2509,
        "label": 481,
        "title": "Fallstudie zur Modellierung von Software-Entwicklungsprozessen auf Basis von SPEM 2.0",
        "organization": null,
        "abstract": NaN,
        "conf": "Software Engineering",
        "email": null,
        "coauthors": [
            "max brunner",
            "martin jung",
            "detlef kips"
        ],
        "keywords": null,
        "title_embedding": [],
        "abstract_embedding": []
    },
    {
        "id": 2510,
        "label": 481,
        "title": "Essential Performance Drivers in Native XML DBMSs",
        "organization": null,
        "abstract": NaN,
        "conf": "Conference on Current Trends in Theory and Practice of Informatics",
        "email": null,
        "coauthors": [
            "theo harder",
            "christian mathis",
            "sebastian bachle",
            "andreas m. weiner"
        ],
        "keywords": null,
        "title_embedding": [],
        "abstract_embedding": []
    },
    {
        "id": 2511,
        "label": 481,
        "title": "Storing and indexing XML documents upside down",
        "organization": null,
        "abstract": NaN,
        "conf": "Informatik - Forschung Und Entwicklung",
        "email": null,
        "coauthors": [
            "christian mathis",
            "theo harder"
        ],
        "keywords": "Indexation,Xml Document,",
        "title_embedding": [],
        "abstract_embedding": []
    },
    {
        "id": 2512,
        "label": 482,
        "title": "On the Step Explosion Problem",
        "organization": null,
        "abstract": NaN,
        "conf": "Application and Theory of Petri Nets",
        "email": null,
        "coauthors": [
            "stephan roch"
        ],
        "keywords": null,
        "title_embedding": [],
        "abstract_embedding": []
    },
    {
        "id": 2513,
        "label": 482,
        "title": "LoLA: A Low Level Analyser",
        "organization": null,
        "abstract": NaN,
        "conf": "Application and Theory of Petri Nets",
        "email": null,
        "coauthors": [],
        "keywords": null,
        "title_embedding": [],
        "abstract_embedding": []
    },
    {
        "id": 2514,
        "label": 482,
        "title": "Parameterized Reachability Trees for Algebraic Petri Nets",
        "organization": null,
        "abstract": NaN,
        "conf": "Application and Theory of Petri Nets",
        "email": null,
        "coauthors": [],
        "keywords": "petri net,",
        "title_embedding": [],
        "abstract_embedding": []
    },
    {
        "id": 2515,
        "label": 482,
        "title": "Siphons, Traps and High-Level Nets with Infinite Color Domains",
        "organization": null,
        "abstract": NaN,
        "conf": "Application and Theory of Petri Nets",
        "email": null,
        "coauthors": [],
        "keywords": null,
        "title_embedding": [],
        "abstract_embedding": []
    },
    {
        "id": 2516,
        "label": 482,
        "title": "Verification of Siphons and Traps for Algebraic Petri Nets",
        "organization": null,
        "abstract": NaN,
        "conf": "Application and Theory of Petri Nets",
        "email": null,
        "coauthors": [],
        "keywords": "petri net,",
        "title_embedding": [],
        "abstract_embedding": []
    },
    {
        "id": 2517,
        "label": 482,
        "title": "Stubborn Sets for Standard Properties",
        "organization": null,
        "abstract": NaN,
        "conf": "Application and Theory of Petri Nets",
        "email": null,
        "coauthors": [],
        "keywords": null,
        "title_embedding": [],
        "abstract_embedding": []
    },
    {
        "id": 2518,
        "label": 482,
        "title": "LoLA wird Pfadfinder",
        "organization": null,
        "abstract": NaN,
        "conf": "Algorithmen und Werkzeuge fr Petrinetze",
        "email": null,
        "coauthors": [],
        "keywords": null,
        "title_embedding": [],
        "abstract_embedding": []
    },
    {
        "id": 2519,
        "label": 482,
        "title": "Transforming BPEL to Petri Nets",
        "organization": null,
        "abstract": "We present a Petri net semantics for the Business Process Execution Language for Web Services (BPEL). Our semantics covers the standard behaviour of BPEL as well as the exceptional behaviour (e.g. faults, events, compensation). The semantics is implemented as a parser that translates BPEL specications into the input language of the Petri net model checking tool LoLA. We demonstrate that",
        "conf": "Business Process Management",
        "email": null,
        "coauthors": [
            "sebastian hinz",
            "christian stahl"
        ],
        "keywords": "Business Process Model,Formal Model,Model Checking,Process Management,Web Service,Business Process Execution Language,petri net,",
        "title_embedding": [],
        "abstract_embedding": []
    },
    {
        "id": 2520,
        "label": 482,
        "title": "Distributed verification with LoLA",
        "organization": null,
        "abstract": NaN,
        "conf": "Entwicklungsmethoden fr Informationssysteme und deren Anwendung",
        "email": null,
        "coauthors": [],
        "keywords": null,
        "title_embedding": [],
        "abstract_embedding": []
    },
    {
        "id": 2521,
        "label": 482,
        "title": "Controllability of Open Workflow Nets",
        "organization": null,
        "abstract": "An open workflow net is basically a workflow net extended with a message passing interface. Open workflow nets are adequate mod- els for services or parts of inter-organizational business processes. We in- vestigate the problem of controllability, a natural counterpart of sound- ness in classical workflow nets (as studied by van der Aalst). We dis- tinguish centralized, distributed, and local",
        "conf": "Entwicklungsmethoden fr Informationssysteme und deren Anwendung",
        "email": null,
        "coauthors": [],
        "keywords": "Business Process,Message Passing Interface,",
        "title_embedding": [],
        "abstract_embedding": []
    },
    {
        "id": 2522,
        "label": 482,
        "title": "Symmetric Symbolic Safety-Analysis of Concurrent Software with Pointer Data Structures",
        "organization": null,
        "abstract": NaN,
        "conf": "Formal Techniques for Networked and Distributed Systems",
        "email": null,
        "coauthors": [
            "farn wang"
        ],
        "keywords": "Data Structure,Safety Analysis,",
        "title_embedding": [],
        "abstract_embedding": []
    },
    {
        "id": 2523,
        "label": 482,
        "title": "Automatic Transformation and Enlargement of Similarity Models for Case-Based Reasoning",
        "organization": null,
        "abstract": NaN,
        "conf": "Modellierung",
        "email": null,
        "coauthors": [
            "mirjam minor"
        ],
        "keywords": "Case Base Reasoning,",
        "title_embedding": [],
        "abstract_embedding": []
    },
    {
        "id": 2524,
        "label": 482,
        "title": "Operating Guidelines - an Automata-Theoretic Foundation for the Service-Oriented Architecture",
        "organization": null,
        "abstract": NaN,
        "conf": "International Conference on Quality Software",
        "email": null,
        "coauthors": [
            "peter massuthe"
        ],
        "keywords": "Service Oriented Architecture,Theoretical Foundation,",
        "title_embedding": [],
        "abstract_embedding": []
    },
    {
        "id": 2525,
        "label": 482,
        "title": "Integrating Low Level Symmetries into Reachability Analysis",
        "organization": null,
        "abstract": NaN,
        "conf": "Tools and Algorithms for Construction and Analysis of Systems",
        "email": null,
        "coauthors": [],
        "keywords": "reachability analysis,",
        "title_embedding": [],
        "abstract_embedding": []
    },
    {
        "id": 2526,
        "label": 482,
        "title": "Using Petri Net Invariants in State Space Construction",
        "organization": null,
        "abstract": NaN,
        "conf": "Tools and Algorithms for Construction and Analysis of Systems",
        "email": null,
        "coauthors": [],
        "keywords": "State Space,petri net,",
        "title_embedding": [],
        "abstract_embedding": []
    },
    {
        "id": 2527,
        "label": 482,
        "title": "Automated Generation of a Progress Measure for the Sweep-Line Method",
        "organization": null,
        "abstract": NaN,
        "conf": "Tools and Algorithms for Construction and Analysis of Systems",
        "email": null,
        "coauthors": [],
        "keywords": null,
        "title_embedding": [],
        "abstract_embedding": []
    },
    {
        "id": 2528,
        "label": 482,
        "title": "How to Calculate Symmetries of Petri Nets",
        "organization": null,
        "abstract": NaN,
        "conf": "Acta Informatica",
        "email": null,
        "coauthors": [],
        "keywords": "Symmetry Group,petri net,",
        "title_embedding": [],
        "abstract_embedding": []
    },
    {
        "id": 2529,
        "label": 482,
        "title": "Modeling and Model Checking Web Services",
        "organization": null,
        "abstract": "We give an overview on web services and the web service technology stack. We then show how to build Petri net models of web services formulated in the specification language BPEL4WS. We define an abstract correctness criterion for these models and study the automated verification according to this criterion. Finally, we relate correctness of web service models to the model",
        "conf": "Electronic Notes in Theoretical Computer Science",
        "email": null,
        "coauthors": [
            "bernd-holger schlingloff",
            "axel martens"
        ],
        "keywords": "Automated Verification,Model Checking,Service Model,Service Oriented Architecture,Specification Language,Temporal Logic,Web Service,petri net,",
        "title_embedding": [],
        "abstract_embedding": []
    },
    {
        "id": 2530,
        "label": 482,
        "title": "Model-Checking with Coverability Graphs",
        "organization": null,
        "abstract": NaN,
        "conf": "Formal Methods in System Design",
        "email": null,
        "coauthors": [],
        "keywords": "Model Checking,",
        "title_embedding": [],
        "abstract_embedding": []
    },
    {
        "id": 2531,
        "label": 482,
        "title": "Stubborn Sets for Model Checking the EF/AG Fragment of CTL",
        "organization": null,
        "abstract": NaN,
        "conf": "Fundamenta Informaticae",
        "email": null,
        "coauthors": [],
        "keywords": "Model Checking,",
        "title_embedding": [],
        "abstract_embedding": []
    },
    {
        "id": 2532,
        "label": 482,
        "title": "Narrowing Petri Net State Spaces Using the State Equation",
        "organization": null,
        "abstract": NaN,
        "conf": "Fundamenta Informaticae",
        "email": null,
        "coauthors": [],
        "keywords": "State Space,petri net,",
        "title_embedding": [],
        "abstract_embedding": []
    },
    {
        "id": 2533,
        "label": 482,
        "title": "Distributed Verification with LoLA",
        "organization": null,
        "abstract": "We report work in progress on a distributed version of explicit state space generation in the Petri net verification tool LoLA. We propose a data structure where all available memory of all involved workstations can be fully exploited, and load balancing actions are possible at any time while the verification is running. It is even possible to extend the set",
        "conf": "Fundamenta Informaticae",
        "email": null,
        "coauthors": [],
        "keywords": "Data Structure,Load Balance,State Space,petri net,Work In Progress,",
        "title_embedding": [],
        "abstract_embedding": []
    },
    {
        "id": 2534,
        "label": 482,
        "title": "Kommunizierende Workflow-Services modellieren und analysieren",
        "organization": null,
        "abstract": NaN,
        "conf": "Informatik - Forschung Und Entwicklung",
        "email": null,
        "coauthors": [
            "wolfgang reisig",
            "christian stahl"
        ],
        "keywords": null,
        "title_embedding": [],
        "abstract_embedding": []
    },
    {
        "id": 2535,
        "label": 482,
        "title": "Automated generation of a progress measure for the sweep-line method",
        "organization": null,
        "abstract": NaN,
        "conf": "International Journal on Software Tools for Technology Transfer",
        "email": null,
        "coauthors": [],
        "keywords": null,
        "title_embedding": [],
        "abstract_embedding": []
    },
    {
        "id": 2536,
        "label": 482,
        "title": "BDD-Based Safety-Analysis of Concurrent Software with Pointer Data Structures Using Graph Automorphism Symmetry Reduction",
        "organization": null,
        "abstract": NaN,
        "conf": "IEEE Transactions on Software Engineering",
        "email": null,
        "coauthors": [
            "farn wang",
            "fang yu",
            "geng-dian huang",
            "bow-yaw wang"
        ],
        "keywords": "Data Structure,Graph Automorphism,Safety Analysis,",
        "title_embedding": [],
        "abstract_embedding": []
    }
]