[
    {
        "id": 2540,
        "label": 485,
        "title": "Improving Features Subset Selection Using Genetic Algorithms for Iris Recognition",
        "organization": null,
        "abstract": NaN,
        "conf": "Artificial Neural Networks in Pattern Recognition",
        "email": null,
        "coauthors": [
            "prabir bhattacharya"
        ],
        "keywords": "Feature Subset Selection,Iris Recognition,",
        "title_embedding": [],
        "abstract_embedding": []
    },
    {
        "id": 2541,
        "label": 485,
        "title": "Iris Recognition with Support Vector Machines",
        "organization": null,
        "abstract": NaN,
        "conf": "International Conference on Biometrics",
        "email": null,
        "coauthors": [
            "prabir bhattacharya"
        ],
        "keywords": "Iris Recognition,Support Vector Machine,",
        "title_embedding": [],
        "abstract_embedding": []
    },
    {
        "id": 2542,
        "label": 485,
        "title": "Collarette Area Localization and Asymmetrical Support Vector Machines for Efficient Iris Recognition",
        "organization": null,
        "abstract": NaN,
        "conf": "International Conference on Image Analysis and Processing",
        "email": null,
        "coauthors": [
            "prabir bhattacharya"
        ],
        "keywords": "Iris Recognition,Support Vector Machine,",
        "title_embedding": [],
        "abstract_embedding": []
    },
    {
        "id": 2543,
        "label": 485,
        "title": "Iris Recognition Based on Zigzag Collarette Region and Asymmetrical Support Vector Machines",
        "organization": null,
        "abstract": NaN,
        "conf": "International Conference on Image Analysis and Recognition",
        "email": null,
        "coauthors": [
            "prabir bhattacharya"
        ],
        "keywords": "Iris Recognition,Support Vector Machine,",
        "title_embedding": [],
        "abstract_embedding": []
    },
    {
        "id": 2544,
        "label": 485,
        "title": "Optimal Features Subset Selection Using Genetic Algorithms for Iris Recognition",
        "organization": null,
        "abstract": NaN,
        "conf": "International Conference on Image Analysis and Recognition",
        "email": null,
        "coauthors": [
            "prabir bhattacharya"
        ],
        "keywords": "Feature Subset Selection,Iris Recognition,",
        "title_embedding": [],
        "abstract_embedding": []
    },
    {
        "id": 2545,
        "label": 485,
        "title": "Level Set Approaches and Adaptive Asymmetrical SVMs Applied for Nonideal Iris Recognition",
        "organization": null,
        "abstract": NaN,
        "conf": "International Conference on Image Analysis and Recognition",
        "email": null,
        "coauthors": [
            "prabir bhattacharya"
        ],
        "keywords": "Iris Recognition,level-set approach,",
        "title_embedding": [],
        "abstract_embedding": []
    },
    {
        "id": 2546,
        "label": 485,
        "title": "Unideal Iris Segmentation Using Region-Based Active Contour Model",
        "organization": null,
        "abstract": NaN,
        "conf": "International Conference on Image Analysis and Recognition",
        "email": null,
        "coauthors": [
            "prabir bhattacharya",
            "ching y. suen"
        ],
        "keywords": "Active Contour Model,",
        "title_embedding": [],
        "abstract_embedding": []
    },
    {
        "id": 2547,
        "label": 485,
        "title": "Adaptive asymmetrical SVM and genetic algorithms based iris recognition",
        "organization": null,
        "abstract": NaN,
        "conf": "International Conference on Pattern Recognition",
        "email": null,
        "coauthors": [
            "prabir bhattacharya"
        ],
        "keywords": "Genetic Algorithm,Iris Recognition,",
        "title_embedding": [],
        "abstract_embedding": []
    },
    {
        "id": 2548,
        "label": 485,
        "title": "Segmentation of Unideal Iris Images Using Game Theory",
        "organization": null,
        "abstract": NaN,
        "conf": "International Conference on Pattern Recognition",
        "email": null,
        "coauthors": [
            "ching y. suen",
            "prabir bhattacharya"
        ],
        "keywords": "Game Theory,",
        "title_embedding": [],
        "abstract_embedding": []
    },
    {
        "id": 2549,
        "label": 485,
        "title": "Nonideal Iris Recognition Using Level Set Approach and Coalitional Game Theory",
        "organization": null,
        "abstract": NaN,
        "conf": "International Conference on Computer Vision Systems",
        "email": null,
        "coauthors": [
            "prabir bhattacharya"
        ],
        "keywords": "coalitional games,Iris Recognition,level-set approach,",
        "title_embedding": [],
        "abstract_embedding": []
    },
    {
        "id": 2550,
        "label": 485,
        "title": "Iris Recognition in Nonideal Situations",
        "organization": null,
        "abstract": NaN,
        "conf": "Information Security Conference/Information Security Workshop",
        "email": null,
        "coauthors": [
            "prabir bhattacharya"
        ],
        "keywords": "Iris Recognition,",
        "title_embedding": [],
        "abstract_embedding": []
    },
    {
        "id": 2551,
        "label": 485,
        "title": "Application of Multi-objective Genetic Algorithm and asymmetrical Support Vector Machine to improve the reliability of an iris recognition system",
        "organization": null,
        "abstract": NaN,
        "conf": "IEEE International Conference on Systems, Man, and Cybernetics",
        "email": null,
        "coauthors": [
            "prabir bhattacharya"
        ],
        "keywords": "Iris Recognition,Multi Objective Genetic Algorithm,Support Vector Machine,",
        "title_embedding": [],
        "abstract_embedding": []
    }
]