[
    {
        "id": 2643,
        "label": 493,
        "title": "Constructing a Query Facility for RBS Networks",
        "organization": null,
        "abstract": NaN,
        "conf": "Mexican International Conference on Artificial Intelligence",
        "email": null,
        "coauthors": [
            "marijke f. augusteijn"
        ],
        "keywords": null,
        "title_embedding": [],
        "abstract_embedding": []
    },
    {
        "id": 2644,
        "label": 493,
        "title": "Constructing a Query-Able Radial Basis Function Artificial Neural Network",
        "organization": null,
        "abstract": NaN,
        "conf": "International Journal of Neural Systems",
        "email": null,
        "coauthors": [
            "marijke f. augusteijn"
        ],
        "keywords": "Artificial Neural Network,Radial Basis Function,",
        "title_embedding": [],
        "abstract_embedding": []
    }
]