[
    {
        "id": 2659,
        "label": 499,
        "title": "Power and Area Efficient Design of Network-on-Chip Router through Utilization of Idle Buffers",
        "organization": null,
        "abstract": NaN,
        "conf": "Engineering of Computer-Based Systems",
        "email": null,
        "coauthors": [
            "tiberiu seceleanu",
            "hannu tenhunen"
        ],
        "keywords": "Network On Chip,",
        "title_embedding": [],
        "abstract_embedding": []
    },
    {
        "id": 2660,
        "label": 499,
        "title": "Application development flow for on-chip distributed architectures",
        "organization": null,
        "abstract": NaN,
        "conf": "IEEE International System-on-Chip (SoC) Conference",
        "email": null,
        "coauthors": [
            "moazzam niazi",
            "hannu tenhunen",
            "tiberiu seceleanu",
            "sakir sezer"
        ],
        "keywords": "Application Development,Distributed Architecture,",
        "title_embedding": [],
        "abstract_embedding": []
    }
]