[
    {
        "id": 2685,
        "label": 503,
        "title": "Microfocal X-ray computed tomography post-processing operations for optimizing reconstruction volumes of stented arteries during 3D computational fluid dynamics modeling",
        "organization": null,
        "abstract": NaN,
        "conf": "Computer Methods and Programs in Biomedicine",
        "email": null,
        "coauthors": [
            "john f. ladisa jr.",
            "kristina m. ropella",
            "robert c. molthen",
            "steven t. haworth",
            "judy r. kersten",
            "david c. warltier",
            "paul s. pagel"
        ],
        "keywords": "Computation Fluid Dynamics,X-ray Computed Tomography,",
        "title_embedding": [],
        "abstract_embedding": []
    }
]