[
    {
        "id": 2692,
        "label": 506,
        "title": "Efficient join processing on uncertain data streams",
        "organization": null,
        "abstract": "Join processing in the streaming environment has many practical applications such as data cleaning and outlier detection. Due to the inherent uncertainty in the real-world data, it has become an increasingly important problem to consider the join processing on uncertain data streams, where the incoming data at each timestamp are uncertain and imprecise. Different from the static databases, processing uncertain",
        "conf": "International Conference on Information and Knowledge Management",
        "email": null,
        "coauthors": [
            "xiang lian"
        ],
        "keywords": "Data Cleaning,Outlier Detection,Uncertain Data,",
        "title_embedding": [],
        "abstract_embedding": []
    },
    {
        "id": 2693,
        "label": 506,
        "title": "Localized routing trees for query processing in sensor networks",
        "organization": null,
        "abstract": "In this paper, we propose a novel energy-efficient approach, a localized routing tree (LRT) coupled with a route redirection (RR) strategy, to support various types of queries. LRTs take care of the sensors near the sink and reduce the energy consumption of these sensors, and RR reduces the energy cost of data receptions. Compared to the existing approaches, simulation studies",
        "conf": "International Conference on Information and Knowledge Management",
        "email": null,
        "coauthors": [
            "jie lian",
            "kshirasagar naik",
            "m. tamer ozsu",
            "gordon b. agnew"
        ],
        "keywords": "Data Aggregation,Energy Consumption,Energy Cost,Energy Efficient,Query Processing,Sensor Network,Simulation Study,",
        "title_embedding": [],
        "abstract_embedding": []
    },
    {
        "id": 2694,
        "label": 506,
        "title": "Effective XML content and structure retrieval with relevance ranking",
        "organization": null,
        "abstract": "XML documents can be retrieved by means of not only content-only (CO) queries, but also content-and-structure (CAS) queries. Though promising better retrieval precision, CAS queries introduce several new challenges. To address these challenges, we propose a novel approach for XML CAS retrieval. The distinctive feature of the approach is that it adopts a content-oriented point of view. Specifically, the approach",
        "conf": "International Conference on Information and Knowledge Management",
        "email": null,
        "coauthors": [
            "xiping liu",
            "changxuan wan"
        ],
        "keywords": "Document Structure,Efficient Algorithm,Experimental Study,Heterogeneous Data,It Adoption,Point of View,Relevance Ranking,Xml Document,",
        "title_embedding": [],
        "abstract_embedding": []
    },
    {
        "id": 2695,
        "label": 506,
        "title": "Optimal proactive caching in peer-to-peer network: analysis and application",
        "organization": null,
        "abstract": "As a promising new technology with the unique properties like high efficiency, scalability and fault tolerance, Peer-to- Peer (P2P) technology is used as the underlying network to build new Internet-scale applications. However, one of the well known issues in such an application (for example WWW) is that the distribution of data popularities is heav- ily tailed with a Zipf-like distribution.",
        "conf": "International Conference on Information and Knowledge Management",
        "email": null,
        "coauthors": [
            "weixiong rao",
            "ada wai-chee fu",
            "yingyi bu"
        ],
        "keywords": "Fault Tolerant,High Efficiency,New Technology,Optimal Solution,P2P,P2p Networks,Peer To Peer,Peer-to-peer Network,trace-driven simulation,Web Caching,Object Relational,",
        "title_embedding": [],
        "abstract_embedding": []
    },
    {
        "id": 2696,
        "label": 506,
        "title": "Probabilistic correlation-based similarity measure of unstructured records",
        "organization": null,
        "abstract": "Computing the similarity between unstructured records is a fundamental function in multiple applications. Approximate string matching and full text retrieval techniques do not show the best performance when applied directly, since the information are limited in unstructured records of short record length. In this paper, we propose a novel probabilistic correlation-based similarity measure. Rather than simply conducting the exact matching",
        "conf": "International Conference on Information and Knowledge Management",
        "email": null,
        "coauthors": [
            "shaoxu song"
        ],
        "keywords": "Approximate String Matching,Similarity Measure,Text Retrieval,",
        "title_embedding": [],
        "abstract_embedding": []
    },
    {
        "id": 2697,
        "label": 506,
        "title": "Speed up semantic search in p2p networks",
        "organization": null,
        "abstract": "Peer-to-peer architectures become popular in modern massively distributed systems, which are often in very large scale and contain a huge volume of heterogeneous data. To facilitate the information retrieval process in P2P networks, we consider semantic search approach, where syntax-based queries are shipped to peers based on semantic correlations. Motivated by an interesting experience in Web information retrieval, we propose",
        "conf": "International Conference on Information and Knowledge Management",
        "email": null,
        "coauthors": [
            "qiang wang",
            "rui li",
            "jie lian",
            "m. tamer ozsu"
        ],
        "keywords": "Distributed System,Heterogeneous Data,Information Retrieval,Large Scale,Overlay Network,P2P,P2p Networks,Peer To Peer,Performance Evaluation,Semantic Search,Web Information Retrieval,",
        "title_embedding": [],
        "abstract_embedding": []
    },
    {
        "id": 2698,
        "label": 506,
        "title": "Towards interactive indexing for large Chinese calligraphic character databases",
        "organization": null,
        "abstract": "In this paper, based on a novel shape-similarity-based retrieval method, we propose an interactive partial-distance-map (PDM)- based high-dimensional indexing scheme to speed up the retrieval performance of the large Chinese calligraphic character databases. Specifically, we use the approximate minimal bounding hyper- sphere of query character to search the PDM and utilize the users' relevance feedback to refine the search process.",
        "conf": "International Conference on Information and Knowledge Management",
        "email": null,
        "coauthors": [
            "yi zhuang",
            "yueting zhuang",
            "qing li"
        ],
        "keywords": "High Dimensionality,Image Database,Indexation,Relevance Feedback,Shape Similarity,",
        "title_embedding": [],
        "abstract_embedding": []
    },
    {
        "id": 2699,
        "label": 506,
        "title": "Top-k subgraph matching query in a large graph",
        "organization": null,
        "abstract": "Recently, due to its wide applications, subgraph search has at- tracted a lot of attention from database and data mining commu- nity. Sub-graph search is defined as follows: given a query graph Q, we report all data graphs containing Q in the database. How- ever, there is little work about sub-graph search in a single large graph, which has been",
        "conf": "International Conference on Information and Knowledge Management",
        "email": null,
        "coauthors": [
            "lei zou",
            "yansheng lu"
        ],
        "keywords": "Data Mining,Graph Matching,Graph Search,Indexation,Large Data,Score Function,Social Network,",
        "title_embedding": [],
        "abstract_embedding": []
    },
    {
        "id": 2700,
        "label": 506,
        "title": "In-network Outlier Cleaning for Data Collection in Sensor Networks",
        "organization": null,
        "abstract": "Outliers are very common in the environmen- tal data monitored by a sensor network con- sisting of many inexpensive, low fldelity, and frequently failed sensors. The limited battery power and costly data transmission have in- troduced a new challenge for outlier clean- ing in sensor networks: it must be done in- network to avoid spending energy on trans- mitting outliers.",
        "conf": "Clean Databases",
        "email": null,
        "coauthors": [
            "yongzhen zhuang"
        ],
        "keywords": "Data Collection,Data Transmission,Dynamic Time Warping,Routing Algorithm,Sensor Network,Temporal Correlation,",
        "title_embedding": [],
        "abstract_embedding": []
    },
    {
        "id": 2701,
        "label": 506,
        "title": "Probabilistic Inverse Ranking Queries over Uncertain Data",
        "organization": null,
        "abstract": NaN,
        "conf": "Database Systems for Advanced Applications",
        "email": null,
        "coauthors": [
            "xiang lian"
        ],
        "keywords": "Uncertain Data,",
        "title_embedding": [],
        "abstract_embedding": []
    },
    {
        "id": 2702,
        "label": 506,
        "title": "Approximate Similarity Search over Multiple Stream Time Series",
        "organization": null,
        "abstract": NaN,
        "conf": "Database Systems for Advanced Applications",
        "email": null,
        "coauthors": [
            "xiang lian",
            "bin wang"
        ],
        "keywords": "Similarity Search,Time Series,",
        "title_embedding": [],
        "abstract_embedding": []
    },
    {
        "id": 2703,
        "label": 506,
        "title": "Similarity Joins of Text with Incomplete Information Formats",
        "organization": null,
        "abstract": NaN,
        "conf": "Database Systems for Advanced Applications",
        "email": null,
        "coauthors": [
            "shaoxu song"
        ],
        "keywords": "Incomplete Information,Similarity Join,",
        "title_embedding": [],
        "abstract_embedding": []
    },
    {
        "id": 2704,
        "label": 506,
        "title": "Detecting Leaders from Correlated Time Series",
        "organization": null,
        "abstract": NaN,
        "conf": "Database Systems for Advanced Applications",
        "email": null,
        "coauthors": [
            "di wu",
            "yiping ke",
            "jeffrey xu yu",
            "philip s. yu"
        ],
        "keywords": "Time Series,",
        "title_embedding": [],
        "abstract_embedding": []
    },
    {
        "id": 2705,
        "label": 506,
        "title": "Energy-Efficient Evaluation of Multiple Skyline Queries over a Wireless Sensor Network",
        "organization": null,
        "abstract": NaN,
        "conf": "Database Systems for Advanced Applications",
        "email": null,
        "coauthors": [
            "junchang xin",
            "guoren wang",
            "vincent oria"
        ],
        "keywords": "Energy Efficient,Wireless Sensor Network,",
        "title_embedding": [],
        "abstract_embedding": []
    },
    {
        "id": 2706,
        "label": 506,
        "title": "Continuously Maintaining Sliding Window Skylines in a Sensor Network",
        "organization": null,
        "abstract": NaN,
        "conf": "Database Systems for Advanced Applications",
        "email": null,
        "coauthors": [
            "junchang xin",
            "guoren wang",
            "xiaoyi zhang",
            "zhenhua wang"
        ],
        "keywords": "Sensor Network,Sliding Window,",
        "title_embedding": [],
        "abstract_embedding": []
    },
    {
        "id": 2707,
        "label": 506,
        "title": "Efficiently Answering Probability Threshold-Based Shortest Path Queries over Uncertain Graphs",
        "organization": null,
        "abstract": NaN,
        "conf": "Database Systems for Advanced Applications",
        "email": null,
        "coauthors": [
            "ye yuan",
            "guoren wang"
        ],
        "keywords": "Shortest Path,",
        "title_embedding": [],
        "abstract_embedding": []
    },
    {
        "id": 2708,
        "label": 506,
        "title": "A Unified Indexing Structure for Efficient Cross-Media Retrieval",
        "organization": null,
        "abstract": NaN,
        "conf": "Database Systems for Advanced Applications",
        "email": null,
        "coauthors": [
            "yi zhuang",
            "qing li"
        ],
        "keywords": "Index Structure,",
        "title_embedding": [],
        "abstract_embedding": []
    },
    {
        "id": 2709,
        "label": 506,
        "title": "Top-K Correlation Sub-graph Search in Graph Databases",
        "organization": null,
        "abstract": NaN,
        "conf": "Database Systems for Advanced Applications",
        "email": null,
        "coauthors": [
            "lei zou",
            "yansheng lu"
        ],
        "keywords": "Graph Search,",
        "title_embedding": [],
        "abstract_embedding": []
    },
    {
        "id": 2710,
        "label": 506,
        "title": "Dynamic Skyline Queries in Large Graphs",
        "organization": null,
        "abstract": NaN,
        "conf": "Database Systems for Advanced Applications",
        "email": null,
        "coauthors": [
            "lei zou",
            "m. tamer ozsu",
            "dongyan zhao"
        ],
        "keywords": null,
        "title_embedding": [],
        "abstract_embedding": []
    },
    {
        "id": 2711,
        "label": 506,
        "title": "Summarization Graph Indexing: Beyond Frequent Structure-Based Approach",
        "organization": null,
        "abstract": "Graph is an important data structure to model complex structural data, such as chemical compounds, proteins, and XMLdocuments. Among many graph data-based applications, sub-graph search is a key problem, which is defined as given a query Q, retrieving all graphs containing Q as a sub-graph in the graph database. Most existing sub-graph search methods try to filter out false positives",
        "conf": "Database Systems for Advanced Applications",
        "email": null,
        "coauthors": [
            "lei zou",
            "huaming zhang",
            "yansheng lu",
            "qiang lou"
        ],
        "keywords": "Complete Graph,Data Structure,Experimental Study,False Positive,Graph Search,Indexation,Indexing Method,Model Complexity,Signature File,Structured Data,Synthetic Data,",
        "title_embedding": [],
        "abstract_embedding": []
    },
    {
        "id": 2712,
        "label": 506,
        "title": "Answering Constrained k-NN Queries in Unstructured P2P Systems",
        "organization": null,
        "abstract": NaN,
        "conf": "Databases, Information Systems, and Peer-to-Peer Computing",
        "email": null,
        "coauthors": [
            "bin wang",
            "xiaochun yang",
            "guoren wang",
            "sean x. wang",
            "xuemin lin",
            "ge yu"
        ],
        "keywords": "P2p System,",
        "title_embedding": [],
        "abstract_embedding": []
    },
    {
        "id": 2713,
        "label": 506,
        "title": "Evaluating probability threshold k-nearest-neighbor queries over uncertain data",
        "organization": null,
        "abstract": "In emerging applications such as location-based services, sensor monitoring and biological management systems, the values of the database items are naturally imprecise. For these uncertai n databases, an important query is the Probabilistic k-Nearest-Neighbor Query (k-PNN), which computes the probabilities of sets of k objects for being the closest to a given query point. The evaluation of this query can",
        "conf": "Extending Database Technology",
        "email": null,
        "coauthors": [
            "reynold cheng",
            "jinchuan chen",
            "xike xie"
        ],
        "keywords": "Data Structure,K Nearest Neighbor,Location Based Service,Management System,Probability Density Function,Satisfiability,Spatial Index,Uncertain Data,",
        "title_embedding": [],
        "abstract_embedding": []
    },
    {
        "id": 2714,
        "label": 506,
        "title": "Dynamic skyline queries in metric spaces",
        "organization": null,
        "abstract": "Skyline query is of great importance in many applications, such as multi-criteria decision making and business planning. In particular, a skyline point is a data object in the database whose attribute vec- tor is not dominated by that of any other objects. Previous methods to retrieve skyline points usually assume static data objects in the database (i.e. their attribute vectors",
        "conf": "Extending Database Technology",
        "email": null,
        "coauthors": [
            "xiang lian"
        ],
        "keywords": "Business Planning,Euclidean Space,Indexation,Metric Space,Multi Criteria Decision Making,",
        "title_embedding": [],
        "abstract_embedding": []
    },
    {
        "id": 2715,
        "label": 506,
        "title": "Probabilistic ranked queries in uncertain databases",
        "organization": null,
        "abstract": "Recently, many new applications, such as sensor data monitoring and mobile device tracking, raise up the issue of uncertain data management. Compared to \"certain\" data, the data in the uncertain database are not exact points, which, instead, often locate within a region. In this paper, we study the ranked queries over uncer- tain data. In fact, ranked queries have been",
        "conf": "Extending Database Technology",
        "email": null,
        "coauthors": [
            "xiang lian"
        ],
        "keywords": "Data Mining,Decision Making,Mobile Device,Search Space,Uncertain Data,",
        "title_embedding": [],
        "abstract_embedding": []
    },
    {
        "id": 2716,
        "label": 506,
        "title": "Top-k dominating queries in uncertain databases",
        "organization": null,
        "abstract": "Due to the existence of uncertain data in a wide spectrum of real applications, uncertain query processing has become increasingly important, which dramatically differs from handling certain data in a traditional database. In this paper, we formulate and tackle an important query, namely probabilistic top-k dominating (PTD) query, in the uncertain database. In particular, a PTD query re- trieves k",
        "conf": "Extending Database Technology",
        "email": null,
        "coauthors": [
            "xiang lian"
        ],
        "keywords": "Query Processing,Search Space,Spectrum,Uncertain Data,",
        "title_embedding": [],
        "abstract_embedding": []
    },
    {
        "id": 2717,
        "label": 506,
        "title": "Indexing high-dimensional data in dual distance spaces: a symmetrical encoding approach",
        "organization": null,
        "abstract": "Due to the well-known dimensionality curse problem, search in a high-dimensional space is considered as a \"hard\" problem. In this paper, a novel symmetrical encoding-based index structure, which is called EHD-Tree (for symmetrical Encoding-based Hybrid Distance Tree), is proposed to support fast k-Nearest-Neighbor (k-NN) search in high-dimensional spaces. In an EHD-Tree, all data points are first grouped into clusters by",
        "conf": "Extending Database Technology",
        "email": null,
        "coauthors": [
            "yi zhuang",
            "yueting zhuang",
            "qing li",
            "yi yu"
        ],
        "keywords": "High Dimensional Data,High Dimensionality,Index Structure,Indexation,k-means clustering,K Nearest Neighbor,",
        "title_embedding": [],
        "abstract_embedding": []
    },
    {
        "id": 2718,
        "label": 506,
        "title": "A novel spectral coding in a large graph database",
        "organization": null,
        "abstract": "Retrieving related graphs containing a query graph from a large graph database is a key issue in many graph-based applications, such as drug discovery and structural pattern recognition. Because sub-graph isomorphism is a NP-complete problem (4), we have to employ a filter-and-verification frame- work to speed up the search efficiency, that is, using an effec- tive and efficient pruning strategy",
        "conf": "Extending Database Technology",
        "email": null,
        "coauthors": [
            "lei zou",
            "jeffrey xu yu",
            "yansheng lu"
        ],
        "keywords": "Drug Discovery,Graph Isomorphism,Graph Search,Local Structure,np-complete problem,Pattern Recognition,Satisfiability,False Negative,",
        "title_embedding": [],
        "abstract_embedding": []
    },
    {
        "id": 2719,
        "label": 506,
        "title": "Portlet-based Portal Design for Grid Systems",
        "organization": null,
        "abstract": NaN,
        "conf": "Grid and Cooperative Computing",
        "email": null,
        "coauthors": [
            "yanli cai",
            "jian cao",
            "minglu li"
        ],
        "keywords": "Grid System,",
        "title_embedding": [],
        "abstract_embedding": []
    },
    {
        "id": 2720,
        "label": 506,
        "title": "HAND: An Overlay Optimization Algorithm in Peer-to-Peer Systems",
        "organization": null,
        "abstract": NaN,
        "conf": "High Performance Computing and Communications",
        "email": null,
        "coauthors": [
            "xiaoming chen",
            "zhoujun li",
            "yongzhen zhuang",
            "jinsong han"
        ],
        "keywords": "Optimal Algorithm,Peer To Peer System,",
        "title_embedding": [],
        "abstract_embedding": []
    },
    {
        "id": 2721,
        "label": 506,
        "title": "Non-Threshold based Event Detection for 3D Environment Monitoring in Sensor Networks",
        "organization": null,
        "abstract": "Event detection is a crucial task for wireless sensor net- work applications, especially environment monitoring. Ex- isting approaches for event detection are mainly based on some predefined threshold values, and thus are often inac- curate and incapable of capturing complex events. For ex- ample, in coal mine monitoring scenarios, gas leakage or water osmosis can hardly be described by the",
        "conf": "International Conference on Distributed Computing Systems",
        "email": null,
        "coauthors": [
            "mo li",
            "yunhao liu"
        ],
        "keywords": "3d environment,Coal Mining,Event Detection,Sensor Network,Spatio-temporal Data,Time Series,trace-driven simulation,Wireless Sensor Net Work,",
        "title_embedding": [],
        "abstract_embedding": []
    },
    {
        "id": 2722,
        "label": 506,
        "title": "A Weighted Moving Average-based Approach for Cleaning Sensor Data",
        "organization": null,
        "abstract": "Nowadays, wireless sensor networks have been widely used in many monitoring applications. Due to the low qual- ity of sensors and random effects of the environments, how- ever, it is well known that the collected sensor data are noisy. Therefore, it is very critical to clean the sensor data before using them to answer queries or conduct data anal- ysis.",
        "conf": "International Conference on Distributed Computing Systems",
        "email": null,
        "coauthors": [
            "yongzhen zhuang",
            "xiaoyang sean wang",
            "jie lian"
        ],
        "keywords": "Data Cleaning,Energy Efficient,Moving Average,Importance Value,Quick Response,Random Effects,Wireless Sensor Network,",
        "title_embedding": [],
        "abstract_embedding": []
    },
    {
        "id": 2723,
        "label": 506,
        "title": "Multi-query Optimization for Distributed Similarity Query Processing",
        "organization": null,
        "abstract": "This paper considers a multi-query optimization issue for distributed similarity query processing, which attempts to exploit the dependencies in the derivation of a query evaluation plan. To the best of our knowledge, this is the first work investigating a multi- query optimization technique for distributed similarity query processing (MDSQ). Four steps are incorporated in our MDSQ algorithm. First when a",
        "conf": "International Conference on Distributed Computing Systems",
        "email": null,
        "coauthors": [
            "yi zhuang",
            "qing li"
        ],
        "keywords": "Answer Sets,Dynamic Query,Indexation,Load Balance,Query Evaluation,Query Optimization,Query Processing,",
        "title_embedding": [],
        "abstract_embedding": []
    },
    {
        "id": 2724,
        "label": 506,
        "title": "Multi-Scale Histograms for Answering Queries over Time Series Data",
        "organization": null,
        "abstract": "Similarity-based time series data retrieval has been used in many real world applications, such as stock data or weather data analysis. Two types of queries on time series data are generally studied: pattern existence queries and ex- act match queries. In pattern existence queries, users are interested in the general shape of time series data and ig- nore the specific",
        "conf": "International Conference on Data Engineering",
        "email": null,
        "coauthors": [
            "m. tamer ozsu"
        ],
        "keywords": "Data Analysis,Data Distribution,Dynamic Time Warping,Euclidean Distance,Exact Results,Histogram Equalization,Interaction Analysis,Longest Common Subsequence,Normal Form,Real World Application,Source Code,Symbolic Representation,Time Series,Time Series Data,Local Time,Weighted Averaging,",
        "title_embedding": [],
        "abstract_embedding": []
    },
    {
        "id": 2725,
        "label": 506,
        "title": "A General Cost Model for Dimensionality Reduction in High Dimensional Spaces",
        "organization": null,
        "abstract": "Similarity search usually encounters a serious problem in the high dimensional space, known as the \"curse of dimensionality\". In order to speed up the retrieval effi- ciency, previous approaches usually reduce the dimension- ality of the entire data set to a fixed lower value before building indexes (referred to as global dimensionality re- duction (GDR)). More recent works focus on",
        "conf": "International Conference on Data Engineering",
        "email": null,
        "coauthors": [
            "xiang lian"
        ],
        "keywords": "Cost Model,Curse of Dimensionality,Dimensional Reduction,Formal Model,High Dimensionality,Indexation,Range Query,Similarity Search,Synthetic Data,",
        "title_embedding": [],
        "abstract_embedding": []
    },
    {
        "id": 2726,
        "label": 506,
        "title": "Similarity Search in Arbitrary Subspaces Under Lp-Norm",
        "organization": null,
        "abstract": "Similarity search has been widely used in many applications such as information retrieval, image data analysis, and time-series matching. Specifically, a similarity query retrieves all data objects in a data set that are similar to a given query object. Previous work on similarity search usually consider the search problem in the full space. In this paper, however, we propose a",
        "conf": "International Conference on Data Engineering",
        "email": null,
        "coauthors": [
            "xiang lian"
        ],
        "keywords": "Cost Model,Data Analysis,Information Retrieval,Lp Norm,Similarity Search,Time Series,",
        "title_embedding": [],
        "abstract_embedding": []
    },
    {
        "id": 2727,
        "label": 506,
        "title": "Pattern Matching over Cloaked Time Series",
        "organization": null,
        "abstract": NaN,
        "conf": "International Conference on Data Engineering",
        "email": null,
        "coauthors": [
            "xiang lian",
            "jeffrey xu yu"
        ],
        "keywords": "Pattern Matching,Time Series,",
        "title_embedding": [],
        "abstract_embedding": []
    },
    {
        "id": 2728,
        "label": 506,
        "title": "Similarity Match Over High Speed Time-Series Streams",
        "organization": null,
        "abstract": NaN,
        "conf": "International Conference on Data Engineering",
        "email": null,
        "coauthors": [
            "xiang lian",
            "jeffrey xu yu",
            "guoren wang",
            "ge yu"
        ],
        "keywords": "High Speed,Time Series,",
        "title_embedding": [],
        "abstract_embedding": []
    },
    {
        "id": 2729,
        "label": 506,
        "title": "Detection of Shape Anomalies: A Probabilistic Approach Using Hidden Markov Models",
        "organization": null,
        "abstract": NaN,
        "conf": "International Conference on Data Engineering",
        "email": null,
        "coauthors": [
            "zheng liu",
            "jeffrey xu yu",
            "di wu"
        ],
        "keywords": "Probabilistic Approach,Hidden Markov Model,",
        "title_embedding": [],
        "abstract_embedding": []
    },
    {
        "id": 2730,
        "label": 506,
        "title": "STAIRS: Towards Efficient Full-Text Filtering and Dissemination in a DHT Environment",
        "organization": null,
        "abstract": "Nowadays contents in Internet like weblogs, wikipedia and news sites become \"live\". How to notify and provide users with the relevant contents becomes a challenge. Unlike conventional Web search technology or the RSS feed, this paper envisions a personalized full-text content filtering and dissemination system in a highly distributed environment such as a Distributed Hash Table (DHT). Users can subscribe",
        "conf": "International Conference on Data Engineering",
        "email": null,
        "coauthors": [
            "weixiong rao",
            "ada wai-chee fu",
            "hanhua chen"
        ],
        "keywords": "Distributed Environment,Distributed Hash Table,Query Logs,Web Search,Experience Base,",
        "title_embedding": [],
        "abstract_embedding": []
    },
    {
        "id": 2731,
        "label": 506,
        "title": "Continuous Subgraph Pattern Search over Graph Streams",
        "organization": null,
        "abstract": NaN,
        "conf": "International Conference on Data Engineering",
        "email": null,
        "coauthors": [
            "changliang wang"
        ],
        "keywords": "Pattern Search,",
        "title_embedding": [],
        "abstract_embedding": []
    },
    {
        "id": 2732,
        "label": 506,
        "title": "A Concise Representation of Range Queries",
        "organization": null,
        "abstract": "AbstractWith the advance of wireless communication tech- nology, it is quite common for people to view maps or get related services from the handheld devices, such as mobile phones and PDAs. Range queries, as one of the most commonly used tools, are often posed by the users to retrieve needful information from a spatial database. However, due to the limits",
        "conf": "International Conference on Data Engineering",
        "email": null,
        "coauthors": [
            "ke yi",
            "xiang lian",
            "feifei li"
        ],
        "keywords": "Communication Cost,Handheld Device,Information Loss,Mobile Phone,Range Query,Spatial Database,Wireless Communication,",
        "title_embedding": [],
        "abstract_embedding": []
    },
    {
        "id": 2733,
        "label": 506,
        "title": "Max Regional Aggregate over Sensor Networks",
        "organization": null,
        "abstract": NaN,
        "conf": "International Conference on Data Engineering",
        "email": null,
        "coauthors": [
            "yongzhen zhuang"
        ],
        "keywords": "Sensor Network,",
        "title_embedding": [],
        "abstract_embedding": []
    },
    {
        "id": 2734,
        "label": 506,
        "title": "Dominant Graph: An Efficient Indexing Structure to Answer Top-K Queries",
        "organization": null,
        "abstract": "Given a record set D and a query score function F ,a top-k query returns k records from D ,w hose values of function F on their attributes are the highest. In this paper, we investigate the intrinsic connection between top-k queries and dominant relationship between records, and based on which, we propose an efficient layer-based indexing structure, Dominant Graph",
        "conf": "International Conference on Data Engineering",
        "email": null,
        "coauthors": [
            "lei zou"
        ],
        "keywords": "Cost Analysis,High Dimension,Index Structure,Optimization Technique,Score Function,Search Space,",
        "title_embedding": [],
        "abstract_embedding": []
    },
    {
        "id": 2735,
        "label": 506,
        "title": "Spotting Significant Changing Subgraphs in Evolving Graphs",
        "organization": null,
        "abstract": "Graphs are popularly used to model structural relation- ships between objects. In many application domains such as social networks, sensor networks and telecommunication, graphs evolve over time. In this paper, we study a new prob- lem of discovering the subgraphs that exhibit significant changes in evolving graphs. This problem is challenging since it is hard to define changing regions that",
        "conf": "IEEE International Conference on Data Mining",
        "email": null,
        "coauthors": [
            "zheng liu",
            "jeffrey xu yu",
            "yiping ke",
            "xuemin lin"
        ],
        "keywords": "Efficient Algorithm,Sensor Network,Social Network,",
        "title_embedding": [],
        "abstract_embedding": []
    },
    {
        "id": 2736,
        "label": 506,
        "title": "Rule-based scene extraction from video",
        "organization": null,
        "abstract": "ABSTRACT Instead of clustering video shots into scenes using low level image features, in this paper, we propose a rule-based model to extract simple dialog or action scenes. Through analyzing video editing rules and observing temporal appearance patterns of shots in dialog scenes of movies, we deduce a set of rules to recognize dialog or action scenes. Based on these",
        "conf": "International Conference on Image Processing",
        "email": null,
        "coauthors": [
            "m. tamer ozsu"
        ],
        "keywords": "Finite State Machine,Image Features,Video Editing,Rule Based,",
        "title_embedding": [],
        "abstract_embedding": []
    },
    {
        "id": 2737,
        "label": 506,
        "title": "Mixed Type Audio Classification with Support Vector Machine",
        "organization": null,
        "abstract": "Content-based classification of audio data is an important problem for various applications such as overall analysis of audio-visual streams, boundary detection of video story segment, extraction of speech segments from video, and content-based video retrieval. Though the classification of audio into single type such as music, speech, environmen- tal sound and silence is well studied, classification of mixed type audio",
        "conf": "International Conference on Multimedia Computing and Systems/International Conference on Multimedia and Expo",
        "email": null,
        "coauthors": [
            "sule gunduz",
            "m. tamer ozsu"
        ],
        "keywords": "Audio Classification,Boundary Detection,Classification System,Content Based Video Retrieval,K Nearest Neighbor,Naive Bayes,Speech Segmentation,Support Vector Machine,Audio Visual,Neural Network,",
        "title_embedding": [],
        "abstract_embedding": []
    },
    {
        "id": 2738,
        "label": 506,
        "title": "Research of Blind Images Separation Algorithm Based on Kernel Space",
        "organization": null,
        "abstract": NaN,
        "conf": "International Conference on Natural Computation",
        "email": null,
        "coauthors": [
            "liyi zhang",
            "yanju guo",
            "ting liu"
        ],
        "keywords": null,
        "title_embedding": [],
        "abstract_embedding": []
    },
    {
        "id": 2739,
        "label": 506,
        "title": "Sequential blind image extraction based on particle swarm optimization",
        "organization": null,
        "abstract": NaN,
        "conf": "International Conference on Natural Computation",
        "email": null,
        "coauthors": [
            "liyi zhang",
            "yanju guo",
            "ting liu",
            "qiang li"
        ],
        "keywords": "particle swarm optimizer,",
        "title_embedding": [],
        "abstract_embedding": []
    },
    {
        "id": 2740,
        "label": 506,
        "title": "An Adaptive Multi-user Detection Algorithm Based on Forward Neural Network",
        "organization": null,
        "abstract": NaN,
        "conf": "International Conference on Natural Computation",
        "email": null,
        "coauthors": [
            "ting liu",
            "bin wang",
            "yunshan sun",
            "liyi zhang"
        ],
        "keywords": "Multi User Detection,Neural Network,",
        "title_embedding": [],
        "abstract_embedding": []
    },
    {
        "id": 2741,
        "label": 506,
        "title": "Research on neural network blind equalization algorithm with structure optimized by genetic algorithm",
        "organization": null,
        "abstract": NaN,
        "conf": "International Conference on Natural Computation",
        "email": null,
        "coauthors": [
            "liyi zhang",
            "ting liu",
            "yunshan sun"
        ],
        "keywords": "Blind Equalization,Genetic Algorithm,Structure Optimization,Neural Network,",
        "title_embedding": [],
        "abstract_embedding": []
    },
    {
        "id": 2742,
        "label": 506,
        "title": "Virtual Surrounding Face Geocasting with Guaranteed Message Delivery for Ad Hoc and Sensor Networks",
        "organization": null,
        "abstract": "Geocasting in wireless sensor networks and ad hoc networks is the delivery of a message from a source to all the nodes in a given geographical region. The objectives of a geocasting protocol are two-folds: guaranteed message delivery and low transmission cost. Most of the existing protocols do not guarantee message delivery, and those that do incur a high transmission",
        "conf": "International Conference on Network Protocols",
        "email": null,
        "coauthors": [
            "jie lian",
            "kshirasagar naik",
            "yunhao liu"
        ],
        "keywords": "Ad Hoc Network,Sensor Network,Simulation Study,Wireless Sensor Network,",
        "title_embedding": [],
        "abstract_embedding": []
    },
    {
        "id": 2743,
        "label": 506,
        "title": "A push-based prefetching for cooperative caching RAM Grid",
        "organization": null,
        "abstract": NaN,
        "conf": "International Conference on Parallel and Distributed Systems",
        "email": null,
        "coauthors": [
            "rui chu",
            "nong xiao",
            "xicheng lu"
        ],
        "keywords": "Cooperative Caching,",
        "title_embedding": [],
        "abstract_embedding": []
    },
    {
        "id": 2744,
        "label": 506,
        "title": "Collaborative Search in Large-scale Unstructured Peer-to-Peer Networks",
        "organization": null,
        "abstract": "Searching in large-scale unstructured peer-to-peer networks is challenging due to the lack of effective hint information to guide queries. In this paper, we propose POP, a Parallel, cOllaborative and Probabilistic search mechanism, in which query messages are viewed as search units to collaborate with each other and aggregate the distributed hints during the search process. A scheme called Distributed Bloom",
        "conf": "International Conference on Parallel Processing",
        "email": null,
        "coauthors": [
            "yiming zhang",
            "dongsheng li",
            "xicheng lu"
        ],
        "keywords": "Bloom Filter,Information Aggregation,Large Scale,Peer-to-peer Network,Theoretical Analysis,",
        "title_embedding": [],
        "abstract_embedding": []
    },
    {
        "id": 2745,
        "label": 506,
        "title": "Enhancing Edit Distance on Real Sequences Filters using Histogram Distance on Fixed Reference Ordering",
        "organization": null,
        "abstract": NaN,
        "conf": "International Conference on Pattern Recognition",
        "email": null,
        "coauthors": [
            "prima chairunnanda",
            "vivekanand gopalkrishnan"
        ],
        "keywords": "Edit Distance,",
        "title_embedding": [],
        "abstract_embedding": []
    },
    {
        "id": 2746,
        "label": 506,
        "title": "Two Novel Semantics of Top-k Queries Processing in Uncertain Database",
        "organization": null,
        "abstract": NaN,
        "conf": "Conference on Computer and Information Technology",
        "email": null,
        "coauthors": [
            "dexi liu",
            "changxuan wan",
            "naixue xiong",
            "laurence tianruo yang"
        ],
        "keywords": "top-k query processing,",
        "title_embedding": [],
        "abstract_embedding": []
    },
    {
        "id": 2747,
        "label": 506,
        "title": "Recent Advances in CFD Grid Application Platform",
        "organization": null,
        "abstract": NaN,
        "conf": "IEEE International Conference on Services Computing",
        "email": null,
        "coauthors": [
            "xinhua lin",
            "xi-li sun",
            "xinda lu",
            "qianni deng",
            "minglu li",
            "hong liu",
            "yang qi"
        ],
        "keywords": "Grid Applications,",
        "title_embedding": [],
        "abstract_embedding": []
    },
    {
        "id": 2748,
        "label": 506,
        "title": "On Efficient Content Matching in Distributed Pub/Sub Systems",
        "organization": null,
        "abstract": "AbstractThe efficiency of matching structures is the key issue for content publish/subscribe systems. In this paper, we propose an efficient matching tree structure, named COBASTREE ,f or a distributed environment. Particularly, we model a predicate in each subscription filter as an interval and published content value as a data point. The COBASTREE is designed to index all subscription intervals and",
        "conf": "IEEE INFOCOM",
        "email": null,
        "coauthors": [
            "weixiong rao",
            "ada wai-chee fu",
            "hanhua chen",
            "futai zou"
        ],
        "keywords": "Cost Model,Distributed Environment,High Efficiency,Indexation,Performance Evaluation,publish/subscribe system,Simulation Environment,Tree Structure,",
        "title_embedding": [],
        "abstract_embedding": []
    },
    {
        "id": 2749,
        "label": 506,
        "title": "Continuous answering holistic queries over sensor networks",
        "organization": null,
        "abstract": NaN,
        "conf": "International Parallel and Distributed Processing Symposium/International Parallel Processing Symposium",
        "email": null,
        "coauthors": [
            "kebin liu",
            "minglu li",
            "yunhao liu"
        ],
        "keywords": "Sensor Network,",
        "title_embedding": [],
        "abstract_embedding": []
    },
    {
        "id": 2750,
        "label": 506,
        "title": "SenCast: Scalable multicast in wireless sensor networks",
        "organization": null,
        "abstract": NaN,
        "conf": "International Parallel and Distributed Processing Symposium/International Parallel Processing Symposium",
        "email": null,
        "coauthors": [
            "shaoliang peng",
            "shanshan li",
            "nong xiao",
            "yuxing peng"
        ],
        "keywords": "Wireless Sensor Network,",
        "title_embedding": [],
        "abstract_embedding": []
    },
    {
        "id": 2751,
        "label": 506,
        "title": "Using Exact Locality Sensitive Mapping to Group and Detect Audio-Based Cover Songs",
        "organization": null,
        "abstract": NaN,
        "conf": "International Symposium on Multimedia",
        "email": null,
        "coauthors": [
            "yi yu",
            "j. stephen downie",
            "fabian morchen",
            "kazuki joe"
        ],
        "keywords": null,
        "title_embedding": [],
        "abstract_embedding": []
    },
    {
        "id": 2752,
        "label": 506,
        "title": "Efficient anomaly monitoring over moving object trajectory streams",
        "organization": null,
        "abstract": "Lately there exist increasing demands for online abnormality mon- itoring over trajectory streams, which are obtained from moving object tracking devices. This problem is challenging due to the re- quirement of high speed data processing within limited space cost. In this paper, we present a novel framework for monitoring anoma- lies over continuous trajectory streams. First, we illustrate the im-",
        "conf": "Knowledge Discovery and Data Mining",
        "email": null,
        "coauthors": [
            "yingyi bu",
            "ada wai-chee fu",
            "dawei liu"
        ],
        "keywords": "Data Processing,High Speed,Index Structure,Moving Object,Outlier Detection,Similarity Search,Temporal Data,",
        "title_embedding": [],
        "abstract_embedding": []
    },
    {
        "id": 2753,
        "label": 506,
        "title": "Symbolic representation and retrieval of moving object trajectories",
        "organization": null,
        "abstract": "Searching moving object trajectories of video databases has been applied to many fields, such as video data analysis, content-based video retrieval, video scene classification. In this paper, we propose a novel representation of trajectories, called movement pattern strings, which convert the trajectories into symbolic representations. Movement pattern strings encode both the movement direction and the movement distance information of the",
        "conf": "Multimedia Information Retrieval",
        "email": null,
        "coauthors": [
            "m. tamer ozsu",
            "vincent oria"
        ],
        "keywords": "Content Based Video Retrieval,Data Analysis,Edit Distance,Movement Pattern,Moving Object,Scene Classification,Symbolic Representation,Video Database,Lower Bound,",
        "title_embedding": [],
        "abstract_embedding": []
    },
    {
        "id": 2754,
        "label": 506,
        "title": "Searching musical audio datasets by a batch of multivariant tracks",
        "organization": null,
        "abstract": "Multi-variant music tracks are those audio tracks of a particular song which are sung and recorded by different people (i.e., cover songs). As music social clubs grow on the Internet, more and more people like to upload music recordings onto such music social sites to share their own home-produced albums and participate in Internet singing contests. Therefore it is very",
        "conf": "Multimedia Information Retrieval",
        "email": null,
        "coauthors": [
            "yi yu",
            "j. stephen downie",
            "vincent oria",
            "kazuki joe"
        ],
        "keywords": "Audio Retrieval,Indexation,K Nearest Neighbor,Locality Sensitive Hashing,Semantic Indexing,Similarity Search,",
        "title_embedding": [],
        "abstract_embedding": []
    },
    {
        "id": 2755,
        "label": 506,
        "title": "A MultiLevel Index Structure for Video Databases",
        "organization": null,
        "abstract": "Several salient object-based data models have been proposed to model the video data, however, none of them proposed an index structure to handle the salient object-based queries efciently . There are several indexing schemes that have been proposed for spatio-temporal relationships among objects and they are used to optimize timestamp and interval queries, which are rarely used in video database.",
        "conf": "Workshop on Multimedia Information Systems",
        "email": null,
        "coauthors": [
            "vincent oria",
            "m. tamer ozsu"
        ],
        "keywords": "Data Model,Index Structure,Indexation,Video Database,",
        "title_embedding": [],
        "abstract_embedding": []
    },
    {
        "id": 2756,
        "label": 506,
        "title": "Local summarization and multilevel LSH for retrieving multivariant audio tracks",
        "organization": null,
        "abstract": "In this paper we study the problem of detecting and group- ing multi-variant audio tracks in large audio datasets. To address this issue, a fast and reliable retrieval method is necessary. But reliability requires elaborate representations of audio content, which challenges fast retrieval by similar- ity from a large audio database. To flnd a better trade- ofi between retrieval quality",
        "conf": "ACM Multimedia Conference",
        "email": null,
        "coauthors": [
            "yi yu",
            "michel crucianu",
            "vincent oria"
        ],
        "keywords": "Experimental Evaluation,Locality Sensitive Hashing,",
        "title_embedding": [],
        "abstract_embedding": []
    },
    {
        "id": 2757,
        "label": 506,
        "title": "COSIN: content-based retrieval system for cover songs",
        "organization": null,
        "abstract": "We develop a content-based audio COver Song IdeNtification (COSIN) system to detect/group cover songs. The COSIN takes music audio content as input and performs similarity searching to locate variants of the input (i.e., cover versions). Identified cover songs are returned in the rank order according to their similarity to the input. The COSIN also incorporates a set of tools to",
        "conf": "ACM Multimedia Conference",
        "email": null,
        "coauthors": [
            "yi yu",
            "j. stephen downie",
            "fabian moerchen",
            "kazuki joe",
            "vincent oria"
        ],
        "keywords": "Approximate Matching,Audio Retrieval,Content Based Retrieval,Dynamic Program,Indexation,Music Retrieval,Similarity Search,",
        "title_embedding": [],
        "abstract_embedding": []
    },
    {
        "id": 2758,
        "label": 506,
        "title": "Modeling Video Data for Content Based Queries: Extending the DISIMA Image Data Model",
        "organization": null,
        "abstract": "We present an efficient video data model that extends the DISIMA image data model by add- ing the video components and setting up links between image and video data. Many video data models have been proposed, most of which describe video data independently of image data and therefore fail to consider the relationship between videos and images. Our proposed model",
        "conf": "Multimedia Modeling",
        "email": null,
        "coauthors": [
            "m. tamer ozsu",
            "vincent oria"
        ],
        "keywords": "Data Model,Query Language,",
        "title_embedding": [],
        "abstract_embedding": []
    },
    {
        "id": 2759,
        "label": 506,
        "title": "Flexible Routing in Grouped DHTs",
        "organization": null,
        "abstract": NaN,
        "conf": "Peer-to-Peer Computing",
        "email": null,
        "coauthors": [
            "yiming zhang",
            "dongsheng li",
            "xicheng lu"
        ],
        "keywords": null,
        "title_embedding": [],
        "abstract_embedding": []
    },
    {
        "id": 2760,
        "label": 506,
        "title": "Mining Frequent Trajectory Patterns for Activity Monitoring Using Radio Frequency Tag Arrays",
        "organization": null,
        "abstract": "Activity monitoring, a crucial task in many applications, is often conducted expensively using video cameras. Also, effectively monitoring a large field by analyzing images from multiple cameras remains a challenging problem. In this paper, we introduce a novel application of the recently developed RFID technology: using RF tag arrays for activity monitoring, where data mining techniques play a critical role.",
        "conf": "IEEE International Conference on Pervasive Computing and Communications",
        "email": null,
        "coauthors": [
            "yunhao liu",
            "jian pei",
            "qiuxia chen",
            "yiyang zhao"
        ],
        "keywords": "Data Mining,Empirical Study,Fault Tolerant,Radio Frequency,",
        "title_embedding": [],
        "abstract_embedding": []
    },
    {
        "id": 2761,
        "label": 506,
        "title": "Robust and fast similarity search for moving object trajectories",
        "organization": null,
        "abstract": "An important consideration in similarity-based retrieval of moving object trajectories is the definition of a distance function. The existing distance functions are usually sensitive to noise, shifts and scaling of data that commonly occur due to sensor failures, errors in detection techniques, disturbance signals, and different sampling rates. Cleaning data to eliminate these is not always possible. In this paper,",
        "conf": "International Conference on Management of Data",
        "email": null,
        "coauthors": [
            "m. tamer ozsu",
            "vincent oria"
        ],
        "keywords": "Distance Function,Dynamic Time Warping,Edit Distance,Euclidean Distance,Longest Common Subsequence,Moving Object,Similarity Search,",
        "title_embedding": [],
        "abstract_embedding": []
    },
    {
        "id": 2762,
        "label": 506,
        "title": "Monochromatic and bichromatic reverse skyline search over uncertain databases",
        "organization": null,
        "abstract": "Reverse skyline queries over uncertain databases have many im- portant applications such as sensor data monitoring and business planning. Due to the existence of uncertainty in many real-world data, answering reverse skyline queries accurately and efficiently over uncertain data has become increasingly important. In this pa- per, we model the probabilistic reverse skyline query on uncertain data, in both monochromatic",
        "conf": "International Conference on Management of Data",
        "email": null,
        "coauthors": [
            "xiang lian"
        ],
        "keywords": "Business Planning,Search Space,Uncertain Data,",
        "title_embedding": [],
        "abstract_embedding": []
    },
    {
        "id": 2763,
        "label": 506,
        "title": "Consistent query answers in inconsistent probabilistic databases",
        "organization": null,
        "abstract": "Efficient and effective manipulation of probabilistic data has become increasingly important recently due to many real applications that involve the data uncertainty. This is especially crucial when probabilistic data collected from different sources disagree with each other and incur inconsistencies. In order to accommodate such inconsistencies and enable consistent query answering (CQA), in this paper, we propose the all-possible-repair semantics",
        "conf": "International Conference on Management of Data",
        "email": null,
        "coauthors": [
            "xiang lian",
            "shaoxu song"
        ],
        "keywords": "Data Collection,Data Uncertainty,False Positive,Graph Representation,Possible Worlds,Probabilistic Database,Query Answering,Range Query,",
        "title_embedding": [],
        "abstract_embedding": []
    },
    {
        "id": 2764,
        "label": 506,
        "title": "Contour map matching for event detection in sensor networks",
        "organization": null,
        "abstract": "Many sensor network applications, such as object tracking and disaster monitoring, require effective techniques for event detection. In this paper, we propose a novel event detection mechanism based on matching the contour maps of in-network sensory data distribution. Our key observation is that events in sensor networks can be abstracted into spatio-temporal patterns of sensory data and that pattern matching",
        "conf": "International Conference on Management of Data",
        "email": null,
        "coauthors": [
            "wenwei xue",
            "qiong luo",
            "yunhao liu"
        ],
        "keywords": "Coal Mining,Data Distribution,Energy Efficient,Event Detection,Object Tracking,Pattern Matching,Sensor Network,Temporal Pattern,",
        "title_embedding": [],
        "abstract_embedding": []
    },
    {
        "id": 2765,
        "label": 506,
        "title": "Incorporating Audio Cues into Dialog and Action Scene Extraction",
        "organization": null,
        "abstract": "In this paper, we present an approach to extract scenes in video. The approach is top-down and uses video editing rules and audio cues to extract simple dialog and action scenes. The underlying model is a finite state machine coupled with audio cues that are determined using an audio classifier.",
        "conf": "Storage and Retrieval for Image and Video Databases",
        "email": null,
        "coauthors": [
            "shariq rizvi",
            "m. tamer ozsu"
        ],
        "keywords": "Audio Classification,Finite State Machine,Support Vector Machine,Video Editing,Top Down,",
        "title_embedding": [],
        "abstract_embedding": []
    },
    {
        "id": 2766,
        "label": 506,
        "title": "Using Multi-Scale Histograms to Answer Pattern Existence and Shape Match Queries",
        "organization": null,
        "abstract": NaN,
        "conf": "Statistical and Scientific Database Management",
        "email": null,
        "coauthors": [
            "m. tamer ozsu",
            "vincent oria"
        ],
        "keywords": "Shape Matching,",
        "title_embedding": [],
        "abstract_embedding": []
    },
    {
        "id": 2767,
        "label": 506,
        "title": "Efficient Methods on Predictions for Similarity Search over Stream Time Series",
        "organization": null,
        "abstract": "Due to the wide usage of stream time series, an efficient and effective similarity search over stream data becomes essential for many applications. Although many approaches have been proposed for searching through archived data, because of the unique characteristics of the stream, for example, data are frequently updated, traditional methods may not work for the stream time series. Especially, for",
        "conf": "Statistical and Scientific Database Management",
        "email": null,
        "coauthors": [
            "xiang lian"
        ],
        "keywords": "Batch Process,Indexation,Similarity Search,Time Series,",
        "title_embedding": [],
        "abstract_embedding": []
    },
    {
        "id": 2768,
        "label": 506,
        "title": "Indexable PLA for Efficient Similarity Search",
        "organization": null,
        "abstract": "Similarity-based search over time-series databases has been a hot research topic for a long history, which is widely used in many applications, including multimedia retrieval, data mining, web search and retrieval, and so on. However, due to high dimensionality (i.e. length) of the time series, the similarity search over directly indexed time series usually encounters a serious problem, known as",
        "conf": "Very Large Data Bases",
        "email": null,
        "coauthors": [
            "qiuxia chen",
            "xiang lian",
            "yunhao liu",
            "jeffrey xu yu"
        ],
        "keywords": "chebyshev polynomial,Data Mining,Dimensional Reduction,Distance Function,Euclidean Distance,High Dimensionality,Indexation,Multimedia Retrieval,piecewise linear approximation,Reduction Method,Similarity Search,Spectrum,Synthetic Data,Time Series,Web Search,adaptive piecewise constant approximation,Lower Bound,",
        "title_embedding": [],
        "abstract_embedding": []
    },
    {
        "id": 2769,
        "label": 506,
        "title": "On The Marriage of Lp-norms and Edit Distance",
        "organization": null,
        "abstract": "Existing studies on time series are based on two categories of distance functions. The first category consists of the Lp-norms. They are metric distance functions but cannot support local time shifting. The second category con- sists of distance functions which are capable of handling local time shifting but are non- metric. The first contribution of this paper is the proposal",
        "conf": "Very Large Data Bases",
        "email": null,
        "coauthors": [
            "raymond t. ng"
        ],
        "keywords": "Distance Function,Edit Distance,Indexation,Lp Norm,Time Series,Triangle Inequality,Lower Bound,Local Time,",
        "title_embedding": [],
        "abstract_embedding": []
    },
    {
        "id": 2770,
        "label": 506,
        "title": "Efficient multi-keyword search over p2p web",
        "organization": null,
        "abstract": "Current search mechanisms of DHT-based P2P systems can well handle a single keyword search problem. Other than single keyword search, multi-keyword search is quite popular and useful in many real applications. Simply using the solution for single keyword search will require distributed intersection/union operations in wide area networks, leading to unacceptable traffic cost. As it is well known that Bloom",
        "conf": "World Wide Web Conference Series",
        "email": null,
        "coauthors": [
            "hanhua chen",
            "hai jin",
            "jiliang wang",
            "yunhao liu",
            "lionel m. ni"
        ],
        "keywords": "Algorithm Design,Bloom Filter,Design Optimization,Keyword Search,P2P,P2p System,Query Logs,Search Engine,Test Collection,False Positive Rate,Wide Area Network,",
        "title_embedding": [],
        "abstract_embedding": []
    },
    {
        "id": 2771,
        "label": 506,
        "title": "Discovering Matching Dependencies",
        "organization": null,
        "abstract": "The concept of matching dependencies(MDs) is recently proposed for specifying matching rules for object identification. Si milar to the functional dependencies (with conditions), MDs can also be ap- plied to various data quality applications such as violatio n detec- tion. In this paper, we first formally define the statistical m easures to evaluate MDs in a given database instance. Then,",
        "conf": "Computing Research Repository",
        "email": null,
        "coauthors": [
            "shaoxu song"
        ],
        "keywords": "Data Quality,Experimental Evaluation,Functional Dependency,Greedy Algorithm,Object Identification,Satisfiability,",
        "title_embedding": [],
        "abstract_embedding": []
    },
    {
        "id": 2772,
        "label": 506,
        "title": "BBS: An Energy Efficient Localized Routing Scheme for Query Processing in Wireless Sensor Networks",
        "organization": null,
        "abstract": "A wireless sensor network (WSNET) can support various types of queries. The energy resource of sensors constrains the total number of query responses, called query capacity, received by the sink. There are four problems in the existing approaches for energy-efficient query processing in WSNETs: (i) the fact that sensors near the sink drain their energy much faster than distant sensors",
        "conf": "International Journal of Distributed Sensor Networks",
        "email": null,
        "coauthors": [
            "jie lian",
            "kshirasagar naik",
            "gordon b. agnew",
            "m. tamer ozsu"
        ],
        "keywords": "Energy Efficient,Query Processing,Routing Protocol,Simulation Study,Wireless Sensor Network,",
        "title_embedding": [],
        "abstract_embedding": []
    },
    {
        "id": 2773,
        "label": 506,
        "title": "Scalable Base-Station Model-Based Multicast in Wireless Sensor Networks",
        "organization": null,
        "abstract": NaN,
        "conf": "Journal of Computer Science and Technology",
        "email": null,
        "coauthors": [
            "shaoliang peng",
            "shanshan li",
            "yuxing peng",
            "nong xiao"
        ],
        "keywords": "Base Station,Wireless Sensor Network,",
        "title_embedding": [],
        "abstract_embedding": []
    },
    {
        "id": 2774,
        "label": 506,
        "title": "Continually Answering Constraint k - NN Queries in Unstructured P2P Systems",
        "organization": null,
        "abstract": "We consider the problem of e-ciently computing distributed geographical k-NN queries in an unstructured peer-to-peer (P2P) system, in which each peer is managed by an individual organization and can only communicate with its logical neighboring peers. Such queries are based on local fllter query statistics, and require as less communication cost as possible, which makes it more di-cult than the",
        "conf": "Journal of Computer Science and Technology",
        "email": null,
        "coauthors": [
            "bin wang",
            "xiaochun yang",
            "guoren wang",
            "ge yu",
            "xiaoyang sean wang",
            "xuemin lin"
        ],
        "keywords": "Communication Cost,Continuous Query,P2P,P2p System,Peer To Peer,Query Answering,Minimum Bounding Rectangle,",
        "title_embedding": [],
        "abstract_embedding": []
    },
    {
        "id": 2775,
        "label": 506,
        "title": "MINDEX: An efficient index structure for salient-object-based queries in video databases",
        "organization": null,
        "abstract": "The date of receipt and acceptance will be inserted by the editor Abstract Several salient object-based data models have been proposed to model video data. However, none of them address the development of an index structure to ecien tly handle salient object-based queries. There are several indexing schemes that have been proposed for spatio-temporal relationships among objects and they are",
        "conf": "Multimedia Systems",
        "email": null,
        "coauthors": [
            "m. tamer ozsu",
            "vincent oria"
        ],
        "keywords": "Data Model,Index Structure,Indexation,Video Database,",
        "title_embedding": [],
        "abstract_embedding": []
    },
    {
        "id": 2776,
        "label": 506,
        "title": "Robust and Efficient Aggregate Query Processing in Wireless Sensor Networks",
        "organization": null,
        "abstract": NaN,
        "conf": "Mobile Networks and Applications",
        "email": null,
        "coauthors": [
            "kebin liu",
            "yunhao liu",
            "minglu li"
        ],
        "keywords": "Query Processing,Wireless Sensor Network,",
        "title_embedding": [],
        "abstract_embedding": []
    },
    {
        "id": 2777,
        "label": 506,
        "title": "Privacy preserving serial data publishing by role composition",
        "organization": null,
        "abstract": "Previous works about privacy preserving serial data publishing on dynamic databases have relied on unrealistic assumptions of the nature of dynamic databases. In many applications, some sensi- tive values changes freely while others never change. For exam- ple, in medical applications, the disease attribute changes with time when patients recover from one disease and develop another dis- ease. However, patients",
        "conf": "Proceedings of The Vldb Endowment",
        "email": null,
        "coauthors": [
            "yingyi bu",
            "ada wai-chee fu",
            "raymond chi-wing wong",
            "jiuyong li"
        ],
        "keywords": "Medical Application,Privacy Preservation,",
        "title_embedding": [],
        "abstract_embedding": []
    },
    {
        "id": 2778,
        "label": 506,
        "title": "Sliding-window top-k queries on uncertain streams",
        "organization": null,
        "abstract": "Query processing on uncertain data streams has attracted a l ot of attentions lately, due to the imprecise nature in the data ge nerated from a variety of streaming applications, such as readings f rom a sensor network. However, all of the existing works on uncertain data streams study unbounded streams. This paper takes the fi rst step towards the",
        "conf": "The Vldb Journal",
        "email": null,
        "coauthors": [
            "cheqing jin",
            "ke yi",
            "jeffrey xu yu",
            "xuemin lin"
        ],
        "keywords": "Data Model,Data Stream,Possible Worlds,Query Processing,Sensor Network,Sliding Window,Uncertain Data,",
        "title_embedding": [],
        "abstract_embedding": []
    },
    {
        "id": 2779,
        "label": 506,
        "title": "Set Similarity Join on Probabilistic Data",
        "organization": null,
        "abstract": NaN,
        "conf": "Proceedings of The Vldb Endowment",
        "email": null,
        "coauthors": [
            "xiang lian"
        ],
        "keywords": "Similarity Join,",
        "title_embedding": [],
        "abstract_embedding": []
    },
    {
        "id": 2780,
        "label": 506,
        "title": "A Generic Framework for Handling Uncertain Data with Local Correlations",
        "organization": null,
        "abstract": NaN,
        "conf": "Proceedings of The Vldb Endowment",
        "email": null,
        "coauthors": [
            "xiang lian"
        ],
        "keywords": "Uncertain Data,",
        "title_embedding": [],
        "abstract_embedding": []
    },
    {
        "id": 2781,
        "label": 506,
        "title": "DistanceJoin: Pattern Match Query In a Large Graph Database",
        "organization": null,
        "abstract": "The growing popularity of graph databases has generated interesting data management problems, such as subgraph search, shortest-path query, reachability veriflcation, and pattern match. Among these, a pattern match query is more exible compared to a subgraph search and more informa- tive compared to a shortest-path or reachability query. In this paper, we address pattern match problems over a large data",
        "conf": "Proceedings of The Vldb Endowment",
        "email": null,
        "coauthors": [
            "lei zou",
            "m. tamer ozsu"
        ],
        "keywords": "Data Management,Graph Embedding,Large Data,Order Selection,Pattern Matching,Search Space,Vector Space,Shortest Path,",
        "title_embedding": [],
        "abstract_embedding": []
    },
    {
        "id": 2782,
        "label": 506,
        "title": "K-Automorphism: A General Framework For Privacy Preserving Network Publication",
        "organization": null,
        "abstract": "The growing popularity of social networks has generated interest- ing data management and data mining problems. An important concern in the release of these data for study is their privacy, since social networks usually contain personal information. Simply re- moving all identifiable personal information (such as names and social security number) before releasing the data is insufficient. It is easy",
        "conf": "Proceedings of The Vldb Endowment",
        "email": null,
        "coauthors": [
            "lei zou",
            "m. tamer ozsu"
        ],
        "keywords": "Data Management,Data Mining,Privacy Preservation,Social Network,Social Security,",
        "title_embedding": [],
        "abstract_embedding": []
    },
    {
        "id": 2783,
        "label": 506,
        "title": "Interactive high-dimensional index for large Chinese calligraphic character databases",
        "organization": null,
        "abstract": "The large numbers of Chinese calligraphic scripts in existence are valuable part of the Chinese cultural heritage. However, due to the shape complexity of these characters, it is hard to employ existing techniques to effectively retrieve and efficiently index them. In this article, using a novel shape-similarity- based retrieval method in which shapes of calligraphic characters are represented by their",
        "conf": "ACM Transactions on Asian Language Information Processing",
        "email": null,
        "coauthors": [
            "yi zhuang",
            "yueting zhuang",
            "qing li"
        ],
        "keywords": "Cultural Heritage,High Dimensionality,Indexation,Relevance Feedback,Shape Similarity,",
        "title_embedding": [],
        "abstract_embedding": []
    },
    {
        "id": 2784,
        "label": 506,
        "title": "Efficient Similarity Search in Nonmetric Spaces with Local Constant Embedding",
        "organization": null,
        "abstract": NaN,
        "conf": "IEEE Transactions on Knowledge and Data Engineering",
        "email": null,
        "coauthors": [
            "xiang lian"
        ],
        "keywords": "Similarity Search,",
        "title_embedding": [],
        "abstract_embedding": []
    },
    {
        "id": 2785,
        "label": 506,
        "title": "Efficient Processing of Metric Skyline Queries",
        "organization": null,
        "abstract": NaN,
        "conf": "IEEE Transactions on Knowledge and Data Engineering",
        "email": null,
        "coauthors": [
            "xiang lian"
        ],
        "keywords": null,
        "title_embedding": [],
        "abstract_embedding": []
    },
    {
        "id": 2786,
        "label": 506,
        "title": "Continuous Subgraph Pattern Search over Certain and Uncertain Graph Streams",
        "organization": null,
        "abstract": NaN,
        "conf": "IEEE Transactions on Knowledge and Data Engineering",
        "email": null,
        "coauthors": [
            "changliang wang"
        ],
        "keywords": "Pattern Search,",
        "title_embedding": [],
        "abstract_embedding": []
    },
    {
        "id": 2787,
        "label": 506,
        "title": "Efficient Similarity Search over Future Stream Time Series",
        "organization": null,
        "abstract": "With the advance of hardware and communication technologies, stream time series is gaining ever-increasing attention due to its importance in many applications such as financial data processing, network monitoring, Web click-stream analysis, sensor data mining, and anomaly detection. For all of these applications, an efficient and effective similarity search over stream data is essential. Because of the unique characteristics of",
        "conf": "IEEE Transactions on Knowledge and Data Engineering",
        "email": null,
        "coauthors": [
            "xiang lian"
        ],
        "keywords": "Anomaly Detection,Batch Process,Communication Technology,Data Mining,Discrete Fourier Transform,Financial Data,Indexation,Similarity Search,Time Series,Process Network,Real Time,",
        "title_embedding": [],
        "abstract_embedding": []
    },
    {
        "id": 2788,
        "label": 506,
        "title": "Probabilistic Group Nearest Neighbor Queries in Uncertain Databases",
        "organization": null,
        "abstract": NaN,
        "conf": "IEEE Transactions on Knowledge and Data Engineering",
        "email": null,
        "coauthors": [
            "xiang lian"
        ],
        "keywords": "Nearest Neighbor Queries,",
        "title_embedding": [],
        "abstract_embedding": []
    },
    {
        "id": 2789,
        "label": 506,
        "title": "General Cost Models for Evaluating Dimensionality Reduction in High-Dimensional Spaces",
        "organization": null,
        "abstract": NaN,
        "conf": "IEEE Transactions on Knowledge and Data Engineering",
        "email": null,
        "coauthors": [
            "xiang lian"
        ],
        "keywords": "Cost Model,Dimensional Reduction,High Dimensionality,",
        "title_embedding": [],
        "abstract_embedding": []
    },
    {
        "id": 2790,
        "label": 506,
        "title": "Efficient Similarity Join over Multiple Stream Time Series",
        "organization": null,
        "abstract": NaN,
        "conf": "IEEE Transactions on Knowledge and Data Engineering",
        "email": null,
        "coauthors": [
            "xiang lian"
        ],
        "keywords": "Similarity Join,Time Series,",
        "title_embedding": [],
        "abstract_embedding": []
    },
    {
        "id": 2791,
        "label": 506,
        "title": "Ranked Query Processing in Uncertain Databases",
        "organization": null,
        "abstract": NaN,
        "conf": "IEEE Transactions on Knowledge and Data Engineering",
        "email": null,
        "coauthors": [
            "xiang lian"
        ],
        "keywords": "Query Processing,",
        "title_embedding": [],
        "abstract_embedding": []
    },
    {
        "id": 2792,
        "label": 506,
        "title": "Multiscale Representations for Fast Pattern Matching in Stream Time Series",
        "organization": null,
        "abstract": NaN,
        "conf": "IEEE Transactions on Knowledge and Data Engineering",
        "email": null,
        "coauthors": [
            "xiang lian",
            "jeffrey xu yu",
            "jinsong han",
            "jian ma"
        ],
        "keywords": "Multiscale Representation,Pattern Matching,Time Series,",
        "title_embedding": [],
        "abstract_embedding": []
    },
    {
        "id": 2793,
        "label": 506,
        "title": "Nonthreshold-Based Event Detection for 3D Environment Monitoring in Sensor Networks",
        "organization": null,
        "abstract": NaN,
        "conf": "IEEE Transactions on Knowledge and Data Engineering",
        "email": null,
        "coauthors": [
            "mo li",
            "yunhao liu"
        ],
        "keywords": "3d environment,Event Detection,Sensor Network,",
        "title_embedding": [],
        "abstract_embedding": []
    },
    {
        "id": 2794,
        "label": 506,
        "title": "Maximal Subspace Coregulated Gene Clustering",
        "organization": null,
        "abstract": "Clustering is a popular technique for analyzing microarray data sets, with n genes and m experimental conditions. As explored by biologists, there is a real need to identify coregulated gene clusters, which include both positive and negative regulated gene clusters. The existing pattern-based and tendency-based clustering approaches cannot directly be applied to find such coregulated gene clusters, because they are",
        "conf": "IEEE Transactions on Knowledge and Data Engineering",
        "email": null,
        "coauthors": [
            "yuhai zhao",
            "jeffrey xu yu",
            "guoren wang",
            "bin wang",
            "ge yu"
        ],
        "keywords": "Experimental Study,Gene Cluster,Microarray Data,",
        "title_embedding": [],
        "abstract_embedding": []
    },
    {
        "id": 2795,
        "label": 506,
        "title": "Adaptive Subspace Symbolization for Content-Based Video Detection",
        "organization": null,
        "abstract": NaN,
        "conf": "IEEE Transactions on Knowledge and Data Engineering",
        "email": null,
        "coauthors": [
            "xiangmin zhou",
            "xiaofang zhou",
            "yanfeng shu",
            "athman bouguettaya",
            "john a. taylor"
        ],
        "keywords": null,
        "title_embedding": [],
        "abstract_embedding": []
    },
    {
        "id": 2796,
        "label": 506,
        "title": "Reverse skyline search in uncertain databases",
        "organization": null,
        "abstract": "Reverse skyline queries over uncertain databases have many important applications such as sensor data monitoring and business planning. Due to the wide existence of uncertainty in many real-world data, answering reverse skyline queries accurately and efficiently over uncertain data has become increasingly important. In this article, we formalize the probabilistic reverse skyline query over uncertain data, in both monochromatic and",
        "conf": "ACM Transactions on Database Systems",
        "email": null,
        "coauthors": [
            "xiang lian"
        ],
        "keywords": "Business Planning,Query Processing,Search Space,Uncertain Data,",
        "title_embedding": [],
        "abstract_embedding": []
    },
    {
        "id": 2797,
        "label": 506,
        "title": "Virtual surrounding face geocasting in wireless ad hoc and sensor networks",
        "organization": null,
        "abstract": NaN,
        "conf": "IEEE/ACM Transactions on Networking",
        "email": null,
        "coauthors": [
            "jie lian",
            "yunhao liu",
            "kshirasagar naik"
        ],
        "keywords": "Sensor Network,",
        "title_embedding": [],
        "abstract_embedding": []
    },
    {
        "id": 2798,
        "label": 506,
        "title": "Gradient Boundary Detection for Time Series Snapshot Construction in Sensor Networks",
        "organization": null,
        "abstract": "In many applications of sensor networks, the sink needs to keep track of the history of sensed data of a monitored region for scientific analysis or supporting historical queries. We call these historical data as a time series of value distributions, or snapshots. Obviously, to build the time series snapshots by requiring all the sensors to transmit their data to",
        "conf": "IEEE Transactions on Parallel and Distributed Systems",
        "email": null,
        "coauthors": [
            "jie lian",
            "kshirasagar naik",
            "yunhao liu",
            "gordon b. agnew"
        ],
        "keywords": "Boundary Detection,Energy Consumption,Energy Efficient,Energy Saving,Historical Data,Indexing Terms,Planar Graph,Query Processing,Sensor Network,Time Series,Wireless Sensor Network,",
        "title_embedding": [],
        "abstract_embedding": []
    },
    {
        "id": 2799,
        "label": 506,
        "title": "Optimal Resource Placement in Structured Peer-to-Peer Networks",
        "organization": null,
        "abstract": NaN,
        "conf": "IEEE Transactions on Parallel and Distributed Systems",
        "email": null,
        "coauthors": [
            "weixiong rao",
            "ada wai-chee fu",
            "guoren wang"
        ],
        "keywords": "Peer-to-peer Network,",
        "title_embedding": [],
        "abstract_embedding": []
    },
    {
        "id": 2800,
        "label": 506,
        "title": "Efficient processing of probabilistic reverse nearest neighbor queries over uncertain data",
        "organization": null,
        "abstract": NaN,
        "conf": "The Vldb Journal",
        "email": null,
        "coauthors": [
            "xiang lian"
        ],
        "keywords": "Uncertain Data,Reverse Nearest Neighbor,",
        "title_embedding": [],
        "abstract_embedding": []
    },
    {
        "id": 2801,
        "label": 506,
        "title": "Curse of Dimensionality",
        "organization": null,
        "abstract": NaN,
        "conf": NaN,
        "email": null,
        "coauthors": [],
        "keywords": "Curse of Dimensionality,",
        "title_embedding": [],
        "abstract_embedding": []
    },
    {
        "id": 2802,
        "label": 506,
        "title": "Two-Dimensional Shape Retrieval",
        "organization": null,
        "abstract": NaN,
        "conf": NaN,
        "email": null,
        "coauthors": [],
        "keywords": "Shape Retrieval,",
        "title_embedding": [],
        "abstract_embedding": []
    },
    {
        "id": 2803,
        "label": 506,
        "title": "Video Content Modeling",
        "organization": null,
        "abstract": NaN,
        "conf": NaN,
        "email": null,
        "coauthors": [],
        "keywords": null,
        "title_embedding": [],
        "abstract_embedding": []
    },
    {
        "id": 2804,
        "label": 507,
        "title": "Learning from Aggregate Views",
        "organization": null,
        "abstract": "In this paper, we introduce a new class of data mining problems called learning from aggregate views. In contrast to the traditional problem of learning from a single table of training examples, the new goal is to learn from multiple aggregate views of the underlying data, without access to the un-aggregated data. We motivate this new problem, present a general",
        "conf": "International Conference on Data Engineering",
        "email": null,
        "coauthors": [
            "bee-chung chen",
            "raghu ramakrishnan",
            "david r. musicant"
        ],
        "keywords": "Data Mining,Learning Methods,",
        "title_embedding": [],
        "abstract_embedding": []
    },
    {
        "id": 2805,
        "label": 507,
        "title": "Parallel Evaluation of Composite Aggregate Queries",
        "organization": null,
        "abstract": "Aggregate measures summarizing subsets of data are valuable in exploratory analysis and decision support, espe- cially when dependent aggregations can be easily specified and computed. A novel class of queries, called composite subset mea- sures, was previously introduced to allow correlated aggregate queries to be easily expressed. This paper considers how to evaluate composite subset mea- sure queries using a",
        "conf": "International Conference on Data Engineering",
        "email": null,
        "coauthors": [
            "christopher olston",
            "raghu ramakrishnan"
        ],
        "keywords": "Distributed System,Exploratory Analysis,Grouped Data,Optimal Algorithm,Sliding Window,Decision Support,",
        "title_embedding": [],
        "abstract_embedding": []
    },
    {
        "id": 2806,
        "label": 507,
        "title": "Mass Spectrum Labeling: Theory and Practice",
        "organization": null,
        "abstract": "In recent years, a number of instruments have been developed for continuous, real-time monitoring of the environment. Aerosol mass spectrometers can analyze several hundred atmospheric aerosol particles per minute and generate a plot of mass-to-charge versus intensity (a mass spectrum) for each particle. The mass spectrum could be used to identify the compounds present in the particle in real- time,",
        "conf": "IEEE International Conference on Data Mining",
        "email": null,
        "coauthors": [
            "zheng huang",
            "jin-yi cai",
            "deborah s. gross",
            "david r. musicant",
            "raghu ramakrishnan",
            "james j. schauer",
            "stephen j. wright"
        ],
        "keywords": "Atmospheric Aerosols,Data Mining,Experimental Evaluation,Machine Learning,Real-time Monitoring,Spectrum,Theory and Practice,Aerosol Mass Spectrometer,Real Time,",
        "title_embedding": [],
        "abstract_embedding": []
    },
    {
        "id": 2807,
        "label": 507,
        "title": "Cost-based labeling of groups of mass spectra",
        "organization": null,
        "abstract": "We make two main contributions in this paper. First, we motivate and introduce a novel class of data mining problems that arise in labeling a group of mass spectra, specifically for analysis of atmospheric aerosols, but with natural applications to market-basket datasets. This builds upon other recent work in which we introduced the problem of labeling a single spectrum, and",
        "conf": "International Conference on Management of Data",
        "email": null,
        "coauthors": [
            "zheng huang",
            "raghu ramakrishnan"
        ],
        "keywords": "Atmospheric Aerosols,Data Mining,Query Optimization,Spectrum,Linear Program,Mass Spectra,Time of Flight,",
        "title_embedding": [],
        "abstract_embedding": []
    },
    {
        "id": 2808,
        "label": 507,
        "title": "Composite Subset Measures",
        "organization": null,
        "abstract": "Measures are numeric summaries of a collection of data records produced by applying aggregation functions. Summarizing a col- lection of subsets of a large dataset, by computing a measure for each subset in the (typically, user-specified) collection is a funda- mental problem. The multidimensional data model, which treats records as points in a space defined by dimension attributes, offers a",
        "conf": "Very Large Data Bases",
        "email": null,
        "coauthors": [
            "raghu ramakrishnan",
            "paul barford",
            "bee-chung chen",
            "vinod yegneswaran"
        ],
        "keywords": "Aggregation Function,Evaluation Framework,large dataset,Multidimensional Data,Performance Evaluation,",
        "title_embedding": [],
        "abstract_embedding": []
    },
    {
        "id": 2809,
        "label": 507,
        "title": "Prediction Cubes",
        "organization": null,
        "abstract": NaN,
        "conf": "Very Large Data Bases",
        "email": null,
        "coauthors": [
            "bee-chung chen",
            "yanping lin",
            "raghu ramakrishnan"
        ],
        "keywords": null,
        "title_embedding": [],
        "abstract_embedding": []
    },
    {
        "id": 2810,
        "label": 507,
        "title": "Environmental chemistry through intelligent atmospheric data analysis",
        "organization": null,
        "abstract": NaN,
        "conf": "Environmental Modelling and Software",
        "email": null,
        "coauthors": [
            "deborah s. gross",
            "robert atlas",
            "jeffrey rzeszotarski",
            "emma turetsky",
            "janara m. christensen",
            "sami benzaid",
            "jamie f. olson",
            "thomas g. smith",
            "leah e. steinberg",
            "jon sulman",
            "anna m. ritz",
            "benjamin j. anderson",
            "catherine nelson",
            "david r. musicant",
            "david c. snyder",
            "james j. schauer"
        ],
        "keywords": "Data Analysis,Environmental Chemistry,",
        "title_embedding": [],
        "abstract_embedding": []
    },
    {
        "id": 2811,
        "label": 507,
        "title": "The EDAM project: Mining atmospheric aerosol datasets",
        "organization": null,
        "abstract": NaN,
        "conf": "International Journal of Intelligent Systems",
        "email": null,
        "coauthors": [
            "raghu ramakrishnan",
            "james j. schauer",
            "zheng huang",
            "martin m. shafer",
            "deborah s. gross",
            "david r. musicant"
        ],
        "keywords": "Atmospheric Aerosols,",
        "title_embedding": [],
        "abstract_embedding": []
    },
    {
        "id": 2812,
        "label": 508,
        "title": "Audio and Vision-Based Evaluation of Parkinson's Disease from Discourse Video",
        "organization": null,
        "abstract": "Parkinson's disease (PD) belongs to a class of neurodegen- erative diseases that affect both the patient's speech and motor capabilities. To date, PD diagnosis and the determi- nation of disease progress and treatment efficacy is based entirely on the subjective observation of a trained physi- cian. We present the results of a pilot study of two Id- iopathic PD patients",
        "conf": "IEEE International Conference on Bioinformatics and Bioengineering",
        "email": null,
        "coauthors": [
            "francis k. h. quek",
            "robert k. bryll",
            "mary p. harper",
            "lorraine ramig"
        ],
        "keywords": "Disease Progression,parkinson's disease,Pilot Study,Treatment Efficacy,",
        "title_embedding": [],
        "abstract_embedding": []
    },
    {
        "id": 2813,
        "label": 508,
        "title": "Using maximum entropy (ME) model to incorporate gesture cues for SU detection",
        "organization": null,
        "abstract": "Accurate identification of sentence units (SUs) in sponta- neous speech has been found to improve the accuracy of speech recognition, as well as downstream applications such as parsing. In recent multimodal investigations, gestur)al features were utilized, in addition to lexical and prosodic cues from the speech channel, for detecting SUs in conversa- tional interactions using a hidden Markov model (HMM)",
        "conf": "Int. Conf. on Multimodal Interfaces",
        "email": null,
        "coauthors": [
            "mary p. harper",
            "zhongqiang huang"
        ],
        "keywords": "Boundary Detection,Classification Error,Language Model,Maximum Entropy,multimodal fusion,multimodal integration,Posterior Probability,Speech Recognition,Hidden Markov Model,",
        "title_embedding": [],
        "abstract_embedding": []
    },
    {
        "id": 2814,
        "label": 508,
        "title": "Multimodal floor control shift detection",
        "organization": null,
        "abstract": "Floor control is a scheme used by people to organize speak- ing turns in multi-party conversations. Identifying the floor control shifts is important for understanding a conversa- tion's structure and would be helpful for more natural hu- man computer interaction systems. Although people tend to use verbal and nonverbal cues for managing floor control shifts, only audio cues, e.g., lexical",
        "conf": "Int. Conf. on Multimodal Interfaces",
        "email": null,
        "coauthors": [
            "mary p. harper"
        ],
        "keywords": "Automatic Detection,Interactive System,Language Model,multimodal fusion,Nonverbal Communication,Statistical Model,",
        "title_embedding": [],
        "abstract_embedding": []
    },
    {
        "id": 2815,
        "label": 508,
        "title": "Gesture Patterns during Speech Repairs",
        "organization": null,
        "abstract": "Speech and gesture are two primary modes used in nat- ural human communication; hence, they are important in- puts for a multimodalinterface to process. One of the chal- lenges for multimodal interfaces is to accurately recognize the words in spontaneous speech. This is partly due to the presence of speech repairs, which seriously degrade the ac- curacy of current speech",
        "conf": "Int. Conf. on Multimodal Interfaces",
        "email": null,
        "coauthors": [
            "mary p. harper",
            "francis k. h. quek"
        ],
        "keywords": "Data Extraction,multimodal interface,Speech Recognition,Spontaneous Speech,",
        "title_embedding": [],
        "abstract_embedding": []
    },
    {
        "id": 2816,
        "label": 508,
        "title": "A Multimodal Analysis of Floor Control in Meetings",
        "organization": null,
        "abstract": "The participant in a human-to-human communication who controls the floor bears the burden of moving the communication process along. Change in control of the floor can happen through a number of mechanisms, including interruptions, delegation of the floor, and so on. This paper investigates floor control in multiparty meetings that are both audio and video taped; hence, we analyze patterns",
        "conf": "Machine Learning for Multimodal Interaction",
        "email": null,
        "coauthors": [
            "mary p. harper",
            "amy franklin",
            "r. travis rose",
            "irene kimbara",
            "zhongqiang huang",
            "francis k. h. quek"
        ],
        "keywords": "Discourse Marker,Eye Gaze,Information Retrieval,Visual Cues,",
        "title_embedding": [],
        "abstract_embedding": []
    },
    {
        "id": 2817,
        "label": 508,
        "title": "VACE Multimodal Meeting Corpus",
        "organization": null,
        "abstract": "In this paper, we report on the infrastructure we have de- veloped to support our research on multimodal cues for understanding meetings. With our focus on multimodality, we investigate the interaction among speech, gesture, posture, and gaze in meetings. For this purpose, a high quality multimodal corpus is being produced.",
        "conf": "Machine Learning for Multimodal Interaction",
        "email": null,
        "coauthors": [
            "r. travis rose",
            "ying qiao",
            "irene kimbara",
            "fey parrill",
            "haleema welji",
            "tony x. han",
            "jilin tu",
            "zhongqiang huang",
            "mary p. harper",
            "francis k. h. quek",
            "yingen xiong",
            "david mcneill",
            "ronald tuttle",
            "thomas s. huang"
        ],
        "keywords": null,
        "title_embedding": [],
        "abstract_embedding": []
    },
    {
        "id": 2818,
        "label": 509,
        "title": "A Dependable Communication Network for e-Textiles",
        "organization": null,
        "abstract": NaN,
        "conf": "International Conference on Computational Science",
        "email": null,
        "coauthors": [
            "nenggan zheng",
            "zhaohui wu",
            "yanmiao zhou",
            "qijia wang"
        ],
        "keywords": "Community Networks,",
        "title_embedding": [],
        "abstract_embedding": []
    },
    {
        "id": 2819,
        "label": 509,
        "title": "The E-Textile Token Grid Network with Dual Rings",
        "organization": null,
        "abstract": NaN,
        "conf": "Computational Science and Its Applications",
        "email": null,
        "coauthors": [
            "nenggan zheng",
            "zhaohui wu",
            "yanmiao zhou"
        ],
        "keywords": null,
        "title_embedding": [],
        "abstract_embedding": []
    },
    {
        "id": 2820,
        "label": 510,
        "title": "Auction-Based Congestion Management for Target Tracking in Wireless Sensor Networks",
        "organization": null,
        "abstract": "In this paper, we advocate the use of a distributed auction-based approach to locally manage network bandwidth allocation in the described context. We use the Second Price Auction mechanism (to ensure incentive compatibility) in which the congested node acts as the auctioneer and the packets carrying target updates act as bidders. Their bid values are defined by the loss of",
        "conf": "IEEE International Conference on Pervasive Computing and Communications",
        "email": null,
        "coauthors": [
            "boleslaw k. szymanski",
            "joel w. branch"
        ],
        "keywords": "Bandwidth Allocation,Congestion Management,Incentive Compatibility,Second Price Auction,Target Tracking,Quality of Information,Wireless Sensor Network,",
        "title_embedding": [],
        "abstract_embedding": []
    }
]