[
    {
        "id": 3098,
        "label": 526,
        "title": "A novel technique to improve noise immunity of CMOS dynamic logic circuits",
        "organization": null,
        "abstract": "Dynamic CMOS logic circuits are widely employed in high performance VLSI chips in pursuing very high system performance. However, dynamic circuits are inherently less resistant to noises than static CMOS gates. With the increasing stringent noise requirement due to aggressive technology scaling, the noise tolerance of dynamic circuits has to be first improved for the overall reliable operation of VLSI",
        "conf": "Design Automation Conference",
        "email": null,
        "coauthors": [
            "pinaki mazumder"
        ],
        "keywords": "Design Technique,Digital Integrated Circuits,Dynamic Logic,High Performance,Logic Gate,Negative Differential Resistance,System Performance,Technology Scaling,",
        "title_embedding": [],
        "abstract_embedding": []
    },
    {
        "id": 3099,
        "label": 526,
        "title": "Worst-case aggressor-victim alignment with current-source driver models",
        "organization": null,
        "abstract": "Crosstalk delay-noise which occurs due to the simultaneous transitions of victim and aggressor drivers is very sensitive to their mutual alignment. Hence, during static noise analysis, it is crucial to identify the worst-case victim-aggressor alignment which results in the maximum delay-noise. Although several approaches have been proposed to obtain the worst-case aggressor alignment, most of them compute only the worst-case",
        "conf": "Design Automation Conference",
        "email": null,
        "coauthors": [
            "ravikishore gandikota",
            "peivand tehrani",
            "david blaauw"
        ],
        "keywords": "cumulant,Noise Analysis,",
        "title_embedding": [],
        "abstract_embedding": []
    },
    {
        "id": 3100,
        "label": 526,
        "title": "Optimal Transistor Tapering for High-Speed CMOS Circuits",
        "organization": null,
        "abstract": "Transistor tapering is a widely used technique appliedto optimize the geometries of CMOS transistors in high-performancecircuit design with a view to minimizing thedelay of a FET network. Currently, in a long series-connectedFET chain, the dimensions of the transistors aredecreased from bottom transistor to the top transistor in amanner where the width of transistors is tapered linearlyor exponentially. However, it has",
        "conf": "Design, Automation, and Test in Europe",
        "email": null,
        "coauthors": [
            "pinaki mazumder"
        ],
        "keywords": "High Speed,Variational Calculus,",
        "title_embedding": [],
        "abstract_embedding": []
    },
    {
        "id": 3101,
        "label": 526,
        "title": "Accurate Estimating Simultaneous Switching Noises by Using Application Specific Device Modeling",
        "organization": null,
        "abstract": "In this paper, we study the simultaneous switching noiseproblem by using an application-specific modeling method.A simple yet accurate MOSFET model is proposed in orderto derive closed-form formulas for simultaneous switchingnoise voltage waveforms. We first derive a simple formulaassuming that the inductances are the only parasitics. Andthrough HSPICE simulation, we show that the new formulais more accurate than previous results based",
        "conf": "Design, Automation, and Test in Europe",
        "email": null,
        "coauthors": [
            "pinaki mazumder"
        ],
        "keywords": "Device Modeling,Simultaneous Switching Noise,",
        "title_embedding": [],
        "abstract_embedding": []
    },
    {
        "id": 3102,
        "label": 526,
        "title": "Modeling Noise Transfer Characteristic of Dynamic Logic Gates",
        "organization": null,
        "abstract": "Dynamic noise analysis is recently gaining more attention as a definitive method to overcome glaring deficiencies of static noise analysis. Exact dynamic noise analysis requires modeling of both injected noise and propagated noise. In this paper, we have developed a strategy to study the noise propagation problem. An efficient analytical formula has been derived to accurately model the noise waveform",
        "conf": "Design, Automation, and Test in Europe",
        "email": null,
        "coauthors": [
            "pinaki mazumder"
        ],
        "keywords": "Dynamic Logic,Logic Gate,Noise Analysis,",
        "title_embedding": [],
        "abstract_embedding": []
    },
    {
        "id": 3103,
        "label": 526,
        "title": "Efficient crosstalk noise modeling using aggressor and tree reductions",
        "organization": null,
        "abstract": "This paper describes a fast method to estimate crosstalk noise in the presence of multiple aggressor nets for use in physical design automation tools. Since noise estimation is often part of the innerloop of optimization algorithms, very efficient closed-form solutions are needed. Previous approaches have typically used simple lumped 3--4 node circuit templates. One aggressor net is modeled at a",
        "conf": "International Conference on Computer Aided Design",
        "email": null,
        "coauthors": [
            "david blaauw",
            "pinaki mazumder"
        ],
        "keywords": "Closed Form Solution,Crosstalk Noise,High Performance,Noise Estimation,Optimal Algorithm,Physical Design,Reduction Method,",
        "title_embedding": [],
        "abstract_embedding": []
    },
    {
        "id": 3104,
        "label": 526,
        "title": "A dual-rail static edge-triggered latch",
        "organization": null,
        "abstract": NaN,
        "conf": "IEEE International Symposium on Circuits and Systems",
        "email": null,
        "coauthors": [
            "pinaki mazumder",
            "n. srinivas"
        ],
        "keywords": null,
        "title_embedding": [],
        "abstract_embedding": []
    },
    {
        "id": 3105,
        "label": 526,
        "title": "Modified long channel model for analytical study of DSM circuits",
        "organization": null,
        "abstract": NaN,
        "conf": "IEEE International Symposium on Circuits and Systems",
        "email": null,
        "coauthors": [
            "pinaki mazumder"
        ],
        "keywords": "Channel Model,",
        "title_embedding": [],
        "abstract_embedding": []
    },
    {
        "id": 3106,
        "label": 526,
        "title": "Crosstalk noise estimation using effective coupling capacitance",
        "organization": null,
        "abstract": NaN,
        "conf": "IEEE International Symposium on Circuits and Systems",
        "email": null,
        "coauthors": [
            "pinaki mazumder",
            "david blaauw"
        ],
        "keywords": "Crosstalk Noise,",
        "title_embedding": [],
        "abstract_embedding": []
    },
    {
        "id": 3107,
        "label": 526,
        "title": "Novel macromodeling for on-chip RC/RLC interconnects",
        "organization": null,
        "abstract": "The improved T and improved models are proposed for on-chip interconnect macromodeling. Using global approx- imations, simple approximation frames are derived and ap- plied to modeling of on-chip distributed RC/RLC intercon- nects. The applications lead to equivalent circuits, which are represented by the improved T and improved models. The new models for distributed RC/RLC interconnects are inde- pendent of CMOS",
        "conf": "IEEE International Symposium on Circuits and Systems",
        "email": null,
        "coauthors": [
            "qinwei xu",
            "pinaki mazumder"
        ],
        "keywords": "Equivalent Circuit,Numerical Experiment,",
        "title_embedding": [],
        "abstract_embedding": []
    },
    {
        "id": 3108,
        "label": 526,
        "title": "Performance modeling of resonant tunneling based RAMs",
        "organization": null,
        "abstract": NaN,
        "conf": "IEEE International Symposium on Circuits and Systems",
        "email": null,
        "coauthors": [
            "hui zhang",
            "pinaki mazumder",
            "kyounghoon yang"
        ],
        "keywords": "Performance Model,Resonant Tunneling,",
        "title_embedding": [],
        "abstract_embedding": []
    },
    {
        "id": 3109,
        "label": 526,
        "title": "Fast Sequential Cell Noise Immunity Characterization Using Metastable Point of Feedback Loop",
        "organization": null,
        "abstract": "Noise glitches can cause functional errors or failures if they are latched into sequential cells. Thus it is very important to determine or characterize noise failure criteria of sequential cells. However, characterizing noise failure criteria of sequential cells is very computationally expensive because it often requires multiple transient simulations with different clock waveform shapes and alignments, known as clock sweeping.",
        "conf": "International Symposium on Quality Electronic Design",
        "email": null,
        "coauthors": [
            "oh nahmsuk",
            "alireza kasnavi"
        ],
        "keywords": "Feedback Loop,",
        "title_embedding": [],
        "abstract_embedding": []
    },
    {
        "id": 3110,
        "label": 526,
        "title": "TBNM - Transistor-Level Boundary Model for Fast Gate-Level Noise Analysis of Macro Blocks",
        "organization": null,
        "abstract": "A voltage and current-accurate boundary model is presented for custom and hard macro blocks. For a given hierarchical transistor-level netlist of a digital macro block we identify a small but sufficient subset of transistors that form a boundary netlist for performing fast noise analysis. The model contains layers of the original transistors and parasitics around the block boundary. Therefore it",
        "conf": "International Symposium on Quality Electronic Design",
        "email": null,
        "coauthors": [
            "jindrich zejda"
        ],
        "keywords": "Noise Analysis,Macro Block,On The Fly,",
        "title_embedding": [],
        "abstract_embedding": []
    },
    {
        "id": 3111,
        "label": 526,
        "title": "The Impact of Bit-Line Coupling and Ground Bounce on CMOS SRAM Performance",
        "organization": null,
        "abstract": NaN,
        "conf": "VLSI Design",
        "email": null,
        "coauthors": [
            "pinaki mazumder"
        ],
        "keywords": null,
        "title_embedding": [],
        "abstract_embedding": []
    },
    {
        "id": 3112,
        "label": 526,
        "title": "Dynamic Noise Margin: Definitions and Model",
        "organization": null,
        "abstract": "Dynamic noise analysis is greatly needed in place of tra- ditional static noise analysis due to the ever increasingly stringent design requirement for VLSI chips based on very deep submicron process technology. In this paper, we pro- pose complete and self-consistent dynamic noise margin definitions to reduce the pessimism of conventional static noise margin based noise analysis. A simple and",
        "conf": "VLSI Design",
        "email": null,
        "coauthors": [
            "pinaki mazumder"
        ],
        "keywords": "Figure of Merit,Marginal Models,Noise Analysis,Self Consistent,Static Noise Margin,",
        "title_embedding": [],
        "abstract_embedding": []
    },
    {
        "id": 3113,
        "label": 526,
        "title": "Accurate crosstalk noise modeling for early signal integrity analysis",
        "organization": null,
        "abstract": "In this paper, we propose an accurate and fast method to estimate the crosstalk noise in the presence of multiple aggressor nets for use in physical design automation tools. Since noise estimation is often part of the inner loop of optimization algorithms, very efficient closed-form solutions are needed. Previous approaches model aggressor nets one at a time, assuming that the",
        "conf": "IEEE Transactions on Computer-aided Design of Integrated Circuits and Systems",
        "email": null,
        "coauthors": [
            "david blaauw",
            "pinaki mazumder"
        ],
        "keywords": "Closed Form Solution,Crosstalk Noise,High Performance,Indexing Terms,Noise Estimation,Optimal Algorithm,Physical Design,Reduction Method,Signal Integrity,",
        "title_embedding": [],
        "abstract_embedding": []
    },
    {
        "id": 3114,
        "label": 526,
        "title": "Simultaneous switching noise analysis using application specific device modeling",
        "organization": null,
        "abstract": "In this paper, we introduce an application-specific device modeling methodology to develop simple device model that accurately tracks the actual device I-V characteristics in relevant but bounded operating regions. We have specifically used a simple MOSFET model to precisely analyze the switching noises generated on a chip due to simultaneous driving of chip output pads by bulky buffer gates. Previous",
        "conf": "IEEE Transactions on Very Large Scale Integration Systems",
        "email": null,
        "coauthors": [
            "pinaki mazumder"
        ],
        "keywords": "Analytical Model,Device Modeling,Digital Systems,i-v characteristic,Indexing Terms,Simultaneous Switching Noise,Power Law,",
        "title_embedding": [],
        "abstract_embedding": []
    },
    {
        "id": 3115,
        "label": 526,
        "title": "On circuit techniques to improve noise immunity of CMOS dynamic logic",
        "organization": null,
        "abstract": "Dynamic CMOS logic circuits are widely employed in high-performance VLSI chips in pursuing very high system performance. However, dynamic CMOS gates are inherently less resistant to noises than static CMOS gates. With the increasing stringent noise requirement due to aggressive technology scaling, the noise tolerance of dynamic circuits has to be first improved for the overall reliable operation of VLSI",
        "conf": "IEEE Transactions on Very Large Scale Integration Systems",
        "email": null,
        "coauthors": [
            "pinaki mazumder"
        ],
        "keywords": "Design Technique,Digital Integrated Circuits,Dynamic Logic,High Performance,Indexing Terms,Logic Gate,Negative Differential Resistance,System Performance,Technology Scaling,",
        "title_embedding": [],
        "abstract_embedding": []
    },
    {
        "id": 3116,
        "label": 527,
        "title": "Research on Cost-Sensitive Learning in One-Class Anomaly Detection Algorithms",
        "organization": null,
        "abstract": NaN,
        "conf": "Autonomic and Trusted Computing",
        "email": null,
        "coauthors": [
            "jun luo",
            "zhisong pan",
            "guiqiang ni",
            "guyu hu"
        ],
        "keywords": "Anomaly Detection,cost-sensitive learning,",
        "title_embedding": [],
        "abstract_embedding": []
    },
    {
        "id": 3117,
        "label": 528,
        "title": "Study on the Appraisal Methods of Hand Fatigue",
        "organization": null,
        "abstract": NaN,
        "conf": "Human-Computer Interaction",
        "email": null,
        "coauthors": [
            "feng yang",
            "chunxin yang",
            "xiugan yuan",
            "yang li"
        ],
        "keywords": null,
        "title_embedding": [],
        "abstract_embedding": []
    },
    {
        "id": 3118,
        "label": 528,
        "title": "Investigation on Ergonomics Characteristics of Protective Clothing Based on Capture of Three-Dimensional Body Movements",
        "organization": null,
        "abstract": NaN,
        "conf": "Human-Computer Interaction",
        "email": null,
        "coauthors": [
            "huimin hu",
            "chunxin yang",
            "xiugan yuan"
        ],
        "keywords": "Three Dimensional,",
        "title_embedding": [],
        "abstract_embedding": []
    },
    {
        "id": 3119,
        "label": 528,
        "title": "An algorithm for simulating human arm movement considering the comfort level",
        "organization": null,
        "abstract": "Seeking other joint trajectories of human arm in terms of given trajectoryof hand is a wide research problem. In this paper, the computational problem of inverse kinematics of arm movement was investigated. On the basis of an eight-DOF arm model, an inverse kinematics algorithm recreating arm motion was developed in accordance with the humans feedback con- trol mechanism of motor.",
        "conf": "Simulation Practice and Theory",
        "email": null,
        "coauthors": [
            "feng yang",
            "chunxin yang",
            "xiugan yuan"
        ],
        "keywords": "Arm Movement,Indexation,Inverse Dynamics,Inverse Kinematics,Motor Control,Virtual Reality,",
        "title_embedding": [],
        "abstract_embedding": []
    },
    {
        "id": 3120,
        "label": 529,
        "title": "Digital Library Construction Information Technology Application and Practice in Campus Library",
        "organization": null,
        "abstract": NaN,
        "conf": "Kyoto International Conference on Digital Libraries",
        "email": null,
        "coauthors": [
            "shao zhengrong"
        ],
        "keywords": "Digital Library,Information Technology,",
        "title_embedding": [],
        "abstract_embedding": []
    },
    {
        "id": 3121,
        "label": 529,
        "title": "Information and Technology Application and Practice in Campus Library",
        "organization": null,
        "abstract": NaN,
        "conf": "Kyoto International Conference on Digital Libraries",
        "email": null,
        "coauthors": [
            "shao zhergrong"
        ],
        "keywords": null,
        "title_embedding": [],
        "abstract_embedding": []
    },
    {
        "id": 3122,
        "label": 530,
        "title": "An Approach for Recording Multimedia Collaborative Sessions: Design and Implementation",
        "organization": null,
        "abstract": "In this article we present the design and implementation of a videoconferencing session recorder multimedia system. Our system is a videoconferencing tool that has the capability of recording live multimedia collaborative/conferencing sessions. The main distinction between our architecture and other ones is that unlike other recording systems, which require the original application for the playback, our system generates Synchronized Multimedia",
        "conf": "Multimedia Tools and Applications",
        "email": null,
        "coauthors": [
            "shervin shirmohammadi",
            "nicolas d. georganas"
        ],
        "keywords": "Design and Implementation,Multimedia Systems,Synchronized Multimedia Integration Language,",
        "title_embedding": [],
        "abstract_embedding": []
    }
]