[
    {
        "id": 3129,
        "label": 533,
        "title": "A New One-Way Isolation File-Access Method at the Granularity of a Disk-Block",
        "organization": null,
        "abstract": NaN,
        "conf": "Autonomic and Trusted Computing",
        "email": null,
        "coauthors": [
            "wenyuan kuang",
            "yaoxue zhang",
            "nan xia",
            "guangbin xu",
            "yue-zhi zhou"
        ],
        "keywords": "Access Method,",
        "title_embedding": [],
        "abstract_embedding": []
    },
    {
        "id": 3130,
        "label": 533,
        "title": "TransCom: A Virtual Disk Based Self-management System",
        "organization": null,
        "abstract": NaN,
        "conf": "Autonomic and Trusted Computing",
        "email": null,
        "coauthors": [
            "yaoxue zhang",
            "yue-zhi zhou"
        ],
        "keywords": "Management System,",
        "title_embedding": [],
        "abstract_embedding": []
    },
    {
        "id": 3131,
        "label": 533,
        "title": "Performance Modeling and Analysis of the Booting Process in a Transparent Computing Environment",
        "organization": null,
        "abstract": NaN,
        "conf": "Future Generation Communication and Networking",
        "email": null,
        "coauthors": [
            "guanfei guo",
            "yaoxue zhang",
            "yue-zhi zhou",
            "laurence tianruo yang",
            "pengwei tian"
        ],
        "keywords": "Performance Model,",
        "title_embedding": [],
        "abstract_embedding": []
    },
    {
        "id": 3132,
        "label": 533,
        "title": "A novel service evolution approach for active services in ubiquitous computing",
        "organization": null,
        "abstract": "SUMMARY With the emergence of more and more personalized service requirements, service customization has become a compelling problem in ubiquitous computing. As a new paradigm for service customization, the Active Services reuses existing services and obtains the user-needed service evolved from them. In this paper, a novel service reuse approach is proposed for service evolution process in the active services",
        "conf": "International Journal of Communication Systems",
        "email": null,
        "coauthors": [
            "pengwei tian",
            "yaoxue zhang",
            "yue-zhi zhou",
            "laurence tianruo yang",
            "ming zhong",
            "lin-kai weng"
        ],
        "keywords": "Indexation,Quality of Service,Satisfiability,Success Rate,Ubiquitous Computing,",
        "title_embedding": [],
        "abstract_embedding": []
    },
    {
        "id": 3133,
        "label": 534,
        "title": "An Improved QRD-M Algorithm in MIMO Communications",
        "organization": null,
        "abstract": NaN,
        "conf": "Global Telecommunications Conference",
        "email": null,
        "coauthors": [
            "ming chen",
            "shixin cheng",
            "haifeng wang"
        ],
        "keywords": null,
        "title_embedding": [],
        "abstract_embedding": []
    },
    {
        "id": 3134,
        "label": 534,
        "title": "Information Security Wireless Sensor Grid",
        "organization": null,
        "abstract": NaN,
        "conf": "Information Assurance and Security",
        "email": null,
        "coauthors": [
            "li mingming",
            "li baiping",
            "chen lei"
        ],
        "keywords": "Information Security,Wireless Sensor,",
        "title_embedding": [],
        "abstract_embedding": []
    },
    {
        "id": 3135,
        "label": 534,
        "title": "Information Security Routing Protocol in the WSN",
        "organization": null,
        "abstract": NaN,
        "conf": "Information Assurance and Security",
        "email": null,
        "coauthors": [
            "ming chen",
            "li mingming"
        ],
        "keywords": "Information Security,Routing Protocol,",
        "title_embedding": [],
        "abstract_embedding": []
    },
    {
        "id": 3136,
        "label": 534,
        "title": "A Complexity Reduced Blind Channel Equalization Scheme for OFDM Systems",
        "organization": null,
        "abstract": NaN,
        "conf": "IEEE International Symposium on Personal, Indoor and Mobile Radio Communications",
        "email": null,
        "coauthors": [
            "ming chen",
            "shixin cheng",
            "haifeng wang"
        ],
        "keywords": "Channel Equalization,",
        "title_embedding": [],
        "abstract_embedding": []
    },
    {
        "id": 3137,
        "label": 534,
        "title": "Frequency-Domain Residual Interference Cancellation in Cyclic Prefix Assisted Single-carrier Communications",
        "organization": null,
        "abstract": NaN,
        "conf": "Vehicular Technology Conference",
        "email": null,
        "coauthors": [
            "ming chen",
            "shixin cheng",
            "haifeng wang"
        ],
        "keywords": "Frequency Domain,Interference Cancellation,Cyclic Prefix,Single Carrier,",
        "title_embedding": [],
        "abstract_embedding": []
    }
]