[
    {
        "id": 3145,
        "label": 536,
        "title": "A Novel Path-Based Clustering Algorithm Using Multidimensional Scaling",
        "organization": null,
        "abstract": NaN,
        "conf": "Australian Joint Conference on Artificial Intelligence",
        "email": null,
        "coauthors": [
            "uyen t. v. nguyen",
            "laurence a. f. park",
            "kotagiri ramamohanarao"
        ],
        "keywords": "Cluster Algorithm,Multi Dimensional Scaling,",
        "title_embedding": [],
        "abstract_embedding": []
    },
    {
        "id": 3146,
        "label": 536,
        "title": "Analyzing Human Movements from Silhouettes Using Manifold Learning",
        "organization": null,
        "abstract": NaN,
        "conf": "Advanced Video and Signal Based Surveillance",
        "email": null,
        "coauthors": [
            "david suter"
        ],
        "keywords": "Human Movement,Manifold Learning,",
        "title_embedding": [],
        "abstract_embedding": []
    },
    {
        "id": 3147,
        "label": 536,
        "title": "Moving shape dynamics: A signal processing perspective",
        "organization": null,
        "abstract": "This paper provides a new perspective on human mo- tion analysis, namely regarding human motions in video as general discrete time signals. While this seems an intuitive idea, research on human motion analysis has attracted lit- tle attention from the signal processing community. Sophis- ticated signal processing techniques create important op- portunities for new solutions to the problem of human",
        "conf": "Computer Vision and Pattern Recognition",
        "email": null,
        "coauthors": [
            "xin geng",
            "christopher leckie",
            "kotagiri ramamohanarao"
        ],
        "keywords": "Discrete Fourier Transform,Discrete Time,Discrete Wavelet Transform,Human Motion,Human Motion Analysis,Signal Processing,",
        "title_embedding": [],
        "abstract_embedding": []
    },
    {
        "id": 3148,
        "label": 536,
        "title": "Recognizing Human Activities from Silhouettes: Motion Subspace and Factorial Discriminative Graphical Model",
        "organization": null,
        "abstract": "We describe a probabilistic framework for recognizing human activities in monocular video based on simple silhouette observations in this paper. The methodology combines kernel principal component analysis (KPCA) based feature extraction and factorial conditional random field (FCRF) based motion modeling. Silhouette data is represented more compactly by nonlinear dimensionality reduction that explores the underlying structure of the articulated action space",
        "conf": "Computer Vision and Pattern Recognition",
        "email": null,
        "coauthors": [
            "david suter"
        ],
        "keywords": "Conditional Random Field,Discriminative Model,Feature Extraction,Graphical Model,Human Activity,Information Sharing,Kernel Principal Component Analysis,Long Range Dependent,Nonlinear Dimensionality Reduction,",
        "title_embedding": [],
        "abstract_embedding": []
    },
    {
        "id": 3149,
        "label": 536,
        "title": "Pattern discovery in motion time series via structure-based spectral clustering",
        "organization": null,
        "abstract": "This paper proposes an approach called 'structure- based spectral clustering' to identify clusters in motion time series for sequential pattern discovery. The proposed ap- proach deploys a 'statistical feature-based distance compu- tation' for spectral clustering algorithm. Compared to tra- ditional spectral clustering approaches, in which the sim- ilarity matrix is constructed from the original data points by applying some similarity",
        "conf": "Computer Vision and Pattern Recognition",
        "email": null,
        "coauthors": [
            "xiaozhe wang",
            "anthony wirth"
        ],
        "keywords": "Pattern Discovery,Sequential Pattern,Similarity Function,Spectral Clustering,Time Series,",
        "title_embedding": [],
        "abstract_embedding": []
    },
    {
        "id": 3150,
        "label": 536,
        "title": "Fusion of Static and Dynamic Body Biometrics for Gait Recognition",
        "organization": null,
        "abstract": "Abstract  Human,identification  at  a ,distance  has  recently  gained  growing,interest  from  computer ,vision  researchers.  This  paper,aims ,to  propose ,a  visual ,recognition  algorithm  based upon  fusion of static  and dynamic,body biometrics.  For each  sequence  involving  a  walking  figure,  pose  changes,of  the ,segmented ,moving ,silhouettes  are  represented as  an ,associated  sequence ,of  complex ,vector  configurations, and are then analyzed using the Procrustes shape",
        "conf": "International Conference on Computer Vision",
        "email": null,
        "coauthors": [
            "huazhong ning",
            "tieniu tan",
            "weiming hu"
        ],
        "keywords": "Computer Vision,Dynamic Information,Gait Recognition,Human Identification,Lower Limb,model-based approach,Shape Analysis,",
        "title_embedding": [],
        "abstract_embedding": []
    },
    {
        "id": 3151,
        "label": 536,
        "title": "Multi-Camera Calibration with One-Dimensional Object under General Motions",
        "organization": null,
        "abstract": "Abstract It is well known that in order to calibrate a single camera with a one-dimensional (1D) calibration object, the object must undertake some constrained motions, in other words, it is impossible to calibrate a single camera if the object mo- tion is of general one. For a multi-camera setup, i.e., when the number of camera is more than one,",
        "conf": "International Conference on Computer Vision",
        "email": null,
        "coauthors": [
            "fuchao wu",
            "zhanyi hu"
        ],
        "keywords": "Camera Calibration,",
        "title_embedding": [],
        "abstract_embedding": []
    },
    {
        "id": 3152,
        "label": 536,
        "title": "SpecVAT: Enhanced Visual Cluster Analysis",
        "organization": null,
        "abstract": NaN,
        "conf": "IEEE International Conference on Data Mining",
        "email": null,
        "coauthors": [
            "xin geng",
            "james c. bezdek",
            "christopher leckie",
            "kotagiri ramamohanarao"
        ],
        "keywords": "Cluster Analysis,",
        "title_embedding": [],
        "abstract_embedding": []
    },
    {
        "id": 3153,
        "label": 536,
        "title": "Tensor Space Learning for Analyzing Activity Patterns from Video Sequences",
        "organization": null,
        "abstract": NaN,
        "conf": "IEEE International Conference on Data Mining",
        "email": null,
        "coauthors": [
            "christopher leckie",
            "xiaozhe wang",
            "kotagiri ramamohanarao",
            "jim bezdek"
        ],
        "keywords": "Activity Pattern,",
        "title_embedding": [],
        "abstract_embedding": []
    },
    {
        "id": 3154,
        "label": 536,
        "title": "Structure-Based Statistical Features and Multivariate Time Series Clustering",
        "organization": null,
        "abstract": NaN,
        "conf": "IEEE International Conference on Data Mining",
        "email": null,
        "coauthors": [
            "xiaozhe wang",
            "anthony wirth"
        ],
        "keywords": "Multivariate Time Series,",
        "title_embedding": [],
        "abstract_embedding": []
    },
    {
        "id": 3155,
        "label": 536,
        "title": "Extrapolating Learned Manifolds for Human Activity Recognition",
        "organization": null,
        "abstract": "The problem of human activity recognition via visual stimuli can be approached using manifold learning, since the silhou- ette (binary) images of a person undergoing a smooth mo- tion can be represented as a manifold in the image space. While manifold learning methods allow the characterization of the activity manifolds, performing activity recognition re- quires distinguishing between manifolds. This invariably",
        "conf": "International Conference on Image Processing",
        "email": null,
        "coauthors": [
            "tat-jun chin",
            "konrad schindler",
            "david suter"
        ],
        "keywords": "Activity Recognition,Binary Image,Comparative Method,Human Activity Recognition,Indexing Terms,Learning Activities,Manifold Learning,",
        "title_embedding": [],
        "abstract_embedding": []
    },
    {
        "id": 3156,
        "label": 536,
        "title": "Gait recognition based on Procrustes shape analysis",
        "organization": null,
        "abstract": "Gait recognition has recently attracted increasing attention, especially in vision-based human identification at a distance in visual surveillance. This paper proposes a simple but efficient gait recognition algorithm based on statistical shape analysis. For each gait sequence, a background subtraction procedure is used to segment spatial silhouettes of the walking figures from the background. Static pose changes of these silhouettes",
        "conf": "International Conference on Image Processing",
        "email": null,
        "coauthors": [
            "huazhong ning",
            "weiming hu",
            "tieniu tan"
        ],
        "keywords": "Background Subtraction,Distance Measure,Gait Recognition,Human Identification,K Nearest Neighbor,Shape Analysis,Statistical Shape Analysis,Visual Surveillance,",
        "title_embedding": [],
        "abstract_embedding": []
    },
    {
        "id": 3157,
        "label": 536,
        "title": "Articulated Model Based People Tracking Using Motion Models",
        "organization": null,
        "abstract": "This paper focuses on acquisition of human motion data such as joint angles and velocity for applications of virtual reality, using both articulated body model and motion model in the CONDENSATION framework. Firstly, we learn a motion model represented by Gaussian distributions, and explore motion constraints by considering the dependency of motion parameters and represent them as conditional distributions. Then",
        "conf": "IEEE Internet Computing",
        "email": null,
        "coauthors": [
            "huazhong ning",
            "weiming hu",
            "tieniu tan"
        ],
        "keywords": "Conditional Distribution,Dynamic Model,Evaluation Function,Gaussian Distribution,Human Motion,People Tracking,State Space,Virtual Reality,Concentration Factor,",
        "title_embedding": [],
        "abstract_embedding": []
    },
    {
        "id": 3158,
        "label": 536,
        "title": "Dual clustering for categorization of action sequences",
        "organization": null,
        "abstract": NaN,
        "conf": "International Conference on Pattern Recognition",
        "email": null,
        "coauthors": [
            "joanna cheng",
            "christopher leckie"
        ],
        "keywords": null,
        "title_embedding": [],
        "abstract_embedding": []
    },
    {
        "id": 3159,
        "label": 536,
        "title": "Action Recognition Using Space-Time Shape Difference Images",
        "organization": null,
        "abstract": NaN,
        "conf": "International Conference on Pattern Recognition",
        "email": null,
        "coauthors": [
            "hao qu",
            "christopher leckie"
        ],
        "keywords": "Action Recognition,Space Time,",
        "title_embedding": [],
        "abstract_embedding": []
    },
    {
        "id": 3160,
        "label": 536,
        "title": "Abnormal Walking Gait Analysis Using Silhouette-Masked Flow Histograms",
        "organization": null,
        "abstract": NaN,
        "conf": "International Conference on Pattern Recognition",
        "email": null,
        "coauthors": [],
        "keywords": "Gait Analysis,",
        "title_embedding": [],
        "abstract_embedding": []
    },
    {
        "id": 3161,
        "label": 536,
        "title": "From Blob Metrics to Posture Classification to Activity Profiling",
        "organization": null,
        "abstract": NaN,
        "conf": "International Conference on Pattern Recognition",
        "email": null,
        "coauthors": [],
        "keywords": null,
        "title_embedding": [],
        "abstract_embedding": []
    },
    {
        "id": 3162,
        "label": 536,
        "title": "A New Attempt to Gait-based Human Identification",
        "organization": null,
        "abstract": NaN,
        "conf": "International Conference on Pattern Recognition",
        "email": null,
        "coauthors": [
            "weiming hu",
            "tieniu tan"
        ],
        "keywords": "Human Identification,",
        "title_embedding": [],
        "abstract_embedding": []
    },
    {
        "id": 3163,
        "label": 536,
        "title": "Encoding Actions via Quantized Vocabulary of Averaged Silhouettes",
        "organization": null,
        "abstract": NaN,
        "conf": "International Conference on Pattern Recognition",
        "email": null,
        "coauthors": [
            "christopher leckie"
        ],
        "keywords": null,
        "title_embedding": [],
        "abstract_embedding": []
    },
    {
        "id": 3164,
        "label": 536,
        "title": "Combining Real and Virtual Graphs to Enhance Data Clustering",
        "organization": null,
        "abstract": NaN,
        "conf": "International Conference on Pattern Recognition",
        "email": null,
        "coauthors": [
            "christopher leckie",
            "kotagiri ramamohanarao"
        ],
        "keywords": "Data Clustering,",
        "title_embedding": [],
        "abstract_embedding": []
    },
    {
        "id": 3165,
        "label": 536,
        "title": "Informative Shape Representations for Human Action Recognition",
        "organization": null,
        "abstract": NaN,
        "conf": "International Conference on Pattern Recognition",
        "email": null,
        "coauthors": [
            "david suter"
        ],
        "keywords": "Action Recognition,Shape Representation,",
        "title_embedding": [],
        "abstract_embedding": []
    },
    {
        "id": 3166,
        "label": 536,
        "title": "A factorization algorithm for trifocal tensor estimation",
        "organization": null,
        "abstract": NaN,
        "conf": "International Conference on Pattern Recognition",
        "email": null,
        "coauthors": [
            "fuchao wu"
        ],
        "keywords": null,
        "title_embedding": [],
        "abstract_embedding": []
    },
    {
        "id": 3167,
        "label": 536,
        "title": "Human motion recognition using Gaussian Processes classification",
        "organization": null,
        "abstract": NaN,
        "conf": "International Conference on Pattern Recognition",
        "email": null,
        "coauthors": [
            "hang zhou",
            "david suter"
        ],
        "keywords": "Human Motion,Gaussian Process,",
        "title_embedding": [],
        "abstract_embedding": []
    },
    {
        "id": 3168,
        "label": 536,
        "title": "Face image modeling by multilinear subspace analysis with missing values",
        "organization": null,
        "abstract": "ABSTRACT The main difficulty in face image modeling,is to decompose,those semantic factors contributing to the formation of the face images, such as identity, illumination and pose. One promising way is to organize the face images,in a higher-order tensor with each mode corresponding to one contributory factor. Then, a technique called Multilinear Subspace Analysis (MSA) is applied to decompose,the tensor into",
        "conf": "ACM Multimedia Conference",
        "email": null,
        "coauthors": [
            "xin geng",
            "kate smith-miles",
            "zhi-hua zhou"
        ],
        "keywords": "Image Modeling,Missing Values,Higher Order,",
        "title_embedding": [],
        "abstract_embedding": []
    },
    {
        "id": 3169,
        "label": 536,
        "title": "Approximate Spectral Clustering",
        "organization": null,
        "abstract": NaN,
        "conf": "Pacific-Asia Conference on Knowledge Discovery and Data Mining",
        "email": null,
        "coauthors": [
            "christopher leckie",
            "kotagiri ramamohanarao",
            "james c. bezdek"
        ],
        "keywords": "Spectral Clustering,",
        "title_embedding": [],
        "abstract_embedding": []
    },
    {
        "id": 3170,
        "label": 536,
        "title": "iVAT and aVAT: Enhanced Visual Analysis for Cluster Tendency Assessment",
        "organization": null,
        "abstract": NaN,
        "conf": "Pacific-Asia Conference on Knowledge Discovery and Data Mining",
        "email": null,
        "coauthors": [
            "uyen t. v. nguyen",
            "james c. bezdek",
            "christopher leckie",
            "kotagiri ramamohanarao"
        ],
        "keywords": "Visual Analysis,",
        "title_embedding": [],
        "abstract_embedding": []
    },
    {
        "id": 3171,
        "label": 536,
        "title": "Characteristic-Based Descriptors for Motion Sequence Recognition",
        "organization": null,
        "abstract": NaN,
        "conf": "Pacific-Asia Conference on Knowledge Discovery and Data Mining",
        "email": null,
        "coauthors": [
            "xiaozhe wang",
            "christopher leckie",
            "kotagiri ramamohanarao"
        ],
        "keywords": null,
        "title_embedding": [],
        "abstract_embedding": []
    },
    {
        "id": 3172,
        "label": 536,
        "title": "Adaptive Fusion of Gait and Face for Human Identification in Video",
        "organization": null,
        "abstract": NaN,
        "conf": "Workshop on Applications of Computer Vision",
        "email": null,
        "coauthors": [
            "xin geng",
            "ming li",
            "qiang wu",
            "kate smith-miles"
        ],
        "keywords": "Human Identification,",
        "title_embedding": [],
        "abstract_embedding": []
    },
    {
        "id": 3173,
        "label": 536,
        "title": "Visual learning and recognition of sequential data manifolds with applications to human movement analysis",
        "organization": null,
        "abstract": NaN,
        "conf": "Computer Vision and Image Understanding",
        "email": null,
        "coauthors": [
            "david suter"
        ],
        "keywords": "Human Movement,Visual Learning,",
        "title_embedding": [],
        "abstract_embedding": []
    },
    {
        "id": 3174,
        "label": 536,
        "title": "Selective sampling for approximate clustering of very large data sets",
        "organization": null,
        "abstract": NaN,
        "conf": "International Journal of Intelligent Systems",
        "email": null,
        "coauthors": [
            "james c. bezdek",
            "christopher leckie",
            "kotagiri ramamohanarao"
        ],
        "keywords": "Large Data Sets,Selective Sampling,",
        "title_embedding": [],
        "abstract_embedding": []
    },
    {
        "id": 3175,
        "label": 536,
        "title": "Kinematics-based tracking of human walking in monocular video sequences",
        "organization": null,
        "abstract": NaN,
        "conf": "Image and Vision Computing",
        "email": null,
        "coauthors": [
            "huazhong ning",
            "tieniu tan",
            "weiming hu"
        ],
        "keywords": null,
        "title_embedding": [],
        "abstract_embedding": []
    },
    {
        "id": 3176,
        "label": 536,
        "title": "Silhouette Analysis-Based Gait Recognition for Human Identification",
        "organization": null,
        "abstract": "Human identification at a distance has recently gained growing interest from computer vision researchers. Gait recognition aims essentially to address this problem by identifying people based on the way they walk. In this paper, a simple but efficient gait recognition algorithm using spatial-temporal silhouette analysis is proposed. For each image sequence, a background subtraction algorithm and a simple correspondence procedure",
        "conf": "IEEE Transactions on Pattern Analysis and Machine Intelligence",
        "email": null,
        "coauthors": [
            "tieniu tan",
            "huazhong ning",
            "weiming hu"
        ],
        "keywords": "Background Subtraction,Computer Vision,Feature Space,Gait Recognition,Human Identification,Image Sequence,Pattern Classification,Principal Component Analysis,Time Varying,",
        "title_embedding": [],
        "abstract_embedding": []
    },
    {
        "id": 3177,
        "label": 536,
        "title": "Context-aware fusion: A case study on fusion of gait and face for human identification in video",
        "organization": null,
        "abstract": NaN,
        "conf": "Pattern Recognition",
        "email": null,
        "coauthors": [
            "xin geng",
            "kate smith-miles",
            "ming li",
            "qiang wu"
        ],
        "keywords": "Case Study,Context Aware,Human Identification,",
        "title_embedding": [],
        "abstract_embedding": []
    },
    {
        "id": 3178,
        "label": 536,
        "title": "People tracking based on motion model and motion constraints with automatic initialization",
        "organization": null,
        "abstract": "Human motion analysis is currently one of the most active research topics in computer vision. This paper presents a model-based approachto recovering motion parameters of walking people from monocular image sequences in a CONDEN- SATION framework. From the semi-automatically acquired training data, we learn a motion model represented as Gaussian distributions, and explore motion constraints by considering the dependency of",
        "conf": "Pattern Recognition",
        "email": null,
        "coauthors": [
            "huazhong ning",
            "tieniu tan",
            "weiming hu"
        ],
        "keywords": "Computer Vision,Dynamic Model,Evaluation Function,Gaussian Distribution,Human Motion Analysis,Human Tracking,Image Sequence,People Tracking,State Space,Concentration Factor,",
        "title_embedding": [],
        "abstract_embedding": []
    },
    {
        "id": 3179,
        "label": 536,
        "title": "Recent developments in human motion analysis",
        "organization": null,
        "abstract": "Visual analysis of human motion is currently one of the most active research topics in computer vision. This strong interest is driven by a wide spectrum of promising applications in many areas such as virtual reality, smart surveillance, perceptual interface, etc. Human motion analysis concerns the detection, tracking and recognition of people, and more generally, the understanding of human behaviors,",
        "conf": "Pattern Recognition",
        "email": null,
        "coauthors": [
            "weiming hu",
            "tieniu tan"
        ],
        "keywords": "Computer Vision,Human Behavior,Human Motion,Human Motion Analysis,Image Sequence,Semantic Description,Spectrum,Virtual Reality,Visual Analysis,",
        "title_embedding": [],
        "abstract_embedding": []
    },
    {
        "id": 3180,
        "label": 536,
        "title": "FOE estimation: Can image measurement errors be totally \"corrected\" by the geometric method?",
        "organization": null,
        "abstract": "For the FOE estimation, there are basically three kinds of estimation methods in the literature: algebraic, geometric, and the maximum likelihood-based ones. In this paper, our attention is focused on the geometric method. The computational complexity of the classical geometric method is usually very high because it needs to solve a non-linear minimum problem with many variables. In this work,",
        "conf": "Pattern Recognition",
        "email": null,
        "coauthors": [
            "f. c. wu",
            "z. y. hu"
        ],
        "keywords": "Computational Complexity,Estimation Method,Geometric Algorithm,Measurement Error,Maximum Likelihood,",
        "title_embedding": [],
        "abstract_embedding": []
    },
    {
        "id": 3181,
        "label": 536,
        "title": "Image/video-based pattern analysis and HCI applications",
        "organization": null,
        "abstract": NaN,
        "conf": "Pattern Recognition Letters",
        "email": null,
        "coauthors": [
            "qiang wu",
            "hanzi wang",
            "xin geng",
            "ming li"
        ],
        "keywords": null,
        "title_embedding": [],
        "abstract_embedding": []
    },
    {
        "id": 3182,
        "label": 536,
        "title": "Human action recognition by feature-reduced Gaussian process classification",
        "organization": null,
        "abstract": NaN,
        "conf": "Pattern Recognition Letters",
        "email": null,
        "coauthors": [
            "hang zhou",
            "david suter"
        ],
        "keywords": "Action Recognition,Gaussian Process,",
        "title_embedding": [],
        "abstract_embedding": []
    },
    {
        "id": 3183,
        "label": 536,
        "title": "Fusion of static and dynamic body biometrics for gait recognition",
        "organization": null,
        "abstract": "Human identification at a distance has recently gained growing interest from computer vision researchers. This paper aims to propose a visual recognition algorithm based upon fusion of static and dynamic body biometrics. For each sequence involving a walking figure, pose changes of the segmented moving silhouettes are represented as an associated sequence of complex vector configurations, and are then analyzed",
        "conf": "IEEE Transactions on Circuits and Systems for Video Technology",
        "email": null,
        "coauthors": [
            "huazhong ning",
            "tieniu tan",
            "weiming hu"
        ],
        "keywords": "Computer Vision,Dynamic Information,Gait Recognition,Human Identification,Lower Limb,model-based approach,Shape Analysis,",
        "title_embedding": [],
        "abstract_embedding": []
    },
    {
        "id": 3184,
        "label": 536,
        "title": "Learning and Matching of Dynamic Shape Manifolds for Human Action Recognition",
        "organization": null,
        "abstract": NaN,
        "conf": "IEEE Transactions on Image Processing",
        "email": null,
        "coauthors": [
            "david suter"
        ],
        "keywords": "Action Recognition,",
        "title_embedding": [],
        "abstract_embedding": []
    },
    {
        "id": 3185,
        "label": 536,
        "title": "Automatic gait recognition based on statistical shape analysis",
        "organization": null,
        "abstract": "Gait recognition has recently gained significant at- tention from computer vision researchers. This interest is strongly motivated by the need for automated person identification systems at a distance in visual surveillance and monitoring applications. As a newly emergent biometric feature, gait is a particularly at- tractive modality from the surveillance point of view. This paper aims to propose a simple",
        "conf": "IEEE Transactions on Image Processing",
        "email": null,
        "coauthors": [
            "tieniu tan",
            "weiming hu",
            "huazhong ning"
        ],
        "keywords": "Background Subtraction,Computer Vision,Distance Measure,Gait Recognition,Image Sequence,Indexing Terms,Pattern Classification,Point of View,Shape Analysis,Statistical Shape Analysis,Visual Surveillance,",
        "title_embedding": [],
        "abstract_embedding": []
    },
    {
        "id": 3186,
        "label": 536,
        "title": "Enhanced Visual Analysis for Cluster Tendency Assessment and Data Partitioning",
        "organization": null,
        "abstract": NaN,
        "conf": "IEEE Transactions on Knowledge and Data Engineering",
        "email": null,
        "coauthors": [
            "xin geng",
            "james c. bezdek",
            "christopher leckie",
            "kotagiri ramamohanarao"
        ],
        "keywords": "Data Partitioning,Visual Analysis,",
        "title_embedding": [],
        "abstract_embedding": []
    },
    {
        "id": 3187,
        "label": 536,
        "title": "Automatically Determining the Number of Clusters in Unlabeled Data Sets",
        "organization": null,
        "abstract": NaN,
        "conf": "IEEE Transactions on Knowledge and Data Engineering",
        "email": null,
        "coauthors": [
            "christopher leckie",
            "kotagiri ramamohanarao",
            "james c. bezdek"
        ],
        "keywords": "Number of Clusters,Unlabeled Data,",
        "title_embedding": [],
        "abstract_embedding": []
    },
    {
        "id": 3188,
        "label": 537,
        "title": "Examplar-based Shape from Shading",
        "organization": null,
        "abstract": "Traditional Shape-from-Shading (SFS) techniques aim to solve an under-constrained problem: estimating depth map from one single image. The results are usually brittle from real images containing detailed shapes. Inspired by re- cent advances in texture synthesis, we present an exemplar- based approach to improve the robustness and accuracy of SFS. In essence, we utilize an appearance database syn- thesized from",
        "conf": "International Conference on 3-D Imaging and Modeling",
        "email": null,
        "coauthors": [
            "xinyu huang",
            "jizhou gao",
            "ruigang yang"
        ],
        "keywords": "3d model,Depth Map,Energy Minimization,Prior Knowledge,Shape From Shading,Texture Synthesis,Ground Truth,",
        "title_embedding": [],
        "abstract_embedding": []
    },
    {
        "id": 3189,
        "label": 537,
        "title": "Towards Urban 3D Reconstruction from Video",
        "organization": null,
        "abstract": "The paper introduces a data collection system and a processing pipeline for automatic geo-registered 3D recon- struction of urban scenes from video. The system collects multiple video streams, as well as GPS and INS measure- ments in order to place the reconstructed models in geo- registered coordinates. Besides high quality in terms of both geometry and appearance, we aim at",
        "conf": "3D Data Processing Visualization and Transmission",
        "email": null,
        "coauthors": [
            "amir akbarzadeh",
            "jan-michael frahm",
            "philippos mordohai",
            "brian clipp",
            "chris engels",
            "david gallup",
            "paul merrell",
            "m. phelps",
            "sudipta n. sinha",
            "b. talton",
            "qingxiong yang",
            "henrik stewenius",
            "ruigang yang",
            "greg welch",
            "herman towles",
            "david nister",
            "marc pollefeys"
        ],
        "keywords": "3d reconstruction,Data Collection,Perforation,Video Streaming,Real Time,",
        "title_embedding": [],
        "abstract_embedding": []
    },
    {
        "id": 3190,
        "label": 537,
        "title": "How Far Can We Go with Local Optimization in Real-Time Stereo Matching",
        "organization": null,
        "abstract": NaN,
        "conf": "3D Data Processing Visualization and Transmission",
        "email": null,
        "coauthors": [
            "mingwei gong",
            "minglun gong",
            "ruigang yang"
        ],
        "keywords": "Stereo Matching,Real Time,",
        "title_embedding": [],
        "abstract_embedding": []
    },
    {
        "id": 3191,
        "label": 537,
        "title": "High-Quality Real-Time Stereo Using Adaptive Cost Aggregation and Dynamic Programming",
        "organization": null,
        "abstract": "We present a stereo algorithm that achieves high quality results while maintaining real-time performance. The key idea is simple: we introduce an adaptive aggregation step in a dynamic-programming (DP) stereo framework. The per-pixel matching cost is aggregated in the vertical direc- tion only. Compared to traditional DP, our approach re- duces the typical \"streaking\" artifacts without the penalty of blurry",
        "conf": "3D Data Processing Visualization and Transmission",
        "email": null,
        "coauthors": [
            "miao liao",
            "minglun gong",
            "ruigang yang",
            "david nister"
        ],
        "keywords": "Dynamic Program,Process Capability,Real Time,",
        "title_embedding": [],
        "abstract_embedding": []
    },
    {
        "id": 3192,
        "label": 537,
        "title": "Light Fall-off Stereo",
        "organization": null,
        "abstract": "We present light fall-off stereo-LFS-a new method for computing depth from scenes beyond lambertian reflectance and texture. LFS takes a number of images from a station- ary camera as the illumination source moves away from the scene. Based on the inverse square law for light intensity, the ratio images are directly related to scene depth from the perspective of the",
        "conf": "Computer Vision and Pattern Recognition",
        "email": null,
        "coauthors": [
            "miao liao",
            "ruigang yang",
            "minglun gong"
        ],
        "keywords": "Light Intensity,",
        "title_embedding": [],
        "abstract_embedding": []
    },
    {
        "id": 3193,
        "label": 537,
        "title": "Stereoscopic inpainting: Joint color and depth completion from stereo images",
        "organization": null,
        "abstract": NaN,
        "conf": "Computer Vision and Pattern Recognition",
        "email": null,
        "coauthors": [
            "hailin jin",
            "ruigang yang",
            "minglun gong"
        ],
        "keywords": null,
        "title_embedding": [],
        "abstract_embedding": []
    },
    {
        "id": 3194,
        "label": 537,
        "title": "Stereo Matching with Color-Weighted Correlation, Hierarchical Belief Propagation and Occlusion Handling",
        "organization": null,
        "abstract": "In this paper, we formulate an algorithm for the stereo matching problem with careful handling of disparity, dis- continuity and occlusion. The algorithm works with a global matching stereo model based on an energy- minimization framework. The global energy contains two terms, the data term and the smoothness term. The data term is first approximated by a color-weighted correlation, then",
        "conf": "Computer Vision and Pattern Recognition",
        "email": null,
        "coauthors": [
            "qingxiong yang",
            "ruigang yang",
            "henrik stewenius",
            "david nister"
        ],
        "keywords": "Belief Propagation,Energy Minimization,Loopy Belief Propagation,Stereo Matching,",
        "title_embedding": [],
        "abstract_embedding": []
    },
    {
        "id": 3195,
        "label": 537,
        "title": "Fusion of time-of-flight depth and stereo for high accuracy depth maps",
        "organization": null,
        "abstract": "Time-of-flight range sensors have error characteristics which are complementary to passive stereo. They provide real time depth estimates in conditions where passive stereo does not work well, such as on white walls. In contrast, these sensors are noisy and often perform poorly on the tex- tured scenes for which stereo excels. We introduce a method for combining the results from",
        "conf": "Computer Vision and Pattern Recognition",
        "email": null,
        "coauthors": [
            "jiejie zhu",
            "ruigang yang",
            "james davis"
        ],
        "keywords": "Belief Propagation,Depth Estimation,Depth Map,Graph Cut,Probability Distribution Function,Real Time,Time of Flight,",
        "title_embedding": [],
        "abstract_embedding": []
    },
    {
        "id": 3196,
        "label": 537,
        "title": "Search Space Reduction for MRF Stereo",
        "organization": null,
        "abstract": "We present an algorithm to reduce per-pixel search ranges for Markov Random Fields-based stereo algorithms. Our algorithm is based on the intuitions that reliably matched pixels need less regular- ization in the energy minimization and neighboring pixels should have similar disparity search ranges if their pixel values are similar. We pro- pose a novel bi-labeling process to classify reliable and",
        "conf": "European Conference on Computer Vision",
        "email": null,
        "coauthors": [
            "hailin jin",
            "ruigang yang"
        ],
        "keywords": "Consistency Checking,Energy Minimization,Search Space,Winner Take All,Left Right,Markov Random Field,",
        "title_embedding": [],
        "abstract_embedding": []
    },
    {
        "id": 3197,
        "label": 537,
        "title": "Semantic Segmentation of Urban Scenes Using Dense Depth Maps",
        "organization": null,
        "abstract": NaN,
        "conf": "European Conference on Computer Vision",
        "email": null,
        "coauthors": [
            "chenxi zhang",
            "ruigang yang"
        ],
        "keywords": "Depth Map,",
        "title_embedding": [],
        "abstract_embedding": []
    },
    {
        "id": 3198,
        "label": 537,
        "title": "BRDF Invariant Stereo Using Light Transport Constancy",
        "organization": null,
        "abstract": "Nearly all existing methods for stereo reconstruction assume that scene reflectance is Lambertian and make use of brightness constancy as a matching invariant. We introduce a new invariant for stereo reconstruction called Light Transport Constancy, which allows completely arbitrary scene reflectance (BRDFs). This invariant can be used to formulate a rank constraint on multiview stereo matching when the scene is",
        "conf": "IEEE Transactions on Pattern Analysis and Machine Intelligence",
        "email": null,
        "coauthors": [
            "ruigang yang",
            "james e. davis"
        ],
        "keywords": "Light Intensity,Light Transport,Stereo Matching,",
        "title_embedding": [],
        "abstract_embedding": []
    },
    {
        "id": 3199,
        "label": 537,
        "title": "Real-Time Visibility-Based Fusion of Depth Maps",
        "organization": null,
        "abstract": "We present a viewpoint-based approach for the quick fu- sion of multiple stereo depth maps. Our method selects depth estimates for each pixel that minimize violations of visibility constraints and thus remove errors and inconsis- tencies from the depth maps to produce a consistent surface. We advocate a two-stage process in which the first stage generates potentially noisy, overlapping depth",
        "conf": "International Conference on Computer Vision",
        "email": null,
        "coauthors": [
            "paul merrell",
            "amir akbarzadeh",
            "philippos mordohai",
            "jan-michael frahm",
            "ruigang yang",
            "david nister",
            "marc pollefeys"
        ],
        "keywords": "Depth Estimation,Depth Map,Hardware Accelerator,multi-view stereo,Quantitative Analysis,Frames Per Second,Ground Truth,High Throughput,Real Time,",
        "title_embedding": [],
        "abstract_embedding": []
    },
    {
        "id": 3200,
        "label": 537,
        "title": "Real-time Light Fall-off Stereo",
        "organization": null,
        "abstract": "We present a real-time depth recovery system using Light Fall-off Stereo (LFS). Our system contains two co-axial point light sources (LEDs) synchronized with a video camera. The video camera captures the scene under these two LEDs in complementary states(e.g., one on, one off). Based on the in- verse square law for light intensity, the depth can be directly solved using",
        "conf": "International Conference on Image Processing",
        "email": null,
        "coauthors": [
            "miao liao",
            "ruigang yang",
            "minglun gong"
        ],
        "keywords": "High Resolution,Light Intensity,Quantitative Evaluation,Real Time,",
        "title_embedding": [],
        "abstract_embedding": []
    },
    {
        "id": 3201,
        "label": 537,
        "title": "A Performance Study on Different Cost Aggregation Approaches Used in Real-Time Stereo Matching",
        "organization": null,
        "abstract": "Many vision applications require high-accuracy dense disparity maps in real-time and online. Due to time constraint, most real-time stereo applications rely on local winner-takes-all optimization in the disparity computation process. These local approaches are generally outperformed by offline global optimization based algorithms. However, recent research shows that, through carefully selecting and aggregating the matching costs of neighboring pixels, the disparity",
        "conf": "International Journal of Computer Vision",
        "email": null,
        "coauthors": [
            "minglun gong",
            "ruigang yang",
            "mingwei gong"
        ],
        "keywords": "Global Optimization,Graphics Hardware,Processing Speed,Programmable Graphics Hardware,Stereo Matching,Time Constraint,Winner Take All,Real Time,",
        "title_embedding": [],
        "abstract_embedding": []
    },
    {
        "id": 3202,
        "label": 537,
        "title": "Detailed Real-Time Urban 3D Reconstruction from Video",
        "organization": null,
        "abstract": "The paper presents a system for automatic, geo-registered, real-time 3D recon- struction from video of urban scenes. The system collects video streams, as well as GPS and inertia measurements in order to place the reconstructed models in geo-registered coordinates. It is designed using current state of the art real-time modules for all processing steps. It employs commodity graphics hardware and",
        "conf": "International Journal of Computer Vision",
        "email": null,
        "coauthors": [
            "marc pollefeys",
            "david nister",
            "jan-michael frahm",
            "amir akbarzadeh",
            "philippos mordohai",
            "brian clipp",
            "christoph engels",
            "david gallup",
            "seon joo kim",
            "paul merrell",
            "c. salmi",
            "sudipta n. sinha",
            "b. talton",
            "qingxiong yang",
            "henrik stewenius",
            "ruigang yang",
            "greg welch",
            "herman towles"
        ],
        "keywords": "3d reconstruction,Dynamic Range,Feature Tracking,Graphics Hardware,Video Streaming,Real Time,",
        "title_embedding": [],
        "abstract_embedding": []
    },
    {
        "id": 3203,
        "label": 537,
        "title": "BRDF Invariant Stereo Using Light Transport Constancy",
        "organization": null,
        "abstract": "Nearly all existing methods for stereo reconstruction assume that scene reflectance is Lambertian and make use of brightness constancy as a matching invariant. We introduce a new invariant for stereo reconstruction called Light Transport Constancy, which allows completely arbitrary scene reflectance (BRDFs). This invariant can be used to formulate a rank constraint on multiview stereo matching when the scene is",
        "conf": "IEEE Transactions on Pattern Analysis and Machine Intelligence",
        "email": null,
        "coauthors": [
            "ruigang yang",
            "james e. davis"
        ],
        "keywords": "Light Intensity,Light Transport,Stereo Matching,",
        "title_embedding": [],
        "abstract_embedding": []
    },
    {
        "id": 3204,
        "label": 537,
        "title": "Stereo Matching with Color-Weighted Correlation, Hierarchical Belief Propagation, and Occlusion Handling",
        "organization": null,
        "abstract": "Abstract In this paper, we formulate an algorithm for the stereo matching problem with careful handling of disparity, discontinuity and,occlusion.,The algorithm,works,with a global matching,stereo model based on an energyminimization,framework.,The global energy contains two terms, the data term and the smoothness term. The data term is first approximated by a color-weighted correlation, then refined in occluded and low-texture areas in a",
        "conf": "IEEE Transactions on Pattern Analysis and Machine Intelligence",
        "email": null,
        "coauthors": [
            "qingxiong yang",
            "ruigang yang",
            "henrik stewenius",
            "david nister"
        ],
        "keywords": "Belief Propagation,Loopy Belief Propagation,Stereo Matching,",
        "title_embedding": [],
        "abstract_embedding": []
    },
    {
        "id": 3205,
        "label": 537,
        "title": "Spatial-Temporal Fusion for High Accuracy Depth Maps Using Dynamic MRFs",
        "organization": null,
        "abstract": "Time-of-flight range sensors and passive stereo have complimentary characteristics in nature. To fuse them to get high accuracy depth maps varying over time, we extend traditional spatial MRFs to dynamic MRFs with temporal coherence. This new model allows both the spatial and the temporal relationship to be propagated in local neighbors. By efficiently finding a maxi- mum of the posterior",
        "conf": "IEEE Transactions on Pattern Analysis and Machine Intelligence",
        "email": null,
        "coauthors": [
            "jiejie zhu",
            "jizhou gao",
            "ruigang yang"
        ],
        "keywords": "Depth Estimation,Depth Map,Dynamic Scenes,Global Optimization,Indexing Terms,Loopy Belief Propagation,Posterior Probability,Temporal Coherence,Time of Flight,",
        "title_embedding": [],
        "abstract_embedding": []
    },
    {
        "id": 3206,
        "label": 537,
        "title": "View-dependent textured splatting",
        "organization": null,
        "abstract": "We present a novel approach to render low reso- lution point clouds with multiple high resolution textures  the type of data typical from passive vision systems. The low precision, noisy, and sometimes incomplete nature of such data sets is not suitable for existing point-based ren- dering techniques that are designed to work with high pre- cision and high density",
        "conf": "The Visual Computer",
        "email": null,
        "coauthors": [
            "ruigang yang",
            "david guinnip"
        ],
        "keywords": "Dynamic Scenes,High Resolution,Image Generation,Interactive Rendering,Point Cloud,Rendering System,Vision System,High Density,On The Fly,Real Time,",
        "title_embedding": [],
        "abstract_embedding": []
    },
    {
        "id": 3207,
        "label": 538,
        "title": "Language identification using MLKSFM for pre-classification with novel front-end features",
        "organization": null,
        "abstract": NaN,
        "conf": "International Conference on Acoustics, Speech, and Signal Processing",
        "email": null,
        "coauthors": [
            "eliathamby ambikairajah",
            "eric h. c. choi"
        ],
        "keywords": "Language Identification,Front End,",
        "title_embedding": [],
        "abstract_embedding": []
    },
    {
        "id": 3208,
        "label": 538,
        "title": "A Novel Method for Automatic Tonal and Non-Tonal Language Classification",
        "organization": null,
        "abstract": NaN,
        "conf": "International Conference on Multimedia Computing and Systems/International Conference on Multimedia and Expo",
        "email": null,
        "coauthors": [
            "eliathamby ambikairajah",
            "eric h. c. choi"
        ],
        "keywords": null,
        "title_embedding": [],
        "abstract_embedding": []
    },
    {
        "id": 3209,
        "label": 538,
        "title": "Robust language identification based on fused phonotactic information with MLKSFM pre-classifier",
        "organization": null,
        "abstract": NaN,
        "conf": "International Conference on Multimedia Computing and Systems/International Conference on Multimedia and Expo",
        "email": null,
        "coauthors": [
            "eliathamby ambikairajah",
            "eric h. c. choi"
        ],
        "keywords": "Language Identification,",
        "title_embedding": [],
        "abstract_embedding": []
    },
    {
        "id": 3210,
        "label": 538,
        "title": "Multi-lingual Phoneme Recognition and Language Identification Using Phonotactic Information",
        "organization": null,
        "abstract": NaN,
        "conf": "International Conference on Pattern Recognition",
        "email": null,
        "coauthors": [
            "eliathamby ambikairajah",
            "eric h. c. choi"
        ],
        "keywords": "Language Identification,",
        "title_embedding": [],
        "abstract_embedding": []
    },
    {
        "id": 3211,
        "label": 539,
        "title": "Genetic Algorithm Based Optimal Block Mapping Method for LSB Substitution",
        "organization": null,
        "abstract": NaN,
        "conf": "Intelligent Information Hiding and Multimedia Signal Processing",
        "email": null,
        "coauthors": [
            "rongrong ji",
            "hongxun yao",
            "shaohui liu"
        ],
        "keywords": "Genetic Algorithm,",
        "title_embedding": [],
        "abstract_embedding": []
    },
    {
        "id": 3212,
        "label": 539,
        "title": "A New Steganalysis Method for Adaptive Spread Spectrum Steganography",
        "organization": null,
        "abstract": NaN,
        "conf": "Intelligent Information Hiding and Multimedia Signal Processing",
        "email": null,
        "coauthors": [
            "rongrong ji",
            "hongxun yao",
            "shaohui liu",
            "jianchao sun"
        ],
        "keywords": "Spread Spectrum,",
        "title_embedding": [],
        "abstract_embedding": []
    },
    {
        "id": 3213,
        "label": 539,
        "title": "Effective and Automatic Calibration Using Concentric Circles",
        "organization": null,
        "abstract": NaN,
        "conf": "International Journal of Pattern Recognition and Artificial Intelligence",
        "email": null,
        "coauthors": [
            "hongxun yao",
            "h. d. cheng"
        ],
        "keywords": null,
        "title_embedding": [],
        "abstract_embedding": []
    },
    {
        "id": 3214,
        "label": 539,
        "title": "Geometric and Algebraic Approaches of Planar Structure Recovery Based on Properties of Dual Conic",
        "organization": null,
        "abstract": NaN,
        "conf": "International Journal of Pattern Recognition and Artificial Intelligence",
        "email": null,
        "coauthors": [
            "hongxun yao",
            "shaohui liu"
        ],
        "keywords": "Algebraic Approach,",
        "title_embedding": [],
        "abstract_embedding": []
    },
    {
        "id": 3215,
        "label": 540,
        "title": "Global Stability of Optimization Based Flow Control with Time-Varying Delays",
        "organization": null,
        "abstract": NaN,
        "conf": "Parallel and Distributed Computing: Applications and Technologies",
        "email": null,
        "coauthors": [
            "yuedong xu",
            "zhihong guan",
            "hua o. wang"
        ],
        "keywords": "Flow Control,Global Stability,Time-varying Delay,",
        "title_embedding": [],
        "abstract_embedding": []
    },
    {
        "id": 3216,
        "label": 540,
        "title": "Climate modification directed by control theory",
        "organization": null,
        "abstract": "Climate modification measures to counteract global warming receive some more new attentions in these years. Most current researches only discuss the impact of these measures to climate, but how to design such a climate regulator is still unknown. This paper shows the control theory could give the systematic direction for climate modification. But the control analyzing also reveals that climate Control Theory;Global Warming; Computing Research Repository http://www.informatik.uni-trier.de/~ley/db/journals/corr/corr0805.html#abs-0805-0541,http://arxiv.org/abs/0805.0541 2008",
        "conf": NaN,
        "email": null,
        "coauthors": [],
        "keywords": null,
        "title_embedding": [],
        "abstract_embedding": []
    },
    {
        "id": 3217,
        "label": 540,
        "title": "How to build a DNA search engine like Google?",
        "organization": null,
        "abstract": "This paper presents a novel method to build the large scale DNA sequences search system based on web search engine technology. Firstly, we find 12 bp may be the length of most DNA \"word\" by Zipf's laws. Then the \"vocabulary\" of DNA was constructed by N-grams statistical model. After having a vocabulary, we could easily segment the DNA sequence, build Dna Sequence;Inverted Index;Large Scale;Search Engine;Statistical Language Model;Statistical Model;Web Search Engine;zipf's law; Computing Research Repository http://arxiv.org/abs/1006.4114,http://www.informatik.uni-trier.de/~ley/db/journals/corr/corr1006.html#abs-1006-4114 2010",
        "conf": NaN,
        "email": null,
        "coauthors": [],
        "keywords": null,
        "title_embedding": [],
        "abstract_embedding": []
    },
    {
        "id": 3218,
        "label": 540,
        "title": "Evolution: Google vs. DRIS",
        "organization": null,
        "abstract": "This paper gives an absolute new search system that builds the information retrieval infrastructure for Internet. Now most search engine companies are mainly concerned with how to make profit from company users by advertisement and ranking prominence, but never consider what its real customers will feel. Few web search engines can sell billions dollars just at the cost of inconvenience Information Retrieval;Profitability;Public Good;Search Engine;Web Search Engine; Computing Research Repository http://arxiv.org/abs/cs/0312024,http://www.informatik.uni-trier.de/~ley/db/journals/corr/corr0312.html#cs-DL-0312024,http://arxiv.org/abs/cs.DL/0312024 2003",
        "conf": NaN,
        "email": null,
        "coauthors": [
            "guo yi-ping",
            "fang ming"
        ],
        "keywords": null,
        "title_embedding": [],
        "abstract_embedding": []
    },
    {
        "id": 3219,
        "label": 540,
        "title": "Make search become the internal function of Internet",
        "organization": null,
        "abstract": "Domain Resource Integrated System (DRIS) is introduced in this paper. DRIS is a distributed information retrieval system, which will solve problems like poor coverage, long update interval in current web search system. The most distinct character of DRIS is that it's a public opening system, and acts as an internal component of Internet, but not the production of a company. Distributed Information Retrieval;Distributed System;Information Network;Information Retrieval;Integrable System;Keyword Search;Open System;Web Search;web-based service; Computing Research Repository http://www.informatik.uni-trier.de/~ley/db/journals/corr/corr0311.html#cs-IR-0311015,http://arxiv.org/abs/cs/0311015,http://arxiv.org/abs/cs.IR/0311015 2003",
        "conf": NaN,
        "email": null,
        "coauthors": [
            "guo yi-ping",
            "fang ming"
        ],
        "keywords": null,
        "title_embedding": [],
        "abstract_embedding": []
    },
    {
        "id": 3220,
        "label": 540,
        "title": "Web pages search engine based on DNS",
        "organization": null,
        "abstract": "Search engine is main access to the largest information source in this world, Internet. Now Internet is changing every aspect of our life. Information retrieval service may be its most important services. But for common user, internet search service is still far from our expectation, too many unrelated search results, old information, etc. To solve these problems, a new system, Distributed System;Information Network;Information Retrieval;Information Sources;Keyword Search;Search Engine;Web Pages;web-based service; Computing Research Repository http://arxiv.org/abs/cs.NI/0403035,http://arxiv.org/abs/cs/0403035,http://www.informatik.uni-trier.de/~ley/db/journals/corr/corr0403.html#cs-NI-0403035 2004",
        "conf": NaN,
        "email": null,
        "coauthors": [
            "guo yi-ping",
            "fang ming"
        ],
        "keywords": null,
        "title_embedding": [],
        "abstract_embedding": []
    },
    {
        "id": 3221,
        "label": 540,
        "title": "Domain resource integration system",
        "organization": null,
        "abstract": "Domain Resource Integrated System (DRIS) is introduced in this paper. DRIS is a hierarchical distributed Internet information retrieval system. This system will solve some bottleneck problems such as long update interval, poor coverage in current web search system. DRIS will build the information retrieval infrastructure of Internet, but not a commercial search engine. The protocol series of DRIS are also",
        "conf": "Computing Research Repository",
        "email": null,
        "coauthors": [
            "guo yi-ping",
            "fang ming"
        ],
        "keywords": "Distributed System,Information Retrieval,Information Retrieval System,Integrable System,Search Engine,Web Search,web-based service,",
        "title_embedding": [],
        "abstract_embedding": []
    },
    {
        "id": 3222,
        "label": 540,
        "title": "Web search engine based on DNS",
        "organization": null,
        "abstract": NaN,
        "conf": "Journal of Network and Computer Applications",
        "email": null,
        "coauthors": [
            "guo yi-ping",
            "fang ming"
        ],
        "keywords": "Web Search Engine,",
        "title_embedding": [],
        "abstract_embedding": []
    },
    {
        "id": 3223,
        "label": 540,
        "title": "Web search engine based on DNS",
        "organization": null,
        "abstract": NaN,
        "conf": "Journal of Network and Computer Applications",
        "email": null,
        "coauthors": [
            "guo yi-ping",
            "fang ming"
        ],
        "keywords": "Web Search Engine,",
        "title_embedding": [],
        "abstract_embedding": []
    },
    {
        "id": 3224,
        "label": 541,
        "title": "Sensor-Based Human Activity Recognition in a Multi-user Scenario",
        "organization": null,
        "abstract": NaN,
        "conf": "European Conference on Ambient Intelligence",
        "email": null,
        "coauthors": [
            "tao gu",
            "xianping tao",
            "jian lu"
        ],
        "keywords": "Human Activity Recognition,Multi User,",
        "title_embedding": [],
        "abstract_embedding": []
    },
    {
        "id": 3225,
        "label": 542,
        "title": "New Equalizing Scheme of Active Noise Equalization System in Automobile Cabin",
        "organization": null,
        "abstract": NaN,
        "conf": "International Conference on Multimedia Computing and Systems/International Conference on Multimedia and Expo",
        "email": null,
        "coauthors": [
            "woon-seng gan",
            "yong kim chong"
        ],
        "keywords": null,
        "title_embedding": [],
        "abstract_embedding": []
    },
    {
        "id": 3226,
        "label": 542,
        "title": "Convergence Analysis of Narrowband Active Noise Equalizer System Under Imperfect Secondary Path Estimation",
        "organization": null,
        "abstract": "Abstract---- Active  noise  equalizer  systems  are  used  to  adjust the  noise  level  in  an  environment,  based  on  the  preference of  retaining  noise  information.  Several  researches have  been  carried  out  to  determine  the  maximum step size bond of narrowband active noise control system with perfect secondary path estimation without gain factor consideration.  However,  in  practical  environment,  secondary path estimation error ofthe",
        "conf": "IEEE Transactions on Audio, Speech & Language Processing",
        "email": null,
        "coauthors": [
            "woon-seng gan"
        ],
        "keywords": "Active Noise Control,Convergence Analysis,Estimation Error,Indexing Terms,Least Mean Square,Sampling Frequency,",
        "title_embedding": [],
        "abstract_embedding": []
    },
    {
        "id": 3227,
        "label": 543,
        "title": "The self-cited rate of scientific journals and the manipulation of their impact factors",
        "organization": null,
        "abstract": NaN,
        "conf": "Scientometrics",
        "email": null,
        "coauthors": [
            "guang yu"
        ],
        "keywords": "Impact Factor,",
        "title_embedding": [],
        "abstract_embedding": []
    },
    {
        "id": 3228,
        "label": 543,
        "title": "Reliability-based citation impact factor and the manipulation of impact factor",
        "organization": null,
        "abstract": NaN,
        "conf": "Scientometrics",
        "email": null,
        "coauthors": [
            "guang yu",
            "dong-hui yang"
        ],
        "keywords": "Impact Factor,",
        "title_embedding": [],
        "abstract_embedding": []
    }
]