[
    {
        "id": 3311,
        "label": 561,
        "title": "Cognitive Load Theory Based Effectiveness Evaluation on Dynamic Math Teaching",
        "organization": null,
        "abstract": NaN,
        "conf": "International Conference on Hybrid Learning and Education",
        "email": null,
        "coauthors": [
            "ngaihong chan",
            "yilin chu"
        ],
        "keywords": "Cognitive Load Theory,",
        "title_embedding": [],
        "abstract_embedding": []
    },
    {
        "id": 3312,
        "label": 561,
        "title": "A Mathematical Model for Edge Detection using Rotational Wavelet Transform",
        "organization": null,
        "abstract": NaN,
        "conf": "Signal and Image Processing",
        "email": null,
        "coauthors": [
            "tao qian"
        ],
        "keywords": "Edge Detection,Mathematical Model,Wavelet Transform,",
        "title_embedding": [],
        "abstract_embedding": []
    },
    {
        "id": 3313,
        "label": 562,
        "title": "Numerical study of a novel MFIE formulation using monopolar RWG basis functions",
        "organization": null,
        "abstract": NaN,
        "conf": "Computer Physics Communications",
        "email": null,
        "coauthors": [
            "ali deng",
            "minghong wang",
            "shaoqing yang"
        ],
        "keywords": null,
        "title_embedding": [],
        "abstract_embedding": []
    },
    {
        "id": 3314,
        "label": 563,
        "title": "Knowledge-based eye detection for human face recognition",
        "organization": null,
        "abstract": "Human facial feature detection is a signlficant but dfficult task. An algorithm of knowledge based eye detection is presented in this paper. The algorithm consists of two main stages: the face and eye region locating stage and the eye detection stage. In the first stage, an effective approach to fast locating the face and eye region is developed. In the",
        "conf": "Knowledge-Based Intelligent Information & Engineering Systems",
        "email": null,
        "coauthors": [
            "patrick m. lenders"
        ],
        "keywords": "Eye Detection,Face Recognition,Facial Feature Detection,Facial Feature Extraction,Image Processing Techniques,Knowledge Base,",
        "title_embedding": [],
        "abstract_embedding": []
    }
]