[
    {
        "id": 3344,
        "label": 569,
        "title": "Near and Far Infrared Imaging for Vein Pattern Biometrics",
        "organization": null,
        "abstract": NaN,
        "conf": "Advanced Video and Signal Based Surveillance",
        "email": null,
        "coauthors": [
            "graham leedham"
        ],
        "keywords": "Far Infrared,",
        "title_embedding": [],
        "abstract_embedding": []
    },
    {
        "id": 3345,
        "label": 569,
        "title": "A Watershed Algorithmic Approach for Gray-Scale Skeletonization in Thermal Vein Pattern Biometrics",
        "organization": null,
        "abstract": NaN,
        "conf": "Computational and Information Science",
        "email": null,
        "coauthors": [
            "graham leedham"
        ],
        "keywords": null,
        "title_embedding": [],
        "abstract_embedding": []
    },
    {
        "id": 3346,
        "label": 569,
        "title": "A Thermal Hand Vein Pattern Verification System",
        "organization": null,
        "abstract": "Many biometrics, such as face, fingerprint and iris images, have been studied extensively for personal verification purposes in the past few decades. However, verification using vein patterns is less devel- oped compared to other human traits. A new personal verification system using the thermal-imaged vein pattern in the back of the hand is pre- sented in the paper. The system",
        "conf": "Advances in Pattern Recognition",
        "email": null,
        "coauthors": [
            "graham leedham"
        ],
        "keywords": "hausdorff distance,Image Enhancement,Thermal Imaging,",
        "title_embedding": [],
        "abstract_embedding": []
    },
    {
        "id": 3347,
        "label": 569,
        "title": "Minutiae feature analysis for infrared hand vein pattern biometrics",
        "organization": null,
        "abstract": NaN,
        "conf": "Pattern Recognition",
        "email": null,
        "coauthors": [
            "graham leedham",
            "david siu-yeung cho"
        ],
        "keywords": "Feature Analysis,Infrared,",
        "title_embedding": [],
        "abstract_embedding": []
    }
]