[
    {
        "id": 3348,
        "label": 570,
        "title": "Inter-enterprise Multi-processes Quality Dynamic Control Method Based on Processing Network",
        "organization": null,
        "abstract": NaN,
        "conf": "International Conference on Intelligent Robotics and Applications",
        "email": null,
        "coauthors": [
            "yongtao qin",
            "yiyong yao",
            "damin xu"
        ],
        "keywords": "Dynamic Control,Process Network,",
        "title_embedding": [],
        "abstract_embedding": []
    },
    {
        "id": 3349,
        "label": 570,
        "title": "Dual-Core Embedded Real-Time Inspection and Analysis Platform for Field Quality Control and Application",
        "organization": null,
        "abstract": NaN,
        "conf": "International Conference on Intelligent Robotics and Applications",
        "email": null,
        "coauthors": [
            "yiyong yao",
            "xin li",
            "damin xu"
        ],
        "keywords": "Quality Control,Real Time,",
        "title_embedding": [],
        "abstract_embedding": []
    },
    {
        "id": 3350,
        "label": 570,
        "title": "Service Design for Product Lifecycle in Service Oriented Manufacturing",
        "organization": null,
        "abstract": NaN,
        "conf": "International Conference on Intelligent Robotics and Applications",
        "email": null,
        "coauthors": [
            "jun wan",
            "pingyu jiang",
            "yongtao qin"
        ],
        "keywords": "Service Design,Service Orientation,",
        "title_embedding": [],
        "abstract_embedding": []
    },
    {
        "id": 3351,
        "label": 570,
        "title": "A Quality Control Model for Extended Enterprises and Its Implementation",
        "organization": null,
        "abstract": NaN,
        "conf": "IFIP TC8 Publications",
        "email": null,
        "coauthors": [
            "yongtao qin",
            "yiyong yao",
            "damin xu"
        ],
        "keywords": "Extended Enterprise,Quality Control,",
        "title_embedding": [],
        "abstract_embedding": []
    },
    {
        "id": 3352,
        "label": 570,
        "title": "Quality Tracing and Control Information System for Extended Enterprise",
        "organization": null,
        "abstract": NaN,
        "conf": "IFIP TC8 Publications",
        "email": null,
        "coauthors": [
            "damin xu",
            "yiyong yao",
            "yongtao qin"
        ],
        "keywords": "Extended Enterprise,Information System,",
        "title_embedding": [],
        "abstract_embedding": []
    },
    {
        "id": 3353,
        "label": 571,
        "title": "A KNN-Based Learning Method for Biology Species Categorization",
        "organization": null,
        "abstract": NaN,
        "conf": "International Conference on Natural Computation",
        "email": null,
        "coauthors": [
            "yan dang",
            "yulei zhang",
            "dongmo zhang"
        ],
        "keywords": "Learning Methods,",
        "title_embedding": [],
        "abstract_embedding": []
    },
    {
        "id": 3354,
        "label": 571,
        "title": "Information theory-based algorithm for in silico prediction of PCR products with whole genomic sequences as templates",
        "organization": null,
        "abstract": NaN,
        "conf": "BMC Bioinformatics",
        "email": null,
        "coauthors": [
            "youfang cao",
            "lianjie wang",
            "kexue xu",
            "chunhai kou",
            "yulei zhang",
            "guifang wei",
            "junjian he",
            "yunfang wang"
        ],
        "keywords": "Genome Sequence,in silico,Information Theory,",
        "title_embedding": [],
        "abstract_embedding": []
    },
    {
        "id": 3355,
        "label": 572,
        "title": "A No-Word-Segmentation Hierarchical Clustering Approach to Chinese Web Search Results",
        "organization": null,
        "abstract": NaN,
        "conf": "Asia Information Retrieval Symposium",
        "email": null,
        "coauthors": [
            "hui zhang",
            "rui liu",
            "deqing wang"
        ],
        "keywords": "Hierarchical Clustering,Web Search,Word Segmentation,",
        "title_embedding": [],
        "abstract_embedding": []
    },
    {
        "id": 3356,
        "label": 573,
        "title": "An Event Detection Algorithm Based on Improved STC",
        "organization": null,
        "abstract": NaN,
        "conf": "International Conference on Networking, Sensing and Control",
        "email": null,
        "coauthors": [
            "li-qing qiu",
            "bin pang"
        ],
        "keywords": "Event Detection,",
        "title_embedding": [],
        "abstract_embedding": []
    }
]