[
    {
        "id": 3365,
        "label": 575,
        "title": "Building A Global Learning Community",
        "organization": null,
        "abstract": "Communicating over differing continents and time zones is not an obstacle when the quality and tone of the communication are viewed as important as the project at hand.",
        "conf": "Communications of The ACM",
        "email": null,
        "coauthors": [
            "gerardine desanctis",
            "matthew wright"
        ],
        "keywords": "Learning Community,",
        "title_embedding": [],
        "abstract_embedding": []
    },
    {
        "id": 3366,
        "label": 576,
        "title": "Brain Functional Networks Involved in Finger Movement",
        "organization": null,
        "abstract": NaN,
        "conf": "International Conference on BioMedical Engineering and Informatics",
        "email": null,
        "coauthors": [
            "fangfeng zhang",
            "chunhui chen",
            "qi dong",
            "yan liu"
        ],
        "keywords": "Brain Function,",
        "title_embedding": [],
        "abstract_embedding": []
    }
]