[
    {
        "id": 3393,
        "label": 592,
        "title": "Macroscope: end-point approach to networked application dependency discovery",
        "organization": null,
        "abstract": "Enterprise and data center networks consist of a large number of complex networked applications and services that depend upon each other. For this reason, they are difficult to manage and diagn ose. In this paper we propose Macroscope, a new approach to extracting the dependencies of networked applications automatically by com- bining application process information with network level packet traces.",
        "conf": "Conference on Emerging Network Experiment and Technology",
        "email": null,
        "coauthors": [
            "byung-gon chun",
            "ion stoica",
            "jaideep chandrashekar",
            "nina taft"
        ],
        "keywords": "Complex Network,Data Center,",
        "title_embedding": [],
        "abstract_embedding": []
    },
    {
        "id": 3394,
        "label": 592,
        "title": "Reducing Congestion Effects in Wireless Networks by Multipath Routing",
        "organization": null,
        "abstract": "We propose a solution to improve fairness and in- crease throughput in wireless networks with location informa- tion. Our approach consists of a multipath routing protocol, Bi- ased Geographical Routing (BGR), and two congestion control algorithms, In-Network Packet Scatter (IPS) and End-to-End Packet Scatter (EPS), which leverage BGR to avoid the con- gested areas of the network. BGR achieves good",
        "conf": "International Conference on Network Protocols",
        "email": null,
        "coauthors": [
            "costin raiciu",
            "ion stoica",
            "david s. rosenblum"
        ],
        "keywords": "Computational Complexity,Congestion Control,Energy Efficient,Geographic Routing,Multipath Routing,Rate Control,Wireless Network,Long Range,",
        "title_embedding": [],
        "abstract_embedding": []
    },
    {
        "id": 3395,
        "label": 592,
        "title": "Using code collection to support large applications on mobile devices",
        "organization": null,
        "abstract": "The progress of mobile device technology unfolds a new spectrum of applications that challenges conventional infrastructure models. Most of these devices are perceived by their users as \"appliances\" rather than computers and accordingly the application management should be done transparently by the underlying system unlike classic applications managed explicitly by the user. Memory management on such devices should consider new",
        "conf": "Mobile Computing and Networking",
        "email": null,
        "coauthors": [
            "costin raiciu",
            "radu teodorescu",
            "irina athanasiu",
            "raju pandey"
        ],
        "keywords": "Active Network,Adaptive Coding,Application Management,Code Mobility,context-aware application,Data Management,Garbage Collection,Memory Management,Mobile Agent,Mobile Application,Mobile Device,Spectrum,",
        "title_embedding": [],
        "abstract_embedding": []
    },
    {
        "id": 3396,
        "label": 592,
        "title": "Balancing traffic load in wireless networks with curveball routing",
        "organization": null,
        "abstract": "We address the problem of balancing the traffic load in multi-hop wireless networks. We consider a point-to-point communicating network with a uniform distribution of source-sink pairs. When routing along shortest paths, the nodes that are centrally located forward a disproportionate amount of traffic. This translates into increased congestion and energy consumption. However, the maximum load can be decreased if the",
        "conf": "Mobile Ad Hoc Networking and Computing",
        "email": null,
        "coauthors": [
            "afshin rostamizadeh",
            "richard m. karp",
            "christos h. papadimitriou",
            "ion stoica"
        ],
        "keywords": "Community Networks,Energy Consumption,Geographic Routing,Geometric Optics,Load Balance,multi-hop wireless network,Sensor Network,Uniform Distribution,Wireless Network,Linear Program,Point To Point,Shortest Path,",
        "title_embedding": [],
        "abstract_embedding": []
    },
    {
        "id": 3397,
        "label": 592,
        "title": "The design and implementation of a declarative sensor network system",
        "organization": null,
        "abstract": "Sensor networks are notoriously difficult to program, given that they encompass the complexities of both dis- tributed and embedded systems. To address this problem, we present the design and implementation of a declarative sensor network platform, DSN: a declarative language, com- piler and runtime suitable for programming a broad range of sensornet applications. We demonstrate that our approach is a",
        "conf": "Conference On Embedded Networked Sensor Systems",
        "email": null,
        "coauthors": [
            "david chu",
            "arsalan tavakoli",
            "joseph m. hellerstein",
            "philip levis",
            "scott shenker",
            "ion stoica"
        ],
        "keywords": "Data Collection,Declarative Languages,Declarative Programming,Design and Implementation,Embedded System,Geographic Routing,Sensor Network,",
        "title_embedding": [],
        "abstract_embedding": []
    },
    {
        "id": 3398,
        "label": 592,
        "title": "Entirely Declarative Sensor Network Systems",
        "organization": null,
        "abstract": "The database and sensor network community have both rec- ognized the utility of SQL for interfacing with sensor net- work systems. Recently there have been proposals to con- struct Internet protocols declaratively in variants of Datalog. We take these ideas to their logical extreme, and demon- strate entire distributed sensor network systems built declar- atively. Our demo exposes the rapidity,",
        "conf": "Very Large Data Bases",
        "email": null,
        "coauthors": [
            "david chu",
            "arsalan tavakoli",
            "joseph m. hellerstein"
        ],
        "keywords": "Database System,Distributed Sensor Network,Distributed System,Sensor Network,Internet Protocol,",
        "title_embedding": [],
        "abstract_embedding": []
    }
]