[
    {
        "id": 4010,
        "label": 762,
        "title": "Molecular dynamics simulation of the effect of tool edge radius on cutting forces and cutting region in nanoscale ductile cutting of silicon",
        "organization": null,
        "abstract": NaN,
        "conf": "International Journal of Manufacturing Technology and Management",
        "email": null,
        "coauthors": [
            "m. b. cai",
            "x. p. li"
        ],
        "keywords": "Cutting Force,Molecular Dynamic Simulation,",
        "title_embedding": [],
        "abstract_embedding": []
    },
    {
        "id": 4011,
        "label": 762,
        "title": "Feature Extraction and Selection in Tool Condition Monitoring System",
        "organization": null,
        "abstract": NaN,
        "conf": "Australian Joint Conference on Artificial Intelligence",
        "email": null,
        "coauthors": [
            "sun jie",
            "g. s. hong",
            "yoke-san wong"
        ],
        "keywords": "Condition Monitoring,Feature Extraction,",
        "title_embedding": [],
        "abstract_embedding": []
    },
    {
        "id": 4012,
        "label": 762,
        "title": "The Application of Nonstandard Support Vector Machine in Tool Condition Monitoring System",
        "organization": null,
        "abstract": NaN,
        "conf": "Workshop on Electronic Design, Test and Applications",
        "email": null,
        "coauthors": [
            "j. sun",
            "g. s. hong",
            "yoke-san wong"
        ],
        "keywords": "Condition Monitoring,Support Vector Machine,",
        "title_embedding": [],
        "abstract_embedding": []
    },
    {
        "id": 4013,
        "label": 762,
        "title": "Multi-niche crowding in the development of parallel genetic simulated annealing",
        "organization": null,
        "abstract": "In this paper, a new hybrid of genetic algorithm (GA) and simulated annealing (SA), referred to as GSA, is presented. In this algorithm, SA is incorporated into GA to escape from the local optima. Then, the idea of hierarchical parallel GA is borrowed to parallelize GSA for the optimization of multimodal functions. In addition, multi-niche crowding is used to maintain",
        "conf": "Genetic and Evolutionary Computation Conference",
        "email": null,
        "coauthors": [
            "zhi-gang wang",
            "yoke-san wong"
        ],
        "keywords": "Genetic Algorithm,Genetics,Parallel Genetic Algorithm,Simulated Annealing,Breeder Genetic Algorithm,",
        "title_embedding": [],
        "abstract_embedding": []
    },
    {
        "id": 4014,
        "label": 762,
        "title": "Molecular dynamics modelling and simulation of nanoscale ductile cutting of silicon",
        "organization": null,
        "abstract": NaN,
        "conf": "Journal of Computer Applications in Technology",
        "email": null,
        "coauthors": [
            "minbo cai",
            "xiaoping li"
        ],
        "keywords": "Modelling and Simulation,Molecular Dynamic,",
        "title_embedding": [],
        "abstract_embedding": []
    },
    {
        "id": 4015,
        "label": 762,
        "title": "Study of WEDM parameter phenomena for microfabrication",
        "organization": null,
        "abstract": NaN,
        "conf": "International Journal of Manufacturing Technology and Management",
        "email": null,
        "coauthors": [
            "sadiq m. alam",
            "h. s. lim"
        ],
        "keywords": null,
        "title_embedding": [],
        "abstract_embedding": []
    },
    {
        "id": 4016,
        "label": 762,
        "title": "Development of a parallel optimization method based on genetic simulated annealing algorithm",
        "organization": null,
        "abstract": "This paper presents a parallel genetic simulated annealing (PGSA) algorithm that has been developed and applied to optimize continuous problems. In PGSA, the entire population is divided into subpopulations, and in each subpopulation the algorithm uses the local search ability of simulated annealing after crossover and mutation. The best individuals of each subpopulation are migrated to neighboring ones after certain",
        "conf": "Parallel Computing",
        "email": null,
        "coauthors": [
            "zhi-gang wang",
            "yoke-san wong"
        ],
        "keywords": "Genetics,Optimal Method,Parallel Genetic Algorithm,Performance Evaluation,Simulated Annealing,Simulated Annealing Algorithm,Local Search,",
        "title_embedding": [],
        "abstract_embedding": []
    },
    {
        "id": 4017,
        "label": 763,
        "title": "Brain Image Registration Analysis Workflow for fMRI Studies on Global Grids",
        "organization": null,
        "abstract": "Scientific applications like neuroscience data analysis are usually compute and data-intensive. With the use of the additional capacity offered by distributed resources and suitable middlewares, we can achieve much shorter exe- cution time, distribute compute and storage load, and add greater flexibility to the execution of these scientific appli- cations than we could ever achieve in a single compute re-",
        "conf": "Advanced Information Networking and Applications",
        "email": null,
        "coauthors": [
            "suraj pandey",
            "william voorsluys",
            "rajkumar buyya",
            "james dobson",
            "kenneth chiu"
        ],
        "keywords": "Brain Imaging,Data Analysis,Distributed Computing,Functional Magnetic Resonance Images,Middleware,Resource Use,Scientific Application,",
        "title_embedding": [],
        "abstract_embedding": []
    },
    {
        "id": 4018,
        "label": 763,
        "title": "An Autonomic Workflow Management System for Global Grids",
        "organization": null,
        "abstract": "Workflow Management System is generally utilized to define, manage and execute workflow applications on Grid resources. However, the increasing scale complexity, heterogeneity and dynamism of Grid environment that includes networks, resources and applications have made such workflow management systems brittle, unmanageable and insecure. Auto- nomic computing provides a holistic approach for the design and development of systems/applications that can adapt",
        "conf": "Cluster Computing and the Grid",
        "email": null,
        "coauthors": [
            "rajkumar buyya"
        ],
        "keywords": "Autonomic Computing,Design and Development,Fault Tolerant,Holistic Approach,Workflow Management System,",
        "title_embedding": [],
        "abstract_embedding": []
    },
    {
        "id": 4019,
        "label": 763,
        "title": "A Decentralized and Cooperative Workflow Scheduling Algorithm",
        "organization": null,
        "abstract": "In the current approaches to workflow scheduling, there is no cooperation between the distributed workflow brokers and as a result, the problem of conflicting schedules occur. To overcome this problem, in this paper, we propose a decentralized and cooperative workflow scheduling algorithm. The proposed approach utilizes a Peer-to-Peer (P2P) coordination space with respect to coordinating the application schedules among the",
        "conf": "Cluster Computing and the Grid",
        "email": null,
        "coauthors": [
            "rajiv ranjan",
            "rajkumar buyya"
        ],
        "keywords": "P2P,Peer To Peer,Resource Discovery,Scheduling Algorithm,trace-driven simulation,",
        "title_embedding": [],
        "abstract_embedding": []
    },
    {
        "id": 4020,
        "label": 763,
        "title": "A Dynamic Critical Path Algorithm for Scheduling Scientific Workflow Applications on Global Grids",
        "organization": null,
        "abstract": "Effective scheduling is a key concern for the execution of performance driven Grid applications. In this paper, we propose a Dynamic Critical Path (DCP) based workflow scheduling algorithm that determines effi- cient mapping of tasks by calculating the critical path in the workflow task graph at every step. It assigns priority to a task in the critical path which is",
        "conf": "e-Science and Grid Computing",
        "email": null,
        "coauthors": [
            "srikumar venugopal",
            "rajkumar buyya"
        ],
        "keywords": "Critical Path,Grid Applications,Resource Availability,Scheduling Algorithm,Scientific Workflow,Task Graphs,",
        "title_embedding": [],
        "abstract_embedding": []
    },
    {
        "id": 4021,
        "label": 763,
        "title": "A grid workflow environment for brain imaging analysis on distributed systems",
        "organization": null,
        "abstract": NaN,
        "conf": "Concurrency and Computation: Practice and Experience",
        "email": null,
        "coauthors": [
            "suraj pandey",
            "william voorsluys",
            "rajkumar buyya",
            "james dobson",
            "kenneth chiu"
        ],
        "keywords": "Brain Imaging,Distributed System,",
        "title_embedding": [],
        "abstract_embedding": []
    },
    {
        "id": 4022,
        "label": 763,
        "title": "Cooperative and decentralized workflow scheduling in global grids",
        "organization": null,
        "abstract": NaN,
        "conf": "Future Generation Computer Systems",
        "email": null,
        "coauthors": [
            "rajiv ranjan",
            "rajkumar buyya"
        ],
        "keywords": null,
        "title_embedding": [],
        "abstract_embedding": []
    },
    {
        "id": 4023,
        "label": 764,
        "title": "Pilgrim's OSF DCE-based Services Architecture",
        "organization": null,
        "abstract": "Within a heterogeneous distributed computing environment, it is necessary to inte- grate services, such as printing and mail, that are scattered throughout the environment and which perform single logical tasks. This paper discusses a general purpo se archi- tecture which provides a framework for designing complex multi-user systems capable of interfacing with these services. The merits of this generalized approach",
        "conf": "Distributed Computing Environment",
        "email": null,
        "coauthors": [
            "j. david narkiewicz",
            "mahesh girkar",
            "manoj srivastava",
            "arthur s. gaylord"
        ],
        "keywords": "Case Study,Distributed Computing Environment,Operating System,Service Architecture,System Architecture,Multi User,",
        "title_embedding": [],
        "abstract_embedding": []
    },
    {
        "id": 4024,
        "label": 764,
        "title": "A Performance Study of an Object-Oriented, Parallel Operating System",
        "organization": null,
        "abstract": " The nascent and rapidly evolving state of parallelsystems often leaves parallel application developers atthe mercy of inefficient, inflexible operating systemsoftware. To assess the feasibility of performance tuningvia malleable system software and to understandthe performance penalties for detailed operating systemperformance data capture, we describe a set ofperformance experiments with Choices, an experimental,object-oriented operating system designed for usewith parallel systems.1 ...",
        "conf": "Hawaii International Conference on System Sciences",
        "email": null,
        "coauthors": [
            "david r. kohr jr.",
            "xingbin zhang",
            "daniel a. reed"
        ],
        "keywords": "Data Capture,Object Oriented,Operating System,Parallel Applications,Parallel Systems,",
        "title_embedding": [],
        "abstract_embedding": []
    },
    {
        "id": 4025,
        "label": 764,
        "title": "The Performance of an Object-Oriented, Parallel Operating System",
        "organization": null,
        "abstract": NaN,
        "conf": "Scientific Programming",
        "email": null,
        "coauthors": [
            "david r. kohr jr.",
            "xingbin zhang",
            "daniel a. reed"
        ],
        "keywords": "Object Oriented,Operating System,",
        "title_embedding": [],
        "abstract_embedding": []
    },
    {
        "id": 4026,
        "label": 765,
        "title": "A Novel Camera Calibration Technique Based on a Rotating Planar Complex Object with a Fixed Point",
        "organization": null,
        "abstract": NaN,
        "conf": "International Conference on Artificial Reality and Telexistence",
        "email": null,
        "coauthors": [
            "gang xu"
        ],
        "keywords": "Camera Calibration,Complex Objects,Fixed Point,",
        "title_embedding": [],
        "abstract_embedding": []
    }
]