[
    {
        "id": 3420,
        "label": 598,
        "title": "3D Feature Analysis in Confocal Microscopy Images",
        "organization": null,
        "abstract": NaN,
        "conf": "Image and Vision Computing New Zealand",
        "email": null,
        "coauthors": [
            "fu cheong frankie fong",
            "reinhard klette",
            "anthony poole"
        ],
        "keywords": "Confocal Microscopy,Feature Analysis,",
        "title_embedding": [],
        "abstract_embedding": []
    }
]