[
    {
        "id": 3429,
        "label": 603,
        "title": "Detecting image spam using visual features and near duplicate detection",
        "organization": null,
        "abstract": "Email spam is a much studied topic, but even though current email spam detecting software has been gaining a competitive edge against text based email spam, new advances in spam generation have posed a new challenge: image-based spam. Image based spam is email which includes embedded images containing the spam messages, but in binary format. In this paper, we study",
        "conf": "World Wide Web Conference Series",
        "email": null,
        "coauthors": [
            "bhaskar mehta",
            "saurabh nangia",
            "wolfgang nejdl"
        ],
        "keywords": "Distance Measure,Duplicate Detection,Gaussian Mixture Model,Image Analysis,Machine Learning,Spam Detection,Support Vector Machine,Visual Features,Information Bottleneck,Jensen Shannon Divergence,",
        "title_embedding": [],
        "abstract_embedding": []
    },
    {
        "id": 3430,
        "label": 604,
        "title": "Intrusion Countermeasures Security Model Based on Prioritization Scheme for Intranet Access Security",
        "organization": null,
        "abstract": NaN,
        "conf": "IEEE Information Assurance Workshop",
        "email": null,
        "coauthors": [
            "shamik banerjee",
            "h. raghav rao",
            "shambhu j. upadhyaya"
        ],
        "keywords": "Security Model,",
        "title_embedding": [],
        "abstract_embedding": []
    },
    {
        "id": 3431,
        "label": 604,
        "title": "Information assurance metric development framework for electronic bill presentment and payment systems using transaction and workflow analysis",
        "organization": null,
        "abstract": "Abstract One of the fastest growing applications in the banking arena is Electronic Bill Presentation and Payment (EBPP), driven primarily by a desire to reduce costs associated with issuing and settling physical bills. EBPP is a secure system for companies to electronically present bills and other related information to their customers, and host the secure payment of these bills. This",
        "conf": "Decision Support Systems",
        "email": null,
        "coauthors": [
            "g. b. tanna",
            "h. raghav rao",
            "shambhu j. upadhyaya"
        ],
        "keywords": "Information Assurance,It Security,Secure System,Security Metric,Service Delivery,Electronic Bill Presentment and Payment,",
        "title_embedding": [],
        "abstract_embedding": []
    },
    {
        "id": 3432,
        "label": 604,
        "title": "Security analysis of Internet technology components enabling globally distributed workplacesa framework",
        "organization": null,
        "abstract": "As organizations increasingly operate, compete, and cooperate in a global context, business processes are also becoming global to propagate the benefits from coordination and standardization across geographical boundaries. In this context, security has gained significance due to increased threats, as well as legislation and compliance issues. This article presents a framework for assessing the security of Internet technology components that",
        "conf": "ACM Transactions on Internet Technology",
        "email": null,
        "coauthors": [
            "shamik banerjee",
            "manish agrawal",
            "h. raghav rao"
        ],
        "keywords": "Business Process,Development Tool,Financial Institutions,Information Flow,Information Security,Information System,Internet Application,Internet Technology,Legislation,Risk Management,Security Analysis,Three Dimensional,",
        "title_embedding": [],
        "abstract_embedding": []
    },
    {
        "id": 3433,
        "label": 605,
        "title": "Adaptive Query Interface for Mining Crime Data",
        "organization": null,
        "abstract": NaN,
        "conf": "Databases in Networked Information Systems",
        "email": null,
        "coauthors": [
            "b. chandra"
        ],
        "keywords": null,
        "title_embedding": [],
        "abstract_embedding": []
    },
    {
        "id": 3434,
        "label": 605,
        "title": "Robust Approach for Estimating Probabilities in Naive-Bayes Classifier",
        "organization": null,
        "abstract": NaN,
        "conf": "Pattern Recognition and Machine Intelligence",
        "email": null,
        "coauthors": [
            "b. chandra"
        ],
        "keywords": "Naive Bayes Classifier,",
        "title_embedding": [],
        "abstract_embedding": []
    },
    {
        "id": 3435,
        "label": 606,
        "title": "Problem Determination Using Dependency Graphs and Run-Time Behavior Models",
        "organization": null,
        "abstract": NaN,
        "conf": "Distributed Systems, Operations and Management",
        "email": null,
        "coauthors": [
            "manoj k. agarwal",
            "karen appleby",
            "gautam kar",
            "anindya neogi",
            "anca sailer"
        ],
        "keywords": "Behavior Modeling,Dependence Graph,",
        "title_embedding": [],
        "abstract_embedding": []
    },
    {
        "id": 3436,
        "label": 606,
        "title": "Fast Extraction of Adaptive Change Point Based Patterns for Problem Resolution in Enterprise Systems",
        "organization": null,
        "abstract": "Enterprise middleware systems typically consist of a large cluster of machines with stringent performance requirements. Hence, when a performance problem occurs in such environments, it is critical that the health monitoring software identifies the root cause of the problem with minimal delay. A technique commonly used for isolating performance problem root causes is rule definition, which involves specifying combinations or",
        "conf": "Distributed Systems, Operations and Management",
        "email": null,
        "coauthors": [
            "manoj k. agarwal",
            "narendran sachindran",
            "vijay mann"
        ],
        "keywords": "Adaptive Learning,Automatic Generation,Change Point,Change Point Detection,Data Mining,Enterprise System,Fault Localization,Health Monitoring,Middleware,Performance Metric,Learning Problems,",
        "title_embedding": [],
        "abstract_embedding": []
    },
    {
        "id": 3437,
        "label": 606,
        "title": "Discovering Dynamic Dependencies in Enterprise Environments for Problem Determination",
        "organization": null,
        "abstract": NaN,
        "conf": "Distributed Systems, Operations and Management",
        "email": null,
        "coauthors": [
            "anindya neogi",
            "manoj k. agarwal",
            "gautam kar"
        ],
        "keywords": null,
        "title_embedding": [],
        "abstract_embedding": []
    },
    {
        "id": 3438,
        "label": 606,
        "title": "Determining configuration parameter dependencies via analysis of configuration data from multi-tiered enterprise applications",
        "organization": null,
        "abstract": "Multi-tiered enterprise applications, which comprise of many (heterogeneous and possibly loosely coupled) components at various layers of the IT stack, typically have configuration dependencies between these different components. A change in the value of a configuration parameter of a component may require changing one or more parameters of other components to the same value. Keeping track of these dependencies is",
        "conf": "International Conference on Autonomic Computing",
        "email": null,
        "coauthors": [
            "vinod ramachandran",
            "manish sethi",
            "soudip roy chowdhury"
        ],
        "keywords": "Crossed Product,Dependent Data,Production System,",
        "title_embedding": [],
        "abstract_embedding": []
    },
    {
        "id": 3439,
        "label": 606,
        "title": "Rapid Deployment of SOA Solutions via Automated Image Replication and Reconfiguration",
        "organization": null,
        "abstract": NaN,
        "conf": "IEEE International Conference on Services Computing",
        "email": null,
        "coauthors": [
            "manish sethi",
            "kalapriya kannan",
            "narendran sachindran"
        ],
        "keywords": null,
        "title_embedding": [],
        "abstract_embedding": []
    },
    {
        "id": 3440,
        "label": 606,
        "title": "Problem Determination in Enterprise Middleware Systems using Change Point Correlation of Time Series Data",
        "organization": null,
        "abstract": "Clustered enterprise middleware systems employing dynamic workload scheduling are susceptible to a variety of application malfunctions that can manifest themselves in a counterintuitive fashion and cause debilitating damage. Until now, diagnosing problems in that domain involves investigating log files and configuration settings and requires in-depth knowledge of the middleware architecture and application design. This paper presents a method for problem",
        "conf": "IEEE/IFIP Network Operations and Management Symposium",
        "email": null,
        "coauthors": [
            "manoj k. agarwal",
            "vijay mann",
            "narendran sachindran",
            "nikos anerousis",
            "lily b. mummert"
        ],
        "keywords": "Change Point,Change Point Detection,Cluster System,False Positive,Health Monitoring,Indexing Terms,Log Files,Middleware,Time Series Data,",
        "title_embedding": [],
        "abstract_embedding": []
    },
    {
        "id": 3441,
        "label": 606,
        "title": "Real-time problem localization for synchronous transactions in HTTP-based composite enterprise applications",
        "organization": null,
        "abstract": NaN,
        "conf": "IEEE/IFIP Network Operations and Management Symposium",
        "email": null,
        "coauthors": [
            "narendran sachindran"
        ],
        "keywords": "Base Composition,Real Time,",
        "title_embedding": [],
        "abstract_embedding": []
    },
    {
        "id": 3442,
        "label": 606,
        "title": "An open framework for federating integrated management model of distributed it environment",
        "organization": null,
        "abstract": NaN,
        "conf": "IEEE/IFIP Network Operations and Management Symposium",
        "email": null,
        "coauthors": [
            "manish sethi",
            "ashok anand",
            "dipayan gangopadhyay",
            "venkateswara reddy madduri"
        ],
        "keywords": "Integrated Management,",
        "title_embedding": [],
        "abstract_embedding": []
    },
    {
        "id": 3443,
        "label": 607,
        "title": "A Nonblocking Algorithm for the Distributed Simulation of FCFS Queueing Networks with Irreducible Markovian Routing",
        "organization": null,
        "abstract": "In this paper we consider the distributed simulation of queueing networks of FCFS servers with infinite buffers, and irreducible Markovian routing. We first show that for either the conservative or optimistic syn- chronization protocols the simulation of such networks can prematurely block owing to event buffer exhaus- tion. Buffer exhaustion can occur in the simulator whether or not the simulator",
        "conf": "ACM Sigsim Simulation Digest",
        "email": null,
        "coauthors": [
            "anurag kumar"
        ],
        "keywords": "Distributed Simulation,Flow Control,Generic Algorithm,Queueing Network,",
        "title_embedding": [],
        "abstract_embedding": []
    },
    {
        "id": 3444,
        "label": 607,
        "title": "Queueing Models and Stability of Message Flows in Distributed Simulators of Open Queueing Networks",
        "organization": null,
        "abstract": "In this paper we study message flow processes in distributed simulators of open queueing networks. We develop and study queueing models for distributed simulators with maximum lookahead sequencing. We characterize the \"external'' arrival process, and the message feedback process in the simulator of a simple queueing network with feedback. We show that a certain \"natural'' modelling construct for the arrival",
        "conf": "ACM Sigsim Simulation Digest",
        "email": null,
        "coauthors": [
            "anurag kumar",
            "rajeev shorey"
        ],
        "keywords": "Distributed Simulation,Open Queueing Network,Queueing Model,Queueing Network,",
        "title_embedding": [],
        "abstract_embedding": []
    },
    {
        "id": 3445,
        "label": 608,
        "title": "Effective Management of Location Dependent Continuous Queries in Mobile Environment",
        "organization": null,
        "abstract": NaN,
        "conf": "DEXA Workshops",
        "email": null,
        "coauthors": [
            "latifur khan"
        ],
        "keywords": "Continuous Query,Mobile Environment,",
        "title_embedding": [],
        "abstract_embedding": []
    },
    {
        "id": 3446,
        "label": 608,
        "title": "Automated Test Data Generation Using MEA-Graph Planning",
        "organization": null,
        "abstract": NaN,
        "conf": "International Conference on Tools with Artificial Intelligence",
        "email": null,
        "coauthors": [
            "farokh b. bastani",
            "latifur khan",
            "i-ling yen"
        ],
        "keywords": "Automated Test Data Generation,",
        "title_embedding": [],
        "abstract_embedding": []
    },
    {
        "id": 3447,
        "label": 608,
        "title": "A study of the model and algorithms for handling location-dependent continuous queries",
        "organization": null,
        "abstract": NaN,
        "conf": "Knowledge and Information Systems",
        "email": null,
        "coauthors": [
            "manghui tu",
            "latifur khan",
            "farokh b. bastani",
            "i-ling yen"
        ],
        "keywords": "Continuous Query,",
        "title_embedding": [],
        "abstract_embedding": []
    },
    {
        "id": 3448,
        "label": 608,
        "title": "Rapid goal-oriented automated software testing using MEA-graph planning",
        "organization": null,
        "abstract": "With the rapid growth in the development of sophisticated modern software applications, such as multimodal distributed systems, the complexity of the software development process has increased enormously, posing an urgent need for the automation of some of the more time-consuming aspects of the development process. One of the key stages in the software development process is system testing. In this",
        "conf": "Software Quality Journal",
        "email": null,
        "coauthors": [
            "jicheng fu",
            "farokh b. bastani",
            "latifur khan",
            "i-ling yen"
        ],
        "keywords": "Ai Planning,Automated Planning,Automatic Generation,Development Process,Distributed System,Goal Orientation,Software Development Process,Software Systems,Software Testing,Test Automation,",
        "title_embedding": [],
        "abstract_embedding": []
    }
]