[
    {
        "id": 3457,
        "label": 611,
        "title": "Evaluation of Agent Oriented Requirements Engineering Frameworks",
        "organization": null,
        "abstract": NaN,
        "conf": "IEEE Control Systems Magazine",
        "email": null,
        "coauthors": [
            "yogesh singh",
            "anjana gosain"
        ],
        "keywords": "Requirement Engineering,",
        "title_embedding": [],
        "abstract_embedding": []
    },
    {
        "id": 3458,
        "label": 611,
        "title": "From Early Requirements to Late Requirements Modeling for a Data Warehouse",
        "organization": null,
        "abstract": NaN,
        "conf": "Networked Computing and Advanced Information Management",
        "email": null,
        "coauthors": [
            "yogesh singh",
            "anjana gosain"
        ],
        "keywords": "Data Warehouse,",
        "title_embedding": [],
        "abstract_embedding": []
    },
    {
        "id": 3459,
        "label": 611,
        "title": "Agent oriented requirements engineering for a data warehouse",
        "organization": null,
        "abstract": "In recent years, a number of requirements engineering (RE) proposals for a data warehouse (DW) systems have been made. In the traditional/operational systems, requirements engineering has been divided into two phases: early & late requirements engineering phase. Most of the data warehouse requirements engineering (DWRE) approaches have not distinguished early requirements engineering phase from late requirements engineering phase. A very",
        "conf": "ACM Sigsoft Software Engineering Notes",
        "email": null,
        "coauthors": [
            "anjana gosain",
            "yogesh singh"
        ],
        "keywords": "Data Warehouse,Information Model,Operating System,Requirement Engineering,",
        "title_embedding": [],
        "abstract_embedding": []
    }
]