[
    {
        "id": 3486,
        "label": 627,
        "title": "3D Ultraschall-Entfernungsmessung mit PseudoRandom Sequenzen",
        "organization": null,
        "abstract": NaN,
        "conf": "Autonome Mobile Systeme",
        "email": null,
        "coauthors": [
            "klaus-werner jorg",
            "jan-peter paulick"
        ],
        "keywords": null,
        "title_embedding": [],
        "abstract_embedding": []
    },
    {
        "id": 3487,
        "label": 627,
        "title": "Mobile Robot Sonar Sensing with PseudoRandom Codes",
        "organization": null,
        "abstract": NaN,
        "conf": "International Conference on Robotics and Automation",
        "email": null,
        "coauthors": [
            "klaus-werner jorg"
        ],
        "keywords": "Mobile Robot,Random Coding,",
        "title_embedding": [],
        "abstract_embedding": []
    },
    {
        "id": 3488,
        "label": 627,
        "title": "Sophisticated mobile robot sonar sensing with pseudorandom codes",
        "organization": null,
        "abstract": NaN,
        "conf": "Robotics and Autonomous Systems",
        "email": null,
        "coauthors": [
            "klaus-werner jorg"
        ],
        "keywords": "Mobile Robot,Random Coding,",
        "title_embedding": [],
        "abstract_embedding": []
    }
]