[
    {
        "id": 3477,
        "label": 623,
        "title": "Writing about C++",
        "organization": null,
        "abstract": NaN,
        "conf": "Conference of the Centre for Advanced Studies on Collaborative Research",
        "email": null,
        "coauthors": [],
        "keywords": null,
        "title_embedding": [],
        "abstract_embedding": []
    },
    {
        "id": 3478,
        "label": 623,
        "title": "A development process for large multimedia titles",
        "organization": null,
        "abstract": "Within IBM there are many groups that have made small-scale multimedia titles. Large titles, however, are not so common. This paper describes the process that we followed to create a large title, Experience C++. It begins with a description of why we decided to create a multimedia title about C++. It then describes the process that we followed to make",
        "conf": "ACM Special Interest Group for Design of Communication",
        "email": null,
        "coauthors": [
            "rich helms"
        ],
        "keywords": "Development Process,",
        "title_embedding": [],
        "abstract_embedding": []
    }
]