[
    {
        "id": 3490,
        "label": 629,
        "title": "A Note on Certificate Path Verification in Next Generation Mobile Communications",
        "organization": null,
        "abstract": "Certificate-based authentication of parties provides a power- ful means for verifying claimed identities, since communicating partners do not have to exchange secrets in advance for authentication. This is es- pecially valuable for roaming scenarios in mobile communications. When dealing with certificates, one must cope with the verification of complete certificate paths for security reasons. In mobile communications, there exist special",
        "conf": "Architektur von Rechensystemen",
        "email": null,
        "coauthors": [
            "matthias enzmann",
            "elli giessler",
            "michael haisch",
            "brian hunter",
            "mohammad ilyas"
        ],
        "keywords": "Internet Access,Mobile Communication,Mobile Device,Next Generation,",
        "title_embedding": [],
        "abstract_embedding": []
    },
    {
        "id": 3491,
        "label": 629,
        "title": "Electronic Payment Systems",
        "organization": null,
        "abstract": NaN,
        "conf": "ACM Digital Rights Management Workshop",
        "email": null,
        "coauthors": [
            "ahmad-reza sadeghi"
        ],
        "keywords": "Electronic Payment System,",
        "title_embedding": [],
        "abstract_embedding": []
    },
    {
        "id": 3492,
        "label": 629,
        "title": "Privacy Protection through Unlinkability of Customer Activities in Business Processes Using Mobile Agents",
        "organization": null,
        "abstract": "Abstract. Web technologies provide several means to infringe user privacy. This is especially true when,customers with the intent to buy tangible goods submit their orders containing their real identity and physical address. Then in practice, the vendor can link this information with all information gathered about the customer beforehand, e.g., observation data on him while browsing through the product catalog.",
        "conf": "Electronic Commerce and Web Technologies",
        "email": null,
        "coauthors": [
            "matthias enzmann",
            "thomas kunz"
        ],
        "keywords": "Business Process,Information Gathering,Mobile Agent,Privacy Protection,Web Technology,Agent Based,",
        "title_embedding": [],
        "abstract_embedding": []
    },
    {
        "id": 3493,
        "label": 629,
        "title": "A Privacy-Friendly Loyalty System for Electronic Marketplaces",
        "organization": null,
        "abstract": "Loyalty systems provide an interesting possibility for vendors in customer relationship management. This holds for both real world and online vendors. Beside potential benefits of loyalty systems, customers may fear an invasion of privacy, and thus often refuse to participate in such pro- grams. In this paper, we present two variants of a privacy- friendly loyalty system to be used",
        "conf": "e-Technology, e-Commerce and e-Service",
        "email": null,
        "coauthors": [
            "matthias enzmann"
        ],
        "keywords": "Customer Relationship Management,Electronic Marketplace,Security Properties,",
        "title_embedding": [],
        "abstract_embedding": []
    },
    {
        "id": 3494,
        "label": 629,
        "title": "A Privacy-Protecting Coupon System",
        "organization": null,
        "abstract": "A coupon represents the right to claim some service which is typically offered by vendors. In practice, issuing bundled multi-coupons is more efcient than issuing single coupons separately. The diversity of interests of the parties involved in a coupon system demands additional security properties beyond the common requirements (e.g., unforgeability). Customers wish to preserve their privacy when using the multi-coupon",
        "conf": "Financial Cryptography",
        "email": null,
        "coauthors": [
            "li-qun chen",
            "matthias enzmann",
            "ahmad-reza sadeghi",
            "michael steiner"
        ],
        "keywords": "Privacy Protection,Security Properties,",
        "title_embedding": [],
        "abstract_embedding": []
    },
    {
        "id": 3495,
        "label": 629,
        "title": "A Privacy-Friendly Loyalty System Based on Discrete Logarithms over Elliptic Curves",
        "organization": null,
        "abstract": "Systems for the support of customer relationship management are be- coming increasingly attractive for vendors. Loyalty systems provide an interest- ing possibility for vendors in customer relationship management. This holds for both real world and online vendors. However, beside some potential benefits of a loyalty system, customers may also fear an invasion into their privacy, and may thus refuse to",
        "conf": "Financial Cryptography",
        "email": null,
        "coauthors": [
            "matthias enzmann",
            "marc fischlin"
        ],
        "keywords": "Customer Relationship Management,Discrete Logarithm,Elliptic Curve,Security and Privacy,computational diffie hellman,decisional diffie hellman,",
        "title_embedding": [],
        "abstract_embedding": []
    },
    {
        "id": 3496,
        "label": 629,
        "title": "A New Infrastructure for User Tracking Prevention and Privacy Protection in Internet Shopping",
        "organization": null,
        "abstract": "Web technologies provide several means to infringe user privacy. This is especially true when customers buying tangible goods submit orders that contain their real identity and physical address. Then, in practice, the vendor can link this information with all information gathered about the customer, obtained through various means. In this paper, we present a solution that is based on mobile",
        "conf": "Infrastructure Security",
        "email": null,
        "coauthors": [
            "matthias enzmann",
            "thomas kunz"
        ],
        "keywords": "Information Gathering,Mobile Agent,Privacy Protection,Web Technology,Base Station,",
        "title_embedding": [],
        "abstract_embedding": []
    },
    {
        "id": 3497,
        "label": 629,
        "title": "Improving Customer Retention in E-Commerce through a Secure and Privacy-Enhanced Loyalty System",
        "organization": null,
        "abstract": NaN,
        "conf": "Information Systems Frontiers",
        "email": null,
        "coauthors": [
            "matthias enzmann"
        ],
        "keywords": "Customer Retention,E Commerce,Security and Privacy,",
        "title_embedding": [],
        "abstract_embedding": []
    },
    {
        "id": 3498,
        "label": 630,
        "title": "A Cost-Efficient RISC Processor Platform for Real Time Audio Applications",
        "organization": null,
        "abstract": NaN,
        "conf": "Systems, Architectures, Modeling, and Simulation",
        "email": null,
        "coauthors": [
            "jens peter wittenburg",
            "ulrich schreiber",
            "ulrich gries",
            "tim niggemeier"
        ],
        "keywords": "Cost Efficiency,Real Time,",
        "title_embedding": [],
        "abstract_embedding": []
    },
    {
        "id": 3499,
        "label": 631,
        "title": "Fachdidaktik des Informatikgrundstudiums",
        "organization": null,
        "abstract": NaN,
        "conf": "GI-Jahrestagung",
        "email": null,
        "coauthors": [
            "volker claus",
            "klaus-peter lohr",
            "sigrid e. schubert"
        ],
        "keywords": null,
        "title_embedding": [],
        "abstract_embedding": []
    }
]