[
    {
        "id": 3606,
        "label": 658,
        "title": "Catalog Integration Made Easy",
        "organization": null,
        "abstract": "In this paper, we study adaptive evaluation techniques for querying XML- based electronic catalogs, and show, by means of experiments performed on real-world catalogs, that our approach can be used to integrate them with virtually zero effort at start-up time, and a small constant factor needed to perform the adaptive evaluation for all subsequent queries. We reach the conclusion that,",
        "conf": "International Conference on Data Engineering",
        "email": null,
        "coauthors": [
            "pedro jose marron",
            "georg lausen"
        ],
        "keywords": "E Commerce,",
        "title_embedding": [],
        "abstract_embedding": []
    },
    {
        "id": 3607,
        "label": 658,
        "title": "XPath-Transformationen zur Integration von XML-Datenstromen",
        "organization": null,
        "abstract": NaN,
        "conf": "Workshop Grundlagen von Datenbanken",
        "email": null,
        "coauthors": [],
        "keywords": null,
        "title_embedding": [],
        "abstract_embedding": []
    }
]