[
    {
        "id": 3608,
        "label": 659,
        "title": "Stable Theories with A New Predicate",
        "organization": null,
        "abstract": NaN,
        "conf": "Journal of Symbolic Logic",
        "email": null,
        "coauthors": [
            "enrique casanovas"
        ],
        "keywords": null,
        "title_embedding": [],
        "abstract_embedding": []
    },
    {
        "id": 3609,
        "label": 659,
        "title": "Pseudo-Finite Homogeneity and Saturation",
        "organization": null,
        "abstract": NaN,
        "conf": "Journal of Symbolic Logic",
        "email": null,
        "coauthors": [
            "jorg flum"
        ],
        "keywords": "Database Query,Expressive Power,",
        "title_embedding": [],
        "abstract_embedding": []
    }
]