[
    {
        "id": 3511,
        "label": 638,
        "title": "Objekt- und Kommunikationsmanagement im multimedialen Buroinformationssystem MuBIS",
        "organization": null,
        "abstract": NaN,
        "conf": "Datenbanksysteme in Bro, Technik und Wissenschaft(German Database Conference)",
        "email": null,
        "coauthors": [
            "ralf cordes",
            "rudiger buck-emden",
            "horst langendorfer"
        ],
        "keywords": null,
        "title_embedding": [],
        "abstract_embedding": []
    },
    {
        "id": 3512,
        "label": 638,
        "title": "Dekomposition und Wertfortpflanzung in einem objektorientierten, multimedialen Modellierungsansatz",
        "organization": null,
        "abstract": NaN,
        "conf": "Datenbanksysteme in Bro, Technik und Wissenschaft(German Database Conference)",
        "email": null,
        "coauthors": [
            "ralf cordes",
            "horst langendorfer"
        ],
        "keywords": null,
        "title_embedding": [],
        "abstract_embedding": []
    },
    {
        "id": 3513,
        "label": 638,
        "title": "Graphical Structure-Oriented Search in a Hypertext System",
        "organization": null,
        "abstract": NaN,
        "conf": "Database and Expert Systems Applications",
        "email": null,
        "coauthors": [
            "s. schmezko"
        ],
        "keywords": null,
        "title_embedding": [],
        "abstract_embedding": []
    },
    {
        "id": 3514,
        "label": 638,
        "title": "The Process of Knowledge Structuring Supported by a Hypertext System",
        "organization": null,
        "abstract": NaN,
        "conf": "Database and Expert Systems Applications",
        "email": null,
        "coauthors": [
            "uwe schreiweis",
            "horst langendorfer"
        ],
        "keywords": "Knowledge Structure,",
        "title_embedding": [],
        "abstract_embedding": []
    },
    {
        "id": 3515,
        "label": 638,
        "title": "An Integrated Approach of Knowledge Acquisition by the Hypertext System CONCORDE",
        "organization": null,
        "abstract": NaN,
        "conf": "European Conference on Hypertext",
        "email": null,
        "coauthors": [
            "uwe schreiweis",
            "horst langendorfer"
        ],
        "keywords": "Integrated Approach,Knowledge Acquisition,",
        "title_embedding": [],
        "abstract_embedding": []
    },
    {
        "id": 3516,
        "label": 638,
        "title": "Graph-Layout fur eine objektorientierte Benutzungsoberflache",
        "organization": null,
        "abstract": NaN,
        "conf": "GI-Jahrestagung",
        "email": null,
        "coauthors": [
            "k. laue",
            "horst langendorfer"
        ],
        "keywords": "Graph Layout,",
        "title_embedding": [],
        "abstract_embedding": []
    },
    {
        "id": 3517,
        "label": 638,
        "title": "Vom lokalen Hypertext zum verteilten Hypermediasystem",
        "organization": null,
        "abstract": NaN,
        "conf": "Hypertext, Information Retrieval, Multimedia",
        "email": null,
        "coauthors": [
            "ralf cordes",
            "horst langendorfer",
            "e. lubben",
            "h. peyn",
            "klaus sullow",
            "t. topperwien"
        ],
        "keywords": null,
        "title_embedding": [],
        "abstract_embedding": []
    },
    {
        "id": 3518,
        "label": 638,
        "title": "Allgemein zugangliche und private Objekte im Hypertextsystem CONCORDE",
        "organization": null,
        "abstract": NaN,
        "conf": "Hypertext, Information Retrieval, Multimedia",
        "email": null,
        "coauthors": [
            "h. peyn",
            "horst langendorfer",
            "t. topperwien"
        ],
        "keywords": null,
        "title_embedding": [],
        "abstract_embedding": []
    },
    {
        "id": 3519,
        "label": 638,
        "title": "Klassendefinitionen und Anfrageformulierung in Informationssytemen durch graphische Interaktion",
        "organization": null,
        "abstract": NaN,
        "conf": "Information Retrieval",
        "email": null,
        "coauthors": [
            "eckhard bartscht",
            "s. schmezko"
        ],
        "keywords": null,
        "title_embedding": [],
        "abstract_embedding": []
    },
    {
        "id": 3520,
        "label": 638,
        "title": "Objektorientierte Modellierung in einem BMFT-Umweltprojekt: Wissensbasierte Fehlerdiagnosse von Klaranlagen",
        "organization": null,
        "abstract": NaN,
        "conf": "Informatik fr den Umweltschutz",
        "email": null,
        "coauthors": [
            "horst langendorfer",
            "jurgen schonwalder"
        ],
        "keywords": null,
        "title_embedding": [],
        "abstract_embedding": []
    },
    {
        "id": 3521,
        "label": 638,
        "title": "Hypertextsysteme - Begrifflichkeit, Modelle, Problemstellungen",
        "organization": null,
        "abstract": NaN,
        "conf": "Wirtschaftsinformatik / Angewandte Informatik",
        "email": null,
        "coauthors": [],
        "keywords": null,
        "title_embedding": [],
        "abstract_embedding": []
    },
    {
        "id": 3522,
        "label": 639,
        "title": "GRID Computing",
        "organization": null,
        "abstract": NaN,
        "conf": "GI-Jahrestagung",
        "email": null,
        "coauthors": [
            "uta bohnebeck"
        ],
        "keywords": "Grid Computing,",
        "title_embedding": [],
        "abstract_embedding": []
    },
    {
        "id": 3523,
        "label": 640,
        "title": "A high throughput screening for rarely transcribed differentially expressed genes",
        "organization": null,
        "abstract": "A novel method combining elements of suppression subtractive hybridization with high throughput differ- ential screening permits the efficient and rapid cloning of rarely transcribed differentially expressed genes. The experimental strategy virtually excludes the possi- bility of isolating false positive clones. The potential of the method is demonstrated by the isolation of 625 differentially expressed cDNAs from the metastatic adenocarcinoma cell",
        "conf": "Nucleic Acids Research",
        "email": null,
        "coauthors": [
            "oliver d. von stein",
            "wolf-gerolf thies"
        ],
        "keywords": "Cell Line,Differential Expression,Differentially Expressed Gene,False Positive,Gene Expression Profile,High Throughput Screening,Perfect Match,Suppressive Subtractive Hybridization,High Throughput,True Positive,",
        "title_embedding": [],
        "abstract_embedding": []
    },
    {
        "id": 3524,
        "label": 641,
        "title": "A paradigm for building diagnostic expert systems by specializing generic device and reasoning models",
        "organization": null,
        "abstract": "This paper describes a generic schematic knowledge representation, acquisition, and manipulation system (SKRAM) applied to diagnostic problem solving in analog circuits. SKRAM is a general purpose declarative, schema-oriented system composed of five layers: (1) an object-oriented implementation layer, (2) a logical layer defining object features, i.e., relations and attributes, (3) an epistemological layer at which schemata are introduced as knowledge",
        "conf": "Industrial and Engineering Applications of Artificial Intelligence and Expert Systems",
        "email": null,
        "coauthors": [
            "glen c. collins",
            "juan e. vargas",
            "john r. bourne",
            "arthur j. brodersen"
        ],
        "keywords": "Analog Circuits,Knowledge Representation,Object Oriented,Problem Solving,Structure and Function,Expert System,layer 2,",
        "title_embedding": [],
        "abstract_embedding": []
    },
    {
        "id": 3525,
        "label": 641,
        "title": "A generic strategy for diagnostic assistance: the technician's assistant",
        "organization": null,
        "abstract": "A simple and generic strategy for the creation and deployment of diagnostic assistance systems has been developed and implemented in a PC environment. It is demonstrated that this strategy permits highly effective and usable systems to be assembled and maintained by domain experts and software personnel who need only limited acquaintance with the tools utilized. A specified partitioning of the",
        "conf": "Industrial and Engineering Applications of Artificial Intelligence and Expert Systems",
        "email": null,
        "coauthors": [
            "m. b. mcbeth",
            "glen c. collins",
            "john r. bourne",
            "arthur j. brodersen"
        ],
        "keywords": "Analog Circuits,Data Gathering,Proof of Principle,",
        "title_embedding": [],
        "abstract_embedding": []
    },
    {
        "id": 3526,
        "label": 641,
        "title": "Similarity-based reasoning about diagnosis of analog circuits",
        "organization": null,
        "abstract": "This paper advocates the use of similarity-based reasoning to improve the efficacy of AI applications dealing with diagnosis of electronic circuits. A paradigm for similarity-based matching is presented, application of this paradigm to diagnosis of electronic circuits is discussed, and a system architecture that supports this concept is described.",
        "conf": "Industrial and Engineering Applications of Artificial Intelligence and Expert Systems",
        "email": null,
        "coauthors": [
            "juan e. vargas",
            "john r. bourne",
            "arthur j. brodersen",
            "glen c. collins"
        ],
        "keywords": "Analog Circuits,System Architecture,",
        "title_embedding": [],
        "abstract_embedding": []
    },
    {
        "id": 3527,
        "label": 642,
        "title": "Spatial Data Mining mit dem DB2 Intelligent Miner",
        "organization": null,
        "abstract": NaN,
        "conf": "Informatiktage",
        "email": null,
        "coauthors": [],
        "keywords": "Spatial Data Mining,",
        "title_embedding": [],
        "abstract_embedding": []
    },
    {
        "id": 3528,
        "label": 643,
        "title": "Porting IgorII from Maude to Haskell",
        "organization": null,
        "abstract": NaN,
        "conf": NaN,
        "email": null,
        "coauthors": [
            "emanuel kitzelmann",
            "ute schmid"
        ],
        "keywords": null,
        "title_embedding": [],
        "abstract_embedding": []
    },
    {
        "id": 3529,
        "label": 643,
        "title": "Data-Driven Detection of Recursive Program Schemes",
        "organization": null,
        "abstract": NaN,
        "conf": "European Conference on Artificial Intelligence",
        "email": null,
        "coauthors": [
            "ute schmid"
        ],
        "keywords": "Recursive Program Scheme,",
        "title_embedding": [],
        "abstract_embedding": []
    },
    {
        "id": 3530,
        "label": 643,
        "title": "Evolutionary Programming Guided by Analytically Generated Seeds",
        "organization": null,
        "abstract": "Evolutionary programming is the most powerful method for inducing recursive functional programs from in- put/output examples while taking into account efficiency and complexity con straints for the target program. However, synthesis time can be considerably high. A strategy which is complementary to the generate-and -test based approaches of evolutionary programming is inductive analytical programming where program con- struction is example-driven,",
        "conf": "International Conference on Evolutionary Computation",
        "email": null,
        "coauthors": [
            "neil crossley",
            "emanuel kitzelmann",
            "ute schmid"
        ],
        "keywords": "Evolutionary Programming,Evolutionary System,Functional Programming,Power Method,Input Output,",
        "title_embedding": [],
        "abstract_embedding": []
    },
    {
        "id": 3531,
        "label": 643,
        "title": "Inductive Synthesis of Recursive Functional Programs",
        "organization": null,
        "abstract": NaN,
        "conf": "German Conference on Artificial Intelligence",
        "email": null,
        "coauthors": [
            "andreas hirschberger",
            "emanuel kitzelmann",
            "ute schmid"
        ],
        "keywords": "Functional Programming,",
        "title_embedding": [],
        "abstract_embedding": []
    },
    {
        "id": 3532,
        "label": 643,
        "title": "Analysis and Evaluation of Inductive Programming Systems in a Higher-Order Framework",
        "organization": null,
        "abstract": "In this paper we present a comparison of several inductive program- ming (IP) systems. IP addresses the problem of learning (recursive) programs from incomplete specifications, such as input/output examples. First, we intro- duce conditional higher-order term rewriting as a common framework for induc- tive program synthesis. Then we characterise the ILP system GOLEM and the inductive functional system MAGICHASKELLER within",
        "conf": "German Conference on Artificial Intelligence",
        "email": null,
        "coauthors": [
            "emanuel kitzelmann",
            "ute schmid"
        ],
        "keywords": "Program Synthesis,Term Rewriting,Higher Order,Input Output,",
        "title_embedding": [],
        "abstract_embedding": []
    },
    {
        "id": 3533,
        "label": 643,
        "title": "IGOR2 - an analytical inductive functional programming system: tool demo",
        "organization": null,
        "abstract": "The analytical inductive programming system IGOR II is an implemented prototype for constructing recursive functional programs from few non-recursive, possibly non-ground example equations describing a subset of the input/output (I/O) behaviour of a function. Starting from an initial, overly general program hypothesis, stepwise several refinement operators are applied which compute successor hypotheses. Organised as an uniformed-cost search, the hypothesis with",
        "conf": "Partial Evaluation and Semantic-Based Program Manipulation",
        "email": null,
        "coauthors": [],
        "keywords": "Functional Programming,Generic Programming,Programming Tool,Input Output,",
        "title_embedding": [],
        "abstract_embedding": []
    },
    {
        "id": 3534,
        "label": 643,
        "title": "I/O guided detection of list catamorphisms: towards problem specific use of program templates in IP",
        "organization": null,
        "abstract": "Inductive programming (IP), usually defined as a search in a space of candidate programs, is an inherent exponentially complex problem. To constrain the search space, program templates have ever been one of the first choices. In previous approaches to incorporate program schemes, either an (often very well) informed expert user has to provide a template in advance, or templates are",
        "conf": "Partial Evaluation and Semantic-Based Program Manipulation",
        "email": null,
        "coauthors": [
            "emanuel kitzelmann"
        ],
        "keywords": "Higher-order Functions,Search Space,Input Output,",
        "title_embedding": [],
        "abstract_embedding": []
    },
    {
        "id": 3535,
        "label": 643,
        "title": "Inductive Programming",
        "organization": null,
        "abstract": NaN,
        "conf": "Knstliche Intelligenz",
        "email": null,
        "coauthors": [
            "ute schmid",
            "emanuel kitzelmann"
        ],
        "keywords": null,
        "title_embedding": [],
        "abstract_embedding": []
    },
    {
        "id": 3536,
        "label": 644,
        "title": "Grid Added Value to Address Malaria",
        "organization": null,
        "abstract": "Through this paper, we call for a distributed, internet-based collaboration to address one of the worst plagues of our present world, malaria. The spirit is a non-proprietary peer-production of information- embedding goods. And we propose to use the grid technology to enable such a world wide \"open source\" like collaboration. The first step towards this vision has been achieved during",
        "conf": "Computing Research Repository",
        "email": null,
        "coauthors": [
            "vincent breton",
            "nicolas jacq"
        ],
        "keywords": "Information Embedding,Open Source,",
        "title_embedding": [],
        "abstract_embedding": []
    },
    {
        "id": 3537,
        "label": 644,
        "title": "Grid-Enabled High Throughput Virtual Screening",
        "organization": null,
        "abstract": NaN,
        "conf": "Grid Computing in Computational Biology",
        "email": null,
        "coauthors": [
            "nicolas jacq",
            "vincent breton",
            "hsin-yen chen",
            "li-yung ho",
            "hurng-chun lee",
            "yannick legre",
            "simon c. lin",
            "astrid maa",
            "emmanuel medernach",
            "ivan merelli",
            "luciano milanesi",
            "giulio rastelli",
            "matthieu reichstadt",
            "jean salzemann",
            "horst schwichtenberg",
            "mahendrakar sridhar",
            "vinod kasam",
            "ying-ta wu",
            "marc zimmermann"
        ],
        "keywords": "Virtual Screening,High Throughput,",
        "title_embedding": [],
        "abstract_embedding": []
    },
    {
        "id": 3538,
        "label": 644,
        "title": "Large Scale In Silico Screening on Grid Infrastructures",
        "organization": null,
        "abstract": "Large-scale grid infrastructures for in silico drug discovery open opportunities of particular interest to neglected and emerging diseases. In 2005 and 2006, we have been able to deploy large scale in silico docking within the framework of the WISDOM initiative against Malaria and Avian Flu requiring about 105 years of CPU on the EGEE, Auvergrid and TWGrid infrastructures. These achievements",
        "conf": "Computing Research Repository",
        "email": null,
        "coauthors": [
            "nicolas jacq",
            "vincent breton",
            "hsin-yen chen",
            "li-yung ho",
            "hurng-chun lee",
            "yannick legre",
            "simon c. lin",
            "astrid maa",
            "emmanuel medernach",
            "ivan merelli",
            "luciano milanesi",
            "giulio rastelli",
            "matthieu reichstadt",
            "jean salzemann",
            "horst schwichtenberg",
            "mahendrakar sridhar",
            "vinod kasam",
            "ying-ta wu",
            "marc zimmermann"
        ],
        "keywords": "Drug Discovery,Emerging Disease,in silico,Large Scale,Molecular Docking,Virtual Screening,",
        "title_embedding": [],
        "abstract_embedding": []
    },
    {
        "id": 3539,
        "label": 644,
        "title": "Grid enabled virtual screening against malaria",
        "organization": null,
        "abstract": "Abstract WISDOM is an international initiative to enable a virtual screening pipeline on a grid infrastructure. Its first attempt was to deploy large scale in silico docking on a public grid infrastructure. Protein-ligand docking is about computing,the binding energy of a protein target to a library of potential drugs using a scoring algorithm.Previous deployments,were",
        "conf": "Computing Research Repository",
        "email": null,
        "coauthors": [
            "nicolas jacq",
            "jean salzemann",
            "yannick legre",
            "emmanuel medernach",
            "johan montagnat",
            "astrid maa",
            "matthieu reichstadt",
            "horst schwichtenberg",
            "mahendrakar sridhar",
            "vinod kasam",
            "marc zimmermann",
            "martin hofmann"
        ],
        "keywords": "Binding Energy,Drug Use,in silico,Large Scale,Protein Targeting,Virtual Screening,",
        "title_embedding": [],
        "abstract_embedding": []
    },
    {
        "id": 3540,
        "label": 644,
        "title": "Virtual screening on large scale grids",
        "organization": null,
        "abstract": NaN,
        "conf": "Parallel Computing",
        "email": null,
        "coauthors": [
            "nicolas jacq",
            "vincent breton",
            "hsin-yen chen",
            "li-yung ho",
            "vinod kasam",
            "hurng-chun lee",
            "yannick legre",
            "simon c. lin",
            "astrid maa"
        ],
        "keywords": "Large Scale,Virtual Screening,",
        "title_embedding": [],
        "abstract_embedding": []
    }
]