[
    {
        "id": 3503,
        "label": 634,
        "title": "A Global Grid for Analysis of Arthropod Evolution",
        "organization": null,
        "abstract": "Maximum likelihood analysis is a powerful technique for inferring evolutionary histories from genetic sequence data. During the fall of 2003, an international team of computer scientists, biologists, and computer centers created a global grid to analyze the evolution of hexapods (arthropods with six legs). We created a global grid of computers using systems located in eight countries, spread across six",
        "conf": "Grid Computing",
        "email": null,
        "coauthors": [
            "craig a. stewart",
            "rainer keller",
            "richard repasky",
            "matthias hess",
            "david hart",
            "matthias s. muller",
            "ray sheppard",
            "uwe wossner",
            "huian li ii",
            "donald k. berry",
            "john colbourne"
        ],
        "keywords": "Computational Grid,Distributed Application,Evolutionary History,Genetics,Grid Computing,Maximum Likelihood,",
        "title_embedding": [],
        "abstract_embedding": []
    }
]