[
    {
        "id": 3610,
        "label": 660,
        "title": "Time-Optimal Winning Strategies for Poset Games",
        "organization": null,
        "abstract": "We introduce a novel winning condition for infinite two- player games on graphs which extends the request-response condition and better matches concrete applications in scheduling or project plan- ning. In a poset game, a request has to be responded by multiple events in an ordering over time that is compatible with a given partial ordering of the events. Poset games",
        "conf": "Workshop on Implementing Automata/Conference on Implementation and Application of Automata",
        "email": null,
        "coauthors": [],
        "keywords": "cumulant,Games On Graphs,Project Planning,Timing Optimization,Waiting Time,Partial Order,",
        "title_embedding": [],
        "abstract_embedding": []
    },
    {
        "id": 3611,
        "label": 660,
        "title": "Playing Muller Games in a Hurry",
        "organization": null,
        "abstract": NaN,
        "conf": "Computing Research Repository",
        "email": null,
        "coauthors": [
            "john fearnley"
        ],
        "keywords": null,
        "title_embedding": [],
        "abstract_embedding": []
    }
]