[
    {
        "id": 3596,
        "label": 652,
        "title": "A new CRT-RSA algorithm secure against bellcore attacks",
        "organization": null,
        "abstract": "In this paper we describe a new algorithm to prevent fault attacks on RSA signature algorithms using the Chinese Remainder Theorem (CRT-RSA). This variant of the RSA signature algorithm is widely used on smartcards. Smartcards on the other hand are particularly susceptible to fault attacks like the one described in [7]. Recent results have shown that fault attacks are practical",
        "conf": "Computer and Communications Security",
        "email": null,
        "coauthors": [
            "johannes blomer",
            "jean-pierre seifert"
        ],
        "keywords": "Chinese Remainder Theorem,Fault Attack,Fault Model,smartcard,",
        "title_embedding": [],
        "abstract_embedding": []
    },
    {
        "id": 3597,
        "label": 652,
        "title": "Wagner's Attack on a Secure CRT-RSA Algorithm Reconsidered",
        "organization": null,
        "abstract": "At CCS 2003, a new CRT-RSA algorithm was presented in (BOS03), which was claimed to be secure against fault attacks for various fault models. At CCS 2004, David Wagner presented an attack on the proposed scheme, claiming that the so-called BOS scheme was insecure for all presented fault models (Wag04). However, the attack itself contains a flaw which shows that",
        "conf": "Fault Diagnosis and Tolerance in Cryptography",
        "email": null,
        "coauthors": [
            "johannes blomer"
        ],
        "keywords": "Fault Attack,Fault Model,smartcard,",
        "title_embedding": [],
        "abstract_embedding": []
    },
    {
        "id": 3598,
        "label": 652,
        "title": "Sign Change Fault Attacks on Elliptic Curve Cryptosystems",
        "organization": null,
        "abstract": "We present a new type of fault attacks on elliptic curve scalar multiplications: Sign Change Attacks. These attacks exploit dieren t num- ber representations as they are often employed in modern cryptographic applications. Previously, fault attacks on elliptic curves aimed to force a device to output points which are on a cryptographically weak curve. Such attacks can easily be defended",
        "conf": "Fault Diagnosis and Tolerance in Cryptography",
        "email": null,
        "coauthors": [
            "johannes blomer",
            "jean-pierre seifert"
        ],
        "keywords": "Elliptic Curve,elliptic curve cryptosystem,Fault Attack,Scalar Multiplication,smartcard,",
        "title_embedding": [],
        "abstract_embedding": []
    },
    {
        "id": 3599,
        "label": 652,
        "title": "Navigating in Webs of Trust: Finding Short Trust Chains in Unstructured Networks without Global Knowledge",
        "organization": null,
        "abstract": NaN,
        "conf": "Availability, Reliability and Security",
        "email": null,
        "coauthors": [
            "jens-uwe buer",
            "steffen fries",
            "peter hartmann"
        ],
        "keywords": "Web of Trust,",
        "title_embedding": [],
        "abstract_embedding": []
    }
]