[
    {
        "id": 3614,
        "label": 663,
        "title": "Advanced multimedia telecommunications using a high speed broadband backbone network beyond all aspects of the current internet (revised)",
        "organization": null,
        "abstract": NaN,
        "conf": "Computers & Education",
        "email": null,
        "coauthors": [
            "takao ichiko",
            "yousuke kawamura",
            "motochika hanano"
        ],
        "keywords": "High Speed,",
        "title_embedding": [],
        "abstract_embedding": []
    }
]