[
    {
        "id": 3631,
        "label": 665,
        "title": "Principal Component Analysis of the P-Wave - Quantification of Not-Dipolar Components of Atrial Depolarization",
        "organization": null,
        "abstract": NaN,
        "conf": "International Joint Conference on Biomedical Engineering Systems and Technologies",
        "email": null,
        "coauthors": [
            "federica censi",
            "giovanni calcagnini",
            "pietro bartolini",
            "chiara ricci",
            "renato pietro ricci"
        ],
        "keywords": "Principal Component Analysis,",
        "title_embedding": [],
        "abstract_embedding": []
    }
]