[
    {
        "id": 3648,
        "label": 671,
        "title": "Groundplane Dependent Performance of Printed Antenna for MB-OFDM-UWB",
        "organization": null,
        "abstract": "A printed ultra wideband (UWB) antenna suitable for multiband orthogonal frequency division multiplexing (MB- OFDM) UWB is presented in this paper. The proposed antenna covers a wide band from 3.1 GHz to 11.2 GHz. Good performance and low cost production was obtained using FR-4 substrate. An examination of the effects of ground plane dimensions on antenna properties such as gain,",
        "conf": "Vehicular Technology Conference",
        "email": null,
        "coauthors": [
            "sergio curto",
            "m. j. ammann"
        ],
        "keywords": "Orthogonal Frequency Division Multiplex,Radiation Pattern,ultra wideband,",
        "title_embedding": [],
        "abstract_embedding": []
    }
]