[
    {
        "id": 3632,
        "label": 666,
        "title": "Validation of a Virtual Reality Environment to Study Anticipatory Modulation of Digit Forces and Position",
        "organization": null,
        "abstract": NaN,
        "conf": "Symposium on Haptic Interfaces for Virtual Environment and Teleoperator Systems",
        "email": null,
        "coauthors": [
            "giorgio grioli",
            "enzo pasquale scilingo",
            "marco santello",
            "antonio bicchi"
        ],
        "keywords": "Virtual Reality Environment,",
        "title_embedding": [],
        "abstract_embedding": []
    },
    {
        "id": 3633,
        "label": 666,
        "title": "A new softness display based on bi-elastic fabric",
        "organization": null,
        "abstract": NaN,
        "conf": "Symposium on Haptic Interfaces for Virtual Environment and Teleoperator Systems",
        "email": null,
        "coauthors": [
            "enzo pasquale scilingo",
            "alessandro serio",
            "antonio bicchi"
        ],
        "keywords": null,
        "title_embedding": [],
        "abstract_embedding": []
    },
    {
        "id": 3634,
        "label": 666,
        "title": "Modelling and control of HIV dynamics",
        "organization": null,
        "abstract": NaN,
        "conf": "Computer Methods and Programs in Biomedicine",
        "email": null,
        "coauthors": [
            "alberto landi",
            "alberto mazzoldi",
            "chiara andreoni",
            "andrea cavallini",
            "marco laurino",
            "leonardo ricotti",
            "rodolfo iuliano",
            "barbara matteoli",
            "luca ceccherini-nelli"
        ],
        "keywords": null,
        "title_embedding": [],
        "abstract_embedding": []
    },
    {
        "id": 3635,
        "label": 666,
        "title": "Rendering Softness: Integration of Kinesthetic and Cutaneous Information in a Haptic Device",
        "organization": null,
        "abstract": NaN,
        "conf": "IEEE Transactions on Haptics",
        "email": null,
        "coauthors": [
            "enzo pasquale scilingo",
            "giorgio grioli",
            "antonio bicchi"
        ],
        "keywords": "Haptic Device,",
        "title_embedding": [],
        "abstract_embedding": []
    }
]