[
    {
        "id": 3636,
        "label": 667,
        "title": "Obtaining Online Ecological Colourings by Generalizing First-Fit",
        "organization": null,
        "abstract": "A colouring of a graph is ecological if every pair of vertices that have the same set of colours in their neighbourhood are coloured alike. We consider the following problem: if a graphG and an ecological colouringc ofG are given, can further vertices added to G, one at a time, be coloured so that at each stage the current graph",
        "conf": "Computer Science Symposium in Russia",
        "email": null,
        "coauthors": [
            "viresh patel",
            "daniel paulusma",
            "theophile trunck"
        ],
        "keywords": "Computational Complexity,Polynomial Time,First Fit,",
        "title_embedding": [],
        "abstract_embedding": []
    },
    {
        "id": 3637,
        "label": 667,
        "title": "The Computational Complexity of the Parallel Knock-Out Problem",
        "organization": null,
        "abstract": "We consider computational complexity questions related to parallel knock-out schemes for graphs. In such schemes, in each round, each remaining vertex of a given graph eliminates exactly one of its neighbours. We show that the problem of whether, for a given bipartite graph, such a scheme can be found that eliminates every vertex is NP-complete. Moreover, we show that, for",
        "conf": "Latin American Theoretical INformatics",
        "email": null,
        "coauthors": [
            "hajo broersma",
            "daniel paulusma",
            "iain a. stewart"
        ],
        "keywords": "Bipartite Graph,Computational Complexity,Polynomial Time,Regular Graph,Knock Out,",
        "title_embedding": [],
        "abstract_embedding": []
    },
    {
        "id": 3638,
        "label": 667,
        "title": "Upper Bounds and Algorithms for Parallel Knock-Out Numbers",
        "organization": null,
        "abstract": NaN,
        "conf": "Colloquium on Structural Information & Communication Complexity",
        "email": null,
        "coauthors": [
            "hajo broersma",
            "daniel paulusma"
        ],
        "keywords": "Upper Bound,Knock Out,",
        "title_embedding": [],
        "abstract_embedding": []
    },
    {
        "id": 3639,
        "label": 667,
        "title": "Amalgamations of factorizations of complete equipartite graphs",
        "organization": null,
        "abstract": "Abstract Let   t   be a positive integer, and let   L    = (l1 ,  , lt) and   K    = (k1 ,  , kt) be collections of nonnegative integers A graph has a (t, K, L) factorization if it can be represented as the edge - disjoint union of factors   F1 ,  , Ft where, for 1    =    i    =    t ,",
        "conf": "Discrete Mathematics",
        "email": null,
        "coauthors": [
            "anthony j. w. hilton"
        ],
        "keywords": null,
        "title_embedding": [],
        "abstract_embedding": []
    },
    {
        "id": 3640,
        "label": 667,
        "title": "Path factors and parallel knock-out schemes of almost claw-free graphs",
        "organization": null,
        "abstract": NaN,
        "conf": "Discrete Mathematics",
        "email": null,
        "coauthors": [
            "daniel paulusma",
            "chantal wood"
        ],
        "keywords": "claw-free graph,Knock Out,",
        "title_embedding": [],
        "abstract_embedding": []
    },
    {
        "id": 3641,
        "label": 668,
        "title": "Defining sets for Latin squares given that they are based on groups",
        "organization": null,
        "abstract": "We investigate deflning sets for latin squares where we are given that the latin square is the Cayley table for some group. Our main result is that the proportion of entries in a smallest deflning set approaches zero as the order of the group increases without bound.",
        "conf": "European Journal of Combinatorics",
        "email": null,
        "coauthors": [
            "david bedford",
            "matthew a. ollis"
        ],
        "keywords": "Latin Square,",
        "title_embedding": [],
        "abstract_embedding": []
    },
    {
        "id": 3642,
        "label": 667,
        "title": "Amalgamations of connected k-factorizations",
        "organization": null,
        "abstract": NaN,
        "conf": "Journal of Combinatorial Theory",
        "email": null,
        "coauthors": [
            "anthony j. w. hilton",
            "christopher a. rodger",
            "evan b. wantland"
        ],
        "keywords": null,
        "title_embedding": [],
        "abstract_embedding": []
    },
    {
        "id": 3643,
        "label": 668,
        "title": "Characterization of graphs with hall number 2",
        "organization": null,
        "abstract": NaN,
        "conf": "Journal of Graph Theory",
        "email": null,
        "coauthors": [
            "changiz eslahchi"
        ],
        "keywords": "Satisfiability,",
        "title_embedding": [],
        "abstract_embedding": []
    },
    {
        "id": 3644,
        "label": 667,
        "title": "Upper bounds and algorithms for parallel knock-out numbers",
        "organization": null,
        "abstract": NaN,
        "conf": "Theoretical Computer Science",
        "email": null,
        "coauthors": [
            "hajo broersma",
            "daniel paulusma"
        ],
        "keywords": "Upper Bound,Knock Out,",
        "title_embedding": [],
        "abstract_embedding": []
    },
    {
        "id": 3645,
        "label": 667,
        "title": "The computational complexity of the parallel knock-out problem",
        "organization": null,
        "abstract": "Abstract We consider computational complexity questions related to parallel knock-out schemes for graphs. In such schemes, in each round, each remaining vertex of a given graph eliminates exactly one of its neighbours. We show that the problem of whether, for a given bipartite graph, such a scheme can be found that eliminates every vertex is NP-complete. Moreover, we show that,",
        "conf": "Theoretical Computer Science",
        "email": null,
        "coauthors": [
            "hajo broersma",
            "daniel paulusma",
            "iain a. stewart"
        ],
        "keywords": "Ams Subject Classification,Bipartite Graph,Computational Complexity,Polynomial Time,Regular Graph,Knock Out,",
        "title_embedding": [],
        "abstract_embedding": []
    }
]