[
    {
        "id": 3652,
        "label": 673,
        "title": "Performance of Lincoded Optical Heterodyne CPFSK Transmission System Affected by Polarization Mode Dispersion in a Single Mode Fiber",
        "organization": null,
        "abstract": "A theoretical analysis for evaluating the performance of a lincoded continuous phase optical frequency shift keying (CPFSK) optical transmission system with delay line demodulation receiver is presented. It accounts for the combined effects of signal phase distortion due to polarization mode dispersion (PMD) and group velocity dispersion (GVD) in a single mode fiber. The analysis is carried out for three",
        "conf": "Global Telecommunications Conference",
        "email": null,
        "coauthors": [],
        "keywords": "Frequency Shift Keying,Group Velocity Dispersion,Polarization Mode Dispersion,Probability Distribution,Theoretical Analysis,Bit Error Rate,Differential Group Delay,Single Mode Fiber,",
        "title_embedding": [],
        "abstract_embedding": []
    },
    {
        "id": 3653,
        "label": 674,
        "title": "Combinatorial Color Space Models for Skin Detection in Subcontinental Human Images",
        "organization": null,
        "abstract": NaN,
        "conf": "International Visual Informatics Conference",
        "email": null,
        "coauthors": [
            "shah mostafa khaled",
            "alim ul gias",
            "hossain muhammad muctadir",
            "asif khan shakir",
            "asif imran",
            "saiful islam"
        ],
        "keywords": "Color Space,Skin Detection,",
        "title_embedding": [],
        "abstract_embedding": []
    },
    {
        "id": 3654,
        "label": 674,
        "title": "Modeling Spammer Behavior: Naive Bayes vs. Artificial Neural Networks",
        "organization": null,
        "abstract": "Addressing the problem of spam emails in the Internet, this paper presents a comparative study on Na\\\"ive Bayes and Artificial Neural Networks (ANN) based modeling of spammer behavior. Keyword-based spam email filtering techniques fall short to model spammer behavior as the spammer constantly changes tactics to circumvent these filters. The evasive tactics that the spammer uses are themselves patterns that Artificial Neural Network;Comparative Study;Detection Rate; Computing Research Repository http://www.informatik.uni-trier.de/~ley/db/journals/corr/corr1008.html#abs-1008-3282 2010",
        "conf": NaN,
        "email": null,
        "coauthors": [
            "khalid farhan",
            "joy rahman"
        ],
        "keywords": null,
        "title_embedding": [],
        "abstract_embedding": []
    },
    {
        "id": 3655,
        "label": 674,
        "title": "Reversible Logic Synthesis of Fault Tolerant Carry Skip BCD Adder",
        "organization": null,
        "abstract": "Reversible logic is emerging as an important research area having its application in diverse fields such as low power CMOS design, digital signal processing, cryptography, quantum computing and optical information processing. This paper presents a new 4*4 parity preserving reversible logic gate, IG. The proposed parity preserving reversible gate can be used to synthesize any arbitrary Boolean function. It allows Boolean Function;Building Block;Digital Signal Processing;Fault Tolerant;Low Power;Optical Information Processing;Quantum Computer;Reversible Logic; Computing Research Repository http://arxiv.org/abs/1008.3288,http://www.informatik.uni-trier.de/~ley/db/journals/corr/corr1008.html#abs-1008-3288 2010",
        "conf": NaN,
        "email": null,
        "coauthors": [],
        "keywords": null,
        "title_embedding": [],
        "abstract_embedding": []
    },
    {
        "id": 3656,
        "label": 674,
        "title": "Fault tolerant reversible logic synthesis: Carry look-ahead and carry-skip adders",
        "organization": null,
        "abstract": "Irreversible logic circuits dissipate heat for every bit of information that is lost. Information is lost when the input vector cannot be recovered from its corresponding output vector. Reversible logic circuit naturally takes care of heating because it implements only the functions that have one-to-one mapping between its input and output vectors. Therefore reversible logic design becomes one of the Boolean Function;Building Block;Circuit Design;Digital Signal Processing;Fault Tolerant;High Speed;Low Power;Reversible Logic;Carry Look Ahead; Computing Research Repository http://www.informatik.uni-trier.de/~ley/db/journals/corr/corr1008.html#abs-1008-3311 2010",
        "conf": NaN,
        "email": null,
        "coauthors": [
            "zerina begum",
            "mohd. zulfiquar hafiz"
        ],
        "keywords": null,
        "title_embedding": [],
        "abstract_embedding": []
    },
    {
        "id": 3657,
        "label": 674,
        "title": "Synthesis of Fault Tolerant Reversible Logic Circuits",
        "organization": null,
        "abstract": "Reversible logic is emerging as an important research area having its application in diverse fields such as low power CMOS design, digital signal processing, cryptography, quantum computing and optical information processing. This paper presents a new 4*4 universal reversible logic gate, IG. It is a parity preserving reversible logic gate, that is, the parity of the inputs matches the parity Boolean Function;Digital Signal Processing;Fault Tolerant;Low Power;Optical Information Processing;Quantum Computer;Reversible Logic; Computing Research Repository http://arxiv.org/abs/1008.3340,http://www.informatik.uni-trier.de/~ley/db/journals/corr/corr1008.html#abs-1008-3340 2010",
        "conf": NaN,
        "email": null,
        "coauthors": [
            "zerina begum",
            "mohd. zulfiquar hafiz",
            "abdullah al mahmud"
        ],
        "keywords": null,
        "title_embedding": [],
        "abstract_embedding": []
    },
    {
        "id": 3658,
        "label": 674,
        "title": "Efficient Approaches for Designing Fault Tolerant Reversible Carry Look-Ahead and Carry-Skip Adders",
        "organization": null,
        "abstract": "Combinational or Classical logic circuits dissipate heat for every bit of information that is lost. Information is lost when the input vector cannot be recovered from its corresponding output vector. Reversible logic circuit implements only the functions having one-to-one mapping between its input and output vectors and therefore naturally takes care of heating. Reversible logic design becomes one of the Building Block;Circuit Design;Classical Logic;Digital Signal Processing;Fault Tolerant;High Speed;Low Power;Reversible Logic;Carry Look Ahead; Computing Research Repository http://arxiv.org/abs/1008.3344,http://www.informatik.uni-trier.de/~ley/db/journals/corr/corr1008.html#abs-1008-3344 2010",
        "conf": NaN,
        "email": null,
        "coauthors": [
            "zerina begum",
            "mohd. zulfiquar hafiz"
        ],
        "keywords": null,
        "title_embedding": [],
        "abstract_embedding": []
    },
    {
        "id": 3659,
        "label": 674,
        "title": "Variable Block Carry Skip Logic using Reversible Gates",
        "organization": null,
        "abstract": "Reversible circuits have applications in digital signal processing, computer graphics, quantum computation and cryptography. In this paper, a generalized k*k reversible gate family is proposed and a 3*3 gate of the family is discussed. Inverter, AND, OR, NAND, NOR, and EXOR gates can be realized by this gate. Implementation of a full-adder circuit using two such 3*3 gates is given. Computer Graphic;Digital Signal Processing;Quantum Computer; Computing Research Repository http://arxiv.org/abs/1008.3352 2010",
        "conf": NaN,
        "email": null,
        "coauthors": [
            "muhammad rezaul karim"
        ],
        "keywords": null,
        "title_embedding": [],
        "abstract_embedding": []
    },
    {
        "id": 3660,
        "label": 674,
        "title": "Building Toffoli Network for Reversible Logic Synthesis Based on Swapping Bit Strings",
        "organization": null,
        "abstract": "In this paper, we have implemented and designed a sorting network for reversible logic circuits synthesis in terms of n*n Toffoli gates. The algorithm presented in this paper constructs a Toffoli Network based on swapping bit strings. Reduction rules are then applied by simple template matching and removing useless gates from the network. Random selection of bit strings and reduction Circuit Synthesis;Reversible Logic;Sorting Network;Template Matching; Computing Research Repository http://arxiv.org/abs/1008.3357,http://www.informatik.uni-trier.de/~ley/db/journals/corr/corr1008.html#abs-1008-3357 2010",
        "conf": NaN,
        "email": null,
        "coauthors": [
            "lafifa jamal",
            "muhammad rezaul karim",
            "abdullah al mahmud"
        ],
        "keywords": null,
        "title_embedding": [],
        "abstract_embedding": []
    },
    {
        "id": 3661,
        "label": 674,
        "title": "Sorting Network for Reversible Logic Synthesis",
        "organization": null,
        "abstract": "In this paper, we have introduced an algorithm to implement a sorting network for reversible logic synthesis based on swapping bit strings. The algorithm first constructs a network in terms of n*n Toffoli gates read from left to right. The number of gates in the circuit produced by our algorithm is then reduced by template matching and removing useless gates Left To Right;Reversible Logic;Sorting Network;Template Matching; Computing Research Repository http://arxiv.org/abs/1008.3694,http://www.informatik.uni-trier.de/~ley/db/journals/corr/corr1008.html#abs-1008-3694 2010",
        "conf": NaN,
        "email": null,
        "coauthors": [
            "muhammad rezaul karim"
        ],
        "keywords": null,
        "title_embedding": [],
        "abstract_embedding": []
    },
    {
        "id": 3662,
        "label": 674,
        "title": "Machine Learning Approaches for Modeling Spammer Behavior",
        "organization": null,
        "abstract": "Spam is commonly known as unsolicited or unwanted email messages in the Internet causing potential threat to Internet Security. Users spend a valuable amount of time deleting spam emails. More importantly, ever increasing spam emails occupy server storage space and consume network bandwidth. Keyword-based spam email filtering strategies will eventually be less successful to model spammer behavior as the spammer bayesian classifier;Behavior Modeling;Classification Algorithm;Decision Tree Induction;Internet Security;Machine Learning;Support Vector Machine;Detection Rate; Computing Research Repository http://arxiv.org/abs/1008.4249,http://www.informatik.uni-trier.de/~ley/db/journals/corr/corr1008.html#abs-1008-4249,http://dx.doi.org/10.1007/978-3-642-17187-1_24,http://www.informatik.uni-trier.de/~ley/db/conf/airs/airs2010.html#IslamMI10 2010",
        "conf": NaN,
        "email": null,
        "coauthors": [],
        "keywords": null,
        "title_embedding": [],
        "abstract_embedding": []
    },
    {
        "id": 3663,
        "label": 674,
        "title": "Fault Tolerant Variable Block Carry Skip Logic (VBCSL) using Parity Preserving Reversible Gates",
        "organization": null,
        "abstract": "Reversible logic design has become one of the promising research directions in low power dissipating circuit design in the past few years and has found its application in low power CMOS design, digital signal processing and nanotechnology. This paper presents the efficient design approaches of fault tolerant carry skip adders (FTCSAs) and compares those designs with the existing ones. Variable Circuit Design;Digital Signal Processing;Fault Tolerant;Low Power;Reversible Logic; Computing Research Repository http://arxiv.org/abs/1009.3819,http://www.informatik.uni-trier.de/~ley/db/journals/corr/corr1009.html#abs-1009-3819 2010",
        "conf": NaN,
        "email": null,
        "coauthors": [
            "zerina begum",
            "mohd. zulfiquar hafiz"
        ],
        "keywords": null,
        "title_embedding": [],
        "abstract_embedding": []
    },
    {
        "id": 3664,
        "label": 674,
        "title": "Realization of a Novel Fault Tolerant Reversible Full Adder Circuit in Nanotechnology",
        "organization": null,
        "abstract": "In parity preserving reversible circuit, the parity of the input vector must match the parity of the output vector. It renders a wide class of circuit faults readily detectable at the circuit's outputs. Thus reversible logic circuits that are parity preserving will be beneficial to the development of fault tolerant systems in nanotechnology. This paper presents an efficient realization of",
        "conf": "The International Arab Journal of Information Technology",
        "email": null,
        "coauthors": [
            "muhammad mahbubur rahman",
            "zerina begum",
            "mohd. zulfiquar hafiz"
        ],
        "keywords": "Fault Tolerant,Fault Tolerant System,Reversible Logic,",
        "title_embedding": [],
        "abstract_embedding": []
    }
]