[
    {
        "id": 3665,
        "label": 675,
        "title": "A 0.1 ppm Successive Approximation Frequency-Temperature Compensation Method for Temperature Compensated Crystal Oscillators (TCXO)",
        "organization": null,
        "abstract": NaN,
        "conf": "IEEE Control Systems Magazine",
        "email": null,
        "coauthors": [
            "wei-xun cao"
        ],
        "keywords": "Oscillations,Temperature Compensation,",
        "title_embedding": [],
        "abstract_embedding": []
    },
    {
        "id": 3666,
        "label": 675,
        "title": "Dynamic Electronic Design Automation concept, benefit and framework",
        "organization": null,
        "abstract": "In Electronic Design Automation, current system-level design languages (e.g. SystemC) are all built from static languages (C/C++), and the design methodology is static. (1)This could lead to much inefficiency in description, verification, and synthesis. We have created the world's first Dynamic System-level Design Language (PDSDL [1]) by using popular dynamic language python, and a refining framework (Trilobite [2]) based on",
        "conf": "International Conference on Interaction Sciences",
        "email": null,
        "coauthors": [
            "guang hu",
            "shi-liang tu",
            "zhilei chai"
        ],
        "keywords": "Design Methodology,Dynamic System,Electronic Design Automation,System Level Design Language,",
        "title_embedding": [],
        "abstract_embedding": []
    }
]