[
    {
        "id": 3667,
        "label": 676,
        "title": "The Output of Human Expression System Measured by Visual Adaptation and Its Implication for the Computer Recognition System",
        "organization": null,
        "abstract": NaN,
        "conf": "Conference on Computer and Information Technology",
        "email": null,
        "coauthors": [
            "shiyong zhang",
            "keizo shinomori"
        ],
        "keywords": null,
        "title_embedding": [],
        "abstract_embedding": []
    },
    {
        "id": 3668,
        "label": 677,
        "title": "Persistency Model and Its Applications in Choice Modeling",
        "organization": null,
        "abstract": "Given a discrete optimization problem Z(  c) = max{  cx : x  X }, with objective coefficients   c chosen randomly from a distribution , we would like to evaluate the expected value E(Z(  c)) and the probability P(xi(  c) = k) where x(  c) is an optimal solution to Z(  c). We call this ...",
        "conf": NaN,
        "email": null,
        "coauthors": [
            "karthik natarajan",
            "chung-piaw teo"
        ],
        "keywords": "Choice Models,Discrete Optimization,Expected Value,Optimal Solution,",
        "title_embedding": [],
        "abstract_embedding": []
    }
]