[
    {
        "id": 3671,
        "label": 680,
        "title": "Uncovering shared structures in multiclass classification",
        "organization": null,
        "abstract": "This paper suggests a method for multiclass learning with many classes by simultaneously learning shared characteristics common to the classes, and predictors for the classes in terms of these characteristics. We cast this as a convex op- timization problem, using trace-norm regulariza- tion and study gradient-based optimization both for the linear case and the kernelized setting.",
        "conf": "International Conference on Machine Learning",
        "email": null,
        "coauthors": [
            "yonatan amit",
            "nathan srebro",
            "shimon ullman"
        ],
        "keywords": "multiclass classification,",
        "title_embedding": [],
        "abstract_embedding": []
    },
    {
        "id": 3672,
        "label": 680,
        "title": "Online multiclass learning by interclass hypothesis sharing",
        "organization": null,
        "abstract": "We describe a general framework for online mul- ticlass learning based on the notion of hypoth- esis sharing. In our framework sets of classes are associated with hypotheses. Thus, all classes within a given set share the same hypothesis. This framework includes as special cases com- monly used constructions for multiclass catego- rization such as allocating a unique hypothesis for",
        "conf": "International Conference on Machine Learning",
        "email": null,
        "coauthors": [
            "shai shalev-shwartz",
            "yoram singer",
            "shimon ullman"
        ],
        "keywords": "Online Learning,",
        "title_embedding": [],
        "abstract_embedding": []
    },
    {
        "id": 3673,
        "label": 680,
        "title": "Object Classification from a Single Example Utilizing Class Relevance Metrics",
        "organization": null,
        "abstract": NaN,
        "conf": "Neural Information Processing Systems",
        "email": null,
        "coauthors": [],
        "keywords": "Learning Algorithm,Nearest Neigh Bor,Nearest Neighbor Classifier,Object Classification,",
        "title_embedding": [],
        "abstract_embedding": []
    },
    {
        "id": 3674,
        "label": 680,
        "title": "Mutual Boosting for Contextual Inference",
        "organization": null,
        "abstract": "Mutual Boosting is a method aimed at incorporating contextual information to augment object detection. When multiple detectors of objects and parts are trained in parallel using AdaBoost (1), object detectors might use the remaining intermediate detectors to enrich the weak learner set. This method generalizes the efficient features suggested by Viola and Jones (2) thus enabling information inference between parts",
        "conf": "Neural Information Processing Systems",
        "email": null,
        "coauthors": [
            "pietro perona"
        ],
        "keywords": "Contextual Information,Object Detection,",
        "title_embedding": [],
        "abstract_embedding": []
    },
    {
        "id": 3675,
        "label": 680,
        "title": "From Aardvark to Zorro: A Benchmark for Mammal Image Classification",
        "organization": null,
        "abstract": NaN,
        "conf": "International Journal of Computer Vision",
        "email": null,
        "coauthors": [
            "shimon ullman"
        ],
        "keywords": "Image Classification,",
        "title_embedding": [],
        "abstract_embedding": []
    }
]