[
    {
        "id": 3723,
        "label": 695,
        "title": "The Hugin Tool for Learning Bayesian Networks",
        "organization": null,
        "abstract": "In this paper, we describe the Hugin Tool as an efficient tool for knowledge discovery through construction of Bayesian networks by fusion of data and domain expert knowledge. The Hugin Tool supports structural learning, parameter estimation, and adaptation of parameters in Bayesian networks. The performance of the Hugin Tool is illustrated using real-world Bayesian networks, commonly used examples from the",
        "conf": "Symbolic and Quantitative Approaches to Reasoning and Uncertainty",
        "email": null,
        "coauthors": [
            "anders l. madsen",
            "uffe kjrulff",
            "frank jensen"
        ],
        "keywords": "Expert Knowledge,Knowledge Discovery,Parameter Estimation,Structure Learning,Tool Support,bayesian network,",
        "title_embedding": [],
        "abstract_embedding": []
    },
    {
        "id": 3724,
        "label": 695,
        "title": "Hugin - The Tool for Bayesian Networks and Influence Diagrams",
        "organization": null,
        "abstract": NaN,
        "conf": "Probabilistic Graphical Models",
        "email": null,
        "coauthors": [
            "frank jensen",
            "uffe kjrulff",
            "anders l. madsen"
        ],
        "keywords": "Influence Diagram,bayesian network,",
        "title_embedding": [],
        "abstract_embedding": []
    },
    {
        "id": 3725,
        "label": 695,
        "title": "The Hugin Tool for Probabilistic Graphical Models",
        "organization": null,
        "abstract": NaN,
        "conf": "International Journal on Artificial Intelligence Tools",
        "email": null,
        "coauthors": [
            "anders l. madsen",
            "frank jensen",
            "uffe kjrulff"
        ],
        "keywords": "Probabilistic Graphical Model,",
        "title_embedding": [],
        "abstract_embedding": []
    },
    {
        "id": 3726,
        "label": 696,
        "title": "An empirical performance analysis of commodity memories in commodity servers",
        "organization": null,
        "abstract": "This work details a performance study of six different types of commodity memories in two commodity server nodes. A number of micro-benchmarks are used that measure low-level performance characteristics, as well as two applications representative of the ASC workload. The memories vary both in terms of performance, including latency and bandwidths, and in terms of their physical properties and manufacturer.",
        "conf": "Memory System Performance",
        "email": null,
        "coauthors": [
            "darren j. kerbyson",
            "gene patino",
            "hossein amidi"
        ],
        "keywords": "Memory Systems,Operating System,Performance Analysis,Performance Measure,Physical Properties,",
        "title_embedding": [],
        "abstract_embedding": []
    },
    {
        "id": 3727,
        "label": 696,
        "title": "Characterizing the Impact of Using Spare-Cores on Application Performance",
        "organization": null,
        "abstract": NaN,
        "conf": "European Conference on Parallel Processing",
        "email": null,
        "coauthors": [
            "jose carlos sancho",
            "darren j. kerbyson"
        ],
        "keywords": null,
        "title_embedding": [],
        "abstract_embedding": []
    },
    {
        "id": 3728,
        "label": 696,
        "title": "Experiences in scaling scientific applications on current-generation quad-core processors",
        "organization": null,
        "abstract": NaN,
        "conf": "International Parallel and Distributed Processing Symposium/International Parallel Processing Symposium",
        "email": null,
        "coauthors": [
            "k. barker",
            "kei davis",
            "adolfy hoisie",
            "darren j. kerbyson",
            "scott pakin",
            "jose carlos sancho"
        ],
        "keywords": "Scientific Application,",
        "title_embedding": [],
        "abstract_embedding": []
    },
    {
        "id": 3729,
        "label": 696,
        "title": "Optimization of infiniband for scientific applications",
        "organization": null,
        "abstract": NaN,
        "conf": "International Parallel and Distributed Processing Symposium/International Parallel Processing Symposium",
        "email": null,
        "coauthors": [
            "greg johnson",
            "darren j. kerbyson"
        ],
        "keywords": "Scientific Application,",
        "title_embedding": [],
        "abstract_embedding": []
    },
    {
        "id": 3730,
        "label": 696,
        "title": "Entering the petaflop era: the architecture and performance of Roadrunner",
        "organization": null,
        "abstract": "Roadrunner is a 1.38 Pflop/s-peak (double precision) hybrid-architecture supercomputer developed by LANL and IBM. It contains 12,240 IBM PowerXCell 8i processors and 12,240 AMD Opteron cores in 3,060 compute nodes. Roadrunner is the first supercomputer to run Linpack at a sustained speed in excess of 1 Pflop/s. In this paper we present a detailed architectural description of Roadrunner and a",
        "conf": "Supercomputing Conference",
        "email": null,
        "coauthors": [
            "kevin j. barker",
            "kei davis",
            "adolfy hoisie",
            "darren j. kerbyson",
            "scott pakin",
            "jose carlos sancho"
        ],
        "keywords": "Case Study,Cell Broadband Engine,Delivery System,Hybrid Architecture,multi-core processor,Performance Analysis,Performance Model,",
        "title_embedding": [],
        "abstract_embedding": []
    },
    {
        "id": 3731,
        "label": 696,
        "title": "A Performance and Scalability Analysis of the BlueGene/L Architecture",
        "organization": null,
        "abstract": "Based on a set of measurements done on the 512-node 500MHz prototype and early results on a 2048 node 700MHz BlueGene/L machine at IBM Watson, we present a performance and scalability analysis of the architecture from low-level characteristics to large-scale applications. In addition, we present predictions using our models for the performance of two representative applications from the ASC2 workload",
        "conf": "Supercomputing Conference",
        "email": null,
        "coauthors": [
            "kei davis",
            "adolfy hoisie",
            "greg johnson",
            "darren j. kerbyson",
            "scott pakin",
            "fabrizio petrini"
        ],
        "keywords": "Large Scale,Performance Model,",
        "title_embedding": [],
        "abstract_embedding": []
    },
    {
        "id": 3732,
        "label": 696,
        "title": "Architecture - A performance comparison through benchmarking and modeling of three leading supercomputers: blue Gene/L, Red Storm, and Purple",
        "organization": null,
        "abstract": "This work provides a performance analysis of three leading supercomputers that have recently been deployed: Purple, Red Storm and Blue Gene/L. Each of these machines are architecturally diverse, with very different performance characteristics. Each contains over 10,000 processors and has a system peak of over 40 Teraflops. We analyze each system using a range of micro-benchmarks which include communication performance",
        "conf": "Supercomputing Conference",
        "email": null,
        "coauthors": [
            "adolfy hoisie",
            "greg johnson",
            "darren j. kerbyson",
            "scott pakin"
        ],
        "keywords": "Operating System,Performance Analysis,Performance Comparison,",
        "title_embedding": [],
        "abstract_embedding": []
    },
    {
        "id": 3733,
        "label": 696,
        "title": "Using Performance Modeling to Design Large-Scale Systems",
        "organization": null,
        "abstract": NaN,
        "conf": "IEEE Computer",
        "email": null,
        "coauthors": [
            "kevin j. barker",
            "kei davis",
            "adolfy hoisie",
            "darren j. kerbyson",
            "scott pakin",
            "jose carlos sancho"
        ],
        "keywords": "Large Scale System,Performance Model,",
        "title_embedding": [],
        "abstract_embedding": []
    },
    {
        "id": 3734,
        "label": 696,
        "title": "Optimized InfiniBandTM fat-tree routing for shift all-to-all communication patterns",
        "organization": null,
        "abstract": NaN,
        "conf": "Concurrency and Computation: Practice and Experience",
        "email": null,
        "coauthors": [
            "eitan zahavi",
            "gregory johnson",
            "darren j. kerbyson"
        ],
        "keywords": "Communication Pattern,",
        "title_embedding": [],
        "abstract_embedding": []
    },
    {
        "id": 3735,
        "label": 696,
        "title": "A Performance Evaluation of the Nehalem Quad-Core Processor for Scientific Computing",
        "organization": null,
        "abstract": "In this work we present an initial performance evaluation of Intel's latest, second- generation quad-core processor, Nehalem, and provide a comparison to first-generat ion AMD and Intel quad-core processors Barcelona and Tigerton. Nehalem is the first In tel processor to implement a NUMA architecture incorporating QuickPath Interconnect for interconnecting processors within a node, and the first to incorporate an integrated",
        "conf": "Parallel Processing Letters",
        "email": null,
        "coauthors": [
            "kevin j. barker",
            "kei davis",
            "adolfy hoisie",
            "darren j. kerbyson",
            "scott pakin",
            "jose carlos sancho"
        ],
        "keywords": "Building Block,Large Scale,Performance Analysis,Performance Evaluation,Scientific Application,Scientific Computing,simultaneous multithreading,",
        "title_embedding": [],
        "abstract_embedding": []
    },
    {
        "id": 3736,
        "label": 696,
        "title": "Infiniband Routing Table Optimizations for Scientific Applications",
        "organization": null,
        "abstract": NaN,
        "conf": "Parallel Processing Letters",
        "email": null,
        "coauthors": [
            "darren j. kerbyson",
            "gregory johnson"
        ],
        "keywords": "Scientific Application,",
        "title_embedding": [],
        "abstract_embedding": []
    },
    {
        "id": 3737,
        "label": 696,
        "title": "Implementation and performance modeling of deterministic particle transport (Sweep3D) on the IBM Cell/B.E",
        "organization": null,
        "abstract": "The IBM Cell Broadband Engine (BE) is a novel multi-core chip with the potential for the demanding floating point performance that is required for high-fidelity scientific simulations. However, data movement within the chip can be a ma- jor challenge to realizing the benefits of the peak floating point rates. In this paper, we present the results of implementing Sweep3D on",
        "conf": "Scientific Programming",
        "email": null,
        "coauthors": [
            "olaf m. lubeck",
            "ram srinivasan",
            "greg johnson"
        ],
        "keywords": "Cell Broadband Engine,Floating Point,Message Passing,Monte Carlo,Performance Model,Programming Model,Broadband Engine,Cycles Per Instruction,",
        "title_embedding": [],
        "abstract_embedding": []
    }
]