[
    {
        "id": 3705,
        "label": 692,
        "title": "The Layered World of Scientific Conferences",
        "organization": null,
        "abstract": "Recent models have introduced the notion of dimensions and hierarchies in social networks. These models motivate the mining of small world graphs under a new perspective. We exemplary base our work on a conference graph, which is constructed from the DBLP publication records. We show that this graph indeed exhibits a layered structure as the models suggest. We then introduce",
        "conf": "Asia-Pacific Web Conference",
        "email": null,
        "coauthors": [
            "roger wattenhofer"
        ],
        "keywords": "Layered Structure,Small World,Social Network,",
        "title_embedding": [],
        "abstract_embedding": []
    },
    {
        "id": 3706,
        "label": 692,
        "title": "Visually and Acoustically Exploring the High-Dimensional Space of Music",
        "organization": null,
        "abstract": "The permanent growth of personal music collec- tions caused by the ongoing digital revolution asks for novel ways of organization. Traditional list based approaches are particularly for use in mobile devicesno longer appropriate. In this paper we discuss two alternative exploration schemes, both taking advantage of a recently proposed high-dimensional music similarity space. First, we present an interface that facilitates",
        "conf": "IEEE International Conference on Computational Science and Engineering",
        "email": null,
        "coauthors": [
            "lukas bossard",
            "roger wattenhofer"
        ],
        "keywords": "Data Exploration,High Dimensionality,Information Visualization,Mobile Application,Mobile Device,Music Similarity,User Experience,User Interface,Visual Navigation,",
        "title_embedding": [],
        "abstract_embedding": []
    },
    {
        "id": 3707,
        "label": 692,
        "title": "Cluestr: mobile social networking for enhanced group communication",
        "organization": null,
        "abstract": "Recent technological advances foster the spreading of social software in the mobile domain. Hence, future usage patterns of mobile devices will involve more group interaction. While collaboration using mobile devices is an active area of re- search, only limited attention has been paid to the efficient initiation of group communication from mobile terminals. In this paper we present a community-aware",
        "conf": "International Conference on Supporting Group Work",
        "email": null,
        "coauthors": [
            "reto grob",
            "roger wattenhofer",
            "martin wirz"
        ],
        "keywords": "Group Communication,Group Interaction,Mobile Device,Social Network,Social Software,Mobile Terminal,Proof of Concept,",
        "title_embedding": [],
        "abstract_embedding": []
    },
    {
        "id": 3708,
        "label": 692,
        "title": "Distributed asymmetric verification in computational grids",
        "organization": null,
        "abstract": "Lucrative incentives in grid computing do not only at- tract honest participants, but also cheaters. To prevent self- ish behavior, verification mechanisms are required. Today's solutions mostly base on redundancy and inherently exhibit a considerable overhead. Often, however, the verification of a result takes much less time than its computation. In this paper we propose a distributed checking scheme that",
        "conf": "International Parallel and Distributed Processing Symposium/International Parallel Processing Symposium",
        "email": null,
        "coauthors": [
            "stefan schmid",
            "roger wattenhofer"
        ],
        "keywords": "Computational Grid,Discrete Logarithm Problem,Grid Computing,",
        "title_embedding": [],
        "abstract_embedding": []
    },
    {
        "id": 3709,
        "label": 692,
        "title": "Exploring music collections on mobile devices",
        "organization": null,
        "abstract": "Ever larger collections of music are stored on mobile de- vices. The process of managing these repositories therefore becomes increasingly challenging. In this work we propose to use a map of the \\world of music\" as a data structure for music exploration and retrieval on mobile devices. We present Mobile Music Explorer|a mobile application, which allows users to create playlists",
        "conf": "Mobile HCI",
        "email": null,
        "coauthors": [
            "olga goussevskaia",
            "roger wattenhofer"
        ],
        "keywords": "Data Structure,Mobile Application,Mobile Device,Mobile Music,Search Method,",
        "title_embedding": [],
        "abstract_embedding": []
    },
    {
        "id": 3710,
        "label": 692,
        "title": "Community-Aware Mobile Networking",
        "organization": null,
        "abstract": "Community related applications such as dating platforms, instant messengers, or file-sharing tools enjo yag reat popularity in the Internet. Motivated by this success, community-awareness also has become ah ot topic in the mobile world. Despite con- siderable efforts, however, mobile solutions still cannot compete with their Internet counterparts. Ak ey feature of community-aware applications is profile matching. To al arge",
        "conf": NaN,
        "email": null,
        "coauthors": [
            "roger wattenhofer"
        ],
        "keywords": "File Sharing,Instant Messenger,Mobile Application,Mobile Environment,Mobile Network,Proof of Concept,",
        "title_embedding": [],
        "abstract_embedding": []
    },
    {
        "id": 3711,
        "label": 692,
        "title": "From Web to Map: Exploring the World of Music",
        "organization": null,
        "abstract": "Ever growing music collections ask for novel ways of or- ganization. The traditional browsing of folder hierarchies or search by title and album tends to be insufficient to main- tain an overview of a collection of orders of thousands of tracks. Methods based on song similarity offer an alterna- tive to keyword-based search. In this work we propose to use",
        "conf": "Web Intelligence",
        "email": null,
        "coauthors": [
            "olga goussevskaia",
            "michael lorenzi",
            "roger wattenhofer"
        ],
        "keywords": "Data Structure,File Sharing,High Dimensionality,Mobile Device,Music Retrieval,",
        "title_embedding": [],
        "abstract_embedding": []
    },
    {
        "id": 3712,
        "label": 692,
        "title": "Layers and Hierarchies in Real Virtual Networks",
        "organization": null,
        "abstract": "The virtual world is comprised of data items related to each other in a variety of contexts. Often such relations can be represented as graphs that evolve over time. Ex- amples include social networks, co-authorship graphs, and the world-wide-web. Attempts to model these graphs have introduced the notions of hierarchies and layers, which cor- respond to taxonomies of the underlying",
        "conf": "Web Intelligence",
        "email": null,
        "coauthors": [
            "olga goussevskaia",
            "roger wattenhofer"
        ],
        "keywords": "Location Estimation,Social Network,Virtual Networks,Object Relational,Virtual Worlds,World Wide Web,",
        "title_embedding": [],
        "abstract_embedding": []
    },
    {
        "id": 3713,
        "label": 692,
        "title": "VENETA: Serverless Friend-of-Friend Detection in Mobile Social Networking",
        "organization": null,
        "abstract": "Recently, mobile social software has become an active area of research and development. A multitude of systems have been proposed over the past years that try to follow the success of their Internet bound equivalents. Many mobile solutions try to augment the functionality of existing platforms with location awareness. The price for mobility, however, is typically either the lack of",
        "conf": "Wireless and Moble Computing",
        "email": null,
        "coauthors": [
            "marco von arb",
            "matthias bader",
            "roger wattenhofer"
        ],
        "keywords": "Detection Algorithm,Indexing Terms,Location Awareness,Mobile Social Software,Social Network,of Research and Development,",
        "title_embedding": [],
        "abstract_embedding": []
    },
    {
        "id": 3714,
        "label": 692,
        "title": "The theoretic center of computer science",
        "organization": null,
        "abstract": "In this article we examine computer science in general, and theory and distributed computing in particular. We present a map of the computer science conferences, speculating about the center of computer science. In addition we present some trends and developments. Finally we revisit centrality, wondering about the central actors in computer science. This article is a printed version of a",
        "conf": "Sigact News",
        "email": null,
        "coauthors": [
            "roger wattenhofer"
        ],
        "keywords": "Distributed Computing,",
        "title_embedding": [],
        "abstract_embedding": []
    },
    {
        "id": 3715,
        "label": 693,
        "title": "Directory-Based Metadata Optimizations for Small Files in PVFS",
        "organization": null,
        "abstract": NaN,
        "conf": "European Conference on Parallel Processing",
        "email": null,
        "coauthors": [
            "julian m. kunkel",
            "thomas ludwig"
        ],
        "keywords": null,
        "title_embedding": [],
        "abstract_embedding": []
    },
    {
        "id": 3716,
        "label": 693,
        "title": "Dynamic file system semantics to enable metadata optimizations in PVFS",
        "organization": null,
        "abstract": NaN,
        "conf": "Concurrency and Computation: Practice and Experience",
        "email": null,
        "coauthors": [
            "julian m. kunkel",
            "thomas ludwig"
        ],
        "keywords": "File System,",
        "title_embedding": [],
        "abstract_embedding": []
    },
    {
        "id": 3717,
        "label": 694,
        "title": "OnTheFly: a tool for automated document-based text annotation, data linking and network generation",
        "organization": null,
        "abstract": "OnTheFly is a web-based application that applies biological named entity recognition to enrich Microsoft Office, PDF and plain text documents. The input files are converted into the HTML format and then sent to the Reflect tagging server, which highlights biological entity names like genes, proteins and chemicals, and attaches to them JavaScript code to invoke a summary popup window. The",
        "conf": "Bioinformatics/computer Applications in The Biosciences",
        "email": null,
        "coauthors": [
            "georgios a. pavlopoulos",
            "evangelos pafilis",
            "sean d. hooper",
            "reinhard schneider"
        ],
        "keywords": "3d structure,Graphical Representation,Named Entity Recognition,web-based applications,",
        "title_embedding": [],
        "abstract_embedding": []
    },
    {
        "id": 3718,
        "label": 694,
        "title": "SuperTarget and Matador: resources for exploring drug-target relationships",
        "organization": null,
        "abstract": "The molecular basis of drug action is often not well understood. This is partly because the very abundant and diverse information generated in the past decades on drugs is hidden in millions of medical articles or textbooks. Therefore, we develo- ped a one-stop data warehouse, SuperTarget that integrates drug-related information about medical indication areas, adverse drug effects, drug meta- bolization,",
        "conf": "Nucleic Acids Research",
        "email": null,
        "coauthors": [
            "stefan gunther",
            "mathias dunkel",
            "monica campillos",
            "christian senger",
            "evangelia petsalaki",
            "jessica ahmed",
            "eduardo garcia urdiales",
            "andreas gewiess",
            "lars juhl jensen",
            "reinhard schneider",
            "roman skoblo",
            "robert b. russell",
            "philip e. bourne",
            "peer bork",
            "robert preissner"
        ],
        "keywords": "Data Warehouse,Drug Effects,Drug Screening,Drug Targeting,Enzyme,Gene Ontology,Indirect Interaction,Sequence Comparison,",
        "title_embedding": [],
        "abstract_embedding": []
    },
    {
        "id": 3719,
        "label": 694,
        "title": "eggNOG: automated construction and annotation of orthologous groups of genes",
        "organization": null,
        "abstract": "The identification of orthologous genes forms the basis for most comparative genomics studies. Existing approaches either lack functional annota- tion of the identified orthologous groups, hampering the interpretation of subsequent results, or are manually annotated and thus lag behind the rapid sequencing of new genomes. Here we present the eggNOG database ('evolutionary genealogy of genes: Non-supervised Orthologous Groups'), which contains",
        "conf": "Nucleic Acids Research",
        "email": null,
        "coauthors": [
            "lars juhl jensen",
            "philippe julien",
            "christian von mering",
            "jean muller",
            "tobias doerks",
            "peer bork"
        ],
        "keywords": "Automatic Annotation,Comparative Genomics,Protein Domains,Web Interface,",
        "title_embedding": [],
        "abstract_embedding": []
    },
    {
        "id": 3720,
        "label": 694,
        "title": "STRING 8 - a global view on proteins and their functional interactions in 630 organisms",
        "organization": null,
        "abstract": "Functional partnerships between proteins are at the core of complex cellular phenotypes, and the networks formed by interacting proteins provide researchers with crucial scaffolds for modeling, data reduction and annotation. STRING is a data- base and web resource dedicated to protein-protein interactions, including both physical and functional interactions. It weights and integrates information from numerous sources, including experimental repositories, computational",
        "conf": "Nucleic Acids Research",
        "email": null,
        "coauthors": [
            "lars juhl jensen",
            "manuel stark",
            "samuel chaffron",
            "chris creevey",
            "jean muller",
            "tobias doerks",
            "philippe julien",
            "alexander roth",
            "milan simonovic",
            "peer bork",
            "christian von mering"
        ],
        "keywords": "Data Reduction,Prediction Method,Protein Structure,Protein Protein Interaction,",
        "title_embedding": [],
        "abstract_embedding": []
    },
    {
        "id": 3721,
        "label": 694,
        "title": "STITCH: interaction networks of chemicals and proteins",
        "organization": null,
        "abstract": "The knowledge about interactions between proteins and small molecules is essential for the understanding of molecular and cellular functions. However, information on such interactions is widely dispersed across numerous databases and the literature. To facilitate access to this data, STITCH ('search tool for interactions of chemicals') integrates information about interactions from metabolic pathways, crystal structures, binding experiments and drug-target relationships.",
        "conf": "Nucleic Acids Research",
        "email": null,
        "coauthors": [
            "christian von mering",
            "monica campillos",
            "lars juhl jensen",
            "peer bork"
        ],
        "keywords": "Binding Protein,Chemical Structure,Crystal Structure,Drug Targeting,Interaction Network,Metabolic Pathway,Text Mining,",
        "title_embedding": [],
        "abstract_embedding": []
    },
    {
        "id": 3722,
        "label": 694,
        "title": "STRING 7 - recent developments in the integration and prediction of protein interactions",
        "organization": null,
        "abstract": "Information on protein-protein interactions is still mostly limited to a small number of model organisms, and originates from a wide variety of experimental and computational techniques. The database and online resource STRING generalizes access to protein interaction data, by integrating known and predicted interactions from a variety of sources. The underlying infrastructure includes a consistent body of completely sequenced genomes",
        "conf": "Nucleic Acids Research",
        "email": null,
        "coauthors": [
            "christian von mering",
            "lars juhl jensen",
            "samuel chaffron",
            "tobias doerks",
            "beate kruger",
            "berend snel",
            "peer bork"
        ],
        "keywords": "Comparative Genomics,Computational Techniques,Protein Domains,Protein Interaction,Protein Protein Interaction,Web Navigation,",
        "title_embedding": [],
        "abstract_embedding": []
    }
]