[
    {
        "id": 3773,
        "label": 711,
        "title": "LTSmin: Distributed and Symbolic Reachability",
        "organization": null,
        "abstract": NaN,
        "conf": "Computer Aided Verification",
        "email": null,
        "coauthors": [
            "stefan blom",
            "jaco van de pol"
        ],
        "keywords": null,
        "title_embedding": [],
        "abstract_embedding": []
    },
    {
        "id": 3774,
        "label": 711,
        "title": "Local Parallel Model Checking for the Alternation-Free -Calculus",
        "organization": null,
        "abstract": "We describe the design of (several variants of) a local par- allel model-checking algorithm for the alternation-free fragment of the -calculus. It exploits a characterisation of the problem for this fragment in terms of two-player games. For the corresponding winner, our algo- rithm determines in parallel a winning strategy, which may be employed for debugging the underlying system interactively, and",
        "conf": "SPIN",
        "email": null,
        "coauthors": [
            "benedikt bollig",
            "martin leucker"
        ],
        "keywords": "Model Checking,Network of Workstation,Parallel Models,",
        "title_embedding": [],
        "abstract_embedding": []
    },
    {
        "id": 3775,
        "label": 711,
        "title": "Parallel Model Checking for the Alternation Free -Calculus",
        "organization": null,
        "abstract": " In this paper, we describe the design and implementation of a parallel model checking algorithm for the alternation free fragment of the |i-calculus. It exploits a characterisation of the model checking problem for this fragment in terms of two-person games. Our algorithm determines the corresponding winner in parallel. It is designed to run on a network of workstations. An implementation",
        "conf": "Tools and Algorithms for Construction and Analysis of Systems",
        "email": null,
        "coauthors": [
            "benedikt bollig",
            "martin leucker"
        ],
        "keywords": "Design and Implementation,Model Checking,Network of Workstation,Parallel Models,",
        "title_embedding": [],
        "abstract_embedding": []
    },
    {
        "id": 3776,
        "label": 711,
        "title": "Boosting Multi-Core Reachability Performance with Shared Hash Tables",
        "organization": null,
        "abstract": "This paper focuses on data structures for multi-core reachability, which is a key component in model checking algorithms and other verification methods. A cornerstone of an efficient solution is the storage of visited states. In related work, static partitioning of the state space was combined with thread-local storage and resulted in reasonable speedups, but left open whether improvements are possible. Data Layout;Data Structure;Hash Table;Load Balance;Model Checking;Search Algorithm;State Space; Computing Research Repository http://arxiv.org/abs/1004.2772,http://www.informatik.uni-trier.de/~ley/db/journals/corr/corr1004.html#abs-1004-2772,http://ieeexplore.ieee.org/xpls/abs_all.jsp?arnumber=5770956,http://www.informatik.uni-trier.de/~ley/db/conf/fmcad/fmcad2010.html#LaarmanPW10 2010",
        "conf": NaN,
        "email": null,
        "coauthors": [
            "alfons laarman",
            "jaco van de pol"
        ],
        "keywords": null,
        "title_embedding": [],
        "abstract_embedding": []
    },
    {
        "id": 3777,
        "label": 711,
        "title": "A Database Approach to Distributed State Space Generation",
        "organization": null,
        "abstract": "We study distributed state space generation on a cluster of workstations. It is ex- plained why state space partitioning by a global hash function is problematic when states contain variables from unbounded domains, such as lists or other recursive datatypes. Our solution is to introduce a database which maintains a global num- bering of state values. We also describe tree-compression,",
        "conf": "Electronic Notes in Theoretical Computer Science",
        "email": null,
        "coauthors": [
            "stefan blom",
            "bert lisser",
            "jaco van de pol"
        ],
        "keywords": "Cluster of Workstations,Hash Function,State Space,Unbounded Domain,Virtual Machine,",
        "title_embedding": [],
        "abstract_embedding": []
    },
    {
        "id": 3778,
        "label": 711,
        "title": "Parallel Model Checking for LTL, CTL*, and L2",
        "organization": null,
        "abstract": "We describe a parallel model-checking algorithm for the fragment of the -calculus that allows one alternation of minimal and maximal xed-p oint operators. This fragment is also known as L2 . Since LTL and CTL can be encoded in this fragment, we obtain parallel model checking algorithms for practically important temporal logics. Our solution is based on a characterization of",
        "conf": "Electronic Notes in Theoretical Computer Science",
        "email": null,
        "coauthors": [
            "martin leucker",
            "rafal somla"
        ],
        "keywords": "Parallel Algorithm,Parallel Models,Temporal Logic,",
        "title_embedding": [],
        "abstract_embedding": []
    },
    {
        "id": 3779,
        "label": 711,
        "title": "A Multi-Core Solver for Parity Games",
        "organization": null,
        "abstract": "We describe a parallel algorithm for solving parity games, with applications in, e.g., modal -calculus model checking with arbitrary alternations, and (branching) bisimulation check- ing. The algorithm is based on Jurdzinski's Small Progress Measures. Actually, this is a class of algorithms, depending on a selection heuristics. Our algorithm operates lock-free, and mostly wait-free (except for infrequent termination detection), and thus",
        "conf": "Electronic Notes in Theoretical Computer Science",
        "email": null,
        "coauthors": [
            "jaco van de pol"
        ],
        "keywords": "Communication Protocol,Model Checking,Parallel Algorithm,System Modeling,Termination Detection,",
        "title_embedding": [],
        "abstract_embedding": []
    },
    {
        "id": 3780,
        "label": 711,
        "title": "Functional programming languages for verification tools: a comparison of Standard ML and Haskell",
        "organization": null,
        "abstract": "We compare Haskell with Standard ML as programming languages for verification tools based on our experience developing the verification platform Truth in Haskell and the Edinburgh Concurrency Workbench (CWB) in Standard ML .W e review not only technical language features but also the \"worlds\" of the languages, for example, the availability of compilers, tools, and libraries. We also discuss the",
        "conf": "International Journal on Software Tools for Technology Transfer",
        "email": null,
        "coauthors": [
            "martin leucker",
            "thomas noll",
            "perdita stevens"
        ],
        "keywords": "Functional Programming,Functional Programming Language,Programming Language,Standard Ml,",
        "title_embedding": [],
        "abstract_embedding": []
    }
]