[
    {
        "id": 3683,
        "label": 684,
        "title": "Multiparameter regularization method for atmospheric remote sensing",
        "organization": null,
        "abstract": NaN,
        "conf": "Computer Physics Communications",
        "email": null,
        "coauthors": [
            "adrian doicu",
            "franz schreier",
            "siegfried hilgers"
        ],
        "keywords": "Atmospheric Remote Sensing,Regularization Method,",
        "title_embedding": [],
        "abstract_embedding": []
    },
    {
        "id": 3684,
        "label": 684,
        "title": "An iterative regularization method with B-spline approximation for atmospheric temperature and concentration retrievals",
        "organization": null,
        "abstract": NaN,
        "conf": "Environmental Modelling and Software",
        "email": null,
        "coauthors": [
            "adrian doicu",
            "franz schreier"
        ],
        "keywords": "Regularization Method,",
        "title_embedding": [],
        "abstract_embedding": []
    },
    {
        "id": 3685,
        "label": 684,
        "title": "Error analysis and minimum bound method for atmospheric remote sensing",
        "organization": null,
        "abstract": "In this study, we present an error analysis for Tikhonov regularization in a semi-stochastic setting. The analysis is carried out in such a way that it can be applied to any kind of inverse problem in atmospheric remote sensing. A method for selecting the optimal regularization parameter relying on the minimization of an estimator of the bound of the error",
        "conf": "Environmental Modelling and Software",
        "email": null,
        "coauthors": [
            "adrian doicu",
            "franz schreier",
            "siegfried hilgers"
        ],
        "keywords": "Atmospheric Remote Sensing,Error Analysis,Exact Solution,Inverse Problem,Nonlinear Least Squares,Numerical Simulation,Remote Sensing,tikhonov regularization,",
        "title_embedding": [],
        "abstract_embedding": []
    }
]