[
    {
        "id": 3742,
        "label": 700,
        "title": "Stop the Chase: Short Contribution",
        "organization": null,
        "abstract": "The chase procedure, an algorithm proposed 25+ years ago to fi x con- straint violations in database instances, has been success fully applied in a variety of contexts, such as query optimization and data exchange. Its practicability, how- ever, is limited by the fact that - for an arbitrary set of cons traints - it might not terminate; even worse,",
        "conf": NaN,
        "email": null,
        "coauthors": [
            "michael schmidt",
            "georg lausen"
        ],
        "keywords": "Data Exchange,Query Optimization,",
        "title_embedding": [],
        "abstract_embedding": []
    },
    {
        "id": 3743,
        "label": 700,
        "title": "SPARQLing constraints for RDF",
        "organization": null,
        "abstract": "The goal of the Semantic Web is to support semantic in- teroperability between applications exchanging data on the web. The idea heavily relies on data being made available in machine readable format, using semantic markup languages. In this regard, the W3C has standardized RDF as the ba- sic markup language for the Semantic Web. In contrast to relational databases, where",
        "conf": "Extending Database Technology",
        "email": null,
        "coauthors": [
            "georg lausen",
            "michael schmidt"
        ],
        "keywords": "Data Consistency,Markup Language,Query Language,Relational Data,Relational Database,Satisfiability,Semantic Web,Semantic Query Optimization,",
        "title_embedding": [],
        "abstract_embedding": []
    },
    {
        "id": 3744,
        "label": 700,
        "title": "Foundations of SPARQL Query Optimization",
        "organization": null,
        "abstract": "The SPARQL query language is a recent W3C standard for processing RDF data, a format that has been developed to encode information in a machine-readable way. We inves- tigate the foundations of SPARQL query optimization and (a) provide novel complexity results for the SPARQL evalu- ation problem, showing that the main source of complexity is operator Optional alone; (b) propose",
        "conf": "Computing Research Repository",
        "email": null,
        "coauthors": [
            "michael schmidt",
            "georg lausen"
        ],
        "keywords": "Algebraic Complexity,Conjunctive Queries,Query Language,Query Optimization,Query Rewriting,Semantic Query Optimization,",
        "title_embedding": [],
        "abstract_embedding": []
    },
    {
        "id": 3745,
        "label": 700,
        "title": "Semantic query optimization in the presence of types",
        "organization": null,
        "abstract": "Both semantic and type-based query optimization rely on the idea that queries often exhibit non-trivial rewritings if the state space of the database is restricted. Despite their close connection, these two problems to date have always been studied separately. We present a unifying, logic-based framework for query optimization in the presence of data dependencies and type information. It builds upon",
        "conf": "Symposium on Principles of Database Systems",
        "email": null,
        "coauthors": [
            "michael schmidt",
            "wei fang",
            "georg lausen"
        ],
        "keywords": "Conjunctive Queries,Cost Function,Data Dependence,Decision Problem,Query Optimization,State Space,Semantic Query Optimization,",
        "title_embedding": [],
        "abstract_embedding": []
    },
    {
        "id": 3746,
        "label": 700,
        "title": "Stop the Chase",
        "organization": null,
        "abstract": "The chase procedure, an algorithm proposed 25+ years ago to fix constraint violations in database instances, has been successfully applied in a variety of contexts, such as query optimization, data ex- change, and data integration. Its practicability, however, is limited by the fact that - for an arbitrary set of constraints - it might not terminate; even worse, chase termination",
        "conf": "Computing Research Repository",
        "email": null,
        "coauthors": [
            "michael schmidt",
            "georg lausen"
        ],
        "keywords": "Data Dependence,Data Integrity,Query Optimization,",
        "title_embedding": [],
        "abstract_embedding": []
    },
    {
        "id": 3747,
        "label": 700,
        "title": "On Chase Termination Beyond Stratification",
        "organization": null,
        "abstract": "We study the termination problem of the chase algorithm, a central tool in various database problems such as the constraint implica- tion problem, Conjunctive Query optimization, rewriting queries using views, data exchange, and data integration. The basic idea of the chase is, given a database instance and a set of constraints as input, to fix constraint violations in the database",
        "conf": "Computing Research Repository",
        "email": null,
        "coauthors": [
            "michael schmidt",
            "georg lausen"
        ],
        "keywords": "Conjunctive Queries,Data Dependence,Data Exchange,Data Integrity,Knowledge Base,Query Answering,Stratification,",
        "title_embedding": [],
        "abstract_embedding": []
    },
    {
        "id": 3748,
        "label": 701,
        "title": "Beyond Excel and Powerpoint: Knowledge Maps for the Transfer and Creation of Knowledge in Organizations",
        "organization": null,
        "abstract": NaN,
        "conf": "International Conference on Information Visualisation",
        "email": null,
        "coauthors": [
            "remo aslak burkhard",
            "matthias smis",
            "jill allemang",
            "laura honisch"
        ],
        "keywords": null,
        "title_embedding": [],
        "abstract_embedding": []
    },
    {
        "id": 3749,
        "label": 701,
        "title": "The ETH Value Lab and Two Software Tools for Knowledge Creation in Teams",
        "organization": null,
        "abstract": NaN,
        "conf": "International Conference on Information Visualisation",
        "email": null,
        "coauthors": [
            "remo aslak burkhard",
            "christian schneider"
        ],
        "keywords": "Knowledge Creation,Software Tool,",
        "title_embedding": [],
        "abstract_embedding": []
    },
    {
        "id": 3750,
        "label": 701,
        "title": "Automatic Layout of Project Plans Using a Metro Map Metaphor",
        "organization": null,
        "abstract": "In this paper we describe a tool to improve inter- functional communication of project plans by displa ying them as a metro map. Our tool automatically lays ou t plans using a multicriteria system adapted for the application area. Previous studies have shown that displaying project plans using a metro map metaphor as a complementary visualization to Gantt charts attra",
        "conf": "International Conference on Information Visualisation",
        "email": null,
        "coauthors": [
            "jonathan m. stott",
            "peter rodgers",
            "remo aslak burkhard",
            "matthias smis"
        ],
        "keywords": "Human Computer Interaction,Knowledge Visualization,multicriteria optimization,Project Manager,Project Planning,Software Tool,",
        "title_embedding": [],
        "abstract_embedding": []
    },
    {
        "id": 3751,
        "label": 701,
        "title": "Tube Map Visualization: Evaluation of a Novel Knowledge Visualization Application for the Transfer of Knowledge in Long-Term Projects",
        "organization": null,
        "abstract": "This article introduces two theoretical concepts for the emerging field Knowledge Visualization and discusses a new visualization application that was used to communicate a long-term project to various stakeholders in an organization. First, we introduce a theoretical framework and a model for Knowledge Visualization. The framework and the model identify and relate the key-aspects for successful Knowledge Visualization applications. Next,",
        "conf": "Journal of Universal Computer Science",
        "email": null,
        "coauthors": [
            "remo aslak burkhard"
        ],
        "keywords": "Development Process,Health Care,Information Visualization,Knowledge Management,Knowledge Visualization,Project Manager,Project Planning,Theoretical Framework,",
        "title_embedding": [],
        "abstract_embedding": []
    },
    {
        "id": 3752,
        "label": 702,
        "title": "Interfaces for Knowledge-Base Builders' Control Knowledge and Application-Specific Procedures",
        "organization": null,
        "abstract": NaN,
        "conf": "Ibm Journal of Research and Development",
        "email": null,
        "coauthors": [
            "peter hirsch",
            "william katke",
            "steven snyder",
            "richard stillman"
        ],
        "keywords": "Knowledge Base,",
        "title_embedding": [],
        "abstract_embedding": []
    }
]