[
    {
        "id": 3770,
        "label": 710,
        "title": "Anatomische Abbildung elektrischer Aktivitat des ZNS",
        "organization": null,
        "abstract": NaN,
        "conf": "Bildverarbeitung fur die Medizin",
        "email": null,
        "coauthors": [
            "r. beckmann",
            "helmut buchner",
            "g. knoll",
            "a. rienacker",
            "manfred fuchs",
            "jiri silny",
            "j. pesch"
        ],
        "keywords": null,
        "title_embedding": [],
        "abstract_embedding": []
    },
    {
        "id": 3771,
        "label": 710,
        "title": "Restoration of the Sphere-Cortex Homeomorphism",
        "organization": null,
        "abstract": "Abstract. The proposed algorithm has been developed as a pre-proces-sing tool for inflating cortical surface meshes, which have been created using segmentation and subsequent triangulation of magnetic resonance images (MRI) [1]. It works directly on the triangulated surface and is therefore completely independent from the underlying segmentation. It needs no other information than the triangle mesh itself, which makes it",
        "conf": "Bildverarbeitung fur die Medizin",
        "email": null,
        "coauthors": [
            "andreas mang",
            "jan muller",
            "manfred fuchs",
            "thorsten m. buzug"
        ],
        "keywords": "Magnetic Resonance Image,Software Package,Triangle Mesh,",
        "title_embedding": [],
        "abstract_embedding": []
    },
    {
        "id": 3772,
        "label": 710,
        "title": "Model-based EEG and MEG Source Reconstruction Methods",
        "organization": null,
        "abstract": "Neurophysiological activity, as measured with EEG or MEG, has its origin in the brain. For most EEG and MEG experiments it is known beforehand, that the folded gray matter of t he cortex is the location of the neurons whose activity is measured. These neurons, the pyramidal cells, a re oriented p erpendicular to the c ortical surface. Triangulation o",
        "conf": "Bildverarbeitung fur die Medizin",
        "email": null,
        "coauthors": [
            "manfred fuchs",
            "hans-aloys wischmann",
            "ralf drenckhahn",
            "thomas kohler"
        ],
        "keywords": "Gray Matter,neuronal activity,Pyramidal Cell,Region Growing,Software Package,",
        "title_embedding": [],
        "abstract_embedding": []
    }
]