[
    {
        "id": 3678,
        "label": 682,
        "title": "Virtuelle Maschinen in einem allgemeinen Time-Sharing-Betriebssystem",
        "organization": null,
        "abstract": NaN,
        "conf": "GI-Jahrestagung",
        "email": null,
        "coauthors": [],
        "keywords": "Time Sharing,",
        "title_embedding": [],
        "abstract_embedding": []
    },
    {
        "id": 3679,
        "label": 682,
        "title": "Das Programmsystem LINET zur Analyse linearer elektrischer Netzwerke",
        "organization": null,
        "abstract": NaN,
        "conf": "Information Technology",
        "email": null,
        "coauthors": [
            "rainer engelhardt",
            "hermann kremer"
        ],
        "keywords": null,
        "title_embedding": [],
        "abstract_embedding": []
    },
    {
        "id": 3680,
        "label": 683,
        "title": "Firm-like behavior of journals? Scaling properties of their output and impact growth dynamics",
        "organization": null,
        "abstract": "Abstract  In the study of growth dynamicsof artificial and natural systems, the scaling properties of fluctuations can exhibit information on the underlying processes responsible for the observed macroscopic behaviour, according to researchers of a group around H.E. Stanley and others. With such an approach, they examined the growth dynamics of firms, of national economies, and of university research fundings and",
        "conf": "Journal of The American Society for Information Science and Technology",
        "email": null,
        "coauthors": [
            "frank havemann",
            "roland wagner-dobler"
        ],
        "keywords": "Conditional Probability,Research Funding,Growth Rate,Power Law,",
        "title_embedding": [],
        "abstract_embedding": []
    },
    {
        "id": 3681,
        "label": 683,
        "title": "Growth dynamics of German university enrolments and of scientific disciplines in the 19th century: Scaling behaviour under weak competitive pressure",
        "organization": null,
        "abstract": NaN,
        "conf": "Scientometrics",
        "email": null,
        "coauthors": [
            "frank havemann",
            "roland wagner-dobler"
        ],
        "keywords": null,
        "title_embedding": [],
        "abstract_embedding": []
    },
    {
        "id": 3682,
        "label": 683,
        "title": "Structural similarities between science growth dynamics in China and in western countries",
        "organization": null,
        "abstract": NaN,
        "conf": "Scientometrics",
        "email": null,
        "coauthors": [
            "liming liang",
            "frank havemann",
            "roland wagner-dobler"
        ],
        "keywords": "Structural Similarity,",
        "title_embedding": [],
        "abstract_embedding": []
    }
]