[
    {
        "id": 3783,
        "label": 713,
        "title": "Problems and Solutions in Distributed Software Development: A Systematic Review",
        "organization": null,
        "abstract": NaN,
        "conf": "Software Engineering Approaches for Offshore and Outsourced Development",
        "email": null,
        "coauthors": [
            "mario piattini"
        ],
        "keywords": "Distributed Software Development,Systematic Review,",
        "title_embedding": [],
        "abstract_embedding": []
    }
]