[
    {
        "id": 3933,
        "label": 743,
        "title": "A Congestion Control Method Jointly Utilizing Delay and Marking/Loss Feedback",
        "organization": null,
        "abstract": "Depending upon the type of feedback that is utilized, network congestion control schemes can be classified into two cat - egories: marking/loss based (e.g., TCP Reno) or delay based (e.g., TCP Vegas). Delay-based schemes have garnered much attention due to their higher network throughput than loss-based methods. Delay provides a much finer-grained measure of congestion than packet loss or packet",
        "conf": "Global Telecommunications Conference",
        "email": null,
        "coauthors": [
            "manohar n. murthi",
            "kamal premaratne",
            "xingzhe fan"
        ],
        "keywords": "Congestion Control,Dynamic Networks,Indexing Terms,Network Calculus,Network Congestion,Packet Loss,Packet Marking,Tcp Vegas,High Throughput,",
        "title_embedding": [],
        "abstract_embedding": []
    },
    {
        "id": 3934,
        "label": 743,
        "title": "TCP congestion avoidance: a network calculus interpretation and performance improvements",
        "organization": null,
        "abstract": NaN,
        "conf": "IEEE INFOCOM",
        "email": null,
        "coauthors": [
            "j. zhang",
            "manohar n. murthi",
            "kamal premaratne"
        ],
        "keywords": "Congestion Avoidance,Network Calculus,Performance Improvement,",
        "title_embedding": [],
        "abstract_embedding": []
    },
    {
        "id": 3935,
        "label": 743,
        "title": "Delay-based TCP congestion avoidance: A network calculus interpretation and performance improvements",
        "organization": null,
        "abstract": NaN,
        "conf": "Computer Networks and Isdn Systems",
        "email": null,
        "coauthors": [
            "jinsong zhang",
            "manohar n. murthi",
            "kamal premaratne"
        ],
        "keywords": "Congestion Avoidance,Network Calculus,Performance Improvement,",
        "title_embedding": [],
        "abstract_embedding": []
    },
    {
        "id": 3936,
        "label": 743,
        "title": "Normalized queueing delay: congestion control jointly utilizing delay and marking",
        "organization": null,
        "abstract": NaN,
        "conf": "IEEE/ACM Transactions on Networking",
        "email": null,
        "coauthors": [
            "xingzhe fan",
            "manohar n. murthi",
            "t. dilusha wickramarathna",
            "kamal premaratne"
        ],
        "keywords": "Congestion Control,",
        "title_embedding": [],
        "abstract_embedding": []
    }
]