[
    {
        "id": 3845,
        "label": 734,
        "title": "A computational method for outage probability exploiting spatial diversity without channel state information at transmitter",
        "organization": null,
        "abstract": NaN,
        "conf": "Canadian Conference on Electrical and Computer Engineering",
        "email": null,
        "coauthors": [
            "ning hu",
            "xiaofeng zhong",
            "jing wang",
            "luo chen"
        ],
        "keywords": "Computational Method,Outage Probability,Spatial Diversity,Channel State Information at Transmitter,",
        "title_embedding": [],
        "abstract_embedding": []
    },
    {
        "id": 3846,
        "label": 734,
        "title": "On the achievable outage probability of opportunistic relaying with decode-and-forward",
        "organization": null,
        "abstract": NaN,
        "conf": "Canadian Conference on Electrical and Computer Engineering",
        "email": null,
        "coauthors": [
            "ning hu",
            "xiaofeng zhong",
            "jing wang",
            "luo chen"
        ],
        "keywords": "Decode and Forward,Outage Probability,",
        "title_embedding": [],
        "abstract_embedding": []
    },
    {
        "id": 3847,
        "label": 734,
        "title": "An Iterative Receiver with Channel Estimation for MIMO-OFDM Over a Time and Frequency Dispersive Fading Channel",
        "organization": null,
        "abstract": NaN,
        "conf": "Global Telecommunications Conference",
        "email": null,
        "coauthors": [
            "zhenning shi",
            "mark c. reed"
        ],
        "keywords": "Channel Estimation,Fading Channel,",
        "title_embedding": [],
        "abstract_embedding": []
    },
    {
        "id": 3848,
        "label": 734,
        "title": "The Impacts of Radio Channels and Node Mobility on Link Statistics in Mobile Ad Hoc Networks",
        "organization": null,
        "abstract": "Understanding link statistics in mobile ad hoc net- works (MANETs) is essential to design adaptive routing protocols and achieve desired network performance. While much attention has been given to the node mobility impacts, little has been done to investigate the influence of dynamic channel fadings and the joint effects of the interactions among radio channels, transmission range, node mobility and",
        "conf": "Global Telecommunications Conference",
        "email": null,
        "coauthors": [
            "wenye wang"
        ],
        "keywords": "Adaptive Routing,Exponential Distribution,Mobile Ad Hoc Network,Mobility Model,Network Performance,Time Scale,Transition Probability Matrix,Impact Factor,",
        "title_embedding": [],
        "abstract_embedding": []
    },
    {
        "id": 3849,
        "label": 734,
        "title": "Joint Power and Channel Resource Allocation for F/TDMA Decode and Forward Relay Networks",
        "organization": null,
        "abstract": NaN,
        "conf": "Global Telecommunications Conference",
        "email": null,
        "coauthors": [
            "yin sun",
            "yuanzhang xiao",
            "xiaofeng zhong",
            "shidong zhou",
            "ness b. shroff"
        ],
        "keywords": "Decode and Forward,Relay Network,Resource Allocation,",
        "title_embedding": [],
        "abstract_embedding": []
    },
    {
        "id": 3850,
        "label": 734,
        "title": "Power Allocation in OFDM-Based Cognitive Radio Systems",
        "organization": null,
        "abstract": NaN,
        "conf": "Global Telecommunications Conference",
        "email": null,
        "coauthors": [
            "peng wang",
            "limin xiao",
            "shidong zhou",
            "jing wang"
        ],
        "keywords": "Cognitive Radio,Power Allocation,",
        "title_embedding": [],
        "abstract_embedding": []
    },
    {
        "id": 3851,
        "label": 734,
        "title": "Efficient Transmission Strategies Against Channel Time Variations in Multiuser MIMO Downlink Systems",
        "organization": null,
        "abstract": NaN,
        "conf": "Global Telecommunications Conference",
        "email": null,
        "coauthors": [
            "hongmei wang",
            "xibin xu",
            "yan yao"
        ],
        "keywords": null,
        "title_embedding": [],
        "abstract_embedding": []
    },
    {
        "id": 3852,
        "label": 734,
        "title": "A Novel Semi-Markov Smooth Mobility Model for Mobile Ad Hoc Networks",
        "organization": null,
        "abstract": "Existing random mobility models have their limi- tations such as speed decay and sharp turn which have been demonstrated by the previous studies. More importantly, mobility models need to mimic the movements that abide by the physical law for accurate analysis and simulations of mobile networks. Therefore, in this paper, we propose a novel mobility model, Semi- Markov Smooth (SMS)",
        "conf": "Global Telecommunications Conference",
        "email": null,
        "coauthors": [
            "wenye wang"
        ],
        "keywords": "Mobile Ad Hoc Network,Mobile Network,Mobility Model,Random Waypoint Model,Simulation Experiment,Steady State Analysis,Markov Model,",
        "title_embedding": [],
        "abstract_embedding": []
    },
    {
        "id": 3853,
        "label": 734,
        "title": "Uplink-Downlink Duality of ICI Cancellation in OFDMA Systems with Carrier-Frequency Offset",
        "organization": null,
        "abstract": NaN,
        "conf": "IEEE International Conference on Communications",
        "email": null,
        "coauthors": [
            "min huang",
            "shidong zhou",
            "jing wang"
        ],
        "keywords": "Carrier Frequency Offset,",
        "title_embedding": [],
        "abstract_embedding": []
    },
    {
        "id": 3854,
        "label": 734,
        "title": "On The Optimal Amount of Training for Peak-Power-Limited Rayleigh Fading Channels",
        "organization": null,
        "abstract": NaN,
        "conf": "IEEE International Conference on Communications",
        "email": null,
        "coauthors": [
            "wei mao",
            "xin su",
            "xibin xu"
        ],
        "keywords": "Rayleigh Fading Channel,Peak Power,",
        "title_embedding": [],
        "abstract_embedding": []
    },
    {
        "id": 3855,
        "label": 734,
        "title": "SNCC: A Selective Network-Coded Cooperation Scheme in Wireless Networks",
        "organization": null,
        "abstract": NaN,
        "conf": "IEEE International Conference on Communications",
        "email": null,
        "coauthors": [
            "cong peng",
            "qian zhang",
            "yan yao"
        ],
        "keywords": "Network Coding,Wireless Network,",
        "title_embedding": [],
        "abstract_embedding": []
    },
    {
        "id": 3856,
        "label": 734,
        "title": "Limited-Feedback Modified Block Diagonalization for Multiuser MIMO Downlink with Time-Varying Channels",
        "organization": null,
        "abstract": NaN,
        "conf": "IEEE International Conference on Communications",
        "email": null,
        "coauthors": [
            "yuanzhang xiao",
            "wei miao",
            "shidong zhou",
            "jing wang"
        ],
        "keywords": "Time-varying Channel,Block Diagonalization,",
        "title_embedding": [],
        "abstract_embedding": []
    },
    {
        "id": 3857,
        "label": 734,
        "title": "Iterative Turbo Channel Estimation for OFDM System over Rapid Dispersive Fading Channel",
        "organization": null,
        "abstract": NaN,
        "conf": "IEEE Transactions on Wireless Communications",
        "email": null,
        "coauthors": [
            "zhenning shi",
            "mark c. reed"
        ],
        "keywords": "Channel Estimation,Fading Channel,",
        "title_embedding": [],
        "abstract_embedding": []
    },
    {
        "id": 3858,
        "label": 734,
        "title": "On the Performance Analysis of Network-Coded Cooperation in Wireless Networks",
        "organization": null,
        "abstract": NaN,
        "conf": "IEEE Transactions on Wireless Communications",
        "email": null,
        "coauthors": [
            "cong peng",
            "qian zhang",
            "yan yao",
            "weijia jia"
        ],
        "keywords": "Network Coding,Performance Analysis,Wireless Network,",
        "title_embedding": [],
        "abstract_embedding": []
    },
    {
        "id": 3859,
        "label": 734,
        "title": "Joint Effects of Radio Channels and Node Mobility on Link Dynamics in Wireless Networks",
        "organization": null,
        "abstract": "In this paper, we study link properties over dynamic radio channels based on analytical models and simulations. Specifically, channel variability and mobility are investigated through two quantities: effective transmission range and node- pair distance, respectively. We find that the PDF of link lifetime can be approximated by exponential distribution with parameter characterized by the ratio of average node speed to",
        "conf": "IEEE INFOCOM",
        "email": null,
        "coauthors": [
            "wenye wang"
        ],
        "keywords": "Analytical Model,End To End Delay,Exponential Distribution,Mobile Ad Hoc Network,Network Connectivity,Packet Loss,Performance Metric,Wireless Network,Impact Factor,Mobile Node,On The Fly,Time Varying,",
        "title_embedding": [],
        "abstract_embedding": []
    },
    {
        "id": 3860,
        "label": 734,
        "title": "Relaying Schemes for MIMO Broadcast Channels: Coexistence of Direct-link and Relay-link Users",
        "organization": null,
        "abstract": "The combination of relay and Multiple-Input Multiple-Output (MIMO) techniques can significantly benefit the signal transmission in cellular networks. In this work, we propose a novel relaying scheme for the relay assisted MIMO broadcast channel including user classification and precoding. The users are firstly classified as Direct Link (DL) users and Relay Link (RL) users according to their channel conditions. After",
        "conf": "Vehicular Technology Conference",
        "email": null,
        "coauthors": [
            "tianheng wang",
            "xiang chen",
            "limin xiao",
            "jing wang"
        ],
        "keywords": "Cellular Network,Indexing Terms,Interference Cancellation,Large Scale,Multiple Input Multiple Output,Broadcast Channel,Zero Forcing,",
        "title_embedding": [],
        "abstract_embedding": []
    },
    {
        "id": 3861,
        "label": 734,
        "title": "Efficient Transmission Schemes for Multiuser MIMO-OFDM Downlink Systems in Time-Varying Channels",
        "organization": null,
        "abstract": NaN,
        "conf": "Vehicular Technology Conference",
        "email": null,
        "coauthors": [
            "hongmei wang",
            "xibin xu",
            "weiling wu",
            "yan yao"
        ],
        "keywords": "Time-varying Channel,",
        "title_embedding": [],
        "abstract_embedding": []
    },
    {
        "id": 3862,
        "label": 734,
        "title": "Robust Transmission for Multiuser MIMO Downlink Systems with Imperfect CSIT",
        "organization": null,
        "abstract": NaN,
        "conf": "IEEE Wireless Communications & Networking Conference",
        "email": null,
        "coauthors": [
            "hongmei wang",
            "xibin xu",
            "weiling wu",
            "yan yao"
        ],
        "keywords": null,
        "title_embedding": [],
        "abstract_embedding": []
    },
    {
        "id": 3863,
        "label": 734,
        "title": "An uplink analytical model for two-tiered 3G femtocell networks",
        "organization": null,
        "abstract": NaN,
        "conf": "Modeling and Optimization in Mobile, Ad-Hoc and Wireless Networks",
        "email": null,
        "coauthors": [
            "zhenning shi",
            "he wang",
            "mark c. reed"
        ],
        "keywords": "Analytical Model,",
        "title_embedding": [],
        "abstract_embedding": []
    },
    {
        "id": 3864,
        "label": 734,
        "title": "An optimal OSA approach based on channel-usage estimate under collision probability constraint in cognitive radio systems",
        "organization": null,
        "abstract": NaN,
        "conf": "Annales Des Tlcommunications",
        "email": null,
        "coauthors": [
            "qinghai xiao",
            "yunzhou li",
            "shidong zhou",
            "jing wang"
        ],
        "keywords": "Cognitive Radio,",
        "title_embedding": [],
        "abstract_embedding": []
    },
    {
        "id": 3865,
        "label": 734,
        "title": "Opportunistic channel selection approach under collision probability constraint in cognitive radio systems",
        "organization": null,
        "abstract": NaN,
        "conf": "Computer Communications",
        "email": null,
        "coauthors": [
            "qinghai xiao",
            "yunzhou li",
            "shidong zhou",
            "jing wang"
        ],
        "keywords": "Cognitive Radio,",
        "title_embedding": [],
        "abstract_embedding": []
    },
    {
        "id": 3866,
        "label": 734,
        "title": "Linear Precoding Based on Sub-Channel Permutation in Post-Combining MIMO-HARQ Systems",
        "organization": null,
        "abstract": NaN,
        "conf": "Ieice Transactions",
        "email": null,
        "coauthors": [
            "jinxia cheng",
            "chi liu",
            "shidong zhou",
            "yan yao"
        ],
        "keywords": "linear precoding,",
        "title_embedding": [],
        "abstract_embedding": []
    },
    {
        "id": 3867,
        "label": 734,
        "title": "A Novel Evaluation Method for the Downlink Capacity of Distributed Antenna Systems",
        "organization": null,
        "abstract": NaN,
        "conf": "Ieice Transactions",
        "email": null,
        "coauthors": [
            "wei feng",
            "yifei zhao",
            "shidong zhou",
            "jing wang",
            "minghua xia"
        ],
        "keywords": "Evaluation Method,Distributed Antenna System,",
        "title_embedding": [],
        "abstract_embedding": []
    },
    {
        "id": 3868,
        "label": 734,
        "title": "Outage Probability Based Optimal Transmission of Space Time Block Codes over Correlated Distributed Antennas",
        "organization": null,
        "abstract": NaN,
        "conf": "Ieice Transactions",
        "email": null,
        "coauthors": [
            "shuangfeng han",
            "shidong zhou",
            "jing wang",
            "kyung park"
        ],
        "keywords": "Outage Probability,Space Time Block Code,",
        "title_embedding": [],
        "abstract_embedding": []
    },
    {
        "id": 3869,
        "label": 734,
        "title": "Iterative Precoding Scheme for Downlink OFDMA System with Carrier-Frequency Offset",
        "organization": null,
        "abstract": NaN,
        "conf": "Ieice Transactions",
        "email": null,
        "coauthors": [
            "min huang",
            "shidong zhou",
            "jing wang"
        ],
        "keywords": "Carrier Frequency Offset,",
        "title_embedding": [],
        "abstract_embedding": []
    },
    {
        "id": 3870,
        "label": 734,
        "title": "Regenerative Strategy for Fairness in Bidirectional Three-Node Relaying",
        "organization": null,
        "abstract": NaN,
        "conf": "Ieice Transactions",
        "email": null,
        "coauthors": [
            "ning hu",
            "xiaofeng zhong",
            "jing wang"
        ],
        "keywords": null,
        "title_embedding": [],
        "abstract_embedding": []
    },
    {
        "id": 3871,
        "label": 734,
        "title": "Joint Stream-Wise THP Transceiver Design for the Multiuser MIMO Downlink",
        "organization": null,
        "abstract": NaN,
        "conf": "Ieice Transactions",
        "email": null,
        "coauthors": [
            "wei miao",
            "xiang chen",
            "shidong zhou",
            "jing wang"
        ],
        "keywords": null,
        "title_embedding": [],
        "abstract_embedding": []
    },
    {
        "id": 3872,
        "label": 734,
        "title": "Linear Precoding for V-BLAST Systems in the Presence of Fading Correlations",
        "organization": null,
        "abstract": NaN,
        "conf": "Ieice Transactions",
        "email": null,
        "coauthors": [
            "tingting shi",
            "shidong zhou",
            "yan yao"
        ],
        "keywords": "linear precoding,",
        "title_embedding": [],
        "abstract_embedding": []
    },
    {
        "id": 3873,
        "label": 734,
        "title": "Low-Complexity ICI Cancellation in Frequency Domain for OFDM Systems in Time-Varying Multipath Channels",
        "organization": null,
        "abstract": NaN,
        "conf": "Ieice Transactions",
        "email": null,
        "coauthors": [
            "hongmei wang",
            "xiang chen",
            "shidong zhou",
            "yan yao"
        ],
        "keywords": "Frequency Domain,Low Complexity,Multipath Channel,Time Varying,",
        "title_embedding": [],
        "abstract_embedding": []
    },
    {
        "id": 3874,
        "label": 734,
        "title": "MIMO Broadcast Transmission Strategy over Fast Time-Varying Channels",
        "organization": null,
        "abstract": NaN,
        "conf": "Ieice Transactions",
        "email": null,
        "coauthors": [
            "hongmei wang",
            "xibin xu",
            "weiling wu",
            "yan yao"
        ],
        "keywords": "Time-varying Channel,",
        "title_embedding": [],
        "abstract_embedding": []
    },
    {
        "id": 3875,
        "label": 734,
        "title": "Capacity Bound of MIMO Systems with MPSK Modulation and Time-Multiplexed Pilots",
        "organization": null,
        "abstract": NaN,
        "conf": "Ieice Transactions",
        "email": null,
        "coauthors": [
            "yifei zhao",
            "yunzhou li",
            "jing wang"
        ],
        "keywords": "mimo system,",
        "title_embedding": [],
        "abstract_embedding": []
    },
    {
        "id": 3876,
        "label": 734,
        "title": "Capacity Bound of MIMO Systems with MPSK Modulation and Superimposed Pilots",
        "organization": null,
        "abstract": NaN,
        "conf": "Ieice Transactions",
        "email": null,
        "coauthors": [
            "yifei zhao",
            "jing wang",
            "yong ren"
        ],
        "keywords": "mimo system,",
        "title_embedding": [],
        "abstract_embedding": []
    },
    {
        "id": 3877,
        "label": 734,
        "title": "Capacity Bounds of SIMO Systems with Co-Channel Interferers",
        "organization": null,
        "abstract": NaN,
        "conf": "Ieice Transactions",
        "email": null,
        "coauthors": [
            "yifei zhao",
            "shidong zhou",
            "jing wang"
        ],
        "keywords": "Co Channel Interference,",
        "title_embedding": [],
        "abstract_embedding": []
    },
    {
        "id": 3878,
        "label": 734,
        "title": "On the Performance Analysis of Network-Coded Cooperation in Wireless Networks",
        "organization": null,
        "abstract": NaN,
        "conf": "IEEE Transactions on Wireless Communications",
        "email": null,
        "coauthors": [
            "cong peng",
            "qian zhang",
            "yan yao",
            "weijia jia"
        ],
        "keywords": "Network Coding,Performance Analysis,Wireless Network,",
        "title_embedding": [],
        "abstract_embedding": []
    },
    {
        "id": 3879,
        "label": 734,
        "title": "Iterative Turbo Channel Estimation for OFDM System over Rapid Dispersive Fading Channel",
        "organization": null,
        "abstract": NaN,
        "conf": "IEEE Transactions on Wireless Communications",
        "email": null,
        "coauthors": [
            "zhenning shi",
            "mark c. reed"
        ],
        "keywords": "Channel Estimation,Fading Channel,",
        "title_embedding": [],
        "abstract_embedding": []
    },
    {
        "id": 3880,
        "label": 734,
        "title": "A unified mobility model for analysis and simulation of mobile wireless networks",
        "organization": null,
        "abstract": "We propose a novel mobility model, named Semi-Markov Smooth (SMS) model, to characterize the smooth movement of mobile users in accordance with the physical law of motion in order to eliminate sharp turns, abrupt speed change and sudden stops exhibited by existing models. We formulate the smooth mobility model by a semi-Markov process to analyze the steady state properties of",
        "conf": "Wireless Networks",
        "email": null,
        "coauthors": [
            "wenye wang"
        ],
        "keywords": "Exponential Distribution,Mobile Network,Mobile Wireless Network,Mobility Model,semi-markov process,Steady State,Stochastic Analysis,Sudden Stop,Uniform Distribution,Wireless Network,Mobile User,",
        "title_embedding": [],
        "abstract_embedding": []
    },
    {
        "id": 3881,
        "label": 735,
        "title": "Support for Data-Intensive, Variable-Granularity Grid Applications via Distributed File System Virtualization - A Case Study of Light Scattering Spectroscopy",
        "organization": null,
        "abstract": "A key challenge faced by large-scale, distributed applications in Grid environments is efficient, seamless data management. In particular, for applications that can benefit from access to data at variable granularities, data management can pose additional programming burdens to an application developer. This paper presents a case for the use of virtualized distributed file systems as a basis for data management",
        "conf": "Challenges of Large Applications in Distributed Environments",
        "email": null,
        "coauthors": [
            "jithendar paladugula",
            "renato j. o. figueiredo"
        ],
        "keywords": "Application Development,Case Study,Communication Channels,Data Locality,Data Management,Distributed Application,Distributed File System,Generic Programming,Grid Applications,Grid Middleware,Light Scattering,Medical Image,Network File System,",
        "title_embedding": [],
        "abstract_embedding": []
    },
    {
        "id": 3882,
        "label": 735,
        "title": "On the Use of Virtualization and Service Technologies to Enable Grid-Computing",
        "organization": null,
        "abstract": "The In-VIGO approach to Grid-computing relies on the dynamic establishment of virtual grids on which application services are instantiated. In- VIGO was conceived to enable computational science to take place In Virtual Information Grid Organizations. Having its first version deployed on July of 2003, In-VIGO middleware is currently used by scientists from various disciplines, a noteworthy example being the computational",
        "conf": "European Conference on Parallel Processing",
        "email": null,
        "coauthors": [
            "andrea m. matsunaga",
            "mauricio o. tsugawa",
            "liping zhu",
            "vivekananthan sanjeepan",
            "sumalatha adabala",
            "renato j. o. figueiredo",
            "herman lam",
            "jose a. b. fortes"
        ],
        "keywords": "Grid Computing,Middleware,Virtual Networks,Web Service,",
        "title_embedding": [],
        "abstract_embedding": []
    },
    {
        "id": 3883,
        "label": 735,
        "title": "Supporting application-tailored grid file system sessions with WSRF-based services",
        "organization": null,
        "abstract": "This paper presents novel service-based Grid data management middleware that leverages standards defined by WSRF specifications to create and manage dynamic Grid file system sessions. A unique aspect of the service is that the sessions it creates can be customized to address application data transfer needs. Application-tailored configurations enable selection of both performance-related features (block-based partial file transfers and/or whole-file",
        "conf": "IEEE International Symposium on High Performance Distributed Computing",
        "email": null,
        "coauthors": [
            "vineet chadha",
            "renato j. o. figueiredo"
        ],
        "keywords": "Consistency Model,Data Access,Data Management,Data Transfer,Distributed File System,Failure Detection,File System,Grid System,Middleware,Scientific Application,Service Management,Virtual Machine,Experience Base,",
        "title_embedding": [],
        "abstract_embedding": []
    },
    {
        "id": 3884,
        "label": 735,
        "title": "Distributed File System Support for Virtual Machines in Grid Computing",
        "organization": null,
        "abstract": "This paper presents a data management solution which allows fast Virtual Machine (VM) instantiation and efficient run-time execution to support VMs as execution environments in Grid computing. It is based on novel distributed file system virtualization techniques and is unique in that: 1) it provides on-demand access to VM state for unmodified VM monitors; 2) it supports user-level and write-back",
        "conf": "IEEE International Symposium on High Performance Distributed Computing",
        "email": null,
        "coauthors": [
            "jian zhang",
            "renato j. o. figueiredo"
        ],
        "keywords": "Consistency Model,Data Association,Data Management,Data Transfer,Distributed File System,Grid Computing,Middleware,Virtual Machine,Virtual Memory,Execution Environment,",
        "title_embedding": [],
        "abstract_embedding": []
    },
    {
        "id": 3885,
        "label": 735,
        "title": "On the Use of Fuzzy Modeling in Virtualized Data Center Management",
        "organization": null,
        "abstract": "One of the most important goals of data-center management is to reduce cost through efficient use of resources. Virtualization techniques provide the opportunity of carving individual physical servers into multiple virtual containers that can be run and managed separately. A key challenge that comes with virtualization is the simultaneous on-demand provisioning of shared resources to virtual containers and the management",
        "conf": "International Conference on Autonomic Computing",
        "email": null,
        "coauthors": [
            "jing xu",
            "jose a. b. fortes",
            "robert carpenter",
            "mazin s. yousif"
        ],
        "keywords": "Controller Design,Data Center,Dynamic Change,Fuzzy Logic,Fuzzy Model,Resource Allocation,Resource Management System,Service Quality,",
        "title_embedding": [],
        "abstract_embedding": []
    },
    {
        "id": 3886,
        "label": 735,
        "title": "Towards Autonomic Grid Data Management with Virtualized Distributed File Systems",
        "organization": null,
        "abstract": "This paper proposes an autonomic Grid data management architecture based on virtualized distributed file systems and WSRF-compliant management services. Autonomic functions are integrated into the services to provide self-managing control over the different entities of Grid-wide file system session, in accordance with high-level objectives, and operate together to automatically achieve the desired data provisioning behaviors. Important autonomic features are implemented",
        "conf": "International Conference on Autonomic Computing",
        "email": null,
        "coauthors": [
            "jing xu",
            "renato j. o. figueiredo"
        ],
        "keywords": "Data Access,Data Management,Data Replication,Distributed File System,File System,Management Control,",
        "title_embedding": [],
        "abstract_embedding": []
    },
    {
        "id": 3887,
        "label": 735,
        "title": "Towards Real-Time Distributed Signal Modeling for Brain-Machine Interfaces",
        "organization": null,
        "abstract": "New architectures for Brain-Machine Interface communication and control use mixture models for expanding rehabilitation capabilities of disabled patients. Here we present and test a dynamic data-driven (BMI) Brain-Machine Interface architecture that relies on multiple pairs of forward-inverse models to predict, control, and learn the trajectories of a robotic arm in a real-time closed- loop system. A method of window-RLS was",
        "conf": "International Conference on Computational Science",
        "email": null,
        "coauthors": [
            "jack digiovanna",
            "loris marchal",
            "prapaporn rattanatamrong",
            "shalom darmanjian",
            "babak mahmoudi",
            "justin c. sanchez",
            "jose c. principe",
            "linda hermer-vazquez",
            "renato j. o. figueiredo",
            "jose a. b. fortes"
        ],
        "keywords": "Brain Machine Interface,Inverse Modeling,Mixture Model,Predictive Control,Reinforcement Learning,Robot Arm,Real Time,",
        "title_embedding": [],
        "abstract_embedding": []
    },
    {
        "id": 3888,
        "label": 735,
        "title": "Application-Tailored Cache Consistency for Wide-Area File Systems",
        "organization": null,
        "abstract": "The inability to perform optimizations based on application-specific information presents a hurdle to the deployment of pervasive LAN file systems across WAN environments. This paper proposes a novel approach addressing this problem through application-tailored caching and consistency in wide- area file systems. It leverages widely available Network File System (NFS) deployments without any modifications to kernels nor applications, and employs",
        "conf": "International Conference on Distributed Computing Systems",
        "email": null,
        "coauthors": [
            "renato j. o. figueiredo"
        ],
        "keywords": "Cache Consistency,Consistency Model,Experimental Evaluation,File System,Information Presentation,Middleware,Performance Optimization,Scientific Application,Network File System,",
        "title_embedding": [],
        "abstract_embedding": []
    },
    {
        "id": 3889,
        "label": 735,
        "title": "A user-level secure grid file system",
        "organization": null,
        "abstract": "A grid-wide distributed file system provides convenient data access interfaces that facilitate fine-grained cross-domain data sharing and collaboration. However, existing widely-adopted distributed file systems do not meet the security requirements for grid systems. This paper presents a Secure Grid File System (SGFS) which supports GSI-based authentication and access control, end-to-end message privacy, and integrity. It employs user-level virtualization of NFS",
        "conf": "Supercomputing Conference",
        "email": null,
        "coauthors": [
            "renato j. o. figueiredo"
        ],
        "keywords": "Data Access,Data Sharing,Distributed File System,File System,Grid Middleware,Grid System,Security Management,Security Requirements,Access Control,Grid Security Infrastructure,",
        "title_embedding": [],
        "abstract_embedding": []
    },
    {
        "id": 3890,
        "label": 735,
        "title": "Cooperative Autonomic Management in Dynamic Distributed Systems",
        "organization": null,
        "abstract": NaN,
        "conf": "Self-Stabilizing Systems",
        "email": null,
        "coauthors": [
            "jing xu",
            "jose a. b. fortes"
        ],
        "keywords": "Dynamic Distributed System,",
        "title_embedding": [],
        "abstract_embedding": []
    },
    {
        "id": 3891,
        "label": 735,
        "title": "Autonomic resource management in virtualized data centers using fuzzy logic-based approaches",
        "organization": null,
        "abstract": NaN,
        "conf": "Cluster Computing",
        "email": null,
        "coauthors": [
            "jing xu",
            "jose a. b. fortes",
            "robert carpenter",
            "mazin s. yousif"
        ],
        "keywords": "Data Center,Fuzzy Logic,",
        "title_embedding": [],
        "abstract_embedding": []
    },
    {
        "id": 3892,
        "label": 735,
        "title": "Distributed File System Virtualization Techniques Supporting On-Demand Virtual Machine Environments for Grid Computing",
        "organization": null,
        "abstract": "This paper presents a data management solution which allows fast Virtual Machine (VM) instantiation and efficient run-time execution to support VMs as execution environments in Grid computing. It is based on novel distributed file system virtualization techniques and is unique in that: (1) it provides on-demand cross-domain access to VM state for unmodified VM monitors; (2) it enables private file",
        "conf": "Cluster Computing",
        "email": null,
        "coauthors": [
            "jian zhang",
            "renato j. o. figueiredo"
        ],
        "keywords": "Consistency Model,Data Association,Data Management,Data Transfer,Distributed File System,File System,Grid Computing,Middleware,Virtual Machine,Virtual Memory,Execution Environment,",
        "title_embedding": [],
        "abstract_embedding": []
    },
    {
        "id": 3893,
        "label": 736,
        "title": "Automatic Person Annotation of Family Photo Album",
        "organization": null,
        "abstract": "Digital photographs are replacing tradition films in our daily life and the quantity is exploding. This stimulates the strong need for effi- cient management tools, in which the annotation of \"who\" in each photo is essential. In this paper, we propose an automated method to annotate family photos using evidence from face, body and context information. Face recognition is the",
        "conf": "Conference on Image and Video Retrieval",
        "email": null,
        "coauthors": [
            "yong teo",
            "siliang liu",
            "tat-seng chua",
            "ramesh jain"
        ],
        "keywords": "Context Information,Face Recognition,Graphical Model,Management Tool,Social Context,",
        "title_embedding": [],
        "abstract_embedding": []
    },
    {
        "id": 3894,
        "label": 736,
        "title": "Visual Synset: Towards a higher-level visual representation",
        "organization": null,
        "abstract": "We present a higher-level visual representation, visual synset, for object categorization. The visual synset im- proves the traditional bag of words representation with bet- ter discrimination and invariance power. First, the ap- proach strengthens the inter-class discrimination power by constructing an intermediate visual descriptor, delta visual phrase, from frequently co-occurring visual word-set with similar spatial context. Second, the approach achieves",
        "conf": "Computer Vision and Pattern Recognition",
        "email": null,
        "coauthors": [
            "yantao zheng",
            "shi-yong neo",
            "tat-seng chua",
            "qi tian"
        ],
        "keywords": "Object Categorization,Probability Distribution,Spatial Context,Visual Representation,Bag of Words,",
        "title_embedding": [],
        "abstract_embedding": []
    },
    {
        "id": 3895,
        "label": 736,
        "title": "Tour the World: Building a web-scale landmark recognition engine",
        "organization": null,
        "abstract": "Modeling and recognizing landmarks at world-scale is a useful yet challenging task. There exists no readily avail- able list of worldwide landmarks. Obtaining reliable visual models for each landmark can also pose problems, and ef- ficiency is another challenge for such a large scale system. This paper leverages the vast amount of multimedia data on the web, the availability of",
        "conf": "Computer Vision and Pattern Recognition",
        "email": null,
        "coauthors": [
            "yantao zheng",
            "yang song",
            "hartwig adam",
            "ulrich buddemeier",
            "alessandro bissacco",
            "fernando brucher",
            "tat-seng chua",
            "hartmut neven"
        ],
        "keywords": "High Efficiency,Image Matching,Image Search,Large Scale System,Multimedia Data,Object Recognition,Photo Sharing,Unsupervised Clustering,Visual Modeling,Web Pages,",
        "title_embedding": [],
        "abstract_embedding": []
    },
    {
        "id": 3896,
        "label": 736,
        "title": "Face Alignment with Unified Subspace Optimization of Active Statistical Models",
        "organization": null,
        "abstract": "Active statistical models including active shape models and active appearance models are very powerful for face alignment. They are composed of two parts: the subspace model(s) and the search process. While these two parts are closely correlated, existing efforts treated them sepa- rately and had not considered how to optimize them over- all. Another problem with the subspace model(s) is",
        "conf": "IEEE International Conference on Automatic Face and Gesture Recognition",
        "email": null,
        "coauthors": [
            "tat-seng chua"
        ],
        "keywords": "Active Appearance Model,Active Shape Model,Face Alignment,Optimal Method,Statistical Model,",
        "title_embedding": [],
        "abstract_embedding": []
    },
    {
        "id": 3897,
        "label": 736,
        "title": "Markovian mixture face recognition with discriminative face alignment",
        "organization": null,
        "abstract": "A typical automatic face recognition system is composed of three parts: face detection, face alignment and face recognition. Conventionally, these three parts are processed in a bottom-up manner: face detection is performed first, then the results are passed to face alignment, and finally to face recognition. The bottom-up approach is one extreme of vision approaches. The other extreme approach is",
        "conf": "IEEE International Conference on Automatic Face and Gesture Recognition",
        "email": null,
        "coauthors": [
            "tat-seng chua"
        ],
        "keywords": "Face Alignment,Face Detection,Face Recognition,Probability Distribution,Stochastic Process,Bottom Up,Markov Chain,Top Down,",
        "title_embedding": [],
        "abstract_embedding": []
    },
    {
        "id": 3898,
        "label": 737,
        "title": "Subspace Analysis and Optimization for AAM Based Face Alignment",
        "organization": null,
        "abstract": "Active Appearance Models (AAM) is very powerful for extracting objects, e.g. faces, from images. It is composed of two parts: the AAM subspace model and the AAM search. While these two parts are closely correlated, existing ef- forts treated them separately and had not considered how to optimize them overall. In this paper, an approach is pro- posed to optimize",
        "conf": "IEEE International Conference on Automatic Face and Gesture Recognition",
        "email": null,
        "coauthors": [
            "chun chen",
            "stan z. li",
            "jiajun bu"
        ],
        "keywords": "Active Appearance Model,Error Analysis,Face Alignment,",
        "title_embedding": [],
        "abstract_embedding": []
    },
    {
        "id": 3899,
        "label": 736,
        "title": "Morphable Face Reconstruction with Multiple Images",
        "organization": null,
        "abstract": "Efficient 3D face reconstruction is very important for face animation and recognition. The slow speed of the 3D morphable model is due to the texture mapping. To improve the speed, we only use the shape matching to recover the 3D shape and use texture mapping to get the texture. However, only with the shape information, one image is not enough",
        "conf": "IEEE International Conference on Automatic Face and Gesture Recognition",
        "email": null,
        "coauthors": [
            "tat-seng chua",
            "terence sim"
        ],
        "keywords": "Face Animation,Pose Estimation,Shape Matching,Shape Modeling,Texture Mapping,",
        "title_embedding": [],
        "abstract_embedding": []
    },
    {
        "id": 3900,
        "label": 736,
        "title": "Exploring knowledge of subdomain in a multi-resolution bootstrapping framework for concept detection in news video",
        "organization": null,
        "abstract": "In this paper, we present a model based on a multi-resolution, multi-source and multi-modal (M3) bootstrapping framework that exploits knowledge of sub-domains for concept detection in news video. Because the characteristics and distributions of data in different sub-domains are different, we model and analyze the video in each sub-domain separately using a transductive framework. Along with this framework, we propose",
        "conf": "ACM Multimedia Conference",
        "email": null,
        "coauthors": [
            "gang wang",
            "tat-seng chua"
        ],
        "keywords": "Domain Knowledge,Error Bound,Multi Resolution Analysis,System Performance,transductive learning,Unlabeled Data,Multi Resolution,",
        "title_embedding": [],
        "abstract_embedding": []
    },
    {
        "id": 3901,
        "label": 736,
        "title": "Tour the world: a technical demonstration of a web-scale landmark recognition engine",
        "organization": null,
        "abstract": "We present a technical demonstration of a world-scale touristic landmark recognition engine. To build such an engine, we leverage ~21.4 million images, from photo sharing websites and Google Image Search, and around two thousand web articles to mine the landmark names and learn the visual models. The landmark recognition engine incorporates 5312 landmarks from 1259 cities in 144 countries. This",
        "conf": "ACM Multimedia Conference",
        "email": null,
        "coauthors": [
            "yantao zheng",
            "yang song",
            "hartwig adam",
            "ulrich buddemeier",
            "alessandro bissacco",
            "fernando brucher",
            "tat-seng chua",
            "hartmut neven",
            "jay yagnik"
        ],
        "keywords": "Google Earth,Image Search,Photo Sharing,Visual Modeling,",
        "title_embedding": [],
        "abstract_embedding": []
    },
    {
        "id": 3902,
        "label": 736,
        "title": "Multifaceted contextual model for person identification in news video",
        "organization": null,
        "abstract": "Person identification is very important in the domain of multimedia news as it is often the focus of events in news stories and interest of searchers. However, this detection is impeded by the imprecise audio/visual analysis tools. In this paper, we describe a multimodal and multi-faceted approach to Person-X detection in news video. We make use of multimodal features extracted",
        "conf": "Multimedia Modeling",
        "email": null,
        "coauthors": [
            "shi-yong neo",
            "hai-kiat goh",
            "tat-seng chua"
        ],
        "keywords": "Feature Extraction,Audio Visual,",
        "title_embedding": [],
        "abstract_embedding": []
    },
    {
        "id": 3903,
        "label": 738,
        "title": "Double-orthogonal coded space-time-frequency spreading CDMA scheme",
        "organization": null,
        "abstract": NaN,
        "conf": "IEEE Journal on Selected Areas in Communications",
        "email": null,
        "coauthors": [
            "zhendong luo",
            "junshi liu",
            "yuanan liu",
            "jinchun gao"
        ],
        "keywords": "Space Time Frequency,",
        "title_embedding": [],
        "abstract_embedding": []
    },
    {
        "id": 3904,
        "label": 738,
        "title": "Generalized Parallel Interference Cancellation With Near-Optimal Detection Performance",
        "organization": null,
        "abstract": NaN,
        "conf": "IEEE Transactions on Signal Processing",
        "email": null,
        "coauthors": [
            "zhendong luo",
            "siyang liu",
            "yuanan liu"
        ],
        "keywords": "Parallel Interference Canceller,",
        "title_embedding": [],
        "abstract_embedding": []
    },
    {
        "id": 3905,
        "label": 738,
        "title": "A Novel Fast Recursive MMSE-SIC Detection Algorithm for V-BLAST Systems",
        "organization": null,
        "abstract": NaN,
        "conf": "IEEE Transactions on Wireless Communications",
        "email": null,
        "coauthors": [
            "zhendong luo",
            "siliang liu",
            "yuanan liu"
        ],
        "keywords": "Detection Algorithm,",
        "title_embedding": [],
        "abstract_embedding": []
    },
    {
        "id": 3906,
        "label": 739,
        "title": "A CoS-enabled Request Scheduling Policy",
        "organization": null,
        "abstract": NaN,
        "conf": "Enterprise Distributed Object Computing Conference",
        "email": null,
        "coauthors": [
            "yu-bin yang",
            "yazhe tang",
            "lei yao"
        ],
        "keywords": null,
        "title_embedding": [],
        "abstract_embedding": []
    },
    {
        "id": 3907,
        "label": 739,
        "title": "CoS-based QoS management framework for grid services",
        "organization": null,
        "abstract": NaN,
        "conf": "Grid and Cooperative Computing",
        "email": null,
        "coauthors": [
            "yazhe tang",
            "yu-bin yang",
            "lei yao",
            "ya li"
        ],
        "keywords": "Grid Service,qos management,",
        "title_embedding": [],
        "abstract_embedding": []
    }
]