[
    {
        "id": 3908,
        "label": 740,
        "title": "3se: a semi-structured search engine for heterogeneous data in graph model",
        "organization": null,
        "abstract": "As the ubiquitous interplay of structured, semi-structured and unstructured data from different sources, neither DB-style structured query requiring knowledge of full schema and complex language, nor IR-style keyword search ignoring latent structures, can satisfy users. In this paper, we present a novel Semi-Structured Search Engine (3SE) that provides easy, flexible, precise and rapid access to heterogeneous data represented by a",
        "conf": "International Conference on Information and Knowledge Management",
        "email": null,
        "coauthors": [
            "mengchi liu"
        ],
        "keywords": "Graph Model,Heterogeneous Data,Keyword Search,Query Language,Satisfiability,Search Engine,",
        "title_embedding": [],
        "abstract_embedding": []
    },
    {
        "id": 3909,
        "label": 740,
        "title": "A Flexible Data Warehousing Approach for One-Stop Querying on Heterogeneous Personal Information",
        "organization": null,
        "abstract": NaN,
        "conf": "DEXA Workshops",
        "email": null,
        "coauthors": [
            "mengchi liu"
        ],
        "keywords": "Data Warehousing,",
        "title_embedding": [],
        "abstract_embedding": []
    },
    {
        "id": 3910,
        "label": 740,
        "title": "Efficient keyword proximity search using a frontier-reduce strategy based on d-distance graph index",
        "organization": null,
        "abstract": "Current keyword proximity search approaches on general graph lack effective means to reduce the search space, and thus suffer from low efficiency when dealing with large search space. In this paper, we present a novel approach in order to address this problem. Our approach employs a best-effort frontier-reduce strategy that aims to find a set of subgraphs containing the best",
        "conf": "International Database Engineering and Application Symposium",
        "email": null,
        "coauthors": [
            "mengchi liu"
        ],
        "keywords": "Efficient Algorithm,Index Structure,Indexation,Search Space,Best Effort,",
        "title_embedding": [],
        "abstract_embedding": []
    },
    {
        "id": 3911,
        "label": 740,
        "title": "Modeling heterogeneous data in dataspace",
        "organization": null,
        "abstract": NaN,
        "conf": "Information Reuse and Integration",
        "email": null,
        "coauthors": [
            "mengchi liu",
            "qian chen"
        ],
        "keywords": "Heterogeneous Data,",
        "title_embedding": [],
        "abstract_embedding": []
    }
]