[
    {
        "id": 3950,
        "label": 745,
        "title": "Access Control for Cooperation Systems Based on Group Situation",
        "organization": null,
        "abstract": NaN,
        "conf": "Collaborative Computing",
        "email": null,
        "coauthors": [
            "james b. d. joshi",
            "minkoo kim"
        ],
        "keywords": "Cooperative Systems,Access Control,",
        "title_embedding": [],
        "abstract_embedding": []
    },
    {
        "id": 3951,
        "label": 745,
        "title": "Group organization algorithm based on trust and reputation in agent society",
        "organization": null,
        "abstract": "In cooperation systems such as Multi-Agent Systems, it is an important problem how group of agents is organized as well as how agents cooperate with each other. Moreover, dynamic computing environments require the dynamic organization to the cooperation systems. To this end, in this paper, we propose two organization algorithms based on trust and reputation of agents; one is a",
        "conf": "Advances in Mobile Multimedia",
        "email": null,
        "coauthors": [
            "minkoo kim"
        ],
        "keywords": "Cooperative Systems,Self Organization,Trust and Reputation,Multi Agent System,",
        "title_embedding": [],
        "abstract_embedding": []
    },
    {
        "id": 3952,
        "label": 745,
        "title": "Member Failure Recovery Mechanism Using Context Ontology for Community Computing",
        "organization": null,
        "abstract": NaN,
        "conf": "Multimedia and Ubiquitous Engineering",
        "email": null,
        "coauthors": [
            "minkoo kim"
        ],
        "keywords": "Community Computing,Failure Recovery,",
        "title_embedding": [],
        "abstract_embedding": []
    },
    {
        "id": 3953,
        "label": 745,
        "title": "Fast Service Selection Using rete Network in Dynamic Environment",
        "organization": null,
        "abstract": NaN,
        "conf": "IEEE Congress on Services",
        "email": null,
        "coauthors": [
            "minkoo kim"
        ],
        "keywords": "Dynamic Environment,Service Selection,",
        "title_embedding": [],
        "abstract_embedding": []
    },
    {
        "id": 3954,
        "label": 745,
        "title": "An architecture for specification and enforcement of temporal access control constraints using OWL",
        "organization": null,
        "abstract": "The Semantic Web is an extension of the World Wide Web that has been growing in recent years. One important issue in the Semantic Web environment is access control. Integrating Role-Based Access Control (RBAC) models, which have been accepted as a powerful approach to security management, with the Semantic Web helps to reduce the complexity of Web security management. The",
        "conf": "Secure Web Services",
        "email": null,
        "coauthors": [
            "hassan takabi",
            "james b. d. joshi",
            "michael b. spring"
        ],
        "keywords": "Model Combination,Role Based Access Control,Security Management,Semantic Web,Temporal Constraints,Web Ontology Language,Web Security,Access Control,World Wide Web,",
        "title_embedding": [],
        "abstract_embedding": []
    },
    {
        "id": 3955,
        "label": 745,
        "title": "Context-Based Cooperation Architecture for Ubiquitous Environment",
        "organization": null,
        "abstract": NaN,
        "conf": "Ubiquitous Computing Systems",
        "email": null,
        "coauthors": [
            "youna jung",
            "jungtae lee",
            "minkoo kim"
        ],
        "keywords": null,
        "title_embedding": [],
        "abstract_embedding": []
    },
    {
        "id": 3956,
        "label": 745,
        "title": "A Formal Definition of Situation towards Situation-Aware Computing",
        "organization": null,
        "abstract": NaN,
        "conf": "World Summit on the Knowledge Society",
        "email": null,
        "coauthors": [
            "minkoo kim"
        ],
        "keywords": "Situation Awareness,",
        "title_embedding": [],
        "abstract_embedding": []
    },
    {
        "id": 3957,
        "label": 745,
        "title": "Developing Protege Plug-in: OWL Ontology Visualization using Social Network",
        "organization": null,
        "abstract": "In recent years, numerous studies have been attempted to exploit ontology in the area of ubiquitous computing. Especially, some kinds of ontologies written in OWL are proposed for major issues in ubiquitous computing such like context-awareness. OWL is recommended by W3C as a descriptive language for representing ontology with rich vocabularies. However, developers struggle to design ontology using OWL, because",
        "conf": "Journal of Information Processing Systems",
        "email": null,
        "coauthors": [
            "minkoo kim"
        ],
        "keywords": "Context Aware,Social Network,Ubiquitous Computing,",
        "title_embedding": [],
        "abstract_embedding": []
    },
    {
        "id": 3958,
        "label": 746,
        "title": "Spatial Data Server for Mobile Environment",
        "organization": null,
        "abstract": NaN,
        "conf": "Extending Database Technology",
        "email": null,
        "coauthors": [
            "oh byoung-woo",
            "mi-jeong kim",
            "eun-kyu lee"
        ],
        "keywords": "Mobile Environment,Spatial Data,",
        "title_embedding": [],
        "abstract_embedding": []
    },
    {
        "id": 3959,
        "label": 746,
        "title": "Fire Service in Korea: Advanced Emergency 119 System Based on GIS Technology",
        "organization": null,
        "abstract": NaN,
        "conf": "Electronic Government",
        "email": null,
        "coauthors": [
            "in-hak joo",
            "kwang-soo kim"
        ],
        "keywords": null,
        "title_embedding": [],
        "abstract_embedding": []
    },
    {
        "id": 3960,
        "label": 746,
        "title": "ISP (Information Strategy Planning) for 4S-Based Integration of Spatial Information Systems as Korean Nationwide Project",
        "organization": null,
        "abstract": NaN,
        "conf": "Electronic Government",
        "email": null,
        "coauthors": [
            "in-hak joo",
            "ki won lee",
            "jong-hun lee"
        ],
        "keywords": "Spatial Information System,",
        "title_embedding": [],
        "abstract_embedding": []
    },
    {
        "id": 3961,
        "label": 746,
        "title": "A Web Services Framework for Integrated Geospatial Coverage Data",
        "organization": null,
        "abstract": NaN,
        "conf": "Computational Science and Its Applications",
        "email": null,
        "coauthors": [
            "eun-kyu lee",
            "mi-jeong kim",
            "in-hak joo"
        ],
        "keywords": "Web Service,",
        "title_embedding": [],
        "abstract_embedding": []
    },
    {
        "id": 3962,
        "label": 746,
        "title": "Web Services Framework for Geo-spatial Services",
        "organization": null,
        "abstract": NaN,
        "conf": "Web and Wireless Geographical Information Systems",
        "email": null,
        "coauthors": [
            "mi-jeong kim",
            "eun-kyu lee",
            "in-hak joo"
        ],
        "keywords": "Web Service,",
        "title_embedding": [],
        "abstract_embedding": []
    },
    {
        "id": 3963,
        "label": 746,
        "title": "A Design of Telematics Application Framework on Ubiquitous Sensor Networks",
        "organization": null,
        "abstract": NaN,
        "conf": "Web and Wireless Geographical Information Systems",
        "email": null,
        "coauthors": [
            "eun-kyu lee",
            "byung-tae jang",
            "myoung-ho kim"
        ],
        "keywords": "Application Framework,Sensor Network,",
        "title_embedding": [],
        "abstract_embedding": []
    },
    {
        "id": 3964,
        "label": 746,
        "title": "A framework for dynamic updates of map data in mobile devices",
        "organization": null,
        "abstract": "Stored map services in mobile devices, such as cellular phones, are being commercialised for the mobile and wireless environment. In order to ensure the quality and accuracy of the map, an update of the source map must be transferred automatically to mobile devices. While transferring the source map, at least two facts need to be considered, which are reduction of",
        "conf": "International Journal of Web Engineering and Technology",
        "email": null,
        "coauthors": [
            "hae-kyong kang",
            "ki-joune li"
        ],
        "keywords": "Communication Cost,Consistency Checking,Mobile Data Service,Mobile Device,Spatial Data,",
        "title_embedding": [],
        "abstract_embedding": []
    },
    {
        "id": 3965,
        "label": 747,
        "title": "Auto-generation of Detection Rules with Tree Induction Algorithm",
        "organization": null,
        "abstract": "A generation of rule for detecting an attack from enormous network data is very difficult, and this is commonly required an expert's experiences. An auto-generation of detection rules cut down on maintenance or management ex- penses of intrusion detection systems, but the problem is accuracy for the time being. In this paper, we propose an automatic generation method of detection",
        "conf": "Fuzzy Systems and Knowledge Discovery",
        "email": null,
        "coauthors": [
            "jae-hyun seo",
            "il-ahn cheong",
            "bongnam noh"
        ],
        "keywords": "Automatic Generation,Intrusion Detection System,Network Measurement,Rule Based,",
        "title_embedding": [],
        "abstract_embedding": []
    },
    {
        "id": 3966,
        "label": 747,
        "title": "A Fuzzy Expert System for Network Forensics",
        "organization": null,
        "abstract": NaN,
        "conf": "Computational Science and Its Applications",
        "email": null,
        "coauthors": [
            "jung-sun kim",
            "bongnam noh"
        ],
        "keywords": "Fuzzy Expert System,Network Forensics,",
        "title_embedding": [],
        "abstract_embedding": []
    },
    {
        "id": 3967,
        "label": 747,
        "title": "Network Anomaly Behavior Detection Using an Adaptive Multiplex Detector",
        "organization": null,
        "abstract": NaN,
        "conf": "Computational Science and Its Applications",
        "email": null,
        "coauthors": [
            "misun kim",
            "jae-hyun seo"
        ],
        "keywords": null,
        "title_embedding": [],
        "abstract_embedding": []
    },
    {
        "id": 3968,
        "label": 747,
        "title": "A Security Architecture for Adapting Multiple Access Control Models to Operating Systems",
        "organization": null,
        "abstract": NaN,
        "conf": "Computational Science and Its Applications",
        "email": null,
        "coauthors": [
            "jung-sun kim",
            "seungyong lee",
            "jae-hyun seo",
            "bongnam noh"
        ],
        "keywords": "Operating System,Security Architecture,Multiple Access Control,",
        "title_embedding": [],
        "abstract_embedding": []
    },
    {
        "id": 3969,
        "label": 747,
        "title": "An Effective Method for Analyzing Intrusion Situation Through IP-Based Classification",
        "organization": null,
        "abstract": NaN,
        "conf": "Computational Science and Its Applications",
        "email": null,
        "coauthors": [
            "jae-hyun seo",
            "seungyong lee",
            "bongnam noh",
            "jung-taek seo",
            "eung ki park"
        ],
        "keywords": null,
        "title_embedding": [],
        "abstract_embedding": []
    },
    {
        "id": 3970,
        "label": 747,
        "title": "Detection Techniques for ELF Executable File Using Assembly Instruction Searching",
        "organization": null,
        "abstract": NaN,
        "conf": "Computational Science and Its Applications",
        "email": null,
        "coauthors": [
            "jun-hyung park",
            "bongnam noh"
        ],
        "keywords": null,
        "title_embedding": [],
        "abstract_embedding": []
    },
    {
        "id": 3971,
        "label": 747,
        "title": "Expert System Using Fuzzy Petri Nets in Computer Forensics",
        "organization": null,
        "abstract": NaN,
        "conf": "International Conference on Hybrid Information Technology",
        "email": null,
        "coauthors": [
            "hyun-uk hwang",
            "bongnam noh"
        ],
        "keywords": "Computer Forensics,Expert System,petri net,",
        "title_embedding": [],
        "abstract_embedding": []
    },
    {
        "id": 3972,
        "label": 747,
        "title": "The Causality Analysis of Protocol Measures for Detection of Attacks Based on Network",
        "organization": null,
        "abstract": "New intrusions have being tried continuously due to vulner- ability of TCP/IP on the computer networks. Many studies have been progressed about the method that is based on the signature and anomaly behavior in order to detect the attacks using vulnerability of networks. However the detection of intrusion from an enormous network data is very difficult and required much load",
        "conf": "International Conference on Information Networking",
        "email": null,
        "coauthors": [
            "il-ahn cheong",
            "yong-min kim",
            "bongnam noh"
        ],
        "keywords": "Causal Analysis,Computer Network,Dos Attack,Network Measurement,Real Time,",
        "title_embedding": [],
        "abstract_embedding": []
    },
    {
        "id": 3973,
        "label": 747,
        "title": "A similarity based technique for detecting malicious executable files for computer forensics",
        "organization": null,
        "abstract": "With the rapidly increasing complexity of computer systems and the sophistication of hacking tools and techniques, there is a crucial need for computer forensic analysis techniques. Very few techniques exist to support forensic analysis of unknown executable files. The existing techniques primarily inspect executable files to detect known signatures or are based on metadata information. A key goal of such",
        "conf": "Information Reuse and Integration",
        "email": null,
        "coauthors": [
            "jun-hyung park",
            "bongnam noh",
            "james b. d. joshi"
        ],
        "keywords": "Computer Forensics,False Positive,Tools and Techniques,",
        "title_embedding": [],
        "abstract_embedding": []
    },
    {
        "id": 3974,
        "label": 747,
        "title": "An Automatic Identification of a Damaged Malicious File Using HMM against Anti-Forensics",
        "organization": null,
        "abstract": NaN,
        "conf": "Networked Computing and Advanced Information Management",
        "email": null,
        "coauthors": [
            "dongju ryu",
            "yong-min kim"
        ],
        "keywords": null,
        "title_embedding": [],
        "abstract_embedding": []
    },
    {
        "id": 3975,
        "label": 747,
        "title": "A Visualization Technique for Installation Evidences Containing Malicious Executable Files Using Machine Language Sequence",
        "organization": null,
        "abstract": NaN,
        "conf": "Workshop on Information Security Applications",
        "email": null,
        "coauthors": [
            "jun-hyung park",
            "bongnam noh"
        ],
        "keywords": "Visualization Technique,",
        "title_embedding": [],
        "abstract_embedding": []
    },
    {
        "id": 3976,
        "label": 748,
        "title": "CHRONICLE: A Two-Stage Density-Based Clustering Algorithm for Dynamic Networks",
        "organization": null,
        "abstract": "Information networks, such as social networks and that ex- tracted from bibliographic data, are changing dynamically over time. It is crucial to discover time-evolving communities in dynamic networks. In this paper, we study the problem of flnding time-evolving communities such that each community freely forms, evolves, and dissolves for any time period. Although the previous t-partite graph based methods are",
        "conf": "Discovery Science",
        "email": null,
        "coauthors": [
            "jiawei han"
        ],
        "keywords": "Cluster Algorithm,Dynamic Networks,Information Network,Large Scale,Number of Clusters,Social Network,",
        "title_embedding": [],
        "abstract_embedding": []
    },
    {
        "id": 3977,
        "label": 748,
        "title": "Odysseus: a High-Performance ORDBMS Tightly-Coupled with Spatial Database Features",
        "organization": null,
        "abstract": "We have earlier proposed the tight-coupling architecture for adding new data types into the DBMS engine. In this paper, we introduce the Odysseus ORDBMS and present its tightly-coupled spatial database features. We demonstrate a geographical information system (GIS) implemented using Odysseus.",
        "conf": "International Conference on Data Engineering",
        "email": null,
        "coauthors": [
            "kyu-young whang",
            "jae-gil lee",
            "min-jae lee",
            "ki-hoon lee"
        ],
        "keywords": "Data Type,Geographic Information System,High Performance,Information Retrieval,Spatial Database,Tight Coupling,Object Relational,",
        "title_embedding": [],
        "abstract_embedding": []
    },
    {
        "id": 3978,
        "label": 748,
        "title": "Odysseus: A High-Performance ORDBMS Tightly-Coupled with IR Features",
        "organization": null,
        "abstract": "We propose the notion of tight-coupling (8) to add new data types into the DBMS engine. In this paper, we intro- ducethe Odysseus ORDBMS andpresent its tightly-coupled IR features (U.S. patented). We demonstrate a web search engine capable of managing 20 million web pages in a non- parallel configuration using Odysseus.",
        "conf": "International Conference on Data Engineering",
        "email": null,
        "coauthors": [
            "kyu-young whang",
            "min-jae lee",
            "jae-gil lee",
            "wook-shin han"
        ],
        "keywords": "Data Type,High Performance,Tight Coupling,Web Pages,Web Search Engine,",
        "title_embedding": [],
        "abstract_embedding": []
    },
    {
        "id": 3979,
        "label": 748,
        "title": "n-Gram/2L: A Space and Time Efficient Two-Level n-Gram Inverted Index Structure",
        "organization": null,
        "abstract": "The n-gram inverted index has two major advantages: language-neutral and error-tolerant. Due to these advantages, it has been widely used in information retrieval or in similar sequence matching for DNA and protein databases. Nevertheless, the n-gram inverted index also has drawbacks: the size tends to be very large, and the performance of queries tends to be bad. In this paper,",
        "conf": "Very Large Data Bases",
        "email": null,
        "coauthors": [
            "kyu-young whang",
            "jae-gil lee",
            "min-jae lee"
        ],
        "keywords": "Indexation,Information Retrieval,Inverted Index,Query Processing,",
        "title_embedding": [],
        "abstract_embedding": []
    },
    {
        "id": 3980,
        "label": 748,
        "title": "A Logical Model and Data Placement Strategies for MEMS Storage Devices",
        "organization": null,
        "abstract": "MEMS storage devices are new non-volatile secondary storages that have outstanding advantages over magnetic disks. MEMS storage devices, however, are much different from magnetic disks in the structure and access characteristics. They have thousands of heads called probe tips and provide the following two major access facilities: (1) flexibility: freely selecting a set of probe tips for accessing data, (2)",
        "conf": "Computing Research Repository",
        "email": null,
        "coauthors": [
            "yi-reun kim",
            "kyu-young whang",
            "il-yeol song"
        ],
        "keywords": "Data Placement,Data Retrieval,Reading and Writing,Relational Data,Spatial Data,",
        "title_embedding": [],
        "abstract_embedding": []
    },
    {
        "id": 3981,
        "label": 748,
        "title": "Structural Consistency: Enabling XML Keyword Search to Eliminate Spurious Results Consistently",
        "organization": null,
        "abstract": "XML keyword search is a user-friendly way to query XML data using only keywords. In XML keyword search, to achieve high precision without sacrificing recall, it is important to remove spurious results not intended by the user. Efforts to eliminate spurious results have enjoyed some success by using the concepts of LCA or its variants, SLCA and MLCA. However, existing Keyword Search; The Vldb Journal http://dx.doi.org/10.1007/s00778-009-0177-7,http://www.informatik.uni-trier.de/~ley/db/journals/corr/corr0911.html#abs-0911-4329,http://arxiv.org/abs/0911.4329,http://www.informatik.uni-trier.de/~ley/db/journals/vldb/vldb19.html#LeeWHK10 2009",
        "conf": NaN,
        "email": null,
        "coauthors": [
            "ki-hoon lee",
            "kyu-young whang",
            "wook-shin han"
        ],
        "keywords": null,
        "title_embedding": [],
        "abstract_embedding": []
    },
    {
        "id": 3982,
        "label": 748,
        "title": "Tightly-coupled spatial database features in the Odysseus/OpenGIS DBMS for high-performance",
        "organization": null,
        "abstract": "Conventional object-relational database management system (ORDBMS) vendors provide extension mechanisms for adding user-defined types and functions to their own DBMSs. Here, the extension mechanisms are implemented using a high- level (typically, SQL-level) interface. We call this mechanism loose-coupling .T he advantage of loose-coupling is that it is easy to implement. However, it is not prefer- able for implementing new data",
        "conf": "Geoinformatica",
        "email": null,
        "coauthors": [
            "kyu-young whang",
            "jae-gil lee",
            "min-jae lee",
            "ki-hoon lee",
            "wook-shin han",
            "jun-sung kim"
        ],
        "keywords": "Data Type,High Performance,Management System,object-relational databases,Satisfiability,Spatial Database,Tight Coupling,",
        "title_embedding": [],
        "abstract_embedding": []
    },
    {
        "id": 3983,
        "label": 748,
        "title": "The partitioned-layer index: Answering monotone top-k queries using the convex skyline and partitioning-merging technique",
        "organization": null,
        "abstract": NaN,
        "conf": "Information Sciences",
        "email": null,
        "coauthors": [
            "jun-seok heo",
            "kyu-young whang",
            "yi-reun kim",
            "il-yeol song"
        ],
        "keywords": "Indexation,",
        "title_embedding": [],
        "abstract_embedding": []
    },
    {
        "id": 3984,
        "label": 748,
        "title": "A Particle-and-Density Based Evolutionary Clustering Method for Dynamic Networks",
        "organization": null,
        "abstract": "Recently, dynamic networks are attracting increasing inter- est due to their high potential in capturing natural and so- cial phenomena over time. Discovery of evolutionary com- munities in dynamic networks has become a critical task. The previous evolutionary clustering methods usually adopt the temporal smoothness framework, which has a desirable feature of controlling the balance between temporal noise and true",
        "conf": "Proceedings of The Vldb Endowment",
        "email": null,
        "coauthors": [
            "jiawei han"
        ],
        "keywords": "Clustering Method,Concept Drift,Dynamic Networks,Experimental Study,Information Theory,",
        "title_embedding": [],
        "abstract_embedding": []
    },
    {
        "id": 3985,
        "label": 748,
        "title": "Structural optimization of a full-text n gram index using relational normalization",
        "organization": null,
        "abstract": NaN,
        "conf": "The Vldb Journal",
        "email": null,
        "coauthors": [
            "kyu-young whang",
            "jae-gil lee",
            "min-jae lee"
        ],
        "keywords": "Indexation,Structure Optimization,",
        "title_embedding": [],
        "abstract_embedding": []
    },
    {
        "id": 3986,
        "label": 749,
        "title": "A Modeling Framework of Business Transactions for Enterprise Integration",
        "organization": null,
        "abstract": NaN,
        "conf": "Computational Science and Its Applications",
        "email": null,
        "coauthors": [
            "dongsoo kim",
            "yong gu ji",
            "hoontae kim"
        ],
        "keywords": "Enterprise Integration,",
        "title_embedding": [],
        "abstract_embedding": []
    },
    {
        "id": 3987,
        "label": 749,
        "title": "Process-Oriented Development of Job Manual System",
        "organization": null,
        "abstract": NaN,
        "conf": "Computational Science and Its Applications",
        "email": null,
        "coauthors": [
            "seung-hyun rhee",
            "hoseong song",
            "hyung jun won",
            "jaeyoung ju",
            "hyerim bae"
        ],
        "keywords": null,
        "title_embedding": [],
        "abstract_embedding": []
    },
    {
        "id": 3988,
        "label": 749,
        "title": "Process based storing and reconstructing of XML form documents",
        "organization": null,
        "abstract": NaN,
        "conf": "Computers in Industry",
        "email": null,
        "coauthors": [
            "hyerim bae"
        ],
        "keywords": null,
        "title_embedding": [],
        "abstract_embedding": []
    },
    {
        "id": 3989,
        "label": 750,
        "title": "The Robust Flight Control of an UAV Using MIMO QFT: GA-Based Automatic Loop-Shaping Method",
        "organization": null,
        "abstract": NaN,
        "conf": "Asian Simulation Conference",
        "email": null,
        "coauthors": [
            "chan-soo chung"
        ],
        "keywords": "Flight Control,",
        "title_embedding": [],
        "abstract_embedding": []
    },
    {
        "id": 3990,
        "label": 750,
        "title": "Automatic Loop-Shaping of QFT Controllers Using GAs and Evolutionary Computation",
        "organization": null,
        "abstract": NaN,
        "conf": "Australian Joint Conference on Artificial Intelligence",
        "email": null,
        "coauthors": [
            "chan-soo chung"
        ],
        "keywords": "Evolutionary Computing,",
        "title_embedding": [],
        "abstract_embedding": []
    },
    {
        "id": 3991,
        "label": 750,
        "title": "Sunspot Time Series Prediction Using Parallel-Structure Fuzzy System",
        "organization": null,
        "abstract": NaN,
        "conf": "Fuzzy Systems and Knowledge Discovery",
        "email": null,
        "coauthors": [
            "chan-soo chung"
        ],
        "keywords": "Fuzzy System,Time Series Prediction,",
        "title_embedding": [],
        "abstract_embedding": []
    },
    {
        "id": 3992,
        "label": 751,
        "title": "A customizable view for Web-based STEP data",
        "organization": null,
        "abstract": NaN,
        "conf": "Data & Knowledge Engineering",
        "email": null,
        "coauthors": [
            "seung j. noh",
            "yeongho kim",
            "suk-ho kang"
        ],
        "keywords": null,
        "title_embedding": [],
        "abstract_embedding": []
    },
    {
        "id": 3993,
        "label": 752,
        "title": "Parallel-Structure Fuzzy System for Sunspot Cycle Prediction in the Railway Systems",
        "organization": null,
        "abstract": NaN,
        "conf": "Fuzzy Systems and Knowledge Discovery",
        "email": null,
        "coauthors": [],
        "keywords": "Fuzzy System,",
        "title_embedding": [],
        "abstract_embedding": []
    },
    {
        "id": 3994,
        "label": 752,
        "title": "Electromagnetic Levitation System with Clustering Based Fuzzy Controller",
        "organization": null,
        "abstract": NaN,
        "conf": "International Conference on Adaptive and Natural Computing Algorithms",
        "email": null,
        "coauthors": [
            "yeun-sub byun"
        ],
        "keywords": "Fuzzy Controller,",
        "title_embedding": [],
        "abstract_embedding": []
    },
    {
        "id": 3995,
        "label": 752,
        "title": "Performance Improvement of the Attitude Estimation System Using Fuzzy Inference and Genetic Algorithms",
        "organization": null,
        "abstract": NaN,
        "conf": NaN,
        "email": null,
        "coauthors": [],
        "keywords": "Fuzzy Inference,Genetic Algorithm,Performance Improvement,",
        "title_embedding": [],
        "abstract_embedding": []
    },
    {
        "id": 3996,
        "label": 753,
        "title": "Relevant pattern selection for subspace learning",
        "organization": null,
        "abstract": NaN,
        "conf": "International Conference on Pattern Recognition",
        "email": null,
        "coauthors": [
            "jin hee na",
            "seok min yun",
            "jin young choi"
        ],
        "keywords": "Subspace Learning,",
        "title_embedding": [],
        "abstract_embedding": []
    },
    {
        "id": 3997,
        "label": 754,
        "title": "Robot Visual Servo through Trajectory Estimation of a Moving Object Using Kalman Filter",
        "organization": null,
        "abstract": NaN,
        "conf": "International Conference on Intelligent Computing",
        "email": null,
        "coauthors": [
            "ji-hoon koh",
            "ho quoc phuong nguyen",
            "hee-jun kang"
        ],
        "keywords": "Moving Object,visual servoing,kalman filter,",
        "title_embedding": [],
        "abstract_embedding": []
    },
    {
        "id": 3998,
        "label": 755,
        "title": "EDCA-TM: IEEE 802.11e MAC enhancement for wireless multi-hop networks",
        "organization": null,
        "abstract": NaN,
        "conf": "IEEE Wireless Communications & Networking Conference",
        "email": null,
        "coauthors": [
            "deepesh man shrestha",
            "young-bae ko"
        ],
        "keywords": "wireless multi-hop network,",
        "title_embedding": [],
        "abstract_embedding": []
    },
    {
        "id": 3999,
        "label": 756,
        "title": "Recognition-Based Digitalization of Korean Historical Archives",
        "organization": null,
        "abstract": NaN,
        "conf": "Asia Information Retrieval Symposium",
        "email": null,
        "coauthors": [
            "sungho ryu",
            "kyu tae cho",
            "taik-heon rhee",
            "hyun-il choi",
            "jin hyung kim"
        ],
        "keywords": null,
        "title_embedding": [],
        "abstract_embedding": []
    },
    {
        "id": 4000,
        "label": 756,
        "title": "Segmentation of Handwritten Characters for Digitalizing Korean Historical Documents",
        "organization": null,
        "abstract": NaN,
        "conf": "Document Analysis Systems",
        "email": null,
        "coauthors": [
            "kyu tae cho",
            "hee kue kwag",
            "jin hyung kim"
        ],
        "keywords": null,
        "title_embedding": [],
        "abstract_embedding": []
    },
    {
        "id": 4001,
        "label": 756,
        "title": "Digitalizing Scheme of Handwritten Hanja Historical Documents",
        "organization": null,
        "abstract": NaN,
        "conf": "Document Image Analysis for Libraries",
        "email": null,
        "coauthors": [
            "man-dae jang",
            "hyun-il choi",
            "taik-heon rhee",
            "jin hyung kim"
        ],
        "keywords": null,
        "title_embedding": [],
        "abstract_embedding": []
    },
    {
        "id": 4002,
        "label": 756,
        "title": "Automatic Summarization Based on Principal Component Analysis",
        "organization": null,
        "abstract": NaN,
        "conf": "Portuguese Conference on Artificial Intelligence",
        "email": null,
        "coauthors": [
            "chang beom lee",
            "hyuk ro park"
        ],
        "keywords": "Automatic Summarization,Principal Component Analysis,",
        "title_embedding": [],
        "abstract_embedding": []
    },
    {
        "id": 4003,
        "label": 756,
        "title": "Face recognition using partial least squares components",
        "organization": null,
        "abstract": NaN,
        "conf": "Pattern Recognition",
        "email": null,
        "coauthors": [
            "jangsun baek"
        ],
        "keywords": "Face Recognition,Partial Least Square,",
        "title_embedding": [],
        "abstract_embedding": []
    }
]