[
    {
        "id": 4007,
        "label": 759,
        "title": "Isomorphism of graphs-a polynomial test",
        "organization": null,
        "abstract": "An explicit algorithm is presented for testing whether two non-directed graphs are isomorphic or not. It is shown that for a graph of n vertices, the number of n independent operations needed for the test is polynomial in n. A proof that the algorithm actually performs the test is presented. Directed Graph; Computing Research Repository http://arxiv.org/abs/cs/0507014,http://www.informatik.uni-trier.de/~ley/db/journals/corr/corr0507.html#abs-cs-0507014 2005",
        "conf": NaN,
        "email": null,
        "coauthors": [],
        "keywords": null,
        "title_embedding": [],
        "abstract_embedding": []
    }
]