[
    {
        "id": 4029,
        "label": 767,
        "title": "Tree-Based Methods for Fuzzy Rule Extraction",
        "organization": null,
        "abstract": "This paper is concerned with the application of a tree- based regression model to extract fuzzy rules from high- dimensional data. We introduce a locally weighted scheme to the identification of Takagi-Sugeno type rules. It is pro- posed to apply the sequential least-squares method to esti- mate the linear model. A hierarchical clustering takes place in the product space of",
        "conf": "The Florida AI Research Society Conference",
        "email": null,
        "coauthors": [
            "shuqing zeng",
            "juyang weng"
        ],
        "keywords": "fuzzy if-then rules,Fuzzy Rules,Generalization Capability,Hierarchical Clustering,High Dimensional Data,High Dimensionality,Least Square Method,Linear Model,Product Space,Regression Model,Robot Navigation,Synthetic Data,takagi sugeno,",
        "title_embedding": [],
        "abstract_embedding": []
    },
    {
        "id": 4030,
        "label": 767,
        "title": "Optimal In-Place Learning and the Lobe Component Analysis",
        "organization": null,
        "abstract": "o It is difcult to map many existing learning algorithms onto biological networks because the former re- quire a separate learning network. The computational basis of biological cortical learning is still poorly understood. This paper rigorously introduces a concept called in-place learning. With in-place learning, every networked neuron in-place is responsible for the learning of its signal processing character- istics",
        "conf": "IJCNN",
        "email": null,
        "coauthors": [
            "juyang weng"
        ],
        "keywords": "Biological Network,Component Analysis,Higher Order Statistics,Lateral Inhibition,Learning Algorithm,Learning Networks,Natural Images,Orientation Selectivity,Place Learning,Signal Processing,High Concentrate,",
        "title_embedding": [],
        "abstract_embedding": []
    },
    {
        "id": 4031,
        "label": 767,
        "title": "Nonlinear Manifold Learning for Data Stream",
        "organization": null,
        "abstract": "There has been a renewed interest in understanding the structure of high dimensional data set based on manifold learning. Examples include ISOMAP (25), LLE (20) and Laplacian Eigenmap (2) algorithms. Most of these algorithms operate in a \\batch\" mode and cannot be applied e-ciently for a data stream. We propose an incremental version of ISOMAP. Our experiments not only demonstrate",
        "conf": "SIAM International Conference on Data Mining",
        "email": null,
        "coauthors": [
            "martin h. c. law",
            "anil k. jain"
        ],
        "keywords": "Data Stream,High Dimensional Data,Manifold Learning,",
        "title_embedding": [],
        "abstract_embedding": []
    },
    {
        "id": 4032,
        "label": 768,
        "title": "Synthesising verified access control systems in XACML",
        "organization": null,
        "abstract": "The eXtensible Access Control Markup Language (XACML) was proposed by the OASIS committee to be used as a standard language in e-business [6]. However, policy files written in XACML are hard to read and analyse directly. In this paper, we present a tool which generates verified XACML scripts from access control system descriptions in simple but expressive language proposed in",
        "conf": "Computer and Communications Security",
        "email": null,
        "coauthors": [
            "mark ryan",
            "dimitar p. guelev"
        ],
        "keywords": "Access Control Models,Access Control Policy,Markup Language,Access Control,",
        "title_embedding": [],
        "abstract_embedding": []
    },
    {
        "id": 4033,
        "label": 768,
        "title": "Evaluating Access Control Policies Through Model Checking",
        "organization": null,
        "abstract": "Abstract We present a model - checking algorithm which can be used to evaluate access control policies, and a tool which implements it The evaluation includes not only assessing whether the policies give legitimate users enough permissions to reach their goals, but also checking whether the policies prevent intruders from reaching their malicious goals Policies of the access control system",
        "conf": "Information Security Conference/Information Security Workshop",
        "email": null,
        "coauthors": [
            "mark ryan",
            "dimitar p. guelev"
        ],
        "keywords": "Access Control Models,Access Control Policy,Intrusion Detection,Model Checking,Reading and Writing,Specification Language,Access Control,",
        "title_embedding": [],
        "abstract_embedding": []
    },
    {
        "id": 4034,
        "label": 768,
        "title": "Synthesising verified access control systems through model checking",
        "organization": null,
        "abstract": "We present a framework for evaluating and generating access control policies. The framework contains a modelling formalism called RW, which is supported by a model checking tool. RW is designed for modelling access control policies, and verifying their properties. The RW language is very expressive, allowing us to model complex access conditions which can depend on data values, other permissions,",
        "conf": "Journal of Computer Security",
        "email": null,
        "coauthors": [
            "mark ryan",
            "dimitar p. guelev"
        ],
        "keywords": "Access Control Policy,Model Checking,Model Complexity,Access Control,",
        "title_embedding": [],
        "abstract_embedding": []
    },
    {
        "id": 4035,
        "label": 769,
        "title": "Cardinality-based inference control in OLAP systems: an information theoretic approach",
        "organization": null,
        "abstract": "We address the inference control problem in data cubes with some data known to users through external knowledge. The goal of inference controls is to prevent exact values of sensitive data from being inferred through answers to online analytical processing (OLAP) queries. We present an information theoretic approach for cardinality-based inference control, which simply counts the number of cells that",
        "conf": "International Workshop on Data Warehousing and OLAP",
        "email": null,
        "coauthors": [
            "wei zhao",
            "jianer chen"
        ],
        "keywords": "Data Cube,Data Mining,Inference Control,Information Theory,Information Theoretic,",
        "title_embedding": [],
        "abstract_embedding": []
    },
    {
        "id": 4036,
        "label": 769,
        "title": "On localization attacks to Internet Threat Monitors: An information-theoretic framework",
        "organization": null,
        "abstract": "Internet Threat Monitoring (ITM) systems are a widely deployed facility to detect, analyze, and characterize dan - gerous Internet threats such as worms and distributed denial-of-service (DDoS) attacks. Nonetheless, an ITM system can also become the target of attack. In this paper, we address localization attacks against ITM systems in which an attacker impairs the effectiveness of ITM systems by",
        "conf": "Dependable Systems and Networks",
        "email": null,
        "coauthors": [
            "wei yu",
            "xinwen fu",
            "riccardo bettati",
            "wei zhao"
        ],
        "keywords": "Communication Channels,ddos attack,Distributed Denial of Service,Indexing Terms,Information Theory,Monitoring System,Information Theoretic,",
        "title_embedding": [],
        "abstract_embedding": []
    },
    {
        "id": 4037,
        "label": 769,
        "title": "Turbo-charging hidden database samplers with overflowing queries and skew reduction",
        "organization": null,
        "abstract": "Recently, there has been growing interest in random sampling from online hidden databases. These databases reside behind form-like web interfaces which allow users to execute search queries by specifying the desired values for certain attributes, and the system responds by returning a few (e.g., top-k) tuples that satisfy the selection conditions, sorted by a suitable scoring function. In this paper,",
        "conf": "Extending Database Technology",
        "email": null,
        "coauthors": [
            "arjun dasgupta",
            "gautam das"
        ],
        "keywords": "Random Sampling,Sampling Technique,Satisfiability,Score Function,Web Interface,",
        "title_embedding": [],
        "abstract_embedding": []
    },
    {
        "id": 4038,
        "label": 769,
        "title": "Algorithm-safe privacy-preserving data publishing",
        "organization": null,
        "abstract": "This paper develops toolsets for eliminating algorithm-based disclosure from existing privacy-preserving data publishing algorithms. We first show that the space of algorithm-based disclosure is larger than previously believed and thus more prevalent and dangerous. Then, we formally define Algorithm-Safe Publishing (ASP) to model the threats from algorithm-based disclosure. To eliminate algorithm-based disclosure from existing data publishing algorithms, we propose two",
        "conf": "Extending Database Technology",
        "email": null,
        "coauthors": [
            "xin jin",
            "gautam das"
        ],
        "keywords": null,
        "title_embedding": [],
        "abstract_embedding": []
    },
    {
        "id": 4039,
        "label": 769,
        "title": "The Digital Marauder's Map: A New Threat to Location Privacy",
        "organization": null,
        "abstract": "Abstract The Marauders Map is a magical,map,in J. K. Rowlings fantasy series, Harry Potter and the Prisoner of Azkaban. It shows all moving objects within the Hogwarts School of Witchcraft and Wizardry. This paper introduces a similar attack to location privacy in wireless networks. Our system, namely the digital Marauders map, can reveal the locations of WiFi-enabled mobile devices within",
        "conf": "International Conference on Distributed Computing Systems",
        "email": null,
        "coauthors": [
            "xinwen fu",
            "aniket pingley",
            "wei yu",
            "jie wang",
            "wei zhao"
        ],
        "keywords": "Location Privacy,Mobile Device,Moving Object,Theoretical Analysis,Wireless Network,Off The Shelf,",
        "title_embedding": [],
        "abstract_embedding": []
    },
    {
        "id": 4040,
        "label": 769,
        "title": "CAP: A Context-Aware Privacy Protection System for Location-Based Services",
        "organization": null,
        "abstract": "AbstractWe,address,issues related to privacy protection,in location-based services (LBS). Most existing research,in this field either requires,a trusted third-party (anonymizer) or uses oblivious protocols which,are computationally,and,communica- tionally expensive. Our design of privacy-preserving techniques is principled on not requiring,a trusted third-party while being highly,efficient in terms,of time,and,space,complexities. The problem,has,two,interesting,and,challenging,characteristics: First, the degree of privacy protection and LBS accuracy depends on the context, such",
        "conf": "International Conference on Distributed Computing Systems",
        "email": null,
        "coauthors": [
            "aniket pingley",
            "wei yu",
            "xinwen fu",
            "wei zhao"
        ],
        "keywords": "Context Aware,Data Privacy,Google Map,Location Based Service,Location Privacy,Privacy Preservation,Privacy Protection,Space Complexity,Theoretical Analysis,Trusted Third Party,",
        "title_embedding": [],
        "abstract_embedding": []
    },
    {
        "id": 4041,
        "label": 769,
        "title": "3DLoc: Three Dimensional Wireless Localization Toolkit",
        "organization": null,
        "abstract": NaN,
        "conf": "International Conference on Distributed Computing Systems",
        "email": null,
        "coauthors": [
            "jizhi wang",
            "yinjie chen",
            "xinwen fu",
            "jie wang",
            "wei yu"
        ],
        "keywords": "Three Dimensional,",
        "title_embedding": [],
        "abstract_embedding": []
    },
    {
        "id": 4042,
        "label": 769,
        "title": "Leveraging COUNT Information in Sampling Hidden Databases",
        "organization": null,
        "abstract": "A large number of online databases are hidden behind form-like interfaces which allow users to execute search queries by specifying selection conditions in the interface. Most of these interfaces return restricted answers (e.g., only top-k of the selected tuples), while many of them also accompany each answer with the COUNT of the selected tuples. In this paper, we propose techniques",
        "conf": "International Conference on Data Engineering",
        "email": null,
        "coauthors": [
            "arjun dasgupta",
            "gautam das"
        ],
        "keywords": null,
        "title_embedding": [],
        "abstract_embedding": []
    },
    {
        "id": 4043,
        "label": 769,
        "title": "Towards Effective Defense Against Insider Attacks: The Establishment of Defender's Reputation",
        "organization": null,
        "abstract": NaN,
        "conf": "International Conference on Parallel and Distributed Systems",
        "email": null,
        "coauthors": [
            "wei yu",
            "xinwen fu",
            "sajal k. das"
        ],
        "keywords": "Insider Attack,",
        "title_embedding": [],
        "abstract_embedding": []
    },
    {
        "id": 4044,
        "label": 769,
        "title": "Versatile publishing for privacy preservation",
        "organization": null,
        "abstract": "Motivated by the insufficiency of the existing quasi-identifier/sensitive-attribute (QI-SA) framework on modeling real-world privacy requirements for data publishing, we propose a novel versatile publishing scheme with which privacy requirements can be specified as an arbitrary set of privacy rules over attributes in the microdata table. To enable versatile publishing, we introduce the Guardian Normal Form (GNF), a novel method of",
        "conf": "Knowledge Discovery and Data Mining",
        "email": null,
        "coauthors": [
            "xin jin",
            "mingyang zhang",
            "gautam das"
        ],
        "keywords": "Normal Form,Privacy Preservation,",
        "title_embedding": [],
        "abstract_embedding": []
    },
    {
        "id": 4045,
        "label": 769,
        "title": "A new scheme on privacy-preserving data classification",
        "organization": null,
        "abstract": "We address privacy-preserving classification problem in a distributed system. Randomization has been the approach proposed to preserve privacy in such scenario. However, this approach is now proven to be insecure as it has been discovered that some privacy intrusion techniques can be used to reconstruct private information from the randomized data tuples. We introduce an algebraic-technique-based scheme. Compared to the",
        "conf": "Knowledge Discovery and Data Mining",
        "email": null,
        "coauthors": [
            "shengquan wang",
            "wei zhao"
        ],
        "keywords": "Data Classification,Distributed System,Middleware,Privacy Preservation,Privacy Preserving Data Mining,Private Information,",
        "title_embedding": [],
        "abstract_embedding": []
    },
    {
        "id": 4046,
        "label": 769,
        "title": "Time-Bounded Essential Localization for Wireless Sensor Networks",
        "organization": null,
        "abstract": NaN,
        "conf": NaN,
        "email": null,
        "coauthors": [
            "wei cheng",
            "min song",
            "dechang chen",
            "xicheng lu",
            "zexin lu"
        ],
        "keywords": "Wireless Sensor Network,",
        "title_embedding": [],
        "abstract_embedding": []
    },
    {
        "id": 4047,
        "label": 769,
        "title": "Performance Measurements for Privacy Preserving Data Mining",
        "organization": null,
        "abstract": "This paper establishes the foundation for the performance measure- ments of privacy preserving data mining techniques. The performance is mea- sured in terms of the accuracy of data mining results and the privacy protection of sensitive data. On the accuracy side, we address the problem of previous mea- sures and propose a new measure, named \"effective sample size\", to solve",
        "conf": "Pacific-Asia Conference on Knowledge Discovery and Data Mining",
        "email": null,
        "coauthors": [
            "wei zhao",
            "jianer chen"
        ],
        "keywords": "Data Mining,Performance Measure,Privacy Preserving Data Mining,Privacy Protection,Sample Size,Theoretical Framework,",
        "title_embedding": [],
        "abstract_embedding": []
    },
    {
        "id": 4048,
        "label": 769,
        "title": "Privacy risks in health databases from aggregate disclosure",
        "organization": null,
        "abstract": "This paper focuses on privacy risks in health databases that arise in assistive environments, where humans interact with the environment and this information is captured, assimilated and events of interest are extracted. The stakeholders of such an environment can range from caregivers to doctors and supporting family. The environment also includes objects the person interacts with, such as, wireless devices",
        "conf": "International Conference on Pervasive Technologies Related to Assistive Environments",
        "email": null,
        "coauthors": [
            "gautam das"
        ],
        "keywords": "Data Stream,Design Principle,Hidden Web,Human Interaction,Privacy Preservation,Service Quality,Web Interface,Wireless Devices,Front End,",
        "title_embedding": [],
        "abstract_embedding": []
    },
    {
        "id": 4049,
        "label": 769,
        "title": "A New Scheme on Privacy Preserving Association Rule Mining",
        "organization": null,
        "abstract": "We address the privacy preserving association rule mining problem in a system with one data miner and multiple data providers, each holds one trans- action. The literature has tacitly assumed that randomization is the only effective approach to preserve privacy in such circumstances. We challenge this assump- tion by introducing an algebraic techniques based scheme. Compared to previous approaches, our",
        "conf": "Principles of Data Mining and Knowledge Discovery",
        "email": null,
        "coauthors": [
            "shengquan wang",
            "wei zhao"
        ],
        "keywords": "Association Rule,Association Rule Mining,Middleware,Privacy Preservation,Private Information,",
        "title_embedding": [],
        "abstract_embedding": []
    },
    {
        "id": 4050,
        "label": 769,
        "title": "Unbiased estimation of size and other aggregates over hidden web databases",
        "organization": null,
        "abstract": "Many websites provide restrictive form-like interfaces which allow users to execute search queries on the underlying hidden databases. In this paper, we consider the problem of estimating the size of a hidden database through its web interface. We propose novel techniques which use a small number of queries to produce unbiased estimates with small variance. These techniques can also be",
        "conf": "International Conference on Management of Data",
        "email": null,
        "coauthors": [
            "arjun dasgupta",
            "xin jin",
            "bradley jewell",
            "gautam das"
        ],
        "keywords": "Approximate Query Processing,Hidden Web,Query Processing,Theoretical Analysis,Unbiased Estimator,Web Interface,",
        "title_embedding": [],
        "abstract_embedding": []
    },
    {
        "id": 4051,
        "label": 769,
        "title": "Privacy preservation of aggregates in hidden databases: why and how?",
        "organization": null,
        "abstract": "Many websites provide form-like interfaces which allow users to execute search queries on the underlying hidden databases. In this paper, we explain the importance of protecting sensitive aggregate information of hidden databases from being disclosed through individual tuples returned by the search queries. This stands in contrast to the traditional privacy problem where individual tuples must be protected while ensuring",
        "conf": "International Conference on Management of Data",
        "email": null,
        "coauthors": [
            "arjun dasgupta",
            "gautam das",
            "surajit chaudhuri"
        ],
        "keywords": "Privacy Preservation,Theoretical Analysis,",
        "title_embedding": [],
        "abstract_embedding": []
    },
    {
        "id": 4052,
        "label": 769,
        "title": "HDSampler: revealing data behind web form interfaces",
        "organization": null,
        "abstract": "A large number of online databases are hidden behind the web. Users to these systems can form queries through web forms to retrieve a small sample of the database. Sampling such hidden databases is widely desired for understanding the nature and qual- ity of data stored in them. We have developed HDSampler, which to the best of our knowledge is",
        "conf": "International Conference on Management of Data",
        "email": null,
        "coauthors": [
            "anirban maiti",
            "arjun dasgupta",
            "gautam das"
        ],
        "keywords": "Hidden Web,meta search engine,Small Samples,",
        "title_embedding": [],
        "abstract_embedding": []
    },
    {
        "id": 4053,
        "label": 769,
        "title": "Self-adaptive Worms and Countermeasures",
        "organization": null,
        "abstract": "In this paper, we address issues related to defending against wide- spreading worms on the Internet. We study a new class of worms called the self- adaptive worms. These worms dynamically adapt their propagation patterns to defensive countermeasures, in order to avoid or postpone detection, and to even- tually infect more computers. We show that existing worm detection schemes cannot",
        "conf": "Self-Stabilizing Systems",
        "email": null,
        "coauthors": [
            "wei yu",
            "wei zhao"
        ],
        "keywords": "Dynamic Adaptation,Game Theory,",
        "title_embedding": [],
        "abstract_embedding": []
    },
    {
        "id": 4054,
        "label": 769,
        "title": "Distributed Privacy Preserving Information Sharing",
        "organization": null,
        "abstract": "In this paper, we address issues related to sharing information in a distributed system consisting of autonomous entities, each of which holds a private database. Semi-honest behavior has been widely adopted as the model for adversarial threats. However, it substantially underestimates the capability of adversaries in reality. In this paper, we consider a threat space containing more powerful adversaries that",
        "conf": "Very Large Data Bases",
        "email": null,
        "coauthors": [
            "wei zhao"
        ],
        "keywords": "Distributed System,Information Sharing,Privacy Preservation,",
        "title_embedding": [],
        "abstract_embedding": []
    },
    {
        "id": 4055,
        "label": 769,
        "title": "Discovery and Protection of Sensitive Linkage Information for Online Social Networks Services",
        "organization": null,
        "abstract": NaN,
        "conf": "Wireless Algorithms, Systems, and Applications",
        "email": null,
        "coauthors": [
            "min song",
            "xinwen fu",
            "wei yu"
        ],
        "keywords": "Online Social Network,",
        "title_embedding": [],
        "abstract_embedding": []
    },
    {
        "id": 4056,
        "label": 769,
        "title": "Privacy preservation in wireless sensor networks: A state-of-the-art survey",
        "organization": null,
        "abstract": NaN,
        "conf": "Ad Hoc Networks",
        "email": null,
        "coauthors": [
            "na li",
            "sajal k. das",
            "bhavani m. thuraisingham"
        ],
        "keywords": "Privacy Preservation,Wireless Sensor Network,",
        "title_embedding": [],
        "abstract_embedding": []
    },
    {
        "id": 4057,
        "label": 769,
        "title": "Privacy-Preserving Data Mining Systems",
        "organization": null,
        "abstract": NaN,
        "conf": "IEEE Computer",
        "email": null,
        "coauthors": [
            "wei zhao"
        ],
        "keywords": "Privacy Preserving Data Mining,",
        "title_embedding": [],
        "abstract_embedding": []
    },
    {
        "id": 4058,
        "label": 769,
        "title": "Privacy Protection Against Malicious Adversaries in Distributed Information Sharing Systems",
        "organization": null,
        "abstract": NaN,
        "conf": "IEEE Transactions on Knowledge and Data Engineering",
        "email": null,
        "coauthors": [
            "wei zhao"
        ],
        "keywords": "Information Sharing,Privacy Protection,",
        "title_embedding": [],
        "abstract_embedding": []
    },
    {
        "id": 4059,
        "label": 769,
        "title": "Self-Disciplinary Worms and Countermeasures: Modeling and Analysis",
        "organization": null,
        "abstract": NaN,
        "conf": "IEEE Transactions on Parallel and Distributed Systems",
        "email": null,
        "coauthors": [
            "wei yu",
            "xinwen fu",
            "wei zhao"
        ],
        "keywords": "Modeling and Analysis,",
        "title_embedding": [],
        "abstract_embedding": []
    },
    {
        "id": 4060,
        "label": 770,
        "title": "Pattern Matching in BWT-Transformed Text",
        "organization": null,
        "abstract": NaN,
        "conf": "Data Compression Conference",
        "email": null,
        "coauthors": [
            "donald a. adjeroh",
            "tim bell",
            "matt powell",
            "amar mukherjee"
        ],
        "keywords": "Pattern Matching,",
        "title_embedding": [],
        "abstract_embedding": []
    },
    {
        "id": 4061,
        "label": 770,
        "title": "LIPT: A Reversible Lossless Text Transform to Improve Compression Performance",
        "organization": null,
        "abstract": "Lossless compression researchers have developed highly sophisticated approaches, such as Huffman encoding, arithmetic encoding, the Lempel-Ziv family, Dynamic Markov Compression (DMC), Prediction by Partial Matching (PPM), and Burrows-Wheeler Transform (BWT) based algorithms. We propose an alternative approach in this paper to develop a reversible transformation that can be applied to a source text that improves existing algorithm's ability to compress.",
        "conf": "Data Compression Conference",
        "email": null,
        "coauthors": [
            "fauzia s. awan",
            "nitin motgi",
            "raja tanveer iqbal",
            "amar mukherjee"
        ],
        "keywords": "Compression Algorithm,Lossless Compression,Burrows Wheeler Transform,lempel ziv,Prediction By Partial Match,",
        "title_embedding": [],
        "abstract_embedding": []
    },
    {
        "id": 4062,
        "label": 770,
        "title": "A Dictionary-Based Multi-Corpora Text Compression System",
        "organization": null,
        "abstract": "In this paper we introduce StarZip, a multi-corpora lossless text compression utility which incorporates StarNT, our newly proposed transform algorithm. StarNT is a dictionary-based fast lossless text transform algorithm which utilizes ternary search tree to expedite transform encoding. For large files, viz. 400 Kbytes or more, our experiments show that the compression time is no worse than those obtained by",
        "conf": "Data Compression Conference",
        "email": null,
        "coauthors": [
            "weifeng sun",
            "amar mukherjee"
        ],
        "keywords": "Compression Ratio,Domain Specificity,Search Trees,Text Compression,",
        "title_embedding": [],
        "abstract_embedding": []
    },
    {
        "id": 4063,
        "label": 770,
        "title": "Approximate Pattern Matching Using the Burrows-Wheeler Transform",
        "organization": null,
        "abstract": "Abstract. The compressed pattern matching problem is to locate the occurrence(s) of a pat- tern P in a text string T using a compressed representation of T, with minimal (or no) decompression. In this paper, we consider approximate pattern matching directly on BWT compressed text. The BWT provides a lexicographic ordering of the input text as part of its inverse",
        "conf": "Data Compression Conference",
        "email": null,
        "coauthors": [
            "amar mukherjee",
            "donald a. adjeroh",
            "tim bell"
        ],
        "keywords": "Approximate Pattern Matching,lexicographic order,Pattern Matching,Burrows Wheeler Transform,",
        "title_embedding": [],
        "abstract_embedding": []
    },
    {
        "id": 4064,
        "label": 770,
        "title": "A Flexible Compressed Text Retrieval System Using a Modified LZW Algorithm",
        "organization": null,
        "abstract": "With an increasing amount of text data being stored in a compressed format, efficient information retrieval in the compressed domain has become a major challenge. Being able to randomly access and partially decode4 the compressed data is highly desirable for efficient retrieval and is required in many applications. For example, in a digital library information retrieval system, only the records",
        "conf": "Data Compression Conference",
        "email": null,
        "coauthors": [
            "tao tao",
            "ravi vijaya satya",
            "amar mukherjee"
        ],
        "keywords": "Compression Ratio,Digital Library,Indexation,Information Retrieval,Information Retrieval System,Parallel Processing,Random Access,Text Retrieval,Level of Detail,",
        "title_embedding": [],
        "abstract_embedding": []
    },
    {
        "id": 4065,
        "label": 770,
        "title": "Dictionary-Based Fast Transform for Text Compression",
        "organization": null,
        "abstract": "In this paper we present StarNT, a dictionary-based fast lossless text transform algorithm. With a static generic dic- tionary, StarNT achieves a superior compression ratio than almost all the other recent efforts based on BWT and PPM. This algorithm utilizes ternary search tree to expedite trans- form encoding. Experimental results show that the aver- age compression time has improved by",
        "conf": "International Symposium on Information Technology",
        "email": null,
        "coauthors": [
            "weifeng sun",
            "amar mukherjee"
        ],
        "keywords": "Compression Ratio,Domain Specificity,Search Trees,Text Compression,",
        "title_embedding": [],
        "abstract_embedding": []
    },
    {
        "id": 4066,
        "label": 770,
        "title": "Modified LZW Algorithm for Efficient Compressed Text Retrieval",
        "organization": null,
        "abstract": "With increasing amount of text data being stored in the compressed format, efficient information retrieval in the compressed domain has become a major concern. Being able to randomly access the compressed data is highly desirable for efficient retrieval and is required in many applications. For example, in a library information retrieval system, only the records that are relevant to the",
        "conf": "International Symposium on Information Technology",
        "email": null,
        "coauthors": [
            "tao tao",
            "ravi vijaya satya",
            "amar mukherjee"
        ],
        "keywords": "Compression Ratio,Information Retrieval,Information Retrieval System,Random Access,Text Retrieval,",
        "title_embedding": [],
        "abstract_embedding": []
    },
    {
        "id": 4067,
        "label": 770,
        "title": "BWT-based efficient shape matching",
        "organization": null,
        "abstract": "Effective shape-based image retrieval requires an appropriate representation of object shape contours. Such a representation should be invariant under certain transformations, such as those due to rotation, scaling, partial occlusion, noise in the image, or changes in the viewing geometry. Given a shape boundary, we decompose it into primitive shape segments that capture the saliency of object parts, and perform",
        "conf": "ACM Symposium on Applied Computing",
        "email": null,
        "coauthors": [
            "donald a. adjeroh",
            "u. kandaswamy",
            "amar mukherjee",
            "m. t. brown",
            "tim bell"
        ],
        "keywords": "Content Based Retrieval,Large Scale,Shape Matching,Shape Retrieval,shape-based image retrieval,Burrows Wheeler Transform,",
        "title_embedding": [],
        "abstract_embedding": []
    },
    {
        "id": 4068,
        "label": 770,
        "title": "Search and Retrieval of Compressed Text",
        "organization": null,
        "abstract": NaN,
        "conf": "Advances in Computers",
        "email": null,
        "coauthors": [
            "amar mukherjee",
            "tao tao",
            "ravi vijaya satya",
            "weifeng sun"
        ],
        "keywords": "Search and Retrieval,",
        "title_embedding": [],
        "abstract_embedding": []
    },
    {
        "id": 4069,
        "label": 771,
        "title": "Spatial prediction based intra-coding",
        "organization": null,
        "abstract": NaN,
        "conf": "International Conference on Multimedia Computing and Systems/International Conference on Multimedia and Expo",
        "email": null,
        "coauthors": [
            "baocai yin",
            "dehui kong",
            "wenying yue"
        ],
        "keywords": "Spatial Prediction,",
        "title_embedding": [],
        "abstract_embedding": []
    },
    {
        "id": 4070,
        "label": 771,
        "title": "A Block-Matching Based Intra Frame Prediction for H.264/AVC",
        "organization": null,
        "abstract": "In the latest video coding standard H.264, intra frame prediction is employed to reduce the blocks' spatial correlation. In this paper, a new algorithm is proposed to improve the performance of intra prediction of H.264/AVC. It changes mode 2 of H.264's standard prediction methods into a BMA (block-matching algorithm)-DC hydrid mode. Experiment results show that with the proposed algorithm, significant",
        "conf": "International Conference on Multimedia Computing and Systems/International Conference on Multimedia and Expo",
        "email": null,
        "coauthors": [
            "jiheng yang",
            "baocai yin",
            "yanfeng sun"
        ],
        "keywords": "Block Matching,Intra Prediction,Prediction Method,Spatial Correlation,Video Coding,Block Matching Algorithm,",
        "title_embedding": [],
        "abstract_embedding": []
    },
    {
        "id": 4071,
        "label": 771,
        "title": "Directional Lifting-Based Wavelet Transform for Multiple Description Image Coding with Quincunx Segmentation",
        "organization": null,
        "abstract": "In this paper, a new multiple description image coding scheme using directional lifting transform is proposed. The basic idea is to divide an image into two descriptions with quincunx segmentation. The traditional spatial do- main multiple description image coding techniques usually result in the very low coding efficiency. To tackle this problem, we propose a directional lifting technique to extensively",
        "conf": "IEEE Pacific Rim Conference on Multimedia",
        "email": null,
        "coauthors": [
            "yan lu",
            "feng wu",
            "baocai yin"
        ],
        "keywords": "Image Coding,Visual Quality,Data Fusion,Full Resolution,Multiple Description,Wavelet Transform,",
        "title_embedding": [],
        "abstract_embedding": []
    },
    {
        "id": 4072,
        "label": 771,
        "title": "Efficient Multiple-Description Image Coding Using Directional Lifting-Based Transform",
        "organization": null,
        "abstract": "This paper proposes an efficient two-description image coding technique. The two side descriptions of an image are generated by quincunx subsampling. The decoding from any side description is done by an interpolation process that exploits sample correlation. Although the quincunx subsampling is a natural choice for the best use of sample correlations in image multiple-description coding (MDC), each side description",
        "conf": "IEEE Transactions on Circuits and Systems for Video Technology",
        "email": null,
        "coauthors": [
            "yan lu",
            "feng wu",
            "xiaolin wu",
            "baocai yin"
        ],
        "keywords": "Image Coding,Image Compression,Indexing Terms,Multiple Description Coding,Multiple Description,",
        "title_embedding": [],
        "abstract_embedding": []
    },
    {
        "id": 4073,
        "label": 772,
        "title": "An automatic semantic relationships discovery approach",
        "organization": null,
        "abstract": "An important obstacle to the success of the Semantic Web is that the establishment of the semantic relationship is labor-intensive. This paper proposes an automatic semantic relationship discovering approach for constructing the semantic link network. The basic premise of this work is that the semantics of a web page can be reflected by a set of keywords, and the semantic",
        "conf": "World Wide Web Conference Series",
        "email": null,
        "coauthors": [
            "hai zhuge",
            "liping zheng",
            "xiang li"
        ],
        "keywords": "Analogical Reasoning,Data Mining,Data Mining Algorithm,Semantic Link Network,Semantic Web,Web Pages,",
        "title_embedding": [],
        "abstract_embedding": []
    },
    {
        "id": 4074,
        "label": 773,
        "title": "On Modeling Power of Object-Relational Data Models in Technical Applications",
        "organization": null,
        "abstract": "Technical applications, that is, all kinds of engineering applications (CA *), are distinguished from usual business applications in that they require enhanced data modeling facilities and operations to cope with complex objects and their behavior. Emerging object-relational database management systems (ORDBMSs) which are conforming to the SQL3 standard promise to support technical applications more adequately as compared to conventional relational",
        "conf": "Advances in Databases and Information Systems",
        "email": null,
        "coauthors": [
            "theo harder"
        ],
        "keywords": "Complex Objects,Data Management,Data Model,Database Management,Integrated Information System,Interaction Design,Management System,object-relational databases,Process Model,Process Support,Type System,Abstract Data Type,Client Server,Object Relational,",
        "title_embedding": [],
        "abstract_embedding": []
    },
    {
        "id": 4075,
        "label": 773,
        "title": "Unterstutzung dynamischer Typkonstruktion in Technischen Informationssystemen",
        "organization": null,
        "abstract": NaN,
        "conf": "Rechneruntersttztes Entwerfen und Konstruieren",
        "email": null,
        "coauthors": [
            "henrik loeser",
            "jurgen zimmermann"
        ],
        "keywords": null,
        "title_embedding": [],
        "abstract_embedding": []
    },
    {
        "id": 4076,
        "label": 773,
        "title": "Enriched Relationship Processing in Object-Relational Database Management Systems",
        "organization": null,
        "abstract": "In this paper, we bring together two important topics of current database research: enhancing the data model by refined rela- tionship semantics and exploiting ORDBMS extensibility to equip the system with new functionality. Regarding the first top- ic, we introduce a framework to capture diverse semantic char- acteristics of application-specific relationships. Then, in order to integrate the conceptual extensions with",
        "conf": "International Symposium on Cooperative Database Systems for Advanced Applications",
        "email": null,
        "coauthors": [
            "norbert ritter",
            "theo harder"
        ],
        "keywords": "Data Model,Management System,object-relational databases,Query Optimization,",
        "title_embedding": [],
        "abstract_embedding": []
    },
    {
        "id": 4077,
        "label": 773,
        "title": "Supporting Adaptable Technical Information Systems in Heterogeneous Environments - Using WWW and ORDBMS",
        "organization": null,
        "abstract": NaN,
        "conf": "DEXA Workshops",
        "email": null,
        "coauthors": [
            "theo harder",
            "henrik loeser"
        ],
        "keywords": "Heterogeneous Environment,Information System,",
        "title_embedding": [],
        "abstract_embedding": []
    },
    {
        "id": 4078,
        "label": 773,
        "title": "On a Buzzword ``Extensibility'' - What We Have Learned from the ORIENT Project?",
        "organization": null,
        "abstract": NaN,
        "conf": "International Database Engineering and Application Symposium",
        "email": null,
        "coauthors": [
            "theo harder"
        ],
        "keywords": null,
        "title_embedding": [],
        "abstract_embedding": []
    },
    {
        "id": 4079,
        "label": 773,
        "title": "Enriching Object-Relational Databases with Relationship Semantics",
        "organization": null,
        "abstract": NaN,
        "conf": "Next Generation Information Technologies and Systems",
        "email": null,
        "coauthors": [
            "theo harder",
            "joachim thomas"
        ],
        "keywords": "object-relational databases,",
        "title_embedding": [],
        "abstract_embedding": []
    },
    {
        "id": 4080,
        "label": 774,
        "title": "Perceptually Consistent Segmentation of Texture Using Multiple Channel Filter",
        "organization": null,
        "abstract": " . Texture segmentation aims at dividing an image into perceptuallyuniform regions each containing a distinct texture. In imagesof natural scene, texture in a region can change gradually in scale andorientation due to perspective distortion. A naive segmentation methodmay erroneously group image patches with the same texture but slowlyvarying scales and orientations into distinct regions. This paper describesa novel segmentation method",
        "conf": "Asian Conference on Computer Vision",
        "email": null,
        "coauthors": [
            "wee kheng leow"
        ],
        "keywords": "Multiple Channels,Natural Scenes,Texture Segmentation,",
        "title_embedding": [],
        "abstract_embedding": []
    },
    {
        "id": 4081,
        "label": 775,
        "title": "Ray Tracing Height Fields",
        "organization": null,
        "abstract": "We present a novel surface reconstruction algorithm which can directly reconstruct surfaces with different levels of smoothness in one framework from height fields using 3D discrete grid ray tracing. Our algorithm exploits the 2.5D nature of the elevation data and the regularity of the rect- angular grid from which the height field surface is sampled. Based on this reconstruction method,",
        "conf": "Computer Graphics International",
        "email": null,
        "coauthors": [
            "huamin qu",
            "feng qiu",
            "arie e. kaufman",
            "ming wan"
        ],
        "keywords": "Hybrid Method,Layered Depth Image,Ray Tracing,Surface Reconstruction,Terrain Rendering,",
        "title_embedding": [],
        "abstract_embedding": []
    },
    {
        "id": 4082,
        "label": 775,
        "title": "Stippling and Silhouettes Rendering in Geometry-Image Space",
        "organization": null,
        "abstract": "We present a novel non-photorealistic rendering method that performs all operations in a geometry-image domain. We first apply global conformal parameterization to the input geometry mo del and generate corresponding geom- etry images. Strokes and silhouettes are then computed in the geometry-ima ge domain. The geometry-image space provides combined benefits of the existing image space and object spaceapproaches. It allows",
        "conf": "Eurographics Symposium on Rendering/Eurographics Workshop on Rendering Techniques",
        "email": null,
        "coauthors": [
            "xiaoru yuan",
            "minh x. nguyen",
            "baoquan chen"
        ],
        "keywords": "Image Processing,non photorealistic rendering,",
        "title_embedding": [],
        "abstract_embedding": []
    },
    {
        "id": 4083,
        "label": 775,
        "title": "Multiresolution volume simplification and polygonization",
        "organization": null,
        "abstract": "We propose a multiresolution volume simplification and polygonization algorithm. Traditionally, voxel-based algorithms lack the adaptive resolution support and consequently simplified volumes quickly lose sharp features after several levels of downsampling, while tetrahedral-based simplification algorithms usually generate poorly shaped triangles. In our method, each boundary cell is represented by a carefully selected representative vertex. The quadric error metrics are applied as",
        "conf": "Volume Graphics",
        "email": null,
        "coauthors": [
            "arie e. kaufman"
        ],
        "keywords": "Error Threshold,Quadric Error Metric,Shape Optimization,Bottom Up,Top Down,",
        "title_embedding": [],
        "abstract_embedding": []
    },
    {
        "id": 4084,
        "label": 775,
        "title": "Dual Contouring with Topology-Preserving Simplification Using Enhanced Cell Representation",
        "organization": null,
        "abstract": "We present a fast, topology-preserving approach for isosurface simplification. The underlying concept behind our approach is to preserve the disconnected surface components in cells during isosurface simplification. We represent isosurface components in a novel representation, called enhanced cell, where each surface component in a cell is represented by a vertex and its connectivity information. A topology-preserving vertex clustering algorithm is",
        "conf": "IEEE Visualization",
        "email": null,
        "coauthors": [
            "wei hong",
            "arie e. kaufman"
        ],
        "keywords": "Cluster Algorithm,Error Bound,Isosurface Extraction,Topology Preservation,",
        "title_embedding": [],
        "abstract_embedding": []
    },
    {
        "id": 4085,
        "label": 775,
        "title": "Interactive Stereoscopic Rendering of Voxel-based Terrain",
        "organization": null,
        "abstract": "Abstract We present an interactive stereoscopic rendering algo- rithm of voxel-based terrain. It provides unambiguous depth information of a terrain scene by generating perspec- tive images,for a pair of eyes with a horizontal parallax. The left-eye image is generated using a fast ray casting al- gorithm accelerated by exploiting a specific ray coherence method,in the voxel-based terrain scene. The right-eye",
        "conf": "Virtual Reality",
        "email": null,
        "coauthors": [
            "ming wan",
            "arie e. kaufman",
            "huamin qu"
        ],
        "keywords": "Ray Casting,Terrain Visualization,",
        "title_embedding": [],
        "abstract_embedding": []
    },
    {
        "id": 4086,
        "label": 775,
        "title": "Feature Preserving Distance Fields",
        "organization": null,
        "abstract": "We present two distance eld representations which can preserve sharp features in original geometric models: the offset distance eld (ODF) and the unied distance eld (UDF). The ODF is sam- pled on a special curvilinear grid named an offset grid. The sample points of the ODF are not on a regular grid and they can oat in the cells of",
        "conf": "Volume Visualization",
        "email": null,
        "coauthors": [
            "huamin qu",
            "ran shao",
            "arie e. kaufman",
            "klaus mueller"
        ],
        "keywords": "Data Structure,Distance Field,Energy Minimization,Feature Preservation,Geometric Model,Irregular Grid,Surface Representation,",
        "title_embedding": [],
        "abstract_embedding": []
    },
    {
        "id": 4087,
        "label": 775,
        "title": "SHIC: A View-Dependent Rendering Framework for Isosurfaces",
        "organization": null,
        "abstract": "We present Selective and Hierarchical Isopoint Clustering (SHIC) as a framework for interactive isosurface visualization. SHIC is an octree-based vertex hierarchy where each surface component in a cell is represented by a vertex (isopoint) with encoded connectivity. We describe a novel connectivity encoding scheme, called Con- nectivity Encoding Bitmap, and two topology-preserving isopoint clustering algorithms to build the vertex hierarchy.",
        "conf": "Volume Visualization",
        "email": null,
        "coauthors": [
            "huamin qu",
            "wei hong",
            "arie e. kaufman"
        ],
        "keywords": "Cluster Algorithm,Isosurface Extraction,Topology Preservation,Level of Detail,",
        "title_embedding": [],
        "abstract_embedding": []
    },
    {
        "id": 4088,
        "label": 775,
        "title": "Interactive Stereoscopic Rendering of Volumetric Environments",
        "organization": null,
        "abstract": NaN,
        "conf": "IEEE Transactions on Visualization and Computer Graphics",
        "email": null,
        "coauthors": [
            "ming wan",
            "huamin qu",
            "arie e. kaufman"
        ],
        "keywords": null,
        "title_embedding": [],
        "abstract_embedding": []
    },
    {
        "id": 4089,
        "label": 775,
        "title": "Volume cutout",
        "organization": null,
        "abstract": "We present a novel method for cutting out 3D volumetric structures based on simple strokes that are drawn directly on volume rendered images. The free- hand strokes roughly mark out objects of interest and background. Our system then automatically segments the regions of interest and reflnes their boundaries in the rendered image. These 2D segmentation results provide constraints for 3D",
        "conf": "The Visual Computer",
        "email": null,
        "coauthors": [
            "xiaoru yuan",
            "minh x. nguyen",
            "baoquan chen"
        ],
        "keywords": "3d segmentation,Automatic Segmentation,Graph Cut,Volume Rendering,Region of Interest,",
        "title_embedding": [],
        "abstract_embedding": []
    }
]