[
    {
        "id": 4027,
        "label": 766,
        "title": "Automatic Wrapper Generation for Semi-Structured Biological Data Based on Table Structure Identification",
        "organization": null,
        "abstract": NaN,
        "conf": "DEXA Workshops",
        "email": null,
        "coauthors": [
            "liangyou chen",
            "hasan m. jamil"
        ],
        "keywords": "Biological Data,",
        "title_embedding": [],
        "abstract_embedding": []
    },
    {
        "id": 4028,
        "label": 766,
        "title": "Automatic composite wrapper generation for semi-structured biological data based on table structure identification",
        "organization": null,
        "abstract": "Biological data analyses usually require complex manipulations involving tool applications, multiple web site navigation, result selection and filtering, and iteration over the internet. Most biological data are generated from structured databases and by applications and presented to the users embedded within repeated structures, or tables, in HTML documents. In this paper we outline a novel technique for the identification of",
        "conf": "Sigmod Record",
        "email": null,
        "coauthors": [
            "liangyou chen",
            "hasan m. jamil"
        ],
        "keywords": "Automatic Generation,Biological Data,",
        "title_embedding": [],
        "abstract_embedding": []
    }
]