[
    {
        "id": 4102,
        "label": 778,
        "title": "SMIL to MPEG4 BIFS Conversion",
        "organization": null,
        "abstract": "Traditional media, such as text, image, audio and video, have long been the main media resources and granted full support of standard desktop tools and applications. Interactive rich multimedia documents, adding resources such as video or synthetic animations and relying on complex synchronization among objects, are now making their entrance into the world as new multimedia formats emerge. In this",
        "conf": "Automated Production of Cross Media Content for Multi-channel Distribution",
        "email": null,
        "coauthors": [
            "beilu shao",
            "laureano moro velazquez",
            "nicolas scaringella",
            "marco mattavelli"
        ],
        "keywords": "Authoring Tool,Comparative Analysis,Interactive Media,Interactive Multimedia,Synchronized Multimedia Integration Language,",
        "title_embedding": [],
        "abstract_embedding": []
    }
]