[
    {
        "id": 4107,
        "label": 781,
        "title": "Radio coverage measurements into tunnel with leaky section radiating cable",
        "organization": null,
        "abstract": NaN,
        "conf": "International Symposium on Computers and Communications",
        "email": null,
        "coauthors": [
            "a. spanakis",
            "d. apostolakis",
            "philip constantinou"
        ],
        "keywords": null,
        "title_embedding": [],
        "abstract_embedding": []
    },
    {
        "id": 4108,
        "label": 781,
        "title": "Non-ionizing electromagnetic radiation monitoring in Greece",
        "organization": null,
        "abstract": "The design, development and operation of a network for the monitoring of the non- ionizing electromagnetic radiation in Greece is presented in this paper. Two independent sub-networks, called \"Hermes\" and \"pedion24\" have been operating since November 2002 in several areas, and more than 4,000,000 electric field strength measurements have been conducted to date. The measurement results indicate that the non-ionizing",
        "conf": "Annales Des Tlcommunications",
        "email": null,
        "coauthors": [
            "antonis g. gotsis",
            "dimitris komnakos",
            "agamemnon yalofas",
            "philip constantinou"
        ],
        "keywords": "Electric Field,Electromagnetic Radiation,European Commission,",
        "title_embedding": [],
        "abstract_embedding": []
    }
]