[
    {
        "id": 4109,
        "label": 782,
        "title": "XML Query Processing and Optimization",
        "organization": null,
        "abstract": "In this paper, I summarize my research on optimizing XML queries. This work has two components: the first component is the de- finition of a logical algebra and logical optimization techniques. This algebra can be translated into dierent physical algebras such as native or extended-relational algebras. The second component is the design of physical storage structures and physical optimization techniques.",
        "conf": "International Conference on Extending Database Technology",
        "email": null,
        "coauthors": [],
        "keywords": "Optimization Technique,Relation Algebra,Xml Query Processing,",
        "title_embedding": [],
        "abstract_embedding": []
    },
    {
        "id": 4110,
        "label": 782,
        "title": "Finding shortest paths in large network systems",
        "organization": null,
        "abstract": "This paper describes a disk-based algorithm for finding shortest paths in a large network system. It employs a strategy of processing the network piece by piece and is based on new algorithms for graph partitioning and for finding shortest paths that overcome the problem of existing approaches. To show that it is scalable to large network systems and is adaptable",
        "conf": "Workshop on Advances in Geographic Information Systems",
        "email": null,
        "coauthors": [
            "edward p. f. chan"
        ],
        "keywords": "dijkstra's algorithm,Graph Partitioning,Networked Systems,Shortest Path,",
        "title_embedding": [],
        "abstract_embedding": []
    },
    {
        "id": 4111,
        "label": 783,
        "title": "Hive - a petabyte scale data warehouse using Hadoop",
        "organization": null,
        "abstract": NaN,
        "conf": "International Conference on Data Engineering",
        "email": null,
        "coauthors": [
            "ashish thusoo",
            "joydeep sen sarma",
            "namit jain",
            "zheng shao",
            "prasad chakka",
            "suresh anthony",
            "hao liu",
            "raghotham murthy"
        ],
        "keywords": "Data Warehouse,",
        "title_embedding": [],
        "abstract_embedding": []
    },
    {
        "id": 4112,
        "label": 782,
        "title": "Compact Access Control Labeling for Efficient Secure XML Query Evaluation",
        "organization": null,
        "abstract": "Fine-grained access controls for XML deflne access privileges at the granularity of individual XML nodes. In this paper, we present a flne-grained access control mech- anism for XML data. This mechanism exploits the structural locality of access rights as well as correlations among the access rights of difierent users to produce a com- pact physical encoding of the access control",
        "conf": "International Conference on Data Engineering",
        "email": null,
        "coauthors": [
            "huaxin zhang",
            "kenneth salem",
            "donghui zhuo"
        ],
        "keywords": "Query Evaluation,Xml Database,Access Control,",
        "title_embedding": [],
        "abstract_embedding": []
    },
    {
        "id": 4113,
        "label": 782,
        "title": "BlossomTree: Evaluating XPaths in FLWOR Expressions",
        "organization": null,
        "abstract": "Abstract Efficient evaluation of path expressions has been studied extensively. However, evaluating more com- plex FLWOR expressions that contain multiple path expressions has not been well studied. In this paper, we propose a novel pattern matching approach, called BlossomTree, to evaluate a FLWOR expression that contains correlated path expressions. BlossomTree is a formalism to capture the semantics of the path",
        "conf": "International Conference on Data Engineering",
        "email": null,
        "coauthors": [
            "shishir agrawal",
            "m. tamer ozsu"
        ],
        "keywords": "Data Structure,Experimental Study,Path Expressions,Pattern Matching,Abstract Data Type,",
        "title_embedding": [],
        "abstract_embedding": []
    },
    {
        "id": 4114,
        "label": 782,
        "title": "A Succinct Physical Storage Scheme for Efficient Evaluation of Path Queries in XML",
        "organization": null,
        "abstract": "Path expressions are ubiquitous in XML processing lan- guages. Existing approaches evaluate a path expression by selecting nodes that satisfies the tag-name and value con- straints and then joining them according to the structural constraints. In this paper, we propose a novel approach, next-of-kin (NoK) pattern matching, to speed up the node- selection step, and to reduce the join size",
        "conf": "International Conference on Data Engineering",
        "email": null,
        "coauthors": [
            "varun kacholia",
            "m. tamer ozsu"
        ],
        "keywords": "Path Expressions,Pattern Matching,Satisfiability,",
        "title_embedding": [],
        "abstract_embedding": []
    },
    {
        "id": 4115,
        "label": 782,
        "title": "XSEED: Accurate and Fast Cardinality Estimation for XPath Queries",
        "organization": null,
        "abstract": "We propose XSEED, a synopsis of path queries for cardinality estimation that is accurate, robust, efficient, and adaptive to memory budgets. XSEED starts from a very small kernel, and then incrementally updates information of the synopsis. With such an incremental construction, a synopsis structure can be dynamically configured to accom- modate different memory budgets. Cardinality estimation based on XSEED can",
        "conf": "International Conference on Data Engineering",
        "email": null,
        "coauthors": [
            "m. tamer ozsu",
            "ashraf aboulnaga",
            "ihab f. ilyas"
        ],
        "keywords": "Dynamic Configuration,",
        "title_embedding": [],
        "abstract_embedding": []
    },
    {
        "id": 4116,
        "label": 782,
        "title": "InterJoin: Exploiting Indexes and Materialized Views in XPath Evaluation",
        "organization": null,
        "abstract": "XML has become the standard for data exchange for a wide variety of applications, particularly in the scientific community. In order to efficiently process queries on XML representations of scientific data, we require specialized techniques for evaluating XPath expressions. Exploiting materialized views in query processing significantly en- hances query processing performance. We propose a novel view definition that allows for",
        "conf": "Statistical and Scientific Database Management",
        "email": null,
        "coauthors": [
            "derek phillips",
            "ihab f. ilyas",
            "m. tamer ozsu"
        ],
        "keywords": "Cost Model,Data Exchange,Materialized Views,Pattern Matching,Query Evaluation,Query Optimization,Query Processing,Scientific Communication,Scientific Data,Spatial Index,",
        "title_embedding": [],
        "abstract_embedding": []
    },
    {
        "id": 4117,
        "label": 782,
        "title": "FIX: Feature-based Indexing Technique for XML Documents",
        "organization": null,
        "abstract": "Indexing large XML databases is crucial for ecient eval- uation of XML twig queries. In this paper, we propose a feature-based indexing technique, called FIX, based on spec- tral graph theory. The basic idea is that for each twig pat- tern in a collection of XML documents, we calculate a vector of features based on its structural properties. These features",
        "conf": "Very Large Data Bases",
        "email": null,
        "coauthors": [
            "m. tamer ozsu",
            "ihab f. ilyas",
            "ashraf aboulnaga"
        ],
        "keywords": "Experimental Study,Feature Vector,Graph Theory,Indexation,Structural Properties,Xml Database,Xml Document,",
        "title_embedding": [],
        "abstract_embedding": []
    },
    {
        "id": 4118,
        "label": 782,
        "title": "Statistical Learning Techniques for Costing XML Queries",
        "organization": null,
        "abstract": "Developing cost models for query optimization is significantly harder for XML queries than for traditional relational queries. The reason is that XML query operators are much more complex than relational operators such as table scans and joins. In this paper, we propose a new approach, called COMET, to modeling the cost of XML operators; to our knowledge, COMET is the",
        "conf": "Very Large Data Bases",
        "email": null,
        "coauthors": [
            "peter j. haas",
            "vanja josifovski",
            "guy m. lohman",
            "chun zhang"
        ],
        "keywords": "Analytical Model,Cost Estimation,Cost Model,Empirical Study,Query Optimization,Statistical Learning,",
        "title_embedding": [],
        "abstract_embedding": []
    },
    {
        "id": 4119,
        "label": 782,
        "title": "Compact access control labeling for efficient secure XML query evaluation",
        "organization": null,
        "abstract": NaN,
        "conf": "Data & Knowledge Engineering",
        "email": null,
        "coauthors": [
            "huaxin zhang",
            "kenneth salem",
            "donghui zhuo"
        ],
        "keywords": "Query Evaluation,Access Control,",
        "title_embedding": [],
        "abstract_embedding": []
    },
    {
        "id": 4120,
        "label": 782,
        "title": "Binary XML Storage and Query Processing in Oracle 11g",
        "organization": null,
        "abstract": "Oracle RDBMS has supported XML data management for more than six years since version 9i. Prior to 11g, text- centric XML documents can be stored as-is in a CLOB column and schema-based data-centric documents can be shredded and stored in object-relational (OR) tables mapped from their XML Schema. However, both storage formats have intrinsic limitations|XML/CLOB has unacceptable query and update",
        "conf": "Proceedings of The Vldb Endowment",
        "email": null,
        "coauthors": [
            "nipun agarwal",
            "sivasankaran chandrasekar",
            "sam idicula",
            "vijay medi",
            "sabina petride",
            "balasubramanyam sthanikam"
        ],
        "keywords": "Data Management,High Performance,Indexation,Query Processing,Schema Evolution,Stream Processing,Xml Document,Xml Schema,Object Relational,",
        "title_embedding": [],
        "abstract_embedding": []
    },
    {
        "id": 4121,
        "label": 784,
        "title": "C3: A New Learning Scheme to Improve Classification of Rare Category Emails",
        "organization": null,
        "abstract": NaN,
        "conf": "Australian Joint Conference on Artificial Intelligence",
        "email": null,
        "coauthors": [
            "jie yang",
            "joshua zhexue huang",
            "zhuoqun xu"
        ],
        "keywords": null,
        "title_embedding": [],
        "abstract_embedding": []
    },
    {
        "id": 4122,
        "label": 784,
        "title": "Odaies: Ontology-driven Adaptive Web Information Extraction System",
        "organization": null,
        "abstract": NaN,
        "conf": "International Agent Technology Conference",
        "email": null,
        "coauthors": [
            "hong chen",
            "yu wang",
            "shi-jun cheng",
            "ming-feng xiong"
        ],
        "keywords": "Web Information Extraction,",
        "title_embedding": [],
        "abstract_embedding": []
    },
    {
        "id": 4123,
        "label": 784,
        "title": "Building Domain Ontology Based on Web Data and Generic Ontology",
        "organization": null,
        "abstract": NaN,
        "conf": "Web Intelligence",
        "email": null,
        "coauthors": [
            "jie yang",
            "lei wang",
            "song zhang",
            "xin sui",
            "zhuoqun xu"
        ],
        "keywords": "Domain Ontology,",
        "title_embedding": [],
        "abstract_embedding": []
    },
    {
        "id": 4124,
        "label": 784,
        "title": "Offer Group Generation and Delayed Processing in Multi-Issue Negotiation",
        "organization": null,
        "abstract": NaN,
        "conf": "Web Intelligence",
        "email": null,
        "coauthors": [
            "song zhang",
            "lei wang",
            "jie yang",
            "zhuoqun xu"
        ],
        "keywords": null,
        "title_embedding": [],
        "abstract_embedding": []
    },
    {
        "id": 4125,
        "label": 785,
        "title": "Concurrent Garbage Collection Implementation in a Standard JVM for Real-Time Purposes",
        "organization": null,
        "abstract": NaN,
        "conf": "International Conference on Embedded Software and Systems",
        "email": null,
        "coauthors": [
            "yuqiang xian",
            "guangze xiong"
        ],
        "keywords": "Concurrent Garbage Collection,Real Time,",
        "title_embedding": [],
        "abstract_embedding": []
    }
]