[
    {
        "id": 4126,
        "label": 786,
        "title": "The Wave Propagator Is Turing Computable",
        "organization": null,
        "abstract": NaN,
        "conf": "International Congress of Mathematicans",
        "email": null,
        "coauthors": [
            "klaus weihrauch"
        ],
        "keywords": "Wave Propagation,",
        "title_embedding": [],
        "abstract_embedding": []
    },
    {
        "id": 4127,
        "label": 786,
        "title": "Beyond the First Main Theorem - When Is the Solution of a Linear Cauchy Problem Computable?",
        "organization": null,
        "abstract": NaN,
        "conf": "Theory and Applications of Models of Computation",
        "email": null,
        "coauthors": [
            "klaus weihrauch"
        ],
        "keywords": "Cauchy Problem,",
        "title_embedding": [],
        "abstract_embedding": []
    },
    {
        "id": 4128,
        "label": 786,
        "title": "Complexity of Blowup Problems: Extended Abstract",
        "organization": null,
        "abstract": NaN,
        "conf": "Electronic Notes in Theoretical Computer Science",
        "email": null,
        "coauthors": [
            "robert rettinger",
            "klaus weihrauch"
        ],
        "keywords": null,
        "title_embedding": [],
        "abstract_embedding": []
    },
    {
        "id": 4129,
        "label": 786,
        "title": "The Solution Operator of the Korteweg-de Vries Equation is Computable",
        "organization": null,
        "abstract": "The initial value problem of the Korteweg-de Vries (KdV) equation posted on the real line R:   ",
        "conf": "Electronic Notes in Theoretical Computer Science",
        "email": null,
        "coauthors": [
            "klaus weihrauch"
        ],
        "keywords": "Initial Value Problem,kdv equation,korteweg de vries equation,korteweg de vries,",
        "title_embedding": [],
        "abstract_embedding": []
    },
    {
        "id": 4130,
        "label": 786,
        "title": "An Algorithm for Computing Fundamental Solutions",
        "organization": null,
        "abstract": NaN,
        "conf": "Siam Journal on Computing",
        "email": null,
        "coauthors": [
            "klaus weihrauch"
        ],
        "keywords": "Fundamental Solution,",
        "title_embedding": [],
        "abstract_embedding": []
    },
    {
        "id": 4131,
        "label": 786,
        "title": "Computable Analysis of the Abstract Cauchy Problem in a Banach Space and Its Applications (I)",
        "organization": null,
        "abstract": NaN,
        "conf": "Electronic Notes in Theoretical Computer Science",
        "email": null,
        "coauthors": [
            "klaus weihrauch"
        ],
        "keywords": "Abstract Cauchy Problem,banach space,Computer Analysis,",
        "title_embedding": [],
        "abstract_embedding": []
    },
    {
        "id": 4132,
        "label": 786,
        "title": "Computability theory of generalized functions",
        "organization": null,
        "abstract": "The theory of generalized functions is the foundation of the modern theory of partial differential equations (PDE). As computers are playing an ever-larger role in solving PDEs, it is important to know those operations involving generalized functions in analysis and PDE that can be computed on digital computers. In this article, we introduce natural concepts of computability on test functions",
        "conf": "Journal of The ACM",
        "email": null,
        "coauthors": [
            "klaus weihrauch"
        ],
        "keywords": "Computability Theory,Computer Analysis,Distributed Computing,Generating Function,Partial Differential Equation,Three Dimensional,turing machine,Wave Equation,Fourier Transform,Machine Model,",
        "title_embedding": [],
        "abstract_embedding": []
    },
    {
        "id": 4133,
        "label": 786,
        "title": "Topological Complexity of Blowup Problems",
        "organization": null,
        "abstract": NaN,
        "conf": "Journal of Universal Computer Science",
        "email": null,
        "coauthors": [
            "robert rettinger",
            "klaus weihrauch"
        ],
        "keywords": "Topological Complexity,",
        "title_embedding": [],
        "abstract_embedding": []
    },
    {
        "id": 4134,
        "label": 786,
        "title": "An Algorithm for Computing Fundamental Solutions",
        "organization": null,
        "abstract": NaN,
        "conf": "Siam Journal on Computing",
        "email": null,
        "coauthors": [
            "klaus weihrauch"
        ],
        "keywords": "Fundamental Solution,",
        "title_embedding": [],
        "abstract_embedding": []
    },
    {
        "id": 4135,
        "label": 786,
        "title": "Computing the solution of the Korteweg-de Vries equation with arbitrary precision on Turing",
        "organization": null,
        "abstract": NaN,
        "conf": "Theoretical Computer Science",
        "email": null,
        "coauthors": [
            "klaus weihrauch"
        ],
        "keywords": "korteweg de vries equation,",
        "title_embedding": [],
        "abstract_embedding": []
    }
]