[
    {
        "id": 4147,
        "label": 791,
        "title": "Learning from the Past: An Analysis of Person Name Corrections in DBLP Collection and Social Network Properties of Affected Entities",
        "organization": null,
        "abstract": NaN,
        "conf": NaN,
        "email": null,
        "coauthors": [
            "florian reitz"
        ],
        "keywords": "Social Network,",
        "title_embedding": [],
        "abstract_embedding": []
    },
    {
        "id": 4148,
        "label": 791,
        "title": "An Analysis of the Evolving Coverage of Computer Science Sub-fields in the DBLP Digital Library",
        "organization": null,
        "abstract": NaN,
        "conf": "European Conference on Digital Libraries",
        "email": null,
        "coauthors": [
            "florian reitz"
        ],
        "keywords": "Digital Library,",
        "title_embedding": [],
        "abstract_embedding": []
    },
    {
        "id": 4149,
        "label": 791,
        "title": "Regelbasierte Extraktion und asymmetrische Fusion bibliographischer Informationen",
        "organization": null,
        "abstract": NaN,
        "conf": NaN,
        "email": null,
        "coauthors": [],
        "keywords": null,
        "title_embedding": [],
        "abstract_embedding": []
    }
]