[
    {
        "id": 4170,
        "label": 796,
        "title": "Mechatronic design of NAO humanoid",
        "organization": null,
        "abstract": NaN,
        "conf": "International Conference on Robotics and Automation",
        "email": null,
        "coauthors": [
            "david gouaillier",
            "vincent hugel",
            "pierre blazevic",
            "chris kilner",
            "jerome monceaux",
            "brice marnier",
            "julien serre",
            "bruno maisonnier"
        ],
        "keywords": null,
        "title_embedding": [],
        "abstract_embedding": []
    },
    {
        "id": 4171,
        "label": 796,
        "title": "The NAO humanoid: a combination of performance and affordability",
        "organization": null,
        "abstract": "This article presents the design of the autonomous humanoid robot called NAO that is built by the French company Aldebaran-Robotics. With its height of 0.57 m and its weight about 4.5 kg, this innovative robot is lightweight and compact. It distinguishes itself from its existing Japanese, American, and other counterparts thanks to its pelvis kinematics design, its proprietary actuation system Dc Motor;Distributed Software Architecture;Embedded System;Humanoid Robot; Computing Research Repository http://www.informatik.uni-trier.de/~ley/db/journals/corr/corr0807.html#abs-0807-3223,http://arxiv.org/abs/0807.3223 2008",
        "conf": NaN,
        "email": null,
        "coauthors": [
            "david gouaillier",
            "vincent hugel",
            "pierre blazevic",
            "chris kilner",
            "jerome monceaux",
            "brice marnier",
            "julien serre",
            "bruno maisonnier"
        ],
        "keywords": null,
        "title_embedding": [],
        "abstract_embedding": []
    }
]