[
    {
        "id": 4172,
        "label": 797,
        "title": "Design of Walking Gaits for Tao-Pie-Pie, a Small Humanoid Robot",
        "organization": null,
        "abstract": "Abstract. This paper describes the methodology,that we used to design and im- plement balancing and walking gaits for TAO-PIE-PIE, a small 30cm tall hu- manoid robot. TAO-PIE-PIE is a fully autonomous robot with all power, sensing, and processing done on-board. It is also a minimalistic design with only six de- grees of freedom. Nevertheless, its performance is comparable to that",
        "conf": "RoboCup",
        "email": null,
        "coauthors": [
            "jacky baltes"
        ],
        "keywords": "Autonomous Robot,Humanoid Robot,International Competitiveness,and Forward,Left Right,",
        "title_embedding": [],
        "abstract_embedding": []
    },
    {
        "id": 4173,
        "label": 797,
        "title": "Design of walking gaits for Tao-Pie-Pie, a small humanoid robot",
        "organization": null,
        "abstract": NaN,
        "conf": "Advanced Robotics",
        "email": null,
        "coauthors": [
            "jacky baltes"
        ],
        "keywords": "Humanoid Robot,",
        "title_embedding": [],
        "abstract_embedding": []
    }
]