[
    {
        "id": 4174,
        "label": 798,
        "title": "Integration of a manufacturing ontology with the design of reconfigurable machine tool using function-behavior-structure approach",
        "organization": null,
        "abstract": NaN,
        "conf": "International Conference on Digital Information Management",
        "email": null,
        "coauthors": [
            "aamer baqai",
            "ali siadat",
            "jean-yves dantan"
        ],
        "keywords": "Machine Tool,",
        "title_embedding": [],
        "abstract_embedding": []
    },
    {
        "id": 4175,
        "label": 798,
        "title": "Introduction to the Prototyping of an Intelligent Supervision System",
        "organization": null,
        "abstract": NaN,
        "conf": "IFIP TC5/WG5.3 Publications",
        "email": null,
        "coauthors": [
            "samuel bassetto",
            "ali siadat"
        ],
        "keywords": null,
        "title_embedding": [],
        "abstract_embedding": []
    },
    {
        "id": 4176,
        "label": 798,
        "title": "Tolerance synthesis: quantifier notion and virtual boundary",
        "organization": null,
        "abstract": NaN,
        "conf": "Computer-aided Design",
        "email": null,
        "coauthors": [
            "jean-yves dantan",
            "luc mathieu",
            "alex ballu"
        ],
        "keywords": null,
        "title_embedding": [],
        "abstract_embedding": []
    },
    {
        "id": 4177,
        "label": 798,
        "title": "An improved approach for automatic process plan generation of complex borings",
        "organization": null,
        "abstract": NaN,
        "conf": "Computers in Industry",
        "email": null,
        "coauthors": [
            "alain etienne",
            "jean-yves dantan",
            "ali siadat"
        ],
        "keywords": "Process Planning,",
        "title_embedding": [],
        "abstract_embedding": []
    }
]