[
    {
        "id": 4188,
        "label": 800,
        "title": "Designing and Managing Networks to Aid the Capture and Preservation of Evidence to support the Fight Against eCrime",
        "organization": null,
        "abstract": NaN,
        "conf": "International Conference on Networking, Sensing and Control",
        "email": null,
        "coauthors": [
            "william fone"
        ],
        "keywords": null,
        "title_embedding": [],
        "abstract_embedding": []
    }
]