[
    {
        "id": 4201,
        "label": 805,
        "title": "Symbolic Test Generation Using a Temporal Logic with Constrained Events",
        "organization": null,
        "abstract": NaN,
        "conf": "Birthday ...",
        "email": null,
        "coauthors": [
            "daguang liu",
            "huimin lin"
        ],
        "keywords": "Temporal Logic,Test Generation,",
        "title_embedding": [],
        "abstract_embedding": []
    },
    {
        "id": 4202,
        "label": 805,
        "title": "Iterative Metamorphic Testing",
        "organization": null,
        "abstract": NaN,
        "conf": "International Computer Software and Applications Conference",
        "email": null,
        "coauthors": [],
        "keywords": "Metamorphic Testing,",
        "title_embedding": [],
        "abstract_embedding": []
    },
    {
        "id": 4203,
        "label": 805,
        "title": "Compositional Modelling and Verification of IPv6 Mobility",
        "organization": null,
        "abstract": NaN,
        "conf": "Formal Techniques for Networked and Distributed Systems",
        "email": null,
        "coauthors": [
            "dongmei zhang"
        ],
        "keywords": null,
        "title_embedding": [],
        "abstract_embedding": []
    },
    {
        "id": 4204,
        "label": 805,
        "title": "Measuring Anonymity with Relative Entropy",
        "organization": null,
        "abstract": "Anonymity is the property of maintaining secret the iden- tity of users performing a certain action. Anonymity protocols often use random mechanisms which can be described probabilistically. In this pa- per, we propose a probabilistic process calculus to describe protocols for ensuring anonymity, and we use the notion of relative entropy from infor- mation theory to measure the degree of",
        "conf": "Workshop on Issues in the Theory of Security",
        "email": null,
        "coauthors": [
            "yuxin deng",
            "jun pang"
        ],
        "keywords": "Process Calculus,Relative Entropy,",
        "title_embedding": [],
        "abstract_embedding": []
    },
    {
        "id": 4205,
        "label": 806,
        "title": "Model checking the probabilistic pi-calculus",
        "organization": null,
        "abstract": "We present an implementation of model checking for the probabilistic -calculus, a process algebra which supports modelling of concurrency, mobility and discrete probabilis- tic behaviour. Formal verification techniques for this cal- culus have clear applications in several domains, includ- ing mobile ad-hoc network protocols and random security protocols. Despite this, no implementation of automated verification exists. Building upon the (non-probabilistic)",
        "conf": "Quantitative Evaluation of Systems",
        "email": null,
        "coauthors": [
            "gethin norman",
            "catuscia palamidessi",
            "david parker"
        ],
        "keywords": "Automated Verification,Case Study,Formal Verification,Large Classes,Mobile Ad Hoc Network,Model Checking,Probabilistic Model,Security Protocol,Markov Decision Process,Process Algebra,",
        "title_embedding": [],
        "abstract_embedding": []
    },
    {
        "id": 4206,
        "label": 805,
        "title": "Symbolic Bisimulations for Probabilistic Systems",
        "organization": null,
        "abstract": "The paper introduces symbolic bisimulations for a sim- ple probabilistic -calculus to overcome the infinite branch- ing problem that still exists in checking ground bisimula- tions between probabilistic systems. Especially the defini- tion of weak (symbolic) bisimulation does not rely on the random capability of adversaries and suggests a solution to the open problem on the axiomatization for weak bisimula-",
        "conf": "Quantitative Evaluation of Systems",
        "email": null,
        "coauthors": [
            "catuscia palamidessi",
            "huimin lin"
        ],
        "keywords": "Probabilistic System,Quantitative Evaluation,State Space,On The Fly,",
        "title_embedding": [],
        "abstract_embedding": []
    },
    {
        "id": 4207,
        "label": 805,
        "title": "Model-Based Testing of Concurrent Programs with Predicate Sequencing Constraints",
        "organization": null,
        "abstract": NaN,
        "conf": "International Conference on Quality Software",
        "email": null,
        "coauthors": [
            "huimin lin"
        ],
        "keywords": "Concurrent Programs,Model Based Testing,",
        "title_embedding": [],
        "abstract_embedding": []
    },
    {
        "id": 4208,
        "label": 806,
        "title": "Model Checking Optimisation Based Congestion Control Algorithms",
        "organization": null,
        "abstract": NaN,
        "conf": "Fundamenta Informaticae",
        "email": null,
        "coauthors": [
            "alessio lomuscio",
            "ben strulo",
            "nigel g. walker"
        ],
        "keywords": "Congestion Control,Model Checking,",
        "title_embedding": [],
        "abstract_embedding": []
    },
    {
        "id": 4209,
        "label": 806,
        "title": "Model-based Testing of Concurrent Programs with Predicate Sequencing Constraints",
        "organization": null,
        "abstract": NaN,
        "conf": "International Journal of Software Engineering and Knowledge Engineering",
        "email": null,
        "coauthors": [
            "huimin lin"
        ],
        "keywords": "Concurrent Programs,Model Based Testing,",
        "title_embedding": [],
        "abstract_embedding": []
    },
    {
        "id": 4210,
        "label": 805,
        "title": "Model Checking Probabilistic and Stochastic Extensions of the pi-Calculus",
        "organization": null,
        "abstract": "We present an implementation of model checking for probabilistic and stochastic extensions of the -calculus, a process algebra which supports modelling of concurrency and mobility. Formal verification techniques for such extensions have clear applications in several domains, including mobile ad-hoc network protocols, probabilistic security protocols and biological pathways. Despite this, no implementation of automated verifi- cation exists. Building upon the",
        "conf": "IEEE Transactions on Software Engineering",
        "email": null,
        "coauthors": [
            "gethin norman",
            "catuscia palamidessi",
            "david parker"
        ],
        "keywords": "Case Study,Formal Verification,Indexing Terms,Markov Process,Mobile Ad Hoc Network,Model Checking,Probabilistic Model,Security Protocol,Semantic Model,Stochastic Calculus,Stochastic Process,Process Algebra,Verification Model,",
        "title_embedding": [],
        "abstract_embedding": []
    }
]