[
    {
        "id": 4215,
        "label": 808,
        "title": "Reactive and Memory-Based Genetic Programming for Robot Control",
        "organization": null,
        "abstract": NaN,
        "conf": "European Conference on Genetic Programming",
        "email": null,
        "coauthors": [
            "bjorn andersson",
            "peter nordin",
            "mats g. nordahl"
        ],
        "keywords": "Genetic Program,Robot Control,",
        "title_embedding": [],
        "abstract_embedding": []
    },
    {
        "id": 4216,
        "label": 808,
        "title": "On-Line Evolution of Control for a Four-Legged Robot Using Genetic Programming",
        "organization": null,
        "abstract": NaN,
        "conf": "EvoWorkshops",
        "email": null,
        "coauthors": [
            "bjorn andersson",
            "mats g. nordahl",
            "peter nordin"
        ],
        "keywords": "Genetic Program,Legged Robot,",
        "title_embedding": [],
        "abstract_embedding": []
    }
]