[
    {
        "id": 4221,
        "label": 810,
        "title": "XML-Based Offline Website Generation",
        "organization": null,
        "abstract": NaN,
        "conf": "Australasian Document Computing Symposium - ADCS",
        "email": null,
        "coauthors": [
            "florence amardeilh"
        ],
        "keywords": null,
        "title_embedding": [],
        "abstract_embedding": []
    },
    {
        "id": 4222,
        "label": 810,
        "title": "A Survey of Formal Concept Analysis Support for Software Engineering Activities",
        "organization": null,
        "abstract": "Formal Concept Analysis (FCA) has typically been applied in the field of software engineering to support software maintenance and object-oriented class identification tasks. This paper presents a broader overview by describing and classifying academic papers that report the application of FCA to software engineering. The papers are classified using a framework based on the activities defined in the ISO12207 Software",
        "conf": "Formal Concept Analysis",
        "email": null,
        "coauthors": [
            "thomas tilley",
            "richard cole",
            "peter w. eklund"
        ],
        "keywords": "Formal Concept Analysis,Object Oriented,Software Engineering,Software Maintenance,Agile Methods,Formal Specification,Programming Language,",
        "title_embedding": [],
        "abstract_embedding": []
    },
    {
        "id": 4223,
        "label": 810,
        "title": "Numerical Analysis in Conceptual Systems with ToscanaJ",
        "organization": null,
        "abstract": NaN,
        "conf": "International Conference on Formal Concept Analysis",
        "email": null,
        "coauthors": [],
        "keywords": "Numerical Analysis,",
        "title_embedding": [],
        "abstract_embedding": []
    },
    {
        "id": 4224,
        "label": 810,
        "title": "Using Intermediate Representation Systems to Interact with Concept Lattices",
        "organization": null,
        "abstract": NaN,
        "conf": "International Conference on Formal Concept Analysis",
        "email": null,
        "coauthors": [],
        "keywords": "Concept Lattice,Intermediate Representation,",
        "title_embedding": [],
        "abstract_embedding": []
    },
    {
        "id": 4225,
        "label": 810,
        "title": "Agreement Contexts in Formal Concept Analysis",
        "organization": null,
        "abstract": NaN,
        "conf": "International Conference on Formal Concept Analysis",
        "email": null,
        "coauthors": [
            "richard j. cole ii"
        ],
        "keywords": "Formal Concept Analysis,",
        "title_embedding": [],
        "abstract_embedding": []
    },
    {
        "id": 4226,
        "label": 810,
        "title": "Navigation Spaces for the Conceptual Analysis of Software Structure",
        "organization": null,
        "abstract": "Information technology of today is often concerned with information that is not only large in quantity but also complex in structure. Understanding this structure is important in many domains - many quantitative approaches such as data mining have been proposed to address this issue. This paper presents a conceptual approach based on Formal Concept Analysis. Using software source code as",
        "conf": "International Conference on Formal Concept Analysis",
        "email": null,
        "coauthors": [
            "richard cole"
        ],
        "keywords": "Complex Structure,Conceptual Analysis,Data Mining,Formal Concept Analysis,Information Technology,Software Structure,Source Code,Information Operations,",
        "title_embedding": [],
        "abstract_embedding": []
    }
]