[
    {
        "id": 4239,
        "label": 814,
        "title": "Distributed Aspects of Integrated Systems",
        "organization": null,
        "abstract": NaN,
        "conf": "IPSEN",
        "email": null,
        "coauthors": [
            "roland baumann",
            "katja cremer",
            "ansgar radermacher"
        ],
        "keywords": "Integrable System,",
        "title_embedding": [],
        "abstract_embedding": []
    },
    {
        "id": 4240,
        "label": 814,
        "title": "Specific Application Environments",
        "organization": null,
        "abstract": NaN,
        "conf": "IPSEN",
        "email": null,
        "coauthors": [
            "anita behle",
            "a. deparade",
            "manfred nagl"
        ],
        "keywords": null,
        "title_embedding": [],
        "abstract_embedding": []
    },
    {
        "id": 4241,
        "label": 814,
        "title": "The Framework Revisited: A More Detailed View on the IPSEN Architecture",
        "organization": null,
        "abstract": NaN,
        "conf": "IPSEN",
        "email": null,
        "coauthors": [],
        "keywords": null,
        "title_embedding": [],
        "abstract_embedding": []
    },
    {
        "id": 4242,
        "label": 814,
        "title": "Reuse in the Central Part: The Structure of Logical and Representation Documents, Parser, and Unparser",
        "organization": null,
        "abstract": NaN,
        "conf": "IPSEN",
        "email": null,
        "coauthors": [],
        "keywords": null,
        "title_embedding": [],
        "abstract_embedding": []
    },
    {
        "id": 4243,
        "label": 814,
        "title": "Generating Single Document Processing Tools",
        "organization": null,
        "abstract": NaN,
        "conf": "IPSEN",
        "email": null,
        "coauthors": [
            "andy schurr",
            "albert zundorf"
        ],
        "keywords": "Document Processing,",
        "title_embedding": [],
        "abstract_embedding": []
    },
    {
        "id": 4244,
        "label": 814,
        "title": "Constructing SDEs with the IPSEN meta environment",
        "organization": null,
        "abstract": "We describe a high-level approach to the construction of software development environments (SDEs) featuring a new degree of automation. It combines a variety of reuse approaches into one powerful machinery. Based on suit - able specification formalisms (context-free grammars as well as graph rewriting systems), generator tools, and a framework implementation, the IPSEN meta environment allows the construction of software",
        "conf": "Software Engineering Environments",
        "email": null,
        "coauthors": [
            "andy schurr"
        ],
        "keywords": "Graph Rewriting,Software Development Environment,Context Free Grammar,",
        "title_embedding": [],
        "abstract_embedding": []
    }
]