[
    {
        "id": 4260,
        "label": 819,
        "title": "Parsimonious Kernel Fisher Discrimination",
        "organization": null,
        "abstract": "By applying recent results in optimization transfer, a new al- gorithm for kernel Fisher Discriminant Analysis is provided that makes use of a non-smooth penalty on the coecients to provide a parsimo- nious solution. The algorithm is simple, easily programmed and is shown to perform as well as or better than a number of leading machine learning algorithms on a",
        "conf": "Iberian Conference on Pattern Recognition and Image Analysis",
        "email": null,
        "coauthors": [
            "kitsuchart pasupa",
            "robert f. harrison"
        ],
        "keywords": "Machine Learning,Small Sample Size,Virtual Screening,Kernel Fisher Discriminant Analysis,Kernel Fisher Discriminant,",
        "title_embedding": [],
        "abstract_embedding": []
    },
    {
        "id": 4261,
        "label": 819,
        "title": "Searching Databases of Two-Dimensional and Three-Dimensional Chemical Structures Using Genetic Algorithms",
        "organization": null,
        "abstract": NaN,
        "conf": "International Conference on Genetic Algorithms",
        "email": null,
        "coauthors": [
            "gareth jones",
            "robert d. brown",
            "david e. clark",
            "robert c. glen"
        ],
        "keywords": "Chemical Structure,Genetic Algorithm,Three Dimensional,",
        "title_embedding": [],
        "abstract_embedding": []
    },
    {
        "id": 4262,
        "label": 819,
        "title": "Enhancing the Effectiveness of Fingerprint-Based Virtual Screening: Use of Turbo Similarity Searching and of Fragment Frequencies of Occurrence",
        "organization": null,
        "abstract": NaN,
        "conf": "Pattern Recognition in Bioinformatics",
        "email": null,
        "coauthors": [
            "shereena m. arif",
            "jerome hert",
            "john d. holliday",
            "nurul malim"
        ],
        "keywords": "Frequency of Occurrence,Similarity Search,Virtual Screening,",
        "title_embedding": [],
        "abstract_embedding": []
    },
    {
        "id": 4263,
        "label": 819,
        "title": "Computational analysis of molecular diversity for drug discovery",
        "organization": null,
        "abstract": NaN,
        "conf": "Research in Computational Molecular Biology",
        "email": null,
        "coauthors": [
            "martin j. bayley",
            "valerie j. gillet",
            "john bradshaw",
            "darren v. s. green"
        ],
        "keywords": "Computer Analysis,Drug Discovery,Molecular Diversity,",
        "title_embedding": [],
        "abstract_embedding": []
    },
    {
        "id": 4264,
        "label": 819,
        "title": "Parallel Text Searching in Serial Files Using a Processor Farm",
        "organization": null,
        "abstract": "This paper discusses the implementation of a parallel text retrieval sys- tem using a microprocessor network. The system is designed to allow fast searching in document databases organised using the serial file structure, with a very rapid initial text signature search being followed by a more detailed, but more time- consuming, pattern matching search. The network is built from transputers,",
        "conf": "Research and Development in Information Retrieval",
        "email": null,
        "coauthors": [
            "janey k. cringean",
            "roger england",
            "gordon a. manson"
        ],
        "keywords": "Design and Implementation,Document Database,High Performance,Parallel Computer,Pattern Matching,Text Retrieval,",
        "title_embedding": [],
        "abstract_embedding": []
    },
    {
        "id": 4265,
        "label": 819,
        "title": "Hierarchic Document Clustering Using Ward's Method",
        "organization": null,
        "abstract": NaN,
        "conf": "Research and Development in Information Retrieval",
        "email": null,
        "coauthors": [
            "abdelmoula el-hamdouchi"
        ],
        "keywords": "Document Clustering,",
        "title_embedding": [],
        "abstract_embedding": []
    },
    {
        "id": 4266,
        "label": 819,
        "title": "On the measurement of inter-linker consistency and retrieval effectiveness in hypertext databases",
        "organization": null,
        "abstract": "An important stage in the process of retrieval of objects from a hypertext database is the creation of a set of inter-nodal links that are intended to represent the relationships existing between objects; this operation is often undertaken manually, just as index terms are often manually assigned to documents in a conventional retrieval system. In this paper, a study is",
        "conf": NaN,
        "email": null,
        "coauthors": [
            "david ellis",
            "jonathan furner-hines"
        ],
        "keywords": "Difference Set,Indexation,Indexing Terms,",
        "title_embedding": [],
        "abstract_embedding": []
    },
    {
        "id": 4267,
        "label": 819,
        "title": "Non-hierarchical document clustering using the ICL distribution array processor",
        "organization": null,
        "abstract": "This paper considers the suitability and efficiency of a highly parallel computer, the ICL Distributed Array Processor (DAP), for document clustering. Algorithms are described for the implementation of the single-pass and reallocation clustering methods on the DAP and on a conventional mainframe computer. These methods are used to classify the Cranfield, Vaswani and UKCIS document test collections. The results suggest",
        "conf": "Research and Development in Information Retrieval",
        "email": null,
        "coauthors": [
            "edie m. rasmussen"
        ],
        "keywords": "Clustering Method,Document Clustering,Parallel Architecture,Parallel Computer,Test Collection,",
        "title_embedding": [],
        "abstract_embedding": []
    },
    {
        "id": 4268,
        "label": 819,
        "title": "Searching for historical word-forms in a database of 17th-century English text using spelling-correction methods",
        "organization": null,
        "abstract": "This paper discusses the application of algorithmic spelling-correction techniques to the identification of those words in a database of 17th century English text that are most similar to a query word in modern English. The experiments have used n-gram matching, non-phonetic coding and dynamic programming methods for spelling correction, and have demonstrated that high-recall searches can be carried out, although",
        "conf": "Research and Development in Information Retrieval",
        "email": null,
        "coauthors": [
            "alexander m. robertson"
        ],
        "keywords": "Dynamic Program,",
        "title_embedding": [],
        "abstract_embedding": []
    },
    {
        "id": 4269,
        "label": 819,
        "title": "Chemoinformatics: an application domain for information retrieval techniques",
        "organization": null,
        "abstract": "Chemoinformatics is the generic name for the techniques used to represent, store and process information about the two-dimensional (2D) and three-dimensional (3D) structures of chemical molecules [1, 2]. Chemoinformatics has attracted much recent prominence as a result of developments in the methods that are used to synthesize new molecules and then to test them for biological activity. These developments have",
        "conf": "Research and Development in Information Retrieval",
        "email": null,
        "coauthors": [],
        "keywords": "3d structure,Biological Activity,Cost Effectiveness,Database Search,Document Clustering,Graph Representation,Information Retrieval,Molecular Structure,Relevance Feedback,Similarity Search,Software Systems,Three Dimensional,Virtual Screening,Data Fusion,",
        "title_embedding": [],
        "abstract_embedding": []
    },
    {
        "id": 4270,
        "label": 819,
        "title": "Protein Structures and Information Extraction from Biological Texts: The PASTA System",
        "organization": null,
        "abstract": "ABSTRACT Motivation: The rapid,increase,in volume,of,protein structure,literature means,useful,information,may,be hidden,or lost in the published literature and,the process,of finding relevant material, sometimes the rate-determining factor in new research, may be arduous and slow. Results: We describe,the Protein Active Site Template Acquisition (PASTA) system, which addresses these problems,by performing,automatic,extraction of informa- tion relating to the roles of specific amino,acid residues in protein molecules,from,online,scientific articles",
        "conf": "Bioinformatics/computer Applications in The Biosciences",
        "email": null,
        "coauthors": [
            "robert j. gaizauskas",
            "george demetriou",
            "peter j. artymiuk"
        ],
        "keywords": "Active Site,Information Extraction,Protein Structure,System Development,Amino Acid,Front End,",
        "title_embedding": [],
        "abstract_embedding": []
    },
    {
        "id": 4271,
        "label": 819,
        "title": "Compression of nucleic acid and protein sequence data",
        "organization": null,
        "abstract": NaN,
        "conf": "Bioinformatics/computer Applications in The Biosciences",
        "email": null,
        "coauthors": [
            "j. richard walker"
        ],
        "keywords": "Protein Sequence,Nucleic Acid,",
        "title_embedding": [],
        "abstract_embedding": []
    },
    {
        "id": 4272,
        "label": 819,
        "title": "Comparison of Hierarchie Agglomerative Clustering Methods for Document Retrieval",
        "organization": null,
        "abstract": NaN,
        "conf": "The Computer Journal",
        "email": null,
        "coauthors": [
            "abdelmoula el-hamdouchi"
        ],
        "keywords": "Clustering Method,Document Retrieval,",
        "title_embedding": [],
        "abstract_embedding": []
    },
    {
        "id": 4273,
        "label": 819,
        "title": "Similarity and Dissimilarity Methods for Processing Chemical Structure Databases",
        "organization": null,
        "abstract": NaN,
        "conf": "The Computer Journal",
        "email": null,
        "coauthors": [
            "valerie j. gillet",
            "david j. wild",
            "john bradshaw"
        ],
        "keywords": "Chemical Structure,",
        "title_embedding": [],
        "abstract_embedding": []
    },
    {
        "id": 4274,
        "label": 819,
        "title": "RASCAL: Calculation of Graph Similarity using Maximum Common Edge Subgraphs",
        "organization": null,
        "abstract": "A new graph similarity calculation procedure is introduced for comparing labeled graphs. Given a minimum similarity threshold, the procedure consists of an initial screening process to determine whether it is possible for the measure of similarity between the two graphs to exceed the minimum threshold, followed by a rigorous maximum common edge subgraph (MCES) detection algorithm to compute the exact",
        "conf": "The Computer Journal",
        "email": null,
        "coauthors": [
            "john w. raymond",
            "eleanor j. gardiner"
        ],
        "keywords": "Detection Algorithm,Lower and Upper Bound,Maximum Clique,",
        "title_embedding": [],
        "abstract_embedding": []
    },
    {
        "id": 4275,
        "label": 819,
        "title": "Inter-linker consistency in the manual construction of hypertext documents",
        "organization": null,
        "abstract": " ing with credit is permitted. To copy otherwise, to republish, to post onservers, to redistribute to lists, or to use any component of this work in other works, requires priorspeci#c permission and#or a fee. Permissions may be requested from Publications Dept, ACMInc., 1515 Broadway, New York, NY 10036 USA, fax +1 #212# 869-0481, or permissions@acm.org.2#J. Furner, D. Ellis, and P.",
        "conf": "ACM Computing Surveys",
        "email": null,
        "coauthors": [
            "jonathan furner",
            "david ellis"
        ],
        "keywords": "Graph Theory,Indexation,Topological Indices,",
        "title_embedding": [],
        "abstract_embedding": []
    },
    {
        "id": 4276,
        "label": 820,
        "title": "Paragraph-based Searching in Full-Text Documents",
        "organization": null,
        "abstract": NaN,
        "conf": "Electronic Publishing - Origination, Dissemination and Design",
        "email": null,
        "coauthors": [
            "suliman al-hawamdeh"
        ],
        "keywords": null,
        "title_embedding": [],
        "abstract_embedding": []
    },
    {
        "id": 4277,
        "label": 819,
        "title": "Nearest-neighbour Searching in Files of Text Signatures Using Transputer Networks",
        "organization": null,
        "abstract": "SUMMARY This paper discusses the implementation of nearest-neighbour document retrieval in serial files using transputer networks. The system uses a two-stage retrieval algorithm in which an initial text-signature search is used to exclude large numbers of documents from the detailed and time-consuming pattern-matching search. The latter is implemented using a processor farm, so that documents which match at the signature",
        "conf": "Electronic Publishing - Origination, Dissemination and Design",
        "email": null,
        "coauthors": [
            "janey k. cringean",
            "roger england",
            "gordon a. manson"
        ],
        "keywords": "Document Retrieval,Information Retrieval,Nearest Neighbour Search,Parallel Processing,Pattern Matching,Nearest Neighbour,",
        "title_embedding": [],
        "abstract_embedding": []
    },
    {
        "id": 4278,
        "label": 819,
        "title": "Criteria for the Selection of Search Strategies in Best-Match Document-Retrieval Systems",
        "organization": null,
        "abstract": NaN,
        "conf": "International Journal of Human-computer Studies / International Journal of Man-machine Studies",
        "email": null,
        "coauthors": [
            "fiona m. mccall"
        ],
        "keywords": "Document Retrieval,Search Strategy,",
        "title_embedding": [],
        "abstract_embedding": []
    },
    {
        "id": 4279,
        "label": 819,
        "title": "Automatic Spelling Correction Using a Trigram Similarity Measure",
        "organization": null,
        "abstract": NaN,
        "conf": "Information Processing and Management",
        "email": null,
        "coauthors": [
            "richard c. angell",
            "george e. freund"
        ],
        "keywords": "Similarity Measure,",
        "title_embedding": [],
        "abstract_embedding": []
    },
    {
        "id": 4280,
        "label": 819,
        "title": "Network design for the implementation of text searching using a multicomputer",
        "organization": null,
        "abstract": NaN,
        "conf": "Information Processing and Management",
        "email": null,
        "coauthors": [
            "janey k. cringean",
            "roger england",
            "gordon a. manson"
        ],
        "keywords": "Network Design,",
        "title_embedding": [],
        "abstract_embedding": []
    },
    {
        "id": 4281,
        "label": 819,
        "title": "Retrieving documents by plausible inference: An experimental study",
        "organization": null,
        "abstract": NaN,
        "conf": "Information Processing and Management",
        "email": null,
        "coauthors": [
            "w. bruce croft",
            "t. j. lucia",
            "janey k. cringean"
        ],
        "keywords": "Experimental Study,",
        "title_embedding": [],
        "abstract_embedding": []
    },
    {
        "id": 4282,
        "label": 819,
        "title": "An improved algorithm for the calculation of exact term discrimination values",
        "organization": null,
        "abstract": NaN,
        "conf": "Information Processing and Management",
        "email": null,
        "coauthors": [
            "abdelmoula el-hamdouchi"
        ],
        "keywords": null,
        "title_embedding": [],
        "abstract_embedding": []
    },
    {
        "id": 4283,
        "label": 819,
        "title": "Document Retrieval Using a Serial Bit String Search",
        "organization": null,
        "abstract": NaN,
        "conf": "Information Processing and Management",
        "email": null,
        "coauthors": [
            "a. f. harding",
            "michael f. lynch"
        ],
        "keywords": "Document Retrieval,",
        "title_embedding": [],
        "abstract_embedding": []
    },
    {
        "id": 4284,
        "label": 819,
        "title": "Current research into chemical and textual information retrieval at the department of information studies, University of Sheffield",
        "organization": null,
        "abstract": NaN,
        "conf": "Information Processing and Management",
        "email": null,
        "coauthors": [
            "michael f. lynch"
        ],
        "keywords": "Information Retrieval,",
        "title_embedding": [],
        "abstract_embedding": []
    },
    {
        "id": 4285,
        "label": 819,
        "title": "On the NonRandom Nature of the Nearest-Neighbour Document Clusters",
        "organization": null,
        "abstract": NaN,
        "conf": "Information Processing and Management",
        "email": null,
        "coauthors": [
            "rachel j. shaw"
        ],
        "keywords": "Document Clustering,Nearest Neighbour,",
        "title_embedding": [],
        "abstract_embedding": []
    },
    {
        "id": 4286,
        "label": 819,
        "title": "A fast procedure for the calculation of similarity coefficients in automatic classification",
        "organization": null,
        "abstract": NaN,
        "conf": "Information Processing and Management",
        "email": null,
        "coauthors": [],
        "keywords": "Automatic Classification,",
        "title_embedding": [],
        "abstract_embedding": []
    },
    {
        "id": 4287,
        "label": 819,
        "title": "An algorithm for the calculation of exact term discrimination values",
        "organization": null,
        "abstract": NaN,
        "conf": "Information Processing and Management",
        "email": null,
        "coauthors": [],
        "keywords": null,
        "title_embedding": [],
        "abstract_embedding": []
    },
    {
        "id": 4288,
        "label": 819,
        "title": "Recent trends in hierarchic document clustering: A critical review",
        "organization": null,
        "abstract": NaN,
        "conf": "Information Processing and Management",
        "email": null,
        "coauthors": [],
        "keywords": "Document Clustering,",
        "title_embedding": [],
        "abstract_embedding": []
    },
    {
        "id": 4289,
        "label": 819,
        "title": "Stemming and N-gram matching for term conflation in Turkish texts",
        "organization": null,
        "abstract": NaN,
        "conf": "Information Research",
        "email": null,
        "coauthors": [
            "f. cuna ekmekcioglu",
            "michael f. lynch"
        ],
        "keywords": null,
        "title_embedding": [],
        "abstract_embedding": []
    },
    {
        "id": 4290,
        "label": 819,
        "title": "Processing morphological variants in searches of Latin text",
        "organization": null,
        "abstract": NaN,
        "conf": "Information Research",
        "email": null,
        "coauthors": [
            "m. greengrass",
            "alexander m. robertson",
            "reinhard schinke"
        ],
        "keywords": null,
        "title_embedding": [],
        "abstract_embedding": []
    },
    {
        "id": 4291,
        "label": 819,
        "title": "Non-hierarchic document clustering using a genetic algorithm",
        "organization": null,
        "abstract": NaN,
        "conf": "Information Research",
        "email": null,
        "coauthors": [
            "gareth jones",
            "alexander m. robertson",
            "c. santimetvirul"
        ],
        "keywords": "Document Clustering,Genetic Algorithm,",
        "title_embedding": [],
        "abstract_embedding": []
    },
    {
        "id": 4292,
        "label": 819,
        "title": "Word Variant Identification in Old French",
        "organization": null,
        "abstract": NaN,
        "conf": "Information Research",
        "email": null,
        "coauthors": [
            "alan j. o'rourke",
            "alexander m. robertson",
            "penny eley",
            "penny simons"
        ],
        "keywords": null,
        "title_embedding": [],
        "abstract_embedding": []
    },
    {
        "id": 4293,
        "label": 819,
        "title": "Textual and chemical information processing: different domains but similar algorithms",
        "organization": null,
        "abstract": NaN,
        "conf": "Information Research",
        "email": null,
        "coauthors": [],
        "keywords": "Information Processing,",
        "title_embedding": [],
        "abstract_embedding": []
    },
    {
        "id": 4294,
        "label": 819,
        "title": "Molecular diversity techniques for chemical databases",
        "organization": null,
        "abstract": NaN,
        "conf": "Information Research",
        "email": null,
        "coauthors": [],
        "keywords": "Molecular Diversity,",
        "title_embedding": [],
        "abstract_embedding": []
    },
    {
        "id": 4295,
        "label": 819,
        "title": "Graph theoretic methods for the analysis of structural relationships in biological macromolecules",
        "organization": null,
        "abstract": "Subgraph isomorphism and maximum common subgraph isomorphism algorithms from graph theory provide an effective and an efficient way of identifying structural relationships between biological macromolecules. They thus provide a natural complement to the pattern matching algorithms that are used in bioinformatics to identify sequence relationships. Examples are provided of the use of graph theory to analyse proteins for which three-dimensional",
        "conf": "Journal of The American Society for Information Science and Technology",
        "email": null,
        "coauthors": [
            "peter j. artymiuk",
            "ruth v. spriggs"
        ],
        "keywords": "Database Search,Detection Algorithm,Graph Theory,Nmr Structure,Pattern Matching,Protein Structure,Structural Complexity,Three Dimensional,Amino Acid,Nucleic Acid,Protein Data Bank,",
        "title_embedding": [],
        "abstract_embedding": []
    },
    {
        "id": 4296,
        "label": 819,
        "title": "On the Creation of Hypertext Links in Full-Text Documents: Measurement of Retrieval Effectiveness",
        "organization": null,
        "abstract": NaN,
        "conf": "Journal of The American Society for Information Science and Technology",
        "email": null,
        "coauthors": [
            "david ellis",
            "jonathan furner"
        ],
        "keywords": null,
        "title_embedding": [],
        "abstract_embedding": []
    },
    {
        "id": 4297,
        "label": 819,
        "title": "The limitations of term co-occurrence data for query expansion in document retrieval systems",
        "organization": null,
        "abstract": "Term cooccurrence data has been extensively used in document retrieval systems for the identification of indexing terms that are similar to those that have been specified in a user query: these similar terms can then be used to augment the original query statement. Despite the plausibility of this approach to query expan- sion, the retrieval effectiveness of the expanded que-",
        "conf": "Journal of The American Society for Information Science and Technology",
        "email": null,
        "coauthors": [
            "helen j. peat"
        ],
        "keywords": "Document Retrieval,Indexing Terms,Query Expansion,",
        "title_embedding": [],
        "abstract_embedding": []
    },
    {
        "id": 4298,
        "label": 819,
        "title": "The Effectiveness of Stemming for Natural-Language Access to Slovene Textual Data",
        "organization": null,
        "abstract": NaN,
        "conf": "Journal of The American Society for Information Science and Technology",
        "email": null,
        "coauthors": [
            "mirko popovic"
        ],
        "keywords": "Natural Language,",
        "title_embedding": [],
        "abstract_embedding": []
    },
    {
        "id": 4299,
        "label": 819,
        "title": "Analysis and use of fragment-occurrence data in similarity-based virtual screening",
        "organization": null,
        "abstract": NaN,
        "conf": "Journal of Computer-aided Molecular Design",
        "email": null,
        "coauthors": [
            "shereena m. arif",
            "john d. holliday"
        ],
        "keywords": "Virtual Screening,",
        "title_embedding": [],
        "abstract_embedding": []
    },
    {
        "id": 4300,
        "label": 819,
        "title": "Representation, searching and discovery of patterns of bases in complex RNA structures",
        "organization": null,
        "abstract": NaN,
        "conf": "Journal of Computer-aided Molecular Design",
        "email": null,
        "coauthors": [
            "anne-marie harrison",
            "darren r. south",
            "peter j. artymiuk"
        ],
        "keywords": "Graph Theory,Rna Structure,Structure Comparison,",
        "title_embedding": [],
        "abstract_embedding": []
    },
    {
        "id": 4301,
        "label": 819,
        "title": "A genetic algorithm for flexible molecular overlay and pharmacophore elucidation",
        "organization": null,
        "abstract": NaN,
        "conf": "Journal of Computer-aided Molecular Design",
        "email": null,
        "coauthors": [
            "gareth jones",
            "robert c. glen"
        ],
        "keywords": null,
        "title_embedding": [],
        "abstract_embedding": []
    },
    {
        "id": 4302,
        "label": 819,
        "title": "Comparison of protein surfaces using a genetic algorithm",
        "organization": null,
        "abstract": NaN,
        "conf": "Journal of Computer-aided Molecular Design",
        "email": null,
        "coauthors": [
            "andrew r. poirrette",
            "peter j. artymiuk",
            "david w. rice"
        ],
        "keywords": "Genetic Algorithm,",
        "title_embedding": [],
        "abstract_embedding": []
    },
    {
        "id": 4303,
        "label": 819,
        "title": "Comparison of protein surfaces using a genetic algorithm",
        "organization": null,
        "abstract": NaN,
        "conf": "Journal of Computer-aided Molecular Design",
        "email": null,
        "coauthors": [
            "andrew r. poirrette",
            "peter j. artymiuk",
            "david w. rice"
        ],
        "keywords": "Genetic Algorithm,",
        "title_embedding": [],
        "abstract_embedding": []
    },
    {
        "id": 4304,
        "label": 819,
        "title": "Effectiveness of graph-based and fingerprint-based similarity measures for virtual screening of 2D chemical structure databases",
        "organization": null,
        "abstract": "This paper reports an evaluation of both graph-based and fingerprint-based measures of structural similarity, when used for virtual screening of sets of 2D molecules drawn from the MDDR and ID Alert databases. The graph-based measures employ a new maximum common edge subgraph isomorphism algorithm, called RASCAL, with several similarity coefficients described previously for quantifying the similarity between pairs of graphs.",
        "conf": "Journal of Computer-aided Molecular Design",
        "email": null,
        "coauthors": [
            "john w. raymond"
        ],
        "keywords": "Chemical Structure,Graph Matching,Similarity Measure,Similarity Search,Structural Similarity,Virtual Screening,",
        "title_embedding": [],
        "abstract_embedding": []
    },
    {
        "id": 4305,
        "label": 819,
        "title": "Maximum common subgraph isomorphism algorithms for the matching of chemical structures",
        "organization": null,
        "abstract": "The maximum common subgraph (MCS) problem has become increasingly important in those aspects of chemoinformatics that involve the matching of 2D or 3D chemical structures. This paper provides a classification and a review of the many MCS algorithms, both exact and approximate, that have been described in the literature, and makes recommendations regarding their applicability to typical chemoinformatics tasks.",
        "conf": "Journal of Computer-aided Molecular Design",
        "email": null,
        "coauthors": [
            "john w. raymond"
        ],
        "keywords": "Chemical Structure,Graph Matching,",
        "title_embedding": [],
        "abstract_embedding": []
    },
    {
        "id": 4306,
        "label": 819,
        "title": "Similarity searching in files of three-dimensional chemical structures: Representation and searching of molecular electrostatic potentials using field-graphs",
        "organization": null,
        "abstract": NaN,
        "conf": "Journal of Computer-aided Molecular Design",
        "email": null,
        "coauthors": [
            "david a. thorner",
            "p. matthew wright",
            "robin taylor"
        ],
        "keywords": "Chemical Structure,Electrostatic Potential,Similarity Search,Three Dimensional,",
        "title_embedding": [],
        "abstract_embedding": []
    },
    {
        "id": 4307,
        "label": 819,
        "title": "Evaluation of the EVA descriptor for QSAR studies: 3. The use of a genetic algorithm to search for models with enhanced predictive properties (EVA_GA)",
        "organization": null,
        "abstract": NaN,
        "conf": "Journal of Computer-aided Molecular Design",
        "email": null,
        "coauthors": [
            "david b. turner"
        ],
        "keywords": "Genetic Algorithm,",
        "title_embedding": [],
        "abstract_embedding": []
    },
    {
        "id": 4308,
        "label": 819,
        "title": "Evaluation of a novel infrared range vibration-based descriptor (EVA) for QSAR studies. 1. General application",
        "organization": null,
        "abstract": NaN,
        "conf": "Journal of Computer-aided Molecular Design",
        "email": null,
        "coauthors": [
            "david b. turner",
            "allan m. ferguson"
        ],
        "keywords": "Infrared,",
        "title_embedding": [],
        "abstract_embedding": []
    },
    {
        "id": 4309,
        "label": 819,
        "title": "Evaluation of a novel molecular vibration-based descriptor (EVA) for QSAR studies: 2. Model validation using a benchmark steroid dataset",
        "organization": null,
        "abstract": NaN,
        "conf": "Journal of Computer-aided Molecular Design",
        "email": null,
        "coauthors": [
            "david b. turner",
            "allan m. ferguson"
        ],
        "keywords": "Model Validation,",
        "title_embedding": [],
        "abstract_embedding": []
    },
    {
        "id": 4310,
        "label": 819,
        "title": "Calculating the knowledge-based similarity of functional groups using crystallographic data",
        "organization": null,
        "abstract": NaN,
        "conf": "Journal of Computer-aided Molecular Design",
        "email": null,
        "coauthors": [
            "paul watson ii",
            "valerie j. gillet",
            "marcel l. verdonk"
        ],
        "keywords": "Functional Group,Knowledge Base,",
        "title_embedding": [],
        "abstract_embedding": []
    },
    {
        "id": 4311,
        "label": 819,
        "title": "Dissimilarity-Based Algorithms for Selecting Structurally Diverse Sets of Compounds",
        "organization": null,
        "abstract": NaN,
        "conf": "Journal of Computational Biology",
        "email": null,
        "coauthors": [],
        "keywords": null,
        "title_embedding": [],
        "abstract_embedding": []
    },
    {
        "id": 4312,
        "label": 819,
        "title": "Structure and singly occupied molecular orbital analysis of anionic tautomers of guanine",
        "organization": null,
        "abstract": NaN,
        "conf": "Journal of Computational Chemistry",
        "email": null,
        "coauthors": [
            "maciej haranczyk",
            "john d. holliday",
            "maciej gutowski"
        ],
        "keywords": "Molecular Orbital,",
        "title_embedding": [],
        "abstract_embedding": []
    },
    {
        "id": 4313,
        "label": 819,
        "title": "Angular Spectroscopy: Rapid Visualization of Three-Dimensional Substructure Dissimilarity Using Valence Angle or Torsional Descriptors",
        "organization": null,
        "abstract": NaN,
        "conf": "Journal of Chemical Information and Computer Sciences",
        "email": null,
        "coauthors": [
            "frank h. allen",
            "peter a. bath"
        ],
        "keywords": "Three Dimensional,",
        "title_embedding": [],
        "abstract_embedding": []
    },
    {
        "id": 4314,
        "label": 819,
        "title": "Similarity searching in databases of three-dimensional molecules and macromolecules",
        "organization": null,
        "abstract": NaN,
        "conf": "Journal of Chemical Information and Computer Sciences",
        "email": null,
        "coauthors": [
            "peter j. artymiuk",
            "peter a. bath",
            "helen m. grindley",
            "catherine a. pepperrell",
            "andrew r. poirrette",
            "david w. rice",
            "david a. thorner",
            "david j. wild"
        ],
        "keywords": "Similarity Search,Three Dimensional,",
        "title_embedding": [],
        "abstract_embedding": []
    },
    {
        "id": 4315,
        "label": 819,
        "title": "Identification of .beta.sheet motifs, of .psi.-loops, and of patterns of amino acid residues in three-dimensional protein structures using a subgraph-isomorphism algorithm",
        "organization": null,
        "abstract": NaN,
        "conf": "Journal of Chemical Information and Computer Sciences",
        "email": null,
        "coauthors": [
            "peter j. artymiuk",
            "helen m. grindley",
            "andrew r. poirrette",
            "david w. rice",
            "elizabeth c. ujah"
        ],
        "keywords": "Protein Structure,Three Dimensional,Amino Acid,",
        "title_embedding": [],
        "abstract_embedding": []
    },
    {
        "id": 4316,
        "label": 819,
        "title": "Scaffold Hopping Using Clique Detection Applied to Reduced Graphs",
        "organization": null,
        "abstract": NaN,
        "conf": "Journal of Chemical Information and Computer Sciences",
        "email": null,
        "coauthors": [
            "edward j. barker",
            "david buttar",
            "david a. cosgrove",
            "eleanor j. gardiner",
            "paula kitts",
            "valerie j. gillet"
        ],
        "keywords": null,
        "title_embedding": [],
        "abstract_embedding": []
    },
    {
        "id": 4317,
        "label": 819,
        "title": "Method for generating a chemical reaction index for storage and retrieval of information. Comments",
        "organization": null,
        "abstract": NaN,
        "conf": "Journal of Chemical Information and Computer Sciences",
        "email": null,
        "coauthors": [
            "john m. barnard"
        ],
        "keywords": "Chemical Reaction,Indexation,",
        "title_embedding": [],
        "abstract_embedding": []
    },
    {
        "id": 4318,
        "label": 819,
        "title": "Similarity searching in files of three-dimensional chemical structures: Comparison of fragment-based measures of shape similarity",
        "organization": null,
        "abstract": NaN,
        "conf": "Journal of Chemical Information and Computer Sciences",
        "email": null,
        "coauthors": [
            "peter a. bath",
            "andrew r. poirrette",
            "frank h. allen"
        ],
        "keywords": "Chemical Structure,Shape Similarity,Similarity Search,Three Dimensional,",
        "title_embedding": [],
        "abstract_embedding": []
    },
    {
        "id": 4319,
        "label": 819,
        "title": "The Extent of the Relationship between the Graph-Theoretical and the Geometrical Shape Coefficients of Chemical Compounds",
        "organization": null,
        "abstract": NaN,
        "conf": "Journal of Chemical Information and Computer Sciences",
        "email": null,
        "coauthors": [
            "peter a. bath",
            "andrew r. poirrette",
            "frank h. allen"
        ],
        "keywords": null,
        "title_embedding": [],
        "abstract_embedding": []
    },
    {
        "id": 4320,
        "label": 819,
        "title": "Response to Comment on \"The Extent of the Relationship between the Graph-Theoretical and the Geometrical Shape Coefficients of Chemical Compounds",
        "organization": null,
        "abstract": NaN,
        "conf": "Journal of Chemical Information and Computer Sciences",
        "email": null,
        "coauthors": [
            "peter a. bath",
            "andrew r. poirrette",
            "frank h. allen"
        ],
        "keywords": null,
        "title_embedding": [],
        "abstract_embedding": []
    },
    {
        "id": 4321,
        "label": 819,
        "title": "Evaluation and implementation of topological codes for online compound search and registration",
        "organization": null,
        "abstract": NaN,
        "conf": "Journal of Chemical Information and Computer Sciences",
        "email": null,
        "coauthors": [
            "david bawden",
            "j. trevor catlow",
            "trevor k. devon",
            "judith m. dalton",
            "michael f. lynch"
        ],
        "keywords": null,
        "title_embedding": [],
        "abstract_embedding": []
    },
    {
        "id": 4322,
        "label": 819,
        "title": "A Qualitative Comparison of Wiswesser Line Notation Descriptors of Reactions and the Derwent Chemical Reaction Documentation Service",
        "organization": null,
        "abstract": NaN,
        "conf": "Journal of Chemical Information and Computer Sciences",
        "email": null,
        "coauthors": [
            "david bawden",
            "trevor k. devon",
            "frank t. jackson",
            "sandra i. wood",
            "michael f. lynch"
        ],
        "keywords": "Chemical Reaction,",
        "title_embedding": [],
        "abstract_embedding": []
    },
    {
        "id": 4323,
        "label": 819,
        "title": "A Fourier Fingerprint-Based Method for Protein Surface Representation",
        "organization": null,
        "abstract": NaN,
        "conf": "Journal of Chemical Information and Computer Sciences",
        "email": null,
        "coauthors": [
            "martin j. bayley",
            "eleanor j. gardiner",
            "peter j. artymiuk"
        ],
        "keywords": "Surface Representation,",
        "title_embedding": [],
        "abstract_embedding": []
    },
    {
        "id": 4324,
        "label": 819,
        "title": "Algorithms for the identification of three-dimensional maximal common substructures",
        "organization": null,
        "abstract": NaN,
        "conf": "Journal of Chemical Information and Computer Sciences",
        "email": null,
        "coauthors": [
            "andrew t. brint"
        ],
        "keywords": "Three Dimensional,",
        "title_embedding": [],
        "abstract_embedding": []
    },
    {
        "id": 4325,
        "label": 819,
        "title": "Hyperstructure model for chemical structure handling: Techniques for substructure searching",
        "organization": null,
        "abstract": NaN,
        "conf": "Journal of Chemical Information and Computer Sciences",
        "email": null,
        "coauthors": [
            "robert d. brown",
            "geoffrey m. downs",
            "gareth jones"
        ],
        "keywords": "Chemical Structure,",
        "title_embedding": [],
        "abstract_embedding": []
    },
    {
        "id": 4326,
        "label": 819,
        "title": "Hyperstructure model for chemical structure handling: generation and atom-by-atom searching of hyperstructures",
        "organization": null,
        "abstract": NaN,
        "conf": "Journal of Chemical Information and Computer Sciences",
        "email": null,
        "coauthors": [
            "robert d. brown",
            "geoffrey m. downs",
            "anthony p. f. cook"
        ],
        "keywords": "Chemical Structure,",
        "title_embedding": [],
        "abstract_embedding": []
    },
    {
        "id": 4327,
        "label": 819,
        "title": "Matching two-dimensional chemical graphs using genetic algorithms",
        "organization": null,
        "abstract": NaN,
        "conf": "Journal of Chemical Information and Computer Sciences",
        "email": null,
        "coauthors": [
            "robert d. brown",
            "gareth jones",
            "robert c. glen"
        ],
        "keywords": "Genetic Algorithm,",
        "title_embedding": [],
        "abstract_embedding": []
    },
    {
        "id": 4328,
        "label": 819,
        "title": "Generation and Display of Activity-Weighted Chemical Hyperstructures",
        "organization": null,
        "abstract": NaN,
        "conf": "Journal of Chemical Information and Computer Sciences",
        "email": null,
        "coauthors": [
            "nathan brown",
            "david j. wilton",
            "richard a. lewis"
        ],
        "keywords": null,
        "title_embedding": [],
        "abstract_embedding": []
    },
    {
        "id": 4329,
        "label": 819,
        "title": "Virtual Screening Using Binary Kernel Discrimination: Effect of Noisy Training Data and the Optimization of Performance",
        "organization": null,
        "abstract": NaN,
        "conf": "Journal of Chemical Information and Computer Sciences",
        "email": null,
        "coauthors": [
            "beining chen",
            "robert f. harrison",
            "kitsuchart pasupa",
            "david j. wilton",
            "david j. wood",
            "xiao qing lewell"
        ],
        "keywords": "Virtual Screening,",
        "title_embedding": [],
        "abstract_embedding": []
    },
    {
        "id": 4330,
        "label": 819,
        "title": "Pharmacophoric pattern matching in files of three-dimensional chemical structures: Comparison of conformational-searching algorithms for flexible searching",
        "organization": null,
        "abstract": NaN,
        "conf": "Journal of Chemical Information and Computer Sciences",
        "email": null,
        "coauthors": [
            "david e. clark",
            "gareth jones",
            "peter w. kenny",
            "robert c. glen"
        ],
        "keywords": "Chemical Structure,Pattern Matching,Search Algorithm,Three Dimensional,",
        "title_embedding": [],
        "abstract_embedding": []
    },
    {
        "id": 4331,
        "label": 819,
        "title": "Similarity Searching and Clustering of Chemical-Structure Databases Using Molecular Property Data",
        "organization": null,
        "abstract": NaN,
        "conf": "Journal of Chemical Information and Computer Sciences",
        "email": null,
        "coauthors": [
            "geoffrey m. downs",
            "william fisanick"
        ],
        "keywords": "Chemical Structure,Similarity Search,",
        "title_embedding": [],
        "abstract_embedding": []
    },
    {
        "id": 4332,
        "label": 819,
        "title": "Structural Search Codes for On-Line Compound Registration",
        "organization": null,
        "abstract": NaN,
        "conf": "Journal of Chemical Information and Computer Sciences",
        "email": null,
        "coauthors": [
            "lindsay a. evans",
            "michael f. lynch"
        ],
        "keywords": null,
        "title_embedding": [],
        "abstract_embedding": []
    },
    {
        "id": 4333,
        "label": 819,
        "title": "Sampling Consideration in the Selection of Fragment Screens for Chemical Substructure Search Systems",
        "organization": null,
        "abstract": NaN,
        "conf": "Journal of Chemical Information and Computer Sciences",
        "email": null,
        "coauthors": [
            "marie t. gannon"
        ],
        "keywords": null,
        "title_embedding": [],
        "abstract_embedding": []
    },
    {
        "id": 4334,
        "label": 819,
        "title": "Genomic Data Analysis Using DNA Structure: An Analysis of Conserved Nongenic Sequences and Ultraconserved Elements",
        "organization": null,
        "abstract": NaN,
        "conf": "Journal of Chemical Information and Computer Sciences",
        "email": null,
        "coauthors": [
            "eleanor j. gardiner",
            "linda hirons",
            "christopher a. hunter"
        ],
        "keywords": "Data Analysis,Dna Structure,",
        "title_embedding": [],
        "abstract_embedding": []
    },
    {
        "id": 4335,
        "label": 819,
        "title": "Graph-Theoretic Techniques for Macromolecular Docking",
        "organization": null,
        "abstract": NaN,
        "conf": "Journal of Chemical Information and Computer Sciences",
        "email": null,
        "coauthors": [
            "eleanor j. gardiner",
            "peter j. artymiuk"
        ],
        "keywords": null,
        "title_embedding": [],
        "abstract_embedding": []
    },
    {
        "id": 4336,
        "label": 819,
        "title": "Combinatorial Library Design Using a Multiobjective Genetic Algorithm",
        "organization": null,
        "abstract": "Abstract: INTRODUCTIONThe development of combinatorial chemistry techniquesduring the past decade has revolutionized the processesinvolved in the discovery of novel bioactive compounds inthe pharmaceutical and agrochemical industries.1,2Initiallythe focus in combinatorial library design was on selectingdiverse sets of compounds on the assumption that maximizingdiversity would result in a broad coverage of bioactivityspace3and hence would maximize the chances of findinghits. However,...",
        "conf": "Journal of Chemical Information and Computer Sciences",
        "email": null,
        "coauthors": [
            "valerie j. gillet",
            "wael khatib",
            "peter j. fleming",
            "darren v. s. green"
        ],
        "keywords": "Bioactive Compound,Combinatorial Chemistry,Library Design,multiobjective genetic algorithm,",
        "title_embedding": [],
        "abstract_embedding": []
    },
    {
        "id": 4337,
        "label": 819,
        "title": "Similarity Searching Using Reduced Graphs",
        "organization": null,
        "abstract": NaN,
        "conf": "Journal of Chemical Information and Computer Sciences",
        "email": null,
        "coauthors": [
            "valerie j. gillet",
            "john bradshaw"
        ],
        "keywords": "Similarity Search,",
        "title_embedding": [],
        "abstract_embedding": []
    },
    {
        "id": 4338,
        "label": 819,
        "title": "The Effectiveness of Reactant Pools for Generating Structurally-Diverse Combinatorial Libraries",
        "organization": null,
        "abstract": NaN,
        "conf": "Journal of Chemical Information and Computer Sciences",
        "email": null,
        "coauthors": [
            "valerie j. gillet",
            "john bradshaw"
        ],
        "keywords": null,
        "title_embedding": [],
        "abstract_embedding": []
    },
    {
        "id": 4339,
        "label": 819,
        "title": "Identification of Biological Activity Profiles Using Substructural Analysis and Genetic Algorithms",
        "organization": null,
        "abstract": NaN,
        "conf": "Journal of Chemical Information and Computer Sciences",
        "email": null,
        "coauthors": [
            "valerie j. gillet",
            "john bradshaw"
        ],
        "keywords": "Biological Activity,Genetic Algorithm,",
        "title_embedding": [],
        "abstract_embedding": []
    },
    {
        "id": 4340,
        "label": 819,
        "title": "Selecting Combinatorial Libraries to Optimize Diversity and Physical Properties",
        "organization": null,
        "abstract": NaN,
        "conf": "Journal of Chemical Information and Computer Sciences",
        "email": null,
        "coauthors": [
            "valerie j. gillet",
            "john bradshaw",
            "darren v. s. green"
        ],
        "keywords": "Physical Properties,",
        "title_embedding": [],
        "abstract_embedding": []
    },
    {
        "id": 4341,
        "label": 819,
        "title": "Computer storage and retrieval of generic chemical structures in patents. 7. Parallel simulation of a relaxation algorithm for chemical substructure search",
        "organization": null,
        "abstract": NaN,
        "conf": "Journal of Chemical Information and Computer Sciences",
        "email": null,
        "coauthors": [
            "valerie j. gillet",
            "stephen m. welford",
            "michael f. lynch",
            "john m. barnard",
            "geoffrey m. downs",
            "gordon a. manson",
            "j. thompson"
        ],
        "keywords": "Chemical Structure,Parallel Simulation,",
        "title_embedding": [],
        "abstract_embedding": []
    },
    {
        "id": 4342,
        "label": 819,
        "title": "Similarity Searching in Files of Three-Dimensional Chemical Structures: Evaluation of the EVA Descriptor and Combination of Rankings Using Data Fusion",
        "organization": null,
        "abstract": NaN,
        "conf": "Journal of Chemical Information and Computer Sciences",
        "email": null,
        "coauthors": [
            "claire m. r. ginn",
            "david b. turner",
            "allan m. ferguson"
        ],
        "keywords": "Chemical Structure,Similarity Search,Three Dimensional,Data Fusion,",
        "title_embedding": [],
        "abstract_embedding": []
    },
    {
        "id": 4343,
        "label": 819,
        "title": "Comparison of Fingerprint-Based Methods for Virtual Screening Using Multiple Bioactive Reference Structures",
        "organization": null,
        "abstract": NaN,
        "conf": "Journal of Chemical Information and Computer Sciences",
        "email": null,
        "coauthors": [
            "jerome hert",
            "david j. wilton",
            "pierre acklin",
            "kamal azzaoui",
            "edgar jacoby",
            "ansgar schuffenhauer"
        ],
        "keywords": "Virtual Screening,",
        "title_embedding": [],
        "abstract_embedding": []
    },
    {
        "id": 4344,
        "label": 819,
        "title": "New Methods for Ligand-Based Virtual Screening: Use of Data Fusion and Machine Learning to Enhance the Effectiveness of Similarity Searching",
        "organization": null,
        "abstract": NaN,
        "conf": "Journal of Chemical Information and Computer Sciences",
        "email": null,
        "coauthors": [
            "jerome hert",
            "david j. wilton",
            "pierre acklin",
            "kamal azzaoui",
            "edgar jacoby",
            "ansgar schuffenhauer"
        ],
        "keywords": "Machine Learning,Similarity Search,Virtual Screening,Data Fusion,",
        "title_embedding": [],
        "abstract_embedding": []
    },
    {
        "id": 4345,
        "label": 819,
        "title": "Structural DNA Profiles: Single Sequence Queries",
        "organization": null,
        "abstract": NaN,
        "conf": "Journal of Chemical Information and Computer Sciences",
        "email": null,
        "coauthors": [
            "linda hirons",
            "eleanor j. gardiner",
            "christopher a. hunter"
        ],
        "keywords": null,
        "title_embedding": [],
        "abstract_embedding": []
    },
    {
        "id": 4346,
        "label": 819,
        "title": "Calculation of Intersubstituent Similarity Using R-Group Descriptors",
        "organization": null,
        "abstract": NaN,
        "conf": "Journal of Chemical Information and Computer Sciences",
        "email": null,
        "coauthors": [
            "john d. holliday",
            "stephen p. jelfs",
            "peter gedeck"
        ],
        "keywords": null,
        "title_embedding": [],
        "abstract_embedding": []
    },
    {
        "id": 4347,
        "label": 819,
        "title": "Clustering Files of Chemical Structures Using the Fuzzy k-Means Clustering Method",
        "organization": null,
        "abstract": "This paper evaluates the use of the fuzzy k-means clustering method for the clustering of files of 2D chemical structures. Simulated property prediction experiments with the Starlist file of logP values demonstrate that use of the fuzzy k-means method can, in some cases, yield results that are superior to those obtained with the conventional k-means method and with Ward's clustering",
        "conf": "Journal of Chemical Information and Computer Sciences",
        "email": null,
        "coauthors": [
            "john d. holliday",
            "sarah l. rodgers",
            "min-you chen",
            "mahdi mahfouf",
            "kevin lawson",
            "graham mullier"
        ],
        "keywords": "Chemical Structure,Clustering Method,Fuzzy K Means,K Means,",
        "title_embedding": [],
        "abstract_embedding": []
    },
    {
        "id": 4348,
        "label": 819,
        "title": "Analysis and Display of the Size Dependence of Chemical Similarity Coefficients",
        "organization": null,
        "abstract": NaN,
        "conf": "Journal of Chemical Information and Computer Sciences",
        "email": null,
        "coauthors": [
            "john d. holliday",
            "naomie salim",
            "martin whittle"
        ],
        "keywords": null,
        "title_embedding": [],
        "abstract_embedding": []
    },
    {
        "id": 4349,
        "label": 819,
        "title": "The Production of Machine-Readable Descriptions of Chemical Reactions Using Wiswesser Line Notations",
        "organization": null,
        "abstract": NaN,
        "conf": "Journal of Chemical Information and Computer Sciences",
        "email": null,
        "coauthors": [
            "michael f. lynch"
        ],
        "keywords": "Chemical Reaction,",
        "title_embedding": [],
        "abstract_embedding": []
    },
    {
        "id": 4350,
        "label": 819,
        "title": "The Automatic Detection of Chemical Reaction Sites",
        "organization": null,
        "abstract": NaN,
        "conf": "Journal of Chemical Information and Computer Sciences",
        "email": null,
        "coauthors": [
            "michael f. lynch"
        ],
        "keywords": "Automatic Detection,Chemical Reaction,",
        "title_embedding": [],
        "abstract_embedding": []
    },
    {
        "id": 4351,
        "label": 819,
        "title": "George Vladutz, 1928-1990",
        "organization": null,
        "abstract": NaN,
        "conf": "Journal of Chemical Information and Computer Sciences",
        "email": null,
        "coauthors": [
            "michael f. lynch"
        ],
        "keywords": null,
        "title_embedding": [],
        "abstract_embedding": []
    },
    {
        "id": 4352,
        "label": 819,
        "title": "Use of a maximum common subgraph algorithm in the automatic identification of ostensible bond changes occurring in chemical reactions",
        "organization": null,
        "abstract": NaN,
        "conf": "Journal of Chemical Information and Computer Sciences",
        "email": null,
        "coauthors": [
            "james j. mcgregor"
        ],
        "keywords": "Chemical Reaction,",
        "title_embedding": [],
        "abstract_embedding": []
    },
    {
        "id": 4353,
        "label": 819,
        "title": "A tribute of Michael F. Lynch",
        "organization": null,
        "abstract": NaN,
        "conf": "Journal of Chemical Information and Computer Sciences",
        "email": null,
        "coauthors": [
            "george w. a. milne"
        ],
        "keywords": null,
        "title_embedding": [],
        "abstract_embedding": []
    },
    {
        "id": 4354,
        "label": 819,
        "title": "Knowledge-Based Interaction Fingerprint Scoring: A Simple Method for Improving the Effectiveness of Fast Scoring Functions",
        "organization": null,
        "abstract": NaN,
        "conf": "Journal of Chemical Information and Computer Sciences",
        "email": null,
        "coauthors": [
            "chidochangu p. mpamhanga",
            "beining chen",
            "iain m. mclay"
        ],
        "keywords": "Knowledge Base,Score Function,",
        "title_embedding": [],
        "abstract_embedding": []
    },
    {
        "id": 4355,
        "label": 819,
        "title": "Heuristics for Similarity Searching of Chemical Graphs Using a Maximum Common Edge Subgraph Algorithm",
        "organization": null,
        "abstract": NaN,
        "conf": "Journal of Chemical Information and Computer Sciences",
        "email": null,
        "coauthors": [
            "john w. raymond",
            "eleanor j. gardiner"
        ],
        "keywords": "Similarity Search,",
        "title_embedding": [],
        "abstract_embedding": []
    },
    {
        "id": 4356,
        "label": 819,
        "title": "Similarity Searching in Databases of Flexible 3D Structures Using Smoothed Bounded Distance Matrices",
        "organization": null,
        "abstract": NaN,
        "conf": "Journal of Chemical Information and Computer Sciences",
        "email": null,
        "coauthors": [
            "john w. raymond"
        ],
        "keywords": "3d structure,Similarity Search,",
        "title_embedding": [],
        "abstract_embedding": []
    },
    {
        "id": 4357,
        "label": 819,
        "title": "Similarity Searching in Databases of Flexible 3D Structures Using Autocorrelation Vectors Derived from Smoothed Bounded Distance Matrices",
        "organization": null,
        "abstract": NaN,
        "conf": "Journal of Chemical Information and Computer Sciences",
        "email": null,
        "coauthors": [
            "nicholas rhodes",
            "david e. clark"
        ],
        "keywords": "3d structure,Similarity Search,",
        "title_embedding": [],
        "abstract_embedding": []
    },
    {
        "id": 4358,
        "label": 819,
        "title": "CLIP: Similarity Searching of 3D Databases Using Clique Detection",
        "organization": null,
        "abstract": NaN,
        "conf": "Journal of Chemical Information and Computer Sciences",
        "email": null,
        "coauthors": [
            "nicholas rhodes",
            "alain calvet",
            "james b. dunbar jr.",
            "christine humblet"
        ],
        "keywords": "Similarity Search,",
        "title_embedding": [],
        "abstract_embedding": []
    },
    {
        "id": 4359,
        "label": 819,
        "title": "Bit-String Methods for Selective Compound Acquisition",
        "organization": null,
        "abstract": NaN,
        "conf": "Journal of Chemical Information and Computer Sciences",
        "email": null,
        "coauthors": [
            "nicholas rhodes",
            "james b. dunbar jr.",
            "christine humblet"
        ],
        "keywords": null,
        "title_embedding": [],
        "abstract_embedding": []
    },
    {
        "id": 4360,
        "label": 819,
        "title": "Combination of Fingerprint-Based Similarity Coefficients Using Data Fusion",
        "organization": null,
        "abstract": NaN,
        "conf": "Journal of Chemical Information and Computer Sciences",
        "email": null,
        "coauthors": [
            "naomie salim",
            "john d. holliday"
        ],
        "keywords": "Data Fusion,",
        "title_embedding": [],
        "abstract_embedding": []
    },
    {
        "id": 4361,
        "label": 819,
        "title": "Similarity Searching in Files of Three-Dimensional Chemical Structures: Analysis of the BIOSTER Database Using Two-Dimensional Fingerprints and Molecular Field Descriptors",
        "organization": null,
        "abstract": NaN,
        "conf": "Journal of Chemical Information and Computer Sciences",
        "email": null,
        "coauthors": [
            "ansgar schuffenhauer",
            "valerie j. gillet"
        ],
        "keywords": "Chemical Structure,Similarity Search,Three Dimensional,",
        "title_embedding": [],
        "abstract_embedding": []
    },
    {
        "id": 4362,
        "label": 819,
        "title": "Searching for Patterns of Amino Acids in 3D Protein Structures",
        "organization": null,
        "abstract": NaN,
        "conf": "Journal of Chemical Information and Computer Sciences",
        "email": null,
        "coauthors": [
            "ruth v. spriggs",
            "peter j. artymiuk"
        ],
        "keywords": "Protein Structure,Amino Acid,",
        "title_embedding": [],
        "abstract_embedding": []
    },
    {
        "id": 4363,
        "label": 819,
        "title": "Similarity Searching in Files of Three-Dimensional Chemical Structures: Flexible Field-Based Searching of Molecular Electrostatic Potentials",
        "organization": null,
        "abstract": NaN,
        "conf": "Journal of Chemical Information and Computer Sciences",
        "email": null,
        "coauthors": [
            "david a. thorner",
            "david j. wild",
            "p. matthew wright"
        ],
        "keywords": "Chemical Structure,Electrostatic Potential,Similarity Search,Three Dimensional,",
        "title_embedding": [],
        "abstract_embedding": []
    },
    {
        "id": 4364,
        "label": 819,
        "title": "Rapid Quantification of Molecular Diversity for Selective Database Acquisition",
        "organization": null,
        "abstract": NaN,
        "conf": "Journal of Chemical Information and Computer Sciences",
        "email": null,
        "coauthors": [
            "david b. turner",
            "simon m. tyrrell"
        ],
        "keywords": "Molecular Diversity,",
        "title_embedding": [],
        "abstract_embedding": []
    },
    {
        "id": 4365,
        "label": 819,
        "title": "Enhancing the Effectiveness of Virtual Screening by Fusing Nearest Neighbor Lists: A Comparison of Similarity Coefficients",
        "organization": null,
        "abstract": NaN,
        "conf": "Journal of Chemical Information and Computer Sciences",
        "email": null,
        "coauthors": [
            "martin whittle",
            "valerie j. gillet",
            "alexander alex",
            "jens loesel"
        ],
        "keywords": "Virtual Screening,Nearest Neighbor,",
        "title_embedding": [],
        "abstract_embedding": []
    },
    {
        "id": 4366,
        "label": 819,
        "title": "Evaluation of Similarity Measures for Searching the Dictionary of Natural Products Database",
        "organization": null,
        "abstract": NaN,
        "conf": "Journal of Chemical Information and Computer Sciences",
        "email": null,
        "coauthors": [
            "martin whittle",
            "werner klaffke",
            "paula van noort"
        ],
        "keywords": "Natural Product,Similarity Measure,",
        "title_embedding": [],
        "abstract_embedding": []
    },
    {
        "id": 4367,
        "label": 819,
        "title": "Similarity searching in files of three-dimensional chemical structures. Implementation of atom mapping on the distributed array processor DAP610, the MasPar MP1104, and the connection machine CM200",
        "organization": null,
        "abstract": NaN,
        "conf": "Journal of Chemical Information and Computer Sciences",
        "email": null,
        "coauthors": [
            "david j. wild"
        ],
        "keywords": "Chemical Structure,Similarity Search,Three Dimensional,",
        "title_embedding": [],
        "abstract_embedding": []
    },
    {
        "id": 4368,
        "label": 819,
        "title": "Similarity Searching in Files of Three-Dimensional Chemical Structures. Alignment of Molecular Electrostatic Potential Fields with a Genetic Algorithm",
        "organization": null,
        "abstract": NaN,
        "conf": "Journal of Chemical Information and Computer Sciences",
        "email": null,
        "coauthors": [
            "david j. wild"
        ],
        "keywords": "Chemical Structure,Electrostatic Potential,Genetic Algorithm,Similarity Search,Three Dimensional,",
        "title_embedding": [],
        "abstract_embedding": []
    },
    {
        "id": 4369,
        "label": 819,
        "title": "Computer Techniques for the Indexing of Chemical Reaction Information",
        "organization": null,
        "abstract": NaN,
        "conf": "Journal of Chemical Information and Computer Sciences",
        "email": null,
        "coauthors": [],
        "keywords": "Chemical Reaction,Computational Techniques,",
        "title_embedding": [],
        "abstract_embedding": []
    },
    {
        "id": 4370,
        "label": 819,
        "title": "A Screen Set Generation Algorithm",
        "organization": null,
        "abstract": NaN,
        "conf": "Journal of Chemical Information and Computer Sciences",
        "email": null,
        "coauthors": [],
        "keywords": "Generic Algorithm,",
        "title_embedding": [],
        "abstract_embedding": []
    },
    {
        "id": 4371,
        "label": 819,
        "title": "The Evaluation of an Automatically Indexed, Machine-Readable Chemical Reactions File",
        "organization": null,
        "abstract": NaN,
        "conf": "Journal of Chemical Information and Computer Sciences",
        "email": null,
        "coauthors": [],
        "keywords": "Automatic Indexing,Chemical Reaction,",
        "title_embedding": [],
        "abstract_embedding": []
    },
    {
        "id": 4372,
        "label": 819,
        "title": "Some heuristics for nearest-neighbor searching in chemical structure files",
        "organization": null,
        "abstract": NaN,
        "conf": "Journal of Chemical Information and Computer Sciences",
        "email": null,
        "coauthors": [],
        "keywords": "Chemical Structure,Nearest Neighbor Search,",
        "title_embedding": [],
        "abstract_embedding": []
    },
    {
        "id": 4373,
        "label": 819,
        "title": "Evaluation of relocation clustering algorithms for the automatic classification of chemical structures",
        "organization": null,
        "abstract": NaN,
        "conf": "Journal of Chemical Information and Computer Sciences",
        "email": null,
        "coauthors": [],
        "keywords": "Automatic Classification,Chemical Structure,Cluster Algorithm,",
        "title_embedding": [],
        "abstract_embedding": []
    },
    {
        "id": 4374,
        "label": 819,
        "title": "Clustering tendency in chemical classifications",
        "organization": null,
        "abstract": NaN,
        "conf": "Journal of Chemical Information and Computer Sciences",
        "email": null,
        "coauthors": [],
        "keywords": null,
        "title_embedding": [],
        "abstract_embedding": []
    },
    {
        "id": 4375,
        "label": 819,
        "title": "An algorithm for chemical superstructure searching",
        "organization": null,
        "abstract": NaN,
        "conf": "Journal of Chemical Information and Computer Sciences",
        "email": null,
        "coauthors": [],
        "keywords": null,
        "title_embedding": [],
        "abstract_embedding": []
    },
    {
        "id": 4376,
        "label": 819,
        "title": "Chemical Similarity Searching",
        "organization": null,
        "abstract": NaN,
        "conf": "Journal of Chemical Information and Computer Sciences",
        "email": null,
        "coauthors": [
            "john m. barnard",
            "geoffrey m. downs"
        ],
        "keywords": "Similarity Search,",
        "title_embedding": [],
        "abstract_embedding": []
    },
    {
        "id": 4377,
        "label": 819,
        "title": "Implementation of nearest-neighbor searching in an online chemical structure search system",
        "organization": null,
        "abstract": NaN,
        "conf": "Journal of Chemical Information and Computer Sciences",
        "email": null,
        "coauthors": [
            "vivienne winterman",
            "david bawden"
        ],
        "keywords": "Chemical Structure,Nearest Neighbor Search,",
        "title_embedding": [],
        "abstract_embedding": []
    },
    {
        "id": 4378,
        "label": 819,
        "title": "Implementation of nonhierarchic cluster analysis methods in chemical information systems: selection of compounds for biological testing and clustering of substructure search output",
        "organization": null,
        "abstract": NaN,
        "conf": "Journal of Chemical Information and Computer Sciences",
        "email": null,
        "coauthors": [
            "vivienne winterman",
            "david bawden"
        ],
        "keywords": "Cluster Analysis,Information System,",
        "title_embedding": [],
        "abstract_embedding": []
    },
    {
        "id": 4379,
        "label": 819,
        "title": "Atom-by-atom searching using massive parallelism. Implementation of the Ullmann subgraph isomorphism algorithm on the distributed array processor",
        "organization": null,
        "abstract": NaN,
        "conf": "Journal of Chemical Information and Computer Sciences",
        "email": null,
        "coauthors": [
            "terence wilson",
            "stewart f. reddaway"
        ],
        "keywords": "Parallel Implementation,",
        "title_embedding": [],
        "abstract_embedding": []
    },
    {
        "id": 4380,
        "label": 819,
        "title": "Virtual Screening Using Binary Kernel Discrimination: Analysis of Pesticide Data",
        "organization": null,
        "abstract": NaN,
        "conf": "Journal of Chemical Information and Computer Sciences",
        "email": null,
        "coauthors": [
            "david j. wilton",
            "robert f. harrison",
            "john delaney",
            "kevin lawson",
            "graham mullier"
        ],
        "keywords": "Kernel Discriminant Analysis,Virtual Screening,",
        "title_embedding": [],
        "abstract_embedding": []
    },
    {
        "id": 4381,
        "label": 819,
        "title": "Comparison of Ranking Methods for Virtual Screening in Lead-Discovery Programs",
        "organization": null,
        "abstract": NaN,
        "conf": "Journal of Chemical Information and Computer Sciences",
        "email": null,
        "coauthors": [
            "david j. wilton",
            "kevin lawson",
            "graham mullier"
        ],
        "keywords": "Virtual Screening,",
        "title_embedding": [],
        "abstract_embedding": []
    },
    {
        "id": 4382,
        "label": 819,
        "title": "Chemical graph matching using transputer networks",
        "organization": null,
        "abstract": NaN,
        "conf": "Parallel Computing",
        "email": null,
        "coauthors": [
            "andrew t. brint",
            "valerie j. gillet",
            "michael f. lynch",
            "gordon a. manson",
            "g. a. wilson"
        ],
        "keywords": "Graph Matching,",
        "title_embedding": [],
        "abstract_embedding": []
    },
    {
        "id": 4383,
        "label": 819,
        "title": "Searching and clustering of databases using the ICL distributed array processor",
        "organization": null,
        "abstract": NaN,
        "conf": "Parallel Computing",
        "email": null,
        "coauthors": [
            "christine a. pogue",
            "edie m. rasmussen"
        ],
        "keywords": null,
        "title_embedding": [],
        "abstract_embedding": []
    },
    {
        "id": 4384,
        "label": 819,
        "title": "Use of text signatures for document retrieval in a highly parallel environment",
        "organization": null,
        "abstract": NaN,
        "conf": "Parallel Computing",
        "email": null,
        "coauthors": [
            "christine a. pogue"
        ],
        "keywords": "Document Retrieval,",
        "title_embedding": [],
        "abstract_embedding": []
    },
    {
        "id": 4385,
        "label": 819,
        "title": "Turbo similarity searching: Effect of fingerprint and dataset on virtual-screening performance",
        "organization": null,
        "abstract": NaN,
        "conf": "Statistical Analysis and Data Mining",
        "email": null,
        "coauthors": [
            "eleanor j. gardiner",
            "valerie j. gillet",
            "maciej haranczyk",
            "jerome hert",
            "john d. holliday",
            "nurul malim",
            "yogendra patel"
        ],
        "keywords": "Similarity Search,Virtual Screening,",
        "title_embedding": [],
        "abstract_embedding": []
    },
    {
        "id": 4386,
        "label": 821,
        "title": "On the performance degradation from one-bit quantized detection",
        "organization": null,
        "abstract": NaN,
        "conf": "IEEE Transactions on Information Theory",
        "email": null,
        "coauthors": [
            "peter f. swaszek"
        ],
        "keywords": null,
        "title_embedding": [],
        "abstract_embedding": []
    },
    {
        "id": 4387,
        "label": 821,
        "title": "A fact about the logistic distribution",
        "organization": null,
        "abstract": NaN,
        "conf": "IEEE Transactions on Information Theory",
        "email": null,
        "coauthors": [
            "peter f. swaszek"
        ],
        "keywords": "Logistic Distribution,",
        "title_embedding": [],
        "abstract_embedding": []
    },
    {
        "id": 4388,
        "label": 821,
        "title": "The suboptimality of randomized tests in distributed and quantized detection systems",
        "organization": null,
        "abstract": NaN,
        "conf": "IEEE Transactions on Information Theory",
        "email": null,
        "coauthors": [
            "douglas j. warren"
        ],
        "keywords": "Random Testing,",
        "title_embedding": [],
        "abstract_embedding": []
    }
]