[
    {
        "id": 4245,
        "label": 815,
        "title": "Visage: dynamic information exploration",
        "organization": null,
        "abstract": NaN,
        "conf": "Computer Human Interaction",
        "email": null,
        "coauthors": [
            "cristina c. gomberg",
            "steven f. roth"
        ],
        "keywords": "Dynamic Information,",
        "title_embedding": [],
        "abstract_embedding": []
    },
    {
        "id": 4246,
        "label": 815,
        "title": "Taming complexity at MAYA design",
        "organization": null,
        "abstract": "MAYA Design is a full-service product design consultancy offering services at the intersection of computer science, psychology, and visual design. We have developed efficient techniques for facilitating interdisciplinary design and for communicating clearly with our clients.",
        "conf": "Computer Human Interaction",
        "email": null,
        "coauthors": [
            "susan salis"
        ],
        "keywords": "Interdisciplinary Design,Product Design,User Study,Visual Design,",
        "title_embedding": [],
        "abstract_embedding": []
    },
    {
        "id": 4247,
        "label": 815,
        "title": "VisageWeb: Visualizing WWW Data in Visage",
        "organization": null,
        "abstract": "VisageWeb is an information-centric user interface to the World Wide Web built within the Visage data visualization environment. This paper traces the development of the VisageWeb project, using it to motivate an exploration of how an information-centric architecture copes with new visualization challenges. We conclude with a presentation of the VisageWeb prototype itself.",
        "conf": "IEEE Symposium on Information Visualization",
        "email": null,
        "coauthors": [
            "michael higgins",
            "jeffrey senn"
        ],
        "keywords": "Data Visualization,Information Visualization,User Interface,World Wide Web,",
        "title_embedding": [],
        "abstract_embedding": []
    },
    {
        "id": 4248,
        "label": 815,
        "title": "Managing Distributed Collaboration in a Peer-to-Peer Network",
        "organization": null,
        "abstract": "Shared mutable information objects called u-forms provide an attractive foundation on which to build collaborative systems. As we scale up such systems from small fully-connected workgroups to large, highly distributed, and partially disconnected groups, we have found that peer-to-peer technology and optimistic replication strategies provide a cost-eective mechanism for maintaining good performance. Unfortu- nately, such systems present well-known coordination and",
        "conf": "OTM Workshops",
        "email": null,
        "coauthors": [
            "michael higgins",
            "stuart f. roth",
            "jeffrey senn",
            "dominic widdows"
        ],
        "keywords": "Asynchronous Collaboration,Collaborative System,Distributed Collaboration,Indexation,Information Architecture,Optimistic Replication,Peer-to-peer Network,Peer-to-peer Technology,Scaling Up,System Design,",
        "title_embedding": [],
        "abstract_embedding": []
    },
    {
        "id": 4249,
        "label": 815,
        "title": "Shepherdable Indexes and Persistent Search Services for Mobile Users",
        "organization": null,
        "abstract": "We describe a range of designs for supporting rich search queries in a peer-to-peer network. Our implementation is based upon uniquely identified data objects which are replicated upon request by agents called Shepherds. Several abstract data structures are built upon this framework, supporting dataset management, lexical search, and dis- tributed GIS interfaces in an application called the Geobrowser. Our re-",
        "conf": "OTM Workshops",
        "email": null,
        "coauthors": [
            "michael higgins",
            "dominic widdows",
            "magesh balasubramanya",
            "david holstius"
        ],
        "keywords": "Data Structure,Index Structure,Indexation,Peer To Peer,Peer-to-peer Network,Mobile User,",
        "title_embedding": [],
        "abstract_embedding": []
    },
    {
        "id": 4250,
        "label": 815,
        "title": "Information Appliances and Tools in Visage",
        "organization": null,
        "abstract": NaN,
        "conf": "IEEE Computer Graphics and Applications",
        "email": null,
        "coauthors": [
            "john kolojejchick",
            "steven f. roth"
        ],
        "keywords": "Information Appliance,",
        "title_embedding": [],
        "abstract_embedding": []
    }
]