[
    {
        "id": 4251,
        "label": 816,
        "title": "i-LAND: an interactive landscape for creativity and innovation",
        "organization": null,
        "abstract": "We describe the i-LAND environment which constitutes an exampleof our vision of the workspaces of the future, in this casesupporting cooperative work of dynamic teams with changing needs.i-LAND requires and provides new forms of human-computerinteraction and new forms of computer-supported cooperative work.Its design is based on an integration of information andarchitectural spaces, implications of new work practices and anempirical requirements",
        "conf": "Computer Human Interaction",
        "email": null,
        "coauthors": [
            "norbert a. streitz",
            "jorg geiler",
            "torsten holmer",
            "shin'ichi konomi",
            "christian muller-tomfelde",
            "wolfgang reischl",
            "petra rexroth",
            "ralf steinmetz"
        ],
        "keywords": "Augmented Reality,Computer Supported Cooperative Work,Cooperative Work,Information Space,Information Technology,Integrated Design,Team Work,Ubiquitous Computing,Work Practice,",
        "title_embedding": [],
        "abstract_embedding": []
    },
    {
        "id": 4252,
        "label": 816,
        "title": "Modeling collaboration using shared objects",
        "organization": null,
        "abstract": "Many object-oriented toolkits and frameworks for groupware development provide shared objects as a basic service. This relieves developers of a lot of problems originating from the field of distributed systems. However, there is little support on how to use shared objects to actually build collaborative applications. In this paper we propose an object-oriented model for applications using shared objects. The",
        "conf": "International Conference on Supporting Group Work",
        "email": null,
        "coauthors": [
            "christian schuckmann",
            "jan schiimmer"
        ],
        "keywords": "Collaborative Application,Distributed System,Group Awareness,Object Oriented,Object-oriented Model,Synchronous Groupware,",
        "title_embedding": [],
        "abstract_embedding": []
    }
]