[
    {
        "id": 4389,
        "label": 822,
        "title": "Interview with David Vernon",
        "organization": null,
        "abstract": NaN,
        "conf": "Knstliche Intelligenz",
        "email": null,
        "coauthors": [],
        "keywords": null,
        "title_embedding": [],
        "abstract_embedding": []
    },
    {
        "id": 4390,
        "label": 822,
        "title": "Cognitive Computer Vision - Service",
        "organization": null,
        "abstract": NaN,
        "conf": "Knstliche Intelligenz",
        "email": null,
        "coauthors": [],
        "keywords": "Computer Vision,",
        "title_embedding": [],
        "abstract_embedding": []
    }
]