[
    {
        "id": 4391,
        "label": 823,
        "title": "Predicting the impact of anticipatory action on US stock market - an event study using ANFIS (a neural fuzzy model)",
        "organization": null,
        "abstract": NaN,
        "conf": "IEEE Congress on Evolutionary Computation",
        "email": null,
        "coauthors": [
            "m. i. mah",
            "chai quek"
        ],
        "keywords": "Event Study,Fuzzy Model,Stock Market,",
        "title_embedding": [],
        "abstract_embedding": []
    },
    {
        "id": 4392,
        "label": 823,
        "title": "Predicting impact of news on stock price: An evaluation of neuro fuzzy systems",
        "organization": null,
        "abstract": NaN,
        "conf": "IEEE Congress on Evolutionary Computation",
        "email": null,
        "coauthors": [
            "chai quek",
            "a. jain"
        ],
        "keywords": "neuro-fuzzy system,Stock Price,",
        "title_embedding": [],
        "abstract_embedding": []
    },
    {
        "id": 4393,
        "label": 823,
        "title": "Predicting the Impact of Anticipatory Action on U.S. Stock Market - An Event Study Using ANFIS (a neural fuzzy model)",
        "organization": null,
        "abstract": NaN,
        "conf": "Computational Intelligence",
        "email": null,
        "coauthors": [
            "chai quek",
            "m. l. mah"
        ],
        "keywords": "Event Study,Fuzzy Model,Stock Market,",
        "title_embedding": [],
        "abstract_embedding": []
    },
    {
        "id": 4394,
        "label": 823,
        "title": "GenSo-EWS: a novel neural-fuzzy based early warning system for predicting bank failures",
        "organization": null,
        "abstract": "Bank failure prediction is an important issue for the regulators of the banking industries. The collapse and failure of a bank could trigger an adverse financial repercussion and generate negative impacts such as a massive bail out cost for the failing bank and loss of confidence from the investors and depositors. Very often, bank failures are due to financial distress.",
        "conf": "Neural Networks",
        "email": null,
        "coauthors": [
            "w. l. tung",
            "hiok chai quek"
        ],
        "keywords": "Bank Failure,Bank Regulation,Banking Industry,Compositional Rule of Inference,Early Warning System,Financial Distress,Fuzzy Neural Network,Fuzzy Rules,Fuzzy System,Knowledge Base,neuro-fuzzy system,Proportional Hazard Model,Statistical Model,Cerebellar Model Articulation Controller,High Risk,Multi Layer Perceptron,Neural Network,",
        "title_embedding": [],
        "abstract_embedding": []
    }
]