[
    {
        "id": 4568,
        "label": 836,
        "title": "Using CAPTCHAs to Index Cultural Artifacts",
        "organization": null,
        "abstract": "Rock art, human-made markings on stone, is an important cultural artifact and the earliest expression of abstract thinking. While there are tens of millions of photographs of rock art in existence, there have been no large-scale attempts to organize, classify or cluster them. This omission is not due to a lack of interest, but reflects the extraordinary difficultly of extracting",
        "conf": "Intelligent Data Analysis",
        "email": null,
        "coauthors": [
            "eamonn j. keogh"
        ],
        "keywords": "Discrete Data,Distance Measure,Image Processing,Indexation,Large Scale,Rock Art,",
        "title_embedding": [],
        "abstract_embedding": []
    },
    {
        "id": 4569,
        "label": 836,
        "title": "Augmenting the generalized hough transform to enable the mining of petroglyphs",
        "organization": null,
        "abstract": "Rock art is an archaeological term for human-made markings on stone. It is believed that there are millions of petroglyphs in North America alone, and the study of this valued cultural resource has implications even beyond anthropology and history. Surprisingly, although image processing, information retrieval and data mining have had large impacts on many human endeavors, they have had essentially",
        "conf": "Knowledge Discovery and Data Mining",
        "email": null,
        "coauthors": [
            "xiaoyue wang",
            "eamonn j. keogh",
            "sang-hee lee"
        ],
        "keywords": "Data Mining,Distance Measure,Generalized Hough Transform,Image Processing,Information Retrieval,Rock Art,Similarity Search,North America,",
        "title_embedding": [],
        "abstract_embedding": []
    },
    {
        "id": 4570,
        "label": 836,
        "title": "Exact Discovery of Time Series Motifs",
        "organization": null,
        "abstract": "Time series motifs are pairs of individual time series, or subsequences of a longer time series, which are very similar to each other. As with their discrete analogues in computational biology, this similarity hints at structure which has been conserved for some reason and may therefore be of interest. Since the formalism of time series motifs in 2002, dozens of",
        "conf": "SIAM International Conference on Data Mining",
        "email": null,
        "coauthors": [
            "abdullah mueen",
            "eamonn j. keogh",
            "sydney cash",
            "m. brandon westover"
        ],
        "keywords": "Approximate Algorithm,Case Study,Computational Biology,Data Mining,Data Mining Algorithm,Duplicate Detection,Exact Algorithm,large dataset,Time Series,",
        "title_embedding": [],
        "abstract_embedding": []
    },
    {
        "id": 4571,
        "label": 837,
        "title": "Edge-bipancyclicity of star graphs under edge-fault tolerant",
        "organization": null,
        "abstract": "The star graph Sn is one of the most famous interconnection networks. It has been shown by Li (T.-K. Li, Cycle embed- ding in star graphs with edge faults, Appl. Math. Comput. 167 (2005) 891-900) that Sn contains a cycle of length from 6 to n! when the number of fault edges in the graph does not exceed n 3.",
        "conf": "Applied Mathematics and Computation",
        "email": null,
        "coauthors": [
            "min xu",
            "xiao-dong hu"
        ],
        "keywords": "Fault Tolerant,Interconnection Network,Star Graph,",
        "title_embedding": [],
        "abstract_embedding": []
    },
    {
        "id": 4572,
        "label": 837,
        "title": "Edge fault tolerance analysis of a class of interconnection networks",
        "organization": null,
        "abstract": "Fault tolerant measures have played an important role in the reliability of an inter- connection network. Edge connectivity, restricted-edge-connectivity, extra-edge-connec- tivity and super-edge-connectivity of many well-known interconnection networks have been explored. In this paper, we study the 2-extra-edge connectivity of a special class of graphs G(G0, G1; M) proposed by Chen et al. (Appl. Math. Comput. 140 (2003) 245- 254).",
        "conf": "Applied Mathematics and Computation",
        "email": null,
        "coauthors": [
            "jun-ming xu",
            "lv min"
        ],
        "keywords": "Fault Tolerant,Interconnection Network,",
        "title_embedding": [],
        "abstract_embedding": []
    },
    {
        "id": 4573,
        "label": 837,
        "title": "The super connectivity of shuffle-cubes",
        "organization": null,
        "abstract": "Abstract",
        "conf": "Information Processing Letters",
        "email": null,
        "coauthors": [
            "jun-ming xu",
            "min xu"
        ],
        "keywords": "Combinatorial Problems,",
        "title_embedding": [],
        "abstract_embedding": []
    },
    {
        "id": 4574,
        "label": 837,
        "title": "Fault-tolerant analysis of a class of networks",
        "organization": null,
        "abstract": "In this paper, we explore the 2-extraconnectivity of a special class of graphs G(G0 ,G 1; M)proposed by Chen et al. (Y.-C. Chen, J.J.M. Tan, L.-H. Hsu, S.-S. Kao, Super-connectivity and super edge-connectivity for some interconnection networks, Applied Mathematics and Computation 140 (2003) 245-254). As applications of the results, we obtain that the 2-extraconnectivities of several well-known interconnection networks, such",
        "conf": "Information Processing Letters",
        "email": null,
        "coauthors": [
            "jun-ming xu",
            "min xu"
        ],
        "keywords": "Combinatorial Problems,Fault Tolerant,Interconnection Network,",
        "title_embedding": [],
        "abstract_embedding": []
    },
    {
        "id": 4575,
        "label": 837,
        "title": "Local diagnosability of generic star-pyramid graph",
        "organization": null,
        "abstract": NaN,
        "conf": "Information Processing Letters",
        "email": null,
        "coauthors": [
            "qi-yan zhou",
            "san-yang liu"
        ],
        "keywords": "General Star,",
        "title_embedding": [],
        "abstract_embedding": []
    },
    {
        "id": 4576,
        "label": 837,
        "title": "On conditional diagnosability of the folded hypercubes",
        "organization": null,
        "abstract": "Abstract",
        "conf": "Information Sciences",
        "email": null,
        "coauthors": [
            "san-yang liu",
            "min xu"
        ],
        "keywords": null,
        "title_embedding": [],
        "abstract_embedding": []
    },
    {
        "id": 4577,
        "label": 837,
        "title": "On reliability of the folded hypercubes",
        "organization": null,
        "abstract": "In this paper, we explore the 2-extra connectivity and 2-extra-edge-connectivity of the folded hypercube FQn. We show that j2(FQn )=3 n  2 for n P 8; and k2(FQn )=3 n  1 for n P 5. That is, for n P 8 (resp. n P 5), at least 3n  2 vertices (resp. 3n  1 edges) of FQn",
        "conf": "Information Sciences",
        "email": null,
        "coauthors": [
            "jun-ming xu",
            "xinmin hou",
            "min xu"
        ],
        "keywords": "Fault Tolerant,Large Scale,Parallel Processing,",
        "title_embedding": [],
        "abstract_embedding": []
    }
]