[
    {
        "id": 4561,
        "label": 834,
        "title": "Repairing the Missing isa Structure of Ontologies",
        "organization": null,
        "abstract": NaN,
        "conf": "Asian Semantic Web Conference",
        "email": null,
        "coauthors": [
            "patrick lambrix",
            "he tan"
        ],
        "keywords": null,
        "title_embedding": [],
        "abstract_embedding": []
    },
    {
        "id": 4562,
        "label": 834,
        "title": "RepOSE: An Environment for Repairing Missing Ontological Structure",
        "organization": null,
        "abstract": NaN,
        "conf": "Asian Semantic Web Conference",
        "email": null,
        "coauthors": [
            "patrick lambrix",
            "he tan"
        ],
        "keywords": null,
        "title_embedding": [],
        "abstract_embedding": []
    },
    {
        "id": 4563,
        "label": 834,
        "title": "A System for Debugging Missing Isa Structure in Networked Ontologies",
        "organization": null,
        "abstract": NaN,
        "conf": "Data Integration in the Life Sciences",
        "email": null,
        "coauthors": [
            "patrick lambrix"
        ],
        "keywords": null,
        "title_embedding": [],
        "abstract_embedding": []
    },
    {
        "id": 4564,
        "label": 834,
        "title": "Using Partial Reference Alignments to Align Ontologies",
        "organization": null,
        "abstract": NaN,
        "conf": "European Semantic Web Symposium / Conference",
        "email": null,
        "coauthors": [
            "patrick lambrix"
        ],
        "keywords": null,
        "title_embedding": [],
        "abstract_embedding": []
    },
    {
        "id": 4565,
        "label": 834,
        "title": "Debugging the Missing IsA Structure of Networked Ontologies",
        "organization": null,
        "abstract": NaN,
        "conf": "European Semantic Web Symposium / Conference",
        "email": null,
        "coauthors": [
            "patrick lambrix"
        ],
        "keywords": null,
        "title_embedding": [],
        "abstract_embedding": []
    },
    {
        "id": 4566,
        "label": 834,
        "title": "SAMBO and SAMBOdtf Results for the Ontology Alignment Evaluation Initiative 2008",
        "organization": null,
        "abstract": "This article describes a base system for ontology alignment, SAMBO, and an extension, SAMBOdtf. We present their results for the benchmark, anatomy and FAO tasks in the 2008 Ontology Alignment Evaluation Initiative. For the benchmark and FAO tasks SAMBO uses a strategy based on string matching as well as the use of a thesaurus. It obtains good results in many",
        "conf": "International Semantic Web Conference",
        "email": null,
        "coauthors": [
            "patrick lambrix",
            "he tan"
        ],
        "keywords": "Ontology Alignment,String Matching,Ontology Alignment Evaluation Initiative,",
        "title_embedding": [],
        "abstract_embedding": []
    }
]