[
    {
        "id": 4589,
        "label": 840,
        "title": "A Dual-quaternion Method for Control of Spatial Rigid Body",
        "organization": null,
        "abstract": NaN,
        "conf": "International Conference on Networking, Sensing and Control",
        "email": null,
        "coauthors": [
            "dapeng han",
            "zexiang li"
        ],
        "keywords": "Rigid Body,",
        "title_embedding": [],
        "abstract_embedding": []
    },
    {
        "id": 4590,
        "label": 841,
        "title": "Weak ratio rules between nonnegative real-valued data in transactional database",
        "organization": null,
        "abstract": NaN,
        "conf": "IEEE International Conference on Granular Computing",
        "email": null,
        "coauthors": [
            "baoqing jiang",
            "yang xu",
            "kun wu"
        ],
        "keywords": null,
        "title_embedding": [],
        "abstract_embedding": []
    }
]