[
    {
        "id": 4669,
        "label": 855,
        "title": "Analysis of Crohn's disease lesions in capsule endoscopy images",
        "organization": null,
        "abstract": NaN,
        "conf": "International Conference on Robotics and Automation",
        "email": null,
        "coauthors": [
            "srdan bejakovic",
            "themistocles dassopoulos",
            "gerard mullin",
            "gregory d. hager"
        ],
        "keywords": "Capsule Endoscopy,crohn's disease,",
        "title_embedding": [],
        "abstract_embedding": []
    },
    {
        "id": 4670,
        "label": 855,
        "title": "Preliminary Experiments in Cooperative Human/Robert Force Control for Robot Assisted Microsurgical Manipulation",
        "organization": null,
        "abstract": "This paper reports preliminary experiments with a new robot system designed to cooperatively extend a human's ability to perform fine manipulation tasks requiring human judgement, sensory integration and hand-eye coordination. A recently completed steady-hand robot is reported. A sta- ble force control law is reviewed. Preliminary experiments validate theoretical predictions of stable one-dimensional control of tool-tip forces in contact with",
        "conf": "International Conference on Robotics and Automation",
        "email": null,
        "coauthors": [
            "peter j. berkelman",
            "puneet k. gupta",
            "aaron c. barnes",
            "patrick s. jensen",
            "louis l. whitcomb",
            "russell h. taylor"
        ],
        "keywords": "Force Control,Sensory Integration,System Design,",
        "title_embedding": [],
        "abstract_embedding": []
    },
    {
        "id": 4671,
        "label": 855,
        "title": "Learning Disease Severity for Capsule Endoscopy Images",
        "organization": null,
        "abstract": NaN,
        "conf": "IEEE International Symposium on Biomedical Imaging",
        "email": null,
        "coauthors": [
            "purnima rajan",
            "srdan bejakovic",
            "sharmishtaa seshamani",
            "gerard mullin",
            "themistocles dassopoulos",
            "gregory d. hager"
        ],
        "keywords": "Capsule Endoscopy,Disease Severity,",
        "title_embedding": [],
        "abstract_embedding": []
    },
    {
        "id": 4672,
        "label": 855,
        "title": "Detecting Registration Failure",
        "organization": null,
        "abstract": NaN,
        "conf": "IEEE International Symposium on Biomedical Imaging",
        "email": null,
        "coauthors": [
            "sharmishtaa seshamani",
            "purnima rajan",
            "srdan bejakovic",
            "gerard mullin",
            "themos dassopoulos",
            "gregory d. hager"
        ],
        "keywords": null,
        "title_embedding": [],
        "abstract_embedding": []
    },
    {
        "id": 4673,
        "label": 855,
        "title": "A Testbed System for Robotically Assisted Percutaneous Pattern Therapy",
        "organization": null,
        "abstract": NaN,
        "conf": "Medical Image Computing and Computer-Assisted Intervention",
        "email": null,
        "coauthors": [
            "andrew bzostek",
            "aaron c. barnes",
            "james h. anderson",
            "russell h. taylor"
        ],
        "keywords": null,
        "title_embedding": [],
        "abstract_embedding": []
    },
    {
        "id": 4674,
        "label": 855,
        "title": "Distributed Modular Computer-Integrated Surgical Robotic Systems: Implementation Using Modular Software and Networked Systems",
        "organization": null,
        "abstract": "We seek to build CIS research systems within a flexible, open architecture. In this paper, we outline our solutions to the problems of system design, construction, and integration in this environment: building distributed, modular systems for sensing, control, and processing. Based on our experience building these systems, we utilize distributed network architectures, modular software components, and intelligent object distribution to",
        "conf": "Medical Image Computing and Computer-Assisted Intervention",
        "email": null,
        "coauthors": [
            "andrew bzostek",
            "nobuhiko hata",
            "oliver schorr",
            "ron kikinis",
            "russell h. taylor"
        ],
        "keywords": "Distributed Networks,Modular System,Network Architecture,Networked Systems,Open Architecture,Software Component,System Design,Work In Progress,",
        "title_embedding": [],
        "abstract_embedding": []
    },
    {
        "id": 4675,
        "label": 855,
        "title": "Simple Biomanipulation Tasks with 'Steady Hand' Cooperative Manipulator",
        "organization": null,
        "abstract": "This paper reports preliminary experiments in the development of our Augmented Micromanipulation System using the JHU \"Steady Hand\" coopera- tive robot system to augment single cell manipulation tasks. The need for ro- botic augmentation of biomanipulatuon tasks is discussed. The JHU \"Steady- Hand\" robot configuration for cell manipulation is reported. Augmentation strategies for stable cooperative insertion of a micropipette in",
        "conf": "Medical Image Computing and Computer-Assisted Intervention",
        "email": null,
        "coauthors": [
            "ankur kapoor",
            "russell h. taylor"
        ],
        "keywords": "Mouse Embryo,Single Cell,",
        "title_embedding": [],
        "abstract_embedding": []
    },
    {
        "id": 4676,
        "label": 855,
        "title": "Applications of Task-Level Augmentation for Cooperative Fine Manipulation Tasks in Surgery",
        "organization": null,
        "abstract": "We report on applications of an augmentation system for cooperative fine manipulation using the steady hand manipulation paradigm. Using the \"steady hand\" robot as the experimental platform we investigate using such a system for creating composite retinal images using a GRIN lens endoscope and for puncturing small blood vessels in the retina.",
        "conf": "Medical Image Computing and Computer-Assisted Intervention",
        "email": null,
        "coauthors": [
            "aaron c. barnes",
            "gregory d. hager",
            "patrick s. jensen",
            "russell h. taylor"
        ],
        "keywords": "Blood Vessel,Retinal Imaging,",
        "title_embedding": [],
        "abstract_embedding": []
    },
    {
        "id": 4677,
        "label": 855,
        "title": "Performance of Robotic Augmentation in Microsurgery-Scale Motions",
        "organization": null,
        "abstract": "This paper is part of the development process of a microsurgical \"cooperating\" assistant. To evaluate its applicability to augment fine surgical motions, we test precision and operator perception in simple microsurgical scale pick and place motions. Such motions are common in microsurgical pro- cedures(e.g. micro-vascular anastomosis). The experiments test the users' ability to position a common surgical tool to 250,",
        "conf": "Medical Image Computing and Computer-Assisted Intervention",
        "email": null,
        "coauthors": [
            "tushar m. goradia",
            "aaron c. barnes",
            "patrick s. jensen",
            "louis l. whitcomb",
            "dan stoianovici",
            "ludwig m. auer",
            "russell h. taylor"
        ],
        "keywords": "Development Process,Human Performance,Robot Design,Success Rate,Error Rate,",
        "title_embedding": [],
        "abstract_embedding": []
    },
    {
        "id": 4678,
        "label": 855,
        "title": "An Augmentation System for Fine Manipulation",
        "organization": null,
        "abstract": "Augmented surgical manipulation tasks can be viewed as a sequence of smaller, simpler steps driven primarily by the surgeon's input. These steps can be abstracted as controlled interaction of the tool/end-effector with the environment. The basic research problem here is performing a sequence of control primitives. In computing terms, each of the primitives is a predefined computational routine(e.g. compliant motion",
        "conf": "Medical Image Computing and Computer-Assisted Intervention",
        "email": null,
        "coauthors": [
            "gregory d. hager",
            "aaron c. barnes",
            "patrick s. jensen",
            "russell h. taylor"
        ],
        "keywords": "Basic Research,",
        "title_embedding": [],
        "abstract_embedding": []
    },
    {
        "id": 4679,
        "label": 855,
        "title": "DaVinci Canvas: A Telerobotic Surgical System with Integrated, Robot-Assisted, Laparoscopic Ultrasound Capability",
        "organization": null,
        "abstract": NaN,
        "conf": "Medical Image Computing and Computer-Assisted Intervention",
        "email": null,
        "coauthors": [
            "joshua leven",
            "darius burschka",
            "gary zhang",
            "steve blumenkranz",
            "michael awad",
            "gregory d. hager",
            "mike marohn",
            "michael a. choti",
            "christopher j. hasser",
            "russell h. taylor"
        ],
        "keywords": "Ultrasound,",
        "title_embedding": [],
        "abstract_embedding": []
    },
    {
        "id": 4680,
        "label": 855,
        "title": "Distributed Modular Computer-Integrated Surgical Robotic Systems: Architecture for Intelligent Object Distribution",
        "organization": null,
        "abstract": "This paper presents intelligent object distribution architecture to maximize the performance and intelligence of a distributed surgical robotics system and its preliminary implementation in an MR-guided surgical robot system in an open-configuration MRI scanner. The method enables networked integration of a robot control server and multiple clients with minimum engineering overhead but maximum flexibility and performance. The clients in this",
        "conf": "Medical Image Computing and Computer-Assisted Intervention",
        "email": null,
        "coauthors": [
            "oliver schorr",
            "nobuhiko hata",
            "andrew bzostek",
            "catherina burghart",
            "russell h. taylor",
            "ron kikinis"
        ],
        "keywords": "Distributed Architecture,Distributed Control,High Performance,Image Processing,Legacy Software,Operating System,Programming Language,Robot Control,System Architecture,Common Object Request Broker Architecture,",
        "title_embedding": [],
        "abstract_embedding": []
    },
    {
        "id": 4681,
        "label": 855,
        "title": "Augmenting Capsule Endoscopy Diagnosis: A Similarity Learning Approach",
        "organization": null,
        "abstract": NaN,
        "conf": "Medical Image Computing and Computer-Assisted Intervention",
        "email": null,
        "coauthors": [
            "sharmishtaa seshamani",
            "themos dassopoulos",
            "gerard mullin",
            "gregory d. hager"
        ],
        "keywords": "Capsule Endoscopy,",
        "title_embedding": [],
        "abstract_embedding": []
    },
    {
        "id": 4682,
        "label": 855,
        "title": "A Meta Registration Framework for Lesion Matching",
        "organization": null,
        "abstract": NaN,
        "conf": "Medical Image Computing and Computer-Assisted Intervention",
        "email": null,
        "coauthors": [
            "sharmishtaa seshamani",
            "purnima rajan",
            "hani girgis",
            "themos dassopoulos",
            "gerard mullin",
            "gregory d. hager"
        ],
        "keywords": null,
        "title_embedding": [],
        "abstract_embedding": []
    },
    {
        "id": 4683,
        "label": 855,
        "title": "Steady-hand robotic system for microsurgical augmentation",
        "organization": null,
        "abstract": NaN,
        "conf": NaN,
        "email": null,
        "coauthors": [
            "russell h. taylor",
            "patrick s. jensen",
            "louis l. whitcomb",
            "aaron c. barnes",
            "dan stoianovici",
            "puneet k. gupta",
            "zhengxian wang"
        ],
        "keywords": null,
        "title_embedding": [],
        "abstract_embedding": []
    },
    {
        "id": 4684,
        "label": 855,
        "title": "A Progressive Cut Refinement Scheme for Revision Total Hip Replacement Surgery Using C-arm Fluoroscopy",
        "organization": null,
        "abstract": "We describe a new method to cut a precise, high quality cavity in Revision Total Hip Replacement surgery (RTHR) using a set of intra-operative C-arm fluoro- scopic images. With respect to previous approaches, our method provides the fol- lowing new features: (1) a novel checkerboard plate was designed to correct the geo- metric distortion within fluoroscopic images. Unlike previous distortion",
        "conf": "Medical Image Computing and Computer-Assisted Intervention",
        "email": null,
        "coauthors": [
            "jianhua yao",
            "russell h. taylor",
            "randal p. goldberg",
            "andrew bzostek",
            "robert van vorhis",
            "peter kazanzides",
            "andre gueziec",
            "janez funda"
        ],
        "keywords": "Image Registration,Pose Estimation,Simulation Experiment,Total Hip Replacement,Field of View,",
        "title_embedding": [],
        "abstract_embedding": []
    },
    {
        "id": 4685,
        "label": 855,
        "title": "Steady-hand robotic system for microsurgical augmentation",
        "organization": null,
        "abstract": NaN,
        "conf": NaN,
        "email": null,
        "coauthors": [
            "russell h. taylor",
            "patrick s. jensen",
            "louis l. whitcomb",
            "aaron c. barnes",
            "dan stoianovici",
            "puneet k. gupta",
            "zhengxian wang"
        ],
        "keywords": null,
        "title_embedding": [],
        "abstract_embedding": []
    },
    {
        "id": 4686,
        "label": 856,
        "title": "Target Counting under Minimal Sensing: Complexity and Approximations",
        "organization": null,
        "abstract": NaN,
        "conf": "Algorithmic Aspects of Wireless Sensor Networks",
        "email": null,
        "coauthors": [
            "sorabh gandhi",
            "subhash surii"
        ],
        "keywords": null,
        "title_embedding": [],
        "abstract_embedding": []
    },
    {
        "id": 4687,
        "label": 856,
        "title": "Tracking multiple targets using binary proximity sensors",
        "organization": null,
        "abstract": "Recent work has shown that, despite the minimal informa- tion provided by a binary proximity sensor, a network of such sensors can provide remarkably good target tracking performance. In this paper, we examine the performance of such a sensor network for tracking multiple targets. We begin with geometric arguments that address the problem of counting the number of distinct targets,",
        "conf": "Information Processing in Sensor Networks",
        "email": null,
        "coauthors": [
            "jaspreet singh",
            "upamanyu madhow",
            "subhash surii",
            "richard e. cagley"
        ],
        "keywords": "Cost Function,Generic Model,Greedy Algorithm,Infrared,Particle Filter,Probabilistic Approach,Sensor Network,Target Tracking,",
        "title_embedding": [],
        "abstract_embedding": []
    },
    {
        "id": 4688,
        "label": 857,
        "title": "Industrial service innovation growth and barriers",
        "organization": null,
        "abstract": NaN,
        "conf": "International Journal of Services Technology and Management",
        "email": null,
        "coauthors": [
            "sukhvir singh panesar",
            "tore markeset"
        ],
        "keywords": null,
        "title_embedding": [],
        "abstract_embedding": []
    },
    {
        "id": 4689,
        "label": 858,
        "title": "An Ontology-Based Approach to Heterogeneous Verification of Embedded Control Systems",
        "organization": null,
        "abstract": NaN,
        "conf": "Hybrid Systems",
        "email": null,
        "coauthors": [
            "bruce h. krogh",
            "peter h. feiler"
        ],
        "keywords": "Embedded Control System,",
        "title_embedding": [],
        "abstract_embedding": []
    },
    {
        "id": 4690,
        "label": 859,
        "title": "Interconnect and noise immunity design for the Pentium 4 processor",
        "organization": null,
        "abstract": "This paper describes the key challenges, design methods, CAD and learnings in the area of interconnect and noise immunity design for the Intel Pentium 4 processor.This high frequency (currently at 3 Ghz with 6 Ghz execution core) design required aggressive domino, pulsed and other novel high speed circuit families that are very noise sensitive. Controlling interconnect delay, capacitive and inductive",
        "conf": "Design Automation Conference",
        "email": null,
        "coauthors": [],
        "keywords": "High Frequency,High Performance,High Speed,Aspect Ratio,High Density,Design Method,Noise Robustness,Power Grid,",
        "title_embedding": [],
        "abstract_embedding": []
    },
    {
        "id": 4691,
        "label": 860,
        "title": "Fuzzy ideals and fuzzy semiprime ideals: Some ring theoretic analogues",
        "organization": null,
        "abstract": NaN,
        "conf": "Information Sciences",
        "email": null,
        "coauthors": [],
        "keywords": null,
        "title_embedding": [],
        "abstract_embedding": []
    },
    {
        "id": 4692,
        "label": 861,
        "title": "A Novel Approach for Detection of Alteration in Ball Pen Writings",
        "organization": null,
        "abstract": NaN,
        "conf": "Pattern Recognition and Machine Intelligence",
        "email": null,
        "coauthors": [
            "nikhil r. pal",
            "j. d. sharma",
            "bhabatosh chanda"
        ],
        "keywords": null,
        "title_embedding": [],
        "abstract_embedding": []
    }
]