[
    {
        "id": 4693,
        "label": 862,
        "title": "High-Flexibility Rekeying Processor for Key Management in Secure Multicast",
        "organization": null,
        "abstract": NaN,
        "conf": "Advanced Information Networking and Applications",
        "email": null,
        "coauthors": [
            "abdulhadi shoufan",
            "sorin a. huss"
        ],
        "keywords": "Key Management,Secure Multicast,",
        "title_embedding": [],
        "abstract_embedding": []
    },
    {
        "id": 4694,
        "label": 862,
        "title": "Compact AES-based Architecture for Symmetric Encryption, Hash Function, and Random Number Generation",
        "organization": null,
        "abstract": NaN,
        "conf": "Field-Programmable Logic and Applications",
        "email": null,
        "coauthors": [
            "oliver kelm",
            "sebastian schipp",
            "abdulhadi shoufan",
            "sorin a. huss"
        ],
        "keywords": "Hash Function,Random Number Generator,Symmetric Encryption,",
        "title_embedding": [],
        "abstract_embedding": []
    },
    {
        "id": 4695,
        "label": 862,
        "title": "A Novel Multiple Core Coprocessor Architecture for Efficient Server-Based Public Key Cryptographic Applications",
        "organization": null,
        "abstract": "We present an SoC-based cryptographic co-processor for server applications, which supports different public key cryptographic schemes. Its novel architecture comprises multiple cores and utilizes HW/SW co-design to support flexibility concerning the supported cryptographic schemes. The emphasis on servers shifts the focus to high throughput, while the usual metric in literature is low latency. Thus, to gain low latency, usual architectures",
        "conf": "Annual Symposium on VLSI",
        "email": null,
        "coauthors": [
            "h. gregor molter",
            "felix rieder",
            "sorin a. huss",
            "kartik saxena"
        ],
        "keywords": "hw/sw co-design,Low Latency,Processor Architecture,Public Key,High Throughput,",
        "title_embedding": [],
        "abstract_embedding": []
    },
    {
        "id": 4696,
        "label": 862,
        "title": "A Case Study on Partial Evaluation in Embedded Software Design",
        "organization": null,
        "abstract": "Abstract Source code generators are often applied in embedded systems design to combine the flexibility necessary for reusability with the performance,of highly specialized software. However, designing generators adds addi- tional complexity to the software development process. Partial Evaluation promises to provide some means of automation in generator development. This paper re- ports on our experiences with the implementation of a",
        "conf": "Software Technologies for Future Embedded and Ubiquitous Systems",
        "email": null,
        "coauthors": [
            "michael jung",
            "sorin a. huss"
        ],
        "keywords": "Case Study,Embedded Software,Embedded System Design,Operating System,Partial Evaluation,Software Development Process,Source Code,",
        "title_embedding": [],
        "abstract_embedding": []
    },
    {
        "id": 4697,
        "label": 862,
        "title": "Reliable Performance Evaluation of Rekeying Algorithms in Secure Multicast",
        "organization": null,
        "abstract": NaN,
        "conf": "Workshop on Wireless Mobile Multimedia",
        "email": null,
        "coauthors": [
            "abdulhadi shoufan",
            "sorin a. huss"
        ],
        "keywords": "Performance Evaluation,Secure Multicast,",
        "title_embedding": [],
        "abstract_embedding": []
    },
    {
        "id": 4698,
        "label": 862,
        "title": "Optimized Implementation of Elliptic Curve Based Additive Homomorphic Encryption for Wireless Sensor Networks",
        "organization": null,
        "abstract": "When deploying wireless sensor networks (WSNs) in pub- lic environments it may become necessary to secure their data storage and transmission against possible attacks such as node-compromise and eavesdropping. The nodes feature only small computational and energy resources, thus requir- ing ecient algorithms. As a solution for this problem the TinyPEDS approach was proposed in (7), which utilizes the Elliptic",
        "conf": "Computing Research Repository",
        "email": null,
        "coauthors": [
            "osman ugus",
            "dirk westhoff",
            "abdulhadi shoufan",
            "sorin a. huss"
        ],
        "keywords": "Data Storage,Elliptic Curve,Elliptic Curve Cryptography,Fixed Point,Homomorphic Encryption,Sensor Nodes,Wireless Sensor Network,",
        "title_embedding": [],
        "abstract_embedding": []
    },
    {
        "id": 4699,
        "label": 862,
        "title": "Parallel Memory Architecture for Elliptic Curve Cryptography over GF(p) Aimed at Efficient FPGA Implementation",
        "organization": null,
        "abstract": NaN,
        "conf": "Journal of Signal Processing Systems",
        "email": null,
        "coauthors": [
            "sorin a. huss"
        ],
        "keywords": "Elliptic Curve Cryptography,fpga implementation,Memory Architecture,",
        "title_embedding": [],
        "abstract_embedding": []
    }
]