[
    {
        "id": 4714,
        "label": 867,
        "title": "Dynamic Hierarchy Specification and Visualization",
        "organization": null,
        "abstract": "This paper describes concepts that underlie the design and implementation of an information exploration system that allows users to impose arbitrary hierarchical organizations on their data. Such hierarchies allow a user to embed important semantic information into the hierarchy definition. Our goal is to recognize the significance of this implicit information and to utilize it in the hierarchy visualization. The",
        "conf": "IEEE Symposium on Information Visualization",
        "email": null,
        "coauthors": [
            "r. daniel bergeron"
        ],
        "keywords": "Design and Implementation,Information Exploration,Semantic Information,",
        "title_embedding": [],
        "abstract_embedding": []
    }
]