[
    {
        "id": 4716,
        "label": 869,
        "title": "Replicating Experiments in \"Detour Behavior\" with Artifically Evolved Robots: An ALife Approach to Comparative Psychology",
        "organization": null,
        "abstract": "To be useful in psychology \"artificial organisms\" have to perform tasks comparable to those performed by animals. One way to achieve this is to replicate actual animal experiments. Here we reproduce an experiment show- ing \"detour behavior\" in chicks - a behavior usually explained in terms of \"cognitive maps\" or other forms of interna l representation . We artificially evolve",
        "conf": "European Conference on Artificial Life",
        "email": null,
        "coauthors": [
            "orazio miglino"
        ],
        "keywords": "Cognitive Map,Evolutionary Process,Bottom Up,",
        "title_embedding": [],
        "abstract_embedding": []
    },
    {
        "id": 4717,
        "label": 869,
        "title": "Genetic Redundancy in Evolving Populations of Simulated Robots",
        "organization": null,
        "abstract": NaN,
        "conf": "Artificial Life",
        "email": null,
        "coauthors": [
            "orazio miglino"
        ],
        "keywords": "Genetics,",
        "title_embedding": [],
        "abstract_embedding": []
    },
    {
        "id": 4718,
        "label": 869,
        "title": "Niche Selection' and the Evolution of a Complex Behavior in a Changing Environment--A Simulation",
        "organization": null,
        "abstract": NaN,
        "conf": "Artificial Life",
        "email": null,
        "coauthors": [],
        "keywords": null,
        "title_embedding": [],
        "abstract_embedding": []
    },
    {
        "id": 4719,
        "label": 869,
        "title": "Evolving an action-based mechanism for the interpretation of geometrical clues during robot navigation",
        "organization": null,
        "abstract": NaN,
        "conf": "Connection Science",
        "email": null,
        "coauthors": [
            "orazio miglino"
        ],
        "keywords": "Robot Navigation,",
        "title_embedding": [],
        "abstract_embedding": []
    },
    {
        "id": 4720,
        "label": 869,
        "title": "Memory Consolidation and Forgetting During Sleep: A Neural Network",
        "organization": null,
        "abstract": NaN,
        "conf": "Neural Processing Letters",
        "email": null,
        "coauthors": [
            "vincenzo russo"
        ],
        "keywords": "Memory Consolidation,Neural Network,",
        "title_embedding": [],
        "abstract_embedding": []
    },
    {
        "id": 4721,
        "label": 870,
        "title": "Introducing 'conversational' E-learning To Management Education : A Comparison Of Student Experiences From Two MIS Courses",
        "organization": null,
        "abstract": "This paper draws on the experiences of management education students following courses using a combination of e-learning and class-based learning methods at Nyenrode University. Evidence is taken from two international MBA courses in Management Information Systems, which followed the same pedagogical design but were delivered using contrasting IT platforms. Both courses were designed to support a \"conversational\" rather than \"instructional\"",
        "conf": "European Conference on Information Systems",
        "email": null,
        "coauthors": [
            "walter baets"
        ],
        "keywords": "Course Design,Knowledge Building,Learning Methods,Management Education,Management Information System,Skill Acquisition,Student Attitude,Student Experience,student-centred learning,",
        "title_embedding": [],
        "abstract_embedding": []
    },
    {
        "id": 4722,
        "label": 870,
        "title": "E-learning as a Vehicle for Knowledge Management",
        "organization": null,
        "abstract": "Nowadays, companies want to learn from their own experiences and to be able to enhance that experience with best principles and lessons learned from other companies. Companies emphasise the importance of knowledge management, particularly the relationship between knowledge and learning within an organisation. We feel that an e-learning environment may contribute to knowledge management on the one hand and to",
        "conf": "International Conference on Applications of Prolog",
        "email": null,
        "coauthors": [
            "sunil choenni",
            "robin bakker",
            "walter baets"
        ],
        "keywords": "E-learning Environment,Knowledge Management,Lessons Learned,",
        "title_embedding": [],
        "abstract_embedding": []
    }
]