[
    {
        "id": 4745,
        "label": 877,
        "title": "A multicast ATM switch with slotted ring fabric",
        "organization": null,
        "abstract": NaN,
        "conf": "International Conference on Computer Communications and Networks",
        "email": null,
        "coauthors": [],
        "keywords": null,
        "title_embedding": [],
        "abstract_embedding": []
    },
    {
        "id": 4746,
        "label": 877,
        "title": "A novel SVC mechanism for call connection and control in ATM networks",
        "organization": null,
        "abstract": NaN,
        "conf": "Computer Communications",
        "email": null,
        "coauthors": [
            "paul j. darby iii"
        ],
        "keywords": "Atm Networks,",
        "title_embedding": [],
        "abstract_embedding": []
    }
]