[
    {
        "id": 4741,
        "label": 874,
        "title": "Synchronizing clipboards of multiple computers",
        "organization": null,
        "abstract": "This paper describes a new technique for transferring data between computers, the synchronized clipboard. Multiple computers can share a synchronized clipboard for all clipboard operations, so that data copied to the clipboard from one computer, using the standard Copy command, can be pasted directly on another computer using the standard Paste command. Synchronized clipboards are well-suited for a single user",
        "conf": "User Interface Software and Technology",
        "email": null,
        "coauthors": [
            "brad a. myers"
        ],
        "keywords": "Data Transfer,Distributed System,Drag and Drop,Ubiquitous Computing,",
        "title_embedding": [],
        "abstract_embedding": []
    }
]