[
    {
        "id": 4743,
        "label": 876,
        "title": "Experiences with Honeypot Systems: Development, Deployment, and Analysis",
        "organization": null,
        "abstract": "This paper presents a summary of university re- search performed on honeypot techniques and summarizes the results Honeypots are computing resources that serve no other purpose on a network than to be a target for attackers, and log data about the attacks. Low-interaction and high-interaction honeypots were implemented and deployed on a university network, and data was logged and analyzed",
        "conf": "Hawaii International Conference on System Sciences",
        "email": null,
        "coauthors": [
            "rayford b. vaughn"
        ],
        "keywords": "Early Warning System,Insider Attack,Network Services,Operating System,Production System,Software Process,System Development,",
        "title_embedding": [],
        "abstract_embedding": []
    },
    {
        "id": 4744,
        "label": 876,
        "title": "Using Search Engines to Acquire Network Forensic Evidence",
        "organization": null,
        "abstract": NaN,
        "conf": "IFIP WG11.9 Publications - Digital Forensics",
        "email": null,
        "coauthors": [
            "rayford b. vaughn"
        ],
        "keywords": "Network Forensics,Search Engine,",
        "title_embedding": [],
        "abstract_embedding": []
    }
]