[
    {
        "id": 4831,
        "label": 893,
        "title": "Tweaking TBE/IBE to PKE Transforms with Chameleon Hash Functions",
        "organization": null,
        "abstract": "We present two transforms to acquire chosen ciphertext security from tag based techniques. The first one requires the separability of underlying primitives. By separability, informally, we mean the encryption algorithm has special structures and can process the identity and the message independently. Compared with generic transforms (8), it significantly reduces the ciphertext size overhead with only marginal computation cost. Compared",
        "conf": "Applied Cryptography and Network Security",
        "email": null,
        "coauthors": [],
        "keywords": "chosen-ciphertext security,Hash Function,Public Key Encryption,Security Requirements,Hierarchical Identity Based Encryption,",
        "title_embedding": [],
        "abstract_embedding": []
    },
    {
        "id": 4832,
        "label": 893,
        "title": "Short Signature and Universal Designated Verifier Signature Without Random Oracles",
        "organization": null,
        "abstract": "We propose the first universal designated verifier signature (UDVS) scheme whose security can be proven without random oracles, whereas the security of all previously known UDVS schemes are proven only when random oracles are assumed. To achieve our goal, we present a new short signature scheme without random oracles, which is a variant of BB04 signature (4). We also give",
        "conf": "Applied Cryptography and Network Security",
        "email": null,
        "coauthors": [
            "jun furukawa",
            "hideki imai"
        ],
        "keywords": "Public Key,Random Oracle,Short Signature,Universal Design,",
        "title_embedding": [],
        "abstract_embedding": []
    },
    {
        "id": 4833,
        "label": 893,
        "title": "On the Security of Cryptosystems with All-or-Nothing Transform",
        "organization": null,
        "abstract": "We study the data privacy of cryptosystems with All-or-Nothing transform (AONT). An AONT is an efficient computable transform with two properties: Given all thebits of its output, it is easy to retrieve the message. On the other hand, if sufficiently many bits of the output are missing, it is computationally infeasible for an polynomial-time adversary to learn any information about",
        "conf": "Applied Cryptography and Network Security",
        "email": null,
        "coauthors": [
            "goichiro hanaoka",
            "hideki imai"
        ],
        "keywords": "Chosen Ciphertext Attack,Data Privacy,Polynomial Time,Provable Security,Satisfiability,",
        "title_embedding": [],
        "abstract_embedding": []
    },
    {
        "id": 4834,
        "label": 893,
        "title": "Round Optimal Distributed Key Generation of Threshold Cryptosystem Based on Discrete Logarithm Problem",
        "organization": null,
        "abstract": "Distributed key generation is one of the most challenging tasks for threshold cryptosystems. Designing such a protocol and proving its security against a malicious, adaptive adversary are very important in practice. In this paper,we propose a one round distributed key generation protocol for discrete logarithm problem (DLP) based threshold cryptosystems. Our construction generalizes the scope of design of one round",
        "conf": "Applied Cryptography and Network Security",
        "email": null,
        "coauthors": [
            "hideki imai"
        ],
        "keywords": "Building Block,Discrete Logarithm Problem,It Security,Protocol Design,Verifiable Secret Sharing,",
        "title_embedding": [],
        "abstract_embedding": []
    },
    {
        "id": 4835,
        "label": 893,
        "title": "Efficient Identity-Based Encryption with Tight Security Reduction",
        "organization": null,
        "abstract": NaN,
        "conf": "Ieice Transactions",
        "email": null,
        "coauthors": [
            "nuttapong attrapadung",
            "jun furukawa",
            "takeshi gomi",
            "goichiro hanaoka",
            "hideki imai"
        ],
        "keywords": "Identity Based Encryption,",
        "title_embedding": [],
        "abstract_embedding": []
    },
    {
        "id": 4836,
        "label": 893,
        "title": "Generic Combination of Public Key Encryption with Keyword Search and Public Key Encryption",
        "organization": null,
        "abstract": "In this paper, we study the problem of secure integrating public key encryption with keyword search (PEKS) with public key data encryption (PKE). We argue the previous security model is not complete regarding keyword privacy and the previous constructions are secure only in the random oracle model. We solve these problems by first defining a new security model, then give",
        "conf": "Cryptology and Network Security",
        "email": null,
        "coauthors": [
            "hideki imai"
        ],
        "keywords": "Data Encryption,Keyword Search,Mobile Phone,Modular Design,Public Key,public key cryptosystem,Public Key Encryption,Random Oracle,Random Oracle Model,Security Model,Security Requirements,Semantic Security,",
        "title_embedding": [],
        "abstract_embedding": []
    },
    {
        "id": 4837,
        "label": 893,
        "title": "A generic construction of useful client puzzles",
        "organization": null,
        "abstract": "ABSTRACT Denial of Service (DoS) attacks are serious threats for net- work societies. For dealing with DoS attacks, Jakobsson and Juels first proposed the notion of useful client puzzles (UCPs) which simultaneously decrease servers burden and increase clients. In ACM CCS04, Diament, Lee, Keromytis, and Yung introduced the decryption-based UCPs. In this paper, we give a general framework for constructing",
        "conf": "Computer and Communications Security",
        "email": null,
        "coauthors": [
            "goichiro hanaoka",
            "hideki imai"
        ],
        "keywords": "Authenticated Encryption,Denial of Service,Dos Attack,Identity Based Encryption,Identity Based Cryptography,Provable Security,Random Oracle,Standard Model,",
        "title_embedding": [],
        "abstract_embedding": []
    },
    {
        "id": 4838,
        "label": 893,
        "title": "Improvements on Security Proofs of Some Identity Based Encryption Schemes",
        "organization": null,
        "abstract": NaN,
        "conf": "Conference on Information Security and Cryptology",
        "email": null,
        "coauthors": [
            "hideki imai"
        ],
        "keywords": "Identity Based Encryption,Security Proof,",
        "title_embedding": [],
        "abstract_embedding": []
    },
    {
        "id": 4839,
        "label": 893,
        "title": "Orthogonality between Key Privacy and Data Privacy, Revisited",
        "organization": null,
        "abstract": "Key privacy is a notion regarding the privacy of the owner of a public key, which has important ap- plications in building (receiver) anonymous channels, or privacy-enhanced authentication/signature schemes. Key privacy is considered to be an orthogonal (i.e., independent), notion from data privacy, while the key privacy of many public key encryption schemes has not been explored, though their data",
        "conf": "Conference on Information Security and Cryptology",
        "email": null,
        "coauthors": [
            "goichiro hanaoka",
            "hideki imai"
        ],
        "keywords": "Chosen Ciphertext Attack,Data Privacy,Data Security,Public Key,Public Key Encryption,Random Oracle Model,Signature Scheme,",
        "title_embedding": [],
        "abstract_embedding": []
    },
    {
        "id": 4840,
        "label": 893,
        "title": "Strong Anonymous Signatures",
        "organization": null,
        "abstract": NaN,
        "conf": "Conference on Information Security and Cryptology",
        "email": null,
        "coauthors": [
            "hideki imai"
        ],
        "keywords": null,
        "title_embedding": [],
        "abstract_embedding": []
    },
    {
        "id": 4841,
        "label": 893,
        "title": "On the Security of Multiple Encryption or CCA-security+CCA-security=CCA-security?",
        "organization": null,
        "abstract": "In a practical system, a message is often encrypted more than once by dieren t encryptions, here called multiple encryption, to enhance its security. Additionally, new features may be achieved by multiple en- crypting a message, such as the key-insulated cryptosystems and anony- mous channels. Intuitively, a multiple encryption should remain \\secure\", whenever there is one component cipher unbreakable in",
        "conf": "Public Key Cryptography",
        "email": null,
        "coauthors": [
            "goichiro hanaoka",
            "junji shikata",
            "hideki imai"
        ],
        "keywords": "Chosen Ciphertext Attack,It Security,Satisfiability,",
        "title_embedding": [],
        "abstract_embedding": []
    },
    {
        "id": 4842,
        "label": 893,
        "title": "Formal Security Treatments for Signatures from Identity-Based Encryption",
        "organization": null,
        "abstract": NaN,
        "conf": "Provable Security",
        "email": null,
        "coauthors": [
            "yang cui",
            "eiichiro fujisaki",
            "goichiro hanaoka",
            "hideki imai"
        ],
        "keywords": "Identity Based Encryption,",
        "title_embedding": [],
        "abstract_embedding": []
    },
    {
        "id": 4843,
        "label": 893,
        "title": "Efficient Identity-Based Encryption with Tight Security Reduction",
        "organization": null,
        "abstract": NaN,
        "conf": "Ieice Transactions",
        "email": null,
        "coauthors": [
            "nuttapong attrapadung",
            "jun furukawa",
            "takeshi gomi",
            "goichiro hanaoka",
            "hideki imai"
        ],
        "keywords": "Identity Based Encryption,",
        "title_embedding": [],
        "abstract_embedding": []
    },
    {
        "id": 4844,
        "label": 893,
        "title": "Formal Security Treatments for IBE-to-Signature Transformation: Relations among Security Notions",
        "organization": null,
        "abstract": "In a seminal paper of identity based encryption (IBE), Boneh and Franklin (BF01) mentioned an interesting transform from an IBE scheme to a signature scheme, which was observed by Moni Naor. In this paper, we give formal security treatments for this transform and discover several implications and separations among security notions of IBE and transformed signature. For example, we show",
        "conf": "Ieice Transactions",
        "email": null,
        "coauthors": [
            "yang cui",
            "eiichiro fujisaki",
            "goichiro hanaoka",
            "hideki imai"
        ],
        "keywords": "Digital Signature,Identity Based Encryption,Security Proof,Semantic Security,Signature Scheme,",
        "title_embedding": [],
        "abstract_embedding": []
    },
    {
        "id": 4845,
        "label": 893,
        "title": "Combining Public Key Encryption with Keyword Search and Public Key Encryption",
        "organization": null,
        "abstract": "In this paper, we study the problem of secure integrating public key encryption with keyword search (PEKS) with public key data encryption (PKE). We argue the previous security model is not complete regarding keyword privacy and the previous constructions are secure only in the random oracle model. We solve these problems by rst dening a new security model, then give",
        "conf": "Ieice Transactions",
        "email": null,
        "coauthors": [
            "hideki imai"
        ],
        "keywords": "Data Encryption,Keyword Search,Mobile Phone,Modular Design,Public Key,Public Key Encryption,Random Oracle,Random Oracle Model,Security Model,",
        "title_embedding": [],
        "abstract_embedding": []
    },
    {
        "id": 4846,
        "label": 894,
        "title": "RoleVAT: Visual Assessment of Practical Need for Role Based Access Control",
        "organization": null,
        "abstract": NaN,
        "conf": "Annual Computer Security Applications Conference",
        "email": null,
        "coauthors": [
            "dana zhang",
            "kotagiri ramamohanarao",
            "steven versteeg"
        ],
        "keywords": "Role Based Access Control,",
        "title_embedding": [],
        "abstract_embedding": []
    },
    {
        "id": 4847,
        "label": 894,
        "title": "Effective Density Queries on ContinuouslyMoving Objects",
        "organization": null,
        "abstract": "Abstract This paper assumes a setting where a population of objects move continuously in the Euclidean plane. The position of each object, modeled as a linear function from time to points, is assumed known. In this setting, the paper studies the querying for dense regions. In particular, the paper denes,a particular type of density query with desirable properties and then",
        "conf": "International Conference on Data Engineering",
        "email": null,
        "coauthors": [
            "christian s. jensen",
            "dan lin",
            "beng chin ooi"
        ],
        "keywords": "Empirical Study,Indexation,linear functionals,Moving Object,Object Model,",
        "title_embedding": [],
        "abstract_embedding": []
    },
    {
        "id": 4848,
        "label": 894,
        "title": "Mining distribution change in stock order streams",
        "organization": null,
        "abstract": NaN,
        "conf": "International Conference on Data Engineering",
        "email": null,
        "coauthors": [
            "xiaoyan liu",
            "xindong wu",
            "huaiqing wang",
            "james bailey",
            "kotagiri ramamohanarao"
        ],
        "keywords": null,
        "title_embedding": [],
        "abstract_embedding": []
    },
    {
        "id": 4849,
        "label": 894,
        "title": "Continuous Intersection Joins Over Moving Objects",
        "organization": null,
        "abstract": "The continuous intersection join query is compu- tationally expensive yet important for various applications on moving objects. No previous study has specifically addressed this query type. We can adopt a naive algorithm or extend an existing technique (TP-Join) to process the query. However, they compute the answer for either too long or too short a time interval, which results in",
        "conf": "International Conference on Data Engineering",
        "email": null,
        "coauthors": [
            "dan lin",
            "kotagiri ramamohanarao",
            "elisa bertino"
        ],
        "keywords": "Experimental Study,Moving Object,Query Processing,",
        "title_embedding": [],
        "abstract_embedding": []
    },
    {
        "id": 4850,
        "label": 894,
        "title": "Making the Pyramid Technique Robust to Query Types and Workloads",
        "organization": null,
        "abstract": "The effectiveness of many existing high-dimensional in- dexing structures is limited to specific types of queries and workloads. For example, while the Pyramid technique and the iMinMax are efficient for window queries, the iDistance is superior for kNN queries. In this paper, we present a new structure, called the P+-tree, that supports both win- dow queries and kNN queries under",
        "conf": "International Conference on Data Engineering",
        "email": null,
        "coauthors": [
            "beng chin ooi",
            "kian-lee tan"
        ],
        "keywords": "High Dimensionality,Indexation,Space Use,",
        "title_embedding": [],
        "abstract_embedding": []
    },
    {
        "id": 4851,
        "label": 894,
        "title": "Multiple aggregations over data streams",
        "organization": null,
        "abstract": "Monitoring aggregates on IP traffic data streams is a compelling application for data stream management systems. The need for exploratory IP traffic data analysis naturally leads to posing related aggregation queries on data streams, that differ only in the choice of grouping attributes. In this paper, we address this problem of efficiently computing multiple aggregations over high speed data streams,",
        "conf": "International Conference on Management of Data",
        "email": null,
        "coauthors": [
            "nick koudas",
            "beng chin ooi",
            "divesh srivastava"
        ],
        "keywords": "Cost Optimization,Data Analysis,Data Stream,Data Stream Management System,Experimental Study,Greedy Heuristic,High Speed,Optimization Problem,Synthetic Data,",
        "title_embedding": [],
        "abstract_embedding": []
    },
    {
        "id": 4852,
        "label": 894,
        "title": "Approximate NN queries on Streams with Guaranteed Error/performance Bounds",
        "organization": null,
        "abstract": "Abstract In data stream applications, data arrive con - tinuously and can only be scanned once as the query processor has very limited memory (rel - ative to the size of the stream) to work with Hence, queries on data streams do not have ac - cess to the entire data set and query answers are typically approximate While there",
        "conf": "Very Large Data Bases",
        "email": null,
        "coauthors": [
            "nick koudas",
            "beng chin ooi",
            "kian-lee tan"
        ],
        "keywords": "Data Distribution,Data Stream,Indexation,Nearest Neigh Bor,Performance Bounds,Query Answering,Query Processing,Space Filling Curve,Multi Dimensional,Nearest Neighbor,",
        "title_embedding": [],
        "abstract_embedding": []
    },
    {
        "id": 4853,
        "label": 894,
        "title": "Similarity Search: A Matching Based Approach",
        "organization": null,
        "abstract": "ABSTRACT Similarity search is a crucial task in multimedia retrieval and data mining. Most existing work has modelled this problem as the nearest neighbor (NN) problem, which considers the distance between the query object and the data objects over a fixed set of features. Such an approach has two drawbacks: 1) it leaves many,partial similarities uncovered; 2) the distance is",
        "conf": "Very Large Data Bases",
        "email": null,
        "coauthors": [
            "anthony k. h. tung",
            "nick koudas",
            "beng chin ooi"
        ],
        "keywords": "Answer Sets,Data Mining,Experimental Study,Information Retrieval,Multimedia Retrieval,Search Algorithm,Similarity Search,Synthetic Data,Nearest Neighbor,",
        "title_embedding": [],
        "abstract_embedding": []
    },
    {
        "id": 4854,
        "label": 894,
        "title": "Indexing Fast Moving Objects for kNN Queries Based on Nearest Landmarks",
        "organization": null,
        "abstract": "With the rapid advancements in positioning technologies such as the Global Positioning System (GPS) and wireless communications, the tracking of continuously moving objects has become more convenient. However, this devel- opment poses new challenges to database technology since maintaining up-to-date information regarding the location of moving objects incurs an enormous amount of updates. Existing indexes can no longer keep up",
        "conf": "Geoinformatica",
        "email": null,
        "coauthors": [
            "dan lin",
            "aoying zhou"
        ],
        "keywords": "Global Position System,Index Structure,Indexation,K Nearest Neighbor,Moving Object,Nearest Neighbor Queries,Reference Point,Wireless Communication,",
        "title_embedding": [],
        "abstract_embedding": []
    },
    {
        "id": 4855,
        "label": 894,
        "title": "High-dimensional kNN joins with incremental updates",
        "organization": null,
        "abstract": NaN,
        "conf": "Geoinformatica",
        "email": null,
        "coauthors": [
            "cui yu",
            "yaochun huang",
            "hui xiong"
        ],
        "keywords": "High Dimensionality,",
        "title_embedding": [],
        "abstract_embedding": []
    },
    {
        "id": 4856,
        "label": 894,
        "title": "Enhancing the B+tree by dynamic node popularity caching",
        "organization": null,
        "abstract": NaN,
        "conf": "Information Processing Letters",
        "email": null,
        "coauthors": [
            "cui yu",
            "james bailey",
            "julian montefusco",
            "jiling zhong"
        ],
        "keywords": null,
        "title_embedding": [],
        "abstract_embedding": []
    },
    {
        "id": 4857,
        "label": 894,
        "title": "Optimized algorithms for predictive range and KNN queries on moving objects",
        "organization": null,
        "abstract": NaN,
        "conf": "Information Systems",
        "email": null,
        "coauthors": [
            "h. v. jagadish",
            "bing tian dai",
            "kotagiri ramamohanarao"
        ],
        "keywords": "Moving Object,Optimal Algorithm,",
        "title_embedding": [],
        "abstract_embedding": []
    },
    {
        "id": 4858,
        "label": 894,
        "title": "iDistance: An adaptive B + tree based indexing method for nearest neighbor search",
        "organization": null,
        "abstract": "In this article, we present an efficient B&plus;-tree based indexing method, called iDistance, for K-nearest neighbor (KNN) search in a high-dimensional metric space. iDistance partitions the data based on a space- or data-partitioning strategy, and selects a reference point for each partition. The data points in each partition are transformed into a single dimensional value based on their similarity with",
        "conf": "ACM Transactions on Database Systems",
        "email": null,
        "coauthors": [
            "h. v. jagadish",
            "beng chin ooi",
            "kian-lee tan",
            "cui yu"
        ],
        "keywords": "Cost Model,Data Distribution,Data Partitioning,High Dimensionality,Index Structure,Indexation,Indexing Method,K Nearest Neighbor,Metric Space,Nearest Neighbor Queries,Nearest Neighbor Search,Query Optimization,Reference Point,Tree Structure,",
        "title_embedding": [],
        "abstract_embedding": []
    },
    {
        "id": 4859,
        "label": 894,
        "title": "Generalized multidimensional data mapping and query processing",
        "organization": null,
        "abstract": "Multidimensional data points can be mapped to one-dimensional space to exploit single dimensional indexing structures such as the B&plus;-tree. In this article we present a Generalized structure for data Mapping and query Processing (GiMP), which supports extensible mapping methods and query processing. GiMP can be easily customized to behave like many competent indexing mechanisms for multi-dimensional indexing, such as the",
        "conf": "ACM Transactions on Database Systems",
        "email": null,
        "coauthors": [
            "panos kalnis",
            "beng chin ooi",
            "kian-lee tan"
        ],
        "keywords": "Index Structure,Indexation,Multidimensional Data,Query Processing,Multi Dimensional,",
        "title_embedding": [],
        "abstract_embedding": []
    },
    {
        "id": 4860,
        "label": 894,
        "title": "Streaming multiple aggregations using phantoms",
        "organization": null,
        "abstract": "Data streams characterize the high speed and large volume input of a new class of applications such as net- work monitoring, web content analysis and sensor networks. Among these applications, network monitoring may be the most compelling one - the backbone of a large Internet ser- vice provider can generate 1 petabyte of data per day. For many network monitoring",
        "conf": "The Vldb Journal",
        "email": null,
        "coauthors": [
            "nick koudas",
            "beng chin ooi",
            "divesh srivastava",
            "pu zhou"
        ],
        "keywords": "Adaptive Algorithm,Content Analysis,Data Stream,Data Stream Management System,High Speed,Network Monitoring,Query Optimization,Query Processing,Sensor Network,Traffic Analysis,",
        "title_embedding": [],
        "abstract_embedding": []
    },
    {
        "id": 4861,
        "label": 894,
        "title": "iDistance Techniques",
        "organization": null,
        "abstract": NaN,
        "conf": NaN,
        "email": null,
        "coauthors": [
            "h. v. jagadish",
            "beng chin ooi"
        ],
        "keywords": null,
        "title_embedding": [],
        "abstract_embedding": []
    },
    {
        "id": 4862,
        "label": 895,
        "title": "Using Time Decompositions to Analyze PubMed Abstracts",
        "organization": null,
        "abstract": NaN,
        "conf": "IEEE Symposium on Computer-Based Medical Systems",
        "email": null,
        "coauthors": [
            "parvathi chundi"
        ],
        "keywords": null,
        "title_embedding": [],
        "abstract_embedding": []
    },
    {
        "id": 4863,
        "label": 895,
        "title": "Efficient Algorithms for Constructing Time Decompositions of Time Stamped Documents",
        "organization": null,
        "abstract": NaN,
        "conf": "Database and Expert Systems Applications",
        "email": null,
        "coauthors": [
            "parvathi chundi",
            "daniel j. rosenkrantz"
        ],
        "keywords": "Efficient Algorithm,",
        "title_embedding": [],
        "abstract_embedding": []
    },
    {
        "id": 4864,
        "label": 896,
        "title": "A Generalized Global Convergence Theory of Projection-Type Neural Networks for Optimization",
        "organization": null,
        "abstract": NaN,
        "conf": "Computational and Information Science",
        "email": null,
        "coauthors": [
            "zongben xu"
        ],
        "keywords": "Global Convergence,Neural Network,",
        "title_embedding": [],
        "abstract_embedding": []
    },
    {
        "id": 4865,
        "label": 896,
        "title": "When Does Online BP Training Converge?",
        "organization": null,
        "abstract": NaN,
        "conf": "IEEE Transactions on Neural Networks",
        "email": null,
        "coauthors": [
            "zongben xu",
            "wen-feng jing"
        ],
        "keywords": null,
        "title_embedding": [],
        "abstract_embedding": []
    }
]