[
    {
        "id": 4866,
        "label": 897,
        "title": "Location-Based Botany Guide: A Prototype of Web-Based Tracking and Guiding",
        "organization": null,
        "abstract": NaN,
        "conf": "MOBILe Wireless MiddleWARE",
        "email": null,
        "coauthors": [
            "gerhard schneider"
        ],
        "keywords": null,
        "title_embedding": [],
        "abstract_embedding": []
    },
    {
        "id": 4867,
        "label": 898,
        "title": "UCAV path planning based on Ant Colony Optimization and satisficing decision algorithm",
        "organization": null,
        "abstract": NaN,
        "conf": "IEEE Congress on Evolutionary Computation",
        "email": null,
        "coauthors": [
            "haibin duan",
            "yaxiang yu"
        ],
        "keywords": "Ant Colony Optimization,Path Planning,",
        "title_embedding": [],
        "abstract_embedding": []
    },
    {
        "id": 4868,
        "label": 899,
        "title": "Foldable subunits of helix protein",
        "organization": null,
        "abstract": NaN,
        "conf": "Computational Biology and Chemistry / Computers & Chemistry",
        "email": null,
        "coauthors": [
            "yi he",
            "yanzhao huang",
            "yi xiao"
        ],
        "keywords": null,
        "title_embedding": [],
        "abstract_embedding": []
    },
    {
        "id": 4869,
        "label": 900,
        "title": "MICE: An Efficient Grid Scheme for Mathematical Computing",
        "organization": null,
        "abstract": NaN,
        "conf": "Asia-Pacific Services Computing Conference",
        "email": null,
        "coauthors": [
            "yang yi",
            "li liu",
            "lian li",
            "zhenfang li"
        ],
        "keywords": null,
        "title_embedding": [],
        "abstract_embedding": []
    },
    {
        "id": 4870,
        "label": 901,
        "title": "A Kind of New Strengthening Buffer Operator and Its Characteristics",
        "organization": null,
        "abstract": NaN,
        "conf": "Database Technology and Applications",
        "email": null,
        "coauthors": [
            "jun-jie li",
            "yong wei"
        ],
        "keywords": null,
        "title_embedding": [],
        "abstract_embedding": []
    }
]