[
    {
        "id": 4897,
        "label": 906,
        "title": "Privacy Preserving in Clustering using Fuzzy Sets",
        "organization": null,
        "abstract": NaN,
        "conf": "Int. Conf. on Data Mining",
        "email": null,
        "coauthors": [
            "k. v. s. v. n. raju",
            "p. kusuma kumari"
        ],
        "keywords": "Fuzzy Set,Privacy Preservation,",
        "title_embedding": [],
        "abstract_embedding": []
    },
    {
        "id": 4898,
        "label": 906,
        "title": "A Graph Based Approach to Extract a Neighborhood Customer Community for Collaborative Filtering",
        "organization": null,
        "abstract": NaN,
        "conf": "Databases in Networked Information Systems",
        "email": null,
        "coauthors": [
            "p. krishna reddy",
            "masaru kitsuregawa",
            "p. sreekanth"
        ],
        "keywords": "Collaborative Filtering,",
        "title_embedding": [],
        "abstract_embedding": []
    }
]