[
    {
        "id": 4910,
        "label": 912,
        "title": "Authenticating Feedback in Multicast Applications Using a Novel Multisignature Scheme Based on Cubic LFSR Sequences",
        "organization": null,
        "abstract": NaN,
        "conf": "Advanced Information Networking and Applications",
        "email": null,
        "coauthors": [
            "santosh chandrasekhar",
            "mukesh singhal",
            "kenneth l. calvert"
        ],
        "keywords": null,
        "title_embedding": [],
        "abstract_embedding": []
    },
    {
        "id": 4911,
        "label": 912,
        "title": "Authenticating DSR Using a Novel Multisignature Scheme Based on Cubic LFSR Sequences",
        "organization": null,
        "abstract": "The problem of secure routing in mobile ad hoc networks is long-standing and has been extensively studied by researchers. Re- cently, techniques of aggregating signatures have been applied to au- thenticate on demand routing protocols in mobile ad hoc networks. In this paper, we propose an efficient, single round multisignature scheme, CLFSR-M, constructed using cubic (third-order) linear feedback shift reg-",
        "conf": "European Workshop on Security in Ad-hoc and Sensor Networks",
        "email": null,
        "coauthors": [
            "santosh chandrasekhar",
            "mukesh singhal",
            "kenneth l. calvert"
        ],
        "keywords": "Communication Cost,Dynamic Source Routing,Mobile Ad Hoc Network,on-demand routing protocol,Public Key,Route Discovery,Secure Routing,Signature Scheme,Small World,Special Functions,Theoretical Analysis,Trusted Third Party,",
        "title_embedding": [],
        "abstract_embedding": []
    },
    {
        "id": 4912,
        "label": 912,
        "title": "Efficient Proxy Signatures For Ubiquitous Computing",
        "organization": null,
        "abstract": NaN,
        "conf": "Sensor Networks, Ubiquitous, and Trustworthy Computing",
        "email": null,
        "coauthors": [
            "santosh chandrasekhar",
            "mukesh singhal"
        ],
        "keywords": "Proxy Signature,Ubiquitous Computing,",
        "title_embedding": [],
        "abstract_embedding": []
    },
    {
        "id": 4913,
        "label": 912,
        "title": "Password-Based Authentication: Preventing Dictionary Attacks",
        "organization": null,
        "abstract": NaN,
        "conf": "IEEE Computer",
        "email": null,
        "coauthors": [
            "mukesh singhal"
        ],
        "keywords": "Dictionary Attack,password-based authentication,",
        "title_embedding": [],
        "abstract_embedding": []
    },
    {
        "id": 4914,
        "label": 912,
        "title": "An escrow-less identity-based group-key agreement protocol for dynamic peer groups",
        "organization": null,
        "abstract": NaN,
        "conf": "International Journal of Security and Networks",
        "email": null,
        "coauthors": [
            "santosh chandrasekhar",
            "mukesh singhal"
        ],
        "keywords": "Group Key Agreement,",
        "title_embedding": [],
        "abstract_embedding": []
    },
    {
        "id": 4915,
        "label": 912,
        "title": "A distributed multi-party key agreement protocol for dynamic collaborative groups using ECC",
        "organization": null,
        "abstract": NaN,
        "conf": "Journal of Parallel and Distributed Computing",
        "email": null,
        "coauthors": [
            "venkata c. giruka",
            "mukesh singhal"
        ],
        "keywords": "Key Agreement Protocol,",
        "title_embedding": [],
        "abstract_embedding": []
    },
    {
        "id": 4916,
        "label": 912,
        "title": "An Efficient and Scalable Quasi-Aggregate Signature Scheme Based on LFSR Sequences",
        "organization": null,
        "abstract": NaN,
        "conf": "IEEE Transactions on Parallel and Distributed Systems",
        "email": null,
        "coauthors": [
            "santosh chandrasekhar",
            "mukesh singhal",
            "kenneth l. calvert"
        ],
        "keywords": "Signature Scheme,",
        "title_embedding": [],
        "abstract_embedding": []
    }
]