[
    {
        "id": 4920,
        "label": 914,
        "title": "Multiobjective Optimization Using Adjoint Gradient Enhanced Approximation Models for Genetic Algorithms",
        "organization": null,
        "abstract": NaN,
        "conf": "Computational Science and Its Applications",
        "email": null,
        "coauthors": [
            "hyoung-seog chung"
        ],
        "keywords": "Genetic Algorithm,multiobjective optimization,",
        "title_embedding": [],
        "abstract_embedding": []
    },
    {
        "id": 4921,
        "label": 915,
        "title": "RoF Technologies for In-Building Wireless Systems",
        "organization": null,
        "abstract": NaN,
        "conf": "Ieice Transactions",
        "email": null,
        "coauthors": [
            "seongtaek hwang",
            "hoon kim",
            "byungjik kim",
            "sung kee kim",
            "jaehoon lee",
            "hanlim lee",
            "yonggyoo kim",
            "gyuwoong lee",
            "oh yunje"
        ],
        "keywords": "Wireless Systems,",
        "title_embedding": [],
        "abstract_embedding": []
    }
]