[
    {
        "id": 4927,
        "label": 918,
        "title": "An 8bit 1.8 V 500 MS/s CMOS DAC with a novel four-stage current steering architecture",
        "organization": null,
        "abstract": NaN,
        "conf": "IEEE International Symposium on Circuits and Systems",
        "email": null,
        "coauthors": [
            "ravi sankar prasad",
            "sanjoy kumar dey",
            "vinay belde",
            "swapna banerjee"
        ],
        "keywords": null,
        "title_embedding": [],
        "abstract_embedding": []
    }
]