[
    {
        "id": 4929,
        "label": 920,
        "title": "CSBIterKmeans: A New Clustering Algorithm Based on Quantitative Assessment of the Clustering Quality",
        "organization": null,
        "abstract": NaN,
        "conf": "Machine Learning and Data Mining in Pattern Recognition",
        "email": null,
        "coauthors": [
            "tarek smaoui",
            "christian muller-schloer"
        ],
        "keywords": "Cluster Algorithm,",
        "title_embedding": [],
        "abstract_embedding": []
    },
    {
        "id": 4930,
        "label": 921,
        "title": "Evaluating the Biometric Sample Quality of Handwritten Signatures",
        "organization": null,
        "abstract": "This paper addresses the problem of evaluating the quality of handwritten signatures used for biometric authentication. It is shown that some signature samples yield significantly worse performance than other samples from the same person. Thus, the importance of good ref- erence samples is emphasized. We also give some examples of features that are related to the signature stability and show",
        "conf": "International Conference on Biometrics",
        "email": null,
        "coauthors": [
            "olaf henniger"
        ],
        "keywords": "Biometric Authentication,",
        "title_embedding": [],
        "abstract_embedding": []
    },
    {
        "id": 4931,
        "label": 921,
        "title": "Distributed Attribute-Based Encryption",
        "organization": null,
        "abstract": NaN,
        "conf": "Information Security and Cryptology",
        "email": null,
        "coauthors": [
            "stefan katzenbeisser",
            "claudia eckert"
        ],
        "keywords": "Attribute Based Encryption,",
        "title_embedding": [],
        "abstract_embedding": []
    }
]