[
    {
        "id": 4957,
        "label": 929,
        "title": "The Triconnected Abstraction of Process Models",
        "organization": null,
        "abstract": NaN,
        "conf": "Business Process Management",
        "email": null,
        "coauthors": [
            "artem polyvyanyy",
            "mathias weske"
        ],
        "keywords": "Process Model,",
        "title_embedding": [],
        "abstract_embedding": []
    },
    {
        "id": 4958,
        "label": 929,
        "title": "On Application of Structural Decomposition for Process Model Abstraction",
        "organization": null,
        "abstract": "Real world business process models may consist of hundreds of elements and have sophisticated structure. Although there are tasks where such models are valu- able and appreciated, in general complexity has a negative influence on model compre- hension and analysis. Thus, means for managing the complexity of process models are needed. One approach is abstraction of business process modelscreation of",
        "conf": "Business Process and Services Computing",
        "email": null,
        "coauthors": [
            "artem polyvyanyy",
            "mathias weske"
        ],
        "keywords": "Business Process Model,Process Model,",
        "title_embedding": [],
        "abstract_embedding": []
    },
    {
        "id": 4959,
        "label": 929,
        "title": "Process Model Abstraction: A Slider Approach",
        "organization": null,
        "abstract": "Process models provide companies efficient means for managing their business processes. Tasks where process models are employed are different by nature and require models of various abstraction levels. However, maintain- ing several models of one business process involves a lot of synchronization effort and is erroneous. Business process model abstraction assumes a detailed model of a process to be available",
        "conf": "Enterprise Distributed Object Computing Conference",
        "email": null,
        "coauthors": [
            "artem polyvyanyy",
            "mathias weske"
        ],
        "keywords": "Business Process,Business Process Model,Coarse Grained,Process Model,",
        "title_embedding": [],
        "abstract_embedding": []
    },
    {
        "id": 4960,
        "label": 929,
        "title": "Action Patterns in Business Process Models",
        "organization": null,
        "abstract": "Business process management experiences a large uptake by the industry, and process models play an important role in the analysis and improvement of processes. While an increasing number of sta becomes involved in actual modeling practice, it is crucial to assure model quality and homogeneity along with providing suitable aids for creating models. In this paper we consider the problem",
        "conf": "International Conference on Service Oriented Computing",
        "email": null,
        "coauthors": [
            "matthias weidlich",
            "jan mendling",
            "mathias weske"
        ],
        "keywords": "Association Rule Mining,Business Process,Business Process Management,Business Process Model,Process Model,Reference Model,",
        "title_embedding": [],
        "abstract_embedding": []
    },
    {
        "id": 4961,
        "label": 929,
        "title": "Reducing Complexity of Large EPCs",
        "organization": null,
        "abstract": "Business processes are an important instrument for understanding and im- proving how companies provide goods and services to customers. Therefore, many companies have documented their business processes well, often in the Event-driven Process Chains (EPC). Unfortunately, in many cases the resulting EPCs are rather complex, so that the overall process logic is hidden in low level process details. This paper",
        "conf": "Modellierung betrieblicher Informationssyteme, MobIS",
        "email": null,
        "coauthors": [
            "artem polyvyanyy",
            "mathias weske"
        ],
        "keywords": "Business Process,Event Driven Process Chain,Process Model,",
        "title_embedding": [],
        "abstract_embedding": []
    },
    {
        "id": 4962,
        "label": 929,
        "title": "Refactoring of Process Model Activity Labels",
        "organization": null,
        "abstract": NaN,
        "conf": "Applications of Natural Language to Data Bases",
        "email": null,
        "coauthors": [
            "henrik leopold",
            "jan mendling"
        ],
        "keywords": "Process Model,",
        "title_embedding": [],
        "abstract_embedding": []
    },
    {
        "id": 4963,
        "label": 929,
        "title": "Resolution of Compliance Violation in Business Process Models: A Planning-Based Approach",
        "organization": null,
        "abstract": "Keeping business processes compliant with regulations is of major im- portance for companies. Considering the huge number of models each company possesses, automation of compliance maintenance becomes essential. Therefore, many approaches focused on automation of various aspects of compliance prob- lem, e.g., compliance verification. Such techniques allow localizing the problem within the process model. However, they are not able to",
        "conf": "OTM Workshops",
        "email": null,
        "coauthors": [
            "ahmed awad",
            "mathias weske"
        ],
        "keywords": "Automated Planning,Business Process,Business Process Model,Process Model,",
        "title_embedding": [],
        "abstract_embedding": []
    }
]