[
    {
        "id": 4964,
        "label": 930,
        "title": "A Metal Model Approach using UML for Task Assignment Policy in Software Process",
        "organization": null,
        "abstract": NaN,
        "conf": "Asia-Pacific Software Engineering Conference",
        "email": null,
        "coauthors": [
            "junho shim",
            "chisu wu"
        ],
        "keywords": "Software Process,Task Assignment,",
        "title_embedding": [],
        "abstract_embedding": []
    },
    {
        "id": 4965,
        "label": 930,
        "title": "PROMOD: A Modeling Tool for Product Ontology",
        "organization": null,
        "abstract": NaN,
        "conf": "Data Engineering Issues in E-Commerce",
        "email": null,
        "coauthors": [
            "kyunghwa kim",
            "moonhee tark",
            "hyunja lee",
            "junho shim",
            "junsoo lee"
        ],
        "keywords": "Modeling Tool,",
        "title_embedding": [],
        "abstract_embedding": []
    },
    {
        "id": 4966,
        "label": 930,
        "title": "A Unified Approach for Software Policy Modeling: Incorporating Implementation into a Modeling Methodology",
        "organization": null,
        "abstract": NaN,
        "conf": "Object-Oriented and Entity-Relationship Modelling/International Conference on Conceptual Modeling / the Entity Relationship Approach",
        "email": null,
        "coauthors": [
            "junho shim",
            "chisu wu"
        ],
        "keywords": "Modeling Methodology,",
        "title_embedding": [],
        "abstract_embedding": []
    },
    {
        "id": 4967,
        "label": 931,
        "title": "A New Wavelet-Based Digital Watermarking Using Human Visual System and Subband Adaptive Threshold",
        "organization": null,
        "abstract": NaN,
        "conf": "Image Processing, Image Quality, Image Capture Systems Conference",
        "email": null,
        "coauthors": [
            "in-sung ha",
            "seong geun kwon",
            "ki-ryong kwon",
            "kuhn-il lee"
        ],
        "keywords": "adaptive thresholding,Digital Watermark,Human Visual System,",
        "title_embedding": [],
        "abstract_embedding": []
    },
    {
        "id": 4968,
        "label": 931,
        "title": "Selective Multi-Resolution Motion Estimation Using Half-pixel Accuracy and Characteristics of Motion Vectors",
        "organization": null,
        "abstract": NaN,
        "conf": "Image Processing, Image Quality, Image Capture Systems Conference",
        "email": null,
        "coauthors": [
            "seong geun kwon",
            "suk hwan lee",
            "jong-won lee",
            "in-sung ha",
            "kuhn-il lee"
        ],
        "keywords": "Motion Estimation,Multi Resolution,Motion Vector,",
        "title_embedding": [],
        "abstract_embedding": []
    },
    {
        "id": 4969,
        "label": 931,
        "title": "Postprocessing Algorithm for Quantization Noise Reduction Using Block Classification and Adaptive Filtering",
        "organization": null,
        "abstract": NaN,
        "conf": "Image Processing, Image Quality, Image Capture Systems Conference",
        "email": null,
        "coauthors": [
            "suk hwan lee",
            "seong geun kwon",
            "jong-won lee",
            "kuhn-il lee"
        ],
        "keywords": "Adaptive Filter,Quantization Noise,",
        "title_embedding": [],
        "abstract_embedding": []
    },
    {
        "id": 4970,
        "label": 931,
        "title": "A New Bocking Artifact Reduction Algorithm Using Adaptive Filter Based on the Classification of Block Boundary Area",
        "organization": null,
        "abstract": NaN,
        "conf": "Image Processing, Image Quality, Image Capture Systems Conference",
        "email": null,
        "coauthors": [
            "jong-won lee",
            "gun woo lee",
            "suk hwan lee",
            "seong geun kwon",
            "kuhn-il lee"
        ],
        "keywords": "Adaptive Filter,",
        "title_embedding": [],
        "abstract_embedding": []
    },
    {
        "id": 4971,
        "label": 932,
        "title": "Motion Duplication Control for Distributed Dynamic Systems by Natural Damping",
        "organization": null,
        "abstract": "Abstract This paper,proposes,a motion,duplication,control scheme, which not only synchronizes motions between two distributed separate dynamic,systems but also perfectly preserves prescribed,dynamics. The proposed,scheme,sophisticatedly uti- lizes two-way Smith predictor to meet the simultaneous,purposes. Closed loop behavior is mathematically investigated, and stability via natural damping and robustness are analyzed over the system, by examining,the characteristic equation,with delay components. Ways,to compute,robust stability margins,are presented,under",
        "conf": "International Conference on Robotics and Automation",
        "email": null,
        "coauthors": [
            "joono cheong",
            "jung kim"
        ],
        "keywords": "Characteristic Equation,Distribution Dynamics,Dynamic System,Robust Stability,Smith Predictor,",
        "title_embedding": [],
        "abstract_embedding": []
    },
    {
        "id": 4972,
        "label": 933,
        "title": "Development of Requirement Driven Design Concept Selection Process in Aerospace System",
        "organization": null,
        "abstract": NaN,
        "conf": "Computational Science and Its Applications",
        "email": null,
        "coauthors": [
            "hyeong-uk park",
            "mee-young park",
            "jae-woo lee",
            "yung-hwan byun"
        ],
        "keywords": null,
        "title_embedding": [],
        "abstract_embedding": []
    }
]