[
    {
        "id": 4973,
        "label": 934,
        "title": "Analysing complex behaviour of hydrological systems through a system dynamics approach",
        "organization": null,
        "abstract": NaN,
        "conf": "Environmental Modelling and Software",
        "email": null,
        "coauthors": [
            "luo yufeng",
            "aftab ahmad"
        ],
        "keywords": "System Dynamics,",
        "title_embedding": [],
        "abstract_embedding": []
    },
    {
        "id": 4974,
        "label": 935,
        "title": "Resolving Lexical Ambiguities in Folksonomy Based Search Systems through Common Sense and Personalization",
        "organization": null,
        "abstract": NaN,
        "conf": "European Semantic Web Symposium / Conference",
        "email": null,
        "coauthors": [
            "mohammad nauman",
            "muhammad amin",
            "fida hussain"
        ],
        "keywords": "Common Sense,",
        "title_embedding": [],
        "abstract_embedding": []
    },
    {
        "id": 4975,
        "label": 935,
        "title": "Using PersonalizedWeb Search for Enhancing Common Sense and Folksonomy Based Intelligent Search Systems",
        "organization": null,
        "abstract": NaN,
        "conf": "Web Intelligence",
        "email": null,
        "coauthors": [
            "mohammad nauman"
        ],
        "keywords": "Common Sense,",
        "title_embedding": [],
        "abstract_embedding": []
    }
]