[
    {
        "id": 4982,
        "label": 939,
        "title": "A particle swarm optimiser with passive congregation approach to thermal modelling for power transformers",
        "organization": null,
        "abstract": NaN,
        "conf": "IEEE Congress on Evolutionary Computation",
        "email": null,
        "coauthors": [
            "w. h. tang",
            "e. prempain",
            "q. h. wu",
            "j. fitch"
        ],
        "keywords": "Particle Swarm Optimisation,Power Transformer,",
        "title_embedding": [],
        "abstract_embedding": []
    },
    {
        "id": 4983,
        "label": 939,
        "title": "Application of a group search optimization based Artificial Neural Network to machine condition monitoring",
        "organization": null,
        "abstract": NaN,
        "conf": "Emerging Technologies and Factory Automation",
        "email": null,
        "coauthors": [
            "xiaoli li"
        ],
        "keywords": "Artificial Neural Network,Condition Monitoring,",
        "title_embedding": [],
        "abstract_embedding": []
    },
    {
        "id": 4984,
        "label": 939,
        "title": "Profiling of Mass Spectrometry Data for Ovarian Cancer Detection Using Negative Correlation Learning",
        "organization": null,
        "abstract": "Abstract. This paper proposes a novel Mass Spectrometry data profiling method for ovarian cancer detection based on negative correlation learning (NCL). A modified Smoothed,Nonlinear Energy Operator (SNEO) and correlation-based peak selection were applied to detected informative peaks for NCL to build a pre- diction model. In order to evaluate the performance,of this novel method,without bias, we employed randomization techniques by",
        "conf": "Int. Conference on Artificial Neural Networks",
        "email": null,
        "coauthors": [
            "huanhuan chen",
            "xiaoli li",
            "xin yao"
        ],
        "keywords": "Machine Learning,Mass Spectrometry,Negative Correlation Learning,Profiles Methods,Ovarian Cancer,",
        "title_embedding": [],
        "abstract_embedding": []
    },
    {
        "id": 4985,
        "label": 939,
        "title": "A Group Search Optimizer for Neural Network Training",
        "organization": null,
        "abstract": NaN,
        "conf": "Computational Science and Its Applications",
        "email": null,
        "coauthors": [
            "q. h. wu",
            "j. r. saunders"
        ],
        "keywords": "Neural Network,",
        "title_embedding": [],
        "abstract_embedding": []
    },
    {
        "id": 4986,
        "label": 939,
        "title": "Profiling of High-Throughput Mass Spectrometry Data for Ovarian Cancer Detection",
        "organization": null,
        "abstract": NaN,
        "conf": "Intelligent Data Engineering and Automated Learning",
        "email": null,
        "coauthors": [
            "xiaoli li"
        ],
        "keywords": "Mass Spectrometry,High Throughput,Ovarian Cancer,",
        "title_embedding": [],
        "abstract_embedding": []
    },
    {
        "id": 4987,
        "label": 939,
        "title": "Group Search Optimizer: An Optimization Algorithm Inspired by Animal Searching Behavior",
        "organization": null,
        "abstract": NaN,
        "conf": "IEEE Transactions on Evolutionary Computation",
        "email": null,
        "coauthors": [
            "q. h. wu",
            "j. r. saunders"
        ],
        "keywords": "Optimal Algorithm,",
        "title_embedding": [],
        "abstract_embedding": []
    },
    {
        "id": 4988,
        "label": 940,
        "title": "Modeling viral economies for digital media",
        "organization": null,
        "abstract": "Financial efficiency is the premier performance measure for most systems. Existing economic ecosystems for distribu- tion of multimedia leave a lot to be desired: client-server platforms do not scale well resulting in substantial opera- tional costs, whereas peer-to-peer platforms cannot police copyright control and are thus notorious for not being able to capitalize on its vast delivery potential. In this",
        "conf": "EuroSys",
        "email": null,
        "coauthors": [
            "renan g. cattelan",
            "darko kirovski"
        ],
        "keywords": "Digital Media,Distributed System,Dynamic Pricing,Economic Model,Financial Performance,Peer To Peer,Performance Measure,Scale Free Network,User Behavior,Viral Marketing,Client Server,Scale Free,",
        "title_embedding": [],
        "abstract_embedding": []
    },
    {
        "id": 4989,
        "label": 940,
        "title": "Collusion-Resistant video Fingerprinting for Large User Group",
        "organization": null,
        "abstract": "Digital fingerprinting protects multimedia content from illegal re- distribution by uniquely marking copies of the content distributed to each user. Most existing multimedia fingerprinting schemes consider userset on the scale of thousands for evaluation. How- ever, in real applications such as cable TV and DVD distribution, the potential users can be as many as 10  100 million. This large",
        "conf": "International Conference on Image Processing",
        "email": null,
        "coauthors": [
            "min wu"
        ],
        "keywords": "Content Distribution,Digital Fingerprinting,High Efficiency,Large Scale,",
        "title_embedding": [],
        "abstract_embedding": []
    },
    {
        "id": 4990,
        "label": 940,
        "title": "Analysis of Nonlinear Collusion Attacks on Fingerprinting Systems for Compressed Multimedia",
        "organization": null,
        "abstract": "In this paper, we analyze the effect of various collusion at- tacks on fingerprinting systems for compressed multimedia. We evaluate the effectivenessof the collusion attacks in terms of the probability of detection and accuracy in estimating the host signal. Our analysis shows that applying averaging col- lusion on copies of moderately compressed content gives a highly accurate estimation of the",
        "conf": "International Conference on Image Processing",
        "email": null,
        "coauthors": [
            "avinash l. varna",
            "ashwin swaminathan",
            "min wu"
        ],
        "keywords": "Digital Fingerprinting,Indexing Terms,Probability of Detection,",
        "title_embedding": [],
        "abstract_embedding": []
    },
    {
        "id": 4991,
        "label": 940,
        "title": "Performance Study on Multimedia Fingerprinting Employing Traceability Codes",
        "organization": null,
        "abstract": "Digital flngerprinting is a tool to protect multimedia content from illegal redistribution by uniquely marking copies of the content dis- tributed to each user. Collusion attack is a powerful attack whereby several difierently-flngerprinted copies of the same content are combined together to attenuate or even remove the flngerprint. Coded flngerprint- ing is one major category of flngerprinting techniques against collusion.",
        "conf": "International Workshop on Digital Watermarking",
        "email": null,
        "coauthors": [
            "min wu"
        ],
        "keywords": "Code Generation,",
        "title_embedding": [],
        "abstract_embedding": []
    },
    {
        "id": 4992,
        "label": 940,
        "title": "Binary forensic code for multimedia signals: resisting minority collusion attacks",
        "organization": null,
        "abstract": NaN,
        "conf": NaN,
        "email": null,
        "coauthors": [
            "w. sabrina lin",
            "jeffrey bloom"
        ],
        "keywords": null,
        "title_embedding": [],
        "abstract_embedding": []
    },
    {
        "id": 4993,
        "label": 940,
        "title": "Building efficient and effective multimedia fingerprints via joint coding and embedding",
        "organization": null,
        "abstract": "Digital fingerprinting protects multimedia content from illegal redistribution by uniquely marking every copy of the content distributed to each user. One major category of collusion-resistant fingerprinting employs an explicit step of coding. Most existing works on coded fingerprinting mainly focus on the code-level issues and treat the embedding issues through abstract assumptions without examining the overall performance. In this paper,",
        "conf": "Multimedia & Security",
        "email": null,
        "coauthors": [
            "min wu"
        ],
        "keywords": "Computational Complexity,Content Distribution,Digital Fingerprinting,Error Correction Code,",
        "title_embedding": [],
        "abstract_embedding": []
    },
    {
        "id": 4994,
        "label": 940,
        "title": "Group-based joint coding and embedding technique for multimedia fingerprinting",
        "organization": null,
        "abstract": "This paper proposes a group-based flngerprinting scheme employing a joint coding and embedding strategy to trace multimedia distribution and proactively prevent the leak of multimedia information. Taking advantage of the prior knowledge on the collusion pattern, we construct compact flngerprints that consist of user sub-codeword and group sub-codeword and are embedded in host signal via spread spectrum technique. The detection",
        "conf": "Security, Steganography, and Watermarking of Multimedia Contents",
        "email": null,
        "coauthors": [
            "min wu"
        ],
        "keywords": "Error Correction Code,Minimum Distance,Prior Knowledge,Spread Spectrum,",
        "title_embedding": [],
        "abstract_embedding": []
    },
    {
        "id": 4995,
        "label": 940,
        "title": "Confidentiality-preserving rank-ordered search",
        "organization": null,
        "abstract": "This paper introduces a new framework for confidentiality preserving rank-ordered search and retrieval over large docu- ment collections. The proposed framework not only protects document/query confidentiality against an outside intruder, but also prevents an untrusted data center from learning information about the query and the document collection. We present practical techniques for proper integration of rel- evance scoring methods and",
        "conf": "Storage Security And Survivability",
        "email": null,
        "coauthors": [
            "ashwin swaminathan",
            "yinian mao",
            "guan-ming su",
            "hongmei gou",
            "avinash l. varna",
            "min wu"
        ],
        "keywords": "Algorithm Design,Data Center,Data Collection,Indexation,Information Search and Retrieval,Search and Retrieval,System Design,information re trieval,",
        "title_embedding": [],
        "abstract_embedding": []
    },
    {
        "id": 4996,
        "label": 940,
        "title": "Prototyping a novel platform for free-trade of digital content",
        "organization": null,
        "abstract": "The widespread use of mobile, personal computing devices, together with recent advances in wireless communication technologies, pose a myriad of new opportunities for lever- aging the commerce of digital goods. We envision a novel platform for the free-trade of digital content where ordi- nary users are allowed to market and resell copies of digital content to neighbors in their wireless",
        "conf": "Brazilian Symposium on Multimedia and the Web",
        "email": null,
        "coauthors": [
            "renan g. cattelan",
            "darko kirovski"
        ],
        "keywords": "Client-server Architecture,Cryptographic Protocol,Digital Content,Digital Right Management,Electronic Markets,Free Trade,Mobile Commerce,Peer To Peer,Personal Computer,Tamper Resistance,Use Case,Viral Marketing,Wireless Communication,Word of Mouth,",
        "title_embedding": [],
        "abstract_embedding": []
    },
    {
        "id": 4997,
        "label": 940,
        "title": "An Estimation Attack on Content-Based Video Fingerprinting",
        "organization": null,
        "abstract": NaN,
        "conf": "Transactions on Data Hiding and Multimedia Security",
        "email": null,
        "coauthors": [
            "darko kirovski"
        ],
        "keywords": null,
        "title_embedding": [],
        "abstract_embedding": []
    },
    {
        "id": 4998,
        "label": 940,
        "title": "Joint coding and embedding techniques for MultimediaFingerprinting",
        "organization": null,
        "abstract": "Abstract, Digital fingerprinting protects multimedia content from illegal redistribution by uniquely marking every copy of the content distributed to each user. The collusion attack is a powerful attack where several different fingerprinted copies of the same content are combined together to attenuate or even remove the fingerprints. One major category of collusion-resistant fingerprinting employs an explicit step of coding. Most",
        "conf": "IEEE Transactions on Information Forensics and Security",
        "email": null,
        "coauthors": [
            "min wu"
        ],
        "keywords": "Computational Complexity,Content Distribution,Digital Fingerprinting,",
        "title_embedding": [],
        "abstract_embedding": []
    },
    {
        "id": 4999,
        "label": 940,
        "title": "Collusion-Resistant Video Fingerprinting for Large User Group",
        "organization": null,
        "abstract": NaN,
        "conf": "IEEE Transactions on Information Forensics and Security",
        "email": null,
        "coauthors": [
            "min wu"
        ],
        "keywords": null,
        "title_embedding": [],
        "abstract_embedding": []
    },
    {
        "id": 5000,
        "label": 940,
        "title": "Fingerprinting compressed multimedia signals",
        "organization": null,
        "abstract": NaN,
        "conf": "IEEE Transactions on Information Forensics and Security",
        "email": null,
        "coauthors": [
            "avinash l. varna",
            "ashwin swaminathan",
            "min wu"
        ],
        "keywords": null,
        "title_embedding": [],
        "abstract_embedding": []
    },
    {
        "id": 5001,
        "label": 940,
        "title": "High-Fidelity Data Embedding for Image Annotation",
        "organization": null,
        "abstract": NaN,
        "conf": "IEEE Transactions on Image Processing",
        "email": null,
        "coauthors": [
            "darko kirovski",
            "min wu"
        ],
        "keywords": "Data Embedding,Image Annotation,",
        "title_embedding": [],
        "abstract_embedding": []
    }
]