[
    {
        "id": 5013,
        "label": 945,
        "title": "Efficient Attribute Reduction Based on Discernibility Matrix",
        "organization": null,
        "abstract": NaN,
        "conf": "Rough Sets and Knowledge Technology",
        "email": null,
        "coauthors": [
            "zhangyan xu",
            "chengqi zhang",
            "wei song",
            "bingru yang"
        ],
        "keywords": "Attribute Reduction,",
        "title_embedding": [],
        "abstract_embedding": []
    }
]