[
    {
        "id": 5015,
        "label": 947,
        "title": "A control framework for the non-invasive ultrasound theragnostic system",
        "organization": null,
        "abstract": NaN,
        "conf": "International Conference on Intelligent RObots and Systems - IROS",
        "email": null,
        "coauthors": [
            "norihiro koizumi",
            "joonho seo",
            "y. suzuki",
            "deukhee lee",
            "kohei ota",
            "a. nomiya",
            "kiyoshi yoshinaka",
            "naohiko sugita",
            "yoichiro matsumoto",
            "y. homma",
            "mamoru mitsuishi"
        ],
        "keywords": "Ultrasound,",
        "title_embedding": [],
        "abstract_embedding": []
    },
    {
        "id": 5016,
        "label": 947,
        "title": "Ultrasound-based visual servoing system for lithotripsy",
        "organization": null,
        "abstract": NaN,
        "conf": "International Conference on Intelligent RObots and Systems - IROS",
        "email": null,
        "coauthors": [
            "deukhee lee",
            "norihiro koizumi",
            "kohei ota",
            "akira ito",
            "yukio kaneko",
            "yoichiro matsumoto",
            "mamoru mitsuishi"
        ],
        "keywords": "Ultrasound,visual servoing,",
        "title_embedding": [],
        "abstract_embedding": []
    },
    {
        "id": 5017,
        "label": 947,
        "title": "A Framework of the Non-invasive Ultrasound Theragnostic System",
        "organization": null,
        "abstract": NaN,
        "conf": "Medical Imaging and Augmented Reality",
        "email": null,
        "coauthors": [
            "norihiro koizumi",
            "deukhee lee",
            "kohei ota",
            "kiyoshi yoshinaka",
            "yoichiro matsumoto",
            "mamoru mitsuishi"
        ],
        "keywords": "Ultrasound,",
        "title_embedding": [],
        "abstract_embedding": []
    }
]