[
    {
        "id": 5020,
        "label": 950,
        "title": "TDHA-A One-Way Hash Algorithm Based on Extended Integer Tent Maps with Dynamic Properties",
        "organization": null,
        "abstract": NaN,
        "conf": "International Symposium on Electronic Commerce and Security",
        "email": null,
        "coauthors": [
            "jiandong liu",
            "youming yu"
        ],
        "keywords": "Dynamic Properties,",
        "title_embedding": [],
        "abstract_embedding": []
    }
]