[
    {
        "id": 5023,
        "label": 952,
        "title": "Chosen IV Statistical Analysis for Key Recovery Attacks on Stream Ciphers",
        "organization": null,
        "abstract": NaN,
        "conf": "Progress in Cryptology",
        "email": null,
        "coauthors": [
            "shahram khazaei",
            "willi meier"
        ],
        "keywords": "Statistical Analysis,Stream Cipher,",
        "title_embedding": [],
        "abstract_embedding": []
    },
    {
        "id": 5024,
        "label": 952,
        "title": "New Features of Latin Dances: Analysis of Salsa, ChaCha, and Rumba",
        "organization": null,
        "abstract": NaN,
        "conf": "Fast Software Encryption",
        "email": null,
        "coauthors": [
            "jean-philippe aumasson",
            "shahram khazaei",
            "willi meier",
            "christian rechberger"
        ],
        "keywords": null,
        "title_embedding": [],
        "abstract_embedding": []
    },
    {
        "id": 5025,
        "label": 952,
        "title": "Algebraic Immunity of S-Boxes and Augmented Functions",
        "organization": null,
        "abstract": NaN,
        "conf": "Fast Software Encryption",
        "email": null,
        "coauthors": [
            "willi meier"
        ],
        "keywords": "Algebraic Immunity,",
        "title_embedding": [],
        "abstract_embedding": []
    },
    {
        "id": 5026,
        "label": 952,
        "title": "Non-randomness in eSTREAM Candidates Salsa20 and TSC-4",
        "organization": null,
        "abstract": NaN,
        "conf": "INDOCRYPT",
        "email": null,
        "coauthors": [
            "willi meier",
            "come berbain",
            "jean-francois biasse",
            "matthew j. b. robshaw"
        ],
        "keywords": null,
        "title_embedding": [],
        "abstract_embedding": []
    },
    {
        "id": 5027,
        "label": 952,
        "title": "Reduced Complexity Attacks on the Alternating Step Generator",
        "organization": null,
        "abstract": "In this paper, we present some reduced complexity attacks on the Alternating Step Generator (ASG). The attacks are based on a quite general framework and mostly ben- efit from the low sampling resistance of the ASG, and of an abnormal behavior related to the distribution of the initial states of the stop/go LFSR's which produce a given segment of the",
        "conf": "Selected Areas in Cryptography",
        "email": null,
        "coauthors": [
            "shahram khazaei",
            "willi meier"
        ],
        "keywords": "Divide and Conquer,Exhaustive Search,Point of View,Stream Cipher,Theoretical Analysis,",
        "title_embedding": [],
        "abstract_embedding": []
    }
]