[
    {
        "id": 5030,
        "label": 954,
        "title": "RISPP: Rotating Instruction Set Processing Platform",
        "organization": null,
        "abstract": "Adaptation in embedded processing is key in order to address effi- ciency. The concept of extensible embedded processors works well if a few a-priori known hot spots exist. However, they are far less efficient if many and possible at-design-time-unknown hot spots need to be dealt with. Our RISPP approach advances the extensible processor concept by providing flexibility through run- time",
        "conf": "Design Automation Conference",
        "email": null,
        "coauthors": [
            "lars bauer",
            "muhammad shafique",
            "jorg henkel"
        ],
        "keywords": "Embedded Processor,Embedded System,High Speed,Hot Spot,reconfigurable computing,Video Codec,",
        "title_embedding": [],
        "abstract_embedding": []
    },
    {
        "id": 5031,
        "label": 955,
        "title": "Extracting, specifying and predicting software system properties in component based real-time embedded software development",
        "organization": null,
        "abstract": NaN,
        "conf": "International Conference on Software Engineering",
        "email": null,
        "coauthors": [
            "ji eun kim",
            "oliver rogalla",
            "arne hamann"
        ],
        "keywords": "Embedded Software,Software Systems,",
        "title_embedding": [],
        "abstract_embedding": []
    }
]