[
    {
        "id": 5034,
        "label": 958,
        "title": "Theoretical study on the gas-phase reaction mechanism between nickel monoxide and methane for syngas production",
        "organization": null,
        "abstract": NaN,
        "conf": "Journal of Computational Chemistry",
        "email": null,
        "coauthors": [
            "hua-qing yang",
            "song qin"
        ],
        "keywords": "Methane,Nickel,Reaction Mechanism,",
        "title_embedding": [],
        "abstract_embedding": []
    }
]