[
    {
        "id": 5035,
        "label": 959,
        "title": "High Resolution Tracking of Non-Rigid 3D Motion of Densely Sampled Data Using Harmonic Maps",
        "organization": null,
        "abstract": "We present a novel fully automatic method for high res- olution, non-rigid dense 3D point tracking. High qual- ity dense point clouds of non-rigid geometry moving at video speeds are acquired using a phase-shifting structured light ranging technique. To use such data for the temporal study of subtle motions such as those seen in facial expres- sions, an efficient non-rigid",
        "conf": "International Conference on Computer Vision",
        "email": null,
        "coauthors": [
            "yang wang",
            "mohit gupta",
            "sen wang",
            "xianfeng gu",
            "dimitris samaras",
            "peisen huang"
        ],
        "keywords": "Geometric Feature,Harmonic Map,High Resolution,Motion Tracking,Phase Shift,Point Cloud,Structured Light,",
        "title_embedding": [],
        "abstract_embedding": []
    },
    {
        "id": 5036,
        "label": 959,
        "title": "High Resolution Acquisition, Learning and Transfer of Dynamic 3D Facial Expressions",
        "organization": null,
        "abstract": "Synthesis and re-targeting of facial expressions is central to facial animation and often involves significant manual work in order to achieve realistic expressions, due to the difficulty of capturing high quality dynamic expression data. In this paper we address fundamental issues regarding the use of high quality dense 3-D data samples un- dergoing motions at video speeds, e.g. human facial",
        "conf": "Computer Graphics Forum",
        "email": null,
        "coauthors": [
            "yang wang",
            "xiaolei huang",
            "chan-su lee",
            "zhiguo li",
            "dimitris samaras",
            "dimitris n. metaxas",
            "ahmed m. elgammal",
            "peisen huang"
        ],
        "keywords": "Facial Animation,Facial Expression,High Resolution,High Speed,Motion Analysis,Multi Resolution,",
        "title_embedding": [],
        "abstract_embedding": []
    },
    {
        "id": 5037,
        "label": 959,
        "title": "High Resolution Tracking of Non-Rigid Motion of Densely Sampled 3D Data Using Harmonic Maps",
        "organization": null,
        "abstract": NaN,
        "conf": "International Journal of Computer Vision",
        "email": null,
        "coauthors": [
            "yang wang",
            "mohit gupta",
            "sen wang",
            "xianfeng gu",
            "dimitris samaras",
            "peisen huang"
        ],
        "keywords": "Harmonic Map,High Resolution,",
        "title_embedding": [],
        "abstract_embedding": []
    }
]