[
    {
        "id": 5039,
        "label": 961,
        "title": "A Numerical Model Simulating Sound Propagation in Human Thorax",
        "organization": null,
        "abstract": NaN,
        "conf": "IEEE International Symposium on Biomedical Imaging",
        "email": null,
        "coauthors": [
            "satish udpa",
            "lalita udpa"
        ],
        "keywords": "Numerical Model,",
        "title_embedding": [],
        "abstract_embedding": []
    },
    {
        "id": 5040,
        "label": 961,
        "title": "Comments on \"Detection of Distributed Sources Using Sensor Arrays",
        "organization": null,
        "abstract": NaN,
        "conf": "IEEE Transactions on Signal Processing",
        "email": null,
        "coauthors": [
            "satish udpa"
        ],
        "keywords": "Sensor Array,",
        "title_embedding": [],
        "abstract_embedding": []
    }
]