[
    {
        "id": 5041,
        "label": 962,
        "title": "Scheduling on Unrelated Machines Under Tree-Like Precedence Constraints",
        "organization": null,
        "abstract": "We present polylogarithmic approximations for the RjprecjCmax and Rjprecj P j wjCj problems, when the precedence constraints are \\treelike\" - i.e., when the undirected graph underlying the prece- dences is a forest. These are the rst non-trivial generalizations of the job shop scheduling problem to scheduling with precedence constraints that are not just chains. These are also the rst non-trivial",
        "conf": "Approximation Algorithms for Combinatorial Optimization",
        "email": null,
        "coauthors": [
            "v. s. anil kumar",
            "madhav v. marathe",
            "aravind srinivasan"
        ],
        "keywords": "Job Shop,Job Shop Scheduling,Objective Function,Precedence Constraint,Job Shop Scheduling Problem,Lower Bound,",
        "title_embedding": [],
        "abstract_embedding": []
    },
    {
        "id": 5042,
        "label": 962,
        "title": "Scalable event matching for overlapping subscriptions in pub/sub systems",
        "organization": null,
        "abstract": "Content-based publish/subscribe systems allow matching the content of events with predicates in the subscriptions. How- ever, most existing systems only allow a limited set of op- erators, such as comparison on primitive data types (string, integer, etc). In this paper, we consider a publish/subscribe system that supports more exible events/subscriptions with the use of advanced, yet potentially expensive, matching op-",
        "conf": "Distributed Event-Based Systems",
        "email": null,
        "coauthors": [
            "zhen liu",
            "anand ranganathan",
            "hao yang"
        ],
        "keywords": "Approximate Algorithm,Data Type,Heuristic Algorithm,Limit Set,Multimedia Data,Publish Subscribe,publish/subscribe system,System Performance,",
        "title_embedding": [],
        "abstract_embedding": []
    },
    {
        "id": 5043,
        "label": 962,
        "title": "Dependent Rounding in Bipartite Graphs",
        "organization": null,
        "abstract": "We combine the pipage rounding technique of Ageev & Sviridenko with a recent rounding method developed by Srinivasan, to develop a new randomized rounding approach for fractional vectors defined on the edge-sets of bipartite graphs. We show various ways of combining this technique with other ideas, leading to the following applications: richer random-graph models for graphs with a given degree-sequence;",
        "conf": "IEEE Symposium on Foundations of Computer Science",
        "email": null,
        "coauthors": [
            "rajiv gandhi",
            "samir khuller",
            "aravind srinivasan"
        ],
        "keywords": "Bipartite Graph,Degree Sequence,Random Graph Model,Randomized Rounding,",
        "title_embedding": [],
        "abstract_embedding": []
    },
    {
        "id": 5044,
        "label": 962,
        "title": "Approximation Algorithms for Scheduling on Multiple Machines",
        "organization": null,
        "abstract": "We develop a single rounding algorithm for schedul- ing on unrelated parallel machines; this algorithm works well with the known linear programming-, quadratic programming-, and convex programming-relaxations for scheduling to minimize completion time, makespan, and other well-studied objective functions. We obtain the fol- lowing applicationsfor the general setting of unrelated par- allel machines: (i) a bicriteria algorithm for a schedule",
        "conf": "IEEE Symposium on Foundations of Computer Science",
        "email": null,
        "coauthors": [
            "v. s. anil kumar",
            "madhav v. marathe",
            "aravind srinivasan"
        ],
        "keywords": "Approximate Algorithm,Convex Programming,Lp Norm,Objective Function,Parallel Machines,Quadratic Program,Linear Program,",
        "title_embedding": [],
        "abstract_embedding": []
    },
    {
        "id": 5045,
        "label": 962,
        "title": "Distributed Algorithms for Coloring and Domination in Wireless Ad Hoc Networks",
        "organization": null,
        "abstract": "We present fast distributed algorithms for coloring and (connected) dominating set construction in wireless ad hoc networks. We present our algorithms in the context of Unit Disk Graphs which are known to realistically model wireless networks. Our distributed algorithms take into account the loss of messages due to contention from simultaneous interfering transmissions in the wireless medium. We present randomized",
        "conf": "Foundations of Software Technology and Theoretical Computer Science",
        "email": null,
        "coauthors": [
            "rajiv gandhi"
        ],
        "keywords": "Ad Hoc Network,Connected Dominating Set,Distributed Algorithm,Dominating Set,Low Latency,Optimal Algorithm,Structural Properties,Wireless Ad Hoc Network,Wireless Network,High Throughput,Unit Disk Graph,",
        "title_embedding": [],
        "abstract_embedding": []
    },
    {
        "id": 5046,
        "label": 962,
        "title": "Power Efficient Throughput Maximization in Multi-Hop Wireless Networks",
        "organization": null,
        "abstract": "Abstract We,study the problem,of total throughput,max- imization in arbitrary multi-hop wireless networks, with con- straints on the total power usage (denoted by PETM), when nodes have the capability to adaptively choose their power levels, which is the case with software,defined radio devices. The underlying interference graph changes when power levels change, making PETM a complex,cross-layer optimization,problem. We develop a linear",
        "conf": "Global Telecommunications Conference",
        "email": null,
        "coauthors": [
            "deepti chafekar",
            "v. s. anil kumar",
            "madhav v. marathe"
        ],
        "keywords": "cross-layer optimization,multi-hop wireless network,Objective Function,Power Efficiency,Software Defined Radio,Theoretical Analysis,Throughput Maximization,Linear Program,Total Power,",
        "title_embedding": [],
        "abstract_embedding": []
    },
    {
        "id": 5047,
        "label": 962,
        "title": "Approximation Algorithms for Computing Capacity of Wireless Networks with SINR Constraints",
        "organization": null,
        "abstract": "A fundamental problem in wireless networks is to estimate its throughput capacity - given a set of wireless nodes, and a set of connections, what is the maximum rate at which data can be sent on these connections. Most of the research in this direction has focused on either random distributions of points, or has assumed simple graph-based models for",
        "conf": "IEEE INFOCOM",
        "email": null,
        "coauthors": [
            "deepti chafekar",
            "v. s. anil kumar",
            "madhav v. marathe",
            "aravind srinivasan"
        ],
        "keywords": "Approximate Algorithm,Polynomial Time Algorithm,Wireless Network,Signal To Interference Plus Noise Ratio,",
        "title_embedding": [],
        "abstract_embedding": []
    },
    {
        "id": 5048,
        "label": 962,
        "title": "Capacity of Asynchronous Random-Access Scheduling in Wireless Networks",
        "organization": null,
        "abstract": "We study the throughput capacity of wireless net- works which employ (asynchronous) random-access scheduling as opposed to deterministic scheduling. The central question we answer is: how should we set the channel-access probability for each link in the network so that the network operates close to its optimal throughput capacity? We design simple and distributed channel-access strategies for random-access networks which",
        "conf": "IEEE INFOCOM",
        "email": null,
        "coauthors": [
            "deepti chafekar",
            "dave levin",
            "v. s. anil kumar",
            "madhav v. marathe",
            "aravind srinivasan"
        ],
        "keywords": "Asynchronous Communication,Distribution Channel,Optimal Scheduling,Random Access,Wireless Network,Channel Access,",
        "title_embedding": [],
        "abstract_embedding": []
    },
    {
        "id": 5049,
        "label": 962,
        "title": "Distributed Strategies for Channel Allocation and Scheduling in Software-Defined Radio Networks",
        "organization": null,
        "abstract": "Equipping wireless nodes with multiple radios can significantly increase the capacity of wireless networks, b y making these radios simultaneously transmit over multiple non- overlapping channels. However, due to the limited number of radios and available orthogonal channels, designing effici ent channel assignment and scheduling algorithms in such networks is a major challenge. In this paper, we present provably- good",
        "conf": "IEEE INFOCOM",
        "email": null,
        "coauthors": [
            "bo han",
            "v. s. anil kumar",
            "madhav v. marathe",
            "anand srinivasan"
        ],
        "keywords": "Channel Allocation,Channel Assignment,Distributed Algorithm,Hash Function,Packet Scheduling,Random Oracle,Scheduling Algorithm,Software Defined Radio,Wireless Network,",
        "title_embedding": [],
        "abstract_embedding": []
    },
    {
        "id": 5050,
        "label": 962,
        "title": "Association Control in Mobile Wireless Networks",
        "organization": null,
        "abstract": "As mobile nodes roam in a wireless network, they continuously associate with different access points and perform handoff operations. However, these handoffs can potentially incur interruptions for interactive applications and increase the energy usage. To alleviate such negative impacts, we present novel association control algorithms that can minimize the frequency of handoffs occurred to mobile users. Specifically, we show that",
        "conf": "IEEE INFOCOM",
        "email": null,
        "coauthors": [
            "minkyong kim",
            "zhen liu",
            "dimitrios e. pendarakis",
            "hao yang"
        ],
        "keywords": "Competitive Ratio,Control Algorithm,Interactive Application,Mobile Wireless Network,Online Algorithm,Statistical Approach,trace-driven simulation,Wireless Network,Access Point,Mobile Node,Mobile User,",
        "title_embedding": [],
        "abstract_embedding": []
    },
    {
        "id": 5051,
        "label": 962,
        "title": "Provable Algorithms for Parallel Sweep Scheduling on Unstructured Meshes",
        "organization": null,
        "abstract": "We present provably ecient parallel algorithms for sweep scheduling on unstructured meshes. Sweep schedul- ing is a commonly used technique in Radiation Transport problems, and involves inverting an operator by iteratively sweeping across a mesh. Each sweep involves solving the operator locally at each cell. However, each direction in- duces a partial order in which this computation can pro- ceed.",
        "conf": "International Parallel and Distributed Processing Symposium/International Parallel Processing Symposium",
        "email": null,
        "coauthors": [
            "v. s. anil kumar",
            "madhav v. marathe",
            "aravind srinivasan",
            "sibylle zust"
        ],
        "keywords": "Communication Cost,Distributed Computing System,Empirical Analysis,Linear Time,Optimal Scheduling,Parallel Algorithm,Performance Guarantee,Radiation Transport,Unstructured Mesh,Partial Order,",
        "title_embedding": [],
        "abstract_embedding": []
    },
    {
        "id": 5052,
        "label": 962,
        "title": "Cross-layer latency minimization in wireless networks with SINR constraints",
        "organization": null,
        "abstract": "Recently, there has been substantial interest in the design of cross- layer protocols for wireless networks. These protocols optimize certain performance metric(s) of interest (e.g. latency, e nergy, rate) by jointly optimizing the performance of multiple layers of the protocol stack. Algorithm designers often use geometric-graph- theoretic models for radio interference to design such cross-layer protocols. In this paper we",
        "conf": "Mobile Ad Hoc Networking and Computing",
        "email": null,
        "coauthors": [
            "deepti chafekar",
            "v. s. anil kumar",
            "madhav v. marathe",
            "aravind srinivasan"
        ],
        "keywords": "Algorithm Design,Cross Layer,Geometric Graph,Layered Structure,multi-hop wireless network,Performance Guarantee,Performance Metric,Polynomial Time,Polynomial Time Algorithm,Satisfiability,Theoretical Model,Wireless Network,Cross Layer Design,Signal To Interference Plus Noise Ratio,",
        "title_embedding": [],
        "abstract_embedding": []
    },
    {
        "id": 5053,
        "label": 962,
        "title": "Minimizing broadcast latency and redundancy in ad hoc networks",
        "organization": null,
        "abstract": NaN,
        "conf": "IEEE/ACM Transactions on Networking",
        "email": null,
        "coauthors": [
            "rajiv gandhi",
            "arunesh mishra"
        ],
        "keywords": "Ad Hoc Network,",
        "title_embedding": [],
        "abstract_embedding": []
    },
    {
        "id": 5054,
        "label": 962,
        "title": "A generic flow algorithm for shared filter ordering problems",
        "organization": null,
        "abstract": "ABSTRACT We consider a fundamental flow maximization problem that arises during the evaluation of multiple overlapping queries defined on a data stream, in a heterogenous parallel envi- ronment. Each query is a conjunction of boolean filters, and each filter could be shared across multiple queries. We are required to design an evaluation plan that evaluates fil- ters against stream items",
        "conf": "Symposium on Principles of Database Systems",
        "email": null,
        "coauthors": [
            "zhen liu",
            "anand ranganathan",
            "hao yang"
        ],
        "keywords": "Data Stream,Query Optimization,Satisfiability,",
        "title_embedding": [],
        "abstract_embedding": []
    },
    {
        "id": 5055,
        "label": 962,
        "title": "Algorithmic aspects of capacity in wireless networks",
        "organization": null,
        "abstract": "This paper considers two inter-related questions: (i) Given a wireless ad-hoc network and a collection of source-destination pairs {( several existing routing protocols such as AODV, DSR, etc. We complement the theoretical analysis with extensive simulations. The results indicate that routes obtained using our congestion aware link metrics consistently yield higher throughput than hop-count based shortest path metrics.",
        "conf": "Sigmetrics Performance Evaluation Review",
        "email": null,
        "coauthors": [
            "v. s. anil kumar",
            "madhav v. marathe",
            "aravind srinivasan"
        ],
        "keywords": "Routing Protocol,Theoretical Analysis,Wireless Ad Hoc Network,Wireless Network,Linear Program Ming,Shortest Path,",
        "title_embedding": [],
        "abstract_embedding": []
    },
    {
        "id": 5056,
        "label": 962,
        "title": "Near-optimal algorithms for shared filter evaluation in data stream systems",
        "organization": null,
        "abstract": "We consider the problem of evaluating multiple overlapping queries defined on data streams, where each query is a con- junction of multiple filters and each filter may be shared across multiple queries. Efficient support for overlapping queries is a critical issue in the emerging data stream sys- tems, and this is particularly the case when filters are expen- sive in",
        "conf": "International Conference on Management of Data",
        "email": null,
        "coauthors": [
            "zhen liu",
            "anand ranganathan",
            "hao yang"
        ],
        "keywords": "Computational Complexity,Data Stream,Greedy Algorithm,Multimedia Streaming,Optimal Algorithm,Query Optimization,Randomized Algorithm,Set Cover,",
        "title_embedding": [],
        "abstract_embedding": []
    },
    {
        "id": 5057,
        "label": 962,
        "title": "End-to-end packet-scheduling in wireless ad-hoc networks",
        "organization": null,
        "abstract": "Packet-scheduling is a particular challenge in wireless networks due to interference from nearby transmissions. A distance-2 interference model serves as a useful abstraction here, and we study packet routing and scheduling under this model. The main focus of our work is the development of fully-distributed (decentralized) protocols. We present polylogarithmic/constant factor approximation algorithms for various families of disk graphs (which",
        "conf": "Symposium on Discrete Algorithms",
        "email": null,
        "coauthors": [
            "v. s. anil kumar",
            "madhav v. marathe",
            "aravind srinivasan"
        ],
        "keywords": "Approximate Algorithm,Distributed Algorithm,Packet Routing,Packet Scheduling,Wireless Ad Hoc Network,Wireless Network,Unit Disk Graph,",
        "title_embedding": [],
        "abstract_embedding": []
    },
    {
        "id": 5058,
        "label": 962,
        "title": "Scheduling on Unrelated Machines under Tree-Like Precedence Constraints",
        "organization": null,
        "abstract": NaN,
        "conf": "Algorithmica",
        "email": null,
        "coauthors": [
            "v. s. anil kumar",
            "madhav v. marathe",
            "aravind srinivasan"
        ],
        "keywords": "Precedence Constraint,",
        "title_embedding": [],
        "abstract_embedding": []
    },
    {
        "id": 5059,
        "label": 962,
        "title": "Dependent rounding and its applications to approximation algorithms",
        "organization": null,
        "abstract": "We develop a new randomized rounding approach for fractional vectors dened on the edge-sets of bipartite graphs. We show various ways of combining this technique with other ideas, leading to improved (approximation) algorithms for various problems.",
        "conf": "Journal of The ACM",
        "email": null,
        "coauthors": [
            "rajiv gandhi",
            "samir khuller",
            "aravind srinivasan"
        ],
        "keywords": "Approximate Algorithm,Bipartite Graph,Randomized Rounding,",
        "title_embedding": [],
        "abstract_embedding": []
    },
    {
        "id": 5060,
        "label": 962,
        "title": "A unified approach to scheduling on unrelated parallel machines",
        "organization": null,
        "abstract": "We develop a single rounding algorithm for scheduling on unrelated parallel machines; this algorithm works well with the known linear programming-, quadratic programming-, and convex programming- relaxations for scheduling to minimize completion time, makespan, and other well-studied objective functions. This algorithm leads to the following applications for the general setting of unrelated parallel machines: (i) a bicriteria algorithm for a",
        "conf": "Journal of The ACM",
        "email": null,
        "coauthors": [
            "v. s. anil kumar",
            "madhav v. marathe",
            "aravind srinivasan"
        ],
        "keywords": "Approximate Algorithm,Convex Programming,Linear Algebra,Lp Norm,Multiple Criteria,Objective Function,Parallel Machines,Probabilistic Approach,Quadratic Program,Randomized Rounding,Linear Program,",
        "title_embedding": [],
        "abstract_embedding": []
    },
    {
        "id": 5061,
        "label": 962,
        "title": "Distributed algorithms for connected domination in wireless networks",
        "organization": null,
        "abstract": "Abstract We present fast distributed local control Connected Dominating Set (CDS) algo- rithms for wireless ad hoc networks. We present two randomized distributed algo- rithms, CDSColor and CDSTop which take into account the eect of wireless interfer- ence and the consequent loss of messages during the execution of the algorithm. These algorithms produce a CDS of constant size and constant",
        "conf": "Journal of Parallel and Distributed Computing",
        "email": null,
        "coauthors": [
            "rajiv gandhi"
        ],
        "keywords": "Connected Dominating Set,Distributed Algorithm,Maximum Degree,Wireless Ad Hoc Network,Wireless Network,",
        "title_embedding": [],
        "abstract_embedding": []
    },
    {
        "id": 5062,
        "label": 962,
        "title": "Provable algorithms for parallel generalized sweep scheduling",
        "organization": null,
        "abstract": "We present provably efficient parallel algorithms for sweep scheduling ,w hich is a commonly used technique in Radiation Transport problems, and involves inverting an operator by iteratively sweeping across a mesh from multiple directions. Each sweep involves solving the operator locally at each cell. However, each direction induces a partial order in which this computation can proceed. On a distributed",
        "conf": "Journal of Parallel and Distributed Computing",
        "email": null,
        "coauthors": [
            "v. s. anil kumar",
            "madhav v. marathe",
            "aravind srinivasan",
            "sibylle zust"
        ],
        "keywords": "Distributed Computing System,Linear Time,Optimal Scheduling,Parallel Algorithm,Performance Guarantee,Radiation Transport,Randomized Algorithm,Scheduling Problem,Partial Order,",
        "title_embedding": [],
        "abstract_embedding": []
    },
    {
        "id": 5063,
        "label": 962,
        "title": "Minimizing broadcast latency and redundancy in ad hoc networks",
        "organization": null,
        "abstract": NaN,
        "conf": "IEEE/ACM Transactions on Networking",
        "email": null,
        "coauthors": [
            "rajiv gandhi",
            "arunesh mishra"
        ],
        "keywords": "Ad Hoc Network,",
        "title_embedding": [],
        "abstract_embedding": []
    },
    {
        "id": 5064,
        "label": 962,
        "title": "Minimum Weighted Completion Time",
        "organization": null,
        "abstract": NaN,
        "conf": NaN,
        "email": null,
        "coauthors": [
            "v. s. anil kumar",
            "madhav v. marathe",
            "aravind srinivasan"
        ],
        "keywords": null,
        "title_embedding": [],
        "abstract_embedding": []
    }
]