[
    {
        "id": 5114,
        "label": 973,
        "title": "Connecting Genes with Diseases",
        "organization": null,
        "abstract": NaN,
        "conf": "International Conference on Information Visualisation",
        "email": null,
        "coauthors": [
            "heimo muller",
            "robert reihs",
            "kurt zatloukal",
            "marc streit",
            "alexander lex",
            "bernhard schlegl",
            "dieter schmalstieg"
        ],
        "keywords": null,
        "title_embedding": [],
        "abstract_embedding": []
    },
    {
        "id": 5115,
        "label": 973,
        "title": "Interactive Patient Records",
        "organization": null,
        "abstract": NaN,
        "conf": "International Conference on Information Visualisation",
        "email": null,
        "coauthors": [
            "heimo muller",
            "kurt zatloukal",
            "thomas bauernhofer"
        ],
        "keywords": null,
        "title_embedding": [],
        "abstract_embedding": []
    }
]