[
    {
        "id": 5167,
        "label": 979,
        "title": "A flexible environment architecture as a basis for distributed software development",
        "organization": null,
        "abstract": NaN,
        "conf": "International Software Process Workshop",
        "email": null,
        "coauthors": [
            "burkhard peuschel",
            "wilhelm schafer"
        ],
        "keywords": "Distributed Software Development,",
        "title_embedding": [],
        "abstract_embedding": []
    },
    {
        "id": 5168,
        "label": 979,
        "title": "A consistency model for team cooperation",
        "organization": null,
        "abstract": NaN,
        "conf": "International Software Process Workshop",
        "email": null,
        "coauthors": [
            "burkhard peuschel",
            "wilhelm schafer"
        ],
        "keywords": "Consistency Model,",
        "title_embedding": [],
        "abstract_embedding": []
    },
    {
        "id": 5169,
        "label": 979,
        "title": "Architectural Support for Distributed Process-Centered Software Development Environments",
        "organization": null,
        "abstract": NaN,
        "conf": "International Software Process Workshop",
        "email": null,
        "coauthors": [
            "burkhard peuschel"
        ],
        "keywords": "Distributed Processing,Software Development Environment,",
        "title_embedding": [],
        "abstract_embedding": []
    },
    {
        "id": 5170,
        "label": 979,
        "title": "Cooperation patterns in PSEEs",
        "organization": null,
        "abstract": NaN,
        "conf": "International Software Process Workshop",
        "email": null,
        "coauthors": [
            "wilhelm schafer"
        ],
        "keywords": null,
        "title_embedding": [],
        "abstract_embedding": []
    },
    {
        "id": 5171,
        "label": 979,
        "title": "Cooperation Patterns for process-centred Software Development Environments",
        "organization": null,
        "abstract": " : This paper focuses on cooperation support inprocess-centred software development environments. Atransaction-based approach is proposed, which supportsand forces the cooperation of software developers by synchronizingthe concurrent execution of development tasks.The proposed transaction concept uses the knowledge of asoftware process to avoid or resolve concurrency conflicts.Cooperation patterns (which correspond to transactiontypes) are provided whichcanbe applied for executing...",
        "conf": "Software Engineering and Knowledge Engineering",
        "email": null,
        "coauthors": [
            "wilhelm schafer"
        ],
        "keywords": "Software Development,Software Development Environment,",
        "title_embedding": [],
        "abstract_embedding": []
    },
    {
        "id": 5172,
        "label": 979,
        "title": "A Knowledge-Based Software Development Environment Supporting Cooperative Work",
        "organization": null,
        "abstract": "The subject of this paper is the description of a process-centered software development environment called MERLIN which monitors and guides teams of software developers and managers in producing software objects. Software objects (or objects for short) include all sorts of documents like the re- quirements analysis, design, code, user manuals, contracts etc. For each user, MERLIN automatically displays a specific",
        "conf": "International Journal of Software Engineering and Knowledge Engineering",
        "email": null,
        "coauthors": [
            "burkhard peuschel",
            "wilhelm schafer"
        ],
        "keywords": "Cooperative Work,Design Management,Distributed Software Development,Knowledge Base,Software Development,Software Development Environment,Software Process,Software Process Modelling,and Forward,Context Dependent,Rule Based,",
        "title_embedding": [],
        "abstract_embedding": []
    },
    {
        "id": 5173,
        "label": 979,
        "title": "Software Process Improvement by Business Process Orientation",
        "organization": null,
        "abstract": NaN,
        "conf": "Software Process: Improvement and Practice",
        "email": null,
        "coauthors": [
            "volker gruhn"
        ],
        "keywords": "Business Process,Software Process Improvement,",
        "title_embedding": [],
        "abstract_embedding": []
    }
]