[
    {
        "id": 5092,
        "label": 969,
        "title": "An augmented reality weather system",
        "organization": null,
        "abstract": "This paper presents ARWeather, a simulation application, which can simulate three types of precipitation: rain, snow, and hail. We examined a range of weather phenomenon and how they may be simulated in a mobile augmented reality system. ARWeather was developed and deployed on the Tinmith wearable computer system to enable autonomous and free movement for the user. The user can",
        "conf": "Advances in Computer Entertainment Technology",
        "email": null,
        "coauthors": [
            "marko heinrich",
            "bruce h. thomas",
            "christian sandor"
        ],
        "keywords": "Augmented Reality,Mobile Augmented Reality,User Study,Wearable Computer,",
        "title_embedding": [],
        "abstract_embedding": []
    },
    {
        "id": 5093,
        "label": 969,
        "title": "Evaluating the Performance of Processing Medical Volume Data on Graphics Hardware",
        "organization": null,
        "abstract": "With the broad availability and increasing performance of commodity graphics processors (GPU), non-graphical applications have become an active field of research. However, leveraging the performance for advanced applications combining hardware and software implemen- tations is more than just efficient shader programming: the data transfer is often the main limiting factor. Therefore, we will investigate in the applicability of commodity graphics",
        "conf": "Bildverarbeitung fur die Medizin",
        "email": null,
        "coauthors": [
            "matthias raspe",
            "guido lorenz"
        ],
        "keywords": "Data Processing,Data Transfer,Graphics Hardware,Graphics Processors,Hardware Implementation,Interactive Application,Limiting Factor,Volume Data,",
        "title_embedding": [],
        "abstract_embedding": []
    },
    {
        "id": 5094,
        "label": 969,
        "title": "Cybernarium Days 2002 - A Public Experience of Virtual and Augmented Worlds",
        "organization": null,
        "abstract": NaN,
        "conf": "International Conference on Cyberworlds",
        "email": null,
        "coauthors": [
            "johannes behr",
            "peter eschler",
            "torsten frohlich",
            "christian knopfle",
            "bernd lutz",
            "marcus roth"
        ],
        "keywords": null,
        "title_embedding": [],
        "abstract_embedding": []
    },
    {
        "id": 5095,
        "label": 969,
        "title": "Collaborative Mixed Reality Exposure Therapy",
        "organization": null,
        "abstract": "In addition to established methods, the treatment of mental disorders using Virtual Reality Exposure Therapy is becoming commonplace. We present an approach, which extends this concept in three ways: (1) the provision of maximum control for the therapist over the exposure environment, (2) the inclusion of different media and mediation elements in the virtuality continuum in Mixed Reality, and (3)",
        "conf": "International Conference on Cyberworlds",
        "email": null,
        "coauthors": [
            "holger regenbrecht",
            "daniel wickeroth",
            "brian dixon"
        ],
        "keywords": "Exposure Therapy,Mental Disorder,Mixed Reality,Remote Collaboration,Virtual Reality,Work In Progress,",
        "title_embedding": [],
        "abstract_embedding": []
    },
    {
        "id": 5096,
        "label": 969,
        "title": "Complex Cable Bundle Simulation and Validation in VR",
        "organization": null,
        "abstract": NaN,
        "conf": "European Symposium on Computer Modeling and Simulation",
        "email": null,
        "coauthors": [
            "christian wienss",
            "julia scharping",
            "igor n. nikitin",
            "gernot goebbels",
            "martin gobel",
            "nils hornung"
        ],
        "keywords": null,
        "title_embedding": [],
        "abstract_embedding": []
    },
    {
        "id": 5097,
        "label": 969,
        "title": "Graphics and Visualization: The Essential Features for the Classification of Systems",
        "organization": null,
        "abstract": NaN,
        "conf": "International Conference on Computer Graphics",
        "email": null,
        "coauthors": [
            "jose l. encarnacao",
            "peter astheimer",
            "wolfgang felger",
            "thomas fruhauf",
            "martin gobel"
        ],
        "keywords": null,
        "title_embedding": [],
        "abstract_embedding": []
    },
    {
        "id": 5098,
        "label": 969,
        "title": "ARWeather - An Augmented Reality Weather system",
        "organization": null,
        "abstract": NaN,
        "conf": "International Symposium on Mixed and Augmented Reality",
        "email": null,
        "coauthors": [
            "marko heinrich",
            "bruce h. thomas"
        ],
        "keywords": "Augmented Reality,",
        "title_embedding": [],
        "abstract_embedding": []
    },
    {
        "id": 5099,
        "label": 969,
        "title": "Hand Gesture Recognition with a Novel IR Time-of-Flight Range Camera-A Pilot Study",
        "organization": null,
        "abstract": "We present a gesture recognition system for recogniz- ing hand movements in near realtime. The system uses a infra-red time-of-flight range camera with up to 30 Hz framerate to measure 3d-surface points captured from the hand of the user. The mea- sured data is transformed into a cloud of 3d-points after depth key- ing and suppression of camera noise by",
        "conf": "MIRAGE",
        "email": null,
        "coauthors": [
            "pia breuer",
            "christian eckes"
        ],
        "keywords": "Computer Graphic,Degree of Freedom,Gesture Recognition,Hand Gesture Recognition,Man Machine Interface,Median Filter,Pilot Study,Principle Component Analysis,Infra Red,Time of Flight,",
        "title_embedding": [],
        "abstract_embedding": []
    },
    {
        "id": 5100,
        "label": 969,
        "title": "A Radiosity Approach for the Simulation of Daylight",
        "organization": null,
        "abstract": "In this paper, an extension to the radiosity method, for the simulation of daylight, is presented. The sky hemisphere around the scene is subdivided into a set of sky patches. By defining a location on the earth, a time of day and the weather conditions (e.g., clear sky, overcast, partly cloudy) a sky model (e.g., CIE or Perez) is applied",
        "conf": "Eurographics Symposium on Rendering/Eurographics Workshop on Rendering Techniques",
        "email": null,
        "coauthors": [
            "wolfram kresse",
            "neil gatenby",
            "frank schoffel"
        ],
        "keywords": "Form Factor,Time of Day,Weather Condition,",
        "title_embedding": [],
        "abstract_embedding": []
    },
    {
        "id": 5101,
        "label": 969,
        "title": "Consistent interactive augmentation of live camera images with correct near-field illumination",
        "organization": null,
        "abstract": "Inserting virtual objects in real camera images with correct lighting is an active area of research. Current methods use a high dynamic range camera with a fish-eye lens to capture the incoming illumination. The main problem with this approach is the limitation to distant illumination. Therefore, the focus of our work is a real-time description of both near - and",
        "conf": "Virtual Reality Software and Technology",
        "email": null,
        "coauthors": [
            "thorsten grosch",
            "tobias eble"
        ],
        "keywords": "Global Illumination,High Dynamic Range,Image Synthesis,Importance Sampling,Near Field,Shadow Mapping,Real Time,",
        "title_embedding": [],
        "abstract_embedding": []
    },
    {
        "id": 5102,
        "label": 969,
        "title": "Sceptre: an infrared laser tracking system for virtual environments",
        "organization": null,
        "abstract": "In this paper a 3D tracking system for Virtual Environments is presented which utilizes infrared (IR) laser technology. Invisible laser patterns are projected from the user(s) to the screen via the input device Sceptre or the appending headtracking device. IR-sensible cameras which are placed near the projectors in a backprojection setup recognize the pattern. That way position and orientation of",
        "conf": "Virtual Reality Software and Technology",
        "email": null,
        "coauthors": [
            "christian wienss",
            "igor n. nikitin",
            "gernot goebbels",
            "klaus troche",
            "martin gobel",
            "lialia nikitina"
        ],
        "keywords": "3d reconstruction,Infrared,Input Device,Tracking System,Virtual Environment,",
        "title_embedding": [],
        "abstract_embedding": []
    },
    {
        "id": 5103,
        "label": 969,
        "title": "PROSECO - A Framework Architecture to Provide Services for Economic Data",
        "organization": null,
        "abstract": NaN,
        "conf": "International Conference in Central Europe on Computer Graphics and Visualization",
        "email": null,
        "coauthors": [
            "miriam lux",
            "ralf stuckert"
        ],
        "keywords": null,
        "title_embedding": [],
        "abstract_embedding": []
    },
    {
        "id": 5104,
        "label": 969,
        "title": "Virtual design: A generic VR system for industrial applications",
        "organization": null,
        "abstract": NaN,
        "conf": "Computers & Graphics",
        "email": null,
        "coauthors": [
            "peter astheimer",
            "wolfgang felger"
        ],
        "keywords": "Industrial Application,",
        "title_embedding": [],
        "abstract_embedding": []
    },
    {
        "id": 5105,
        "label": 969,
        "title": "Fast Ray/Axis-Aligned Bounding Box Overlap Tests using Ray Slopes",
        "organization": null,
        "abstract": NaN,
        "conf": NaN,
        "email": null,
        "coauthors": [
            "martin eisemann",
            "marcus a. magnor",
            "thorsten grosch"
        ],
        "keywords": null,
        "title_embedding": [],
        "abstract_embedding": []
    },
    {
        "id": 5106,
        "label": 970,
        "title": "A novel LDPC decoder for DVB-S2 IP",
        "organization": null,
        "abstract": "In this paper a programmable Forward Error Correction (FEC) IP for a DVB-S2 receiver is presented. It is composed of a Low-Density Parity Check (LDPC), a Bose-Chaudhuri-Hoquenghem (BCH) decoder, and pre- and postprocessing units. Special emphasis is put on LDPC decoding, since it accounts for the most complexity of the IP core by far. We propose a highly efficient LDPC",
        "conf": "Design, Automation, and Test in Europe",
        "email": null,
        "coauthors": [
            "manuel schreger",
            "marten kabutz",
            "matthias alles",
            "frank kienle",
            "norbert wehn"
        ],
        "keywords": "Forward Error Correction,Low Density Parity Check,Power Consumption,Soft Decision Decoding,Gauss Seidel,",
        "title_embedding": [],
        "abstract_embedding": []
    },
    {
        "id": 5107,
        "label": 971,
        "title": "Soziale Kompetenzen in der Online-Programmierausbildung",
        "organization": null,
        "abstract": NaN,
        "conf": "GI-Jahrestagung",
        "email": null,
        "coauthors": [
            "gudrun gorlitz",
            "oliver grimm"
        ],
        "keywords": null,
        "title_embedding": [],
        "abstract_embedding": []
    },
    {
        "id": 5108,
        "label": 972,
        "title": "Yet Another Paper about Partial Verb Phrase Fronting in German",
        "organization": null,
        "abstract": "I describe a very simple HPSG analysis for partial verb phrase fronting. I will argue that the presented account is more adequate than others made during the past years because it allows the description of constituents in fronted positions with their modifier remaining in the nonzfronted part of the sentence.A problem with ill-formed signs that are admitted by all HPSG",
        "conf": "Computing Research Repository",
        "email": null,
        "coauthors": [],
        "keywords": "Word Order,Verb Phrase,",
        "title_embedding": [],
        "abstract_embedding": []
    },
    {
        "id": 5109,
        "label": 972,
        "title": "Object to Subject Raising or Lexical Rule - An HPSG Analysis of the German Passive",
        "organization": null,
        "abstract": NaN,
        "conf": "KONVENS - Verarbeitung natrlicher Sprache",
        "email": null,
        "coauthors": [],
        "keywords": null,
        "title_embedding": [],
        "abstract_embedding": []
    },
    {
        "id": 5110,
        "label": 972,
        "title": "Complement Extraction Lexical Rules and Argument Attraction",
        "organization": null,
        "abstract": NaN,
        "conf": "KONVENS - Verarbeitung natrlicher Sprache",
        "email": null,
        "coauthors": [],
        "keywords": null,
        "title_embedding": [],
        "abstract_embedding": []
    },
    {
        "id": 5111,
        "label": 972,
        "title": "Yet Another Paper about Partial Verb Phrase Fronting in German",
        "organization": null,
        "abstract": "I describe a very simple HPSG analysis for partial verb phrase fronting. I will argue that the presented account is more adequate than others made during the past years because it allows the description of constituents in fronted positions with their modifier remaining in the nonzfronted part of the sentence.A problem with ill-formed signs that are admitted by all HPSG",
        "conf": "Computing Research Repository",
        "email": null,
        "coauthors": [],
        "keywords": "Word Order,Verb Phrase,",
        "title_embedding": [],
        "abstract_embedding": []
    },
    {
        "id": 5112,
        "label": 972,
        "title": "An HPSG Analysis of German Depictive Secondary Predicates",
        "organization": null,
        "abstract": NaN,
        "conf": "Electronic Notes in Theoretical Computer Science",
        "email": null,
        "coauthors": [],
        "keywords": "Argument Structure,",
        "title_embedding": [],
        "abstract_embedding": []
    },
    {
        "id": 5113,
        "label": 972,
        "title": "An HPSG-Analysis for Free Relative Clauses in German",
        "organization": null,
        "abstract": NaN,
        "conf": "Grammars",
        "email": null,
        "coauthors": [],
        "keywords": "Formal Grammar,Relative Clause,",
        "title_embedding": [],
        "abstract_embedding": []
    }
]