[
    {
        "id": 5120,
        "label": 975,
        "title": "General Requirements of Banks on IT Architectures and the Service-Oriented Architecture Paradigm",
        "organization": null,
        "abstract": NaN,
        "conf": NaN,
        "email": null,
        "coauthors": [
            "nicolas repp",
            "julian eckert",
            "rainer berbner",
            "korbinian von blanckenburg",
            "ralf schaarschmidt",
            "ralf steinmetz"
        ],
        "keywords": "Service Oriented Architecture,",
        "title_embedding": [],
        "abstract_embedding": []
    },
    {
        "id": 5121,
        "label": 975,
        "title": "Vorwort der Workshop-Leitung",
        "organization": null,
        "abstract": NaN,
        "conf": "GI-Jahrestagung",
        "email": null,
        "coauthors": [
            "nicolas repp",
            "ulrike steffens"
        ],
        "keywords": null,
        "title_embedding": [],
        "abstract_embedding": []
    },
    {
        "id": 5122,
        "label": 975,
        "title": "Workshop IT-Governance in verteilten Systemen (GVS) 2010 (Vorwort)",
        "organization": null,
        "abstract": NaN,
        "conf": "GI-Jahrestagung",
        "email": null,
        "coauthors": [
            "nicolas repp",
            "ulrike steffens"
        ],
        "keywords": "It Governance,",
        "title_embedding": [],
        "abstract_embedding": []
    },
    {
        "id": 5123,
        "label": 975,
        "title": "Query Languages for Semantic Web Services",
        "organization": null,
        "abstract": NaN,
        "conf": "GI-Jahrestagung",
        "email": null,
        "coauthors": [
            "melanie siebenhaar",
            "julian eckert",
            "ralf steinmetz"
        ],
        "keywords": "Query Language,Semantic Web Service,",
        "title_embedding": [],
        "abstract_embedding": []
    },
    {
        "id": 5124,
        "label": 975,
        "title": "Worst-Case Workflow Performance Optimization",
        "organization": null,
        "abstract": NaN,
        "conf": "International Conference on Internet and Web Applications and Services",
        "email": null,
        "coauthors": [
            "julian eckert",
            "michael niemann",
            "nicolas repp",
            "ralf steinmetz"
        ],
        "keywords": "Performance Optimization,",
        "title_embedding": [],
        "abstract_embedding": []
    },
    {
        "id": 5125,
        "label": 975,
        "title": "An Approach to the Analysis and Evaluation of an Enterprise Service Ecosystem",
        "organization": null,
        "abstract": NaN,
        "conf": "International Conference on Software and Data Technologies",
        "email": null,
        "coauthors": [
            "nicolas repp",
            "julian eckert",
            "rainer berbner",
            "ralf steinmetz"
        ],
        "keywords": null,
        "title_embedding": [],
        "abstract_embedding": []
    },
    {
        "id": 5126,
        "label": 975,
        "title": "Governance of a service-oriented architecture for environmental and public security",
        "organization": null,
        "abstract": NaN,
        "conf": "Information Technologies in Environmental Engineering",
        "email": null,
        "coauthors": [
            "apostolos papageorgiou",
            "dieter schuller",
            "michael niemann",
            "nicolas repp",
            "ralf steinmetz"
        ],
        "keywords": "Service Oriented Architecture,",
        "title_embedding": [],
        "abstract_embedding": []
    },
    {
        "id": 5127,
        "label": 975,
        "title": "Implementing and Evaluating the Common Information Model in a Relational and RDF-based Database",
        "organization": null,
        "abstract": NaN,
        "conf": "Information Technologies in Environmental Engineering",
        "email": null,
        "coauthors": [
            "rainer berbner",
            "ralf steinmetz",
            "mathias uslar"
        ],
        "keywords": "Common Information Model,",
        "title_embedding": [],
        "abstract_embedding": []
    },
    {
        "id": 5128,
        "label": 975,
        "title": "Building the Semantic Utility with Standards and Semantic Web Services",
        "organization": null,
        "abstract": NaN,
        "conf": "OTM Workshops",
        "email": null,
        "coauthors": [
            "mathias uslar",
            "sebastian rohjans",
            "ralf steinmetz"
        ],
        "keywords": "Semantic Web Service,",
        "title_embedding": [],
        "abstract_embedding": []
    },
    {
        "id": 5129,
        "label": 975,
        "title": "From Web Service Policies to Automatic Deviation Handling: Supporting Semantic Description of Reactions to Policy Violations",
        "organization": null,
        "abstract": NaN,
        "conf": "IEEE Internet Computing",
        "email": null,
        "coauthors": [
            "nicolas repp",
            "dieter schuller",
            "ralf steinmetz"
        ],
        "keywords": "Semantic Description,Web Service,",
        "title_embedding": [],
        "abstract_embedding": []
    },
    {
        "id": 5130,
        "label": 975,
        "title": "LOG4SWS.KOM: Self-Adapting Semantic Web Service Discovery for SAWSDL",
        "organization": null,
        "abstract": NaN,
        "conf": NaN,
        "email": null,
        "coauthors": [
            "ulrich lampe",
            "julian eckert",
            "ralf steinmetz"
        ],
        "keywords": "Semantic Web Service,",
        "title_embedding": [],
        "abstract_embedding": []
    }
]