[
    {
        "id": 5185,
        "label": 986,
        "title": "Executions of \"home applications\" and service customisations in Integrated Personal Mobility Architecture",
        "organization": null,
        "abstract": "Integrated Personal Mobility Architecture (IPMoA) is a personal mobility framework that supports personality in both the areas of personal communications and personalising the user's operation environments and services. In this paper, we describe how we use mobile agents in this architecture to achieve the results of providing personal mobility support in the area of personalising the user's operational environments and",
        "conf": "International Symposium on Computers and Communications",
        "email": null,
        "coauthors": [
            "binh thai",
            "aruna seneviratne"
        ],
        "keywords": "Internet Services,Mobile Agent,",
        "title_embedding": [],
        "abstract_embedding": []
    }
]