[
    {
        "id": 5186,
        "label": 987,
        "title": "Neural Network Control Design for Large-Scale Systems with Higher-Order Interconnections",
        "organization": null,
        "abstract": NaN,
        "conf": "International Symposium on Neural Networks",
        "email": null,
        "coauthors": [
            "cong ming"
        ],
        "keywords": "Large Scale System,Neural Network Control,Higher Order,",
        "title_embedding": [],
        "abstract_embedding": []
    }
]