[
    {
        "id": 5199,
        "label": 991,
        "title": "Reliable short-term memory in the trion model: toward a cortical language and grammar",
        "organization": null,
        "abstract": NaN,
        "conf": "Biological Cybernetics",
        "email": null,
        "coauthors": [
            "milind sardesai",
            "christopher figge",
            "mark bodner",
            "meridith crosby",
            "jill hansen",
            "jorge a. quillfeldt",
            "annette ostling",
            "sydni vuong",
            "gordon l. shaw"
        ],
        "keywords": "Short Term Memory,",
        "title_embedding": [],
        "abstract_embedding": []
    }
]