[
    {
        "id": 5201,
        "label": 993,
        "title": "On Approximating Real-World Halting Problems",
        "organization": null,
        "abstract": "No algorithm can of course solve the Halting Problem, that is, decide within finite time always correctly whether a given program halts on a certain given input. It might however be able to give correct answers for 'most' instances and thus solve it at least approximately. Whether and how well such approxima- tions are feasible highly depends on the underlying",
        "conf": "Fundamentals of Computation Theory",
        "email": null,
        "coauthors": [
            "christian schindelhauer",
            "martin ziegler"
        ],
        "keywords": "Programming Language,Source Code,Lower Bound,",
        "title_embedding": [],
        "abstract_embedding": []
    },
    {
        "id": 5202,
        "label": 993,
        "title": "Fault-Containing Self-Stabilization in Asynchronous Systems with Constant Fault-Gap",
        "organization": null,
        "abstract": NaN,
        "conf": "International Conference on Distributed Computing Systems",
        "email": null,
        "coauthors": [
            "volker turau"
        ],
        "keywords": "Asynchronous System,",
        "title_embedding": [],
        "abstract_embedding": []
    },
    {
        "id": 5203,
        "label": 993,
        "title": "A New Technique for Proving Self-stabilizing under the Distributed Scheduler",
        "organization": null,
        "abstract": NaN,
        "conf": "Self-Stabilizing Systems",
        "email": null,
        "coauthors": [
            "volker turau"
        ],
        "keywords": "Distributed Scheduling,",
        "title_embedding": [],
        "abstract_embedding": []
    },
    {
        "id": 5204,
        "label": 994,
        "title": "Parallelizing XML data-streaming workflows via MapReduce",
        "organization": null,
        "abstract": NaN,
        "conf": "Journal of Computer and System Sciences",
        "email": null,
        "coauthors": [
            "daniel zinn",
            "shawn bowers",
            "bertram ludascher"
        ],
        "keywords": "Data Stream,",
        "title_embedding": [],
        "abstract_embedding": []
    }
]