[
    {
        "id": 5210,
        "label": 997,
        "title": "A Thin Shell Volume for Modeling Human Hair",
        "organization": null,
        "abstract": "Hair-to-hair interaction is often ignored in human hair modeling, due to its computational and algorithmic complexity. In this paper, we present our experimental approach to simulate the complex behavior of long human hair, taking into account hair- to-hair interactions. We describe a thin shell volume (TSV) model for enhancing hair realism by simulating complex hair-hair interaction. The TSV is a",
        "conf": "Computer Animation Conference",
        "email": null,
        "coauthors": [
            "ulrich neumann"
        ],
        "keywords": "Hair Modeling,Surface Model,Surface Representation,",
        "title_embedding": [],
        "abstract_embedding": []
    },
    {
        "id": 5211,
        "label": 997,
        "title": "Opacity Shadow Maps",
        "organization": null,
        "abstract": "Abstract  Opacity shadow maps approximate light transmittance inside a complex volume with a  set of planar opacity maps A volume made of standard primitives (points, lines, and  polygons) is sliced and rendered with graphics hardware to each opacity map that stores  alpha values instead of traditionally used depth values The alpha values are sampled in  the maps enclosing each primitive",
        "conf": "Eurographics Symposium on Rendering/Eurographics Workshop on Rendering Techniques",
        "email": null,
        "coauthors": [
            "ulrich neumann"
        ],
        "keywords": "Graphics Hardware,Shadow Mapping,",
        "title_embedding": [],
        "abstract_embedding": []
    },
    {
        "id": 5212,
        "label": 997,
        "title": "Animation and simulation of octopus arms in 'The Night at the Museum 2",
        "organization": null,
        "abstract": "We present a set of techniques we used to animate flexible arms of the monstrous octopus character in 'The Night at the Museum 2'. For this production, we adopted layered approaches, where key motions of the arms were animated with conventional methods by animators, while details were cleaned up by multiple passes of simulations of skeleton, flesh and tentacles.",
        "conf": "Annual Conference on Computer Graphics",
        "email": null,
        "coauthors": [
            "matt derksen"
        ],
        "keywords": null,
        "title_embedding": [],
        "abstract_embedding": []
    },
    {
        "id": 5213,
        "label": 997,
        "title": "Interactive multiresolution hair modeling and editing",
        "organization": null,
        "abstract": "Human hair modeling is a difficult task. This paper presents a constructive hair modeling system with which users can sculpt a wide variety of hairstyles. Our Multiresolution Hair Modeling (MHM) system is based on the observed tendency of adjacent hair strands to form clusters at multiple scales due to static attraction. In our system, initial hair designs are quickly created",
        "conf": "ACM Transactions on Graphics",
        "email": null,
        "coauthors": [
            "ulrich neumann"
        ],
        "keywords": "Hair Modeling,Multiple Scales,multiresolution modeling,Shadow Algorithm,Tool Support,Level of Detail,",
        "title_embedding": [],
        "abstract_embedding": []
    },
    {
        "id": 5214,
        "label": 997,
        "title": "Expressive Facial Animation Synthesis by Learning Speech Coarticulation and Expression Spaces",
        "organization": null,
        "abstract": "Synthesizing expressive facial animation is a very challenging topic within the graphics community. In this paper, we present an expressive facial animation synthesis system enabled by automated learning from facial motion capture data. Accurate 3D motions of the markers on the face of a human subject are captured while he/she recites a pre-designed corpus, with specific spoken and visual expressions.",
        "conf": "IEEE Transactions on Visualization and Computer Graphics",
        "email": null,
        "coauthors": [
            "zhigang deng",
            "ulrich neumann",
            "john p. lewis",
            "murtaza bulut",
            "shrikanth narayanan"
        ],
        "keywords": "Facial Animation,Human Subjects,Indexing Terms,Motion Capture Data,Principal Component Analysis,Signal Processing,Texture Synthesis,",
        "title_embedding": [],
        "abstract_embedding": []
    },
    {
        "id": 5215,
        "label": 997,
        "title": "A Survey on Hair Modeling: Styling, Simulation, and Rendering",
        "organization": null,
        "abstract": "Abstract Realistic hair modeling is a fundamental part of creating virtual humans,in computer,graphics. This paper surveys the state of the art in the major topics of hair modeling: hairstyling, hair simulation, and hair rendering. Because of the difficult, often unsolved, problems that arise in all these areas, a broad diversity of approaches are used, each with strengths that make it",
        "conf": "IEEE Transactions on Visualization and Computer Graphics",
        "email": null,
        "coauthors": [
            "kelly ward",
            "florence bertails",
            "stephen r. marschner",
            "marie-paule cani",
            "ming c. lin"
        ],
        "keywords": "Computer Graphic,Hair Modeling,Indexing Terms,physically-based simulation,Virtual Human,",
        "title_embedding": [],
        "abstract_embedding": []
    }
]