[
    {
        "id": 5206,
        "label": 996,
        "title": "Viewpoint stabilization for live collaborative video augmentations",
        "organization": null,
        "abstract": "We present a method for stabilizing live video from a moving camera for the purpose of a tele-meeting, in which a participant with an AR view onto a shared canvas collaborates with a remote user. The AR view is established without markers and using no other tracking equipment than a head-worn camera. The remote user is allowed to directly annotate",
        "conf": "International Symposium on Mixed and Augmented Reality",
        "email": null,
        "coauthors": [
            "tobias hollerer"
        ],
        "keywords": "Physical Interaction,Reference Frame,Tablet Pc,Real Time,",
        "title_embedding": [],
        "abstract_embedding": []
    },
    {
        "id": 5207,
        "label": 996,
        "title": "Initializing Markerless Tracking Using a Simple Hand Gesture",
        "organization": null,
        "abstract": "We introduce a technique to establish a coordinate system for aug- mented reality (AR) on table-top environments. A user's hand is tracked and the fingertips on the outstretched hand are detected, providing a camera pose estimation relative to the hand. As a user places the hand on the surface of a table-top environment, the hand's coordinate system is propagated to",
        "conf": "International Symposium on Mixed and Augmented Reality",
        "email": null,
        "coauthors": [
            "tobias hollered"
        ],
        "keywords": "Computer Graphic,Computer Vision,Coordinate System,Image Features,Interaction Technique,Pose Estimation,Scene Analysis,Three-dimensional Graphics and Realism,Tracking System,Virtual Reality,aug mented reality,Optical Flow,Proof of Concept,",
        "title_embedding": [],
        "abstract_embedding": []
    },
    {
        "id": 5208,
        "label": 996,
        "title": "Hybrid Feature Tracking and User Interaction for Markerless Augmented Reality",
        "organization": null,
        "abstract": "We describe a novel markerless camera tracking approach and user interaction methodology for augmented reality (AR) on unprepared tabletop environments. We propose a real-time system architec- ture that combines two types of feature tracking methods. Distinc- tive image features of the scene are detected and tracked frame- to-frame by computing optical flow. In order to achieve real-time performance, multiple operations",
        "conf": "Virtual Reality",
        "email": null,
        "coauthors": [
            "tobias hollerer"
        ],
        "keywords": "Augmented Reality,Computer Graphic,Computer Vision,Coordinate System,Feature Tracking,Image Features,Indexing Terms,Interaction Technique,Invariant Feature,Multiplication Operator,Scene Analysis,Three-dimensional Graphics and Realism,User Interaction,User Interface,Virtual Reality,Optical Flow,Proof of Concept,Real Time,Real Time Systems,",
        "title_embedding": [],
        "abstract_embedding": []
    },
    {
        "id": 5209,
        "label": 996,
        "title": "Multithreaded Hybrid Feature Tracking for Markerless Augmented Reality",
        "organization": null,
        "abstract": NaN,
        "conf": "IEEE Transactions on Visualization and Computer Graphics",
        "email": null,
        "coauthors": [
            "tobias hollerer"
        ],
        "keywords": "Augmented Reality,Feature Tracking,",
        "title_embedding": [],
        "abstract_embedding": []
    }
]