[
    {
        "id": 5268,
        "label": 1005,
        "title": "Wavelet-based preconditioners for boundary integral equations",
        "organization": null,
        "abstract": NaN,
        "conf": "Advances in Computational Mathematics",
        "email": null,
        "coauthors": [
            "ernst p. stephan",
            "stefan zaprianov"
        ],
        "keywords": "Boundary Integral Equation,",
        "title_embedding": [],
        "abstract_embedding": []
    },
    {
        "id": 5269,
        "label": 1005,
        "title": "Two-Level Additive Schwarz Preconditioners for the hp Version of the Galerkin Boundary Element Method for 2-d Problems",
        "organization": null,
        "abstract": NaN,
        "conf": "Computing",
        "email": null,
        "coauthors": [
            "ernst p. stephan"
        ],
        "keywords": "additive schwarz preconditioner,Boundary Element Method,",
        "title_embedding": [],
        "abstract_embedding": []
    },
    {
        "id": 5270,
        "label": 1005,
        "title": "Multilevel additive Schwarz method for the hp version of the Galerkin boundary element method",
        "organization": null,
        "abstract": "We study a multilevel additive Schwarz method for the h-p version of the Galerkin boundary element method with geometrically graded meshes. Both hypersingular and weakly singular integral equations of the rst kind are considered. As it is well known the h-p version with geometric meshes con- verges exponentially fast in the energy norm. However, the condition number of the Galerkin",
        "conf": "Mathematics of Computation",
        "email": null,
        "coauthors": [
            "norbert heuer",
            "ernst p. stephan"
        ],
        "keywords": "Additive Schwarz Method,Blow Up,Boundary Element Method,Boundary Integral Equation Method,Condition Number,Multilevel Method,Preconditioned Conjugate Gradient,Singular Integral Equation,",
        "title_embedding": [],
        "abstract_embedding": []
    }
]