[
    {
        "id": 5271,
        "label": 1006,
        "title": "A Quantum Cipher with Near Optimal Key-Recycling",
        "organization": null,
        "abstract": "Assuming an insecure quantum channel and an authenti- cated classical channel, we propose an unconditionally secure scheme for encrypting classical messages under a shared key, where attempts to eavesdrop the ciphertext can be detected. If no eavesdropping is de- tected, we can securely re-use the entire key for encrypting new messages. If eavesdropping is detected, we must discard a number",
        "conf": "International Crytology Conference",
        "email": null,
        "coauthors": [
            "ivan damgard",
            "louis salvail"
        ],
        "keywords": "Quantum Channel,Quantum Key Distribution,Similarity Function,One Time Pad,",
        "title_embedding": [],
        "abstract_embedding": []
    }
]