[
    {
        "id": 5337,
        "label": 1014,
        "title": "SQL-basierte Datenbankzugriffe und XML: Eine 4-Schichten-Architektur",
        "organization": null,
        "abstract": NaN,
        "conf": "Workshop Grundlagen von Datenbanken",
        "email": null,
        "coauthors": [
            "christoph kiewitt"
        ],
        "keywords": null,
        "title_embedding": [],
        "abstract_embedding": []
    },
    {
        "id": 5338,
        "label": 1014,
        "title": "SQL-basierte Datenbankzugriffe und XML: Klassifizierung von Anwendungsprogrammen",
        "organization": null,
        "abstract": NaN,
        "conf": "Workshop Grundlagen von Datenbanken",
        "email": null,
        "coauthors": [],
        "keywords": null,
        "title_embedding": [],
        "abstract_embedding": []
    },
    {
        "id": 5339,
        "label": 1014,
        "title": "SQL-basierte Datenbankzugriffe und XML: Verarbeitung von Anfrageergebnissen in Anwendungsprogrammen",
        "organization": null,
        "abstract": NaN,
        "conf": "Workshop Grundlagen von Datenbanken",
        "email": null,
        "coauthors": [],
        "keywords": null,
        "title_embedding": [],
        "abstract_embedding": []
    }
]