[
    {
        "id": 5343,
        "label": 1016,
        "title": "A Survey of DB Requirements for Graphical Applications in Engineering",
        "organization": null,
        "abstract": NaN,
        "conf": "IBM Germany Scientific Symposium Series",
        "email": null,
        "coauthors": [
            "jose l. encarnacao"
        ],
        "keywords": null,
        "title_embedding": [],
        "abstract_embedding": []
    },
    {
        "id": 5344,
        "label": 1016,
        "title": "On Representing the Design Information in a Common Database",
        "organization": null,
        "abstract": NaN,
        "conf": "International Conference on Management of Data",
        "email": null,
        "coauthors": [],
        "keywords": null,
        "title_embedding": [],
        "abstract_embedding": []
    },
    {
        "id": 5345,
        "label": 1017,
        "title": "Das UIMS THESEUS",
        "organization": null,
        "abstract": NaN,
        "conf": "GI-Jahrestagung",
        "email": null,
        "coauthors": [
            "matthias muth"
        ],
        "keywords": null,
        "title_embedding": [],
        "abstract_embedding": []
    },
    {
        "id": 5346,
        "label": 1018,
        "title": "Automated cell analysis in 2D and 3D: A comparative study",
        "organization": null,
        "abstract": NaN,
        "conf": "Pattern Recognition",
        "email": null,
        "coauthors": [
            "michael g. meyer",
            "mark fauver",
            "j. richard rahn",
            "florence w. patten",
            "eric j. seibel",
            "alan c. nelson"
        ],
        "keywords": "Comparative Study,",
        "title_embedding": [],
        "abstract_embedding": []
    },
    {
        "id": 5347,
        "label": 1019,
        "title": "Supporting User-Defined Notations When Integrating Scientific Text-Editors with Proof Assistance Systems",
        "organization": null,
        "abstract": NaN,
        "conf": "Mathematical Knowledge Management",
        "email": null,
        "coauthors": [
            "serge autexier",
            "armin fiedler",
            "marc wagner"
        ],
        "keywords": "Proof Assistant,",
        "title_embedding": [],
        "abstract_embedding": []
    }
]