[
    {
        "id": 5382,
        "label": 1022,
        "title": "EMV Charakteristiken von Power Supply Systemen im Kfz",
        "organization": null,
        "abstract": NaN,
        "conf": "Elektromagnetische Vertr?glichkeit",
        "email": null,
        "coauthors": [
            "frank klotz"
        ],
        "keywords": "Power Supply,",
        "title_embedding": [],
        "abstract_embedding": []
    },
    {
        "id": 5383,
        "label": 1022,
        "title": "Bewertung von IC-Emissions-Messverfahren an Smart Power-IC's",
        "organization": null,
        "abstract": NaN,
        "conf": "Elektromagnetische Vertr?glichkeit in der KFZ-Technik",
        "email": null,
        "coauthors": [
            "frank klotz"
        ],
        "keywords": null,
        "title_embedding": [],
        "abstract_embedding": []
    }
]