[
    {
        "id": 5384,
        "label": 1023,
        "title": "Software Design Document, Testing, Deployment and Configuration Management of the UUIS--a Team 2 COMP5541-W10 Project Approach",
        "organization": null,
        "abstract": "The Software Design Document of UUIS describes the prototype design details of the system architecture, database layer, deployment and configuration details as well as test cases produced while working the design and implementation of the prototype. The requirements specification of UUIS are detailed in arXiv:1005.0783. Configuration Management;Design and Implementation;Requirement Specification;Software Design;System Architecture; Computing Research Repository http://arxiv.org/abs/1005.0665,http://www.informatik.uni-trier.de/~ley/db/journals/corr/corr1005.html#abs-1005-0665 2010",
        "conf": NaN,
        "email": null,
        "coauthors": [
            "omer shahid ahmad",
            "faisal alrashdi",
            "jason jun-duo chen",
            "najah ilham",
            "jianhai lu",
            "yiwei sun",
            "yongxin zhu"
        ],
        "keywords": null,
        "title_embedding": [],
        "abstract_embedding": []
    },
    {
        "id": 5385,
        "label": 1023,
        "title": "Software Requirements Specification of the IUfA's UUIS -- a Team 2 COMP5541-W10 Project Approach",
        "organization": null,
        "abstract": "In the 52-page document, we describe our approach to the Software Requirements Specification of the IUfA's UUIS prototype. This includes the overall system description, functional requirements, non-functional requirements, use cases, the corresponding data dictionary for all entities involved, mock user interface (UI) design, and the overall projected cost estimate. The design specification of UUIS can be found in arXiv:1005.0665. Cost Estimation;Functional Requirement;Non-functional Requirement;Use Case;User Interface;Software Requirements Specification; Computing Research Repository http://arxiv.org/abs/1005.0783,http://www.informatik.uni-trier.de/~ley/db/journals/corr/corr1005.html#abs-1005-0783 2010",
        "conf": NaN,
        "email": null,
        "coauthors": [
            "omer shahid ahmad",
            "faisal alrashdi",
            "jason jun-duo chen",
            "najah ilham",
            "jianhai lu",
            "yiwei sun",
            "yongxin zhu"
        ],
        "keywords": null,
        "title_embedding": [],
        "abstract_embedding": []
    }
]