[
    {
        "id": 5386,
        "label": 1024,
        "title": "On Partial Transmit Sequences to Reduce PAR in OFDM Systems",
        "organization": null,
        "abstract": NaN,
        "conf": "Global Telecommunications Conference",
        "email": null,
        "coauthors": [
            "lutz h.-j. lampe"
        ],
        "keywords": "Partial Transmit Sequence,",
        "title_embedding": [],
        "abstract_embedding": []
    },
    {
        "id": 5387,
        "label": 1024,
        "title": "Rateless Multilevel Coding and Applications",
        "organization": null,
        "abstract": NaN,
        "conf": "Global Telecommunications Conference",
        "email": null,
        "coauthors": [
            "lutz h.-j. lampe"
        ],
        "keywords": null,
        "title_embedding": [],
        "abstract_embedding": []
    },
    {
        "id": 5388,
        "label": 1024,
        "title": "Coded Pulse-Position Modulation for Free-Space Optical Communications",
        "organization": null,
        "abstract": NaN,
        "conf": "IEEE International Conference on Communications",
        "email": null,
        "coauthors": [
            "lutz h.-j. lampe"
        ],
        "keywords": "Free Space Optical Communication,Pulse Position Modulated,",
        "title_embedding": [],
        "abstract_embedding": []
    },
    {
        "id": 5389,
        "label": 1024,
        "title": "On Trellis Shaping for PAR Reduction in OFDM Systems",
        "organization": null,
        "abstract": NaN,
        "conf": "IEEE Transactions on Communications",
        "email": null,
        "coauthors": [
            "lutz h.-j. lampe"
        ],
        "keywords": null,
        "title_embedding": [],
        "abstract_embedding": []
    },
    {
        "id": 5390,
        "label": 1024,
        "title": "On partial transmit sequences for PAR reduction in OFDM systems",
        "organization": null,
        "abstract": NaN,
        "conf": "IEEE Transactions on Wireless Communications",
        "email": null,
        "coauthors": [
            "lutz h.-j. lampe"
        ],
        "keywords": "Partial Transmit Sequence,",
        "title_embedding": [],
        "abstract_embedding": []
    },
    {
        "id": 5391,
        "label": 1025,
        "title": "Benchmarking and solving dynamic constrained problems",
        "organization": null,
        "abstract": NaN,
        "conf": "IEEE Congress on Evolutionary Computation",
        "email": null,
        "coauthors": [
            "xin yao"
        ],
        "keywords": null,
        "title_embedding": [],
        "abstract_embedding": []
    },
    {
        "id": 5392,
        "label": 1025,
        "title": "Performance of infeasibility driven evolutionary algorithm (IDEA) on constrained dynamic single objective optimization problems",
        "organization": null,
        "abstract": NaN,
        "conf": "IEEE Congress on Evolutionary Computation",
        "email": null,
        "coauthors": [
            "hemant k. singh",
            "amitay isaacs",
            "tapabrata ray",
            "xin yao"
        ],
        "keywords": "Constrained Dynamics,Evolutionary Algorithm,Optimization Problem,",
        "title_embedding": [],
        "abstract_embedding": []
    },
    {
        "id": 5393,
        "label": 1025,
        "title": "Dynamic Time-Linkage Problems Revisited",
        "organization": null,
        "abstract": "Dynamic time-linkage problems (DTPs) are common types of dynamic optimization problems where \"decisions that are made now ... may inuence the maximum score that can be obtained in the future\"(3). This paper contributes to understanding the questions of what are the unknown characteristic of DTPs and how to characterize DTPs. Firstly, based on existing de...nitions we will introduce a more",
        "conf": "EvoWorkshops",
        "email": null,
        "coauthors": [
            "xin yao"
        ],
        "keywords": "Benchmark Problem,Dynamic Optimization Problem,Prediction Method,",
        "title_embedding": [],
        "abstract_embedding": []
    },
    {
        "id": 5394,
        "label": 1025,
        "title": "Hybridizing Cultural Algorithms and Local Search",
        "organization": null,
        "abstract": "In this paper, we propose a new population-based framework for combining local search with global explorations to solve single-objective unconstrained numerical optimization problems. The idea is to use knowledge about local optima found during the search to a) locate promising regions in the search space and b) identify suitable step sizes to move from one optimum to others in each",
        "conf": "Intelligent Data Engineering and Automated Learning",
        "email": null,
        "coauthors": [
            "xin yao"
        ],
        "keywords": "Direct Search,Evolutionary Algorithm,Iterated Local Search,Numerical Optimization,Search Space,Local Search,",
        "title_embedding": [],
        "abstract_embedding": []
    },
    {
        "id": 5395,
        "label": 1025,
        "title": "An Experimental Study of Hybridizing Cultural Algorithms and Local Search",
        "organization": null,
        "abstract": "In this paper the performance of the Cultural Algorithms-Iterated Local Search (CA-ILS), a new contin- uous optimization algorithm, is empirically studied on multimodal test functions proposed in the Special Session on Real-Parameter Optimization of the 2005 Congress on Evolutionary Computation. It is com- pared with state-of-the-art methods attending the Session to find out whether the algorithm is effective in solving",
        "conf": "International Journal of Neural Systems",
        "email": null,
        "coauthors": [
            "xin yao"
        ],
        "keywords": "Continuous Optimization,Empirical Study,Evolutionary Computing,Experimental Study,Global Optimization,Iterated Local Search,Optimal Algorithm,Parameter Optimization,Local Search,",
        "title_embedding": [],
        "abstract_embedding": []
    },
    {
        "id": 5396,
        "label": 1026,
        "title": "On Learning of Sunspot Classification",
        "organization": null,
        "abstract": "This paper describes automatic sunspot recognition and classification from satellite images. Some experimental results on learning sunspot classification using data mining techniques are presented. The classification scheme attempted was the seven-class Modified Zurich scheme. Daily images of the solar disk were taken from the NASA SOHO satellite's MDI instrument and sunspots extracted using image processing techniques. Two data mining tools,",
        "conf": "Intelligent Information Systems",
        "email": null,
        "coauthors": [
            "claire p. willis",
            "derek j. paddon",
            "hung son nguyen"
        ],
        "keywords": "Data Mining,Image Processing Techniques,Machine Learning,Satellite Image,",
        "title_embedding": [],
        "abstract_embedding": []
    },
    {
        "id": 5397,
        "label": 1026,
        "title": "Ontology Driven Concept Approximation",
        "organization": null,
        "abstract": "This paper investigates the concept approximation problem using ontology as an domain knowledge representation model and rough set theory. In (7) (8), we have presented a rough set based multi-layered learning framework for approximation of complex concepts assuming the existence of a simple concept hierarchy. The proposed methodology uti- lizes the ontology structure to learn compound concepts using the rough",
        "conf": "Rough Sets and Current Trends in Computing",
        "email": null,
        "coauthors": [
            "sinh hoa nguyen",
            "hung son nguyen"
        ],
        "keywords": "Concept Hierarchy,Domain Knowledge,Knowledge Representation,Learning Algorithm,Rough Set Theory,Rough Set,",
        "title_embedding": [],
        "abstract_embedding": []
    },
    {
        "id": 5398,
        "label": 1026,
        "title": "Rough Set Approach to Sunspot Classification Problem",
        "organization": null,
        "abstract": "This paper presents an application of hierarchical learning method based rough set theory to the problem of sunspot classification from satellite images. The Modified Zurich classification scheme (3) is defined by a set of rules containing many complicated and unprecise concepts, which cannot be determined directly from solar images. The idea is to represent the domain knowledge by an ontology",
        "conf": "Rough Sets, Fuzzy Sets, Data Mining, and Granular-Soft Computing",
        "email": null,
        "coauthors": [
            "sinh hoa nguyen",
            "hung son nguyen"
        ],
        "keywords": "Domain Knowledge,Learning Methods,Rough Set Theory,Satellite Image,Decision Tree,Rough Set,",
        "title_embedding": [],
        "abstract_embedding": []
    },
    {
        "id": 5399,
        "label": 1026,
        "title": "Learning Sunspot Classification",
        "organization": null,
        "abstract": "Sunspots are the subject of interest to many astronomers and solar physicists. Sunspot observation, analysis and classification form an important part of furthering the knowledge about the Sun. Sunspot classification is a manual and very labor intensive process that could be auto- mated if successfully learned by a machine. This paper presents machine learning approaches to the problem of sunspot",
        "conf": "Fundamenta Informaticae",
        "email": null,
        "coauthors": [
            "claire p. willis",
            "derek j. paddon",
            "sinh hoa nguyen",
            "hung son nguyen"
        ],
        "keywords": "Active Region,Hierarchical Clustering,Machine Learning,Prediction Accuracy,Satellite Image,Decision Tree,Rough Set,",
        "title_embedding": [],
        "abstract_embedding": []
    }
]