[
    {
        "id": 5405,
        "label": 1030,
        "title": "Multi-objective process design in multi-purpose batch plants using a Tabu Search optimization algorithm",
        "organization": null,
        "abstract": "Chemical batch processes are typically used for the production of speciality chemicals and pharmaceuticals. Due to the still growing importance of this type of processing, design methods are required that take into account the special requirements and constraints in the corresponding production facilities. We developed a method that optimizes the design of a single chemical process to be implemented in",
        "conf": "Computers & Chemical Engineering",
        "email": null,
        "coauthors": [
            "laurent cavin",
            "f. glover",
            "konrad hungerbuhler"
        ],
        "keywords": "Batch Process,Case Study,Combinatorial Optimization,Optimal Algorithm,Optimal Design,Process Design,Process Evaluation,Simulation Software,Steepest Descent,tabu search,",
        "title_embedding": [],
        "abstract_embedding": []
    },
    {
        "id": 5406,
        "label": 1030,
        "title": "Batch process optimization in a multipurpose plant using Tabu Search with a design-space diversification",
        "organization": null,
        "abstract": NaN,
        "conf": "Computers & Chemical Engineering",
        "email": null,
        "coauthors": [
            "laurent cavin",
            "andrej mosat",
            "konrad hungerbuhler"
        ],
        "keywords": "Batch Process,Design Space,tabu search,",
        "title_embedding": [],
        "abstract_embedding": []
    },
    {
        "id": 5407,
        "label": 1030,
        "title": "Multiobjective optimization of multipurpose batch plants using superequipment class concept",
        "organization": null,
        "abstract": NaN,
        "conf": "Computers & Chemical Engineering",
        "email": null,
        "coauthors": [
            "andrej mosat",
            "laurent cavin",
            "konrad hungerbuhler"
        ],
        "keywords": "multiobjective optimization,",
        "title_embedding": [],
        "abstract_embedding": []
    }
]