[
    {
        "id": 5408,
        "label": 1031,
        "title": "Installing, Running and Maintaining Large Linux Clusters at CERN",
        "organization": null,
        "abstract": "Abstract: This paperdescribes the tools and processes we have implemented, working in close collaboration with the EDG project [1], especially with theWP4 subtask, to improve the manageability of our clusters, in particular in the areas of system installation, configuration, andmonitoring",
        "conf": "Computing Research Repository",
        "email": null,
        "coauthors": [
            "vladimir bahyl",
            "benjamin chardi",
            "jan van eldik",
            "thorsten kleinwort",
            "martin murth",
            "tim smith"
        ],
        "keywords": "Linux Cluster,",
        "title_embedding": [],
        "abstract_embedding": []
    }
]