[
    {
        "id": 5413,
        "label": 1034,
        "title": "An evolutionary system for neural logic networks using genetic programming and indirect encoding",
        "organization": null,
        "abstract": NaN,
        "conf": "Journal of Applied Logic",
        "email": null,
        "coauthors": [
            "athanasios tsakonas",
            "ioannis karkazis",
            "georgios dounias"
        ],
        "keywords": "Evolutionary System,Genetic Program,",
        "title_embedding": [],
        "abstract_embedding": []
    }
]