[
    {
        "id": 5414,
        "label": 1035,
        "title": "RegColl: Centralized Registry Framework for Infrastructure System Management",
        "organization": null,
        "abstract": "System administrators are faced with the challenge of managing and compiling information about deployed systems to ensure the maintenance, scalability, security, and overall availability of the infrastructure systems. Recently, securing and monitoring the deployed enterprise infrastructure systems has taken unprecedented importance due to the added accountability now being placed on managing corporate data and private information. Compliance with new regulation",
        "conf": "USENIX Systems Administration Conference",
        "email": null,
        "coauthors": [
            "brent byunghoon kang",
            "pratik thanki"
        ],
        "keywords": "Private Information,System Configuration,System Management,",
        "title_embedding": [],
        "abstract_embedding": []
    }
]