[
    {
        "id": 5424,
        "label": 1041,
        "title": "Multi-Granularities Counting Bloom Filter",
        "organization": null,
        "abstract": NaN,
        "conf": "High Performance Computing and Communications",
        "email": null,
        "coauthors": [
            "mingzhong zhou",
            "jian gong",
            "guang cheng"
        ],
        "keywords": "Bloom Filter,",
        "title_embedding": [],
        "abstract_embedding": []
    },
    {
        "id": 5425,
        "label": 1041,
        "title": "A Double-Sampling and Hold Based Approach for Accurate and Efficient Network Flow Monitoring",
        "organization": null,
        "abstract": NaN,
        "conf": "International Conference on Computational Science",
        "email": null,
        "coauthors": [
            "guang cheng",
            "yongning tang"
        ],
        "keywords": "Double Sampling,Network Flow,",
        "title_embedding": [],
        "abstract_embedding": []
    },
    {
        "id": 5426,
        "label": 1041,
        "title": "An Algorithm for Estimation of Flow Length Distributions Using Heavy-Tailed Feature",
        "organization": null,
        "abstract": NaN,
        "conf": "International Conference on Computational Science",
        "email": null,
        "coauthors": [
            "weijiang liu",
            "jian gong",
            "guang cheng"
        ],
        "keywords": "Heavy Tail,",
        "title_embedding": [],
        "abstract_embedding": []
    },
    {
        "id": 5427,
        "label": 1041,
        "title": "Estimating Original Flow Length from Sampled Flow Statistics",
        "organization": null,
        "abstract": NaN,
        "conf": "International Conference on Computational Science",
        "email": null,
        "coauthors": [
            "weijiang liu",
            "jian gong",
            "yanbing peng"
        ],
        "keywords": null,
        "title_embedding": [],
        "abstract_embedding": []
    },
    {
        "id": 5428,
        "label": 1041,
        "title": "A New Algorithm for Long Flows Statistics-MGCBF",
        "organization": null,
        "abstract": NaN,
        "conf": "International Conference on Computational Science",
        "email": null,
        "coauthors": [
            "mingzhong zhou",
            "jian gong"
        ],
        "keywords": null,
        "title_embedding": [],
        "abstract_embedding": []
    },
    {
        "id": 5429,
        "label": 1041,
        "title": "Network Traffic Sampling Model on Packet Identification",
        "organization": null,
        "abstract": "ABSTRACT Spatially coordinated  packet  sampling ,can  be  implemented ,by  using a deterministic function of packet content to determine the selection decision for a given packet. In this way, a given packet may be  selected  at  either  all  points  that  it  passes,  or  none.  Selection amongst the set of packets should appear as random,as possible.  Inthis paper  we  calculate ,the  empirical",
        "conf": "International Conference on Networking",
        "email": null,
        "coauthors": [
            "guang cheng",
            "jian gong"
        ],
        "keywords": "Network Traffic,Packet Sampling,",
        "title_embedding": [],
        "abstract_embedding": []
    },
    {
        "id": 5430,
        "label": 1041,
        "title": "A Time-Series Decomposed Model of Network Traffic",
        "organization": null,
        "abstract": "ABSTRACT Traffic behavior  in  a ,large-scale  network ,can  be  viewed ,as  a  complicated non-linear  system,  so  it  is  very  difficult  to  describe  the long-term network traffic behavior in a large-scale network. In this paper, according to the non-linear character of network traffic, the time  series  of  network ,traffic  is  decomposed ,into  trend  component, period  component,  mutation  component  and  random  component,by",
        "conf": "International Conference on Natural Computation",
        "email": null,
        "coauthors": [
            "guang cheng",
            "jian gong"
        ],
        "keywords": "Arima Model,Autocorrelation Function,Large Scale,Network Traffic,Non Linear System,Prediction Error,Time Series,",
        "title_embedding": [],
        "abstract_embedding": []
    },
    {
        "id": 5431,
        "label": 1041,
        "title": "Study of Dynamic Timeout Strategy based on flow rate metrics in high-speed networks",
        "organization": null,
        "abstract": "The measurements based on flow characteristics are playing more and more important roles in the analysis of Network Behavior. As one of main methods for flow recognition, the timeout strategies have a significant impact on the correctness and performance of flow measurements. This paper discusses the state-of-art of flow timeout strategies, and explains where they are applicable and their shortcomings.",
        "conf": "Scalable Information Systems",
        "email": null,
        "coauthors": [
            "mingzhong zhou",
            "jian gong"
        ],
        "keywords": "Flow Measurement,Flow Rate,High Speed Networks,Measurement System,Network Flow,Network Measurement,",
        "title_embedding": [],
        "abstract_embedding": []
    },
    {
        "id": 5432,
        "label": 1041,
        "title": "Identifying BT-like P2P Traffic by the Discreteness of Remote Hosts",
        "organization": null,
        "abstract": "By analyzing application protocols and traffic, we find that the most striking distinguish between BitTorrent (BT)-like peer-to-peer (P2P) applications' traffic and traditional as well as other P2P (such as Skype) applications' traffic of a single user may be the dissimilarity in the distribution of remote hosts involved. Therefore, we propose a method based on Discreteness of Remote Hosts (RHD) to",
        "conf": "IEEE Conference on Local Computer Networks",
        "email": null,
        "coauthors": [
            "w. q. cheng",
            "jian gong"
        ],
        "keywords": "bittorrent,P2P,Peer To Peer,Traffic Classification,Working Hours,",
        "title_embedding": [],
        "abstract_embedding": []
    },
    {
        "id": 5433,
        "label": 1041,
        "title": "A Trace Measurement and Analysis System for the Multi-Links CERNET Backbone",
        "organization": null,
        "abstract": NaN,
        "conf": "IEEE NAS - Networking, Architecture, and Storage",
        "email": null,
        "coauthors": [
            "guang cheng",
            "yongning tang",
            "jiexin jiang"
        ],
        "keywords": null,
        "title_embedding": [],
        "abstract_embedding": []
    },
    {
        "id": 5434,
        "label": 1041,
        "title": "Adaptive sampling algorithm for detection of superpoints",
        "organization": null,
        "abstract": NaN,
        "conf": "Science in China Series F: Information Sciences",
        "email": null,
        "coauthors": [
            "guang cheng",
            "jian gong",
            "hua wu",
            "shiqiang qiang"
        ],
        "keywords": "Adaptive Sampling,",
        "title_embedding": [],
        "abstract_embedding": []
    },
    {
        "id": 5435,
        "label": 1042,
        "title": "Customer Future Profitability Assessment: A Data-Driven Segmentation Function Approach",
        "organization": null,
        "abstract": NaN,
        "conf": "Data Engineering Issues in E-Commerce",
        "email": null,
        "coauthors": [
            "chunhua tian",
            "rongzeng cao",
            "michelle wang"
        ],
        "keywords": "Profitability,",
        "title_embedding": [],
        "abstract_embedding": []
    },
    {
        "id": 5436,
        "label": 1042,
        "title": "An Integer Linear Programming for Container Stowage Problem",
        "organization": null,
        "abstract": NaN,
        "conf": "International Conference on Computational Science",
        "email": null,
        "coauthors": [
            "feng li",
            "chunhua tian",
            "rongzeng cao"
        ],
        "keywords": "Integer Linear Program,",
        "title_embedding": [],
        "abstract_embedding": []
    },
    {
        "id": 5437,
        "label": 1042,
        "title": "Extensive Epidemic Spreading Model Based on Multi-agent System Framework",
        "organization": null,
        "abstract": NaN,
        "conf": "International Conference on Computational Science",
        "email": null,
        "coauthors": [
            "chunhua tian",
            "rongzeng cao",
            "shun jiang"
        ],
        "keywords": "Multi Agent System,",
        "title_embedding": [],
        "abstract_embedding": []
    },
    {
        "id": 5438,
        "label": 1042,
        "title": "Epidemic Alert & Response Framework and Technology Based on Spreading Dynamics Simulation",
        "organization": null,
        "abstract": NaN,
        "conf": "International Conference on Computational Science",
        "email": null,
        "coauthors": [
            "chunhua tian",
            "xun zhang",
            "rongzeng cao"
        ],
        "keywords": "Dynamic Simulation,",
        "title_embedding": [],
        "abstract_embedding": []
    },
    {
        "id": 5439,
        "label": 1042,
        "title": "Using Resource and Portfolio Management Solution to Align IT Investment with Business",
        "organization": null,
        "abstract": NaN,
        "conf": "IEEE International Conference on e-Business Engineering",
        "email": null,
        "coauthors": [
            "rongzeng cao",
            "chunhua tian"
        ],
        "keywords": "It Investment,Portfolio Management,",
        "title_embedding": [],
        "abstract_embedding": []
    },
    {
        "id": 5440,
        "label": 1042,
        "title": "A Dynamic Concept Interpretation Approach for OWL Extension",
        "organization": null,
        "abstract": NaN,
        "conf": "International Conference on Web Services",
        "email": null,
        "coauthors": [
            "shun jiang",
            "chunhua tian",
            "feng li",
            "hao zhang"
        ],
        "keywords": null,
        "title_embedding": [],
        "abstract_embedding": []
    },
    {
        "id": 5441,
        "label": 1042,
        "title": "Asynchronously Rendering Interoperable Remote Portlets",
        "organization": null,
        "abstract": NaN,
        "conf": "International Conference on Web Services",
        "email": null,
        "coauthors": [
            "hao zhang",
            "shun jiang",
            "chunhua tian",
            "rongzeng cao"
        ],
        "keywords": null,
        "title_embedding": [],
        "abstract_embedding": []
    },
    {
        "id": 5442,
        "label": 1042,
        "title": "Business Transformation Workbench: A Practitioner's Tool for Business Transformation",
        "organization": null,
        "abstract": NaN,
        "conf": "Business Process Management",
        "email": null,
        "coauthors": [
            "juhnyoung lee",
            "rama akkiraju",
            "chunhua tian",
            "shun jiang",
            "sivaprashanth danturthy",
            "ponn sundhararajan",
            "carl nordman",
            "rakesh mohan",
            "hitansh singala"
        ],
        "keywords": null,
        "title_embedding": [],
        "abstract_embedding": []
    },
    {
        "id": 5443,
        "label": 1042,
        "title": "Business Value Analysis of IT Services",
        "organization": null,
        "abstract": NaN,
        "conf": "IEEE International Conference on Services Computing",
        "email": null,
        "coauthors": [
            "chunhua tian",
            "rongzeng cao",
            "hao zhang",
            "juhnyoung lee"
        ],
        "keywords": "Business Value,",
        "title_embedding": [],
        "abstract_embedding": []
    },
    {
        "id": 5444,
        "label": 1042,
        "title": "Service capacity allocation and pricing",
        "organization": null,
        "abstract": NaN,
        "conf": "IEEE/IFIP Network Operations and Management Symposium",
        "email": null,
        "coauthors": [
            "chunhua tian",
            "feng li",
            "rongzeng cao"
        ],
        "keywords": "Capacity Allocation,",
        "title_embedding": [],
        "abstract_embedding": []
    },
    {
        "id": 5445,
        "label": 1042,
        "title": "Business Value Assessment of Packaged Applications",
        "organization": null,
        "abstract": NaN,
        "conf": "IEEE Congress on Services",
        "email": null,
        "coauthors": [
            "chunhua tian",
            "shun jiang",
            "rongzeng cao",
            "juhnyoung lee"
        ],
        "keywords": "Business Value,",
        "title_embedding": [],
        "abstract_embedding": []
    },
    {
        "id": 5446,
        "label": 1042,
        "title": "Mathematical models and simulation for project portfolios optimization",
        "organization": null,
        "abstract": NaN,
        "conf": "Winter Simulation Conference",
        "email": null,
        "coauthors": [
            "rongzeng cao",
            "bonnie ray"
        ],
        "keywords": "Mathematical Model,Portfolio Optimization,",
        "title_embedding": [],
        "abstract_embedding": []
    },
    {
        "id": 5447,
        "label": 1042,
        "title": "Epidemics alert & response framework and technology based on spreading dynamics simulation",
        "organization": null,
        "abstract": "There have been many research works on epidemic spreading using mathematical or simulation methods. However, to make it practical as a decision support tool for the policy maker, it needs to be combined with business operation of epidemic control. Thus, an alert and response framework covering outbreak detection, policy analysis, and policy execution is proposed in this work. Key technologies",
        "conf": "Winter Simulation Conference",
        "email": null,
        "coauthors": [
            "chunhua tian",
            "xun zhang",
            "rongzeng cao"
        ],
        "keywords": "Critical Point,Data Collection,Dynamic Simulation,Model Analysis,Model Verification,Network Topology,Policy Analysis,Policy Making,Sensitivity Analysis,Severe Acute Respiratory Syndrome,Simulation Methods,Decision Support Tool,",
        "title_embedding": [],
        "abstract_embedding": []
    },
    {
        "id": 5448,
        "label": 1042,
        "title": "Model-driven business process integration and management: A case study with the Bank SinoPac regional service platform",
        "organization": null,
        "abstract": "Business process integration and management (BPIM) is a critical element in enterprise business transformation. Small and medium-sized businesses have their own requirements for BPIM solutions: The engagement methodology should be fast and efficient; a reusable and robust framework is required to reduce cost; and the whole platform should be lightweight so that one can easily revise, develop, and execute solutions.",
        "conf": "Ibm Journal of Research and Development",
        "email": null,
        "coauthors": [
            "jun zhu",
            "zhong tian",
            "thomas li",
            "wei sun",
            "sheng ye",
            "c. c. wang",
            "gerland wu",
            "leo weng",
            "simon huan",
            "bill liu",
            "daniel chou"
        ],
        "keywords": "Business Process Integration,Business Process Model,Case Study,Data Model,Life Span,Satisfiability,Severe Acute Respiratory Syndrome,Software Engineering,Tool Support,Work Environment,",
        "title_embedding": [],
        "abstract_embedding": []
    },
    {
        "id": 5449,
        "label": 1042,
        "title": "Using resource and portfolio management solution to align IT investment with business",
        "organization": null,
        "abstract": NaN,
        "conf": "International Journal of Electronic Business",
        "email": null,
        "coauthors": [
            "rongzeng cao",
            "chunhua tian"
        ],
        "keywords": "It Investment,Portfolio Management,",
        "title_embedding": [],
        "abstract_embedding": []
    },
    {
        "id": 5450,
        "label": 1043,
        "title": "Discovering spatio-social motifs of electoral support using discriminative pattern mining",
        "organization": null,
        "abstract": "Association analysis provides a natural, data-centric framework for the discovery of patterns of explanatory variables that are linked to a certain outcome. In this paper we demonstrate how such a framework can be applied for political analysis, using an expository example of discovering different spatio-social motifs of support for Barack Obama in the 2008 presidential election. Election results and thirteen",
        "conf": NaN,
        "email": null,
        "coauthors": [
            "tomasz f. stepinski",
            "josue salazar"
        ],
        "keywords": "Association Analysis,Geographic Distribution,Pattern Mining,Presidential Election,Similarity Measure,",
        "title_embedding": [],
        "abstract_embedding": []
    },
    {
        "id": 5451,
        "label": 1043,
        "title": "Finding regional colocation patterns for sets of continuous variables in spatial datasets",
        "organization": null,
        "abstract": "This paper proposes a novel framework for mining regional co-location patterns with respect to sets of continuous variables in spatial datasets. The goal is to identify regions in which multiple continuous variables with values from the wings of their statistical distribution are co-located. A co-location mining framework is introduced that operates in the continuous domain and which views regional co-location",
        "conf": "Workshop on Advances in Geographic Information Systems",
        "email": null,
        "coauthors": [
            "christoph f. eick",
            "rachana parmar",
            "tomasz f. stepinski",
            "jean-philippe nicot"
        ],
        "keywords": "Arsenic,Arsenic Contamination,Case Study,Continuous Variable,Difference Set,Fitness Function,Hill Climbing,Knowledge Discovery,Number of Clusters,Spatial Data Mining,Statistical Distribution,",
        "title_embedding": [],
        "abstract_embedding": []
    },
    {
        "id": 5452,
        "label": 1043,
        "title": "Discovering controlling factors of geospatial variables",
        "organization": null,
        "abstract": "Efficient means of determining factors controlling spatial distribution of an environmental class variable are of significant interest in Earth science. In this paper, we present a method for automated discovery of controlling factors by mining for emerging patterns in a database constructed from the fusion of several explanatory datasets. We introduce a new definition of pattern support to account for",
        "conf": "Workshop on Advances in Geographic Information Systems",
        "email": null,
        "coauthors": [
            "tomasz f. stepinski",
            "christoph f. eick"
        ],
        "keywords": "Real World Application,Spatial Data Mining,Spatial Distribution,Vegetation Cover,",
        "title_embedding": [],
        "abstract_embedding": []
    },
    {
        "id": 5453,
        "label": 1043,
        "title": "Icon-based Visualization of Large High-Dimensional Datasets",
        "organization": null,
        "abstract": "High dimensional data visualization is critical to data analysts since it gives a direct view of original data. We present a method to visualize large amount of high dimensional data. We divide dimensions of data into several groups. Then, we use one icon to repre- sent each group, and associate visual properties of each icon with dimensions in each group.",
        "conf": "IEEE International Conference on Data Mining",
        "email": null,
        "coauthors": [
            "ping chen",
            "chenyi hu",
            "heloise lynn",
            "yves simon"
        ],
        "keywords": "Case Study,High Dimensional Data,high dimensional dataset,Large Data Sets,",
        "title_embedding": [],
        "abstract_embedding": []
    },
    {
        "id": 5454,
        "label": 1043,
        "title": "A Framework for Regional Association Rule Mining in Spatial Datasets",
        "organization": null,
        "abstract": "The immense explosion of geographically referenced data calls for efficient discovery of spatial knowledge. One of the special challenges for spatial data mining is that in- formation is usually not uniformly distributed in spatial datasets. Consequently, the discovery of regional knowl- edge is of fundamental importance for spatial data min- ing. This paper centers on discovering regional associa- tion rules",
        "conf": "IEEE International Conference on Data Mining",
        "email": null,
        "coauthors": [
            "christoph f. eick",
            "jing wang",
            "xiaojing yuan"
        ],
        "keywords": "Arsenic,Association Rule,Association Rule Mining,Case Study,Cluster Algorithm,Spatial Data,Spatial Data Mining,Water Supply,",
        "title_embedding": [],
        "abstract_embedding": []
    },
    {
        "id": 5455,
        "label": 1043,
        "title": "On Regional Association Rule Scoping",
        "organization": null,
        "abstract": "A special challenge for spatial data mining is that information is not distributed uniformly in spatial data sets. Consequently, the discovery of regional knowledge is of fundamental importance. Unfortunately, regional patterns frequently fail to be discovered due to insuf- flcient global confldence and/or support in traditional association rule mining. Regional association rules, by deflnition, only hold in a subspace but",
        "conf": "IEEE International Conference on Data Mining",
        "email": null,
        "coauthors": [
            "christoph f. eick",
            "xiaojing yuan",
            "jing wang",
            "jean-philippe nicot"
        ],
        "keywords": "Arsenic,Arsenic Contamination,Association Rule,Association Rule Mining,Case Study,Regional Scale,Spatial Data,Spatial Data Mining,Water Supply,",
        "title_embedding": [],
        "abstract_embedding": []
    },
    {
        "id": 5456,
        "label": 1043,
        "title": "Evaluation of Three Specification-Based Testing Criteria",
        "organization": null,
        "abstract": "This paper compares three specification-based testing criteria using Mathur and Wong's PROBSUBSUMES mea- sure. The three criteria are specification-mutation cover- age, full predicate coverage, and transition-pair coverage. A novel aspect of the work is that each criterion is encoded in a model checker, and the model checker is used first to generate test sets for each criterion and then to",
        "conf": "International Conference on Engineering of Complex Computer Systems",
        "email": null,
        "coauthors": [
            "aynur abdurazik",
            "paul ammann",
            "a. jefferson offutt"
        ],
        "keywords": "specification-based testing,",
        "title_embedding": [],
        "abstract_embedding": []
    },
    {
        "id": 5457,
        "label": 1043,
        "title": "Using a Model Checker to Test Safety Properties",
        "organization": null,
        "abstract": "In addition to providing a sound basis for analysis, formal methods can support other development activities; in our case the target is specification-based testing at the system level. We use the formal method of model checking to either generate new test sets or analyze existing test sets with re- spect to safety properties expressed in a temporal logic. We consider",
        "conf": "International Conference on Engineering of Complex Computer Systems",
        "email": null,
        "coauthors": [
            "paul ammann",
            "daling xu"
        ],
        "keywords": "Formal Method,Model Checking,Mutation Analysis,Safety Properties,Software Testing,specification-based testing,Temporal Logic,Computation Tree Logic,",
        "title_embedding": [],
        "abstract_embedding": []
    },
    {
        "id": 5458,
        "label": 1043,
        "title": "Large-Scale Dependency Knowledge Acquisition and its Extrinsic Evaluation Through Word Sense Disambiguation",
        "organization": null,
        "abstract": "Knowledge plays a central role in intelligent sys- tems. Manual knowledge acquisition is very ine-cient and expensive. In this paper, we present (1) an au- tomatic method to acquire a large amount of lexical- dependency knowledge, and (2) an innovative knowl- edge representation model to efiectively minimize the impact of noise and improve knowledge quality. We also propose a new",
        "conf": "International Conference on Tools with Artificial Intelligence",
        "email": null,
        "coauthors": [
            "ping chen",
            "chris bowes",
            "david brown"
        ],
        "keywords": "Evaluation Measure,Knowledge Acquisition,Knowledge Base,Large Scale,Perforation,word sense disambiguation,",
        "title_embedding": [],
        "abstract_embedding": []
    },
    {
        "id": 5459,
        "label": 1043,
        "title": "SenseNet: A Knowledge Representation Model for Computational Semantics",
        "organization": null,
        "abstract": "Knowledge representation is essential for semantics modeling and intelligent information processing. For decades researchers have proposed many knowledge rep- resentation techniques. However, it is a daunting problem how to capture deep semantic information effectively and support the construction of a large-scale knowledge base efficiently. This paper describes a new knowledge represen- tation model, SenseNet, which provides semantic support for commonsense",
        "conf": "International Conference on Cognitive Informatics",
        "email": null,
        "coauthors": [
            "ping chen",
            "chengmin ding"
        ],
        "keywords": "Case Study,Commonsense Reasoning,Computational Semantics,Information Processing,Information Retrieval,Knowledge Base,Knowledge Representation,Large Scale,Natural Language Processing,Semantic Information,Semantic Model,Text Analysis,Hidden Markov Model,Natural Language Process Ing,",
        "title_embedding": [],
        "abstract_embedding": []
    },
    {
        "id": 5460,
        "label": 1043,
        "title": "Design and evolution of an undergraduate course on web application development",
        "organization": null,
        "abstract": "Web technologies have become essential in the computing curricula. However, teaching a Web development course to computing students is challenging because of large bodies of knowledge, rapidly changing technologies, demanding support infrastructures and diverse background of audiences. This paper presents the evolution and the experiences we have gained in teaching a Web development course for the past seven years. We",
        "conf": "ACM Sigcse Bulletin",
        "email": null,
        "coauthors": [
            "kwok-bun yue"
        ],
        "keywords": "Body of Knowledge,Computer Science Education,Conceptual Framework,Course Design,Internet Technology,Spectrum,Web Application Development,Web Development,Web Programming,Web Technology,",
        "title_embedding": [],
        "abstract_embedding": []
    },
    {
        "id": 5461,
        "label": 1043,
        "title": "Web-Based Interactive Visualization of Data Cubes",
        "organization": null,
        "abstract": "Data Cube is an effective technique for data mining. Because of the complex relationships among aggregation values of a data cube, designing an efficient method or tool to visualize the complex relationships becomes a challenging work in the data cube technique. Information visualization with computer graphics can help improving this process. Recently, we developed a Web-based interactive data cube visualization",
        "conf": "Int. Conf. on Modeling, Simulation & Visualization Methods",
        "email": null,
        "coauthors": [
            "xusheng wang",
            "ping chen"
        ],
        "keywords": "Computer Graphic,Data Cube,Data Mining,Information Visualization,Interactive Visualization,Visual System,",
        "title_embedding": [],
        "abstract_embedding": []
    },
    {
        "id": 5462,
        "label": 1043,
        "title": "A Fully Unsupervised Word Sense Disambiguation Method Using Dependency Knowledge",
        "organization": null,
        "abstract": "Word sense disambiguation is the process of determining which sense of a word is used in a given context. Due to its importance in understanding semantics of natural languages, word sense disambiguation has been exten- sively studied in Computational Linguistics. However, existing methods either are brit- tle and narrowly focus on specific topics or words, or provide only mediocre performance",
        "conf": "North American Chapter of the Association for Computational Linguistics",
        "email": null,
        "coauthors": [
            "ping chen",
            "chris bowes",
            "david brown"
        ],
        "keywords": "Coarse Grained,Computational Linguistic,Natural Language,word sense disambiguation,word sense dis ambiguation,",
        "title_embedding": [],
        "abstract_embedding": []
    },
    {
        "id": 5463,
        "label": 1043,
        "title": "Towards Region Discovery in Spatial Datasets",
        "organization": null,
        "abstract": NaN,
        "conf": "Pacific-Asia Conference on Knowledge Discovery and Data Mining",
        "email": null,
        "coauthors": [
            "rachsuda jiamthapthaksin",
            "rachana parmar",
            "dan jiang",
            "tomasz f. stepinski",
            "christoph f. eick"
        ],
        "keywords": null,
        "title_embedding": [],
        "abstract_embedding": []
    },
    {
        "id": 5464,
        "label": 1043,
        "title": "Discovery of Geospatial Discriminating Patterns from Remote Sensing Datasets",
        "organization": null,
        "abstract": "Large amounts of remotely sensed data calls for data min- ing techniques to fully utilize their rich information content. In this paper, we study new means of discovery and sum- marization of knowledge contained in the spatial patterns of remote sensing datasets. Several geospatial feature vari- ables are fused together, and the vector of their values at each spatial cell",
        "conf": "SIAM International Conference on Data Mining",
        "email": null,
        "coauthors": [
            "tomasz f. stepinski",
            "josue salazar"
        ],
        "keywords": "Association Analysis,Empirical Model,Frequent Pattern,Information Content,Real World Application,Remote Sensing,Remote Sensing Data,Similarity Measure,Spatial Data Mining,Spatial Distribution,Spatial Pattern,United States,Value Iteration,Vegetation Cover,Vegetative Growth,",
        "title_embedding": [],
        "abstract_embedding": []
    },
    {
        "id": 5465,
        "label": 1043,
        "title": "Using a pre-assessment exam to construct an effective concept-based genetic program for predicting course success",
        "organization": null,
        "abstract": "There is a limit on the amount of time a faculty member may devote to each student. As a consequence, a faculty member must quickly determine which student needs more attention than others throughout a semester. One of the most demanding courses in the CS curriculum is a data structures course. This course has a tendency for high drop rates",
        "conf": "ACM Sigcse Bulletin",
        "email": null,
        "coauthors": [
            "gary d. boetticher",
            "charles moen",
            "kwok-bun yue"
        ],
        "keywords": "Classroom Management,Data Structure,Genetic Program,",
        "title_embedding": [],
        "abstract_embedding": []
    },
    {
        "id": 5466,
        "label": 1044,
        "title": "Tomographic image sequence reconstruction by edge-preserving interslice MAP methods",
        "organization": null,
        "abstract": NaN,
        "conf": "IEEE Transactions on Image Processing",
        "email": null,
        "coauthors": [
            "bede liu"
        ],
        "keywords": "Image Sequence,",
        "title_embedding": [],
        "abstract_embedding": []
    }
]