[
    {
        "id": 5996,
        "label": 1086,
        "title": "Modal expansion of HRTFs: Continuous representation in frequency-range-angle",
        "organization": null,
        "abstract": "This paper proposes a continuous HRTF representation in both 3D spatial and frequency domains. The method is based on the acous- tic reciprocity principle and a modal expansion of the wave equation solution to represent the HRTF variations with different variables in separate basis functions. The derived spatial basis modes can achieve HRTF near-field and far-field representation in one formulation.",
        "conf": "International Conference on Acoustics, Speech, and Signal Processing",
        "email": null,
        "coauthors": [
            "thushara d. abhayapala",
            "rodney a. kennedy",
            "ramani duraiswami"
        ],
        "keywords": "Compact Representation,Frequency Domain,Indexing Terms,Modal Analysis,Near Field,Wave Equation,",
        "title_embedding": [],
        "abstract_embedding": []
    },
    {
        "id": 5997,
        "label": 1086,
        "title": "Iterative extrapolation algorithm for data reconstruction over sphere",
        "organization": null,
        "abstract": "Given limited or incomplete measurement data on a sphere, a new iterative algorithm is proposed on how to extrapolate signal over the whole sphere. The algorithm is based on a priori assump- tion that the Fourier decomposition of the signal on the sphere has finite degree of spherical harmonic coefficients, that is, the signal is modelimited. The algorithm is a",
        "conf": "International Conference on Acoustics, Speech, and Signal Processing",
        "email": null,
        "coauthors": [
            "rodney a. kennedy",
            "thushara d. abhayapala"
        ],
        "keywords": "Convergence Rate,Data Reconstruction,fredholm integral equation,Indexing Terms,Iterative Algorithm,Largest Eigenvalue,Spherical Harmonic,Lower Bound,",
        "title_embedding": [],
        "abstract_embedding": []
    },
    {
        "id": 5998,
        "label": 1086,
        "title": "UWB Spatia - Frequency Channel Characterization",
        "organization": null,
        "abstract": "Thispaperinvestigates thespatial-frequency chan- nelcharacterization ofUltra-wideband (UWB)wireless commu- nication systems. Firstly, a novelfrequency dependent UWB channel modelisconstructed basedonthetheory ofelectro- magnetic diffraction mechanism, whichcauses thefield strength tovarywiththefrequency ineachmultipath. Secondly, webuild aspace-frequency model, whichincludes spatial characteristics suchasangular powerspectrum, andphysical sampling points inspace. Thespace-frequency modelhastwospecial cases(i) discrete multipath model, and(ii) cluster model, whichcanbe readily usedtogenerate channel dataforanyarbitrary set ofsensorlocations. Thereconstruction results fromchannel measurements showtheaccurateness",
        "conf": "Vehicular Technology Conference",
        "email": null,
        "coauthors": [
            "thushara d. abhayapala",
            "jian zhang"
        ],
        "keywords": "Cluster Model,Frequency Dependence,Spatial Frequency,ultra wideband,",
        "title_embedding": [],
        "abstract_embedding": []
    },
    {
        "id": 5999,
        "label": 1086,
        "title": "Efficient Continuous HRTF Model Using Data Independent Basis Functions: Experimentally Guided Approach",
        "organization": null,
        "abstract": "This paper introduces a continuous functional model for head-related transfer functions (HRTFs) in the horizontal auditory scene. The approach uses a separable representation consisting of a Fourier-Bessel series expansion for the spectral components and a conventional Fourier series expansion for the spatial components. Being independent of the data, these two sets of basis functions remain unchanged for all subjects and",
        "conf": "IEEE Transactions on Audio, Speech & Language Processing",
        "email": null,
        "coauthors": [
            "rodney a. kennedy",
            "thushara d. abhayapala"
        ],
        "keywords": "Experimental Measurement,Fourier Series,Functional Model,Head Related Transfer Function,Indexing Terms,Model Performance,Principle Component Analysis,Series Expansion,Synthetic Data,Fourier Bessel,karhunen loeve,Time Domain,",
        "title_embedding": [],
        "abstract_embedding": []
    }
]