[
    {
        "id": 6006,
        "label": 1088,
        "title": "Normalizing XML Element Trees as Well-Designed Document Structures for Data Integration",
        "organization": null,
        "abstract": NaN,
        "conf": "Web-Age Information Management",
        "email": null,
        "coauthors": [
            "shaohua tan",
            "dongqing yang",
            "shiwei tang"
        ],
        "keywords": "Data Integrity,Document Structure,",
        "title_embedding": [],
        "abstract_embedding": []
    }
]