[
    {
        "id": 6010,
        "label": 1090,
        "title": "Harbin Water Supply Network Monitoring and Evaluation",
        "organization": null,
        "abstract": NaN,
        "conf": "International Conference on Networking, Sensing and Control",
        "email": null,
        "coauthors": [
            "zu qian",
            "jinliang gao",
            "x. q. hou",
            "yingbin wu",
            "l. tao",
            "ning ran"
        ],
        "keywords": "Network Monitoring,Water Supply,",
        "title_embedding": [],
        "abstract_embedding": []
    },
    {
        "id": 6011,
        "label": 1090,
        "title": "Assessing and Optimizing Online Monitoring for Securing the Water Distribution System",
        "organization": null,
        "abstract": NaN,
        "conf": "International Conference on Networking, Sensing and Control",
        "email": null,
        "coauthors": [
            "jinliang gao",
            "ming zhao",
            "zu qian",
            "x. q. hou",
            "y. han"
        ],
        "keywords": "Online Monitoring,Water Distribution System,",
        "title_embedding": [],
        "abstract_embedding": []
    }
]