[
    {
        "id": 6129,
        "label": 1098,
        "title": "Towards an Ontology-Based Distributed Architecture for Paid Content",
        "organization": null,
        "abstract": "Business models on the basis of digital content require sophisticated descriptions of that content, as well as service-oriented carrier architectures that allow to negotiate and enforce contract and license schemes in heterogeneous digital application environments. We describe Knowledge Content Objects (KCO), that provide expressive semantic descriptions of digital content, based on an ontology of Information Objects, built under the DOLCE,",
        "conf": "European Semantic Web Symposium / Conference",
        "email": null,
        "coauthors": [
            "wernher behrendt",
            "aldo gangemi",
            "rupert westenthaler"
        ],
        "keywords": "Business Model,Digital Content,Digital Repository,Distributed Architecture,Semantic Description,Service Orientation,",
        "title_embedding": [],
        "abstract_embedding": []
    },
    {
        "id": 6130,
        "label": 1098,
        "title": "Knowledge Content Objects and a Knowledge Content Carrier",
        "organization": null,
        "abstract": NaN,
        "conf": "European Workshop on the Integration of Knowledge, Semantic and Digital Media Technologies",
        "email": null,
        "coauthors": [
            "sunil goyal",
            "wernher behrendt"
        ],
        "keywords": null,
        "title_embedding": [],
        "abstract_embedding": []
    },
    {
        "id": 6131,
        "label": 1098,
        "title": "Trading Semantically Enhanced Digital Products in Electronic Markets",
        "organization": null,
        "abstract": "Digital products constitute ag rowing class of economic goods that are increasingly traded via digital networks. In distributed digital networks, it is required that digital products adapt to heterogeneous requirements of electronic markets and subsequent usage environments. Adaptation depends on various kinds of information types that characterise ad igital product. In this article we will present as elf-describing container model",
        "conf": "Pragmatic Web",
        "email": null,
        "coauthors": [
            "wernher behrendt"
        ],
        "keywords": "Content Management System,Electronic Markets,Product Life Cycle,Semantic Annotation,Semantic Information,Access Control,",
        "title_embedding": [],
        "abstract_embedding": []
    },
    {
        "id": 6132,
        "label": 1098,
        "title": "Trading digital information goods based on semantic technologies",
        "organization": null,
        "abstract": "Digital information goods constitute a growing class of economic goods. During decision making for a purchase a buyer searches for information about digital information goods, such as information about the content, price and trading information, usage information, how it can be presented, and which legal restrictions apply. We present a logical container model for knowledge-intensive digital information goods (knowledge content",
        "conf": "Journal of Theoretical and Applied Electronic Commerce Research",
        "email": null,
        "coauthors": [
            "wernher behrendt",
            "aldo gangemi"
        ],
        "keywords": "Decision Making,Distributed Architecture,Domain Ontology,Electronic Markets,Information Good,Middleware,Semantic Description,Semantic Technologies,",
        "title_embedding": [],
        "abstract_embedding": []
    }
]