[
    {
        "id": 6013,
        "label": 1092,
        "title": "Optimale Startpunkte zur Navigation in Hypermediasystemen - ein entscheidungstheoretischer Ansatz",
        "organization": null,
        "abstract": NaN,
        "conf": "Hypertext, Information Retrieval, Multimedia",
        "email": null,
        "coauthors": [
            "wolfgang janko",
            "alfred taudes"
        ],
        "keywords": null,
        "title_embedding": [],
        "abstract_embedding": []
    }
]