[
    {
        "id": 6014,
        "label": 1093,
        "title": "Web-basiertes GIS als Informationssystem interdisziplinerer Forschungsprojekte",
        "organization": null,
        "abstract": NaN,
        "conf": "GIL Jahrestagung",
        "email": null,
        "coauthors": [
            "claus muckschel",
            "gabriel a. schachtel",
            "jens nieschulze"
        ],
        "keywords": null,
        "title_embedding": [],
        "abstract_embedding": []
    },
    {
        "id": 6015,
        "label": 1093,
        "title": "Central Data Management in Environmental Research Projects - Selected Problems and Solutions",
        "organization": null,
        "abstract": NaN,
        "conf": "GIL Jahrestagung",
        "email": null,
        "coauthors": [
            "claus muckschel",
            "cornelia weist"
        ],
        "keywords": "Data Management,Project Selection,",
        "title_embedding": [],
        "abstract_embedding": []
    }
]