[
    {
        "id": 6138,
        "label": 1100,
        "title": "Finite-Temperature Coarse-Graining of One-Dimensional Models: Mathematical Analysis and Computational Approaches",
        "organization": null,
        "abstract": NaN,
        "conf": "Journal of Nonlinear Science",
        "email": null,
        "coauthors": [
            "claude le bris",
            "f. legoll",
            "c. patz"
        ],
        "keywords": "Coarse Grained,Finite Temperature,Mathematical Analysis,",
        "title_embedding": [],
        "abstract_embedding": []
    }
]