[
    {
        "id": 6162,
        "label": 1106,
        "title": "MFLWQ: A Fair and Adaptive Queue Management Algorithm for Scavenger Service",
        "organization": null,
        "abstract": NaN,
        "conf": "International Symposium on Parallel and Distributed Processing and Applications",
        "email": null,
        "coauthors": [
            "lingdi ping",
            "zheng wan",
            "jian chen"
        ],
        "keywords": "Queue Management,",
        "title_embedding": [],
        "abstract_embedding": []
    },
    {
        "id": 6163,
        "label": 1107,
        "title": "Generalization of functional equation for the square root spiral",
        "organization": null,
        "abstract": NaN,
        "conf": "Applied Mathematics and Computation",
        "email": null,
        "coauthors": [
            "zhihua wang",
            "bing xu"
        ],
        "keywords": "Functional Equation,",
        "title_embedding": [],
        "abstract_embedding": []
    },
    {
        "id": 6164,
        "label": 1108,
        "title": "A New Direct Anonymous Attestation Scheme from Bilinear Maps",
        "organization": null,
        "abstract": "The Direct Anonymous Attestation scheme was proposed by Brickell, Jan Camenisch,Liqun Chen and was adopted by the Trusted Computing Group in its specifications for trusted computing platforms. In this paper, We propose a new direct anonymous scheme from the bilinear maps based on the decisional Diffie- Hellman assumption and q-SDH assumption. The length of private keys and signatures in our",
        "conf": "Trusted Computing - Challenges and Applications",
        "email": null,
        "coauthors": [
            "li-qun chen",
            "jiangtao li"
        ],
        "keywords": "Bilinear Map,Security Requirements,Trusted Computing Platform,Trusted Platform Module,Direct Anonymous Attestation,decisional diffie hellman,Trusted Computing Group,",
        "title_embedding": [],
        "abstract_embedding": []
    },
    {
        "id": 6165,
        "label": 1109,
        "title": "Direct Anonymous Attestation for Next Generation TPM",
        "organization": null,
        "abstract": NaN,
        "conf": "Journal of Computers",
        "email": null,
        "coauthors": [
            "dengguo feng"
        ],
        "keywords": "Direct Anonymous Attestation,Next Generation,",
        "title_embedding": [],
        "abstract_embedding": []
    },
    {
        "id": 6166,
        "label": 1110,
        "title": "The Design of the Laser Simulation Training Device",
        "organization": null,
        "abstract": NaN,
        "conf": "Workshop on Knowledge Discovery and Data Mining",
        "email": null,
        "coauthors": [
            "rong-xia sun"
        ],
        "keywords": null,
        "title_embedding": [],
        "abstract_embedding": []
    }
]