[
    {
        "id": 6175,
        "label": 1115,
        "title": "Face Mosaicing for Pose Robust Video-Based Recognition",
        "organization": null,
        "abstract": NaN,
        "conf": "Asian Conference on Computer Vision",
        "email": null,
        "coauthors": [
            "tsuhan chen"
        ],
        "keywords": null,
        "title_embedding": [],
        "abstract_embedding": []
    },
    {
        "id": 6176,
        "label": 1115,
        "title": "The CMU Face In Action (FIA) Database",
        "organization": null,
        "abstract": "Our team has collected a face video database named the CMU Face In Action (FIA) database. This database consists of 20-second videos of face data from 180 participants mimicking a passport checking scenario. The data is captured by six synchronized cameras from three dierent angles, with an 8-mm and 4-mm focal-length for each of these angles. We performed the collection",
        "conf": "Analysis and Modeling of Faces and Gestures",
        "email": null,
        "coauthors": [
            "rodney goh",
            "lihao liu",
            "tsuhan chen"
        ],
        "keywords": "Data Collection,Indoor Environment,Video Database,",
        "title_embedding": [],
        "abstract_embedding": []
    },
    {
        "id": 6177,
        "label": 1115,
        "title": "Detecting and counting people in surveillance applications",
        "organization": null,
        "abstract": NaN,
        "conf": "Advanced Video and Signal Based Surveillance",
        "email": null,
        "coauthors": [
            "peter henry tu",
            "jens rittscher",
            "amitha perera",
            "nils krahnstoever"
        ],
        "keywords": null,
        "title_embedding": [],
        "abstract_embedding": []
    },
    {
        "id": 6178,
        "label": 1115,
        "title": "What are customers looking at?",
        "organization": null,
        "abstract": "Computer vision approaches for retail applications can pro- vide value far beyond the common domain of loss preven- tion. Gaining insight into the movement and behaviors of shoppers is of high interest for marketing, merchandizing, store operations and data mining. Of particular interest is the process of purchase decision making. What catches a customers attention? What products go unnoticed? What",
        "conf": "Advanced Video and Signal Based Surveillance",
        "email": null,
        "coauthors": [
            "nils krahnstoever",
            "ting yu",
            "peter henry tu"
        ],
        "keywords": "Computer Vision,Data Mining,Decision Making,",
        "title_embedding": [],
        "abstract_embedding": []
    },
    {
        "id": 6179,
        "label": 1115,
        "title": "Pose-Robust Face Recognition Using Geometry Assisted Probabilistic Modeling",
        "organization": null,
        "abstract": "Researchers have been working on human face recognition for decades. Face recognition is hard due to different types of variations in face images, such as pose, illumination and expression, among which pose variation is the hardest one to deal with. To improve face recognition under pose vari- ation, this paper presents a geometry assisted probabilistic approach. We approximate a human",
        "conf": "Computer Vision and Pattern Recognition",
        "email": null,
        "coauthors": [
            "tsuhan chen"
        ],
        "keywords": "Face Recognition,Probabilistic Approach,Probabilistic Model,Texture Mapping,Pose Illumination and Expression,",
        "title_embedding": [],
        "abstract_embedding": []
    },
    {
        "id": 6180,
        "label": 1115,
        "title": "Online Modeling and Tracking of Pose-Varying Faces in Video",
        "organization": null,
        "abstract": NaN,
        "conf": "Computer Vision and Pattern Recognition",
        "email": null,
        "coauthors": [
            "tsuhan chen"
        ],
        "keywords": null,
        "title_embedding": [],
        "abstract_embedding": []
    },
    {
        "id": 6181,
        "label": 1115,
        "title": "Generic Face Alignment using Boosted Appearance Model",
        "organization": null,
        "abstract": "This paper proposes a discriminative framework for effi- ciently aligning images. Although conventional Active Ap- pearance Models (AAM)-based approaches have achieved some success, they suffer from the generalization problem, i.e., how to align any image with a generic model. We treat the iterative image alignment problem as a process of max- imizing the score of a trained two-class classifier that",
        "conf": "Computer Vision and Pattern Recognition",
        "email": null,
        "coauthors": [],
        "keywords": "Face Alignment,Generic Model,Image Alignment,Point Distribution Model,Shape Parameter,Ground Truth,",
        "title_embedding": [],
        "abstract_embedding": []
    },
    {
        "id": 6182,
        "label": 1115,
        "title": "Video-Based Face Recognition Using Adaptive Hidden Markov Models",
        "organization": null,
        "abstract": "While traditional face recognition is typically based on still images, face recognition from video sequences has become popular recently. In this paper, we propose to use adaptive Hidden Markov Models (HMM) to perform video- based face recognition. During the training process, the statistics of training video sequences of each subject, and the temporal dynamics, are learned by an HMM. During",
        "conf": "Computer Vision and Pattern Recognition",
        "email": null,
        "coauthors": [
            "tsuhan chen"
        ],
        "keywords": "Face Recognition,Majority Voting,Temporal Dynamics,Unsupervised Learning,Hidden Markov Model,",
        "title_embedding": [],
        "abstract_embedding": []
    },
    {
        "id": 6183,
        "label": 1115,
        "title": "Optimal Pose for Face Recognition",
        "organization": null,
        "abstract": "Researchers in psychology have well studied the impact of the pose of a face as perceived by humans, and concluded that the so-called 3/4 view, halfway between the front view and the profile view, is the easiest for face recognition by humans. For face recognition by machines, while much work has been done to create recognition algorithms that are robust",
        "conf": "Computer Vision and Pattern Recognition",
        "email": null,
        "coauthors": [
            "jens rittscher",
            "tsuhan chen"
        ],
        "keywords": "Face Recognition,",
        "title_embedding": [],
        "abstract_embedding": []
    },
    {
        "id": 6184,
        "label": 1115,
        "title": "Boosted deformable model for human body alignment",
        "organization": null,
        "abstract": NaN,
        "conf": "Computer Vision and Pattern Recognition",
        "email": null,
        "coauthors": [
            "ting yu",
            "thomas sebastian",
            "peter henry tu"
        ],
        "keywords": "Deformable Model,Human Body,",
        "title_embedding": [],
        "abstract_embedding": []
    },
    {
        "id": 6185,
        "label": 1115,
        "title": "Automatic facial landmark labeling with minimal supervision",
        "organization": null,
        "abstract": "Landmark labeling of training images is essential for many learning tasks in computer vision, such as object de- tection, tracking, and alignment. Image labeling is typ- ically conducted manually, which is both labor-intensive and error-prone. To improve this process, this paper pro- poses a new approach to estimate a set of landmarks for a large image ensemble with only a",
        "conf": "Computer Vision and Pattern Recognition",
        "email": null,
        "coauthors": [
            "yan tong",
            "frederick w. wheeler",
            "peter henry tu"
        ],
        "keywords": "Computer Vision,Least Square,Objective Function,Shape Modeling,",
        "title_embedding": [],
        "abstract_embedding": []
    },
    {
        "id": 6186,
        "label": 1115,
        "title": "Automatic Face Recognition from Skeletal Remains",
        "organization": null,
        "abstract": NaN,
        "conf": "Computer Vision and Pattern Recognition",
        "email": null,
        "coauthors": [
            "peter henry tu",
            "xiaoming liu",
            "carl adrian",
            "phil williams"
        ],
        "keywords": "Face Recognition,",
        "title_embedding": [],
        "abstract_embedding": []
    },
    {
        "id": 6187,
        "label": 1115,
        "title": "Face alignment via boosted ranking model",
        "organization": null,
        "abstract": "Face alignment seeks to deform a face model to match it with the features of the image of a face by optimizing an ap- propriate cost function. We propose a new face model that is aligned by maximizing a score function, which we learn from training data, and that we impose to be concave. We show that this problem can",
        "conf": "Computer Vision and Pattern Recognition",
        "email": null,
        "coauthors": [
            "hao wu",
            "gianfranco doretto"
        ],
        "keywords": "Cost Function,Face Alignment,Face Modeling,Score Function,",
        "title_embedding": [],
        "abstract_embedding": []
    },
    {
        "id": 6188,
        "label": 1115,
        "title": "Facial Contour Labeling via Congealing",
        "organization": null,
        "abstract": NaN,
        "conf": "European Conference on Computer Vision",
        "email": null,
        "coauthors": [
            "yan tong",
            "frederick w. wheeler",
            "peter henry tu"
        ],
        "keywords": null,
        "title_embedding": [],
        "abstract_embedding": []
    },
    {
        "id": 6189,
        "label": 1115,
        "title": "On Modeling Variations for Face Authentication",
        "organization": null,
        "abstract": "In this paper, we present a scheme for face authentication by using applying principal component analysis (PCA) to model variations. To deal with variations, such as facial expressions and registration errors, with which traditional appearance- based methods do not perform well, we propose the eigenflow approach. In this approach, the optical flow and the optical flow residue between a test",
        "conf": "IEEE International Conference on Automatic Face and Gesture Recognition",
        "email": null,
        "coauthors": [
            "tsuhan chen",
            "b. v. k. vijaya kumar"
        ],
        "keywords": "Facial Expression,Linear Discriminate Analysis,Principal Component Analysis,Optical Flow,",
        "title_embedding": [],
        "abstract_embedding": []
    },
    {
        "id": 6190,
        "label": 1115,
        "title": "Gradient Feature Selection for Online Boosting",
        "organization": null,
        "abstract": "Boosting has been widely applied in computer vision, especially after Viola and Jones's seminal work (23). The marriage of rectangular features and integral-image- enabled fast computation makes boosting attractive for many vision applications. However, this popular way of ap- plying boosting normally employs an exhaustive feature se- lection scheme from a very large hypothesis pool, which re- sults in a",
        "conf": "International Conference on Computer Vision",
        "email": null,
        "coauthors": [
            "ting yu"
        ],
        "keywords": "Computer Vision,Feature Selection,Learning Process,Weighted Least Square,",
        "title_embedding": [],
        "abstract_embedding": []
    },
    {
        "id": 6191,
        "label": 1115,
        "title": "Principle component analysis and its variants for biometrics",
        "organization": null,
        "abstract": "Principle component analysis (PCA) has been widely used for analyzing the statistics of data. While applied to biometrics as a classification scheme, PCA faces certain challenges. In this paper, we present a number of modifications to PCA in order to meet these challenges. Using face recognition as an example, we show how eigenflow, PCA applied to optimal flow, enables us",
        "conf": "International Conference on Image Processing",
        "email": null,
        "coauthors": [
            "tsuhan chen",
            "yufeng jessie hsu",
            "wende zhang"
        ],
        "keywords": "Biometric Authentication,Component Analysis,Face Recognition,Principle Component Analysis,Time Varying,",
        "title_embedding": [],
        "abstract_embedding": []
    },
    {
        "id": 6192,
        "label": 1116,
        "title": "Video Motion Capture Using Feature Tracking and Skeleton Reconstruction",
        "organization": null,
        "abstract": NaN,
        "conf": "International Conference on Image Processing",
        "email": null,
        "coauthors": [
            "yueting zhuang",
            "yunhe pan"
        ],
        "keywords": "Feature Tracking,Motion Capture,",
        "title_embedding": [],
        "abstract_embedding": []
    },
    {
        "id": 6193,
        "label": 1115,
        "title": "Video based human animation technique",
        "organization": null,
        "abstract": "Human animation is a challenging domain in computer animation. To aim at many shortcomings in conventional techniques, this paper proposes a new video based human animation technique. Given a clip of video, firstly human joints are tracked with the support of Kalman filter and morph-block based match in the image sequence. Then corresponding sequence of three-dimension (3D) human motion skeleton",
        "conf": "ACM Multimedia Conference",
        "email": null,
        "coauthors": [
            "yueting zhuang",
            "yunhe pan"
        ],
        "keywords": "Camera Calibration,Computer Animation,Cost Efficiency,Human Animation,Human Motion,Image Sequence,Perspective Projection,Three Dimensions,kalman filter,",
        "title_embedding": [],
        "abstract_embedding": []
    },
    {
        "id": 6194,
        "label": 1115,
        "title": "A new approach to retrieve video by example video clip",
        "organization": null,
        "abstract": " The similarity measure between video clips is a key issue in videoretrieval. In the developing of our video retrieval system, wepropose a new video similarity model. In contrast to existingalgorithms, it proposes many influencing factors, such as orderfactor, speed factor, disturbance factor, etc, based on thesubjective visual judgement of human. So this algorithmembodies the degree of similarity completely and systematically.On",
        "conf": "ACM Multimedia Conference",
        "email": null,
        "coauthors": [
            "yueting zhuang",
            "yunhe pan"
        ],
        "keywords": "Similarity Measure,Video Retrieval,",
        "title_embedding": [],
        "abstract_embedding": []
    },
    {
        "id": 6195,
        "label": 1115,
        "title": "Apply semantic template to support content-based image retrieval",
        "organization": null,
        "abstract": "Content-based multimedia information retrieval is the hot point of researchers in many domains. But traditional feature vector based retrieval method can not provide retrieval on the semantic level. Integrated with our image retrieval system, we propose a new approach to generate semantic template automatically in the process of relevance feedback, and construct a network of semantic template with the support",
        "conf": "Storage and Retrieval for Image and Video Databases",
        "email": null,
        "coauthors": [
            "yueting zhuang",
            "yunhe pan"
        ],
        "keywords": "Content Based Image Retrieval,Feature Vector,Image Retrieval,Multimedia Information Retrieval,Relevance Feedback,",
        "title_embedding": [],
        "abstract_embedding": []
    },
    {
        "id": 6196,
        "label": 1115,
        "title": "Discriminative Face Alignment",
        "organization": null,
        "abstract": NaN,
        "conf": "IEEE Transactions on Pattern Analysis and Machine Intelligence",
        "email": null,
        "coauthors": [],
        "keywords": "Face Alignment,",
        "title_embedding": [],
        "abstract_embedding": []
    },
    {
        "id": 6197,
        "label": 1115,
        "title": "Face authentication for multiple subjects using eigenflow",
        "organization": null,
        "abstract": "In this paper, we present a novel scheme for face authentication. To deal with variations, such as facial expressions and registration errors, with which traditional intensity-based methods do not perform well, we propose the eigenflow approach. In this approach, the optical flow and the optical flow residue between a test image and an image in the training set are first",
        "conf": "Pattern Recognition",
        "email": null,
        "coauthors": [
            "tsuhan chen",
            "b. v. k. vijaya kumar"
        ],
        "keywords": "Facial Expression,Principal Component Analysis,linear dis criminant analysis,Optical Flow,",
        "title_embedding": [],
        "abstract_embedding": []
    },
    {
        "id": 6198,
        "label": 1115,
        "title": "Eigenspace updating for non-stationary process and its application to face recognition",
        "organization": null,
        "abstract": "In this paper, we introduce a novel approach to modeling non-stationary random processes. Given a set of training samples sequen- tially, we can iteratively update an eigenspace to manifest the current statistics provided by each new sample. The updated eigenspace is derived more from recent samples and less from older samples, controlled by a number of decay parameters. Extensive study",
        "conf": "Pattern Recognition",
        "email": null,
        "coauthors": [
            "tsuhan chen",
            "susan m. thornton"
        ],
        "keywords": "Activity Recognition,Face Recognition,Principal Component Analysis,Random Process,Stationary Process,Synthetic Data,",
        "title_embedding": [],
        "abstract_embedding": []
    },
    {
        "id": 6199,
        "label": 1117,
        "title": "Protocol Switching: Exploiting Meta-Properties",
        "organization": null,
        "abstract": "As we see a growing variety of network and applica- tion behaviors, it becomes more important that protocols adapt to their surroundings. Building adaptive protocols is complicated, and therefore we have considered build- ing hybrid protocols that switch between specialized pro- tocols. In this paper, we show for which communication properties this is a correct solution, and classify these us-",
        "conf": "International Conference on Distributed Computing Systems",
        "email": null,
        "coauthors": [
            "robbert van renesse",
            "mark bickford",
            "christoph kreitz",
            "robert l. constable"
        ],
        "keywords": "Adaptive Protocol,",
        "title_embedding": [],
        "abstract_embedding": []
    },
    {
        "id": 6200,
        "label": 1117,
        "title": "Fast protocol transition in a distributed environment (brief announcement)",
        "organization": null,
        "abstract": "Adaptivity is a desired feature of the distributed systems. Because many characteristics of the environment (network topology, active process distribution, etc.) may change from time to time, a good system should be able to adapt itself and perform sufficiently well under different conditions.Modern distributed systems are generally built from a set of components. Such a system has the freedom to",
        "conf": "Symposium on Principles of Distributed Computing",
        "email": null,
        "coauthors": [
            "robbert van renesse"
        ],
        "keywords": "Adaptive Protocol,Atomic Broadcast,Central Scheme,Distributed Environment,Distributed System,Generic Algorithm,Group Communication,Localized State,Network Topology,",
        "title_embedding": [],
        "abstract_embedding": []
    },
    {
        "id": 6201,
        "label": 1117,
        "title": "Building reliable, high-performance communication systems from components",
        "organization": null,
        "abstract": "Although building systems from components has attractions, this approach also has problems. Can we be sure that a certain configuration of components is correct? Can it perform as well as a monolithic system? Our paper answers these questions for the Ensemble communication architecture by showing how, with help of the Nuprl formal system, configurations may be checked against specifications, and",
        "conf": "Operating Systems Review",
        "email": null,
        "coauthors": [
            "christoph kreitz",
            "robbert van renesse",
            "jason hickey",
            "mark hayden",
            "kenneth p. birman",
            "robert l. constable"
        ],
        "keywords": "Communication System,High Performance,System Configuration,",
        "title_embedding": [],
        "abstract_embedding": []
    },
    {
        "id": 6202,
        "label": 1117,
        "title": "Proving Hybrid Protocols Correct",
        "organization": null,
        "abstract": "We describe a generic switching protocol for the construc- tion of hybrid protocols and prove it correct with the Nuprl proof de- velopment system. For this purpose we introduce the concept of meta- properties and use them to formally characterize communication prop- erties that can be preserved by switching. We also identify switching in- variants that an implementation of the",
        "conf": "Theorem Proving in Higher Order Logics",
        "email": null,
        "coauthors": [
            "mark bickford",
            "christoph kreitz",
            "robbert van renesse"
        ],
        "keywords": "Satisfiability,",
        "title_embedding": [],
        "abstract_embedding": []
    },
    {
        "id": 6203,
        "label": 1118,
        "title": "Semi-supervised Discriminant Analysis Based on Dependence Estimation",
        "organization": null,
        "abstract": NaN,
        "conf": "Advanced Data Mining and Applications",
        "email": null,
        "coauthors": [
            "jinshan tang",
            "jun liu",
            "zhilin feng",
            "zhaohui wang"
        ],
        "keywords": "Discriminant Analysis,",
        "title_embedding": [],
        "abstract_embedding": []
    },
    {
        "id": 6204,
        "label": 1118,
        "title": "Incremental Manifold Learning Via Tangent Space Alignment",
        "organization": null,
        "abstract": NaN,
        "conf": "Artificial Neural Networks in Pattern Recognition",
        "email": null,
        "coauthors": [
            "jianwei yin",
            "zhilin feng",
            "jinxiang dong"
        ],
        "keywords": "Manifold Learning,",
        "title_embedding": [],
        "abstract_embedding": []
    },
    {
        "id": 6205,
        "label": 1118,
        "title": "A Local Tangent Space Alignment Based Transductive Classification Algorithm",
        "organization": null,
        "abstract": NaN,
        "conf": "Artificial Neural Networks in Pattern Recognition",
        "email": null,
        "coauthors": [
            "jianwei yin",
            "zhilin feng",
            "jinxiang dong"
        ],
        "keywords": "Classification Algorithm,Local Tangent Space Alignment,",
        "title_embedding": [],
        "abstract_embedding": []
    },
    {
        "id": 6206,
        "label": 1118,
        "title": "A Novel Architecture for Realizing Grid Workflow Using Pi-Calculus Technology",
        "organization": null,
        "abstract": NaN,
        "conf": "Asia-Pacific Web Conference",
        "email": null,
        "coauthors": [
            "zhilin feng",
            "jianwei yin",
            "zhaoyang he",
            "jinxiang dong"
        ],
        "keywords": null,
        "title_embedding": [],
        "abstract_embedding": []
    },
    {
        "id": 6207,
        "label": 1118,
        "title": "Colorization Using Segmentation with Random Walk",
        "organization": null,
        "abstract": NaN,
        "conf": "Computer Analysis of Images and Patterns",
        "email": null,
        "coauthors": [
            "jun liu",
            "zhilin feng"
        ],
        "keywords": "Random Walk,",
        "title_embedding": [],
        "abstract_embedding": []
    },
    {
        "id": 6208,
        "label": 1118,
        "title": "Adaptive-weighted hidden Markov models based 3D model classification",
        "organization": null,
        "abstract": NaN,
        "conf": "Computer Supported Cooperative Work in Design",
        "email": null,
        "coauthors": [
            "jianwei yin",
            "zhilin feng",
            "jinxiang dong"
        ],
        "keywords": "3d model,Hidden Markov Model,",
        "title_embedding": [],
        "abstract_embedding": []
    },
    {
        "id": 6209,
        "label": 1118,
        "title": "A novel approach for interorganizational workflow system design",
        "organization": null,
        "abstract": NaN,
        "conf": "Computer Supported Cooperative Work in Design",
        "email": null,
        "coauthors": [
            "jianwei yin",
            "zhilin feng",
            "jinxiang dong"
        ],
        "keywords": "Workflow System,",
        "title_embedding": [],
        "abstract_embedding": []
    },
    {
        "id": 6210,
        "label": 1118,
        "title": "A Pairwise Covariance-Preserving Projection Method for Dimension Reduction",
        "organization": null,
        "abstract": NaN,
        "conf": "IEEE International Conference on Data Mining",
        "email": null,
        "coauthors": [
            "zhaohui wang",
            "zhilin feng",
            "jinshan tang"
        ],
        "keywords": "Dimension Reduction,Projection Method,",
        "title_embedding": [],
        "abstract_embedding": []
    },
    {
        "id": 6211,
        "label": 1118,
        "title": "Dimension Reduction with Semi-supervised Pairwise Covariance-Preserving Projection",
        "organization": null,
        "abstract": NaN,
        "conf": "International Conference on Intelligent Computing",
        "email": null,
        "coauthors": [
            "zhaohui wang",
            "jun liu",
            "zhilin feng"
        ],
        "keywords": "Dimension Reduction,",
        "title_embedding": [],
        "abstract_embedding": []
    },
    {
        "id": 6212,
        "label": 1118,
        "title": "A DNA-Based Genetic Algorithm Implementation for Graph Coloring Problem",
        "organization": null,
        "abstract": NaN,
        "conf": "International Conference on Intelligent Computing",
        "email": null,
        "coauthors": [
            "jianwei yin",
            "jung-sing jwo",
            "zhilin feng",
            "jinxiang dong"
        ],
        "keywords": "Genetic Algorithm,Graph Coloring Problem,",
        "title_embedding": [],
        "abstract_embedding": []
    },
    {
        "id": 6213,
        "label": 1118,
        "title": "A multiscale image enhancement method for calcification detection in screening mammograms",
        "organization": null,
        "abstract": NaN,
        "conf": "International Conference on Image Processing",
        "email": null,
        "coauthors": [
            "jinshan tang",
            "xiaolong zhang"
        ],
        "keywords": "Image Enhancement,",
        "title_embedding": [],
        "abstract_embedding": []
    },
    {
        "id": 6214,
        "label": 1118,
        "title": "Orthogonal Neighborhood Preserving Embedding for Face Recognition",
        "organization": null,
        "abstract": "In this paper, we propose a new algorithm called Orthogonal Neighborhood Preserving Embedding (ONPE) for face recognition. ONPE can preserve local geometry information and is based on the local linearity assumption that each data point and its k nearest neighbors lie on a linear manifold locally embedded in the image space. ONPE is based on Neighborhood Preserving Embedding (NPE), but",
        "conf": "International Conference on Image Processing",
        "email": null,
        "coauthors": [
            "jianwei yin",
            "zhilin feng",
            "jinxiang dong",
            "lu wang"
        ],
        "keywords": "Face Recognition,K Nearest Neighbor,Neighborhood Preserving Embedding,",
        "title_embedding": [],
        "abstract_embedding": []
    },
    {
        "id": 6215,
        "label": 1118,
        "title": "Face recognition with Locality Sensitive Discriminant Analysis based on matrix representation",
        "organization": null,
        "abstract": NaN,
        "conf": "IJCNN",
        "email": null,
        "coauthors": [
            "zhaohui wang",
            "jun liu",
            "zhilin feng"
        ],
        "keywords": "Discriminant Analysis,Face Recognition,Matrix Representation,",
        "title_embedding": [],
        "abstract_embedding": []
    },
    {
        "id": 6216,
        "label": 1118,
        "title": "Phase Field Based Texture Image Segmentation Using Shape Prior Technology",
        "organization": null,
        "abstract": NaN,
        "conf": NaN,
        "email": null,
        "coauthors": [
            "zhilin feng",
            "shuwang du",
            "yanming ye",
            "wuheng zuo"
        ],
        "keywords": "Image Segmentation,Phase Field,Shape Priors,",
        "title_embedding": [],
        "abstract_embedding": []
    },
    {
        "id": 6217,
        "label": 1118,
        "title": "Jacquard Image Segmentation Method Based on Fuzzy Optimization Technology",
        "organization": null,
        "abstract": NaN,
        "conf": "Rough Sets, Fuzzy Sets, Data Mining, and Granular-Soft Computing",
        "email": null,
        "coauthors": [
            "zhilin feng",
            "jianwei yin",
            "jiong qiu",
            "jinxiang dong"
        ],
        "keywords": "Fuzzy Optimization,Image Segmentation,",
        "title_embedding": [],
        "abstract_embedding": []
    },
    {
        "id": 6218,
        "label": 1119,
        "title": "File-Based Storage of Digital Objects and Constituent Datastreams: XMLtapes and Internet Archive ARC Files",
        "organization": null,
        "abstract": "This paper introduces the write-once/read-many XMLtape/ARC storage approach for Digital Objects and their constituent datastreams. The approach combines two interconnected file-based storage mecha- nisms that are made accessible in a protocol-based manner. First, XML- based representations of multiple Digital Objects are concatenated into a single file named an XMLtape. An XMLtape is a valid XML file; its format definition is",
        "conf": "Computing Research Repository",
        "email": null,
        "coauthors": [
            "lyudmila balakireva",
            "patrick hochstenbach",
            "herbert van de sompel"
        ],
        "keywords": "Complex Objects,Indexation,Write Once Read Many,",
        "title_embedding": [],
        "abstract_embedding": []
    },
    {
        "id": 6219,
        "label": 1119,
        "title": "Technical Report Interchange through Synchronized OAI Caches",
        "organization": null,
        "abstract": NaN,
        "conf": "European Conference on Digital Libraries",
        "email": null,
        "coauthors": [
            "kurt maly",
            "mohammad zubair",
            "rong tang",
            "mohammed imran padshah",
            "george roncaglia",
            "joanne rocker",
            "michael l. nelson",
            "william von ofenheim",
            "richard luce",
            "jacqueline stack",
            "frances knudson",
            "beth goldsmith",
            "irma holtkamp",
            "miriam blake",
            "jack carter",
            "mariella di giacomo",
            "major jerome nutter",
            "susan brown",
            "ron montbrand",
            "sally landenberger",
            "kathy pierson",
            "vince duran",
            "beth moser"
        ],
        "keywords": null,
        "title_embedding": [],
        "abstract_embedding": []
    },
    {
        "id": 6220,
        "label": 1119,
        "title": "mod_oai: An Apache Module for Metadata Harvesting",
        "organization": null,
        "abstract": "We describe mod_oai, an Apache 2.0 module that implements the Open Archives Initiative Protocol for Metadata Harvesting (OAI-PMH). OAI- PMH is the de facto standard for metadata exchange in digital libraries and allows repositories to expose their contents in a structured, application-neutral format with semantics optimized for accurate incremental harvesting. Current implementations of OAI-PMH are either separate applications that access",
        "conf": "Computing Research Repository",
        "email": null,
        "coauthors": [
            "michael l. nelson",
            "herbert van de sompel",
            "terry l. harrison",
            "nathan mcfarland"
        ],
        "keywords": "Digital Library,Open Archive Initiative,Software Package,Web Crawling,",
        "title_embedding": [],
        "abstract_embedding": []
    },
    {
        "id": 6221,
        "label": 1119,
        "title": "Enhanced Kepler Framework for Self-Archiving",
        "organization": null,
        "abstract": " In this paper, we introduce the Enhanced Kepler Framework,an evolution of the original Kepler framework whichimplements an OAI-PMH-compliant data provider for individualpublishers. The enhanced Kepler framework isheavily influenced by Fasttrack, a peer-to-peer network. Inparticular, we introduce the concept of buddy nodes andSuperNodes to improve scalability. We also propose enhancementsof OAI-PMH, the harvesting protocol used inthe existing framework, to support the",
        "conf": "International Conference on Parallel Processing",
        "email": null,
        "coauthors": [
            "kurt maly",
            "mohammad zubair"
        ],
        "keywords": "Peer-to-peer Network,",
        "title_embedding": [],
        "abstract_embedding": []
    },
    {
        "id": 6222,
        "label": 1119,
        "title": "Preservation and transition of NCSTRL using an OAI-based architecture",
        "organization": null,
        "abstract": "NCSTRL (Networked Computer Science Technical Reference Library) is a federation of digital libraries providing computer science materials. The architecture of the original NCSTRL was based largely on the Dienst software. It was implemented and maintained by the digital library group at Cornell University until September 2001. At that time, we had an immediate goal of preserving the existing NCSTRL collection",
        "conf": "ACM/IEEE Joint Conference on Digital Libraries",
        "email": null,
        "coauthors": [
            "hesham anan",
            "kurt maly",
            "michael l. nelson",
            "mohammad zubair",
            "james c. french",
            "edward a. fox",
            "p. shivakumar"
        ],
        "keywords": "Digital Library,Open Archive Initiative,",
        "title_embedding": [],
        "abstract_embedding": []
    },
    {
        "id": 6223,
        "label": 1119,
        "title": "aDORe: a modular and standards-based digital object repository at the los alamos national laboratory",
        "organization": null,
        "abstract": "This paper describes the aDORe repository architecture, designed and implemented for ingesting, storing, and accessing a vast collection of Digital Objects at the Research Library of the Los Alamos National Laboratory.",
        "conf": "ACM/IEEE Joint Conference on Digital Libraries",
        "email": null,
        "coauthors": [
            "jeroen bekaert",
            "herbert van de sompel"
        ],
        "keywords": "Architectural Design,Los Alamos National Laboratory,",
        "title_embedding": [],
        "abstract_embedding": []
    },
    {
        "id": 6224,
        "label": 1119,
        "title": "Using standards in digital library design & development",
        "organization": null,
        "abstract": "This tutorial will cover a set of Standards and defacto Standards that can play a role in the design and development of Digital Library applications. The Standards that will be discussed are the ISO MPEG-21 Digital Item Declaration, the ISO MPEG-21 Digital Item Identification, the ISO MPEG-21 Digital Item Processing, the Open Archives Protocol for Metadata Harvesting, the Internet Archive",
        "conf": "ACM/IEEE Joint Conference on Digital Libraries",
        "email": null,
        "coauthors": [
            "jeroen bekaert",
            "herbert van de sompel"
        ],
        "keywords": "Design and Development,Digital Library,Los Alamos National Laboratory,",
        "title_embedding": [],
        "abstract_embedding": []
    },
    {
        "id": 6225,
        "label": 1119,
        "title": "Pathways core: a data model for cross-repository services",
        "organization": null,
        "abstract": "As part of the NSF-funded Pathways project, we have created an interoperable data model to facilitate object re-use and a broad spectrum of cross-repository services. The resulting Pathways Core data model is designed to be lightweight to implement, and to be widely applicable as a shared profile or as an overlay on data models currently used in repository systems and",
        "conf": "ACM/IEEE Joint Conference on Digital Libraries",
        "email": null,
        "coauthors": [
            "jeroen bekaert",
            "herbert van de sompel",
            "carl lagoze",
            "sandy payette",
            "simeon warner"
        ],
        "keywords": "Data Model,Scholarly Communication,Spectrum,Systems and Applications,",
        "title_embedding": [],
        "abstract_embedding": []
    },
    {
        "id": 6226,
        "label": 1119,
        "title": "The multifaceted use of the OAI-PMH in the lanl repository",
        "organization": null,
        "abstract": "This paper focuses on the multifaceted use of the OAI-PMH in a repository architecture designed to store digital assets at the Research Library of the Los Alamos National Laboratory (LANL), and to make the stored assets available in a uniform way to various downstream applications. In the architecture, the MPEG-21 Digital Item Declaration Language is used as the XML-based format",
        "conf": "ACM/IEEE Joint Conference on Digital Libraries",
        "email": null,
        "coauthors": [
            "henry n. jerez",
            "patrick hochstenbach",
            "herbert van de sompel"
        ],
        "keywords": "Architectural Design,Declarative Languages,Digital Library,Indexation,Individual Object,Los Alamos National Laboratory,",
        "title_embedding": [],
        "abstract_embedding": []
    },
    {
        "id": 6227,
        "label": 1119,
        "title": "Toolkits for visualizing co-authorship graph",
        "organization": null,
        "abstract": "Visualization eases insight into complex systems such as co-authorship networks. We present an initial deployment of an author navigator application for convenient visual examination of JCDL and LANL co--authorship networks.",
        "conf": "ACM/IEEE Joint Conference on Digital Libraries",
        "email": null,
        "coauthors": [
            "johan bollen",
            "michael l. nelson",
            "herbert van de sompel",
            "jeremy a. t. hussell",
            "richard luce",
            "linn marks"
        ],
        "keywords": "Complex System,",
        "title_embedding": [],
        "abstract_embedding": []
    },
    {
        "id": 6228,
        "label": 1119,
        "title": "Arc: an OAI service provider for cross-archive searching",
        "organization": null,
        "abstract": "The usefulness of the many on-line journals and scientific digital lib raries that exist today is limited by the lack of a service that can federate them through a unified interface. The Open Archive Initiative (OAI) is one major effort to address technical interoperability among distributed archives. The objective of OAI is to develop a framework to facilitate the discovery",
        "conf": "ACM/IEEE Joint Conference on Digital Libraries",
        "email": null,
        "coauthors": [
            "kurt maly",
            "mohammad zubair",
            "michael l. nelson"
        ],
        "keywords": "Digital Library,Lessons Learned,Open Archive Initiative,Relational Database,Service Provider,",
        "title_embedding": [],
        "abstract_embedding": []
    },
    {
        "id": 6229,
        "label": 1119,
        "title": "DP9: an OAI gateway service for web crawlers",
        "organization": null,
        "abstract": "Many libraries and databases are closed to general-purpose Web crawlers, and they expose their content only through their own search engines. At the same time many researchers attempt to locate technical papers through general-purpose Web search engines. DP9 is an open source gateway service that allows general search engines, (e.g. Google, Inktomi) to index OAI-compliant archives. DP9 does this by",
        "conf": "ACM/IEEE Joint Conference on Digital Libraries",
        "email": null,
        "coauthors": [
            "kurt maly",
            "mohammad zubair",
            "michael l. nelson"
        ],
        "keywords": "Deep Web,Indexation,Open Archive Initiative,Open Source,Search Engine,Web Crawler,Web Search Engine,",
        "title_embedding": [],
        "abstract_embedding": []
    },
    {
        "id": 6230,
        "label": 1119,
        "title": "Repository synchronization in the OAI framework",
        "organization": null,
        "abstract": "The Open Archives Initiative Protocol for Metadata Harvesting (OAI-PMH) began as an alternative to distributed searching of scholarly eprint repositories. The model embraced by the OAI-PMH is that of metadata harvesting, where value-added services (by a \"service provider\") are constructed on cached copies of the metadata extracted from the repositories of the harvester's choosing. While this model dispenses with the",
        "conf": "ACM/IEEE Joint Conference on Digital Libraries",
        "email": null,
        "coauthors": [
            "kurt maly",
            "mohammad zubair",
            "michael l. nelson"
        ],
        "keywords": "Distributed Search,Metadata Extraction,Open Archive Initiative,Service Provider,Value Added Services,",
        "title_embedding": [],
        "abstract_embedding": []
    },
    {
        "id": 6231,
        "label": 1119,
        "title": "aDORe: A Modular, Standards-Based Digital Object Repository",
        "organization": null,
        "abstract": "This paper describes the aDORe repository architecture, designed and implemented for ingesting, storing, and accessing a vast collection of Digital Objects at the Research Library of the Los Alamos National Laboratory. The aDORe architecture is highly modular and standards-based. In the architecture, the MPEG-21 Digital Item Declaration Language is used as the XML-based format to represent Digital Objects that can Architectural Design;Declarative Languages;Indexation;Process Engineering;Front End;Los Alamos National Laboratory;Open Archival Information System; The Computer Journal http://dx.doi.org/10.1093/comjnl/bxh114,http://www.informatik.uni-trier.de/~ley/db/journals/cj/cj48.html#SompelBLBS05,http://www.informatik.uni-trier.de/~ley/db/journals/corr/corr0502.html#abs-cs-0502028,http://arxiv.org/abs/cs/0502028,http://comjnl.oxfordjournals.org/cgi/doi/10.1093/comjnl/bxh114 2005",
        "conf": NaN,
        "email": null,
        "coauthors": [
            "herbert van de sompel",
            "jeroen bekaert",
            "lyudmila balakireva",
            "thorsten schwander"
        ],
        "keywords": null,
        "title_embedding": [],
        "abstract_embedding": []
    },
    {
        "id": 6232,
        "label": 1119,
        "title": "aDORe: A Modular, Standards-Based Digital Object Repository",
        "organization": null,
        "abstract": "This paper describes the aDORe repository architecture, designed and implemented for ingesting, storing, and accessing a vast collection of Digital Objects at the Research Library of the Los Alamos National Laboratory. The aDORe architecture is highly modular and standards-based. In the architecture, the MPEG-21 Digital Item Declaration Language is used as the XML-based format to represent Digital Objects that can Architectural Design;Declarative Languages;Indexation;Process Engineering;Front End;Los Alamos National Laboratory;Open Archival Information System; The Computer Journal http://dx.doi.org/10.1093/comjnl/bxh114,http://www.informatik.uni-trier.de/~ley/db/journals/cj/cj48.html#SompelBLBS05,http://www.informatik.uni-trier.de/~ley/db/journals/corr/corr0502.html#abs-cs-0502028,http://arxiv.org/abs/cs/0502028,http://comjnl.oxfordjournals.org/cgi/doi/10.1093/comjnl/bxh114 2005",
        "conf": NaN,
        "email": null,
        "coauthors": [
            "herbert van de sompel",
            "jeroen bekaert",
            "lyudmila balakireva",
            "thorsten schwander"
        ],
        "keywords": null,
        "title_embedding": [],
        "abstract_embedding": []
    },
    {
        "id": 6233,
        "label": 1119,
        "title": "Co-Authorship Networks in the Digital Library Research Community",
        "organization": null,
        "abstract": "The field of digital libraries (DLs) coalesced in 1994: the first digital library con- ferences were held that year, awareness of the World Wide Web was accelerating, and the National Science Foundation awarded $24 Million (U.S.) for the Digital Library Initiative (DLI). In this paper we examine the state of the DL domain af- ter a decade of activity by",
        "conf": "Information Processing and Management",
        "email": null,
        "coauthors": [
            "johan bollen",
            "michael l. nelson",
            "herbert van de sompel"
        ],
        "keywords": "Betweenness Centrality,Digital Library,Network Measurement,Network Model,Social Network Analysis,National Science Foundation,Program Committee,World Wide Web,",
        "title_embedding": [],
        "abstract_embedding": []
    },
    {
        "id": 6234,
        "label": 1119,
        "title": "File-Based Storage of Digital Objects and Constituent Datastreams: XMLtapes and Internet Archive ARC Files",
        "organization": null,
        "abstract": "This paper introduces the write-once/read-many XMLtape/ARC storage approach for Digital Objects and their constituent datastreams. The approach combines two interconnected file-based storage mecha- nisms that are made accessible in a protocol-based manner. First, XML- based representations of multiple Digital Objects are concatenated into a single file named an XMLtape. An XMLtape is a valid XML file; its format definition is",
        "conf": "Computing Research Repository",
        "email": null,
        "coauthors": [
            "lyudmila balakireva",
            "patrick hochstenbach",
            "herbert van de sompel"
        ],
        "keywords": "Complex Objects,Indexation,Write Once Read Many,",
        "title_embedding": [],
        "abstract_embedding": []
    },
    {
        "id": 6235,
        "label": 1119,
        "title": "mod_oai: An Apache Module for Metadata Harvesting",
        "organization": null,
        "abstract": "We describe mod_oai, an Apache 2.0 module that implements the Open Archives Initiative Protocol for Metadata Harvesting (OAI-PMH). OAI- PMH is the de facto standard for metadata exchange in digital libraries and allows repositories to expose their contents in a structured, application-neutral format with semantics optimized for accurate incremental harvesting. Current implementations of OAI-PMH are either separate applications that access",
        "conf": "Computing Research Repository",
        "email": null,
        "coauthors": [
            "michael l. nelson",
            "herbert van de sompel",
            "terry l. harrison",
            "nathan mcfarland"
        ],
        "keywords": "Digital Library,Open Archive Initiative,Software Package,Web Crawling,",
        "title_embedding": [],
        "abstract_embedding": []
    },
    {
        "id": 6236,
        "label": 1119,
        "title": "Representing Digital Assets for Long-Term Preservation using MPEG21 DID",
        "organization": null,
        "abstract": "Various efforts aimed at representing digital assets have emerged from several communities over the last years, including the Metadata Encoding and Transmission Standard (METS), the IMS Content Packaging (IMS-CP) XML Binding and the XML Formatted Data Units (XFDU). The MPEG-21 Digital Item Declaration (MPEG-21 DID) is another approach that can be used for the representation of digital assets in XML. Building Block;Digital Preservation;Information Model; Computing Research Repository http://www.informatik.uni-trier.de/~ley/db/journals/corr/corr0509.html#abs-cs-0509084,http://arxiv.org/abs/cs/0509084 2005",
        "conf": NaN,
        "email": null,
        "coauthors": [
            "jeroen bekaert",
            "herbert van de sompel"
        ],
        "keywords": null,
        "title_embedding": [],
        "abstract_embedding": []
    },
    {
        "id": 6237,
        "label": 1119,
        "title": "Pathways: Augmenting interoperability across scholarly repositories",
        "organization": null,
        "abstract": "In the emerging eScience environment, reposito- ries of papers, datasets, software, etc., should be the foun - dation of a global and natively-digital scholarly communica- tions system. The current infrastructure falls far short of this goal. Cross-repository interoperability must be augmented to support the many workflows and value-chains involved in scholarly communication. This will not be achieved through the promotion",
        "conf": "Computing Research Repository",
        "email": null,
        "coauthors": [
            "simeon warner",
            "jeroen bekaert",
            "carl lagoze",
            "sandy payette",
            "herbert van de sompel"
        ],
        "keywords": "Data Model,Heterogeneous Systems,Scholarly Communication,Service Architecture,Value Chain,",
        "title_embedding": [],
        "abstract_embedding": []
    },
    {
        "id": 6238,
        "label": 1119,
        "title": "A Scalable Architecture for Harvest-Based Digital Libraries - The ODU/Southampton Experiments",
        "organization": null,
        "abstract": "This paper discusses the requirements of current and emerging applications based on the Open Archives Initiative (OAI) and emphasizes the need for a common infrastructure to support them. Inspired by HTTP proxy, cache, gateway and web service concepts, a design for a scalable and reliable infrastructure that aims at satisfying these requirements is presented. Moreover it is shown how various Digital Library;Open Archive Initiative;Proxy Caching;Satisfiability;Web Service; Computing Research Repository http://www.informatik.uni-trier.de/~ley/db/journals/corr/corr0205.html#cs-DL-0205071,http://arxiv.org/abs/cs/0205071,http://www.informatik.uni-trier.de/~ley/db/journals/dlib/dlib8.html#LiuMZNBHC02,http://arxiv.org/abs/cs.DL/0205071,http://www.dlib.org/dlib/november02/liu/11liu.html 2002",
        "conf": NaN,
        "email": null,
        "coauthors": [
            "tim brody",
            "stevan harnad",
            "les carr",
            "kurt maly",
            "mohammad zubair",
            "michael l. nelson"
        ],
        "keywords": null,
        "title_embedding": [],
        "abstract_embedding": []
    },
    {
        "id": 6239,
        "label": 1119,
        "title": "A Scalable Architecture for Harvest-Based Digital Libraries - The ODU/Southampton Experiments",
        "organization": null,
        "abstract": "This paper discusses the requirements of current and emerging applications based on the Open Archives Initiative (OAI) and emphasizes the need for a common infrastructure to support them. Inspired by HTTP proxy, cache, gateway and web service concepts, a design for a scalable and reliable infrastructure that aims at satisfying these requirements is presented. Moreover it is shown how various Digital Library;Open Archive Initiative;Proxy Caching;Satisfiability;Web Service; Computing Research Repository http://www.informatik.uni-trier.de/~ley/db/journals/corr/corr0205.html#cs-DL-0205071,http://arxiv.org/abs/cs/0205071,http://www.informatik.uni-trier.de/~ley/db/journals/dlib/dlib8.html#LiuMZNBHC02,http://arxiv.org/abs/cs.DL/0205071,http://www.dlib.org/dlib/november02/liu/11liu.html 2002",
        "conf": NaN,
        "email": null,
        "coauthors": [
            "tim brody",
            "stevan harnad",
            "les carr",
            "kurt maly",
            "mohammad zubair",
            "michael l. nelson"
        ],
        "keywords": null,
        "title_embedding": [],
        "abstract_embedding": []
    },
    {
        "id": 6240,
        "label": 1119,
        "title": "Search Engine Coverage of the OAI-PMH Corpus",
        "organization": null,
        "abstract": NaN,
        "conf": "IEEE Internet Computing",
        "email": null,
        "coauthors": [
            "frank mccown",
            "michael l. nelson",
            "mohammad zubair"
        ],
        "keywords": "Search Engine,",
        "title_embedding": [],
        "abstract_embedding": []
    },
    {
        "id": 6241,
        "label": 1119,
        "title": "Co-Authorship Networks in the Digital Library Research Community",
        "organization": null,
        "abstract": "The field of digital libraries (DLs) coalesced in 1994: the first digital library con- ferences were held that year, awareness of the World Wide Web was accelerating, and the National Science Foundation awarded $24 Million (U.S.) for the Digital Library Initiative (DLI). In this paper we examine the state of the DL domain af- ter a decade of activity by",
        "conf": "Information Processing and Management",
        "email": null,
        "coauthors": [
            "johan bollen",
            "michael l. nelson",
            "herbert van de sompel"
        ],
        "keywords": "Betweenness Centrality,Digital Library,Network Measurement,Network Model,Social Network Analysis,National Science Foundation,Program Committee,World Wide Web,",
        "title_embedding": [],
        "abstract_embedding": []
    },
    {
        "id": 6242,
        "label": 1119,
        "title": "Federated Searching Interface Techniques for Heterogeneous OAI Repositories",
        "organization": null,
        "abstract": NaN,
        "conf": "Journal of Digital Information",
        "email": null,
        "coauthors": [
            "kurt maly",
            "mohammad zubair",
            "qiaoling hong",
            "michael l. nelson",
            "frances knudson",
            "irma holtkamp"
        ],
        "keywords": null,
        "title_embedding": [],
        "abstract_embedding": []
    },
    {
        "id": 6243,
        "label": 1119,
        "title": "Pathways: augmenting interoperability across scholarly repositories",
        "organization": null,
        "abstract": NaN,
        "conf": "International Journal on Digital Libraries",
        "email": null,
        "coauthors": [
            "simeon warner",
            "jeroen bekaert",
            "carl lagoze",
            "sandy payette",
            "herbert van de sompel"
        ],
        "keywords": null,
        "title_embedding": [],
        "abstract_embedding": []
    },
    {
        "id": 6244,
        "label": 1119,
        "title": "Pathways: augmenting interoperability across scholarly repositories",
        "organization": null,
        "abstract": NaN,
        "conf": "International Journal on Digital Libraries",
        "email": null,
        "coauthors": [
            "simeon warner",
            "jeroen bekaert",
            "carl lagoze",
            "sandy payette",
            "herbert van de sompel"
        ],
        "keywords": null,
        "title_embedding": [],
        "abstract_embedding": []
    },
    {
        "id": 6245,
        "label": 1120,
        "title": "Estimating The Lower Bounds Of Recombination With Or Without Recurrent Mutations",
        "organization": null,
        "abstract": NaN,
        "conf": "Bioinformatics & Computational Biology",
        "email": null,
        "coauthors": [
            "yun-xin fu"
        ],
        "keywords": "Lower Bound,",
        "title_embedding": [],
        "abstract_embedding": []
    }
]