[
    {
        "id": 6255,
        "label": 1129,
        "title": "A type system for hybrid intensional-imperative programming support in GIPSY",
        "organization": null,
        "abstract": "We describe a type system for a platform called the General Intensional Programming System (GIPSY), designed to support intensional programming languages built upon intensional logic and their imperative counter-parts for the intensional execution model. In GIPSY, the type system glues the static and dynamic typing between intensional and imperative languages in its compiler and runtime environments to support the intensional",
        "conf": "Canadian Conference on Computer Science & Software Engineering",
        "email": null,
        "coauthors": [
            "serguei a. mokhov",
            "joey paquet"
        ],
        "keywords": "Design and Implementation,Dynamic Typing,Programming Language,Type System,",
        "title_embedding": [],
        "abstract_embedding": []
    },
    {
        "id": 6256,
        "label": 1129,
        "title": "Design and Implementation of Context Calculus in the GIPSY Environment",
        "organization": null,
        "abstract": NaN,
        "conf": "International Computer Software and Applications Conference",
        "email": null,
        "coauthors": [
            "joey paquet",
            "serguei a. mokhov"
        ],
        "keywords": "Design and Implementation,",
        "title_embedding": [],
        "abstract_embedding": []
    },
    {
        "id": 6257,
        "label": 1129,
        "title": "Complete Context Calculus Design and Implementation in GIPSY",
        "organization": null,
        "abstract": "This paper presents the integration into the GIPSY of Lucx's context calculus defined in Wan's PhD thesis. We start by defining different types of tag sets, then we explain the concept of context, the types of context and the context calculus operators. Finally, we present how context entities have been abstracted into Java classes and embedded into the GIPSY system. Design and Implementation; Computing Research Repository http://arxiv.org/abs/1002.4392,http://www.informatik.uni-trier.de/~ley/db/journals/corr/corr1002.html#abs-1002-4392 2010",
        "conf": NaN,
        "email": null,
        "coauthors": [
            "joey paquet",
            "serguei a. mokhov"
        ],
        "keywords": null,
        "title_embedding": [],
        "abstract_embedding": []
    }
]