[
    {
        "id": 6246,
        "label": 1121,
        "title": "Segmentation-Based Multilayer Diagnosis Lossless Medical Image compression",
        "organization": null,
        "abstract": "Hospital and clinical environments are moving towards computerisation, digitisation and centralisation, resulting in prohibitive amounts of digital medical image data. Compression techniques are, therefore, essential in archival and communication of medical image. Although lossy compression yields much higher compression rates, the medical community has relied on lossless compression for legal and clinical reasons. In this paper, we propose a segmentation-based",
        "conf": "Visual Information Processing",
        "email": null,
        "coauthors": [
            "jesse s. jin",
            "david dagan feng"
        ],
        "keywords": "Clinical Reasoning,Data Compression,Image Processing,Lossless Compression,Lossy Compression,Medical Image,Medical Image Compression,Medical Image Retrieval,Progressive Transmission,Region Growing,Region of Interest,",
        "title_embedding": [],
        "abstract_embedding": []
    },
    {
        "id": 6247,
        "label": 1122,
        "title": "A New Dynamic Bandwidth Allocation Scheme in Ethernet Passive Optical Access Networks",
        "organization": null,
        "abstract": NaN,
        "conf": "International Conference on Parallel Processing",
        "email": null,
        "coauthors": [
            "chadi assi",
            "abdallah shami",
            "nasir ghani"
        ],
        "keywords": "Access Network,Dynamic Bandwidth Allocation,",
        "title_embedding": [],
        "abstract_embedding": []
    }
]