[
    {
        "id": 6260,
        "label": 1131,
        "title": "Self-organization Data Gathering for Wireless Sensor Networks",
        "organization": null,
        "abstract": NaN,
        "conf": "Mobile Sensor Networks",
        "email": null,
        "coauthors": [
            "hongli xu",
            "liusheng huang",
            "junmin wu",
            "yang wang",
            "jichun wang"
        ],
        "keywords": "Data Gathering,Self Organization,Wireless Sensor Network,",
        "title_embedding": [],
        "abstract_embedding": []
    }
]