[
    {
        "id": 6261,
        "label": 1132,
        "title": "Chaos Detection in the Firing Activities of Retinal Ganglion Cells in Response to Natural Stimuli",
        "organization": null,
        "abstract": NaN,
        "conf": "International Conference on BioMedical Engineering and Informatics",
        "email": null,
        "coauthors": [
            "chao-feng cai",
            "ying-ying zhang",
            "pei-ji liang",
            "pu-ming zhang"
        ],
        "keywords": "Natural Stimuli,Retinal Ganglion Cell,",
        "title_embedding": [],
        "abstract_embedding": []
    },
    {
        "id": 6262,
        "label": 1132,
        "title": "A New Method for Multiple Spike Train Analysis Based on Information Discrepancy",
        "organization": null,
        "abstract": NaN,
        "conf": "International Conference on Neural Information Processing",
        "email": null,
        "coauthors": [
            "guang-li wang",
            "pu-ming zhang",
            "pei-ji liang"
        ],
        "keywords": "Spike Train Analysis,",
        "title_embedding": [],
        "abstract_embedding": []
    }
]