[
    {
        "id": 6263,
        "label": 1133,
        "title": "Local Linear Discriminant Analysis (LLDA) for Inference of Multisubject FMRI Data",
        "organization": null,
        "abstract": "Large intersubject variability is a well-described feature of fMRI studies, making inter-group inference, of critical importance for biological interpretation, difficult. Therefore, traditional approaches involve spatially transforming the data of each subject and heavily spatially smoothing the data. Here we propose an alternate method: after first defining individually- specific Regions of Interest (ROIs) of each subject, we utilize Local Linear Discriminant",
        "conf": "International Conference on Acoustics, Speech, and Signal Processing",
        "email": null,
        "coauthors": [
            "martin j. mckeown",
            "junning li",
            "z. jane wang"
        ],
        "keywords": "Data Analysis,Discriminant Analysis,Indexing Terms,Linear Discriminate Analysis,Region of Interest,",
        "title_embedding": [],
        "abstract_embedding": []
    },
    {
        "id": 6264,
        "label": 1133,
        "title": "Shape vs. volume: invariant shape descriptors for 3D region of interest characterization in MRI",
        "organization": null,
        "abstract": "We propose a new approach for quantifying regions of interest (ROIs) in medical image data. Rotationally invariant shape descriptors (ISDs) were applied to 3D brain regions extracted from MRI scans of 5 Parkinson's patients and 10 control subjects. We concentrated on the thalamus and the caudate nucleus since prior studies have suggested they are affected in Parkinson's disease (PD). In",
        "conf": "IEEE International Symposium on Biomedical Imaging",
        "email": null,
        "coauthors": [
            "sina tootoonian",
            "rafeef abugharbieh",
            "martin j. mckeown"
        ],
        "keywords": "Brain Structure,Caudate Nucleus,Medical Image,parkinson's disease,Shape Descriptor,Control Subjects,Region of Interest,",
        "title_embedding": [],
        "abstract_embedding": []
    },
    {
        "id": 6265,
        "label": 1133,
        "title": "Spatial Characterization of fMRI Activation Maps Using Invariant 3-D Moment Descriptors",
        "organization": null,
        "abstract": NaN,
        "conf": "IEEE Transactions on Medical Imaging",
        "email": null,
        "coauthors": [
            "bernard ng",
            "rafeef abugharbieh",
            "martin j. mckeown"
        ],
        "keywords": null,
        "title_embedding": [],
        "abstract_embedding": []
    }
]