[
    {
        "id": 6459,
        "label": 1149,
        "title": "Directed Feedback Vertex Set Problem is FPT",
        "organization": null,
        "abstract": "To decide if the parameterized feedback vertex set problem in directed graph is fixed-parameter tractable is a long standing open problem. In this paper, we prove that the parameterized feed- back vertex set in directed graph is fixed-parameter tractable and give the first FPT algorithm of running time O((1.48k)knO(1)) for it. As the feedback arc set problem in directed graph",
        "conf": "Dagstuhl Seminars",
        "email": null,
        "coauthors": [
            "jianer chen",
            "songjian lu"
        ],
        "keywords": "Directed Graph,Feedback Vertex Set,Fixed Parameter Tractable,Network Flow,",
        "title_embedding": [],
        "abstract_embedding": []
    },
    {
        "id": 6460,
        "label": 1149,
        "title": "Greedy Localization and Color-Coding: Improved Matching and Packing Algorithms",
        "organization": null,
        "abstract": NaN,
        "conf": "International Workshop on Parameterized and Exact Computation",
        "email": null,
        "coauthors": [
            "songjian lu",
            "jianer chen",
            "sing-hoi sze"
        ],
        "keywords": null,
        "title_embedding": [],
        "abstract_embedding": []
    },
    {
        "id": 6461,
        "label": 1149,
        "title": "A fixed-parameter algorithm for the directed feedback vertex set problem",
        "organization": null,
        "abstract": "The (parameterized) feedback vertex set problem on di- rected graphs, which we refer to as the dfvs problem, is dened as follows: given a directed graph",
        "conf": "Journal of The ACM",
        "email": null,
        "coauthors": [
            "jianer chen",
            "songjian lu",
            "barry o'sullivan",
            "igor razgon"
        ],
        "keywords": "Directed Graph,Feedback Vertex Set,",
        "title_embedding": [],
        "abstract_embedding": []
    },
    {
        "id": 6462,
        "label": 1149,
        "title": "On Feedback Vertex Set New Measure and New Structures",
        "organization": null,
        "abstract": NaN,
        "conf": "Scandinavian Workshop on Algorithm Theory",
        "email": null,
        "coauthors": [
            "yixin cao",
            "jianer chen"
        ],
        "keywords": "Feedback Vertex Set,",
        "title_embedding": [],
        "abstract_embedding": []
    },
    {
        "id": 6463,
        "label": 1149,
        "title": "Improved Deterministic Algorithms for Weighted Matching and Packing Problems",
        "organization": null,
        "abstract": NaN,
        "conf": "Theory and Applications of Models of Computation",
        "email": null,
        "coauthors": [
            "qilong feng",
            "songjian lu",
            "jianxin wang"
        ],
        "keywords": null,
        "title_embedding": [],
        "abstract_embedding": []
    },
    {
        "id": 6464,
        "label": 1149,
        "title": "Improved Algorithms for the Feedback Vertex Set Problems",
        "organization": null,
        "abstract": NaN,
        "conf": "Workshop on Algorithms and Data Structures",
        "email": null,
        "coauthors": [
            "jianer chen",
            "fedor v. fomin",
            "songjian lu",
            "yngve villanger"
        ],
        "keywords": "Feedback Vertex Set,",
        "title_embedding": [],
        "abstract_embedding": []
    },
    {
        "id": 6465,
        "label": 1149,
        "title": "An Improved SAT Algorithm in Terms of Formula Length",
        "organization": null,
        "abstract": NaN,
        "conf": "Workshop on Algorithms and Data Structures",
        "email": null,
        "coauthors": [
            "jianer chen"
        ],
        "keywords": null,
        "title_embedding": [],
        "abstract_embedding": []
    },
    {
        "id": 6466,
        "label": 1149,
        "title": "An Improved Parameterized Algorithm for the Minimum Node Multiway Cut Problem",
        "organization": null,
        "abstract": NaN,
        "conf": "Algorithmica",
        "email": null,
        "coauthors": [
            "jianer chen",
            "songjian lu"
        ],
        "keywords": "parameterized algorithm,",
        "title_embedding": [],
        "abstract_embedding": []
    },
    {
        "id": 6467,
        "label": 1149,
        "title": "An Improved Parameterized Algorithm for the Minimum Node Multiway Cut Problem",
        "organization": null,
        "abstract": NaN,
        "conf": "Algorithmica",
        "email": null,
        "coauthors": [
            "jianer chen",
            "songjian lu"
        ],
        "keywords": "parameterized algorithm,",
        "title_embedding": [],
        "abstract_embedding": []
    },
    {
        "id": 6468,
        "label": 1149,
        "title": "On Feedback Vertex Set, New Measure and New Structures",
        "organization": null,
        "abstract": "We study the parameterized complexity of the {\\sc feedback vertex set} problem ({\\sc fvs}) on undirected graphs. We approach the problem by considering a variation of it, the {\\sc disjoint feedback vertex set} problem ({\\sc disjoint-fvs}), which finds a disjoint feedback vertex set of size $k$ when a feedback vertex set of a graph is given. We show that {\\sc Feedback Vertex Set;parameterized algorithm;parameterized complexity;Polynomial Time; Computing Research Repository http://arxiv.org/abs/1004.1672,http://www.informatik.uni-trier.de/~ley/db/journals/corr/corr1004.html#abs-1004-1672 2010",
        "conf": NaN,
        "email": null,
        "coauthors": [
            "yixin cao",
            "jianer chen"
        ],
        "keywords": null,
        "title_embedding": [],
        "abstract_embedding": []
    },
    {
        "id": 6469,
        "label": 1149,
        "title": "A fixed-parameter algorithm for the directed feedback vertex set problem",
        "organization": null,
        "abstract": "The (parameterized) feedback vertex set problem on di- rected graphs, which we refer to as the dfvs problem, is dened as follows: given a directed graph",
        "conf": "Journal of The ACM",
        "email": null,
        "coauthors": [
            "jianer chen",
            "songjian lu",
            "barry o'sullivan",
            "igor razgon"
        ],
        "keywords": "Directed Graph,Feedback Vertex Set,",
        "title_embedding": [],
        "abstract_embedding": []
    },
    {
        "id": 6470,
        "label": 1149,
        "title": "Improved algorithms for feedback vertex set problems",
        "organization": null,
        "abstract": NaN,
        "conf": "Journal of Computer and System Sciences",
        "email": null,
        "coauthors": [
            "jianer chen",
            "fedor v. fomin",
            "songjian lu",
            "yngve villanger"
        ],
        "keywords": "Feedback Vertex Set,",
        "title_embedding": [],
        "abstract_embedding": []
    },
    {
        "id": 6471,
        "label": 1150,
        "title": "Developing Model Checkers Using PAT",
        "organization": null,
        "abstract": NaN,
        "conf": "Automated Technology for Verification and Analysis",
        "email": null,
        "coauthors": [
            "jun sun",
            "jin song dong"
        ],
        "keywords": null,
        "title_embedding": [],
        "abstract_embedding": []
    },
    {
        "id": 6472,
        "label": 1150,
        "title": "Model Checking Linearizability via Refinement",
        "organization": null,
        "abstract": "Linearizability is an important correctness criterion for implementa- tions of concurrent objects. Automatic checking of linearizability is challenging because it requires checking that 1) all executions of concurrent operations be serializable, and 2) the serialized executions be correct with respect to the se- quential semantics. This paper describes a new method to automatically check linearizability based on renement relations from",
        "conf": "World Congress on Formal Methods",
        "email": null,
        "coauthors": [
            "wei chen",
            "yanhong a. liu",
            "jun sun"
        ],
        "keywords": "Concurrent Process,Model Checking,Search Space,Partial Order,",
        "title_embedding": [],
        "abstract_embedding": []
    },
    {
        "id": 6473,
        "label": 1150,
        "title": "Verification of Computation Orchestration Via Timed Automata",
        "organization": null,
        "abstract": "Recently, a promising programming model called Orc has been pro- posed to support a structured way of orchestrating distributed web services. Orc is intuitive because it offers concise constructors to manage concurrent commu- nication, time-outs, priorities, failure of sites or communication and so forth. The semantics of Orc is also precisely defined. However, there is no verification tool available to",
        "conf": "IEEE International Conference on Formal Engineering Methods",
        "email": null,
        "coauthors": [
            "jin song dong",
            "jun sun",
            "xian zhang"
        ],
        "keywords": "Maturity Model,Model Checking,Operational Semantics,Programming Model,Timed Automata,Tool Support,Web Service,",
        "title_embedding": [],
        "abstract_embedding": []
    },
    {
        "id": 6474,
        "label": 1150,
        "title": "Scalable Multi-core Model Checking Fairness Enhanced Systems",
        "organization": null,
        "abstract": "Rapid development in hardware industry has brought the prevalence of multi-core systems with shared-memory, which enabled the speedup of various tasks by using parallel algorithms. The Linear Tempo- ral Logic (LTL) model checking problem is one of the difficult problems to be parallelized or scaled up to multi-core. In this work, we propose an on- the-fly parallel model checking algorithm",
        "conf": "IEEE International Conference on Formal Engineering Methods",
        "email": null,
        "coauthors": [
            "jun sun",
            "jin song dong"
        ],
        "keywords": "Automated Verification,Detection Algorithm,Model Checking,Parallel Algorithm,Parallel Models,Partial Order Reduction,Scaling Up,Search Space,Shared Memory,State Space Reduction,Strongly Connected Component,On The Fly,",
        "title_embedding": [],
        "abstract_embedding": []
    },
    {
        "id": 6475,
        "label": 1150,
        "title": "An analyzer for extended compositional process algebras",
        "organization": null,
        "abstract": "System simulation and verification become more demanding as complexity grows. PAT is developed as an interactive system to support composing, simulating and reasoning of process algebra with various extensions like fairness events, global variables and parameterized processes. PAT provides user friendly interfaces to support system modeling and simulation. Furthermore, it embeds two complementing model checking techniques catering for different systems",
        "conf": "International Conference on Software Engineering",
        "email": null,
        "coauthors": [
            "jun sun",
            "jin song dong"
        ],
        "keywords": "Interactive System,Linear Temporal Logic,Model Checking,Modeling and Simulation,Sat Solver,Support System,System Modeling,System Simulation,On The Fly,Process Algebra,",
        "title_embedding": [],
        "abstract_embedding": []
    },
    {
        "id": 6476,
        "label": 1150,
        "title": "Formal Verification of Scalable NonZero Indicators",
        "organization": null,
        "abstract": "Concurrent algorithms are notoriously difficult to design correctly, and high performance algorithms that make little or no use of locks even more so. In this paper, we describe a formal verification of a recent concurrent data structure Scalable NonZero Indicators. The algorithm supports in- crementing, decrementing, and querying the shared counter in an efficient and linearizable way without blocking. The",
        "conf": "Software Engineering and Knowledge Engineering",
        "email": null,
        "coauthors": [
            "shao jie zhang",
            "jun sun",
            "jin song dong",
            "wei chen",
            "yanhong a. liu"
        ],
        "keywords": "Concurrent Data Structures,Formal Verification,Model Checking,",
        "title_embedding": [],
        "abstract_embedding": []
    },
    {
        "id": 6477,
        "label": 1150,
        "title": "Discovering Anomalies in Semantic Web Rules",
        "organization": null,
        "abstract": NaN,
        "conf": NaN,
        "email": null,
        "coauthors": [
            "yuzhang feng",
            "yuan-fang li",
            "daqing zhang"
        ],
        "keywords": null,
        "title_embedding": [],
        "abstract_embedding": []
    },
    {
        "id": 6478,
        "label": 1150,
        "title": "Model Checking a Lazy Concurrent List-Based Set Algorithm",
        "organization": null,
        "abstract": NaN,
        "conf": NaN,
        "email": null,
        "coauthors": [
            "shao jie zhang"
        ],
        "keywords": "Model Checking,",
        "title_embedding": [],
        "abstract_embedding": []
    },
    {
        "id": 6479,
        "label": 1150,
        "title": "Modeling and Analyzing Timed Security Protocols Using Extended Timed CSP",
        "organization": null,
        "abstract": NaN,
        "conf": NaN,
        "email": null,
        "coauthors": [
            "xian zhang",
            "mikhail auguston"
        ],
        "keywords": "Security Protocol,",
        "title_embedding": [],
        "abstract_embedding": []
    },
    {
        "id": 6480,
        "label": 1150,
        "title": "Verification of Population Ring Protocols in PAT",
        "organization": null,
        "abstract": NaN,
        "conf": "Theoretical Aspects of Software Engineering",
        "email": null,
        "coauthors": [
            "jun pang",
            "jun sun",
            "jianhua zhao"
        ],
        "keywords": null,
        "title_embedding": [],
        "abstract_embedding": []
    },
    {
        "id": 6481,
        "label": 1150,
        "title": "Algorithmic Design Using Object-Z for Twig XML Queries Evaluation",
        "organization": null,
        "abstract": NaN,
        "conf": "Electronic Notes in Theoretical Computer Science",
        "email": null,
        "coauthors": [
            "jun sun"
        ],
        "keywords": "Algorithm Design,Query Evaluation,",
        "title_embedding": [],
        "abstract_embedding": []
    }
]