[
    {
        "id": 6583,
        "label": 1166,
        "title": "Analyzing Security Protocols in Hierarchical Networks",
        "organization": null,
        "abstract": NaN,
        "conf": "Automated Technology for Verification and Analysis",
        "email": null,
        "coauthors": [
            "hanne riis nielson"
        ],
        "keywords": "Hierarchical Networks,Security Protocol,",
        "title_embedding": [],
        "abstract_embedding": []
    },
    {
        "id": 6584,
        "label": 1166,
        "title": "From generic to specific: off-line optimization for a general constraint solver",
        "organization": null,
        "abstract": "A general constraint solver simplifies the implementation of program analyses because constraint generation can then be separated from constraint solving. In return, a general solver often needs to sacrifice performance for generality. We describe a strategy that given a set of constraints first performs off-line optimizations (performed before the execution of the solver) which enable a solver to find (potential)",
        "conf": "Generative Programming and Component Engineering",
        "email": null,
        "coauthors": [
            "torben amtoft",
            "flemming nielson"
        ],
        "keywords": "Automatic Detection,Constraint Solving,Pointer Analysis,Program Analysis,",
        "title_embedding": [],
        "abstract_embedding": []
    },
    {
        "id": 6585,
        "label": 1166,
        "title": "A Scalable Inclusion Constraint Solver Using Unification",
        "organization": null,
        "abstract": NaN,
        "conf": "Logic Program Synthesis and Transformation",
        "email": null,
        "coauthors": [
            "flemming nielson"
        ],
        "keywords": null,
        "title_embedding": [],
        "abstract_embedding": []
    }
]