[
    {
        "id": 6587,
        "label": 1168,
        "title": "Fast Training of SVM via Morphological Clustering for Color Image Segmentation",
        "organization": null,
        "abstract": NaN,
        "conf": "International Conference on Intelligent Computing",
        "email": null,
        "coauthors": [
            "chen pan",
            "li liu",
            "lei fang"
        ],
        "keywords": "Color Image Segmentation,",
        "title_embedding": [],
        "abstract_embedding": []
    },
    {
        "id": 6588,
        "label": 1169,
        "title": "On-line Training of Neural Network for Color Image Segmentation",
        "organization": null,
        "abstract": NaN,
        "conf": "International Conference on Natural Computation",
        "email": null,
        "coauthors": [
            "chen pan",
            "li liu"
        ],
        "keywords": "Color Image Segmentation,Neural Network,",
        "title_embedding": [],
        "abstract_embedding": []
    },
    {
        "id": 6589,
        "label": 1170,
        "title": "Health monitoring of a shaft transmission system via hybrid models of PCR and PLS",
        "organization": null,
        "abstract": "Prediction of motor shaft misalignment is essential for the development of effective coupling and rotating equipment maintenance information systems. It can be stated as a multivariate regression problem with ill-posed data. In this paper, hybrid models of principal components regression (PCR) and partial least squares regression (PLS) have been proposed for this problem. The basic idea of hybrid models is",
        "conf": "SIAM International Conference on Data Mining",
        "email": null,
        "coauthors": [
            "hyun-woo cho",
            "myong kee jeong"
        ],
        "keywords": "Health Monitoring,Hybrid Model,Information System,Latent Variable,Multivariate Regression,Partial Least Square,Partial Least Square Regression,Principal Component,Principal Component Regression,",
        "title_embedding": [],
        "abstract_embedding": []
    }
]