[
    {
        "title": "Explanation-based Failure Recovery",
        "year": "1987",
        "authors": "Ajay Gupta",
        "venue": "AAAI",
        "id": "13048",
        "label": "0",
        "organization": "null"
    },
    {
        "title": "Time Representation in Prolog Circuit Modelling",
        "year": "1991",
        "authors": "Yossi Lichtenstein,Bob Welham,Ajay Gupta",
        "venue": "ALPUK",
        "id": "39153",
        "label": "0",
        "organization": "null"
    },
    {
        "title": "Optimal Deployment of Triggers for Detecting Events",
        "year": "2004",
        "authors": "Manish Bhide,Ajay Gupta,Mukul Joshi,Mukesh K. Mohania",
        "venue": "DEXA",
        "id": "149270",
        "label": "2",
        "organization": "null"
    },
    {
        "title": "Web Page Ranking Based on Events",
        "year": "2004",
        "authors": "Ajay Gupta,Manish Bhide,Mukesh K. Mohania",
        "venue": "EC-Web",
        "id": "175996",
        "label": "2",
        "organization": "null"
    },
    {
        "title": "AGATHA: An Integrated Expert System to Test and Diagnose Complex Personal Computer Boards",
        "year": "1991",
        "authors": "Daryl Allred,Yossi Lichtenstein,Chris Preist,Michael A. Bennett,Ajay Gupta",
        "venue": "IAAI",
        "id": "258611",
        "label": "0",
        "organization": "null"
    },
    {
        "title": "Management of Conflicting Obligations in Self-Protecting Policy-Based Systems",
        "year": "2005",
        "authors": "Rema Ananthanarayanan,Mukesh K. Mohania,Ajay Gupta",
        "venue": "ICAC",
        "id": "264268",
        "label": "2",
        "organization": "IBM India Res. Lab, New Delhi"
    },
    {
        "title": "Policy Framework for Autonomic Data Managemen",
        "year": "2004",
        "authors": "Manish Bhide,Ajay Gupta,Mukul Joshi,Mukesh K. Mohania,Shree Raman",
        "venue": "ICAC",
        "id": "264291",
        "label": "2",
        "organization": "null"
    },
    {
        "title": "Using Lagrangean Relaxation for Service Location Planning with QoS Constraints in Large-Scale Networks",
        "year": "2008",
        "authors": "Zill-E-Huma Kamal,Ala I. Al-Fuqaha,Ajay Gupta",
        "venue": "ICC",
        "id": "275987",
        "label": "4",
        "organization": "Dept. of Comput. Sci., Western Michigan Univ., Kalamazoo, MI"
    },
    {
        "title": "Mobility-Pattern-Based Anomaly Detection Algorithm in Mobile Networks",
        "year": "2008",
        "authors": "Chaoli Cai,Ajay Gupta",
        "venue": "ICC",
        "id": "276300",
        "label": "4",
        "organization": "null"
    },
    {
        "title": "Detection of Masquerade Attacks on Wireless Sensor Networks",
        "year": "2007",
        "authors": "Vijay Bhuse,Ajay Gupta,Ala I. Al-Fuqaha",
        "venue": "ICC",
        "id": "277587",
        "label": "4",
        "organization": "Western Michigan Univ., Kalamazoo"
    },
    {
        "title": "Dynamic Access Control Framework Based On Events",
        "year": "2003",
        "authors": "Manish Bhide,Sandeep Pandey,Ajay Gupta,Mukesh K. Mohania",
        "venue": "ICDE",
        "id": "299548",
        "label": "2",
        "organization": "null"
    },
    {
        "title": "Towards Bringing Database Management Task in the Realm of IT non-Experts",
        "year": "2003",
        "authors": "Ajay Gupta,Manish Bhide,Mukesh K. Mohania",
        "venue": "ICDE",
        "id": "300057",
        "label": "2",
        "organization": "IBM India Research Laboratory"
    },
    {
        "title": "Enhanced Business Intelligence using EROCS",
        "year": "2008",
        "authors": "Manish Bhide,V. Chakravarthy,Ajay Gupta,Himanshu Gupta,Mukesh K. Mohania,Kriti Puniyani,Prasan Roy,Sourashis Roy,Vibhuti S. Sengar",
        "venue": "ICDE",
        "id": "302056",
        "label": "2",
        "organization": "null"
    },
    {
        "title": "Hardware Diagnosis as Program Debugging",
        "year": "1987",
        "authors": "Ajay Gupta",
        "venue": "IJCAI",
        "id": "388794",
        "label": "0",
        "organization": "null"
    },
    {
        "title": "Efficient Design of Boltzmann Machines",
        "year": "1990",
        "authors": "Ajay Gupta,Wolfgang Maass",
        "venue": "NIPS",
        "id": "515636",
        "label": "7",
        "organization": "null"
    },
    {
        "title": "Policy Driven Data Administration",
        "year": "2002",
        "authors": "Vishal S. Batra,Jaijit Bhattacharya,Harish Chauhan,Ajay Gupta,Mukesh K. Mohania,Upendra Sharma",
        "venue": "POLICY",
        "id": "545651",
        "label": "2",
        "organization": "IBM India Res. Lab., Indian Inst. of Technol., Delhi"
    },
    {
        "title": "Clustering short texts using wikipedia",
        "year": "2007",
        "authors": "Somnath Banerjee,Krishnan Ramanathan,Ajay Gupta",
        "venue": "SIGIR",
        "id": "596099",
        "label": "0",
        "organization": "Hewlett-Packard Labs, Bangalore, India"
    },
    {
        "title": "LIPTUS: associating structured and unstructured information in a banking environment",
        "year": "2007",
        "authors": "Manish Bhide,Ajay Gupta,Rahul Gupta,Prasan Roy,Mukesh K. Mohania,Zenita Ichhaporia",
        "venue": "SIGMOD Conference",
        "id": "600181",
        "label": "2",
        "organization": "IBM India Research Lab, New Delhi, India"
    },
    {
        "title": "Retaining personal expression for social search",
        "year": "2009",
        "authors": "Praphul Chandra,Ajay Gupta",
        "venue": "WWW",
        "id": "675629",
        "label": "0",
        "organization": "HP, Bangalore, India"
    },
    {
        "title": "Some issues in privacy data management",
        "year": "2007",
        "authors": "Mukesh K. Mohania,Rema Ananthanarayanan,Ajay Gupta",
        "venue": "Data Knowl. Eng.",
        "id": "846439",
        "label": "2",
        "organization": "null"
    },
    {
        "title": "Mutual Exclusion on a Hypercube",
        "year": "1993",
        "authors": "Ajay Gupta,Steven C. Bruell,Sukumar Ghosh",
        "venue": "J. Parallel Distrib. Comput.",
        "id": "988870",
        "label": "3",
        "organization": "null"
    },
    {
        "title": "Multivariate Integration on Hypercubic and Mesh Networks",
        "year": "1998",
        "authors": "Elise de Doncker,Ajay K. Gupta",
        "venue": "Parallel Computing",
        "id": "1034401",
        "label": "4",
        "organization": "null"
    },
    {
        "title": "Power Consumption Analysis of Maximum A Posterior Classifier Using LU Decomposition and Jacobi Iterations",
        "year": "2008",
        "authors": "Zill-E-Huma Kamal,Ajay Gupta,Ashfaq A. Khokhar,Leszek Lilien",
        "venue": "IEEE Trans. Parallel Distrib. Syst.",
        "id": "1126381",
        "label": "4",
        "organization": "Western Michigan University, Kalamazoo"
    },
    {
        "title": "IT Infrastructure in Emerging Markets: Arguing for an End-to-End Perspective",
        "year": "2006",
        "authors": "Ajay Gupta,Parthasarathy Ranganathan,Prashant Sarin,Mehul A. Shah",
        "venue": "IEEE Pervasive Computing",
        "id": "1179332",
        "label": "0",
        "organization": "Hewlett Packard Labs"
    },
    {
        "title": "Power Efficient Algorithms for Computing Fast Fourier Transform over Wireless Sensor Networks",
        "year": "2006",
        "authors": "Turkmen Canli,Ajay Gupta,Ashfaq Khokhar",
        "venue": "AICCSA",
        "id": "1205032",
        "label": "4",
        "organization": "null"
    },
    {
        "title": "Enabling analysts in managed services for CRM analytics",
        "year": "2009",
        "authors": "Indrajit Bhattacharya,Shantanu Godbole,Ajay Gupta,Ashish Verma,Jeff Achtermann,Kevin English",
        "venue": "KDD",
        "id": "1212517",
        "label": "2",
        "organization": "IBM Research, New Delhi, India"
    },
    {
        "title": "Document Summarization using Wikipedia",
        "year": "2009",
        "authors": "Krishnan Ramanathan,Yogesh Sankarasubramaniam,Nidhi Mathur,Ajay Gupta",
        "venue": "Online Information Review",
        "id": "1265282",
        "label": "0",
        "organization": "null"
    },
    {
        "title": "Performance Indicators in a 802.11 WLAN Deployment.",
        "year": "2009",
        "authors": "Ajay Gupta,Prabhash Dhyani",
        "venue": "null",
        "id": "1316053",
        "label": "5",
        "organization": "Airtight Networks, Pune, India"
    },
    {
        "title": "Towards Automated Privacy Compliance in the Information Life Cycle",
        "year": "2008",
        "authors": "Rema Ananthanarayanan,Ajay Gupta,Mukesh Mohania",
        "venue": "Advances in Web Semantics I: Ontologies, Web Services and Applied Semantic Web",
        "id": "1384744",
        "label": "2",
        "organization": "IBM India Research Lab, New Delhi, India 110 070"
    },
    {
        "title": "Simulation and Detection of Self-Propagating Worms and Viruses",
        "year": "2008",
        "authors": "Ajay Gupta",
        "venue": "null",
        "id": "1393934",
        "label": "6",
        "organization": "null"
    },
    {
        "title": "A workstation's communication performance benchmark",
        "year": "1996",
        "authors": "Kurt Maly,Ajay Gupta,Satish Mynam",
        "venue": "Selected proceedings of the IFIP TC6 9th international workshop on Testing of communicating systems",
        "id": "1398544",
        "label": "8",
        "organization": "null"
    },
    {
        "title": "Synchronization in distributed systems",
        "year": "1989",
        "authors": "Ajay Gupta",
        "venue": "null",
        "id": "1490190",
        "label": "3",
        "organization": "null"
    },
    {
        "title": "Large&mdash;scale parallel numerical integration",
        "year": "1999",
        "authors": "Elise de Doncker,Ajay Gupta,Rodger R. Zanny",
        "venue": "Journal of Computational and Applied Mathematics",
        "id": "1549674",
        "label": "4",
        "organization": "null"
    },
    {
        "title": "A method for the efficient design of Boltzmann machines for classification problems",
        "year": "1990",
        "authors": "Ajay Gupta,Wolfgang Maass",
        "venue": "Proceedings of the 1990 conference on Advances in neural information processing systems 3",
        "id": "1671104",
        "label": "7",
        "organization": "null"
    },
    {
        "title": "On the complexity of computation and learning in neural networks",
        "year": "1991",
        "authors": "Ajay Gupta",
        "venue": "null",
        "id": "1678096",
        "label": "7",
        "organization": "null"
    },
    {
        "title": "Hack I.T.: security through penetration testing",
        "year": "2002",
        "authors": "T. J. Klevinsky,Scott Laliberte,Ajay Gupta",
        "venue": "null",
        "id": "1739014",
        "label": "1",
        "organization": "null"
    }
]