[
    {
        "title": "A predictive empirical model for pricing and resource allocation decisions",
        "year": "2007",
        "authors": "Wolfgang Ketter,John Collins,Maria L. Gini,Paul R. Schrater,Alok Gupta",
        "venue": "ICEC",
        "id": "6156",
        "label": "0",
        "organization": "University of Minnesota, Minneapolis, MN"
    },
    {
        "title": "CAD for polyp detection: an invaluable tool to meet the increasing need for colon-cancer screening",
        "year": "2004",
        "authors": "Pascal Cathier,Senthil Periaswamy,Anna K. Jerebko,Murat Dundar,J. Liang,Glenn Fung,Jonathan Stoeckel,T. Venkata,R. Amara,Arun Krishnan,R. Bharat Rao,Alok Gupta,E. Vega,Shaked Laks,A. Megibow,Michael Macari,Luca Bogoni",
        "venue": "CARS",
        "id": "75871",
        "label": "1",
        "organization": "null"
    },
    {
        "title": "Semantics and CBIR: a medical imaging perspective",
        "year": "2008",
        "authors": "Xiang Sean Zhou,Sonja Zillner,Manuel Moller,Michael Sintek,Yiqiang Zhan,Arun Krishnan,Alok Gupta",
        "venue": "CIVR",
        "id": "98546",
        "label": "1",
        "organization": "Siemens Medical Solutions, Malvern, PA, USA"
    },
    {
        "title": "Motion estimation using ordinal measures",
        "year": "1997",
        "authors": "Dinkar N. Bhat,Shree K. Nayar,Alok Gupta",
        "venue": "CVPR",
        "id": "127535",
        "label": "1",
        "organization": "Columbia Univ., New York, NY"
    },
    {
        "title": "The use of hybrid models to recover cardiac wall motion in tagged MR images",
        "year": "1996",
        "authors": "Gareth Funka-Lea,Alok Gupta",
        "venue": "CVPR",
        "id": "127901",
        "label": "1",
        "organization": "Siemens Corp. Res. Inc., Princeton, NJ"
    },
    {
        "title": "Database-Guided Segmentation of Anatomical Structures with Complex Appearance",
        "year": "2005",
        "authors": "Bogdan Georgescu,Xiang Sean Zhou,Dorin Comaniciu,Alok Gupta",
        "venue": "CVPR (2)",
        "id": "127961",
        "label": "1",
        "organization": "Integrated Data Syst. Dept., Siemens Corp. Res. Inc., Princeton, NJ, USA"
    },
    {
        "title": "Multi-Modality Model-Based Registration in the Cardiac Domain",
        "year": "2000",
        "authors": "Thomas O'Donnell,Shmuel Aharon,Alok Gupta,Gareth Funka-Lea,Sandra Simon Halliburton,Richard D. White",
        "venue": "CVPR",
        "id": "128702",
        "label": "1",
        "organization": "Dept. of Imaging & Visualization, Siemens Corp. Res. Inc., Princeton, NJ"
    },
    {
        "title": "Global Models with Parametric Offsets as Applied to Cardiac Motion Recovery",
        "year": "1996",
        "authors": "Thomas O'Donnell,Terrance E. Boult,Alok Gupta",
        "venue": "CVPR",
        "id": "128704",
        "label": "1",
        "organization": "Siemens Corp. Res. Inc., Princeton, NJ"
    },
    {
        "title": "A Unified Framework for Uncertainty Propagation in Automatic Shape Tracking",
        "year": "2004",
        "authors": "Xiang Sean Zhou,Dorin Comaniciu,Binglong Xie,R. Cruceanu,Alok Gupta",
        "venue": "CVPR (1)",
        "id": "129556",
        "label": "1",
        "organization": "null"
    },
    {
        "title": "A new model for the recovery of cylindrical structures from medical image data",
        "year": "1997",
        "authors": "Thomas O'Donnell,Alok Gupta,Terrance E. Boult",
        "venue": "CVRMed",
        "id": "130811",
        "label": "1",
        "organization": "null"
    },
    {
        "title": "Economic Analysis of Consumer Purchase Intentions in Electronic and Traditional Retail Channels: Competitive and Strategic Implications",
        "year": "2004",
        "authors": "Bo-chiuan Su,Alok Gupta,Zhiping D. Walter",
        "venue": "EEE",
        "id": "178445",
        "label": "0",
        "organization": "Dept. of Inf., Nat. Central Univ., Chung-li, Taiwan"
    },
    {
        "title": "Understanding Patterns of Technology Evolution: An Ecosystem Perspective",
        "year": "2006",
        "authors": "Gediminas Adomavicius,Jesse Bockstedt,Alok Gupta,Robert J. Kauffman",
        "venue": "HICSS",
        "id": "243208",
        "label": "0",
        "organization": "University of Minnesota"
    },
    {
        "title": "Simulating Online Yankee Auctions to Optimize Sellers Revenue",
        "year": "2001",
        "authors": "Ravi Bapna,Paulo B. Goes,Alok Gupta",
        "venue": "HICSS",
        "id": "243446",
        "label": "0",
        "organization": "MIS Area, Northeastern Univ., Boston, MA, USA"
    },
    {
        "title": "Minitrack Introduction",
        "year": "2002",
        "authors": "Ram D. Gopal,Alok Gupta",
        "venue": "HICSS",
        "id": "245052",
        "label": "0",
        "organization": "null"
    },
    {
        "title": "Identifying Facilitators and Inhibitors of Market Structure Change: A Hybrid Theory of Unbiased Electronic Markets",
        "year": "2005",
        "authors": "Nelson F. Granados,Alok Gupta,Robert J. Kauffman",
        "venue": "HICSS",
        "id": "245078",
        "label": "0",
        "organization": "U. Minnesota, Minneapolis, MN"
    },
    {
        "title": "Ethical, Legal and Economic Issues in the Digital Economy: Intellectual Property Rights, Piracy, Trust, Security and Privacy: Minitrack Introduction",
        "year": "2004",
        "authors": "Alok Gupta,Ramnath K. Chellappa",
        "venue": "HICSS",
        "id": "245146",
        "label": "0",
        "organization": "null"
    },
    {
        "title": "Mini Track: 'Ethical, Legal and Economic Issues in the Digital Economy: Intellectual Property Rights, Piracy, Trust, Security and Privacy",
        "year": "2005",
        "authors": "Alok Gupta,Ramnath K. Chellappa",
        "venue": "HICSS",
        "id": "245147",
        "label": "0",
        "organization": "University of Minnesota"
    },
    {
        "title": "Minitrack Introduction",
        "year": "2006",
        "authors": "Alok Gupta,Ramnath K. Chellappa",
        "venue": "HICSS",
        "id": "245148",
        "label": "0",
        "organization": "null"
    },
    {
        "title": "Do Firm RD Investments Drive Decisions to Join? On the Value of Standard-Setting Organizations in the Consumer Electronics Industry",
        "year": "2008",
        "authors": "Alok Gupta,Robert J. Kauffman,Amy Ping Wu",
        "venue": "HICSS",
        "id": "250166",
        "label": "0",
        "organization": "null"
    },
    {
        "title": "Optimal Polyline Tracking for Artery Motion Compensation in Coronary Angiography",
        "year": "1998",
        "authors": "Marie-Pierre Dubuisson-Jolly,Cheng-Chung Liang,Alok Gupta",
        "venue": "ICCV",
        "id": "293032",
        "label": "1",
        "organization": "null"
    },
    {
        "title": "A Cooperative Framework for Segmentation Using 2D Active Contours and 3D Hybrid Models as Applied to Branching Cylindrical Structures",
        "year": "1998",
        "authors": "Thomas O'Donnell,Marie-Pierre Dubuisson-Jolly,Alok Gupta",
        "venue": "ICCV",
        "id": "293548",
        "label": "1",
        "organization": "Siemens Corp. Res. Inc., Princeton, NJ"
    },
    {
        "title": "Insights and Analyses of Online Auctions",
        "year": "2001",
        "authors": "Ravi Bapna,Paulo B. Goes,Alok Gupta",
        "venue": "Commun. ACM",
        "id": "769820",
        "label": "0",
        "organization": "null"
    },
    {
        "title": "The Economics of Network Management",
        "year": "1999",
        "authors": "Alok Gupta,Dale O. Stahl,Andrew B. Whinston",
        "venue": "Commun. ACM",
        "id": "772504",
        "label": "0",
        "organization": "null"
    },
    {
        "title": "Understanding evolution in technology ecosystems",
        "year": "2008",
        "authors": "Gediminas Adomavicius,Jesse Bockstedt,Alok Gupta,Robert J. Kauffman",
        "venue": "Commun. ACM",
        "id": "777878",
        "label": "0",
        "organization": "null"
    },
    {
        "title": "Tracking Deformable Templates Using a Shortest Path Algorithm",
        "year": "2001",
        "authors": "Marie-Pierre Dubuisson-Jolly,Alok Gupta",
        "venue": "Computer Vision and Image Understanding",
        "id": "834923",
        "label": "1",
        "organization": "null"
    },
    {
        "title": "Comparative analysis of multi-item online auctions: evidence from the laboratory",
        "year": "2001",
        "authors": "Ravi Bapna,Paulo B. Goes,Alok Gupta",
        "venue": "Decision Support Systems",
        "id": "857030",
        "label": "0",
        "organization": "null"
    },
    {
        "title": "Database design in the modern organization - identifying robust structures under changing query patterns and arrival rate conditions",
        "year": "2004",
        "authors": "Andrew N. K. Chen,Paulo B. Goes,Alok Gupta,James R. Marsden",
        "venue": "Decision Support Systems",
        "id": "857122",
        "label": "0",
        "organization": "null"
    },
    {
        "title": "Risk profile and consumer shopping behavior in electronic and traditional channels",
        "year": "2004",
        "authors": "Alok Gupta,Bo-chiuan Su,Zhiping D. Walter",
        "venue": "Decision Support Systems",
        "id": "857128",
        "label": "0",
        "organization": "Department of Information and Decision Sciences, Carlson School of Management, University of Minnesota, 321-19th Avenue South, Minneapolis, MN"
    },
    {
        "title": "Segmentation of range images as the search for geometric parametric models",
        "year": "1995",
        "authors": "Ales Leonardis,Alok Gupta,Ruzena Bajcsy",
        "venue": "International Journal of Computer Vision",
        "id": "908368",
        "label": "1",
        "organization": "null"
    },
    {
        "title": "Managing computing resources in active intranets",
        "year": "2002",
        "authors": "Ramnath K. Chellappa,Alok Gupta",
        "venue": "Int. Journal of Network Management",
        "id": "914082",
        "label": "0",
        "organization": "Treibick Electronic Commerce Initiative, University of Connecticut, USA"
    },
    {
        "title": "Predicting Bidders' Willingness to Pay in Online Multiunit Ascending Auctions: Analytical and Empirical Insights",
        "year": "2008",
        "authors": "Ravi Bapna,Paulo B. Goes,Alok Gupta,Gilbert G. Karuga",
        "venue": "INFORMS Journal on Computing",
        "id": "924291",
        "label": "0",
        "organization": "Information and Decision Sciences, Carlson School of Management, University of Minnesota, Minneapolis, Minnesota 55455"
    },
    {
        "title": "Streamlining the Digital Economy: How to Avert a Tragedy of the Commons",
        "year": "1997",
        "authors": "Alok Gupta,Boris Jukic,Manoj Parameswaran,Dale O. Stahl,Andrew B. Whinston",
        "venue": "IEEE Internet Computing",
        "id": "928710",
        "label": "0",
        "organization": "null"
    },
    {
        "title": "IT-enabled transparent electronic markets: the case of the air travel industry",
        "year": "2007",
        "authors": "Nelson F. Granados,Alok Gupta,Robert J. Kauffman",
        "venue": "Inf. Syst. E-Business Management",
        "id": "943318",
        "label": "0",
        "organization": "null"
    },
    {
        "title": "Color and texture fusion: application to aerial image segmentation and GIS updating",
        "year": "2000",
        "authors": "Marie-Pierre Dubuisson-Jolly,Alok Gupta",
        "venue": "Image Vision Comput.",
        "id": "946267",
        "label": "1",
        "organization": "Siemens Corp. Res. Inc., Princeton, NJ"
    },
    {
        "title": "User Heterogeneity and its Impact on Electronic Auction Market Design: An Empirical Exploration1Research Essays",
        "year": "2004",
        "authors": "Ravi Bapna,Paulo B. Goes,Alok Gupta,Yiwei Jin",
        "venue": "MIS Quarterly",
        "id": "1008965",
        "label": "0",
        "organization": "null"
    },
    {
        "title": "Introduction to the Special Issue on Innovative Applications of Computer Vision",
        "year": "2002",
        "authors": "Bir Bhanu,Terrance E. Boult,Alok Gupta,David Michael",
        "venue": "Mach. Vis. Appl.",
        "id": "1017315",
        "label": "1",
        "organization": "null"
    },
    {
        "title": "Dynamic Programming for Detecting, Tracking, and Matching Deformable Contours",
        "year": "1995",
        "authors": "Davi Geiger,Alok Gupta,Luiz A. Costa,John Vlontzos",
        "venue": "IEEE Trans. Pattern Anal. Mach. Intell.",
        "id": "1031648",
        "label": "1",
        "organization": "Courant Inst. of Math. Sci., New York Univ., NY"
    },
    {
        "title": "An Information Fusion Framework for Robust Shape Tracking",
        "year": "2005",
        "authors": "Xiang Sean Zhou,Dorin Comaniciu,Alok Gupta",
        "venue": "IEEE Trans. Pattern Anal. Mach. Intell.",
        "id": "1033548",
        "label": "1",
        "organization": "Integrated Data Syst. Dept., Siemens Corp. Res., Princeton, NJ, USA"
    },
    {
        "title": "Heuristics for selecting robust database structures with dynamic query patterns",
        "year": "2006",
        "authors": "Andrew N. K. Chen,Paulo B. Goes,Alok Gupta,James R. Marsden",
        "venue": "European Journal of Operational Research",
        "id": "1160222",
        "label": "0",
        "organization": "null"
    },
    {
        "title": "Designing online selling mechanisms: Transparency levels and prices",
        "year": "2008",
        "authors": "Nelson F. Granados,Alok Gupta,Robert J. Kauffman",
        "venue": "Decision Support Systems",
        "id": "1270693",
        "label": "0",
        "organization": "null"
    },
    {
        "title": "Integrating User Preferences and Real-Time Workload in Information Services",
        "year": "2000",
        "authors": "Prabhudev Konana,Alok Gupta,Andrew B. Whinston",
        "venue": "Synthesis Lectures on Computer Graphics and Animation",
        "id": "1289068",
        "label": "0",
        "organization": "null"
    },
    {
        "title": "Toward Comprehensive Real-Time Bidder Support in Iterative Combinatorial Auctions",
        "year": "2005",
        "authors": "Gediminas Adomavicius,Alok Gupta",
        "venue": "Synthesis Lectures on Computer Graphics and Animation",
        "id": "1289222",
        "label": "0",
        "organization": "null"
    },
    {
        "title": "Replicating Online Yankee Auctions to Analyze Auctioneers' and Bidders' Strategies",
        "year": "2003",
        "authors": "Ravi Bapna,Paulo B. Goes,Alok Gupta",
        "venue": "Synthesis Lectures on Computer Graphics and Animation",
        "id": "1289251",
        "label": "0",
        "organization": "null"
    },
    {
        "title": "Designing Intelligent Software Agents for Auctions with Limited Information Feedback.",
        "year": "2009",
        "authors": "Gediminas Adomavicius,Alok Gupta,Dmitry Zhdanov",
        "venue": "Information Systems Research",
        "id": "1346490",
        "label": "0",
        "organization": "Carlson School of Management, University of Minnesota, Minneapolis, Minnesota 55455"
    },
    {
        "title": "Priority pricing of integrated services networks",
        "year": "1997",
        "authors": "Alok Gupta,Dale O. Stahl,Andrew B. Whinston",
        "venue": "Internet economics",
        "id": "1398164",
        "label": "0",
        "organization": "null"
    },
    {
        "title": "Auctioning Vertically Integrated Online Services: Computational Approaches for Real-Time Allocation",
        "year": "2008",
        "authors": "Ravi Bapna,Paulo Goes,Alok Gupta",
        "venue": "Journal of Management Information Systems",
        "id": "1428540",
        "label": "0",
        "organization": "Information and Decision Sciences (IDSc) Department at Carlson School of Management, University of Minnesota"
    },
    {
        "title": "Business Computing",
        "year": "2009",
        "authors": "Gediminas Adomavicius,Alok Gupta",
        "venue": "null",
        "id": "1429130",
        "label": "0",
        "organization": "null"
    },
    {
        "title": "Volumetric segmentation of range images of 3D objects using superquadric models",
        "year": "1993",
        "authors": "Alok Gupta,Ruzena Bajcsy",
        "venue": "CVGIP: Image Understanding",
        "id": "1503505",
        "label": "1",
        "organization": "null"
    },
    {
        "title": "Managing computing resources in intranets: an electronic commerce perspective",
        "year": "1998",
        "authors": "Alok Gupta,Dale O. Stahl,Andrew B. Whinston",
        "venue": "Decision Support Systems",
        "id": "1549982",
        "label": "0",
        "organization": "null"
    },
    {
        "title": "Special issue on economics of electronic commerce",
        "year": "1998",
        "authors": "Andrew B. Whinston,Alok Gupta",
        "venue": "Decision Support Systems",
        "id": "1555164",
        "label": "0",
        "organization": "Univ. of Connecticut, Storrs"
    },
    {
        "title": "Research issues in real-time DBMS in the context of electronic commerce",
        "year": "1996",
        "authors": "Prabhudev Konana,Alok Gupta,Andrew B. Whinston",
        "venue": "Proceedings of the workshop on on Databases: active and real-time",
        "id": "1574829",
        "label": "0",
        "organization": "Univ. of Connecticut, Storrs"
    },
    {
        "title": "Technology roles and paths of influence in an ecosystem model of technology evolution",
        "year": "2007",
        "authors": "Gediminas Adomavicius,Jesse C. Bockstedt,Alok Gupta,Robert J. Kauffman",
        "venue": "Information Technology and Management",
        "id": "1604377",
        "label": "0",
        "organization": "Information and Decision Sciences, Carlson School of Management, University of Minnesota, Minneapolis, USA 55455"
    },
    {
        "title": "Digital signature: use and modification to achieve success in next generational e-business processes",
        "year": "2004",
        "authors": "Alok Gupta,Y. Alex Tung,James R. Marsden",
        "venue": "Information and Management",
        "id": "1612835",
        "label": "0",
        "organization": "Department of Information and Decision Sciences, Carlson School of Management, University of Minnesota, Minneapolis, MN"
    },
    {
        "title": "Estimating Internet Users' Demand Characteristics",
        "year": "2001",
        "authors": "Alok Gupta,Boris Jukic,Mingzhi Li,Dale O. Stahl,Andrew B. Whinston",
        "venue": "Computational Economics",
        "id": "1620182",
        "label": "0",
        "organization": "OPIM Department, University of Connecticut, U.S.A."
    },
    {
        "title": "Segmentation versus object representation&mdash;are they separable?",
        "year": "1989",
        "authors": "Ruzena Bajcsy,Franc Solina,Alok Gupta",
        "venue": "Analysis and interpretation of range images",
        "id": "1638738",
        "label": "1",
        "organization": "null"
    },
    {
        "title": "Surface and volumetric segmentation of complex 3-D objects using parametric shape models",
        "year": "1991",
        "authors": "Alok Gupta",
        "venue": "null",
        "id": "1661820",
        "label": "1",
        "organization": "null"
    },
    {
        "title": "Editorial: introduction to the special issue on innovative applications of computer vision",
        "year": "2002",
        "authors": "Bir Bhanu,Alok Gupta",
        "venue": "Machine Vision and Applications",
        "id": "1703314",
        "label": "1",
        "organization": "Siemens Corporate Research Inc., David Michael, Cognex Corp."
    }
]