[
    {
        "title": "Using an end-to-end demonstration in an undergraduate grid computing course",
        "year": "2006",
        "authors": "Mark A. Holliday,Barry Wilkinson,James Ruff",
        "venue": "ACM Southeast Regional Conference",
        "id": "6805",
        "label": "0",
        "organization": "Univ. of North Carolina at Charlotte, Charlotte, NC"
    },
    {
        "title": "A consortium to promote distributed computing",
        "year": "2007",
        "authors": "Rahman Tashakkori,Barry L. Kurtz,Barry Wilkinson,Mark A. Holliday",
        "venue": "ACM Southeast Regional Conference",
        "id": "7190",
        "label": "0",
        "organization": "UNC Charlotte, Charlotte, NC"
    },
    {
        "title": "Collaborative and learning applications of grid technology and grid education",
        "year": "2005",
        "authors": "Oscar Ardaiz-Villanueva,Miguel L. Bote-Lorenzo,Amy W. Apon,Barry Wilkinson",
        "venue": "CCGRID",
        "id": "82588",
        "label": "0",
        "organization": "null"
    },
    {
        "title": "Experiences in teaching a geographically distributed undergraduate grid computing course",
        "year": "2005",
        "authors": "Barry Wilkinson,Mark A. Holliday,Clayton Ferner",
        "venue": "CCGRID",
        "id": "83176",
        "label": "0",
        "organization": "Dept. of Comput. Sci., North Carolina Univ., Charlotte, NC, USA"
    },
    {
        "title": "A Distributed Shared Memory Programming Course",
        "year": "2001",
        "authors": "Barry Wilkinson,Tanusree Pai,Meghana Miraj",
        "venue": "CCGRID",
        "id": "83177",
        "label": "0",
        "organization": "North Carolina Univ., Charlotte, NC"
    },
    {
        "title": "Applications of Rhombic Multiprocssors",
        "year": "1997",
        "authors": "Kenneth E. Hoganson,Barry Wilkinson,W. Homer Carlisle",
        "venue": "PDPTA",
        "id": "535713",
        "label": "0",
        "organization": "null"
    },
    {
        "title": "A geographically-distributed, assignment-structured undergraduate grid computing course",
        "year": "2005",
        "authors": "Mark A. Holliday,Barry Wilkinson,Jeffrey House,Samir Daoud,Clayton Ferner",
        "venue": "SIGCSE",
        "id": "590334",
        "label": "0",
        "organization": "Western Carolina University, Cullowhee, NC"
    },
    {
        "title": "Grid computing at the undergraduate level: can we do it?",
        "year": "2008",
        "authors": "Jens Mache,Amy W. Apon,Thomas Feilhauer,Barry Wilkinson",
        "venue": "SIGCSE",
        "id": "591678",
        "label": "0",
        "organization": "null"
    },
    {
        "title": "Towards a top-down approach to teaching an undergraduate grid computing course",
        "year": "2008",
        "authors": "Barry Wilkinson,Clayton Ferner",
        "venue": "SIGCSE",
        "id": "591708",
        "label": "0",
        "organization": "University of North Carolina Charlotte, Charlotte, NC, USA"
    },
    {
        "title": "Latency hiding by redundant processing: a technique for grid-enabled, iterative, synchronous parallel programs",
        "year": "2008",
        "authors": "Jeremy F. Villalobos,Barry Wilkinson",
        "venue": "Mardi Gras Conference",
        "id": "711019",
        "label": "0",
        "organization": "University of North Carolina at Charlotte, Charlotte, NC"
    },
    {
        "title": "Comparative Performance of Overlapping Connectivity Multiprocessor Interconnection Networks",
        "year": "1991",
        "authors": "Barry Wilkinson",
        "venue": "Comput. J.",
        "id": "791900",
        "label": "0",
        "organization": "null"
    },
    {
        "title": "Teaching Grid Computing in North Carolina: Part I",
        "year": "2006",
        "authors": "Barry Wilkinson,Clayton Ferner",
        "venue": "IEEE Distributed Systems Online",
        "id": "856957",
        "label": "0",
        "organization": "University of North Carolina, Charlotte"
    },
    {
        "title": "Teaching Grid Computing in North Carolina: Part II",
        "year": "2006",
        "authors": "Barry Wilkinson,Clayton Ferner",
        "venue": "IEEE Distributed Systems Online",
        "id": "856958",
        "label": "0",
        "organization": "University of North Carolina at Charlotte"
    },
    {
        "title": "Cascaded Rhombic Crossbar Interconnection Networks",
        "year": "1990",
        "authors": "Barry Wilkinson",
        "venue": "J. Parallel Distrib. Comput.",
        "id": "989974",
        "label": "0",
        "organization": "null"
    },
    {
        "title": "Overlapping Connectivity Interconnection Networks for Shared Memory Multiproceessor Systems",
        "year": "1992",
        "authors": "Barry Wilkinson",
        "venue": "J. Parallel Distrib. Comput.",
        "id": "989975",
        "label": "0",
        "organization": "null"
    },
    {
        "title": "Comments on ``Design and Analysis of Arbitration Protocols'",
        "year": "1992",
        "authors": "Barry Wilkinson",
        "venue": "IEEE Trans. Computers",
        "id": "1082660",
        "label": "0",
        "organization": "null"
    },
    {
        "title": "On Crossbar Switch and Multiple Bus Interconnection Networks with Overlapping Connectivity",
        "year": "1992",
        "authors": "Barry Wilkinson",
        "venue": "IEEE Trans. Computers",
        "id": "1082661",
        "label": "0",
        "organization": "null"
    },
    {
        "title": "Pair-teaching a course on Grid computing from two campuses on NCREN",
        "year": "2009",
        "authors": "Clayton Ferner,Barry Wilkinson",
        "venue": "FECS",
        "id": "1243686",
        "label": "0",
        "organization": "null"
    },
    {
        "title": "Grid computing at the undergraduate level: can we do it?",
        "year": "2008",
        "authors": "Jens Ma he,Amy Apon,Thomas Feilhauer,Barry Wilkinson",
        "venue": "ACM SIGCSE Bulletin",
        "id": "1377667",
        "label": "0",
        "organization": "University of North Carolina Charlotte, Charlotte, NC, USA"
    },
    {
        "title": "Parallel programming: techniques and applications using networked workstations and parallel computers",
        "year": "1998",
        "authors": "Barry Wilkinson,Michael Allen",
        "venue": "null",
        "id": "1398344",
        "label": "0",
        "organization": "Univ. of North Carolina, Charlotte"
    },
    {
        "title": "Multiprocessor scheme with application to marco-dataflow",
        "year": "1987",
        "authors": "Abdulkarim Ayyad,Barry Wilkinson",
        "venue": "Microprocessors Microsystems",
        "id": "1437854",
        "label": "0",
        "organization": "Brighton Polytechnic, Brighton, UK"
    },
    {
        "title": "Digital system design",
        "year": "1986",
        "authors": "Barry Wilkinson",
        "venue": "null",
        "id": "1451978",
        "label": "0",
        "organization": "Brighton Polytechnic, Brighton, UK"
    },
    {
        "title": "Digital system design",
        "year": "1987",
        "authors": "Barry Wilkinson",
        "venue": "null",
        "id": "1466333",
        "label": "0",
        "organization": "null"
    },
    {
        "title": "Parallel Programming: Techniques and Applications Using Networked Workstations and Parallel Computers (2nd Edition)",
        "year": "2004",
        "authors": "Barry Wilkinson,Michael Allen",
        "venue": "null",
        "id": "1561672",
        "label": "0",
        "organization": "null"
    },
    {
        "title": "Comments on 'Design and Analysis of Arbitration Protocols' by F. El Guibaly",
        "year": "1992",
        "authors": "Barry Wilkinson",
        "venue": "IEEE Transactions on Computers",
        "id": "1663781",
        "label": "0",
        "organization": "Dept. of Comput. Sci., North Carolina Univ., Charlotte, NC"
    },
    {
        "title": "Overlapping connectivity interconnection networks for shared memory multiprocessor systems",
        "year": "1992",
        "authors": "Barry Wilkinson",
        "venue": "Journal of Parallel and Distributed Computing",
        "id": "1679734",
        "label": "0",
        "organization": "null"
    },
    {
        "title": "Computer architecture (2nd ed.): design and performance",
        "year": "1996",
        "authors": "Barry Wilkinson",
        "venue": "null",
        "id": "1719921",
        "label": "0",
        "organization": "Univ. of North Carolina, Charlotte"
    },
    {
        "title": "Digital System Design, 2nd Ed., 2nd edition",
        "year": "1992",
        "authors": "Barry Wilkinson",
        "venue": "null",
        "id": "1734430",
        "label": "0",
        "organization": "null"
    }
]