[
    {
        "title": "Visualizing a computer mediated communication (CMC) process to facilitate knowledge management",
        "year": "2002",
        "authors": "Bin Zhu",
        "venue": "CHI Extended Abstracts",
        "id": "89164",
        "label": "0",
        "organization": "University of Arizona, Tucson, AZ"
    },
    {
        "title": "Study on Agent-Based Parts Resource Application System for Commercial Design",
        "year": "2006",
        "authors": "Yantao Wang,Jia-guang Liu,Bin Zhu,Yifei Xing",
        "venue": "CSCWD",
        "id": "122630",
        "label": "2",
        "organization": "null"
    },
    {
        "title": "Research on Network-Based Collaborative Commodity Development",
        "year": "2007",
        "authors": "Yantao Wang,Hua Ying,Bin Zhu",
        "venue": "CSCWD (Selected Papers)",
        "id": "123166",
        "label": "2",
        "organization": "null"
    },
    {
        "title": "Image Completion from Low-Level Learning",
        "year": "2005",
        "authors": "Bin Zhu,H. D. Li",
        "venue": "DICTA",
        "id": "155712",
        "label": "3",
        "organization": "University of Adelaide"
    },
    {
        "title": "Create a Large-Scale Digital Library for Geo-Referenced Information",
        "year": "1999",
        "authors": "Bin Zhu,Marshall Ramsey,Hsinchun Chen,Roslin V. Hauck,Tobun D. Ng,Bruce R. Schatz",
        "venue": "ACM DL",
        "id": "157628",
        "label": "0",
        "organization": "null"
    },
    {
        "title": "A Novel Privacy and Copyright Protection Enforced Peer-to-Peer Network",
        "year": "2005",
        "authors": "Xiaoming Wang,Bin Zhu,Shipeng Li",
        "venue": "DRMTICS",
        "id": "160453",
        "label": "0",
        "organization": "null"
    },
    {
        "title": "Research on Emotional Vocabulary-Driven Personalized Music Retrieval",
        "year": "2008",
        "authors": "Bin Zhu,Tao Liu",
        "venue": "Edutainment",
        "id": "178141",
        "label": "5",
        "organization": "College of information science and technology, Zhejiang Shuren University, Hangzhou, P.R. China 310015"
    },
    {
        "title": "Integrating Data Quality Data into Decision-Making Process: An Information Visualization Approach",
        "year": "2007",
        "authors": "Bin Zhu,G. Shankar,Yu Cai",
        "venue": "HCI (8)",
        "id": "242089",
        "label": "0",
        "organization": "null"
    },
    {
        "title": "Multiresolution Video Watermarking Using Perceptual Models and Scene Segmentation",
        "year": "1997",
        "authors": "Mitchell D. Swanson,Bin Zhu,Ahmed H. Tewfik",
        "venue": "ICIP (2)",
        "id": "321538",
        "label": "6",
        "organization": "null"
    },
    {
        "title": "Data Hiding for Video-in-Video",
        "year": "1997",
        "authors": "Mitchell D. Swanson,Bin Zhu,Ahmed H. Tewfik",
        "venue": "ICIP (2)",
        "id": "321539",
        "label": "6",
        "organization": "null"
    },
    {
        "title": "Image Coding by Folding",
        "year": "1997",
        "authors": "Bin Zhu,Mitchell D. Swanson,Ahmed H. Tewfik",
        "venue": "ICIP (2)",
        "id": "322744",
        "label": "6",
        "organization": "null"
    },
    {
        "title": "Image coding with wavelet representations, edge information and visual masking",
        "year": "1995",
        "authors": "Bin Zhu,Ahmed H. Tewfik,M. A. Colestock,Omer Nezih Gerek,A. Enis Cetin",
        "venue": "ICIP",
        "id": "322745",
        "label": "6",
        "organization": "null"
    },
    {
        "title": "Support concept-based multimedia information retrieval: a knowledge management approach",
        "year": "1999",
        "authors": "Bin Zhu,Marshall Ramsey,Hsinchun Chen,Roslin V. Hauck,Tobun D. Ng,Bruce R. Schatz",
        "venue": "ICIS",
        "id": "327152",
        "label": "0",
        "organization": "Management Information Systems Department, University of Arizona"
    },
    {
        "title": "Current State of the Art - Challenges and Future Directions for Audio Watermarking",
        "year": "1999",
        "authors": "Mitchell D. Swanson,Bin Zhu,Ahmed H. Tewfik",
        "venue": "ICMCS, Vol. 1",
        "id": "331169",
        "label": "6",
        "organization": "null"
    },
    {
        "title": "Fuzzy Classifier with Probabilistic IF-THEN Rules",
        "year": "2007",
        "authors": "Hexin Lv,Bin Zhu,Yongchuan Tang",
        "venue": "IFSA (1)",
        "id": "385331",
        "label": "5",
        "organization": "College of Information Science and Technology, Zhejiang Shuren University, Hangzhou, Zhejiang Province, 310015, P.R. China"
    },
    {
        "title": "Conditional Dempster-Shafer Theory for Uncertain Knowledge Updating",
        "year": "2007",
        "authors": "Hexin Lv,Bin Zhu,Yongchuan Tang",
        "venue": "IFSA (1)",
        "id": "385376",
        "label": "5",
        "organization": "College of Information Science and Technology, Zhejiang Shuren University, Hangzhou, Zhejiang Province, 310015, P.R. China"
    },
    {
        "title": "Chaotic Simulated Annealing Neural Network with Decaying Chaotic Noise and Its Application in Economic Load Dispatch of Power Systems",
        "year": "2004",
        "authors": "Ya-lin Mao,Guo-zhong Zhang,Bin Zhu,Ming Zhou",
        "venue": "IRI",
        "id": "414173",
        "label": "9",
        "organization": "null"
    },
    {
        "title": "SVision: A Network Host-Centered Anomaly Visualization Technique",
        "year": "2005",
        "authors": "Iosif-Viorel Onut,Bin Zhu,Ali A. Ghorbani",
        "venue": "ISC",
        "id": "452918",
        "label": "8",
        "organization": "null"
    },
    {
        "title": "An Efficient Certified Email Protocol",
        "year": "2007",
        "authors": "Jun Shao,Min Feng,Bin Zhu,Zhenfu Cao",
        "venue": "ISC",
        "id": "452993",
        "label": "0",
        "organization": "null"
    },
    {
        "title": "Visualizing the archive of a computer mediated communication process",
        "year": "2002",
        "authors": "Bin Zhu,Hsinchun Chen",
        "venue": "JCDL",
        "id": "467920",
        "label": "0",
        "organization": "University of Arizona, Tucson, AZ"
    },
    {
        "title": "MedTextus: an intelligent web-based medical meta-search system",
        "year": "2002",
        "authors": "Bin Zhu,Gondy Leroy,Hsinchun Chen,Yongchi Chen",
        "venue": "JCDL",
        "id": "467926",
        "label": "0",
        "organization": "University of Arizona, Tucson, AZ"
    },
    {
        "title": "A novel visualization technique for network anomaly detection",
        "year": "2004",
        "authors": "Iosif-Viorel Onut,Bin Zhu,Ali A. Ghorbani",
        "venue": "PST",
        "id": "554827",
        "label": "8",
        "organization": "null"
    },
    {
        "title": "A Note on the Cramer-Damgard Identification Scheme",
        "year": "2005",
        "authors": "Yunlei Zhao,Shirley H. C. Cheung,Binyu Zang,Bin Zhu",
        "venue": "WINE",
        "id": "662548",
        "label": "11",
        "organization": "null"
    },
    {
        "title": "Enhanced Verification-Based Decoding for Packet-Based LDPC Codes over Wireless Channels",
        "year": "2008",
        "authors": "Bin Zhu,Defeng Huang,Sven Nordholm",
        "venue": "GLOBECOM",
        "id": "705583",
        "label": "10",
        "organization": "null"
    },
    {
        "title": "Automatic Numeric Control Programming System for Locators",
        "year": "2008",
        "authors": "Bin Zhu,Yongsheng Chai",
        "venue": "RAM",
        "id": "728083",
        "label": "13",
        "organization": "null"
    },
    {
        "title": "Refactoring Formal Specifications in Object-Z",
        "year": "2008",
        "authors": "Hui Liu,Bin Zhu",
        "venue": "CSSE (2)",
        "id": "728968",
        "label": "12",
        "organization": "null"
    },
    {
        "title": "Newsmap: a knowledge map for online news",
        "year": "2005",
        "authors": "Thian-Huat Ong,Hsinchun Chen,Wai-Ki Sung,Bin Zhu",
        "venue": "Decision Support Systems",
        "id": "857253",
        "label": "0",
        "organization": "Information System Department, School of Management, Boston University"
    },
    {
        "title": "Using 3D interfaces to facilitate the spatial knowledge retrieval: a geo-referenced knowledge repository system",
        "year": "2005",
        "authors": "Bin Zhu,Hsinchun Chen",
        "venue": "Decision Support Systems",
        "id": "857341",
        "label": "0",
        "organization": "Department of Information Systems, Boston University, Boston, MA"
    },
    {
        "title": "elpfulMed: Intelligent searching for medical information over the internet",
        "year": "2003",
        "authors": "Hsinchun Chen,Ann M. Lally,Bin Zhu,Michael Chau",
        "venue": "JASIST",
        "id": "955722",
        "label": "0",
        "organization": "null"
    },
    {
        "title": "A Collection of Visual Thesauri for Browsing Large Collections of Geographic Images",
        "year": "1999",
        "authors": "Marshall Ramsey,Hsinchun Chen,Bin Zhu,Bruce R. Schatz",
        "venue": "JASIS",
        "id": "956892",
        "label": "0",
        "organization": "null"
    },
    {
        "title": "Validating a geographical image retrieval system",
        "year": "2000",
        "authors": "Bin Zhu,Hsinchun Chen",
        "venue": "JASIS",
        "id": "957447",
        "label": "0",
        "organization": "null"
    },
    {
        "title": "A new one-and-half layer channel routing algorithm based on assigning resources for CMOS gate array",
        "year": "1993",
        "authors": "Bin Zhu,Xinya Wu,Wenjun Zhuang,Wai-Kai Chen",
        "venue": "IEEE Trans. on CAD of Integrated Circuits and Systems",
        "id": "1086444",
        "label": "14",
        "organization": "null"
    },
    {
        "title": "Creating a large-scale content-based airphoto image digital library",
        "year": "2000",
        "authors": "Bin Zhu,Marshall Ramsey,Hsinchun Chen",
        "venue": "IEEE Transactions on Image Processing",
        "id": "1102376",
        "label": "0",
        "organization": "null"
    },
    {
        "title": "Arithmetic coding with dual symbol sets and its performance analysis",
        "year": "1999",
        "authors": "Bin Zhu,En-Hui Yang,Ahmed H. Tewfik",
        "venue": "IEEE Transactions on Image Processing",
        "id": "1102378",
        "label": "6",
        "organization": "null"
    },
    {
        "title": "User-interface Design of Web Application Using Object-Z",
        "year": "2009",
        "authors": "Bin Zhu,Huaikou Miao,Bo Song",
        "venue": "ACIS-ICIS",
        "id": "1236191",
        "label": "1",
        "organization": "null"
    },
    {
        "title": "A management strategy for distributed data in collaborative design",
        "year": "2009",
        "authors": "Bin Zhu,Yantao Wang",
        "venue": "CSCWD",
        "id": "1240488",
        "label": "2",
        "organization": "School of Electromechanical Automobile Engineering, Yantai University, China"
    },
    {
        "title": "Communication-Garden System: Visualizing a computer-mediated communication process",
        "year": "2008",
        "authors": "Bin Zhu,Hsinchun Chen",
        "venue": "Decision Support Systems",
        "id": "1270651",
        "label": "0",
        "organization": "null"
    },
    {
        "title": "Alert Correlation for Extracting Attack Strategies",
        "year": "2006",
        "authors": "Bin Zhu,Ali A. Ghorbani",
        "venue": "Proceedings of the 38th conference on Winter simulation",
        "id": "1295857",
        "label": "8",
        "organization": "null"
    },
    {
        "title": "Study on Multidisciplinary Collaborative Design Based on Regression Analysis.",
        "year": "2009",
        "authors": "Bin Zhu,JieXin Zhang",
        "venue": "null",
        "id": "1322808",
        "label": "4",
        "organization": "null"
    },
    {
        "title": "Performance Analysis of Verification-Based Decoding for Packet-Based LDPC Codes over Binary Symmetric Channel.",
        "year": "2009",
        "authors": "Bin Zhu,Defeng Huang,Sven Nordholm",
        "venue": "null",
        "id": "1323602",
        "label": "10",
        "organization": "null"
    },
    {
        "title": "Research on Network-Based Collaborative Commodity Development",
        "year": "2008",
        "authors": "Yantao Wang,Hua Ying,Bin Zhu",
        "venue": "Computer Supported Cooperative Work in Design IV: 11th International Conference, CSCWD 2007, Melbourne, Australia, April 26-28, 2007. Revised Selected Papers",
        "id": "1383474",
        "label": "2",
        "organization": "The Center of Engineering Training, YanTai University, Yantai, P.R China 264005"
    },
    {
        "title": "Current State olf the Art, Challenges and Future Directions for Audio Watermarking",
        "year": "1999",
        "authors": "Mitchell D. Swanson,Bin Zhu,Ahmed H. Tewfik",
        "venue": "Proceedings of the IEEE International Conference on Multimedia Computing and Systems - Volume 2",
        "id": "1393224",
        "label": "6",
        "organization": "null"
    },
    {
        "title": "Creating a Large-Scale Digital Library for Georeferenced Information",
        "year": "1999",
        "authors": "Bin Zhu,Marshall Ramsey,Tobun D. Ng,Hsinchun Chen,Bruce Schatz",
        "venue": "null",
        "id": "1414993",
        "label": "0",
        "organization": "null"
    },
    {
        "title": "Create a large-scale digital library for geo-referenced information",
        "year": "1999",
        "authors": "Bin Zhu,Marshall Ramsey,Hsinchun Chen,Rosie V, Hauck,Tobun D. Ng,Bruce Schatz",
        "venue": "Proceedings of the fourth ACM conference on Digital libraries",
        "id": "1556398",
        "label": "0",
        "organization": "Management Information Systems Department, University of Arizona, Tucson, AZ"
    },
    {
        "title": "Generating Test Case from Functional Requirement of Web Applications",
        "year": "2009",
        "authors": "Bin Zhu,Huaikou Miao,Hongwei Zeng,Shengbo Chen",
        "venue": "Proceedings of the 2009 Second International Symposium on Electronic Commerce and Security - Volume 02",
        "id": "1652947",
        "label": "1",
        "organization": "null"
    },
    {
        "title": "Research and Design of Multifunctional Intelligent Melted Iron Analyzer",
        "year": "2008",
        "authors": "Bin Zhu,Weixu Chen,Yuejun Lei",
        "venue": "Proceedings of the 2008 International Conference on Intelligent Computation Technology and Automation - Volume 02",
        "id": "1749205",
        "label": "7",
        "organization": "null"
    }
]