[
    {
        "title": "Approximation Lasso Methods for Language Modeling",
        "year": "2006",
        "authors": "Jianfeng Gao,Hisami Suzuki,Bin Yu",
        "venue": "ACL",
        "id": "20343",
        "label": "0",
        "organization": "null"
    },
    {
        "title": "Application of PGA on Optimization of Distribution of Shopping Centers",
        "year": "2005",
        "authors": "Bin Yu,Chuntian Cheng,Zhong-Zheng Yang,Kwok-wing Chau",
        "venue": "AI*IA",
        "id": "33932",
        "label": "1",
        "organization": "null"
    },
    {
        "title": "Incentive Mechanisms for Peer-to-Peer Systems",
        "year": "2003",
        "authors": "Bin Yu,Munindar P. Singh",
        "venue": "AP2PC",
        "id": "43454",
        "label": "2",
        "organization": "null"
    },
    {
        "title": "Utilizing Fuzzy Petri Net for Choreography Based Semantic Web Services Discovery",
        "year": "2007",
        "authors": "Peng Men,Zhenhua Duan,Bin Yu",
        "venue": "ICATPN",
        "id": "45726",
        "label": "3",
        "organization": "null"
    },
    {
        "title": "Emergence of agent-based referral networks",
        "year": "2002",
        "authors": "Bin Yu,Munindar P. Singh",
        "venue": "AAMAS",
        "id": "55536",
        "label": "2",
        "organization": "North Carolina State University, Raleigh, NC"
    },
    {
        "title": "Searching social networks",
        "year": "2003",
        "authors": "Bin Yu,Munindar P. Singh",
        "venue": "AAMAS",
        "id": "55541",
        "label": "2",
        "organization": "North Carolina State University, Raleigh, NC"
    },
    {
        "title": "Synergistic integration of agent technologies for military simulation",
        "year": "2006",
        "authors": "Sean Owens,Paul Scerri,Robin Glinton,Bin Yu,Katia P. Sycara",
        "venue": "AAMAS",
        "id": "56439",
        "label": "2",
        "organization": "Carnegie Mellon University, Pittsburgh, PA"
    },
    {
        "title": "An integrated token-based algorithm for scalable coordination",
        "year": "2005",
        "authors": "Yang Xu,Paul Scerri,Bin Yu,Steven Okamoto,Michael Lewis,Katia P. Sycara",
        "venue": "AAMAS",
        "id": "56969",
        "label": "2",
        "organization": "Carnegie Mellon University"
    },
    {
        "title": "A Dynamic Pricing Mechanisms for P2P Referral Systems",
        "year": "2004",
        "authors": "Bin Yu,Cuihong Li,Munindar P. Singh,Katia P. Sycara",
        "venue": "AAMAS",
        "id": "56996",
        "label": "2",
        "organization": "Carnegie Mellon University"
    },
    {
        "title": "An evidential model of distributed reputation management",
        "year": "2002",
        "authors": "Bin Yu,Munindar P. Singh",
        "venue": "AAMAS",
        "id": "56997",
        "label": "2",
        "organization": "North Carolina State University, Raleigh, NC"
    },
    {
        "title": "Detecting deception in reputation management",
        "year": "2003",
        "authors": "Bin Yu,Munindar P. Singh",
        "venue": "AAMAS",
        "id": "56998",
        "label": "2",
        "organization": "North Carolina State University, Raleigh, NC"
    },
    {
        "title": "Scalable and reliable data delivery in mobile ad hoc sensor networks",
        "year": "2006",
        "authors": "Bin Yu,Paul Scerri,Katia P. Sycara,Yang Xu,Michael Lewis",
        "venue": "AAMAS",
        "id": "56999",
        "label": "2",
        "organization": "Carnegie Mellon University, Pittsburgh, PA"
    },
    {
        "title": "Managing the pedigree and quality of information in dynamic information sharing environments",
        "year": "2007",
        "authors": "Bin Yu,Srikanth Kallurkar,Ganesh Vaidyanathan,Donald Steiner",
        "venue": "AAMAS",
        "id": "57106",
        "label": "2",
        "organization": "null"
    },
    {
        "title": "An incentive mechanism for message relaying in unstructured peer-to-peer systems",
        "year": "2007",
        "authors": "Cuihong Li,Bin Yu,Katia P. Sycara",
        "venue": "AAMAS",
        "id": "57315",
        "label": "2",
        "organization": "null"
    },
    {
        "title": "Service Matchmaking with Rough Sets",
        "year": "2006",
        "authors": "Maozhen Li,Bin Yu,Chang Huang,Yong-Hua Song",
        "venue": "CCGRID",
        "id": "82893",
        "label": "6",
        "organization": "Brunel University, UK"
    },
    {
        "title": "A Social Mechanism of Reputation Management in Electronic Communities",
        "year": "2000",
        "authors": "Bin Yu,Munindar P. Singh",
        "venue": "CIA",
        "id": "92589",
        "label": "2",
        "organization": "null"
    },
    {
        "title": "An agent-based approach to knowledge management",
        "year": "2002",
        "authors": "Bin Yu,Munindar P. Singh",
        "venue": "CIKM",
        "id": "95989",
        "label": "2",
        "organization": "North Carolina State University, Raleigh, NC"
    },
    {
        "title": "Semantic Matching of Web Services Based on Choreographies",
        "year": "2006",
        "authors": "Lihui Lei,Zhenhua Duan,Bin Yu",
        "venue": "CSCWD",
        "id": "122389",
        "label": "3",
        "organization": "Inst. of Comput. Theor. & Technol., Xidian Univ., Xi'an"
    },
    {
        "title": "Semantic Matching of Web Services for Collaborative Business Processes",
        "year": "2006",
        "authors": "Lihui Lei,Zhenhua Duan,Bin Yu",
        "venue": "CSCWD (Selected Papers)",
        "id": "122624",
        "label": "3",
        "organization": "null"
    },
    {
        "title": "Low Delay Perpetually Lossless Coding of Audio Signals",
        "year": "2001",
        "authors": "Sean Dorward,Dawei Huang,Serap A. Savari,Gerald Schuller,Bin Yu",
        "venue": "Data Compression Conference",
        "id": "146156",
        "label": "0",
        "organization": "null"
    },
    {
        "title": "A WSRF Based Shopping Cart System",
        "year": "2005",
        "authors": "Maozhen Li,Man Qi,Masoud Rozati,Bin Yu",
        "venue": "EGC",
        "id": "178775",
        "label": "6",
        "organization": "null"
    },
    {
        "title": "SpiderNet: An Integrated Peer-to-Peer Service Composition Framework",
        "year": "2004",
        "authors": "Xiaohui Gu,Klara Nahrstedt,Bin Yu",
        "venue": "HPDC",
        "id": "255126",
        "label": "8",
        "organization": "University of Illinois at Urbana-Champaign"
    },
    {
        "title": "Multi-step-ahead Prediction Based on B-Spline Interpolation and Adaptive Time-Delay Neural Network",
        "year": "2005",
        "authors": "Jing-Xin Xie,Chun-Tian Cheng,Bin Yu,Qing-Rui Zhang",
        "venue": "ICANN (2)",
        "id": "272651",
        "label": "1",
        "organization": "null"
    },
    {
        "title": "Page Segmentation Using Document Model",
        "year": "1997",
        "authors": "Anil K. Jain,Bin Yu",
        "venue": "ICDAR",
        "id": "294928",
        "label": "11",
        "organization": "Dept. of Comput. Sci., Michigan State Univ., East Lansing, MI"
    },
    {
        "title": "Automatic understanding of symbol-connected diagrams",
        "year": "1995",
        "authors": "Bin Yu",
        "venue": "ICDAR",
        "id": "295820",
        "label": "11",
        "organization": "Inst. of Inf. Sci., Northern Jiaotong Univ., Beijing"
    },
    {
        "title": "The Dynamics Mechanism Study on Interactive Development of Industry Clusters and Urbanization",
        "year": "2006",
        "authors": "Weixiang Xu,Ye Jiang,Bin Yu,Gennian Tang",
        "venue": "ICIC (2)",
        "id": "313797",
        "label": "13",
        "organization": "null"
    },
    {
        "title": "Hybrid Control of Hopf Bifurcation for an Internet Congestion Model",
        "year": "2007",
        "authors": "Zunshui Cheng,Jianlong Qiu,Guangbin Wang,Bin Yu",
        "venue": "ICIC (2)",
        "id": "314189",
        "label": "15",
        "organization": "null"
    },
    {
        "title": "Image Denoising via Lossy Compression and Wavelet Thresholding",
        "year": "1997",
        "authors": "S. Grace Chang,Bin Yu,Martin Vetterli",
        "venue": "ICIP (1)",
        "id": "316807",
        "label": "0",
        "organization": "af.affilation"
    },
    {
        "title": "Spatially Adaptive Wavelet Thresholding with Context Modeling for Image Denoising",
        "year": "1998",
        "authors": "S. Grace Chang,Bin Yu,Martin Vetterli",
        "venue": "ICIP (1)",
        "id": "316808",
        "label": "0",
        "organization": "Dept. of Electr. Eng. & Comput. Sci., California Univ., Berkeley, CA"
    },
    {
        "title": "Multiple Copy Image Denoising via Wavelet Thresholding",
        "year": "1998",
        "authors": "S. Grace Chang,Bin Yu,Martin Vetterli",
        "venue": "ICIP (1)",
        "id": "316809",
        "label": "0",
        "organization": "Dept. of Electr. Eng. & Comput. Sci., California Univ., Berkeley, CA"
    },
    {
        "title": "Compression of cDNA and inkjet microarray images",
        "year": "2002",
        "authors": "Rebecka Jornsten,Bin Yu,Wei Wang,Kannan Ramchandran",
        "venue": "ICIP (3)",
        "id": "318395",
        "label": "0",
        "organization": "California Univ., Berkeley, CA, USA"
    },
    {
        "title": "Lane Boundary Detection Using a Multiresolution Hough Transform",
        "year": "1997",
        "authors": "Bin Yu,Anil K. Jain",
        "venue": "ICIP (2)",
        "id": "322560",
        "label": "11",
        "organization": "Dept. of Comput. Sci., Michigan State Univ., East Lansing, MI"
    },
    {
        "title": "Trust and Reputation Management in a Small-World Network",
        "year": "2000",
        "authors": "Mahadevan Venkatraman,Bin Yu,Munindar P. Singh",
        "venue": "ICMAS",
        "id": "329271",
        "label": "2",
        "organization": "Dept. of Comput. Sci., North Carolina State Univ., Raleigh, NC"
    },
    {
        "title": "A Three-Layer Virtual Director Model for Supporting Automated Multi-Site Distributed Education",
        "year": "2006",
        "authors": "Bin Yu,Cha Zhang,Yong Rui,Klara Nahrstedt",
        "venue": "ICME",
        "id": "331749",
        "label": "8",
        "organization": "Univ. of Illinois at Urbana, Champaign, IL"
    },
    {
        "title": "On the Convergence of Boosting Procedures",
        "year": "2003",
        "authors": "Tong Zhang,Bin Yu",
        "venue": "ICML",
        "id": "336048",
        "label": "0",
        "organization": "null"
    },
    {
        "title": "Data spectroscopy: learning mixture models using eigenspaces of convolution operators",
        "year": "2008",
        "authors": "Tao Shi,Mikhail Belkin,Bin Yu",
        "venue": "ICML",
        "id": "336268",
        "label": "0",
        "organization": "University of California, Berkeley"
    },
    {
        "title": "An Economical Contour Extraction AIgorithm for Understanding Large-size Engineering Drawings",
        "year": "1990",
        "authors": "Bin Yu,Xinggang Lin,Youshou Wu",
        "venue": "ICSI",
        "id": "364000",
        "label": "11",
        "organization": "null"
    },
    {
        "title": "Pseudo Likelihood Estimation in Network Tomography",
        "year": "2003",
        "authors": "Gang Liang,Bin Yu",
        "venue": "INFOCOM",
        "id": "401592",
        "label": "0",
        "organization": "Dept. of Stat., California Univ., Berkeley, CA, USA"
    },
    {
        "title": "Compression of cDNA microarray images",
        "year": "2002",
        "authors": "Rebecka Jornsten,Bin Yu",
        "venue": "ISBI",
        "id": "417336",
        "label": "0",
        "organization": "Dept. of Stat., Rutgers Univ., Piscataway, NJ, USA"
    },
    {
        "title": "TEEVE: The Next Generation Architecture for Tele-immersive Environment",
        "year": "2005",
        "authors": "Zhenyu Yang,Klara Nahrstedt,Yi Cui,Bin Yu,Jin Liang,Sang-Hack Jung,Ruzena Bajcsy",
        "venue": "ISM",
        "id": "437567",
        "label": "8",
        "organization": "University of Illinois at Urbana-Champaign"
    },
    {
        "title": "A Study of Collaborative Dancing in Tele-immersive Environments",
        "year": "2006",
        "authors": "Zhenyu Yang,Bin Yu,Wanmin Wu,Klara Nahrstedt,Ross Diankov,Ruzena Bajcsy",
        "venue": "ISM",
        "id": "437654",
        "label": "8",
        "organization": "University of Illinois at Urbana-Champaign, USA"
    },
    {
        "title": "Requirements Engineering Processes Improvement: A Systematic View",
        "year": "2005",
        "authors": "Anliang Ning,Hong Hou,Qingyi Hua,Bin Yu,Kegang Hao",
        "venue": "ISPW",
        "id": "447480",
        "label": "5",
        "organization": "null"
    },
    {
        "title": "Intelligent Online BGP-4 Analyzer",
        "year": "2000",
        "authors": "Yixin Zhao,Jianping Wu,Bin Yu",
        "venue": "MASCOTS",
        "id": "490022",
        "label": "8",
        "organization": "Dept. of Comput. Sci. & Technol., Tsinghua Univ., Beijing"
    },
    {
        "title": "A scalable overlay video mixing service model",
        "year": "2003",
        "authors": "Bin Yu,Klara Nahrstedt",
        "venue": "ACM Multimedia",
        "id": "502693",
        "label": "8",
        "organization": "University of Illinois at Urbana-Champaign, Urbana, IL"
    },
    {
        "title": "Video summarization based on user log enhanced link analysis",
        "year": "2003",
        "authors": "Bin Yu,Wei-Ying Ma,Klara Nahrstedt,HongJiang Zhang",
        "venue": "ACM Multimedia",
        "id": "503192",
        "label": "8",
        "organization": "University of Illinois at Urbana-Champaign, Urbana, IL"
    },
    {
        "title": "Collaborative dancing in tele-immersive environment",
        "year": "2006",
        "authors": "Zhenyu Yang,Bin Yu,Wanmin Wu,Ross Diankov,Ruzena Bajcsy",
        "venue": "ACM Multimedia",
        "id": "503319",
        "label": "8",
        "organization": "University of Illinois at Urbana-Champaign"
    },
    {
        "title": "A Realtime Software Solution for Resynchronizing Filtered MPEG2 Transport Stream",
        "year": "2002",
        "authors": "Bin Yu,Klara Nahrstedt",
        "venue": "ISMSE",
        "id": "508472",
        "label": "8",
        "organization": "Dept. of Comput. Sci., Illinois Univ., Urbana, IL, USA"
    },
    {
        "title": "Model Selection in Gaussian Graphical Models: High-Dimensional Consistency of l1-regularized MLE",
        "year": "2008",
        "authors": "Pradeep Ravikumar,Garvesh Raskutti,Martin Wainwright,Bin Yu",
        "venue": "NIPS",
        "id": "518189",
        "label": "0",
        "organization": "null"
    },
    {
        "title": "Nonparametric sparse hierarchical models describe V1 fMRI responses to natural images",
        "year": "2008",
        "authors": "Pradeep Ravikumar,Vincent Q. Vu,Bin Yu,Thomas Naselaris,Kendrick Kay,Jack L. Gallant",
        "venue": "NIPS",
        "id": "518304",
        "label": "0",
        "organization": "null"
    },
    {
        "title": "A multi-stream adaptation framework for bandwidth management in 3D tele-immersion",
        "year": "2006",
        "authors": "Zhenyu Yang,Bin Yu,Klara Nahrstedt,Ruzena Bajcsy",
        "venue": "NOSSDAV",
        "id": "519688",
        "label": "8",
        "organization": "University of Illinois at Urbana-Champaign, Goodwin, Urbana, IL"
    },
    {
        "title": "Service Matchmaking and Discovery with Rough Sets",
        "year": "2006",
        "authors": "Bin Yu,Wenming Guo,Maozhen Li,Yong-Hua Song,Peter Hobson,Man Qi",
        "venue": "SKG",
        "id": "681003",
        "label": "6",
        "organization": "Brunel University, UK"
    },
    {
        "title": "Research and Design of One Key Agreement Scheme in Bluetooth",
        "year": "2008",
        "authors": "Bin Yu,Haiyan Li",
        "venue": "CSSE (3)",
        "id": "729317",
        "label": "7",
        "organization": "null"
    },
    {
        "title": "An Adaptive Social Network for Information Access: Theoretical and Experimental Results",
        "year": "2003",
        "authors": "Bin Yu,Mahadevan Venkatraman,Munindar P. Singh",
        "venue": "Applied Artificial Intelligence",
        "id": "738444",
        "label": "2",
        "organization": "null"
    },
    {
        "title": "Simultaneous Gene Clustering and Subset Selection for Sample Classification Via MDL",
        "year": "2003",
        "authors": "Rebecka Jornsten,Bin Yu",
        "venue": "Bioinformatics",
        "id": "764323",
        "label": "0",
        "organization": "null"
    },
    {
        "title": "Community-based service location",
        "year": "2001",
        "authors": "Munindar P. Singh,Bin Yu,Mahadevan Venkatraman",
        "venue": "Commun. ACM",
        "id": "776086",
        "label": "2",
        "organization": "North Carolina State Univ."
    },
    {
        "title": "Distributed Reputation Management for Electronic Commerce",
        "year": "2002",
        "authors": "Bin Yu,Munindar P. Singh",
        "venue": "Computational Intelligence",
        "id": "789222",
        "label": "2",
        "organization": "null"
    },
    {
        "title": "Information In The Non-Stationary Case",
        "year": "2008",
        "authors": "Vincent Q. Vu,Bin Yu,Robert E. Kass",
        "venue": "CoRR",
        "id": "827761",
        "label": "0",
        "organization": "null"
    },
    {
        "title": "PGGA: A predictable and grouped genetic algorithm for job scheduling",
        "year": "2006",
        "authors": "Maozhen Li,Bin Yu,Man Qi",
        "venue": "Future Generation Comp. Syst.",
        "id": "876946",
        "label": "6",
        "organization": "Electronic and Computer Engineering, School of Engineering and Design, Brunel University, Uxbridge UB8 3PH, UK"
    },
    {
        "title": "The Tree Representation of the Graph Used in Binary Image Processing",
        "year": "1991",
        "authors": "Bin Yu,Xinggang Lin,Youshou Wu",
        "venue": "Inf. Process. Lett.",
        "id": "934516",
        "label": "11",
        "organization": "null"
    },
    {
        "title": "Sparse Boosting",
        "year": "2006",
        "authors": "Peter Buhlmann,Bin Yu",
        "venue": "Journal of Machine Learning Research",
        "id": "985261",
        "label": "0",
        "organization": "Dept. of Electr. Eng., Princeton Univ., Princeton, NJ"
    },
    {
        "title": "On Model Selection Consistency of Lasso",
        "year": "2006",
        "authors": "Peng Zhao,Bin Yu",
        "venue": "Journal of Machine Learning Research",
        "id": "985276",
        "label": "0",
        "organization": "null"
    },
    {
        "title": "Internet-based interactive HDTV",
        "year": "2004",
        "authors": "Bin Yu,Klara Nahrstedt",
        "venue": "Multimedia Syst.",
        "id": "1011439",
        "label": "8",
        "organization": "null"
    },
    {
        "title": "Document Representation and Its Application to Page Decomposition",
        "year": "1998",
        "authors": "Anil K. Jain,Bin Yu",
        "venue": "IEEE Trans. Pattern Anal. Mach. Intell.",
        "id": "1031946",
        "label": "11",
        "organization": "Electroglas Inc., Santa Clara, CA"
    },
    {
        "title": "A Generic System for Form Dropout",
        "year": "1996",
        "authors": "Bin Yu,Anil K. Jain",
        "venue": "IEEE Trans. Pattern Anal. Mach. Intell.",
        "id": "1033439",
        "label": "11",
        "organization": "Dept. of Comput. Sci., Michigan State Univ., East Lansing, MI"
    },
    {
        "title": "Automatic text location in images and video frames",
        "year": "1998",
        "authors": "Anil K. Jain,Bin Yu",
        "venue": "Pattern Recognition",
        "id": "1039774",
        "label": "11",
        "organization": "Dept. of Comput. Sci., Michigan State Univ., East Lansing, MI"
    },
    {
        "title": "A robust and fast skew detection algorithm for generic documents",
        "year": "1996",
        "authors": "Bin Yu,Anil K. Jain",
        "venue": "Pattern Recognition",
        "id": "1042081",
        "label": "11",
        "organization": "null"
    },
    {
        "title": "A more efficient branch and bound algorithm for feature selection",
        "year": "1993",
        "authors": "Bin Yu,Baozong Yuan",
        "venue": "Pattern Recognition",
        "id": "1042110",
        "label": "11",
        "organization": "null"
    },
    {
        "title": "A new edge detector based on Fresnel diffraction",
        "year": "2007",
        "authors": "Luhong Diao,Bin Yu,Hua Li",
        "venue": "Pattern Recognition Letters",
        "id": "1046550",
        "label": "4",
        "organization": "Institute of Optoelectronics, Shenzhen University, Shenzhen, China"
    },
    {
        "title": "Spatially adaptive wavelet thresholding with context modeling for image denoising",
        "year": "2000",
        "authors": "S. Grace Chang,Bin Yu,Martin Vetterli",
        "venue": "IEEE Transactions on Image Processing",
        "id": "1100481",
        "label": "0",
        "organization": "Dept. of Electr. Eng. & Comput. Sci., California Univ., Berkeley, CA"
    },
    {
        "title": "Adaptive wavelet thresholding for image denoising and compression",
        "year": "2000",
        "authors": "S. Grace Chang,Bin Yu,Martin Vetterli",
        "venue": "IEEE Transactions on Image Processing",
        "id": "1100482",
        "label": "0",
        "organization": "Dept. of Electr. Eng. & Comput. Sci., California Univ., Berkeley, CA"
    },
    {
        "title": "Wavelet thresholding for multiple noisy image copies",
        "year": "2000",
        "authors": "S. Grace Chang,Bin Yu,Martin Vetterli",
        "venue": "IEEE Transactions on Image Processing",
        "id": "1100483",
        "label": "0",
        "organization": "Dept. of Electr. Eng. & Comput. Sci., California Univ., Berkeley, CA"
    },
    {
        "title": "Image subband coding using context-based classification and adaptive quantization",
        "year": "1999",
        "authors": "Youngjun Yoo,Antonio Ortega,Bin Yu",
        "venue": "IEEE Transactions on Image Processing",
        "id": "1102356",
        "label": "0",
        "organization": "Media Technol. Lab., Texas Instrum. Inc., Dallas, TX"
    },
    {
        "title": "The Minimum Description Length Principle in Coding and Modeling",
        "year": "1998",
        "authors": "Andrew R. Barron,Jorma Rissanen,Bin Yu",
        "venue": "IEEE Transactions on Information Theory",
        "id": "1104153",
        "label": "0",
        "organization": "Dept. of Stat., Yale Univ., New Haven, CT"
    },
    {
        "title": "Wavelet thresholding via MDL for natural images",
        "year": "2000",
        "authors": "Mark Hansen,Bin Yu",
        "venue": "IEEE Transactions on Information Theory",
        "id": "1106172",
        "label": "0",
        "organization": "Lucent Technol Bell Labs., Murray Hill, NJ"
    },
    {
        "title": "Iterated logarithmic expansions of the pathwise code lengths for exponential families",
        "year": "2000",
        "authors": "Lei Li,Bin Yu",
        "venue": "IEEE Transactions on Information Theory",
        "id": "1107223",
        "label": "0",
        "organization": "Dept. of Stat., Florida State Univ., Tallahassee, FL"
    },
    {
        "title": "A fast lightweight approach to origin-destination IP traffic estimation using partial measurements",
        "year": "2006",
        "authors": "Gang Liang,Nina Taft,Bin Yu",
        "venue": "IEEE Transactions on Information Theory",
        "id": "1107242",
        "label": "0",
        "organization": "Dept. of Stat., Univ. of California, USA"
    },
    {
        "title": "Density estimation by stochastic complexity",
        "year": "1992",
        "authors": "Jorma Rissanen,Terry P. Speed,Bin Yu",
        "venue": "IEEE Transactions on Information Theory",
        "id": "1108393",
        "label": "0",
        "organization": "IBM Almaden Res. Center, San Jose, CA"
    },
    {
        "title": "Lower Bounds on Expected Redundancy for Nonparametric Classes",
        "year": "1996",
        "authors": "Bin Yu",
        "venue": "IEEE Transactions on Information Theory",
        "id": "1109732",
        "label": "0",
        "organization": "Dept. of Stat., California Univ., Berkeley, CA"
    },
    {
        "title": "A rate of convergence result for a universal D-semifaithful code",
        "year": "1993",
        "authors": "Bin Yu,Terry P. Speed",
        "venue": "IEEE Transactions on Information Theory",
        "id": "1109744",
        "label": "0",
        "organization": "Dept. of Stat., Wisconsin Univ., Madison, WI"
    },
    {
        "title": "Grid Service Discovery with Rough Sets",
        "year": "2008",
        "authors": "Maozhen Li,Bin Yu,Omer F. Rana,Zidong Wang",
        "venue": "IEEE Trans. Knowl. Data Eng.",
        "id": "1113893",
        "label": "6",
        "organization": "Sch. of Eng. & Design, Brunel Univ., London"
    },
    {
        "title": "Microarray image compression: SLOCO and the effect of information loss",
        "year": "2003",
        "authors": "Rebecka Jornsten,Wei Wang,Bin Yu,Kannan Ramchandran",
        "venue": "Signal Processing",
        "id": "1150426",
        "label": "0",
        "organization": "null"
    },
    {
        "title": "An improved ant colony optimization for vehicle routing problem",
        "year": "2009",
        "authors": "Bin Yu,Zhong-Zhen Yang,Baozhen Yao",
        "venue": "European Journal of Operational Research",
        "id": "1163152",
        "label": "9",
        "organization": "null"
    },
    {
        "title": "Hourglass multimedia content and service composition framework for smart room environments",
        "year": "2005",
        "authors": "Klara Nahrstedt,Bin Yu,Jin Liang,Yi Cui",
        "venue": "Pervasive and Mobile Computing",
        "id": "1185325",
        "label": "8",
        "organization": "University of Illinois at Urbana-Champaign, United States"
    },
    {
        "title": "Genetic Polymorphisms of Nine X-STR Loci in Four Population Groups from Inner Mongolia, China",
        "year": "2007",
        "authors": "Qiao-Fang Hou,Bin Yu,Sheng-Bin Li",
        "venue": "Genomics, Proteomics  Bioinformatics",
        "id": "1186549",
        "label": "10",
        "organization": "null"
    },
    {
        "title": "Automatically wrapping legacy software into services: A grid case study",
        "year": "2008",
        "authors": "Maozhen Li,Bin Yu,Man Qi,Nick Antonopoulos",
        "venue": "Peer-to-Peer Networking and Applications",
        "id": "1186707",
        "label": "6",
        "organization": "null"
    },
    {
        "title": "An integrated approach to high-level information fusion",
        "year": "2009",
        "authors": "Katia P. Sycara,Robin Glinton,Bin Yu,Joseph A. Giampapa,Sean Owens,Michael Lewis,L. T. C. Charles Grindle",
        "venue": "Information Fusion",
        "id": "1225537",
        "label": "2",
        "organization": "null"
    },
    {
        "title": "Web Services Discovery with Rough Sets",
        "year": "2009",
        "authors": "Maozhen Li,Bin Yu,Vijay Sahota,Man Qi",
        "venue": "Int. J. Web Service Res.",
        "id": "1226229",
        "label": "6",
        "organization": "null"
    },
    {
        "title": "Perceptual audio coding using adaptive pre- and post-filters and lossless compression",
        "year": "2002",
        "authors": "Gerald Schuller,Bin Yu,Dawei Huang,Bernd Edler",
        "venue": "IEEE Transactions on Speech and Audio Processing",
        "id": "1229364",
        "label": "0",
        "organization": "Lucent Technol. Bell Labs., Murray Hill, NJ, USA"
    },
    {
        "title": "A dynamic holding strategy in public transit systems with real-time information",
        "year": "2009",
        "authors": "Bin Yu,Zhong-Zhen Yang",
        "venue": "Appl. Intell.",
        "id": "1266579",
        "label": "9",
        "organization": "Transportation College, Dalian Maritime University, Dalian, People's Republic of China 116026"
    },
    {
        "title": "Computational prediction of novel non-coding RNAs in Arabidopsis thaliana",
        "year": "2009",
        "authors": "Dandan Song,Yang Yang,Bin Yu,Binglian Zheng,Zhidong Deng,Bao-Liang Lu,Xuemei Chen,Tao Jiang",
        "venue": "BMC Bioinformatics",
        "id": "1267372",
        "label": "16",
        "organization": "null"
    },
    {
        "title": "Information in the Nonstationary Case",
        "year": "2009",
        "authors": "Vincent Q. Vu,Bin Yu,Robert E. Kass",
        "venue": "Neural Computation",
        "id": "1279648",
        "label": "0",
        "organization": "null"
    },
    {
        "title": "Extending the ONESAF Testbed into a C4ISR Testbed",
        "year": "2004",
        "authors": "Joseph A. Giampapa,Katia P. Sycara,Sean Owens,Robin Glinton,Young-Woo Seo,Bin Yu,Charles E. Grindle,Michael Lewis",
        "venue": "Simulation",
        "id": "1280940",
        "label": "2",
        "organization": "The Robotics Institute, Carnegie Mellon University, 5000 Forbes Avenue, Pittsburgh, PA 15213-3890"
    },
    {
        "title": "Large Sample Properties of Weighted Monte Carlo Estimators",
        "year": "2005",
        "authors": "Paul Glasserman,Bin Yu",
        "venue": "Synthesis Lectures on Information Concepts, Retrieval, and Services",
        "id": "1289889",
        "label": "14",
        "organization": "null"
    },
    {
        "title": "A Modified Multi-Secret Sharing Visual Cryptography Scheme.",
        "year": "2008",
        "authors": "Bin Yu,Zhengxin Fu,Liguo Fang",
        "venue": "null",
        "id": "1303878",
        "label": "12",
        "organization": "Inst. of Electron. Technol., Inf. Eng. Univ., China"
    },
    {
        "title": "A Verifiable Visual Cryptography Scheme.",
        "year": "2008",
        "authors": "Bin Yu,Liguo Fang,Xiaohui Xu",
        "venue": "null",
        "id": "1304040",
        "label": "12",
        "organization": "Inst. of Electron. Technol., Inf. Eng. Univ., China"
    },
    {
        "title": "Prediction of Transmembrane Helical Segments in Membrane Proteins Using Back Propagation Neural Network with Wavelet Analysis",
        "year": "2009",
        "authors": "Bin Yu",
        "venue": "Proceedings of the 2009 Second International Workshop on Computer Science and Engineering - Volume 02",
        "id": "1366064",
        "label": "15",
        "organization": "Coll. of Math. & Phys., Qingdao Univ. of Sci. & Technol., Qingdao, China"
    },
    {
        "title": "Transform from Models to Service Description Based on MDA",
        "year": "2006",
        "authors": "Bin Yu,Chen Zhang,Yang Zhao",
        "venue": "Proceedings of the 2006 IEEE Asia-Pacific Conference on Services Computing",
        "id": "1367661",
        "label": "3",
        "organization": "Xidian University, China"
    },
    {
        "title": "Stagewise Lasso",
        "year": "2007",
        "authors": "Peng Zhao,Bin Yu",
        "venue": "The Journal of Machine Learning Research",
        "id": "1379964",
        "label": "0",
        "organization": "null"
    },
    {
        "title": "Sparsity and model selection through convex penalties: structured selection, covariance selection and some theory",
        "year": "2008",
        "authors": "Bin Yu",
        "venue": "null",
        "id": "1430319",
        "label": "0",
        "organization": "University of California, Berkeley"
    },
    {
        "title": "Some results on empirical processes and stochastic complexity",
        "year": "1990",
        "authors": "Bin Yu",
        "venue": "null",
        "id": "1487469",
        "label": "0",
        "organization": "null"
    },
    {
        "title": "Isothetic polygon representation for contours",
        "year": "1992",
        "authors": "Bin Yu,Xinggang Lin,Youshou Wu,Baozong Yuan",
        "venue": "CVGIP: Image Understanding",
        "id": "1501529",
        "label": "11",
        "organization": "null"
    },
    {
        "title": "Looking at Markov samplers through cusum path plots: a simple diagnostic idea",
        "year": "1998",
        "authors": "Bin Yu,Per Mykland",
        "venue": "Statistics and Computing",
        "id": "1534733",
        "label": "0",
        "organization": "Department of Statistics, University of California at Berkeley, Berkeley, CA 94720, USA"
    },
    {
        "title": "The minimum description length principle in coding and modeling (invited paper)",
        "year": "2000",
        "authors": "Andrew Barron,Jorma Rissanen,Bin Yu",
        "venue": "Information theory: 50 years of discovery",
        "id": "1555660",
        "label": "0",
        "organization": "null"
    },
    {
        "title": "A New Method of Realizing Fingerprint Authentication on Smartcard",
        "year": "2008",
        "authors": "Shichao Chen,Bin Yu",
        "venue": "Proceedings of the 2008 Congress on Image and Signal Processing, Vol. 5 - Volume 05",
        "id": "1592467",
        "label": "7",
        "organization": "null"
    },
    {
        "title": "An economical contour extraction algorithm for understanding large-size engineering drawings",
        "year": "1990",
        "authors": "Bin Yu,Xinggang Lin,Youshou Wu",
        "venue": "Proceedings of the first international conference on systems integration on Systems integration '90",
        "id": "1624358",
        "label": "11",
        "organization": "Dept. of Electron. Eng., Tsinghua Univ., Beijing"
    }
]