[
    {
        "title": "Web Data Mining: Exploring Hyperlinks, Contents, and Usage Data",
        "year": "2007",
        "authors": "Bing Liu",
        "venue": "null",
        "id": "3637",
        "label": "0",
        "organization": "null"
    },
    {
        "title": "Controlling FD and MVD Inferences in MLS",
        "year": "2005",
        "authors": "Yan Heping,Bing Liu,Xiaoming Yang,Wei Wang,Baile Shi,Genxing Yang",
        "venue": "CIT",
        "id": "8253",
        "label": "0",
        "organization": "Dept. of Comput. & Inf. Technol., Fudan Univ., Shanghai"
    },
    {
        "title": "Incorporating with Recursive Model Training in Time Series Clustering",
        "year": "2005",
        "authors": "Jiangjiao Duan,Wei Wang,Bing Liu,Yongsheng Xue,Haofeng Zhou,Baile Shi",
        "venue": "CIT",
        "id": "8331",
        "label": "0",
        "organization": "Fudan University"
    },
    {
        "title": "A Formal Specification for Web Services Composition and Verification",
        "year": "2005",
        "authors": "Yuliang Shi,Liang Zhang,Bing Liu,Fangfang Liu,Lili Lin,Baile Shi",
        "venue": "CIT",
        "id": "8432",
        "label": "0",
        "organization": "Fudan University"
    },
    {
        "title": "Non-Almost-Derivable Frequent Itemsets Mining",
        "year": "2005",
        "authors": "Xiaoming Yang,Zhibin Wang,Bing Liu,Shouzhi Zhang,Wei Wang,Bole Shi",
        "venue": "CIT",
        "id": "8555",
        "label": "0",
        "organization": "Dept. of Comput. & Inf. Technol., Fudan Univ., Shanghai"
    },
    {
        "title": "Mining Opinion Features in Customer Reviews",
        "year": "2004",
        "authors": "Minqing Hu,Bing Liu",
        "venue": "AAAI",
        "id": "11842",
        "label": "0",
        "organization": "null"
    },
    {
        "title": "Opinion Extraction and Summarization on the Web",
        "year": "2006",
        "authors": "Minqing Hu,Bing Liu",
        "venue": "AAAI",
        "id": "11897",
        "label": "0",
        "organization": "null"
    },
    {
        "title": "Mining Comparative Sentences and Relations",
        "year": "2006",
        "authors": "Nitin Jindal,Bing Liu",
        "venue": "AAAI",
        "id": "13328",
        "label": "0",
        "organization": "null"
    },
    {
        "title": "Post-Analysis of Learned Rules",
        "year": "1996",
        "authors": "Bing Liu,Wynne Hsu",
        "venue": "AAAI/IAAI, Vol. 1",
        "id": "13849",
        "label": "0",
        "organization": "null"
    },
    {
        "title": "Intuitive Representation of Decision Trees Using General Rules and Exceptions",
        "year": "2000",
        "authors": "Bing Liu,Minqing Hu,Wynne Hsu",
        "venue": "AAAI/IAAI",
        "id": "13851",
        "label": "0",
        "organization": "null"
    },
    {
        "title": "Using Constraints to Model Disjunctions in Rule-Based Reasoning",
        "year": "1996",
        "authors": "Bing Liu,Joxan Jaffar",
        "venue": "AAAI/IAAI, Vol. 2",
        "id": "13855",
        "label": "0",
        "organization": "null"
    },
    {
        "title": "Text Classification by Labeling Words",
        "year": "2004",
        "authors": "Bing Liu,Xiaoli Li,Wee Sun Lee,Philip S. Yu",
        "venue": "AAAI",
        "id": "13875",
        "label": "0",
        "organization": "null"
    },
    {
        "title": "Automatic Wrapper Generation Using Tree Matching and Partial Tree Alignment",
        "year": "2006",
        "authors": "Yanhong Zhai,Bing Liu",
        "venue": "AAAI",
        "id": "15564",
        "label": "0",
        "organization": "null"
    },
    {
        "title": "Towards a Multi-agent Model for Planning and Design of Exposition Spaces",
        "year": "2008",
        "authors": "Ivan Blecic,Arnaldo Cecchini,Giuseppe A. Trunfio,Jian Zhou,Wei Zang,Bing Liu",
        "venue": "ACRI",
        "id": "23956",
        "label": "7",
        "organization": "College of Architecture and Urban Planning, Tongji University, Shanghai, P.R. China 200092"
    },
    {
        "title": "A Grid-Based System for the Multi-reservoir Optimal Scheduling in Huaihe River Basin",
        "year": "2006",
        "authors": "Bing Liu,Huaping Chen,Guoyi Zhang,Shijin Xu",
        "venue": "APWeb Workshops",
        "id": "48182",
        "label": "8",
        "organization": "null"
    },
    {
        "title": "Clustering Through Decision Tree Construction",
        "year": "2000",
        "authors": "Bing Liu,Yiyuan Xia,Philip S. Yu",
        "venue": "CIKM",
        "id": "95617",
        "label": "0",
        "organization": "null"
    },
    {
        "title": "Mining community structure of named entities from free text",
        "year": "2005",
        "authors": "Xin Li,Bing Liu",
        "venue": "CIKM",
        "id": "95632",
        "label": "0",
        "organization": "null"
    },
    {
        "title": "Using micro information units for internet search",
        "year": "2002",
        "authors": "Xiaoli Li,Tong-Heng Phang,Minqing Hu,Bing Liu",
        "venue": "CIKM",
        "id": "95644",
        "label": "0",
        "organization": "University of Illinois at Chicago, Chicago, IL"
    },
    {
        "title": "Clustering Transactions Using Large Items",
        "year": "1999",
        "authors": "Ke Wang,Chu Xu,Bing Liu",
        "venue": "CIKM",
        "id": "96014",
        "label": "0",
        "organization": "null"
    },
    {
        "title": "Opportunity map: a visualization framework for fast identification of actionable knowledge",
        "year": "2005",
        "authors": "Kaidi Zhao,Bing Liu,Thomas M. Tirpak,Weimin Xiao",
        "venue": "CIKM",
        "id": "96048",
        "label": "0",
        "organization": "null"
    },
    {
        "title": "Measuring the meaning in time series clustering of text search queries",
        "year": "2006",
        "authors": "Bing Liu,Rosie Jones,Kristina Lisa Klinkner",
        "venue": "CIKM",
        "id": "96070",
        "label": "10",
        "organization": "Virginia Polytechnic Institute, Blacksburg, VA"
    },
    {
        "title": "A Novel RBF Neural Network with Fast Training and Accurate Generalization",
        "year": "2004",
        "authors": "Lipo Wang,Bing Liu,Chunru Wan",
        "venue": "CIS",
        "id": "97234",
        "label": "9",
        "organization": "null"
    },
    {
        "title": "Web for Data Mining Applications",
        "year": "2000",
        "authors": "Bing Liu,Yiming Ma,Ching Kian Wong",
        "venue": "COMPSAC",
        "id": "112374",
        "label": "0",
        "organization": "Sch. of Comput., Nat. Univ. of Singapore"
    },
    {
        "title": "Experimental Studies of the Universal Chemical Key (UCK)Algorithm on the NCI Database of Chemical Compounds",
        "year": "2003",
        "authors": "Robert L. Grossman,Pavan Kasturi,Donald Hamelberg,Bing Liu",
        "venue": "CSB",
        "id": "120935",
        "label": "0",
        "organization": "Lab. for Adv. Comput., Illinois Univ., Chicago, IL, USA"
    },
    {
        "title": "Semi-supervised Text Classification Using Partitioned EM",
        "year": "2004",
        "authors": "Gao Cong,Wee Sun Lee,Haoran Wu,Bing Liu",
        "venue": "DASFAA",
        "id": "140478",
        "label": "0",
        "organization": "null"
    },
    {
        "title": "Mining Changes for Real-Life Applications",
        "year": "2000",
        "authors": "Bing Liu,Wynne Hsu,Heng-Siew Han,Yiyuan Xia",
        "venue": "DaWaK",
        "id": "144324",
        "label": "0",
        "organization": "null"
    },
    {
        "title": "Assigning Unique Keys to Chemical Compounds for Data Integration: Some Interesting Counter Examples",
        "year": "2005",
        "authors": "Greeshma Neglur,Robert L. Grossman,Bing Liu",
        "venue": "DILS",
        "id": "156389",
        "label": "0",
        "organization": "null"
    },
    {
        "title": "Efficiently Determine the Starting Sample Size for Progressive Sampling",
        "year": "2001",
        "authors": "Baohua Gu,Bing Liu,Feifang Hu,Huan Liu",
        "venue": "DMKD",
        "id": "159059",
        "label": "0",
        "organization": "null"
    },
    {
        "title": "A Reinforcement Approach to Schelduling",
        "year": "1988",
        "authors": "Bing Liu",
        "venue": "ECAI",
        "id": "165054",
        "label": "0",
        "organization": "null"
    },
    {
        "title": "Intelligent Route Finding: Combining Knowledge and Cases and an Efficient Search Algorithm",
        "year": "1996",
        "authors": "Bing Liu",
        "venue": "ECAI",
        "id": "165134",
        "label": "0",
        "organization": "null"
    },
    {
        "title": "Learning from Positive and Unlabeled Examples with Different Data Distributions",
        "year": "2005",
        "authors": "Xiaoli Li,Bing Liu",
        "venue": "ECML",
        "id": "172140",
        "label": "0",
        "organization": "null"
    },
    {
        "title": "Efficiently Determining the Starting Sample Size for Progressive Sampling",
        "year": "2001",
        "authors": "Baohua Gu,Bing Liu,Feifang Hu,Huan Liu",
        "venue": "ECML",
        "id": "172251",
        "label": "0",
        "organization": "null"
    },
    {
        "title": "Learning to Classify Documents with Only a Small Positive Training Set",
        "year": "2007",
        "authors": "Xiaoli Li,Bing Liu,See-Kiong Ng",
        "venue": "ECML",
        "id": "172753",
        "label": "0",
        "organization": "Department of Computer Science, University of Illinois at Chicago, IL 60607-7053,"
    },
    {
        "title": "Content-based Index and Retrieval Method of Chinese Document Images",
        "year": "1999",
        "authors": "Yaodong He,Zao Jiang,Bing Liu,Hong Zhao",
        "venue": "ICDAR",
        "id": "294813",
        "label": "2",
        "organization": "null"
    },
    {
        "title": "Multivariate Time Series Prediction via Temporal Classification",
        "year": "2002",
        "authors": "Bing Liu,Jing Liu",
        "venue": "ICDE",
        "id": "300541",
        "label": "0",
        "organization": "Sch. of Comput., Nat. Univ. of Singapore"
    },
    {
        "title": "Finding Actionable Knowledge via Automated Comparison",
        "year": "2009",
        "authors": "Lei Zhang,Bing Liu,Jeffrey Benkler,Chi Zhou",
        "venue": "ICDE",
        "id": "302262",
        "label": "0",
        "organization": "Dept. of Comput. Sci., Univ. of Illinois at Chicago, Chicago, IL"
    },
    {
        "title": "Speed-up Iterative Frequent Itemset Mining with Constraint Changes",
        "year": "2002",
        "authors": "Gao Cong,Bing Liu",
        "venue": "ICDM",
        "id": "302509",
        "label": "0",
        "organization": "Sch. of Comput., Nat. Univ. of Singapore, Singapore"
    },
    {
        "title": "Building Text Classifiers Using Positive and Unlabeled Examples",
        "year": "2003",
        "authors": "Bing Liu,Yang Dai,Xiaoli Li,Wee Sun Lee,Philip S. Yu",
        "venue": "ICDM",
        "id": "302784",
        "label": "0",
        "organization": "Dept. of Comput. Sci., Univ. of Illinois at Chicago, IL, USA"
    },
    {
        "title": "Analyzing the Interestingness of Association Rules from the Temporal Dimension",
        "year": "2001",
        "authors": "Bing Liu,Yiming Ma,Ronnie Lee",
        "venue": "ICDM",
        "id": "302786",
        "label": "0",
        "organization": "Sch. of Comput., Nat. Univ. of Singapore"
    },
    {
        "title": "Detecting Patterns of Change Using Enhanced Parallel Coordinates Visualization",
        "year": "2003",
        "authors": "Kaidi Zhao,Bing Liu,Thomas M. Tirpak,Andreas Schaller",
        "venue": "ICDM",
        "id": "303048",
        "label": "0",
        "organization": "Dept. of Comput. Sci., Illinois Univ., Chicago, IL, USA"
    },
    {
        "title": "A Visual Data Mining Framework for Convenient Identification of Useful Knowledge",
        "year": "2005",
        "authors": "Kaidi Zhao,Bing Liu,Thomas M. Tirpak,Weimin Xiao",
        "venue": "ICDM",
        "id": "303050",
        "label": "0",
        "organization": "University of Illinois at Chicago"
    },
    {
        "title": "Mining Latent Associations of Objects Using a Typed Mixture Model--A Case Study on Expert/Expertise Mining",
        "year": "2006",
        "authors": "Shenghua Bao,Yunbo Cao,Bing Liu,Yong Yu,Hang Li",
        "venue": "ICDM",
        "id": "303222",
        "label": "0",
        "organization": "University of Illinois at Chicago, USA"
    },
    {
        "title": "Analyzing and Detecting Review Spam",
        "year": "2007",
        "authors": "Nitin Jindal,Bing Liu",
        "venue": "ICDM",
        "id": "303456",
        "label": "0",
        "organization": "Univ. of Illinois at Chicago, Chicago"
    },
    {
        "title": "Time Sensitive Ranking with Application to Publication Search",
        "year": "2008",
        "authors": "Xin Li,Bing Liu,Philip S. Yu",
        "venue": "ICDM",
        "id": "303691",
        "label": "0",
        "organization": "Microsoft Corp., Redmond, WA"
    },
    {
        "title": "Learning with Positive and Unlabeled Examples Using Weighted Logistic Regression",
        "year": "2003",
        "authors": "Wee Sun Lee,Bing Liu",
        "venue": "ICML",
        "id": "335212",
        "label": "0",
        "organization": "null"
    },
    {
        "title": "Partially Supervised Classification of Text Documents",
        "year": "2002",
        "authors": "Bing Liu,Wee Sun Lee,Philip S. Yu,Xiaoli Li",
        "venue": "ICML",
        "id": "335275",
        "label": "0",
        "organization": "null"
    },
    {
        "title": "An Adaptive Schedule Medium Access Control for Wireless Sensor Networks",
        "year": "2007",
        "authors": "Bing Liu,Lin Zhang,Huimin Zhang",
        "venue": "ICN",
        "id": "337281",
        "label": "6",
        "organization": "Beijing University of Posts and Telecommunications, China"
    },
    {
        "title": "Integrating Rules and Constraints",
        "year": "1994",
        "authors": "Bing Liu",
        "venue": "ICTAI",
        "id": "367226",
        "label": "0",
        "organization": "Dept. of Inf. Syst. Comput. Sci., Nat. Univ. of Singapore"
    },
    {
        "title": "A Small Listener for Heterogeneous Mobile Devices: A Service Enabler with a Uniform Web Object View",
        "year": "2005",
        "authors": "Bing Liu,Sushil K. Prasad,Erdogan Dogdu",
        "venue": "ICWS",
        "id": "370781",
        "label": "10",
        "organization": "Virginia Polytechnic Institute and State University, Blacksburg"
    },
    {
        "title": "A Refinement Approach to Search and Constraint Satisfaction Problem",
        "year": "1995",
        "authors": "Bing Liu",
        "venue": "IEA/AIE",
        "id": "374393",
        "label": "0",
        "organization": "null"
    },
    {
        "title": "Intelligent Air Travel and Tourist Information Systems",
        "year": "1995",
        "authors": "Bing Liu",
        "venue": "IEA/AIE",
        "id": "374396",
        "label": "0",
        "organization": "null"
    },
    {
        "title": "Using Knowledge to Isolate Search in Route Finding",
        "year": "1995",
        "authors": "Bing Liu",
        "venue": "IJCAI",
        "id": "389510",
        "label": "0",
        "organization": "null"
    },
    {
        "title": "Learning to Classify Texts Using Positive and Unlabeled Data",
        "year": "2003",
        "authors": "Xiaoli Li,Bing Liu",
        "venue": "IJCAI",
        "id": "389524",
        "label": "0",
        "organization": "null"
    },
    {
        "title": "Increasing Functional Constraints Need to Be Checked Only Once",
        "year": "1995",
        "authors": "Bing Liu",
        "venue": "IJCAI (1)",
        "id": "389605",
        "label": "0",
        "organization": "null"
    },
    {
        "title": "Discovering Interesting Holes in Data",
        "year": "1997",
        "authors": "Bing Liu,Liang-Ping Ku,Wynne Hsu",
        "venue": "IJCAI (2)",
        "id": "389615",
        "label": "0",
        "organization": "null"
    },
    {
        "title": "Web Page Cleaning for Web Mining through Feature Weighting",
        "year": "2003",
        "authors": "Lan Yi,Bing Liu",
        "venue": "IJCAI",
        "id": "391220",
        "label": "0",
        "organization": "null"
    },
    {
        "title": "Learning to Identify Unexpected Instances in the Test Set",
        "year": "2007",
        "authors": "Xiaoli Li,Bing Liu,See-Kiong Ng",
        "venue": "IJCAI",
        "id": "391440",
        "label": "0",
        "organization": "null"
    },
    {
        "title": "ECO: An Empirical-Based Compilation and Optimization System",
        "year": "2003",
        "authors": "Nastaran Baradaran,Jacqueline Chame,Chun Chen,Pedro C. Diniz,Mary W. Hall,Yoon-Ju Lee,Bing Liu,Robert F. Lucas",
        "venue": "IPDPS",
        "id": "408098",
        "label": "14",
        "organization": "Inf. Sci. Inst., Univ. of Southern California, Marina del Rey, CA, USA"
    },
    {
        "title": "A Novel Fuzzy Neural Network with Fast Training and Accurate Generalization",
        "year": "2004",
        "authors": "Lipo Wang,Bing Liu,Chunru Wan",
        "venue": "ISNN (1)",
        "id": "442983",
        "label": "9",
        "organization": "null"
    },
    {
        "title": "On the Universal Approximation Theorem of Fuzzy Neural Networks with Random Membership Function Parameters",
        "year": "2005",
        "authors": "Lipo Wang,Bing Liu,Chunru Wan",
        "venue": "ISNN (1)",
        "id": "442985",
        "label": "9",
        "organization": "null"
    },
    {
        "title": "Mining and summarizing customer reviews",
        "year": "2004",
        "authors": "Minqing Hu,Bing Liu",
        "venue": "KDD",
        "id": "472557",
        "label": "0",
        "organization": "University of Illinois at Chicago, Chicago, IL"
    },
    {
        "title": "Exploration mining in diabetic patients databases: findings and conclusions",
        "year": "2000",
        "authors": "Wynne Hsu,Mong-Li Lee,Bing Liu,Tok Wang Ling",
        "venue": "KDD",
        "id": "472812",
        "label": "0",
        "organization": "School of Computing, National University of Singapore, Lower Kent Ridge Road, Singapore 119260"
    },
    {
        "title": "Mining data records in Web pages",
        "year": "2003",
        "authors": "Bing Liu,Robert L. Grossman,Yanhong Zhai",
        "venue": "KDD",
        "id": "473022",
        "label": "0",
        "organization": "University of Illinois at Chicago, Chicago, IL"
    },
    {
        "title": "Using General Impressions to Analyze Discovered Classification Rules",
        "year": "1997",
        "authors": "Bing Liu,Wynne Hsu,Shu Chen",
        "venue": "KDD",
        "id": "473023",
        "label": "0",
        "organization": "null"
    },
    {
        "title": "Multi-level organization and summarization of the discovered rules",
        "year": "2000",
        "authors": "Bing Liu,Minqing Hu,Wynne Hsu",
        "venue": "KDD",
        "id": "473024",
        "label": "0",
        "organization": "School of Computing, National University of Singapore, 3 Science Drive 2, Singapore 117543"
    },
    {
        "title": "Identifying non-actionable association rules",
        "year": "2001",
        "authors": "Bing Liu,Wynne Hsu,Yiming Ma",
        "venue": "KDD",
        "id": "473025",
        "label": "0",
        "organization": "National University of Singapore, Singapore"
    },
    {
        "title": "Discovering the set of fundamental rule changes",
        "year": "2001",
        "authors": "Bing Liu,Wynne Hsu,Yiming Ma",
        "venue": "KDD",
        "id": "473026",
        "label": "0",
        "organization": "National University of Singapore, Singapore"
    },
    {
        "title": "Integrating Classification and Association Rule Mining",
        "year": "1998",
        "authors": "Bing Liu,Wynne Hsu,Yiming Ma",
        "venue": "KDD",
        "id": "473027",
        "label": "0",
        "organization": "null"
    },
    {
        "title": "Pruning and Summarizing the Discovered Associations",
        "year": "1999",
        "authors": "Bing Liu,Wynne Hsu,Yiming Ma",
        "venue": "KDD",
        "id": "473028",
        "label": "0",
        "organization": "null"
    },
    {
        "title": "Mining Association Rules with Multiple Minimum Supports",
        "year": "1999",
        "authors": "Bing Liu,Wynne Hsu,Yiming Ma",
        "venue": "KDD",
        "id": "473029",
        "label": "0",
        "organization": "null"
    },
    {
        "title": "Mining Interesting Knowledge Using DM-II",
        "year": "1999",
        "authors": "Bing Liu,Wynne Hsu,Yiming Ma,Shu Chen",
        "venue": "KDD",
        "id": "473030",
        "label": "0",
        "organization": "null"
    },
    {
        "title": "Discovering unexpected information from your competitors' web sites",
        "year": "2001",
        "authors": "Bing Liu,Yiming Ma,Philip S. Yu",
        "venue": "KDD",
        "id": "473033",
        "label": "0",
        "organization": "School of Computing, National University of Singapore, Singapore 117543"
    },
    {
        "title": "Rule interestingness analysis using OLAP operations",
        "year": "2006",
        "authors": "Bing Liu,Kaidi Zhao,Jeffrey Benkler,Weimin Xiao",
        "venue": "KDD",
        "id": "473037",
        "label": "0",
        "organization": "University of Illinois at Chicago, Chicago, IL"
    },
    {
        "title": "Targeting the right students using data mining",
        "year": "2000",
        "authors": "Yiming Ma,Bing Liu,Ching Kian Wong,Philip S. Yu,Shuik Ming Lee",
        "venue": "KDD",
        "id": "473047",
        "label": "0",
        "organization": "School of Computing, National University of Singapore, 3 Science Drive 2, Singapore 117543"
    },
    {
        "title": "Querying multiple sets of discovered rules",
        "year": "2002",
        "authors": "Alexander Tuzhilin,Bing Liu",
        "venue": "KDD",
        "id": "473370",
        "label": "0",
        "organization": "National University of Singapore, Singapore"
    },
    {
        "title": "Interestingness-Based Interval Merger for Numeric Association Rules",
        "year": "1998",
        "authors": "Ke Wang,Soon Hock William Tay,Bing Liu",
        "venue": "KDD",
        "id": "473400",
        "label": "0",
        "organization": "null"
    },
    {
        "title": "A refinement approach to handling model misfit in text categorization",
        "year": "2002",
        "authors": "Haoran Wu,Tong-Heng Phang,Bing Liu,Xiaoli Li",
        "venue": "KDD",
        "id": "473438",
        "label": "0",
        "organization": "National University of Singapore, Singapore"
    },
    {
        "title": "Opportunity map: identifying causes of failure - a deployed data mining system",
        "year": "2006",
        "authors": "Kaidi Zhao,Bing Liu,Jeffrey Benkler,Weimin Xiao",
        "venue": "KDD",
        "id": "473484",
        "label": "0",
        "organization": "University of Illinois at Chicago, Chicago, IL"
    },
    {
        "title": "V-Miner: using enhanced parallel coordinates to mine product design and test data",
        "year": "2004",
        "authors": "Kaidi Zhao,Bing Liu,Thomas M. Tirpak,Andreas Schaller",
        "venue": "KDD",
        "id": "473486",
        "label": "0",
        "organization": "University of Illinois at Chicago, Chicago, IL"
    },
    {
        "title": "Eliminating noisy information in Web pages for data mining",
        "year": "2003",
        "authors": "Lan Yi,Bing Liu,Xiaoli Li",
        "venue": "KDD",
        "id": "473513",
        "label": "0",
        "organization": "University of Illinois at Chicago, Chicago, IL"
    },
    {
        "title": "Accelerated Bundle Adjustment in Multiple-View Reconstruction",
        "year": "2003",
        "authors": "Bing Liu,Maoyuan Yu,Dennis Maier,Reinhard Manner",
        "venue": "KES",
        "id": "475089",
        "label": "11",
        "organization": "null"
    },
    {
        "title": "Selector: A Language Construct for Developing Dynamic Applications",
        "year": "2002",
        "authors": "Pedro C. Diniz,Bing Liu",
        "venue": "LCPC",
        "id": "483074",
        "label": "14",
        "organization": "null"
    },
    {
        "title": "Forward and Backward Chaining in Constraint Programming (Abstract)",
        "year": "1997",
        "authors": "Joxan Jaffar,Bing Liu,Roland H. C. Yap",
        "venue": "LPNMR",
        "id": "487716",
        "label": "0",
        "organization": "null"
    },
    {
        "title": "SyD: A Middleware Testbed for Collaborative Applications over Small Heterogeneous Devices and Data Stores",
        "year": "2004",
        "authors": "Sushil K. Prasad,Vijay K. Madisetti,Shamkant B. Navathe,Raj Sunderraman,Erdogan Dogdu,Anu G. Bourgeois,Michael Weeks,Bing Liu,Janaka Balasooriya,Arthi Hariharan,Wanxia Xie,Praveen Madiraju,Srilaxmi Malladi,Raghupathy Sivakumar,Alexander Zelikovsky,Yanqing Zhang,Yi Pan,Saeid Belkasim",
        "venue": "Middleware",
        "id": "499961",
        "label": "10",
        "organization": "null"
    },
    {
        "title": "Visually Aided Exploration of Interesting Association Rules",
        "year": "1999",
        "authors": "Bing Liu,Wynne Hsu,Ke Wang,Shu Chen",
        "venue": "PAKDD",
        "id": "526962",
        "label": "0",
        "organization": "null"
    },
    {
        "title": "Discovering Overlapping Communities of Named Entities",
        "year": "2006",
        "authors": "Xin Li,Bing Liu,Philip S. Yu",
        "venue": "PKDD",
        "id": "541840",
        "label": "0",
        "organization": "null"
    },
    {
        "title": "Improving an Association Rule Based Classifier",
        "year": "2000",
        "authors": "Bing Liu,Yiming Ma,Ching Kian Wong",
        "venue": "PKDD",
        "id": "541862",
        "label": "0",
        "organization": "null"
    },
    {
        "title": "Semantic Text Classification of Emergent Disease Reports",
        "year": "2007",
        "authors": "Yi Zhang,Bing Liu",
        "venue": "PKDD",
        "id": "542095",
        "label": "0",
        "organization": "Department of Computer Science, University of Illinois at Chicago, 851 S. Morgan Street, Chicago IL 60607, USA"
    },
    {
        "title": "An Improved Generic Arc Consistency Algorithm and Its Specializations",
        "year": "1996",
        "authors": "Bing Liu",
        "venue": "PRICAI",
        "id": "551650",
        "label": "0",
        "organization": "null"
    },
    {
        "title": "Using Decision Tree Induction for Discovering Holes in Data",
        "year": "1998",
        "authors": "Bing Liu,Ke Wang,Lai-Fun Mun,Xin-Zhi Qi",
        "venue": "PRICAI",
        "id": "551664",
        "label": "0",
        "organization": "School of Computing, National University of Singapore, Lower Kent Ridge Road, Singapore 119260"
    },
    {
        "title": "Concurrent Discretization of Multiple Attributes",
        "year": "1998",
        "authors": "Ke Wang,Bing Liu",
        "venue": "PRICAI",
        "id": "551898",
        "label": "0",
        "organization": "null"
    },
    {
        "title": "A Bottom-Up Distance-Based Index Tree for Metric Space",
        "year": "2006",
        "authors": "Bing Liu,Zhihui Wang,Xiaoming Yang,Wei Wang,Baile Shi",
        "venue": "RSKT",
        "id": "562293",
        "label": "0",
        "organization": "Dept. of Comput. & Inf. Technol., Fudan Univ., Shanghai"
    },
    {
        "title": "Subsequence Similarity Search Under Time Shifting",
        "year": "2006",
        "authors": "Bing Liu,Jianjun Xu,Zhihui Wang,Wei Wang,Baile Shi",
        "venue": "RSKT",
        "id": "562295",
        "label": "0",
        "organization": "Dept. of Comput. & Inf. Technol., Fudan Univ., Shanghai"
    },
    {
        "title": "Discovering Frequent Substructures from Hierarchical Semi-structured Data",
        "year": "2002",
        "authors": "Gao Cong,Lan Yi,Bing Liu,Ke Wang",
        "venue": "SDM",
        "id": "579035",
        "label": "0",
        "organization": "null"
    },
    {
        "title": "Identifying comparative sentences in text documents",
        "year": "2006",
        "authors": "Nitin Jindal,Bing Liu",
        "venue": "SIGIR",
        "id": "595109",
        "label": "0",
        "organization": "null"
    },
    {
        "title": "Semantic text classification of disease reporting",
        "year": "2007",
        "authors": "Yi Zhang,Bing Liu",
        "venue": "SIGIR",
        "id": "596209",
        "label": "0",
        "organization": "University of Illinois at Chicago, Chicago, IL"
    },
    {
        "title": "The utility of linguistic rules in opinion mining",
        "year": "2007",
        "authors": "Xiaowen Ding,Bing Liu",
        "venue": "SIGIR",
        "id": "596295",
        "label": "0",
        "organization": "University of Illinois at Chicago, Chicago, IL"
    },
    {
        "title": "MAC Performance and Improvement in Mobile Wireless Sensor Networks",
        "year": "2007",
        "authors": "Bing Liu,Ke Yu,Lin Zhang,Huimin Zhang",
        "venue": "SNPD (3)",
        "id": "609466",
        "label": "6",
        "organization": "Beijing University of Posts and Telecommunications, China"
    },
    {
        "title": "Recognition of 3D Objects from 2D Images - Some Issues",
        "year": "1996",
        "authors": "Bing Liu,P. Wang",
        "venue": "SSPR",
        "id": "618933",
        "label": "3",
        "organization": "null"
    },
    {
        "title": "A Reputation Management Scheme Based on Global Trust Model for Peer-to-Peer Virtual Communities",
        "year": "2006",
        "authors": "Jingtao Li,Xueping Wang,Bing Liu,Qian Wang,Gendu Zhang",
        "venue": "WAIM",
        "id": "651973",
        "label": "0",
        "organization": "null"
    },
    {
        "title": "Dynamic Incremental Data Summarization for Hierarchical Clustering",
        "year": "2006",
        "authors": "Bing Liu,Yuliang Shi,Zhihui Wang,Wei Wang,Baile Shi",
        "venue": "WAIM",
        "id": "652000",
        "label": "0",
        "organization": "null"
    },
    {
        "title": "Tight Bounds on the Estimation Distance Using Wavelet",
        "year": "2006",
        "authors": "Bing Liu,Zhihui Wang,Jingtao Li,Wei Wang,Baile Shi",
        "venue": "WAIM",
        "id": "652003",
        "label": "0",
        "organization": "null"
    },
    {
        "title": "An Effective Approach for Hiding Sensitive Knowledge in Data Publishing",
        "year": "2006",
        "authors": "Zhihui Wang,Bing Liu,Wei Wang,Haofeng Zhou,Baile Shi",
        "venue": "WAIM",
        "id": "652101",
        "label": "0",
        "organization": "null"
    },
    {
        "title": "An EM Based Training Algorithm for Cross-Language Text Categorization",
        "year": "2005",
        "authors": "Leonardo Rigutini,Marco Maggini,Bing Liu",
        "venue": "Web Intelligence",
        "id": "655065",
        "label": "0",
        "organization": "University of Illinois at Chicago"
    },
    {
        "title": "Adding the Temporal Dimension to Search - A Case Study in Publication Search",
        "year": "2005",
        "authors": "Philip S. Yu,Xin Li,Bing Liu",
        "venue": "Web Intelligence",
        "id": "655134",
        "label": "0",
        "organization": "IBM TJ Watson Res. Center, Hawthorne, NY, USA"
    },
    {
        "title": "WISE-2005 Tutorial: Web Content Mining",
        "year": "2005",
        "authors": "Bing Liu",
        "venue": "WISE",
        "id": "663551",
        "label": "0",
        "organization": "null"
    },
    {
        "title": "NET - A System for Extracting Web Data from Flat and Nested Data Records",
        "year": "2005",
        "authors": "Bing Liu,Yanhong Zhai",
        "venue": "WISE",
        "id": "663755",
        "label": "0",
        "organization": "null"
    },
    {
        "title": "Extracting Web Data Using Instance-Based Learning",
        "year": "2005",
        "authors": "Yanhong Zhai,Bing Liu",
        "venue": "WISE",
        "id": "664006",
        "label": "0",
        "organization": "null"
    },
    {
        "title": "Dealing with different distributions in learning from",
        "year": "2004",
        "authors": "Xiaoli Li,Bing Liu",
        "venue": "WWW (Alternate Track Papers  Posters)",
        "id": "673801",
        "label": "0",
        "organization": "null"
    },
    {
        "title": "Mining topic-specific concepts and definitions on the web",
        "year": "2003",
        "authors": "Bing Liu,Chee Wee Chin,Hwee Tou Ng",
        "venue": "WWW",
        "id": "674341",
        "label": "0",
        "organization": "University of Illinois at Chicago, Chicago, IL"
    },
    {
        "title": "Opinion observer: analyzing and comparing opinions on the Web",
        "year": "2005",
        "authors": "Bing Liu,Minqing Hu,Junsheng Cheng",
        "venue": "WWW",
        "id": "674347",
        "label": "0",
        "organization": "University of Illinois at Chicago, Chicago, IL"
    },
    {
        "title": "Visualizing web site comparisons",
        "year": "2002",
        "authors": "Bing Liu,Kaidi Zhao,Lan Yi",
        "venue": "WWW",
        "id": "674368",
        "label": "0",
        "organization": "National University of Singapore/Singapore-MIT Alliance, Singapore"
    },
    {
        "title": "On the temporal dimension of search",
        "year": "2004",
        "authors": "Philip S. Yu,Xin Li,Bing Liu",
        "venue": "WWW (Alternate Track Papers  Posters)",
        "id": "674878",
        "label": "0",
        "organization": "null"
    },
    {
        "title": "Web data extraction based on partial tree alignment",
        "year": "2005",
        "authors": "Yanhong Zhai,Bing Liu",
        "venue": "WWW",
        "id": "674890",
        "label": "0",
        "organization": "University of Illinois at Chicago, Chicago, IL"
    },
    {
        "title": "Review spam detection",
        "year": "2007",
        "authors": "Nitin Jindal,Bing Liu",
        "venue": "WWW",
        "id": "675151",
        "label": "0",
        "organization": "University of Illinois at Chicago"
    },
    {
        "title": "Extracting Web Data Using Instance-Based Learning",
        "year": "2007",
        "authors": "Yanhong Zhai,Bing Liu",
        "venue": "World Wide Web",
        "id": "675269",
        "label": "0",
        "organization": "Department of Computer Science, University of Illinois at Chicago, Chicago, USA 60607"
    },
    {
        "title": "Classification using support vector machines with graded resolution",
        "year": "2005",
        "authors": "Lipo Wang,Bing Liu,Chunru Wan",
        "venue": "GrC",
        "id": "686956",
        "label": "9",
        "organization": "Coll. of Inf. Eng., Xiangtan Univ., China"
    },
    {
        "title": "A holistic lexicon-based approach to opinion mining",
        "year": "2008",
        "authors": "Xiaowen Ding,Bing Liu,Philip S. Yu",
        "venue": "WSDM",
        "id": "710420",
        "label": "0",
        "organization": "University of Illinois at Chicago, Chicago, IL"
    },
    {
        "title": "Opinion spam and analysis",
        "year": "2008",
        "authors": "Nitin Jindal,Bing Liu",
        "venue": "WSDM",
        "id": "710428",
        "label": "0",
        "organization": "University of Illinois at Chicago, Chicago, IL"
    },
    {
        "title": "Scheduling via reinforcement",
        "year": "1988",
        "authors": "Bing Liu",
        "venue": "AI in Engineering",
        "id": "743698",
        "label": "0",
        "organization": "null"
    },
    {
        "title": "Scoring the Data Using Association Rules",
        "year": "2003",
        "authors": "Bing Liu,Yiming Ma,Ching Kian Wong,Philip S. Yu",
        "venue": "Appl. Intell.",
        "id": "755019",
        "label": "0",
        "organization": "School of Computing, National University of Singapore, 3 Science Drive 2, Singapore 117543. liub@comp.nus.edu.sg"
    },
    {
        "title": "Positive solutions of three-point boundary value problems for the one-dimensional p-laplacian with infinitely many singularities",
        "year": "2004",
        "authors": "Bing Liu",
        "venue": "Appl. Math. Lett.",
        "id": "756010",
        "label": "17",
        "organization": "null"
    },
    {
        "title": "Existence and uniqueness of solutionsto first-order multipoint boundary value problems",
        "year": "2004",
        "authors": "Bing Liu",
        "venue": "Appl. Math. Lett.",
        "id": "756018",
        "label": "17",
        "organization": "null"
    },
    {
        "title": "Note on third-order boundary value problem for differential equations with deviating arguments",
        "year": "2002",
        "authors": "Bing Liu,Jian She Yu",
        "venue": "Appl. Math. Lett.",
        "id": "756040",
        "label": "17",
        "organization": "null"
    },
    {
        "title": "Characterizing the dynamic connectivity between genes by variable parameter regression and Kalman filtering based on temporal gene expression data",
        "year": "2005",
        "authors": "Qinghua Cui,Bing Liu,Tianzi Jiang,Songde Ma",
        "venue": "Bioinformatics",
        "id": "763403",
        "label": "15",
        "organization": "National Laboratory of Pattern Recognition, Institute of Automation, Chinese Academy of Sciences Beijing 100080, People's Republic of China"
    },
    {
        "title": "Esub8: A novel tool to predict protein subcellular localizations in eukaryotic organisms",
        "year": "2004",
        "authors": "Qinghua Cui,Tianzi Jiang,Bing Liu,Songde Ma",
        "venue": "BMC Bioinformatics",
        "id": "768594",
        "label": "15",
        "organization": "null"
    },
    {
        "title": "A combinational feature selection and ensemble neural network method for classification of gene expression data",
        "year": "2004",
        "authors": "Bing Liu,Qinghua Cui,Tianzi Jiang,Songde Ma",
        "venue": "BMC Bioinformatics",
        "id": "768798",
        "label": "15",
        "organization": "null"
    },
    {
        "title": "Business applications of data mining",
        "year": "2002",
        "authors": "Chidanand Apte,Bing Liu,Edwin P. D. Pednault,Padhraic Smyth",
        "venue": "Commun. ACM",
        "id": "769581",
        "label": "0",
        "organization": "Department of Computer Science at the University of Illinois at Chicago."
    },
    {
        "title": "Managing large collections of data mining models",
        "year": "2008",
        "authors": "Bing Liu,Alexander Tuzhilin",
        "venue": "Commun. ACM",
        "id": "777762",
        "label": "0",
        "organization": "University of Illinois at Chicago"
    },
    {
        "title": "Conceptual design: issues and challenges",
        "year": "2000",
        "authors": "Wynne Hsu,Bing Liu",
        "venue": "Computer-Aided Design",
        "id": "778648",
        "label": "0",
        "organization": "null"
    },
    {
        "title": "Finding the Shortest Route Using Cases, Knowledge, and Djikstra's Algorithm",
        "year": "1994",
        "authors": "Bing Liu,Siew-Hwee Choo,Shee-Ling Lok,Sing-Meng Leong,Soo-Chee Lee,Foong-Ping Poon,Hwee-Har Tan",
        "venue": "IEEE Expert",
        "id": "875062",
        "label": "0",
        "organization": "Dept. of Inf. Syst. & Comput. Sci., Nat. Univ. of Singapore"
    },
    {
        "title": "Mining Web Pages for Data Records",
        "year": "2004",
        "authors": "Bing Liu,Robert L. Grossman,Yanhong Zhai",
        "venue": "IEEE Intelligent Systems",
        "id": "875065",
        "label": "0",
        "organization": "University of Illinois at Chicago"
    },
    {
        "title": "Analyzing the Subjective Interestingness of Association Rules",
        "year": "2000",
        "authors": "Bing Liu,Wynne Hsu,Shu Chen,Yiming Ma",
        "venue": "IEEE Intelligent Systems",
        "id": "875066",
        "label": "0",
        "organization": "Nat. Univ. of Singapore, Singapore"
    },
    {
        "title": "A Neural Network Approach to Shape from Shading",
        "year": "2003",
        "authors": "Tianzi Jiang,Bing Liu,Yingli Lu,David J. Evans",
        "venue": "Int. J. Comput. Math.",
        "id": "906495",
        "label": "15",
        "organization": "null"
    },
    {
        "title": "Systematic benchmarking of microarray data feature extraction and classification",
        "year": "2008",
        "authors": "Jing Zhang,Tianzi Jiang,Bing Liu,Xingpeng Jiang,Huizhi Zhao",
        "venue": "Int. J. Comput. Math.",
        "id": "907015",
        "label": "15",
        "organization": "null"
    },
    {
        "title": "An Efficient and Accurate Method for 3D-Point Reconstruction from Multiple Views",
        "year": "2005",
        "authors": "Bing Liu,Maoyuan Yu,Dennis Maier,Reinhard Manner",
        "venue": "International Journal of Computer Vision",
        "id": "907982",
        "label": "11",
        "organization": "Lehrstuhl f r Informatik V, Universit t Mannheim, Mannheim, Germany D-68131"
    },
    {
        "title": "An Empirical Study of the Universal Chemical Key Algorithm for Assigning Unique Keys to Chemical Compounds",
        "year": "2004",
        "authors": "Robert L. Grossman,Pavan Kasturi,Donald Hamelberg,Bing Liu",
        "venue": "J. Bioinformatics and Computational Biology",
        "id": "959166",
        "label": "0",
        "organization": "null"
    },
    {
        "title": "SARS-CoV protease inhibitors design using virtual screening method from natural products libraries",
        "year": "2005",
        "authors": "Bing Liu,Jiaju Zhou",
        "venue": "Journal of Computational Chemistry",
        "id": "963560",
        "label": "1",
        "organization": "null"
    },
    {
        "title": "Top 10 algorithms in data mining",
        "year": "2008",
        "authors": "Xindong Wu,Vipin Kumar,J. Ross Quinlan,Joydeep Ghosh,Qiang Yang,Hiroshi Motoda,Geoffrey J. McLachlan,Angus F. M. Ng,Bing Liu,Philip S. Yu,Zhi-Hua Zhou,Michael Steinbach,David J. Hand,Dan Steinberg",
        "venue": "Knowl. Inf. Syst.",
        "id": "1003702",
        "label": "0",
        "organization": "null"
    },
    {
        "title": "Editorial: special issue on web content mining",
        "year": "2004",
        "authors": "Bing Liu,Kevin Chen-Chuan Chang",
        "venue": "SIGKDD Explorations",
        "id": "1063588",
        "label": "0",
        "organization": "University of Illinois at Chicago, Chicago, IL"
    },
    {
        "title": "Web for Data Mining: Organizing and Interpreting the Discovered Rules using the Web",
        "year": "2000",
        "authors": "Yiming Ma,Bing Liu,Ching Kian Wong",
        "venue": "SIGKDD Explorations",
        "id": "1063593",
        "label": "0",
        "organization": "null"
    },
    {
        "title": "WebKDD 2004: web mining and web usage analysis post-workshop report",
        "year": "2004",
        "authors": "Olfa Nasraoui,Bamshad Mobasher,Brij M. Masand,Bing Liu",
        "venue": "SIGKDD Explorations",
        "id": "1063610",
        "label": "0",
        "organization": "University of Illinois at Chicago, Chicago, IL"
    },
    {
        "title": "KDD Cup and workshop 2007",
        "year": "2007",
        "authors": "James Bennett,Charles Elkan,Bing Liu,Padhraic Smyth,Domonkos Tikk",
        "venue": "SIGKDD Explorations",
        "id": "1063733",
        "label": "0",
        "organization": "University of Illinois at Chicago, Chicago, IL"
    },
    {
        "title": "Research Activities in Database Management and Information Retrieval at the University of Illinois at Chicago",
        "year": "2002",
        "authors": "Isabel F. Cruz,Ashfaq A. Khokhar,Bing Liu,A. Prasad Sistla,Ouri Wolfson,Clement T. Yu",
        "venue": "SIGMOD Record",
        "id": "1064846",
        "label": "0",
        "organization": "null"
    },
    {
        "title": "ConstraintLisp: an object-oriented constraint programming language",
        "year": "1992",
        "authors": "Bing Liu,Yuen-Wah Ku",
        "venue": "SIGPLAN Notices",
        "id": "1067720",
        "label": "0",
        "organization": "null"
    },
    {
        "title": "Guest Editors' Introduction: Special Section on Mining and Searching the Web",
        "year": "2004",
        "authors": "Bing Liu,Soumen Chakrabarti",
        "venue": "IEEE Trans. Knowl. Data Eng.",
        "id": "1113197",
        "label": "0",
        "organization": "University of Illinois at Chicago"
    },
    {
        "title": "Finding Interesting Patterns Using User Expectations",
        "year": "1999",
        "authors": "Bing Liu,Wynne Hsu,Lai-Fun Mun,Hing-Yan Lee",
        "venue": "IEEE Trans. Knowl. Data Eng.",
        "id": "1113207",
        "label": "0",
        "organization": "Dept. of Inf. Syst. & Comput. Sci., Nat. Univ. of Singapore"
    },
    {
        "title": "Structured Data Extraction from the Web Based on Partial Tree Alignment",
        "year": "2006",
        "authors": "Yanhong Zhai,Bing Liu",
        "venue": "IEEE Trans. Knowl. Data Eng.",
        "id": "1113812",
        "label": "0",
        "organization": "Dept. of Comput. Sci., Illinois Univ., Chicago, IL"
    },
    {
        "title": "Guest Editors' Introduction: Special Section on Intelligent Data Preparation",
        "year": "2005",
        "authors": "Chengqi Zhang,Qiang Yang,Bing Liu",
        "venue": "IEEE Trans. Knowl. Data Eng.",
        "id": "1113840",
        "label": "0",
        "organization": "IEEE Computer Society"
    },
    {
        "title": "The dynamics of a prey-dependent consumption model concerning impulsive control strategy",
        "year": "2005",
        "authors": "Bing Liu,Lansun Chen,Yujuan Zhang",
        "venue": "Applied Mathematics and Computation",
        "id": "1148990",
        "label": "16",
        "organization": "null"
    },
    {
        "title": "Dynamic Complexities in a Lotka-volterra Predator-prey Model Concerning impulsive Control Strategy",
        "year": "2005",
        "authors": "Bing Liu,Yujuan Zhang,Lansun Chen",
        "venue": "I. J. Bifurcation and Chaos",
        "id": "1194213",
        "label": "16",
        "organization": "null"
    },
    {
        "title": "Web Data Mining: Exploring Hyperlinks, Contents, and Usage Data",
        "year": "2007",
        "authors": "Bing Liu",
        "venue": "null",
        "id": "1204666",
        "label": "0",
        "organization": "null"
    },
    {
        "title": "Entity discovery and assignment for opinion mining applications",
        "year": "2009",
        "authors": "Xiaowen Ding,Bing Liu,Lei Zhang",
        "venue": "KDD",
        "id": "1212507",
        "label": "0",
        "organization": "University of Illinois at Chicago, Chicago, IL, USA"
    },
    {
        "title": "Positive Unlabeled Learning for Data Stream Classification",
        "year": "2009",
        "authors": "Xiaoli Li,Philip S. Yu,Bing Liu,See-Kiong Ng",
        "venue": "SDM",
        "id": "1213601",
        "label": "0",
        "organization": "null"
    },
    {
        "title": "Positive solutions of a nonlinear four-point boundary value problems",
        "year": "2004",
        "authors": "Bing Liu",
        "venue": "Applied Mathematics and Computation",
        "id": "1229568",
        "label": "17",
        "organization": "null"
    },
    {
        "title": "Web Data Mining: Exploring Hyperlinks, Contents, and Usage Data",
        "year": "2007",
        "authors": "Bing Liu",
        "venue": "null",
        "id": "1235972",
        "label": "0",
        "organization": "null"
    },
    {
        "title": "What's behind topic formation and development: a perspective of community core groups",
        "year": "2009",
        "authors": "Tieyun Qian,Qing Li,Bing Liu,Hui Xiong,Jaideep Srivastava,Phillip C.-Y. Sheu",
        "venue": "CIKM",
        "id": "1239226",
        "label": "0",
        "organization": "University of Illinois at Chicago, Chicago, IL, USA"
    },
    {
        "title": "Probabilistic Approximations of Signaling Pathway Dynamics",
        "year": "2009",
        "authors": "Bing Liu,P. S. Thiagarajan,David Hsu",
        "venue": "CMSB",
        "id": "1239833",
        "label": "0",
        "organization": "NUS Graduate School for Integrative Sciences and Engineering, National University of Singapore,"
    },
    {
        "title": "Towards the SocioScope: an information system for the study of social dynamics through digital traces",
        "year": "2009",
        "authors": "Andrea Vaccari,Francesco Calabrese,Bing Liu,Carlo Ratti",
        "venue": "GIS",
        "id": "1244164",
        "label": "0",
        "organization": "null"
    },
    {
        "title": "Expanding Domain Sentiment Lexicon through Double Propagation",
        "year": "2009",
        "authors": "Guang Qiu,Bing Liu,Jiajun Bu,Chun Chen",
        "venue": "IJCAI",
        "id": "1249682",
        "label": "0",
        "organization": "null"
    },
    {
        "title": "A singular integral of the composite operator",
        "year": "2009",
        "authors": "Shusen Ding,Bing Liu",
        "venue": "Appl. Math. Lett.",
        "id": "1266617",
        "label": "17",
        "organization": "null"
    },
    {
        "title": "Discovery of functional miRNA-mRNA regulatory modules with computational methods",
        "year": "2009",
        "authors": "Bing Liu,Jiuyong Li,Anna Tsykin",
        "venue": "Journal of Biomedical Informatics",
        "id": "1277422",
        "label": "4",
        "organization": "School of Computer and Information Science, University of South Australia, Mawson Lakes, SA 5095, Australia"
    },
    {
        "title": "A note on a nonlocal boundary value problems",
        "year": "2004",
        "authors": "Bing Liu",
        "venue": "Applied Mathematics and Computation",
        "id": "1283282",
        "label": "17",
        "organization": "null"
    },
    {
        "title": "Dynamics of a two-species Lotka-Volterra competition system in a polluted environment with pulse toxicant input",
        "year": "2009",
        "authors": "Bing Liu,Lei Zhang",
        "venue": "Applied Mathematics and Computation",
        "id": "1283700",
        "label": "0",
        "organization": "null"
    },
    {
        "title": "Guest editorial",
        "year": "2008",
        "authors": "Srinivasan Parthasarathy,Bing Liu",
        "venue": "Cognitive Technologies",
        "id": "1288314",
        "label": "0",
        "organization": "bogus"
    },
    {
        "title": "Classification by Association Rule Analysis",
        "year": "2009",
        "authors": "Bing Liu",
        "venue": "Theory of Computing Systems",
        "id": "1297210",
        "label": "0",
        "organization": "null"
    },
    {
        "title": "Opinion Mining",
        "year": "2009",
        "authors": "Bing Liu",
        "venue": "Theory of Computing Systems",
        "id": "1298452",
        "label": "0",
        "organization": "null"
    },
    {
        "title": "Semantic-Based Remote Sensing Images Intelligent Service on Grid Environment.",
        "year": "2009",
        "authors": "Naixia Mou,Bing Liu,Xiushan Lu,Lingxian Zhang,Wenbao Liu",
        "venue": "null",
        "id": "1314189",
        "label": "5",
        "organization": "Geomatics Coll., Shandong Univ. of Sci. & Technol., Qingdao, China"
    },
    {
        "title": "A Heuristic Greedy Optimum Algorithm for Target Coverage in Wireless Sensor Networks.",
        "year": "2009",
        "authors": "Hongwu Zhang,Hongyuan Wang,Hongcai Feng,Bing Liu,Bingxiang Gui",
        "venue": "null",
        "id": "1318365",
        "label": "6",
        "organization": "Dept. of Electron. & Inf. Eng., Huazhong Univ. of Sci. & Technol., Wuhan, China"
    },
    {
        "title": "An New Global Dynamic Scheduling Algorithm with Multi-Hop Path Splitting and Multi-Pathing Using GridFTP.",
        "year": "2009",
        "authors": "Bingxiang Gui,Bing Liu",
        "venue": "null",
        "id": "1318398",
        "label": "6",
        "organization": "Dept. of Comput. & Inf. Eng., Wuhan Polytech. Univ., Wuhan, China"
    },
    {
        "title": "An Ontology-Based Approach to Knowledge Management.",
        "year": "2009",
        "authors": "Bing Liu",
        "venue": "null",
        "id": "1318983",
        "label": "6",
        "organization": "Dept. of Comput. & Inf. Eng., Wuhan Polytech. Univ., Wuhan, China"
    },
    {
        "title": "Advances in Web Mining and Web Usage Analysis: 6th International Workshop on Knowledge Discovery on the Web, WEBKDD 2004Seattle, WA, USA, August 22-25, ... Papers (Lecture Notes in Computer Science)",
        "year": "2006",
        "authors": "Bamshad Mobasher,Olfa Nasraoui,Bing Liu,Brij Masand",
        "venue": "null",
        "id": "1353755",
        "label": "0",
        "organization": "null"
    },
    {
        "title": "Web Data Mining: Exploring Hyperlinks, Contents, and Usage Data (Data-Centric Systems and Applications)",
        "year": "2006",
        "authors": "Bing Liu",
        "venue": "null",
        "id": "1357963",
        "label": "0",
        "organization": "null"
    },
    {
        "title": "Proceedings of the Seventh SIAM International Conference on Data Mining",
        "year": "2007",
        "authors": "Chid Apte,Bing Liu,Srinivasan Parthasarathy",
        "venue": "Proceedings In Applied Mathematics",
        "id": "1379741",
        "label": "0",
        "organization": "null"
    },
    {
        "title": "Solvability of multi-point boundary value problem at resonance-part IV",
        "year": "2003",
        "authors": "Bing Liu",
        "venue": "Applied Mathematics and Computation",
        "id": "1415986",
        "label": "17",
        "organization": "Department of Mathematics, Huazhong University of Science and Technology, Wuhan 430074, People's Republic of China"
    },
    {
        "title": "Automatic extraction of outbreak information from news",
        "year": "2008",
        "authors": "Bing Liu",
        "venue": "null",
        "id": "1431826",
        "label": "0",
        "organization": "University of Illinois at Chicago"
    },
    {
        "title": "Solvability of multi-point boundary value problem at resonance (III)",
        "year": "2002",
        "authors": "Bing Liu,Jianshe Yu",
        "venue": "Applied Mathematics and Computation",
        "id": "1522803",
        "label": "17",
        "organization": "College of Mathematics and Statistics, Wuhan University, Wuhan 430072, People's Republic of China"
    },
    {
        "title": "Research activities in database management and information retrieval at University of Illinois at Chicago",
        "year": "2002",
        "authors": "Isabel Cruz,Ashfaq Khokhar,Bing Liu,Prasad Sistla,Ouri Wolfson,Clement Yu",
        "venue": "ACM SIGMOD Record",
        "id": "1618795",
        "label": "0",
        "organization": "University of Illinois at Chicago, Chicago, IL"
    },
    {
        "title": "Reprogrammable gate arrays for hardware accelerated IC design verification",
        "year": "1990",
        "authors": "Alan W. Ptak,Jeffrey A. Dickson,Bing Liu",
        "venue": "Microprocessors Microsystems",
        "id": "1643707",
        "label": "12",
        "organization": "Univ. of Manitoba, Winnipeg, Man., Canada"
    },
    {
        "title": "Robot Obstacle Avoidance based on an Improved Ant Colony Algorithm",
        "year": "2009",
        "authors": "Jie Dong,Bing Liu,Kaixiang Peng,Yixin Yin",
        "venue": "Proceedings of the 2009 WRI Global Congress on Intelligent Systems - Volume 03",
        "id": "1651883",
        "label": "13",
        "organization": "Sch. of Inf. Eng., Univ. of Sci. & Technol., Beijing, China"
    },
    {
        "title": "Content-Based Indexing and Retrieval Method of Chinese Document Images",
        "year": "1999",
        "authors": "Yaodong He,Zao Jiang,Bing Liu,Hong Zhao",
        "venue": "Proceedings of the Fifth International Conference on Document Analysis and Recognition",
        "id": "1694347",
        "label": "2",
        "organization": "Software Center, Northeast Univ. of Technol., Shenyang"
    },
    {
        "title": "Positive solutions of a nonlinear three-point boundary value problem",
        "year": "2002",
        "authors": "Bing Liu",
        "venue": "Applied Mathematics and Computation",
        "id": "1698629",
        "label": "17",
        "organization": "Department of Mathematics, Huazong University of Science and Technology, Wuhan 430074, People's Republic of China and Department of Mathematics, Hubei Normal University, Huangshi, Hubei 435002, People's Republic of China"
    }
]