[
    {
        "title": "Rate-Distortion Optimized Progressive Geometry Compression",
        "year": "2006",
        "authors": "Wenbo Zhang,Bo Liu,Hongbin Zhang",
        "venue": "CGIV",
        "id": "8141",
        "label": "0",
        "organization": "null"
    },
    {
        "title": "Multi-resolution Meshes Deformation Based on Pyramid Coordinates",
        "year": "2007",
        "authors": "Chenming Sha,Bo Liu,Zhanguo Ma,Hongbin Zhang",
        "venue": "CGIV",
        "id": "8149",
        "label": "0",
        "organization": "Beijing University of Technology, China"
    },
    {
        "title": "A Blind Watermarking of 3D Triangular Meshes Using Geometry Image",
        "year": "2007",
        "authors": "Yi-qiang Ni,Bo Liu,Hongbin Zhang",
        "venue": "CGIV",
        "id": "8164",
        "label": "0",
        "organization": "Beijing University of Technology, China"
    },
    {
        "title": "Mesh Editing in ROI with Dual Laplacian",
        "year": "2007",
        "authors": "Qiong Luo,Bo Liu,Zhanguo Ma,Hongbin Zhang",
        "venue": "CGIV",
        "id": "8193",
        "label": "0",
        "organization": "Beijing University of Technology, China"
    },
    {
        "title": "Multi-Agent Based Network Management Task Decomposition and Scheduling",
        "year": "2005",
        "authors": "Bo Liu,Junzhou Luo,Wei Li",
        "venue": "AINA",
        "id": "35593",
        "label": "2",
        "organization": "null"
    },
    {
        "title": "SQUARE: A New TCP Variant for Future High Speed and Long Delay Environments",
        "year": "2008",
        "authors": "Yansheng Qu,Junzhou Luo,Wei Li,Bo Liu,Laurence Tianruo Yang",
        "venue": "AINA",
        "id": "36524",
        "label": "2",
        "organization": "null"
    },
    {
        "title": "Research on Architecture and Key Technology for Service-Oriented Workflow Performance Analysis",
        "year": "2007",
        "authors": "Bo Liu,Yushun Fan",
        "venue": "APWeb/WAIM Workshops",
        "id": "48641",
        "label": "4",
        "organization": "null"
    },
    {
        "title": "Hybrid Particle Swarm Optimization for Flow Shop Scheduling with Stochastic Processing Time",
        "year": "2005",
        "authors": "Bo Liu,Ling Wang,Yihui Jin",
        "venue": "CIS (1)",
        "id": "97041",
        "label": "4",
        "organization": "null"
    },
    {
        "title": "Distributed Intelligent Network Management Model for the Large-Scale Computer Network",
        "year": "2005",
        "authors": "Junzhou Luo,Wei Li,Bo Liu",
        "venue": "CSCWD (Selected papers)",
        "id": "122305",
        "label": "2",
        "organization": "null"
    },
    {
        "title": "Semi-online Task Allocation Algorithm among Cooperative Agents",
        "year": "2006",
        "authors": "Bo Liu,Junzhou Luo,Wei Li",
        "venue": "CSCWD",
        "id": "122388",
        "label": "2",
        "organization": "null"
    },
    {
        "title": "Collective Behavior Analysis of a Class of Social Foraging Swarms",
        "year": "2005",
        "authors": "Bo Liu,Tianguang Chu,Long Wang",
        "venue": "ECAL",
        "id": "166912",
        "label": "6",
        "organization": "null"
    },
    {
        "title": "Controllability of a Leader-Follower Dynamic Network with Interaction Time Delays",
        "year": "2008",
        "authors": "Bo Liu,Jietao Zou,Jie Zhang,Tianguang Chu,Long Wang",
        "venue": "FSKD (5)",
        "id": "218671",
        "label": "6",
        "organization": "null"
    },
    {
        "title": "Variable Weights Decision-Making and Its Fuzzy Inference Implementation",
        "year": "2007",
        "authors": "Bo Liu,Xuejun Zhang,Shangran Xie,Hannan Ma",
        "venue": "FSKD (2)",
        "id": "218884",
        "label": "4",
        "organization": "Tsinghua University, Beijing, China"
    },
    {
        "title": "A Graph-Based Algorithm for Mining Maximal Frequent Itemsets",
        "year": "2007",
        "authors": "Bo Liu,Jiuhui Pan",
        "venue": "FSKD (3)",
        "id": "219061",
        "label": "8",
        "organization": "Jinan University, Guangzhou, China"
    },
    {
        "title": "CoDevFrame: An Event-drive Grid Oriented Cooperative Software Development System",
        "year": "2006",
        "authors": "Bo Liu,Deyu Qi",
        "venue": "GCA",
        "id": "222807",
        "label": "9",
        "organization": "null"
    },
    {
        "title": "Manufacturing Grid: Needs, Concept, and Architecture",
        "year": "2003",
        "authors": "Yushun Fan,Dazhe Zhao,Liqin Zhang,Shuangxi Huang,Bo Liu",
        "venue": "GCC (1)",
        "id": "223591",
        "label": "4",
        "organization": "null"
    },
    {
        "title": "A Distributed Data Server in Grid Environment",
        "year": "2004",
        "authors": "Bin Chen,Nong Xiao,Bo Liu",
        "venue": "GCC Workshops",
        "id": "223628",
        "label": "12",
        "organization": "null"
    },
    {
        "title": "A High-Performance Intelligent Integrated Data Services System in Data Grid",
        "year": "2003",
        "authors": "Bin Huang,Xiaoning Peng,Nong Xiao,Bo Liu",
        "venue": "GCC (1)",
        "id": "223682",
        "label": "12",
        "organization": "null"
    },
    {
        "title": "WBEM Based Distributed Network Monitoring",
        "year": "2004",
        "authors": "Bo Liu,Hui Liu",
        "venue": "GCC Workshops",
        "id": "223836",
        "label": "14",
        "organization": "null"
    },
    {
        "title": "A New Performance Evaluation Model and AHP-Based Analysis Method in Service-Oriented Workflow",
        "year": "2007",
        "authors": "Bo Liu,Yushun Fan",
        "venue": "GCC",
        "id": "224525",
        "label": "4",
        "organization": "Tsinghua University, Beijing"
    },
    {
        "title": "Classification Rule Discovery with Ant Colony Optimization",
        "year": "2003",
        "authors": "Bo Liu,Hussein A. Abbass,Bob McKay",
        "venue": "IAT",
        "id": "260877",
        "label": "8",
        "organization": "null"
    },
    {
        "title": "A Learning Process Using SVMs for Multi-agents Decision Classification",
        "year": "2008",
        "authors": "Yanshan Xiao,Feiqi Deng,Bo Liu,Shouqiang Liu,Dan Luo,Guohua Liang",
        "venue": "Web Intelligence/IAT Workshops",
        "id": "261732",
        "label": "15",
        "organization": "null"
    },
    {
        "title": "Semi-Data-Aided Nonlinear Carrier Recovery for BPSK Burst-Mode Transmissions",
        "year": "2008",
        "authors": "Yunpeng Hu,Hongyi Yu,Bo Liu,Hanying Hu",
        "venue": "ICC",
        "id": "275975",
        "label": "18",
        "organization": "null"
    },
    {
        "title": "Mixed Monte Carlo Parallel Algorithms for Matrix Computation",
        "year": "2002",
        "authors": "Behrouz Fathi,Bo Liu,Vassil N. Alexandrov",
        "venue": "International Conference on Computational Science (2)",
        "id": "278642",
        "label": "16",
        "organization": "null"
    },
    {
        "title": "Numerical Experiments with Monte Carlo Methods and SPAI Preconditioner for Solving System of Linear Equations",
        "year": "2002",
        "authors": "Bo Liu,Behrouz Fathi,Vassil N. Alexandrov",
        "venue": "International Conference on Computational Science (2)",
        "id": "279438",
        "label": "16",
        "organization": "null"
    },
    {
        "title": "Design and Analysis of Test Signals for System Identification",
        "year": "2006",
        "authors": "Bo Liu,Jun Zhao,Jixin Qian",
        "venue": "International Conference on Computational Science (3)",
        "id": "279473",
        "label": "19",
        "organization": "null"
    },
    {
        "title": "Multi-Space-Mapped SVMs for Multi-class Classification",
        "year": "2008",
        "authors": "Bo Liu,Longbing Cao,Philip S. Yu,Chengqi Zhang",
        "venue": "ICDM",
        "id": "303714",
        "label": "15",
        "organization": "null"
    },
    {
        "title": "Improved Differential Evolution with Dynamic Population Size",
        "year": "2006",
        "authors": "Fuzhuo Huang,Ling Wang,Bo Liu",
        "venue": "ICIC (1)",
        "id": "313432",
        "label": "4",
        "organization": "null"
    },
    {
        "title": "DE and NLP Based QPLS Algorithm",
        "year": "2007",
        "authors": "Xiaodong Yu,Dexian Huang,Xiong Wang,Bo Liu",
        "venue": "ICIC (2)",
        "id": "314092",
        "label": "4",
        "organization": "null"
    },
    {
        "title": "Constrained Nonlinear State Estimation - A Differential Evolution Based Moving Horizon Approach",
        "year": "2007",
        "authors": "Yudong Wang,Jingchun Wang,Bo Liu",
        "venue": "ICIC (2)",
        "id": "314151",
        "label": "4",
        "organization": "null"
    },
    {
        "title": "An Energy-Minimizing Mesh Parameterization",
        "year": "2007",
        "authors": "Li Yong,Bo Liu,Hongbin Zhang",
        "venue": "ICME",
        "id": "332946",
        "label": "0",
        "organization": "null"
    },
    {
        "title": "A Study on Information Extraction from PDF Files",
        "year": "2005",
        "authors": "Fang Yuan,Bo Liu,Ge Yu",
        "venue": "ICMLC",
        "id": "336484",
        "label": "22",
        "organization": "null"
    },
    {
        "title": "Research on Service-Oriented Workflow and Performance Evaluation",
        "year": "2007",
        "authors": "Bo Liu,Yushun Fan",
        "venue": "ICWS",
        "id": "371261",
        "label": "4",
        "organization": "null"
    },
    {
        "title": "Joint estimation of image and coil sensitivities in parallel MRI",
        "year": "2006",
        "authors": "Leslie Ying,Jinhua Sheng,Bo Liu",
        "venue": "ISBI",
        "id": "417117",
        "label": "26",
        "organization": "null"
    },
    {
        "title": "Improved spiral sense reconstruction using a multiscale wavelet model",
        "year": "2008",
        "authors": "Bo Liu,Emad Abdelsalam,Jinhua Sheng,Leslie Ying",
        "venue": "ISBI",
        "id": "417695",
        "label": "26",
        "organization": "null"
    },
    {
        "title": "Joint Estimation of Image and Coil Sensitivities in Parallel Spiral MRI",
        "year": "2007",
        "authors": "Jinhua Sheng,Leslie Ying,Erik Wiener,Bo Liu",
        "venue": "ISBI",
        "id": "418016",
        "label": "26",
        "organization": "null"
    },
    {
        "title": "Regularized Sense Reconstruction Using Iteratively Refined Total Variation Method",
        "year": "2007",
        "authors": "Bo Liu,Leslie Ying,Michael Steckner,Jun Xie,Jinhua Sheng",
        "venue": "ISBI",
        "id": "418053",
        "label": "26",
        "organization": "null"
    },
    {
        "title": "The design of nonuniform-band maxmally decimated filter banks",
        "year": "1993",
        "authors": "Bo Liu,Leonard T. Bruton",
        "venue": "ISCAS",
        "id": "422585",
        "label": "31",
        "organization": "null"
    },
    {
        "title": "Adaptive Video Coding using Mixed-Domain Filter Banks having Optimal-Shaped Subbands",
        "year": "1994",
        "authors": "Bo Liu,Leonard T. Bruton",
        "venue": "ISCAS",
        "id": "422587",
        "label": "31",
        "organization": "null"
    },
    {
        "title": "BitTube: Case Study of a Web-Based Peer-Assisted Video-on-Demand System",
        "year": "2008",
        "authors": "Bo Liu,Yi Cui,Bin Chang,Ben Gotow,Yuan Xue",
        "venue": "ISM",
        "id": "437835",
        "label": "29",
        "organization": "null"
    },
    {
        "title": "Twi-Map Support Vector Machine for Multi-classification Problems",
        "year": "2005",
        "authors": "Zhifeng Hao,Bo Liu,Xiaowei Yang,Yanchun Liang,Feng Zhao",
        "venue": "ISNN (1)",
        "id": "442184",
        "label": "15",
        "organization": "null"
    },
    {
        "title": "Designing Neural Networks Using Hybrid Particle Swarm Optimization",
        "year": "2005",
        "authors": "Bo Liu,Ling Wang,Yihui Jin,Dexian Huang",
        "venue": "ISNN (1)",
        "id": "442545",
        "label": "4",
        "organization": "null"
    },
    {
        "title": "Binary Tree Support Vector Machine Based on Kernel Fisher Discriminant for Multi-classification",
        "year": "2006",
        "authors": "Bo Liu,Xiaowei Yang,Zhifeng Hao",
        "venue": "ISNN (1)",
        "id": "442567",
        "label": "15",
        "organization": "null"
    },
    {
        "title": "An Intelligent Differential Evolution Algorithm for Designing Trading-Ratio System of Water Market",
        "year": "2007",
        "authors": "Ying Liu,Bo Liu,Jikun Huang,Yunhua Wu,Ling Wang,Yihui Jin",
        "venue": "ISNN (3)",
        "id": "443725",
        "label": "4",
        "organization": "Department of Automation, Tsinghua University, Beijing 100084, China"
    },
    {
        "title": "Designing Neural Networks Using PSO-Based Memetic Algorithm",
        "year": "2007",
        "authors": "Bo Liu,Ling Wang,Yihui Jin,Dexian Huang",
        "venue": "ISNN (3)",
        "id": "443819",
        "label": "4",
        "organization": "Department of Automation, Tsinghua University, Beijing 100084, China"
    },
    {
        "title": "Hybrid Monte Carlo Methods for Matrix Computation",
        "year": "2002",
        "authors": "Vassil N. Alexandrov,Bo Liu",
        "venue": "Numerical Methods and Application",
        "id": "518969",
        "label": "16",
        "organization": "null"
    },
    {
        "title": "A Novel Worm Detection Model Based on Host Packet Behavior Ranking",
        "year": "2008",
        "authors": "Fengtao Xiao,Huaping Hu,Bo Liu,Xin Chen",
        "venue": "OTM Conferences (2)",
        "id": "525133",
        "label": "35",
        "organization": "School of Computer Science, National University of Defense Technology, Chang Sha, 410073"
    },
    {
        "title": "Incremental Clustering Based on Swarm Intelligence",
        "year": "2006",
        "authors": "Bo Liu,Jiuhui Pan,Robert I. McKay",
        "venue": "SEAL",
        "id": "579905",
        "label": "8",
        "organization": "null"
    },
    {
        "title": "A Scable Peer-to-Peer Overlay for Applications with Time Constraints",
        "year": "2007",
        "authors": "Bo Liu,Yansheng Lu",
        "venue": "SNPD (2)",
        "id": "609317",
        "label": "38",
        "organization": "null"
    },
    {
        "title": "ASG Automated Signature Generation for Worm-Like P2P Traffic Patterns",
        "year": "2008",
        "authors": "Fengtao Xiao,Huaping Hu,Xin Chen,Bo Liu",
        "venue": "WAIM",
        "id": "652414",
        "label": "35",
        "organization": "null"
    },
    {
        "title": "Support Vector Machines for Text Categorization in Chinese Question Classification",
        "year": "2006",
        "authors": "Xu-Dong Lin,Hong Peng,Bo Liu",
        "venue": "Web Intelligence",
        "id": "655446",
        "label": "36",
        "organization": "South China University of Technology, China"
    },
    {
        "title": "Cut-and-Paste Editing over 3D Meshes",
        "year": "2006",
        "authors": "Zhanguo Ma,Bo Liu,Hongbin Zhang",
        "venue": "ICICIC (3)",
        "id": "679447",
        "label": "0",
        "organization": "null"
    },
    {
        "title": "Multi-agent System for Custom Relationship Management with SVMs Tool",
        "year": "2008",
        "authors": "Yanshan Xiao,Bo Liu,Dan Luo,Longbing Cao",
        "venue": "KES-AMSTA",
        "id": "695594",
        "label": "15",
        "organization": "null"
    },
    {
        "title": "A memetic co-evolutionary differential evolution algorithm for constrained optimization",
        "year": "2007",
        "authors": "Bo Liu,Hannan Ma,Xuejun Zhang,Yan Zhou",
        "venue": "IEEE Congress on Evolutionary Computation",
        "id": "697744",
        "label": "4",
        "organization": "null"
    },
    {
        "title": "Hybrid differential evolution for noisy optimization",
        "year": "2008",
        "authors": "Bo Liu,Xuejun Zhang,Hannan Ma",
        "venue": "IEEE Congress on Evolutionary Computation",
        "id": "698218",
        "label": "4",
        "organization": "null"
    },
    {
        "title": "Hybrid Ant Colony Algorithm and Its Application on Function Optimization",
        "year": "2008",
        "authors": "Bo Liu,Huiguang Li,Tihua Wu,Qingbin Zhang",
        "venue": "ISICA",
        "id": "700520",
        "label": "39",
        "organization": "Institute of Electrical Engineering, Yanshan University, Qinhuangdao, China 066004"
    },
    {
        "title": "Flocking of Multi-Vehicle Systems With A Leader",
        "year": "2006",
        "authors": "Bo Liu,Tianguang Chu,Long Wang",
        "venue": "IROS",
        "id": "724663",
        "label": "6",
        "organization": "null"
    },
    {
        "title": "Design and Study of Distribution Map of a General Architecture for Wireless Sensor Networks Based on GDI+",
        "year": "2008",
        "authors": "Guiling Sun,Wenhe Yue,Bo Liu,Weixiang Li",
        "venue": "CSSE (2)",
        "id": "728991",
        "label": "43",
        "organization": "null"
    },
    {
        "title": "Multithreaded Optimizing Technique for Dynamic Binary Translator CrossBit",
        "year": "2008",
        "authors": "Haibing Guan,Bo Liu,Tingtao Li,Alei Liang",
        "venue": "CSSE (5)",
        "id": "729765",
        "label": "42",
        "organization": "null"
    },
    {
        "title": "Hybrid Algorithm Combining Ant Colony Algorithm with Genetic Algorithm for Continuous Domain",
        "year": "2008",
        "authors": "Bo Liu,Peisheng Meng",
        "venue": "ICYCS",
        "id": "730255",
        "label": "41",
        "organization": "null"
    },
    {
        "title": "A Vector Matrix Iterative Self-Organizing Assistant Clustering Algorithm of XML Document",
        "year": "2008",
        "authors": "Bo Liu,LuMing Yang,Yunlong Deng",
        "venue": "ICYCS",
        "id": "730381",
        "label": "46",
        "organization": "null"
    },
    {
        "title": "Performance Analysis of the HLLACF",
        "year": "2008",
        "authors": "Xin Chen,Huaping Hu,Bo Liu,Fengtao Xiao,Zunguo Huang",
        "venue": "ICYCS",
        "id": "730582",
        "label": "35",
        "organization": "null"
    },
    {
        "title": "Classification Rule Discovery with Ant Colony Optimization",
        "year": "2004",
        "authors": "Bo Liu,Hussein A. Abbass,Robert I. McKay",
        "venue": "IEEE Intelligent Informatics Bulletin",
        "id": "789293",
        "label": "8",
        "organization": "null"
    },
    {
        "title": "Intrusion detection system for high-speed network",
        "year": "2004",
        "authors": "Wu Yang,Binxing Fang,Bo Liu,Hongli Zhang",
        "venue": "Computer Communications",
        "id": "802219",
        "label": "44",
        "organization": "null"
    },
    {
        "title": "A service-oriented business performance evaluation model and the performance-aware service selection method",
        "year": "2008",
        "authors": "Bo Liu,Yushun Fan,Shuangxi Huang",
        "venue": "Concurrency and Computation: Practice and Experience",
        "id": "811207",
        "label": "4",
        "organization": "Department of Automation, Tsinghua University, Beijing 100084, People's Republic of China"
    },
    {
        "title": "An effective hybrid PSO-based algorithm for flow shop scheduling with limited buffers",
        "year": "2008",
        "authors": "Bo Liu,Ling Wang,Yihui Jin",
        "venue": "Computers  OR",
        "id": "814728",
        "label": "4",
        "organization": "Department of Automation, Tsinghua University, Beijing 100084, China"
    },
    {
        "title": "Noise-Analysis Based Threshold-Choosing Algorithm in Motion Estimation",
        "year": "2005",
        "authors": "Xiaoying Gan,Shiying Sun,Wentao Song,Bo Liu",
        "venue": "IEICE Transactions",
        "id": "898630",
        "label": "3",
        "organization": "null"
    },
    {
        "title": "A Rotary Micromirror For Fiber-Optic Switching",
        "year": "2003",
        "authors": "Min Hu,Hejun Du,Shih-Fu Ling,Bo Liu",
        "venue": "International Journal of Computational Engineering Science",
        "id": "905114",
        "label": "5",
        "organization": "null"
    },
    {
        "title": "Development Of An Soi-Based Micro Check Valve",
        "year": "2003",
        "authors": "Min Hu,Hejun Du,Shih-Fu Ling,Bo Liu",
        "venue": "International Journal of Computational Engineering Science",
        "id": "905116",
        "label": "5",
        "organization": "null"
    },
    {
        "title": "Substitution effect on the geometry and electronic structure of the ferrocene",
        "year": "2007",
        "authors": "Guiling Zhang,Hui Zhang,Miao Sun,Yanhong Liu,Xiaohong Pang,Xiaoyang Yu,Bo Liu,Ze-Sheng Li",
        "venue": "Journal of Computational Chemistry",
        "id": "964804",
        "label": "1",
        "organization": "null"
    },
    {
        "title": "Theoretical study on the Br + CH3SCH3 reaction",
        "year": "2007",
        "authors": "Hui Zhang,Guiling Zhang,Li Wang,Bo Liu,Xiaoyang Yu,Ze-Sheng Li",
        "venue": "Journal of Computational Chemistry",
        "id": "964940",
        "label": "1",
        "organization": "null"
    },
    {
        "title": "Theoretical study on the OH + CH3NHC(O)OCH3 reaction",
        "year": "2008",
        "authors": "Hui Zhang,Guiling Zhang,Jing-Yao Liu,Bo Liu,Xiaoyang Yu,Ze-Sheng Li",
        "venue": "Journal of Computational Chemistry",
        "id": "965051",
        "label": "1",
        "organization": "null"
    },
    {
        "title": "Theoretical study on the reaction of SiH(CH3)3 with SiH3 radical",
        "year": "2009",
        "authors": "Hui Zhang,Guiling Zhang,Jing-Yao Liu,Miao Sun,Bo Liu,Ze-Sheng Li",
        "venue": "Journal of Computational Chemistry",
        "id": "965189",
        "label": "1",
        "organization": "null"
    },
    {
        "title": "Robust content-based image indexing using contextual clues and automatic pseudofeedback",
        "year": "2004",
        "authors": "Y. Alp Aslandogan,Clement T. Yu,Ravishankar Mysore,Bo Liu",
        "venue": "Multimedia Syst.",
        "id": "1011044",
        "label": "7",
        "organization": "null"
    },
    {
        "title": "Nesting Algorithm for Multi-Classification Problems",
        "year": "2007",
        "authors": "Bo Liu,Zhifeng Hao,Xiaowei Yang",
        "venue": "Soft Comput.",
        "id": "1070003",
        "label": "15",
        "organization": "null"
    },
    {
        "title": "Database and location management schemes for mobile communications",
        "year": "1998",
        "authors": "Anna Hac,Bo Liu",
        "venue": "IEEE/ACM Trans. Netw.",
        "id": "1122214",
        "label": "10",
        "organization": "Univ. of Hawaii at Manoa, Honolulu"
    },
    {
        "title": "An Effective PSO-Based Memetic Algorithm for Flow Shop Scheduling",
        "year": "2007",
        "authors": "Bo Liu,Ling Wang,Yihui Jin",
        "venue": "IEEE Transactions on Systems, Man, and Cybernetics, Part B",
        "id": "1132898",
        "label": "4",
        "organization": "null"
    },
    {
        "title": "An Effective PSO-Based Hybrid Algorithm for Multiobjective Permutation Flow Shop Scheduling",
        "year": "2008",
        "authors": "Bin-Bin Li,Ling Wang,Bo Liu",
        "venue": "IEEE Transactions on Systems, Man, and Cybernetics, Part A",
        "id": "1133053",
        "label": "4",
        "organization": "null"
    },
    {
        "title": "Particle swarm optimization for function optimization in noisy environment",
        "year": "2006",
        "authors": "Hui Pan,Ling Wang,Bo Liu",
        "venue": "Applied Mathematics and Computation",
        "id": "1145616",
        "label": "4",
        "organization": "null"
    },
    {
        "title": "Defending against distributed denial-of-service attacks with an auction-based method",
        "year": "2006",
        "authors": "Zhihong Tian,Mingzeng Hu,Bin Li,Bo Liu,Hongli Zhang",
        "venue": "Web Intelligence and Agent Systems",
        "id": "1157746",
        "label": "44",
        "organization": "null"
    },
    {
        "title": "A Chinese question classification using one-vs-one method as a learning tool",
        "year": "2008",
        "authors": "Yanshan Xiao,Bo Liu,Longbing Cao",
        "venue": "IJIIDS",
        "id": "1172210",
        "label": "15",
        "organization": "null"
    },
    {
        "title": "A weight based compact genetic algorithm",
        "year": "2009",
        "authors": "Qingbin Zhang,Tihua Wu,Bo Liu",
        "venue": "GEC Summit",
        "id": "1207585",
        "label": "39",
        "organization": "Hebei Academy of Sciences, Shijiazhuang, China"
    },
    {
        "title": "Accommodating colorblind users in image search",
        "year": "2009",
        "authors": "Meng Wang,Bo Liu,Linjun Yang,Xian-Sheng Hua",
        "venue": "SIGIR",
        "id": "1213967",
        "label": "17",
        "organization": "University of Science and Technology of China, Hefei, China"
    },
    {
        "title": "A memetic approach to the automatic design of high-performance analog integrated circuits",
        "year": "2009",
        "authors": "Bo Liu,Francisco V. Fernandez,Georges G. E. Gielen,R. Castro-Lopez,Elisenda Roca",
        "venue": "ACM Trans. Design Autom. Electr. Syst.",
        "id": "1227846",
        "label": "4",
        "organization": "ESAT-MICAS, Katholieke Universiteit Leuven, Leuven, Belgium"
    },
    {
        "title": "Consensus in Networks of Multiagents With Cooperation and Competition Via Stochastically Switching Topologies",
        "year": "2008",
        "authors": "Bo Liu,Tianping Chen",
        "venue": "IEEE Transactions on Neural Networks",
        "id": "1230374",
        "label": "11",
        "organization": "null"
    },
    {
        "title": "Nesting One-Against-One Algorithm Based on SVMs for Pattern Classification",
        "year": "2008",
        "authors": "Bo Liu,Zhifeng Hao,Eric C. C. Tsang",
        "venue": "IEEE Transactions on Neural Networks",
        "id": "1230405",
        "label": "15",
        "organization": "null"
    },
    {
        "title": "Fully Automatic Text Categorization by Exploiting WordNet",
        "year": "2009",
        "authors": "Jianqiang Li,Yu Zhao,Bo Liu",
        "venue": "AIRS",
        "id": "1237522",
        "label": "13",
        "organization": "NEC Laboratories China, Beijing, China 100084"
    },
    {
        "title": "ALHACF: An Anonymity-Level Selected Hierarchical Anonymous Communication Framework",
        "year": "2008",
        "authors": "Xin Chen,Huaping Hu,Bo Liu,Fengtao Xiao,Zunguo Huang",
        "venue": "Advanced Information Processing",
        "id": "1243171",
        "label": "35",
        "organization": "null"
    },
    {
        "title": "An Analytical Model for Broadcasting by Self Pruning in Wireless Ad Hoc Networks",
        "year": "2008",
        "authors": "Yu Huang,Bo Liu,XianPing Tao,Jiannong Cao,Beihong Jin",
        "venue": "Advanced Information Processing",
        "id": "1243262",
        "label": "21",
        "organization": "null"
    },
    {
        "title": "Boundary Constrained Manifold Unfolding",
        "year": "2008",
        "authors": "Bo Liu,Hongbin Zhang,WenAn Chen",
        "venue": "ICMLA",
        "id": "1248093",
        "label": "0",
        "organization": "null"
    },
    {
        "title": "Accessible image search",
        "year": "2009",
        "authors": "Meng Wang,Bo Liu,Xian-Sheng Hua",
        "venue": "ACM Multimedia",
        "id": "1253029",
        "label": "17",
        "organization": "University of Science and Technology of China, Beijing, China"
    },
    {
        "title": "Repairing Inconsistency and Uncertainty in DL-based Ontologies",
        "year": "2009",
        "authors": "Bo Liu,Jianqiang Li,Yu Zhao",
        "venue": "SWWS",
        "id": "1256530",
        "label": "13",
        "organization": "null"
    },
    {
        "title": "Estimation of Distribution Algorithms for the Machine-Part Cell Formation",
        "year": "2009",
        "authors": "Qingbin Zhang,Bo Liu,Lihong Bi,Zhuangwei Wang,Boyuan Ma",
        "venue": "ISICA",
        "id": "1259112",
        "label": "39",
        "organization": "Hebei Academy of Sciences, Shijiazhuang, China 050081"
    },
    {
        "title": "Analog circuit optimization system based on hybrid evolutionary algorithms",
        "year": "2009",
        "authors": "Bo Liu,Yan Wang,Zhiping Yu,Leibo Liu,Miao Li,Zheng Wang,Jing Lu,Francisco V. Fernandez",
        "venue": "Integration",
        "id": "1275726",
        "label": "4",
        "organization": "Institute of Microelectronics, Tsinghua University, China"
    },
    {
        "title": "ARDB - Antibiotic Resistance Genes Database",
        "year": "2009",
        "authors": "Bo Liu,Mihai Pop",
        "venue": "Nucleic Acids Research",
        "id": "1279506",
        "label": "20",
        "organization": "null"
    },
    {
        "title": "Fully automatic and segmentation-robust classification of breast tumors based on local texture analysis of ultrasound images",
        "year": "2010",
        "authors": "Bo Liu,H. D. Cheng,Jianhua Huang,Jiawei Tian,Xianglong Tang,Jiafeng Liu",
        "venue": "Pattern Recognition",
        "id": "1280398",
        "label": "35",
        "organization": "School of Computer Science and Technology, Harbin Institute of Technology, Harbin, No. 92, Xidazhi Street, Harbin 150001, PR China"
    },
    {
        "title": "A Quality Metric Based on Color Similarity for Image Fusion",
        "year": "2008",
        "authors": "Shanshan Li,Richang Hong,Bo Liu,Xiuqing Wu",
        "venue": "Advances in Adaptive Data Analysis",
        "id": "1292789",
        "label": "30",
        "organization": "null"
    },
    {
        "title": "Distributed network self-management model based on CSCW.",
        "year": "2005",
        "authors": "Junzhou Luo,Wei Li,Bo Liu",
        "venue": "null",
        "id": "1304550",
        "label": "2",
        "organization": "null"
    },
    {
        "title": "The Design of the GPS-Based Surveying Robot Automatic Monitoring System for Underground Mining Safety.",
        "year": "2009",
        "authors": "Chenguang Jiang,Jianguo Peng,Chunqiao Yuan,Guohui Wang,Yong He,Shaohong Li,Bo Liu",
        "venue": "null",
        "id": "1312646",
        "label": "27",
        "organization": "Qingdao Agricultural University, Shandong Qingdao, China 266109"
    },
    {
        "title": "Filtering Spam in Social Tagging System with Dynamic Behavior Analysis.",
        "year": "2009",
        "authors": "Bo Liu,Ennan Zhai,Huiping Sun,Yelu Chen,Zhong Chen",
        "venue": "null",
        "id": "1315524",
        "label": "28",
        "organization": "null"
    },
    {
        "title": "Design and Implementation of Control System on Embedded Downloading Server Based on C/S Architecture.",
        "year": "2009",
        "authors": "Bo Liu,Xiangqian Ding,Haiyong Zheng,Xiaodong Wang",
        "venue": "null",
        "id": "1318353",
        "label": "25",
        "organization": "null"
    },
    {
        "title": "Stability Analysis of Swarm with Interaction Time Delays Using Nearest Neighbors Information.",
        "year": "2009",
        "authors": "Bo Liu,Yan Yu,Jie Zhang,Huan Li",
        "venue": "null",
        "id": "1318850",
        "label": "6",
        "organization": "null"
    },
    {
        "title": "Non-linear Correlation Techniques in Educational Data Mining.",
        "year": "2009",
        "authors": "Bo Liu,Jian-Hua Zhao",
        "venue": "null",
        "id": "1318943",
        "label": "23",
        "organization": "null"
    },
    {
        "title": "Scheduling strategies for mapping application workflows onto the grid.",
        "year": "2005",
        "authors": "Anirban Mandal,Ken Kennedy,Charles Koelbel,Gabriel Marin,John M. Mellor-Crummey,Bo Liu,S. Lennart Johnsson",
        "venue": "null",
        "id": "1319201",
        "label": "24",
        "organization": "null"
    },
    {
        "title": "Multi-sphere Support Vector Data Description for Outliers Detection on Multi-distribution Data.",
        "year": "2009",
        "authors": "Yanshan Xiao,Bo Liu,Longbing Cao,Xindong Wu,Chengqi Zhang,Zhifeng Hao,Fengzhao Yang,Jie Cao",
        "venue": "null",
        "id": "1319564",
        "label": "15",
        "organization": "null"
    },
    {
        "title": "Prediction and Analysis of Landslide Based on Fuzzy Theory.",
        "year": "2009",
        "authors": "Chenguang Jiang,Jianguo Peng,Chunqiao Yuan,Guohui Wang,Yong He,Bo Liu",
        "venue": "null",
        "id": "1322975",
        "label": "27",
        "organization": "null"
    },
    {
        "title": "Complex Analysis of Anisotropic Swarms with Gaussian Profiles.",
        "year": "2009",
        "authors": "Bo Liu,Haili Liang,Jie Zhang,Huan Li",
        "venue": "null",
        "id": "1322976",
        "label": "6",
        "organization": "null"
    },
    {
        "title": "Collective Behavior of Dynamic Swarm with General Topology and Complex Communication Time-Delays",
        "year": "2009",
        "authors": "Huan Li,Bo Liu",
        "venue": "Proceedings of the 2009 Fifth International Joint Conference on INC, IMS and IDC",
        "id": "1365799",
        "label": "6",
        "organization": "null"
    },
    {
        "title": "Reactive-ion etching of Ge2Sb2Te5 in CF4/Ar plasma for non-volatile phase-change memories",
        "year": "2008",
        "authors": "Gaoming Feng,Bo Liu,Zhitang Song,Songlin Feng,Bomy Chen",
        "venue": "Microelectronic Engineering",
        "id": "1376335",
        "label": "33",
        "organization": "Laboratory of Nanotechnology, Shanghai Institute of Microsystem and Information Technology, CAS, 865 Changning Road, Shanghai 200050, PR China"
    },
    {
        "title": "Adaptive Resource Allocation in Multiuser OFDM System Based on Genetic Algorithm",
        "year": "2009",
        "authors": "Bo Liu,Mingyan Jiang,Dongfeng Yuan",
        "venue": "Proceedings of the 2009 WRI International Conference on Communications and Mobile Computing - Volume 01",
        "id": "1383923",
        "label": "34",
        "organization": "null"
    },
    {
        "title": "Enhanced sensitivity refractive index sensor using tilted fiber Bragg grating with thinned cladding",
        "year": "2008",
        "authors": "Yinping Miao,Bo Liu,Qida Zhao",
        "venue": "Proceedings of the 2008 International Conference on Advanced Infocomm Technology",
        "id": "1385496",
        "label": "32",
        "organization": "Nankai university"
    },
    {
        "title": "Temperature wireless sensors network based on fiber Bragg grating",
        "year": "2008",
        "authors": "Bo Liu,Haibin Zhou,Junhao Tao,Yange Liu",
        "venue": "Proceedings of the 2008 International Conference on Advanced Infocomm Technology",
        "id": "1385648",
        "label": "32",
        "organization": "Nankai university, Tianjin, China"
    },
    {
        "title": "Region-of-Interest Coding of 3D Mesh Based on Wavelet Transform",
        "year": "2004",
        "authors": "Hongjuan Zheng,Bo Liu,Hongbin Zhang",
        "venue": "Proceedings of the Third International Conference on Image and Graphics",
        "id": "1414703",
        "label": "0",
        "organization": "Beijing University of Technology"
    },
    {
        "title": "On the spectral properties and stabilization of acoustic flow",
        "year": "1998",
        "authors": "Walter Littman,Bo Liu",
        "venue": "SIAM Journal on Applied Mathematics",
        "id": "1552536",
        "label": "40",
        "organization": "null"
    },
    {
        "title": "A Co-evolutionary Differential Evolution Algorithm for Constrained Optimization",
        "year": "2007",
        "authors": "Bo Liu,Hannan Ma,Xuejun Zhang",
        "venue": "Proceedings of the Third International Conference on Natural Computation - Volume 04",
        "id": "1582434",
        "label": "4",
        "organization": "Tsinghua University, China"
    },
    {
        "title": "A Scalable Peer-to-Peer Overlay for Applications with Time Constraints",
        "year": "2007",
        "authors": "Bo Liu,Yansheng Lu",
        "venue": "Proceedings of the Eighth ACIS International Conference on Software Engineering, Artificial Intelligence, Networking, and Parallel/Distributed Computing - Volume 02",
        "id": "1583573",
        "label": "38",
        "organization": "Huazhong University of Sci and Tech, China"
    },
    {
        "title": "A Population-Based Incremental Learning Algorithm with Elitist Strategy",
        "year": "2007",
        "authors": "Qingbin Zhang,Tihua Wu,Bo Liu",
        "venue": "Proceedings of the Third International Conference on Natural Computation - Volume 03",
        "id": "1585435",
        "label": "39",
        "organization": "Yanshan University, China"
    },
    {
        "title": "Demand Flow Network",
        "year": "2004",
        "authors": "Linyan Sun,Bo Liu,Xiting Wu",
        "venue": "Proceedings of the E-Commerce Technology for Dynamic E-Business, IEEE International Conference",
        "id": "1613835",
        "label": "37",
        "organization": "Xi'an Jiaotong University, P.R. China"
    },
    {
        "title": "Entropy-based metrics in swarm clustering",
        "year": "2009",
        "authors": "Bo Liu,Jiuhui Pan,R. I. (Bob) McKay",
        "venue": "International Journal of Intelligent Systems",
        "id": "1652140",
        "label": "8",
        "organization": "Dept of Computer Science, Jinan University, Guangzhou 510632, China"
    },
    {
        "title": "Neural Network Identification Method Applied to the Nonlinear System",
        "year": "2009",
        "authors": "Bo Liu,Huiguang Li,Tihua Wu",
        "venue": "Proceedings of the 2009 WRI Global Congress on Intelligent Systems - Volume 04",
        "id": "1652295",
        "label": "39",
        "organization": "null"
    },
    {
        "title": "Complex Analysis of Anisotropic Swarms",
        "year": "2009",
        "authors": "Bo Liu,Haili Liang,Jie Zhang,Huan Li",
        "venue": "Proceedings of the 2009 WRI Global Congress on Intelligent Systems - Volume 01",
        "id": "1658986",
        "label": "6",
        "organization": "null"
    },
    {
        "title": "Stability Analysis of Social Foraging Swarm with Interaction Time Delays",
        "year": "2009",
        "authors": "Bo Liu,Yan Yu,Jie Zhang,Huan Li",
        "venue": "Proceedings of the 2009 WRI Global Congress on Intelligent Systems - Volume 01",
        "id": "1658996",
        "label": "6",
        "organization": "null"
    },
    {
        "title": "A New Parallel Segmentation Model Based on Dictionary and Mutual Information",
        "year": "2008",
        "authors": "Bo Liu,Liang Gui Tang,Can Tang",
        "venue": "Proceedings of the 2008 International Conference on Intelligent Computation Technology and Automation - Volume 01",
        "id": "1753760",
        "label": "45",
        "organization": "null"
    },
    {
        "title": "An effective parameter extraction method based on memetic differential evolution algorithm",
        "year": "2008",
        "authors": "Bo Liu,Jing Lu,Yan Wang,Yang Tang",
        "venue": "Microelectronics Journal",
        "id": "1755014",
        "label": "4",
        "organization": "Institute of Microelectronics, Tsinghua University, Beijing, China"
    }
]