[
    {
        "title": "A Local Probabilistic Prior-Based Active Contour Model for Brain MR Image Segmentation",
        "year": "2007",
        "authors": "Jundong Liu,Charles Smith,Hima Chebrolu",
        "venue": "ACCV (1)",
        "id": "18441",
        "label": "0",
        "organization": "null"
    },
    {
        "title": "Chai: Traits for Java-Like Languages",
        "year": "2005",
        "authors": "Charles Smith,Sophia Drossopoulou",
        "venue": "ECOOP",
        "id": "173235",
        "label": "1",
        "organization": "null"
    },
    {
        "title": "Automatic Subcortical Structure Segmentation Using Probabilistic Atlas",
        "year": "2007",
        "authors": "Jundong Liu,David M. Chelberg,Charles Smith,Hima Chebrolu",
        "venue": "ISVC (1)",
        "id": "451911",
        "label": "0",
        "organization": "null"
    },
    {
        "title": "A Robust Image Segmentation Model Based on Integrated Square Estimation",
        "year": "2007",
        "authors": "Shuisheng Xie,Jundong Liu,Darlene Berryman,Edward List,Charles Smith,Hima Chebrolu",
        "venue": "ISVC (2)",
        "id": "451947",
        "label": "0",
        "organization": "null"
    },
    {
        "title": "CyberCut: An Internet-based CAD/CAM System",
        "year": "2001",
        "authors": "Sung H. Ahn,V. Sundararajan,Charles Smith,Balaji Kannan,Roshan D'Souza,Ganping Sun,Ashish Mohole,Paul K. Wright,Jaeho Kim,Sara McMains,Jordan Smith,Carlo H. Sequin",
        "venue": "J. Comput. Inf. Sci. Eng.",
        "id": "969180",
        "label": "2",
        "organization": "null"
    },
    {
        "title": "The Manufacturing Advisory Service: web-based process and material selection",
        "year": "2003",
        "authors": "Charles Smith,Paul K. Wright,Carlo H. Sequin",
        "venue": "Int. J. Computer Integrated Manufacturing",
        "id": "1188097",
        "label": "2",
        "organization": "null"
    },
    {
        "title": "Clustering methodologies for identifying country core competencies",
        "year": "2007",
        "authors": "Ronald N. Kostoff,J. Antonio del Rio,Hector D. Cortes,Charles Smith,Andrew Smith,Caroline S. Wagner,Loet Leydesdorff,George Karypis,Guido Malpohl,Rene Tshiteya",
        "venue": "J. Information Science",
        "id": "1232516",
        "label": "3",
        "organization": "Booz-Allen Hamilton, Bethesda, MD 20852, USA"
    }
]