[
    {
        "title": "Real-Time Tracking with Multiple Cues by Set Theoretic Random Search",
        "year": "2005",
        "authors": "Cheng Chang,Rashid Ansari",
        "venue": "CVPR (1)",
        "id": "127650",
        "label": "0",
        "organization": "University of Illinois at Chicago"
    },
    {
        "title": "Cyclic Articulated Human Motion Tracking by Sequential Ancestral Simulation",
        "year": "2004",
        "authors": "Cheng Chang,Rashid Ansari,Ashfaq A. Khokhar",
        "venue": "CVPR (2)",
        "id": "127651",
        "label": "0",
        "organization": "Dept. of Electr. & Comput. Eng.,, Illinois Univ., Chicago, IL, USA"
    },
    {
        "title": "Multiple Object Tracking with Kernel Particle Filter",
        "year": "2005",
        "authors": "Cheng Chang,Rashid Ansari,Ashfaq A. Khokhar",
        "venue": "CVPR (1)",
        "id": "127652",
        "label": "0",
        "organization": "University of Illinois at Chicago"
    },
    {
        "title": "Color Sectors and Edge Features for Content-Based Image Retrieval",
        "year": "2007",
        "authors": "Taijun Li,Qiuli Wu,Jiafu Yi,Cheng Chang",
        "venue": "FSKD (3)",
        "id": "219004",
        "label": "1",
        "organization": "Hainan University"
    },
    {
        "title": "Kernel particle filter: iterative sampling for efficient visual tracking",
        "year": "2003",
        "authors": "Cheng Chang,Rashid Ansari",
        "venue": "ICIP (3)",
        "id": "316777",
        "label": "0",
        "organization": "Dept. of Electron. Comput. Eng., Illinois Univ., Chicago, IL, USA"
    },
    {
        "title": "Robust tracking of cyclic nonrigid motion",
        "year": "2003",
        "authors": "Cheng Chang,Rashid Ansari,Ashfaq A. Khokhar",
        "venue": "ICIP (3)",
        "id": "316779",
        "label": "0",
        "organization": "Dept. of Electr. * Comput. Eng., Illinois Univ., Chicago, IL, USA"
    },
    {
        "title": "Probabilistic Real-Time Guarantees for Component-Oriented Phased Array Radars",
        "year": "2004",
        "authors": "Chin-Fu Kuo,Ya-Shu Chen,Tei-Wei Kuo,Phone Lin,Cheng Chang",
        "venue": "ICPP",
        "id": "343442",
        "label": "2",
        "organization": "Dept. of Comput. Sci. & Inf. Eng., Nat. Taiwan Univ., Taipei, Taiwan"
    },
    {
        "title": "Component-Oriented Digital Signal Processors",
        "year": "1999",
        "authors": "Cheng Chang,Tai-Chung Wang",
        "venue": "PDPTA",
        "id": "535238",
        "label": "2",
        "organization": "null"
    },
    {
        "title": "Real-time scheduling in a programmable radar signal processor",
        "year": "1997",
        "authors": "Cheng Chang,Chien-Chung Chen,Yao-Liang Chen,Fu-Shin Huang",
        "venue": "RTCSA",
        "id": "564353",
        "label": "2",
        "organization": "Chung Shan Inst. of Sci. & Technol., Lung-Tan"
    },
    {
        "title": "Universal Quadratic Lower Bounds on Source Coding Error Exponents",
        "year": "2007",
        "authors": "Cheng Chang,Anant Sahai",
        "venue": "CISS",
        "id": "701013",
        "label": "4",
        "organization": "Univ. of California, Berkeley"
    },
    {
        "title": "The source coding game with a cheating switcher",
        "year": "2007",
        "authors": "Hari Palaiyanur,Cheng Chang,Anant Sahai",
        "venue": "CoRR",
        "id": "819727",
        "label": "4",
        "organization": "null"
    },
    {
        "title": "Lossless coding for distributed streaming sources",
        "year": "2006",
        "authors": "Cheng Chang,Stark C. Draper,Anant Sahai",
        "venue": "CoRR",
        "id": "821403",
        "label": "4",
        "organization": "null"
    },
    {
        "title": "The price of ignorance: The impact of side-information on delay for lossless source-coding",
        "year": "2007",
        "authors": "Cheng Chang,Anant Sahai",
        "venue": "CoRR",
        "id": "825655",
        "label": "4",
        "organization": "null"
    },
    {
        "title": "The source coding game with a cheating switcher",
        "year": "2007",
        "authors": "Hari Palaiyanur,Cheng Chang,Anant Sahai",
        "venue": "CoRR",
        "id": "825735",
        "label": "4",
        "organization": "Department of Electrical Engineering and Computer Sciences, University of California at Berkeley, Berkeley, CA 94720. hpalaiya@eecs.berkeley.edu"
    },
    {
        "title": "Joint source-channel with side information coding error exponents",
        "year": "2009",
        "authors": "Cheng Chang",
        "venue": "CoRR",
        "id": "829599",
        "label": "4",
        "organization": "D.E. Shaw & Co., New York, NY, USA"
    },
    {
        "title": "Interference channel capacity region for randomized fixed-composition codes",
        "year": "2009",
        "authors": "Cheng Chang",
        "venue": "CoRR",
        "id": "829615",
        "label": "4",
        "organization": "D.E. Shaw & Co., New York, NY, USA"
    },
    {
        "title": "On the rate distortion function of Bernoulli Gaussian sequences",
        "year": "2009",
        "authors": "Cheng Chang",
        "venue": "CoRR",
        "id": "829616",
        "label": "4",
        "organization": "null"
    },
    {
        "title": "Genetic algorithm for affine point pattern matching",
        "year": "2003",
        "authors": "Lihua Zhang,Wenli Xu,Cheng Chang",
        "venue": "Pattern Recognition Letters",
        "id": "1046322",
        "label": "4",
        "organization": "Department of Automation, Tsinghua University, Beijing 100084, PR China"
    },
    {
        "title": "Real-Time Dwell Scheduling of Component-Oriented Phased Array Radars",
        "year": "2005",
        "authors": "Tei-Wei Kuo,Yung-Sheng Chao,Chin-Fu Kuo,Cheng Chang",
        "venue": "IEEE Trans. Computers",
        "id": "1080103",
        "label": "2",
        "organization": "Dept. of Comput. Sci. & Inf. Eng., Nat. Taiwan Univ., Taiwan"
    },
    {
        "title": "Component-Oriented Radars with Probabilistic Timing Guarantees",
        "year": "2006",
        "authors": "Chin-Fu Kuo,Ya-Shu Chen,Tei-Wei Kuo,Phone Lin,Cheng Chang",
        "venue": "IEEE Trans. Parallel Distrib. Syst.",
        "id": "1125289",
        "label": "2",
        "organization": "Dept. of Comput. Sci. & Inf. Eng., Nat. Taiwan Univ., Taipei"
    },
    {
        "title": "Real-Time Digital Signal Processing of Phased Array Radars",
        "year": "2003",
        "authors": "Chin-Fu Kuo,Tei-Wei Kuo,Cheng Chang",
        "venue": "IEEE Trans. Parallel Distrib. Syst.",
        "id": "1125295",
        "label": "2",
        "organization": "Dept. of Comput. Sci. & Inf. Eng., Nat. Taiwan Univ., Taipei, Taiwan"
    },
    {
        "title": "Data Compression",
        "year": "2008",
        "authors": "Rashid Ansari,Cheng Chang,William D. Reynolds Jr",
        "venue": "Wiley Encyclopedia of Computer Science and Engineering",
        "id": "1200675",
        "label": "0",
        "organization": "null"
    },
    {
        "title": "The design of distributed real-time video analytic system",
        "year": "2009",
        "authors": "Tao Yu,Baoyao Zhou,Qinghu Li,Rui Liu,Weihong Wang,Cheng Chang",
        "venue": "Frontiers in Artificial Intelligence and Applications",
        "id": "1239560",
        "label": "3",
        "organization": "HP Labs China, Beijing, China"
    },
    {
        "title": "Multi-granularity Visualization of Trajectory Clusters Using Sub-trajectory Clustering.",
        "year": "2009",
        "authors": "Cheng Chang,Baoyao Zhou",
        "venue": "null",
        "id": "1319628",
        "label": "3",
        "organization": "HP Labs. China, Beijing, China"
    },
    {
        "title": "Real-Time Digital Signal Processing of Component-Oriented Phased Array Radars.",
        "year": "2000",
        "authors": "Chin-Fu Kuo,Tei-Wei Kuo,Cheng Chang",
        "venue": "null",
        "id": "1321933",
        "label": "2",
        "organization": "Dept. of Comput. Sci. & Inf. Eng., Nat. Taiwan Univ., Taipei"
    },
    {
        "title": "A New Backoff Algorithm for IEEE 802.11 Distributed Coordination Function.",
        "year": "2009",
        "authors": "Taijun Li,Tiebin Tang,Cheng Chang",
        "venue": "null",
        "id": "1322630",
        "label": "1",
        "organization": "Coll. of Inf. Sci. & Technol., Hainan Univ., Haikou, China"
    },
    {
        "title": "A new model for engineering transaction",
        "year": "1996",
        "authors": "Cheng Chang",
        "venue": "null",
        "id": "1427490",
        "label": "2",
        "organization": "null"
    }
]