[
    {
        "title": "Managing Schema Versions in Object-Oriented Databases",
        "year": "2005",
        "authors": "Xian Liu,David Nelson,Simon Stobart,Sue Stirk",
        "venue": "ADBIS",
        "id": "26081",
        "label": "1",
        "organization": "null"
    },
    {
        "title": "Database Interoperability using a Database's own Natural Query Language",
        "year": "2003",
        "authors": "Robert Warrender,David Nelson,Sue Stirk",
        "venue": "BNCOD Posters",
        "id": "68062",
        "label": "1",
        "organization": "null"
    },
    {
        "title": "A Nested Matrix Model for Schema Versioning in Object-Oriented Databases",
        "year": "2003",
        "authors": "Liu Xian,David Nelson,Sue Stirk",
        "venue": "BNCOD Posters",
        "id": "68075",
        "label": "1",
        "organization": "null"
    },
    {
        "title": "A database system for constructing, integrating, and displaying physical maps of chromosome 19",
        "year": "1995",
        "authors": "Tom Slezak,Mark Wagner,Mimi Yeh,Linda Ashworth,David Nelson,David Ow,Elbert Branscomb,Anthony Carrano",
        "venue": "HICSS (5)",
        "id": "248100",
        "label": "4",
        "organization": "Human Genome Center, Lawrence Livermore Nat. Lab., CA"
    },
    {
        "title": "Automated Semantic Analysis of Design Models",
        "year": "2007",
        "authors": "Frank Weil,Brian E. Mastenbrook,David Nelson,Paul Dietz,Aswin van den Berg",
        "venue": "MoDELS",
        "id": "507278",
        "label": "5",
        "organization": "null"
    },
    {
        "title": "Experiences in Deploying Model-Driven Engineering",
        "year": "2007",
        "authors": "Thomas Weigert,Frank Weil,Kevin Marth,Paul Baker,Clive Jervis,Paul Dietz,Yexuan Gui,Aswin van den Berg,Kim Fleer,David Nelson,Michael Wells,Brian E. Mastenbrook",
        "venue": "SDL Forum",
        "id": "578903",
        "label": "5",
        "organization": "null"
    },
    {
        "title": "High-Throughput GoMiner, an 'industrial-strength' integrative gene ontology tool for interpretation of multiple-microarray experiments, with application to studies of Common Variable Immune Deficiency (CVID)",
        "year": "2005",
        "authors": "Barry Zeeberg,Haiying Qin,Sudarshan Narasimhan,Margot Sunshine,Hong Cao,David W. Kane,Mark Reimers,Robert M. Stephens,David Bryant,Stanley K. Burt,Eldad Elnekave,Danielle M. Hari,Thomas A. Wynn,Charlotte Cunningham-Rundles,Donn M. Stewart,David Nelson,John N. Weinstein",
        "venue": "BMC Bioinformatics",
        "id": "769235",
        "label": "6",
        "organization": "null"
    },
    {
        "title": "Constructible Falsity and Inexact Predicates",
        "year": "1984",
        "authors": "Ahmad Almukdad,David Nelson",
        "venue": "J. Symb. Log.",
        "id": "998125",
        "label": "7",
        "organization": "null"
    },
    {
        "title": "Constructible Falsity",
        "year": "1949",
        "authors": "David Nelson",
        "venue": "J. Symb. Log.",
        "id": "1000403",
        "label": "7",
        "organization": "null"
    },
    {
        "title": "Twenty-Fifth Annual Meeting of the Association for Symbolic Logic",
        "year": "1960",
        "authors": "David Nelson",
        "venue": "J. Symb. Log.",
        "id": "1000406",
        "label": "7",
        "organization": "null"
    },
    {
        "title": "Non-Null Implication",
        "year": "1966",
        "authors": "David Nelson",
        "venue": "J. Symb. Log.",
        "id": "1000407",
        "label": "7",
        "organization": "null"
    },
    {
        "title": "Ideas in Teaching, Learning and Assessment of Databases: A Communication of the 7thInternational Workshop on Teaching, Learning and Assessment of Databases (TLAD 2009)",
        "year": "2009",
        "authors": "Anne E. James,David Nelson,Karen Davis,Richard Cooper,Alastair Monger",
        "venue": "BNCOD",
        "id": "1205974",
        "label": "1",
        "organization": "Department of Computing, Engineering and Technology, University of Sunderland, UK"
    },
    {
        "title": "Mobile 3D Game Development: From Start to Market",
        "year": "2007",
        "authors": "Carlos Morales,David Nelson",
        "venue": "null",
        "id": "1356408",
        "label": "8",
        "organization": "null"
    },
    {
        "title": "Database: Enterprise, Skills and Innovation: 22nd British National Conference on Databases, BNCOD 22, Sunderland, UK, July 5-7, 2005, Proceedings (Lecture Notes in Computer Science)",
        "year": "2005",
        "authors": "Mike Jackson,David Nelson,Sue Stirk",
        "venue": "null",
        "id": "1357654",
        "label": "1",
        "organization": "null"
    },
    {
        "title": "Interactive video&mdash;a producer's medium",
        "year": "1987",
        "authors": "Martin Wright,David Nelson",
        "venue": "Interactive media: working methods and practical applications",
        "id": "1452498",
        "label": "9",
        "organization": "null"
    },
    {
        "title": "SIGGRAPH public policy committee activity detailed",
        "year": "2001",
        "authors": "David Nelson,Bob Ellis,Laurie Reinhart",
        "venue": "ACM SIGGRAPH Computer Graphics",
        "id": "1566290",
        "label": "10",
        "organization": "null"
    },
    {
        "title": "Coursework in cognition by mathematics undergraduates: a seven year review",
        "year": "2000",
        "authors": "David Nelson",
        "venue": "PRIMUS: problems, resources, and issues in mathematics undergraduate studies",
        "id": "1575557",
        "label": "2",
        "organization": "null"
    },
    {
        "title": "The Architecture and Applications of the Apollo Domain",
        "year": "1984",
        "authors": "David Nelson,Paul Leach",
        "venue": "IEEE Computer Graphics and Applications",
        "id": "1578745",
        "label": "0",
        "organization": "Apollo Computer, Inc."
    },
    {
        "title": "Professional Workstations (Panel Session)",
        "year": "1982",
        "authors": "James H. Clark,Robert M. Dunn,Harvey Kriloff,David Nelson",
        "venue": "ACM SIGGRAPH Computer Graphics",
        "id": "1697908",
        "label": "0",
        "organization": "Apollo Computer, Inc."
    },
    {
        "title": "Expert system classification of urban land use/cover for Delhi, India",
        "year": "2008",
        "authors": "Elizabeth A. Wentz,David Nelson,Atiqur Rahman,William L. Stefanov,Shoursaseni Sen Roy",
        "venue": "International Journal of Remote Sensing",
        "id": "1746481",
        "label": "3",
        "organization": "School of Geographical Sciences, Arizona State University, Tempe, AZ 85287-0104"
    }
]