[
    {
        "title": "An Ontology for Scientific Information in a Grid Environment: the Earth System Grid",
        "year": "2003",
        "authors": "Line Pouchard,Luca Cinquini,Bob Drach,Don Middleton,David E. Bernholdt,Kasidit Chanchio,Ian T. Foster,Veronika Nefedova,David Brown,Peter Fox,Jose Garcia,Gary Strand,Dean Williams,Ann L. Chervenak,Carl Kesselman,Arie Shoshani,Alex Sim",
        "venue": "CCGRID",
        "id": "83046",
        "label": "0",
        "organization": "Oak Ridge Nat. Lab., TN, USA"
    },
    {
        "title": "Experience in Teaching a Management-Oriented Capstone Software Engineering Course",
        "year": "1995",
        "authors": "Allen S. Parrish,David Brown,David Cordes",
        "venue": "CSEE",
        "id": "123510",
        "label": "1",
        "organization": "null"
    },
    {
        "title": "What is observable in a class of neurodynamics?",
        "year": "1998",
        "authors": "Jianfeng Feng,David Brown",
        "venue": "ESANN",
        "id": "186878",
        "label": "2",
        "organization": "null"
    },
    {
        "title": "Output jitter diverges to infinity, converges to zero or remains constant",
        "year": "1998",
        "authors": "Jianfeng Feng,Brunello Tirozzi,David Brown",
        "venue": "ESANN",
        "id": "186880",
        "label": "2",
        "organization": "null"
    },
    {
        "title": "An Effective Human Motion Classification Approach using Knowledge Representation in Qualitative Normalised Templates",
        "year": "2007",
        "authors": "Chee Seng Chan,Honghai Liu,David Brown",
        "venue": "FUZZ-IEEE",
        "id": "221934",
        "label": "3",
        "organization": "null"
    },
    {
        "title": "Cognitive Scales and Mental Models for Inclusive Design",
        "year": "2007",
        "authors": "Umesh Persad,Patrick Langdon,David Brown,P. John Clarkson",
        "venue": "HCI (5)",
        "id": "241912",
        "label": "4",
        "organization": "null"
    },
    {
        "title": "Wiring the academy (panel session): what's working, what's not, what's next, and why",
        "year": "1997",
        "authors": "Bradley C. Wheeler,Lynda M. Applegate,David Brown,Peggy Phillips",
        "venue": "ICIS",
        "id": "327105",
        "label": "5",
        "organization": "Wake Forest University"
    },
    {
        "title": "Predictive unsupervised organisation in marine engine fault detection",
        "year": "2008",
        "authors": "Ian Morgan,Honghai Liu,George Turnbull,David Brown",
        "venue": "IJCNN",
        "id": "394124",
        "label": "3",
        "organization": "null"
    },
    {
        "title": "Parallel Imaging: System Design and Limitations",
        "year": "2004",
        "authors": "Steven M. Wright,Mary McDougall,Krishna Kurpad,David Brown",
        "venue": "ISBI",
        "id": "416966",
        "label": "6",
        "organization": "null"
    },
    {
        "title": "A Host Architecture for Automobile License Plate Recognition",
        "year": "2007",
        "authors": "Maury Mitchell,Matthew Hudnall,David Brown,David Cordes,Randy K. Smith,Allen S. Parrish",
        "venue": "ISI",
        "id": "435941",
        "label": "1",
        "organization": "Alabama Criminal Justice Inf. Center, Montgomery"
    },
    {
        "title": "Implicit interest indicators",
        "year": "2001",
        "authors": "Mark Claypool,Phong Le,Makoto Waseda,David Brown",
        "venue": "IUI",
        "id": "459233",
        "label": "4",
        "organization": "Computer Science Department, Worcester Polytechnic Institute, 100 Institute Road, Worcester, MA"
    },
    {
        "title": "Effects of Correlation and Degree of Balance in Random Synaptic Inputs on the Output of the Hodgkin-Huxley Model",
        "year": "1999",
        "authors": "David Brown,Jianfeng Feng",
        "venue": "IWANN (1)",
        "id": "462038",
        "label": "2",
        "organization": "null"
    },
    {
        "title": "Structure of Lateral Inhibition in an Olfactory Bulb Model",
        "year": "1999",
        "authors": "Andrew P. Davison,Jianfeng Feng,David Brown",
        "venue": "IWANN (1)",
        "id": "462167",
        "label": "2",
        "organization": "null"
    },
    {
        "title": "Paradoxical Relationship between Output and Input Regularity for the FitzHugh-Nagumo Model",
        "year": "1999",
        "authors": "Stuart Feerick,Jianfeng Feng,David Brown",
        "venue": "IWANN (1)",
        "id": "462225",
        "label": "2",
        "organization": "null"
    },
    {
        "title": "Viewing a Class of Neurodynamics on Parameter Space",
        "year": "1997",
        "authors": "Jianfeng Feng,David Brown",
        "venue": "IWANN",
        "id": "462235",
        "label": "2",
        "organization": "null"
    },
    {
        "title": "Time Discretisation Applied to Anomaly Detection in a Marine Engine",
        "year": "2007",
        "authors": "Ian Morgan,Honghai Liu,George Turnbull,David J. Brown",
        "venue": "KES (1)",
        "id": "476154",
        "label": "3",
        "organization": "null"
    },
    {
        "title": "Analysing Flight Data Using Clustering Methods",
        "year": "2008",
        "authors": "Christopher Jesse,Honghai Liu,Edward Smart,David Brown",
        "venue": "KES (1)",
        "id": "476957",
        "label": "3",
        "organization": "Institute of Industrial Research, University of Portsmouth, Portsmouth, England PO1 3QL"
    },
    {
        "title": "Visual-Based View-Invariant Human Motion Analysis: A Review",
        "year": "2008",
        "authors": "Xiaofei Ji,Honghai Liu,Yibo Li,David Brown",
        "venue": "KES (1)",
        "id": "476958",
        "label": "3",
        "organization": "The Institute of Industrial Research, University of Portsmouth, UK"
    },
    {
        "title": "Rigorously Defining and Analyzing Medical Processes: An Experience Report",
        "year": "2007",
        "authors": "Stefan Christov,Bin Chen,George S. Avrunin,Lori A. Clarke,Leon J. Osterweil,David Brown,Lucinda Cassells,Wilson Mertens",
        "venue": "MoDELS Workshops",
        "id": "507439",
        "label": "8",
        "organization": "null"
    },
    {
        "title": "Getting the Best Results in Controlled Rounding with the Least Effort",
        "year": "2004",
        "authors": "Juan Jose Salazar Gonzalez,Philip Lowthian,Caroline Young,Giovanni Merola,Stephen Bond,David Brown",
        "venue": "Privacy in Statistical Databases",
        "id": "554660",
        "label": "7",
        "organization": "null"
    },
    {
        "title": "The new economy: an engineer's perspective",
        "year": "2006",
        "authors": "David Brown",
        "venue": "WWW",
        "id": "673840",
        "label": "9",
        "organization": "Motorola, UK"
    },
    {
        "title": "Travel Speed Prediction Using Fuzzy Reasoning",
        "year": "2008",
        "authors": "Yang Wang,Honghai Liu,Patrick Beullens,David Brown",
        "venue": "ICIRA (1)",
        "id": "722368",
        "label": "3",
        "organization": "Institute of Industrial Research, University of Portsmouth, Portsmouth, UK PO1 3QL"
    },
    {
        "title": "Google TV search: dual-wielding search and discovery in a large-scale product",
        "year": "2008",
        "authors": "Manish Patel,Rich Gossweiler,Mehran Sahami,John Blackburn,David Brown,Andrea Knight",
        "venue": "UXTV",
        "id": "722749",
        "label": "10",
        "organization": "Google, Mountain View, CA"
    },
    {
        "title": "CARE: An Automobile Crash Data Analysis Tool",
        "year": "2003",
        "authors": "Allen S. Parrish,Brandon Dixon,David Cordes,Susan V. Vrbsky,David Brown",
        "venue": "IEEE Computer",
        "id": "807669",
        "label": "1",
        "organization": "null"
    },
    {
        "title": "The Earth System Grid: Supporting the Next Generation of Climate Modeling Research",
        "year": "2007",
        "authors": "David E. Bernholdt,Shishir Bharathi,David Brown,Kasidit Chanchio,Meili Chen,Ann L. Chervenak,Luca Cinquini,Bob Drach,Ian T. Foster,Peter Fox,Jose Garcia,Carl Kesselman,Rob S. Markel,Don Middleton,Veronika Nefedova,Line Pouchard,Arie Shoshani,Alex Sim,Gary Strand,Dean Williams",
        "venue": "CoRR",
        "id": "825699",
        "label": "0",
        "organization": "null"
    },
    {
        "title": "Composed products and module polynomials over finite fields",
        "year": "1993",
        "authors": "Joel V. Brawley,David Brown",
        "venue": "Discrete Mathematics",
        "id": "853741",
        "label": "11",
        "organization": "null"
    },
    {
        "title": "Model-driven systems development",
        "year": "2006",
        "authors": "Laurent Balmelli,David Brown,Murray Cantor,Michael Mott",
        "venue": "IBM Systems Journal",
        "id": "892935",
        "label": "12",
        "organization": "IBM Research Division, Thomas J. Watson Research Center, 19 Skyline Drive, Hawthorne, New York, 10532, USA"
    },
    {
        "title": "Low correlation between random synaptic inputs impacts considerably on the output of the Hodgkin-Huxley model",
        "year": "2000",
        "authors": "David Brown,Jianfeng Feng",
        "venue": "Neurocomputing",
        "id": "915494",
        "label": "2",
        "organization": "null"
    },
    {
        "title": "Is there a problem matching real and model CV(ISI)?",
        "year": "1999",
        "authors": "David Brown,Jianfeng Feng",
        "venue": "Neurocomputing",
        "id": "915496",
        "label": "2",
        "organization": "null"
    },
    {
        "title": "Significance of random neuronal drive",
        "year": "2001",
        "authors": "David Brown,Stuart Feerick,Jianfeng Feng",
        "venue": "Neurocomputing",
        "id": "915498",
        "label": "2",
        "organization": "null"
    },
    {
        "title": "Spike synchronization in a biophysically-detailed model of the olfactory bulb",
        "year": "2001",
        "authors": "Andrew P. Davison,Jianfeng Feng,David Brown",
        "venue": "Neurocomputing",
        "id": "915619",
        "label": "2",
        "organization": "null"
    },
    {
        "title": "Random pulse input versus continuous current plus white noise: Are they equivalent?",
        "year": "2000",
        "authors": "Stuart Feerick,Jianfeng Feng,David Brown",
        "venue": "Neurocomputing",
        "id": "915771",
        "label": "2",
        "organization": "null"
    },
    {
        "title": "Inhibitory inputs increase a neurons's firing rate",
        "year": "2001",
        "authors": "Stuart Feerick,Jianfeng Feng,David Brown",
        "venue": "Neurocomputing",
        "id": "915773",
        "label": "2",
        "organization": "null"
    },
    {
        "title": "Inferring User Interest",
        "year": "2001",
        "authors": "Mark Claypool,David Brown,Phong Le,Makoto Waseda",
        "venue": "IEEE Internet Computing",
        "id": "928520",
        "label": "4",
        "organization": "null"
    },
    {
        "title": "Text formats and web design for visually impaired and dyslexic readers - Clear Text for All",
        "year": "2005",
        "authors": "Lindsay J. Evett,David Brown",
        "venue": "Interacting with Computers",
        "id": "948147",
        "label": "13",
        "organization": "null"
    },
    {
        "title": "The search for a new model structure of beta-Factor XIIa",
        "year": "2001",
        "authors": "Elsa S. Henriques,Welly B. Floriano,Nathalie Reuter,Andre Melo,David Brown,Jose A. N. F. Gomes,Bernard Maigret,Marco A. C. Nascimento,Maria Joao Ramos",
        "venue": "Journal of Computer-Aided Molecular Design",
        "id": "961360",
        "label": "14",
        "organization": "null"
    },
    {
        "title": "Structural analysis of the KGD sequence loop of barbourin, an alpha-IIb-beta-3-specific disintegrin",
        "year": "2000",
        "authors": "Herve Minoux,Christophe Chipot,David Brown,Bernard Maigret",
        "venue": "Journal of Computer-Aided Molecular Design",
        "id": "961522",
        "label": "14",
        "organization": "null"
    },
    {
        "title": "Decoding Input Signals in Time Domain - A Model Approach",
        "year": "2004",
        "authors": "Jianfeng Feng,David Brown",
        "venue": "Journal of Computational Neuroscience",
        "id": "969760",
        "label": "2",
        "organization": "null"
    },
    {
        "title": "Impact of Correlated Inputs on the Output of the Integrate-and-Fire Model",
        "year": "2000",
        "authors": "Jianfeng Feng,David Brown",
        "venue": "Neural Computation",
        "id": "1022900",
        "label": "2",
        "organization": "null"
    },
    {
        "title": "Fixed Point Attractor Analysis for a Class of Neurodynamics",
        "year": "1998",
        "authors": "Jianfeng Feng,David Brown",
        "venue": "Neural Computation",
        "id": "1022901",
        "label": "2",
        "organization": "null"
    },
    {
        "title": "A Novel Approach for Analyzing Dynamics in Neural Networks with Saturated Characteristics",
        "year": "1996",
        "authors": "Jianfeng Feng,David Brown",
        "venue": "Neural Processing Letters",
        "id": "1028046",
        "label": "2",
        "organization": "null"
    },
    {
        "title": "The virtualization reality",
        "year": "2006",
        "authors": "Simon Crosby,David Brown",
        "venue": "ACM Queue",
        "id": "1049179",
        "label": "17",
        "organization": "null"
    },
    {
        "title": "A Case Study of Software Process Improvement During Development",
        "year": "1993",
        "authors": "Inderpal S. Bhandari,Michael J. Halliday,Eric Tarver,David Brown,Jarir K. Chaar,Ram Chillarege",
        "venue": "IEEE Trans. Software Eng.",
        "id": "1127517",
        "label": "15",
        "organization": "IBM Thomas J. Watson Res. Center, Yorktown Heights, NY"
    },
    {
        "title": "Identities for the exponential integral and the complementary error transforms",
        "year": "2006",
        "authors": "David Brown,Nese Dernek,Osman Yurekli",
        "venue": "Applied Mathematics and Computation",
        "id": "1145722",
        "label": "16",
        "organization": "null"
    },
    {
        "title": "Identities and Parseval type relations for the L2-transform",
        "year": "2008",
        "authors": "David Brown,John Maceli,Osman Yurekli",
        "venue": "Applied Mathematics and Computation",
        "id": "1147450",
        "label": "16",
        "organization": "null"
    },
    {
        "title": "Adapting robot kinematics for human-arm motion recognition",
        "year": "2007",
        "authors": "Chee Seng Chan,Honghai Liu,David Brown",
        "venue": "KES Journal",
        "id": "1184269",
        "label": "3",
        "organization": "Institute of Industrial Research, University of Portsmouth, Portsmouth PO1 3QL, England, UK"
    },
    {
        "title": "HCI Professional Involvement in k-12 Education: On Target or Missing the Mark?",
        "year": "2009",
        "authors": "Martin Jelin,Adrian Sudol,Jeffrey Damon,Douglas McCadden,David Brown",
        "venue": "HCI (4)",
        "id": "1208977",
        "label": "18",
        "organization": "Computer Science Department, Maine School of Science and Mathematics, Limestone, United States 04750"
    },
    {
        "title": "Large-Scale Dependency Knowledge Acquisition and its Extrinsic Evaluation Through Word Sense Disambiguation.",
        "year": "2009",
        "authors": "Ping Chen,Wei Ding 0003,Chris Bowes,David Brown",
        "venue": "null",
        "id": "1307151",
        "label": "19",
        "organization": "null"
    },
    {
        "title": "Coefficient of variation of interspike intervals greater than 0.5. How and when?",
        "year": "1999",
        "authors": "Jianfeng Feng,David Brown",
        "venue": "Biological Cybernetics",
        "id": "1332731",
        "label": "2",
        "organization": "null"
    },
    {
        "title": "Impact of temporal variation and the balance between excitation and inhibition on the output of the perfect integrate-and-fire model.",
        "year": "1998",
        "authors": "Jianfeng Feng,David Brown",
        "venue": "Biological Cybernetics",
        "id": "1332813",
        "label": "2",
        "organization": "null"
    },
    {
        "title": "Understanding user behaviour and its metrics",
        "year": "2007",
        "authors": "David Brown,Bernard Dumouchel",
        "venue": "Information Services and Use",
        "id": "1374411",
        "label": "20",
        "organization": "Head of Scholarly Communications and Innovation Support, The British Library"
    },
    {
        "title": "Qualitative classification of descent phases in commercial flight data",
        "year": "2009",
        "authors": "Edward Smart,Honghai Liu,Chris Jesse,David Brown",
        "venue": "International Journal of Computational Intelligence Studies",
        "id": "1387270",
        "label": "3",
        "organization": "Institute of Industrial Research, University of Portsmouth, PO1 3QL, England, UK"
    },
    {
        "title": "Fixed-point attractor analysis for a class of neurodynamics",
        "year": "1998",
        "authors": "Jianfeng Feng,David Brown",
        "venue": "Neural Computation",
        "id": "1404022",
        "label": "2",
        "organization": "null"
    },
    {
        "title": "A model of LHRH &ldquo;self-priming&rdquo; at the pituitary",
        "year": "1998",
        "authors": "Sin ad Scullion,David Brown,Gareth Leng",
        "venue": "Proceedings of the second international workshop on Information processing in cell and tissues",
        "id": "1552524",
        "label": "21",
        "organization": "null"
    },
    {
        "title": "Rigorously Defining and Analyzing Medical Processes: An Experience Report",
        "year": "2008",
        "authors": "Stefan Christov,Bin Chen,George S. Avrunin,Lori A. Clarke,Leon J. Osterweil,David Brown,Lucinda Cassells,Wilson Mertens",
        "venue": "Models in Software Engineering: Workshops and Symposia at MoDELS 2007, Nashville, TN, USA, September 30 - October 5, 2007, Reports and Revised Selected Papers",
        "id": "1592101",
        "label": "8",
        "organization": "D'Amour Center for Cancer Care, Springfield MA 01199"
    },
    {
        "title": "Component Selection to Optimize Distance Function Learning in Complex Scientific Data Sets",
        "year": "2008",
        "authors": "Aparna Varde,Stephen Bique,Elke Rundensteiner,David Brown,Jianyu Liang,Richard Sisson,Ehsan Sheybani,Brian Sayre",
        "venue": "Proceedings of the 19th international conference on Database and Expert Systems Applications",
        "id": "1598439",
        "label": "4",
        "organization": "Department of Computer Science, Worcester Polytechnic Institute, Worcester and Department of Mechanical Engineering, Worcester Polytechnic Institute, Worcester"
    },
    {
        "title": "An orthodontic expert system",
        "year": "1989",
        "authors": "Jon Sims Williams,Andrew Mattthewman,David Brown",
        "venue": "Fuzzy Sets and Systems",
        "id": "1637133",
        "label": "23",
        "organization": "null"
    },
    {
        "title": "Motor Fault Diagnosis Based on Wavelet Energy and Immune Neural Network",
        "year": "2009",
        "authors": "Xin Wen,David Brown,Honghai Liu,Qizheng Liao,Shimin Wei",
        "venue": "Proceedings of the 2009 International Conference on Measuring Technology and Mechatronics Automation - Volume 02",
        "id": "1655139",
        "label": "3",
        "organization": "null"
    },
    {
        "title": "A fully unsupervised word sense disambiguation method using dependency knowledge",
        "year": "2009",
        "authors": "Ping Chen,Wei Ding,Chris Bowes,David Brown",
        "venue": "Proceedings of Human Language Technologies: The 2009 Annual Conference of the North American Chapter of the Association for Computational Linguistics",
        "id": "1655186",
        "label": "19",
        "organization": "University of Houston-Downtown"
    },
    {
        "title": "Overture: an object-oriented framework for high performance scientific computing",
        "year": "1998",
        "authors": "Federico Bassetti,David Brown,Kei Davis,William Henshaw,Dan Quinlan",
        "venue": "Proceedings of the 1998 ACM/IEEE conference on Supercomputing (CDROM)",
        "id": "1741558",
        "label": "22",
        "organization": "Scientific Computing Group CIC-19, Los Alamos NM"
    },
    {
        "title": "Digital State at the Leading Edge",
        "year": "2007",
        "authors": "Sanford Borins,Kenneth Kernaghan,David Brown",
        "venue": "Ipac Series In Public Management And Governance",
        "id": "1754014",
        "label": "24",
        "organization": "null"
    }
]