[
    {
        "title": "Java Implementation Verification Using Reverse Engineering",
        "year": "2004",
        "authors": "David Cooper,Benjamin Khoo,Brian R. von Konsky,Mike Robey",
        "venue": "ACSC",
        "id": "24633",
        "label": "0",
        "organization": "null"
    },
    {
        "title": "Using Dependence Graphs to Assist Manual and Automated Object Oriented Software Inspections",
        "year": "2006",
        "authors": "David Cooper,Mun Wai Chan,Gautam Mehra,Peter Woodward,Brian R. von Konsky,Michael C. Robey,Michael Harding",
        "venue": "ASWEC",
        "id": "54761",
        "label": "0",
        "organization": "Curtin University of Technology, Perth WA, Australia"
    },
    {
        "title": "President's information technology advisory committee (PITAC): subcommittee on transforming the government",
        "year": "2000",
        "authors": "David Cooper,Bo Ewald",
        "venue": "DG.O",
        "id": "155008",
        "label": "1",
        "organization": "null"
    },
    {
        "title": "Using Geometric Properties of Correspondence Vectors for the Registration of Free-Form Shapes",
        "year": "2000",
        "authors": "Yonghuai Liu,Marcos A. Rodrigues,David Cooper",
        "venue": "ICPR",
        "id": "347715",
        "label": "2",
        "organization": "null"
    },
    {
        "title": "Reading the fine print: what benchmarks don't tell you",
        "year": "1994",
        "authors": "Randi J. Rost,Jim Bushnell,David Cooper,Jerry Schneble,Lynn Thorsen-Jensen",
        "venue": "SIGGRAPH",
        "id": "593888",
        "label": "3",
        "organization": "null"
    },
    {
        "title": "Segregation with Communication",
        "year": "2000",
        "authors": "David Cooper,Susan Stepney",
        "venue": "ZB",
        "id": "676509",
        "label": "4",
        "organization": "null"
    },
    {
        "title": "The Use of Z",
        "year": "1991",
        "authors": "Rosalind Barden,Susan Stepney,David Cooper",
        "venue": "Z User Workshop",
        "id": "676535",
        "label": "4",
        "organization": "null"
    },
    {
        "title": "Formal Methods for Industrial Products",
        "year": "2000",
        "authors": "Susan Stepney,David Cooper",
        "venue": "ZB",
        "id": "676735",
        "label": "4",
        "organization": "null"
    },
    {
        "title": "More Powerful Z Data Refinement: Pushing the State of the Art in Industrial Refinement",
        "year": "1998",
        "authors": "Susan Stepney,David Cooper,Jim Woodcock",
        "venue": "ZUM",
        "id": "676736",
        "label": "4",
        "organization": "null"
    },
    {
        "title": "E-Publishing Portal: A New Approach to Faculty Outreach",
        "year": "2006",
        "authors": "Nedelina Tchangalova,David Cooper",
        "venue": "ELPUB",
        "id": "714004",
        "label": "5",
        "organization": "null"
    },
    {
        "title": "A Demonstrably Correct Compiler",
        "year": "1991",
        "authors": "Susan Stepney,Dave Whitely,David Cooper,Colin Grant",
        "venue": "Formal Asp. Comput.",
        "id": "876407",
        "label": "4",
        "organization": "null"
    },
    {
        "title": "The certification of the Mondex electronic purse to ITSEC Level E6",
        "year": "2008",
        "authors": "Jim Woodcock,Susan Stepney,David Cooper,John A. Clark,Jeremy Jacob",
        "venue": "Formal Asp. Comput.",
        "id": "876567",
        "label": "4",
        "organization": "null"
    },
    {
        "title": "Sorting of textual data bases: A variety generation approach to distribution sorting",
        "year": "1980",
        "authors": "David Cooper,Mary E. Dicker,Michael F. Lynch",
        "venue": "Inf. Process. Manage.",
        "id": "935559",
        "label": "2",
        "organization": "null"
    },
    {
        "title": "The use of binary search trees in external distribution sorting",
        "year": "1984",
        "authors": "David Cooper,Michael F. Lynch",
        "venue": "Inf. Process. Manage.",
        "id": "935560",
        "label": "2",
        "organization": "null"
    },
    {
        "title": "Compression of Wiswesser Line Notations Using Variety Generation",
        "year": "1979",
        "authors": "David Cooper,Michael F. Lynch",
        "venue": "Journal of Chemical Information and Computer Sciences",
        "id": "966127",
        "label": "2",
        "organization": "null"
    },
    {
        "title": "Recognizing and Responding to Student Affect",
        "year": "2009",
        "authors": "Beverly Park Woolf,Toby Dragon,Ivon Arroyo,David Cooper,Winslow Burleson,Kasia Muldner",
        "venue": "HCI (3)",
        "id": "1208606",
        "label": "6",
        "organization": "Department of Computer Science, University of Massachusetts Amherst, Amherst, USA MA 01003"
    },
    {
        "title": "The benefit of information technology in managing outcomes focused curriculum development across related degree programs",
        "year": "2006",
        "authors": "Brian R. von Konsky,Allan Loh,Mike Robey,Susan J. Gribble,Jim Ivins,David Cooper",
        "venue": "Proceedings of the 8th Austalian conference on Computing education - Volume 52",
        "id": "1372785",
        "label": "0",
        "organization": "Curtin University of Technology, Department of Computing, Perth, Western Australia"
    },
    {
        "title": "Z in practice",
        "year": "1995",
        "authors": "Rosalind Barden,Susan Stepney,David Cooper",
        "venue": "null",
        "id": "1716145",
        "label": "4",
        "organization": "Logica UK Limited"
    }
]