[
    {
        "title": "A Relational Representation for Procedural Task Knowledge",
        "year": "2005",
        "authors": "Stephen Hart,Roderic A. Grupen,David Jensen",
        "venue": "AAAI",
        "id": "13116",
        "label": "0",
        "organization": "null"
    },
    {
        "title": "Learning Quantitative Knowledge for Multiagent Coordination",
        "year": "1999",
        "authors": "David Jensen,Michael Atighetchi,Regis Vincent,Victor R. Lesser",
        "venue": "AAAI/IAAI",
        "id": "13316",
        "label": "0",
        "organization": "null"
    },
    {
        "title": "Toward a Theoretical Understanding of Why and When Decision Tree Pruning Algorithms Fail",
        "year": "1999",
        "authors": "Tim Oates,David Jensen",
        "venue": "AAAI/IAAI",
        "id": "14364",
        "label": "0",
        "organization": "null"
    },
    {
        "title": "Fast and efficient voltage scheduling by evolutionary slack distribution",
        "year": "2004",
        "authors": "Bita Gorjiara,Pai H. Chou,Nader Bagherzadeh,Mehrdad Reshadi,David Jensen",
        "venue": "ASP-DAC",
        "id": "52293",
        "label": "1",
        "organization": "Rockwell Collins, Cedar Rapids, IA"
    },
    {
        "title": "Language Models for Financial News Recommendation",
        "year": "2000",
        "authors": "Victor Lavrenko,Matthew D. Schmill,Dawn Lawrie,Paul Ogilvie,David Jensen,James Allan",
        "venue": "CIKM",
        "id": "95555",
        "label": "0",
        "organization": "null"
    },
    {
        "title": "Representing documents with named entities for story link detection (SLD)",
        "year": "2006",
        "authors": "Chirag Shah,W. Bruce Croft,David Jensen",
        "venue": "CIKM",
        "id": "96138",
        "label": "0",
        "organization": "University of Massachusetts, Amherst, MA"
    },
    {
        "title": "Leveraging relational autocorrelation with latent group models",
        "year": "2005",
        "authors": "Jennifer Neville,David Jensen",
        "venue": "Probabilistic, Logical and Relational Learning",
        "id": "137994",
        "label": "0",
        "organization": "Dept. of Comput. Sci., Massachusetts Univ., Amherst, MA, USA"
    },
    {
        "title": "Knowledge Discovery from Graphs (Invited Talk)",
        "year": "2000",
        "authors": "David Jensen",
        "venue": "Graph Drawing",
        "id": "224990",
        "label": "0",
        "organization": "null"
    },
    {
        "title": "Dependency Networks for Relational Data",
        "year": "2004",
        "authors": "Jennifer Neville,David Jensen",
        "venue": "ICDM",
        "id": "302887",
        "label": "0",
        "organization": "University of Massachusetts Amherst"
    },
    {
        "title": "Leveraging Relational Autocorrelation with Latent Group Models",
        "year": "2005",
        "authors": "Jennifer Neville,David Jensen",
        "venue": "ICDM",
        "id": "302889",
        "label": "0",
        "organization": "University of Massachusetts at Amherst"
    },
    {
        "title": "Simple Estimators for Relational Bayesian Classifiers",
        "year": "2003",
        "authors": "Jennifer Neville,David Jensen,Brian Gallagher",
        "venue": "ICDM",
        "id": "302891",
        "label": "0",
        "organization": "Dept. of Comput. Sci., Massachusetts Univ., Amherst, MA, USA"
    },
    {
        "title": "Exploiting Network Structure for Active Inference in Collective Classification",
        "year": "2007",
        "authors": "Matthew J. Rattigan,Marc Maier,David Jensen,Bin Wu,Xin Pei,JianBin Tan,Yi Wang",
        "venue": "ICDM Workshops",
        "id": "303527",
        "label": "0",
        "organization": "Univ. of Massachusetts, Amherst"
    },
    {
        "title": "Why Stacked Models Perform Effective Collective Classification",
        "year": "2008",
        "authors": "Andrew Fast,David Jensen",
        "venue": "ICDM",
        "id": "303614",
        "label": "0",
        "organization": "Dept. of Comput. Sci., Univ. of Massachusetts Amherst, Amherst, MA"
    },
    {
        "title": "Linkage and Autocorrelation Cause Feature Selection Bias in Relational Learning",
        "year": "2002",
        "authors": "David Jensen,Jennifer Neville",
        "venue": "ICML",
        "id": "335033",
        "label": "0",
        "organization": "null"
    },
    {
        "title": "Avoiding Bias when Aggregating Relational Data with Degree Disparity",
        "year": "2003",
        "authors": "David Jensen,Jennifer Neville,Michael Hay",
        "venue": "ICML",
        "id": "335034",
        "label": "0",
        "organization": "null"
    },
    {
        "title": "Identifying Predictive Structures in Relational Data Using Multiple Instance Learning",
        "year": "2003",
        "authors": "Amy McGovern,David Jensen",
        "venue": "ICML",
        "id": "335330",
        "label": "0",
        "organization": "null"
    },
    {
        "title": "The Effects of Training Set Size on Decision Tree Complexity",
        "year": "1997",
        "authors": "Tim Oates,David Jensen",
        "venue": "ICML",
        "id": "335370",
        "label": "0",
        "organization": "null"
    },
    {
        "title": "Graph clustering with network structure indices",
        "year": "2007",
        "authors": "Matthew J. Rattigan,Marc Maier,David Jensen",
        "venue": "ICML",
        "id": "336240",
        "label": "0",
        "organization": "null"
    },
    {
        "title": "Building Simple Models: A Case Study with Decision Trees",
        "year": "1997",
        "authors": "David Jensen,Tim Oates,Paul R. Cohen",
        "venue": "IDA",
        "id": "371416",
        "label": "0",
        "organization": "null"
    },
    {
        "title": "Decentralized Search in Networks Using Homophily and Degree Disparity",
        "year": "2005",
        "authors": "Ozgur Simsek,David Jensen",
        "venue": "IJCAI",
        "id": "390639",
        "label": "0",
        "organization": "null"
    },
    {
        "title": "Autocorrelation and Linkage Cause Bias in Evaluation of Relational Learners",
        "year": "2002",
        "authors": "David Jensen,Jennifer Neville",
        "venue": "ILP",
        "id": "395185",
        "label": "0",
        "organization": "null"
    },
    {
        "title": "Bias/Variance Analysis for Relational Domains",
        "year": "2007",
        "authors": "Jennifer Neville,David Jensen",
        "venue": "ILP",
        "id": "395431",
        "label": "0",
        "organization": "null"
    },
    {
        "title": "MaxProp: Routing for Vehicle-Based Disruption-Tolerant Networks",
        "year": "2006",
        "authors": "John Burgess,Brian Gallagher,David Jensen,Brian Neil Levine",
        "venue": "INFOCOM",
        "id": "403625",
        "label": "0",
        "organization": "null"
    },
    {
        "title": "Creating social networks to improve peer-to-peer networking",
        "year": "2005",
        "authors": "Andrew Fast,David Jensen,Brian Neil Levine",
        "venue": "KDD",
        "id": "472710",
        "label": "0",
        "organization": "University of Massachusetts - Amherst, Amherst, MA"
    },
    {
        "title": "Why collective inference improves relational classification",
        "year": "2004",
        "authors": "David Jensen,Jennifer Neville,Brian Gallagher",
        "venue": "KDD",
        "id": "472850",
        "label": "0",
        "organization": "Univ. of Massachusetts - Amherst, Amherst, MA"
    },
    {
        "title": "Information awareness: a prospective technical assessment",
        "year": "2003",
        "authors": "David Jensen,Matthew J. Rattigan,Hannah Blau",
        "venue": "KDD",
        "id": "472851",
        "label": "0",
        "organization": "University of Massachusetts, Amherst, MA"
    },
    {
        "title": "Adjusting for Multiple Comparisons in Decision Tree Pruning",
        "year": "1997",
        "authors": "David Jensen,Matthew D. Schmill",
        "venue": "KDD",
        "id": "472852",
        "label": "0",
        "organization": "null"
    },
    {
        "title": "Learning relational probability trees",
        "year": "2003",
        "authors": "Jennifer Neville,David Jensen,Lisa Friedland,Michael Hay",
        "venue": "KDD",
        "id": "473123",
        "label": "0",
        "organization": "University of Massachusetts, Amherst, MA"
    },
    {
        "title": "Using relational knowledge discovery to prevent securities fraud",
        "year": "2005",
        "authors": "Jennifer Neville,Ozgur Simsek,David Jensen,John Komoroske,Kelly Palmer,Henry G. Goldberg",
        "venue": "KDD",
        "id": "473124",
        "label": "0",
        "organization": "null"
    },
    {
        "title": "Large Datasets Lead to Overly Complex Models: An Explanation and a Solution",
        "year": "1998",
        "authors": "Tim Oates,David Jensen",
        "venue": "KDD",
        "id": "473132",
        "label": "0",
        "organization": "null"
    },
    {
        "title": "Efficient Progressive Sampling",
        "year": "1999",
        "authors": "Foster J. Provost,David Jensen,Tim Oates",
        "venue": "KDD",
        "id": "473213",
        "label": "0",
        "organization": "null"
    },
    {
        "title": "Using structure indices for efficient approximation of network properties",
        "year": "2006",
        "authors": "Matthew J. Rattigan,Marc Maier,David Jensen",
        "venue": "KDD",
        "id": "473243",
        "label": "0",
        "organization": "University of Massachusetts Amherst"
    },
    {
        "title": "Relational data pre-processing techniques for improved securities fraud detection",
        "year": "2007",
        "authors": "Andrew Fast,Lisa Friedland,Marc Maier,Brian Taylor,David Jensen,Henry G. Goldberg,John Komoroske",
        "venue": "KDD",
        "id": "473691",
        "label": "0",
        "organization": "University of Massachusetts Amherst, Amherst, MA"
    },
    {
        "title": "Finding tribes: identifying close-knit individuals from employment patterns",
        "year": "2007",
        "authors": "Lisa Friedland,David Jensen",
        "venue": "KDD",
        "id": "473692",
        "label": "0",
        "organization": "University of Massachusetts Amherst"
    },
    {
        "title": "Social networks: looking ahead",
        "year": "2008",
        "authors": "Ravi Kumar,Alexander Tuzhilin,Christos Faloutsos,David Jensen,Gueorgi Kossinets,Jure Leskovec,Andrew Tomkins",
        "venue": "KDD",
        "id": "473733",
        "label": "0",
        "organization": "null"
    },
    {
        "title": "Privacy Vulnerabilities in Encrypted HTTP Streams",
        "year": "2005",
        "authors": "George Dean Bissias,Marc Liberatore,David Jensen,Brian Neil Levine",
        "venue": "Privacy Enhancing Technologies",
        "id": "539678",
        "label": "0",
        "organization": "null"
    },
    {
        "title": "Recommending citations for academic papers",
        "year": "2007",
        "authors": "Trevor Strohman,W. Bruce Croft,David Jensen",
        "venue": "SIGIR",
        "id": "596111",
        "label": "0",
        "organization": "University of Massachusetts Amherst, Amherst, MA"
    },
    {
        "title": "Coordinating agent activities in knowledge discovery processes",
        "year": "1999",
        "authors": "David Jensen,Yulin Dong,Barbara Staudt Lerner,Eric K. McCall,Leon J. Osterweil,Stanley M. Sutton Jr,Alexander E. Wise",
        "venue": "WACC",
        "id": "650829",
        "label": "0",
        "organization": "null"
    },
    {
        "title": "Supply chain simulation: distributed supply chain simulation using a generic job running framework",
        "year": "2003",
        "authors": "Haifeng Xi,Heng Cao,Leonard Berman,David Jensen",
        "venue": "Winter Simulation Conference",
        "id": "671349",
        "label": "2",
        "organization": "IBM T. J. Watson Research Center, Yorktown Heights, NY"
    },
    {
        "title": "Reports on the AAAI Fall Symposia (November 1999 and November 1998)",
        "year": "2000",
        "authors": "Fawzi Daud,Michael Mateas,Phoebe Sengers,Susan Brennan,Alain Giboin,David R. Traum,Vinay Chaudri,Richard Fikes,Donia Scott,Richard Power,David Jensen",
        "venue": "AI Magazine",
        "id": "747586",
        "label": "0",
        "organization": "null"
    },
    {
        "title": "Introduction to the special issue on multi-relational data mining and statistical relational learning",
        "year": "2006",
        "authors": "Hendrik Blockeel,David Jensen,Stefan Kramer",
        "venue": "Machine Learning",
        "id": "1009341",
        "label": "3",
        "organization": "null"
    },
    {
        "title": "A bias/variance decomposition for models using collective inference",
        "year": "2008",
        "authors": "Jennifer Neville,David Jensen",
        "venue": "Machine Learning",
        "id": "1010125",
        "label": "0",
        "organization": "Department of Computer Science, University of Massachusetts Amherst, Amherst, USA 01003-4610"
    },
    {
        "title": "Plant location with minimum inventory",
        "year": "1998",
        "authors": "Francisco Barahona,David Jensen",
        "venue": "Math. Program.",
        "id": "1013453",
        "label": "2",
        "organization": "null"
    },
    {
        "title": "Optimistic pruning for multiple instance learning",
        "year": "2008",
        "authors": "Amy McGovern,David Jensen",
        "venue": "Pattern Recognition Letters",
        "id": "1046768",
        "label": "0",
        "organization": "Computer Science Department, Knowledge Discovery Laboratory, University of Massachusetts Amherst, Amherst, MA 01003, USA"
    },
    {
        "title": "Data Snooping, Dredging and Fishing: The Dark Side of Data Mining, A SIGKDD99 Panel Report",
        "year": "2000",
        "authors": "David Jensen",
        "venue": "SIGKDD Explorations",
        "id": "1063517",
        "label": "0",
        "organization": "null"
    },
    {
        "title": "Exploiting relational structure to understand publication patterns in high-energy physics",
        "year": "2003",
        "authors": "Amy McGovern,Lisa Friedland,Michael Hay,Brian Gallagher,Andrew Fast,Jennifer Neville,David Jensen",
        "venue": "SIGKDD Explorations",
        "id": "1063602",
        "label": "0",
        "organization": "University of Massachusetts Amherst, Amherst, MA"
    },
    {
        "title": "The case for anomalous link discovery",
        "year": "2005",
        "authors": "Matthew J. Rattigan,David Jensen",
        "venue": "SIGKDD Explorations",
        "id": "1063647",
        "label": "0",
        "organization": "University of Massachusetts, Amherst, MA"
    },
    {
        "title": "Resisting structural re-identification in anonymized social networks",
        "year": "2008",
        "authors": "Michael Hay,Gerome Miklau,David Jensen,Donald F. Towsley,Philipp Weis",
        "venue": "PVLDB",
        "id": "1186073",
        "label": "0",
        "organization": "University of Massachusetts Amherst"
    },
    {
        "title": "Accurate Estimation of the Degree Distribution of Private Networks.",
        "year": "2009",
        "authors": "Michael Hay,Chao Li,Gerome Miklau,David Jensen",
        "venue": "null",
        "id": "1319448",
        "label": "0",
        "organization": "null"
    },
    {
        "title": "Knowledge Discovery by Design.",
        "year": "2009",
        "authors": "David Jensen",
        "venue": "null",
        "id": "1331410",
        "label": "0",
        "organization": "null"
    },
    {
        "title": "The case for anomalous link detection",
        "year": "2005",
        "authors": "Matthew J. Rattigan,David Jensen",
        "venue": "Proceedings of the 4th international workshop on Multi-relational mining",
        "id": "1410356",
        "label": "0",
        "organization": "University of Massachusetts Amherst, Amherst, MA"
    },
    {
        "title": "Relational Dependency Networks",
        "year": "2007",
        "authors": "Jennifer Neville,David Jensen",
        "venue": "The Journal of Machine Learning Research",
        "id": "1583751",
        "label": "0",
        "organization": "null"
    },
    {
        "title": "Statistical models and analysis techniques for learning in relational data",
        "year": "2006",
        "authors": "David Jensen",
        "venue": "null",
        "id": "1606299",
        "label": "0",
        "organization": "University of Massachusetts Amherst"
    }
]