[
    {
        "title": "Acquiring Case Adaptation Knowledge: A Hybrid Approach",
        "year": "1996",
        "authors": "David B. Leake,Andrew Kinley,David C. Wilson",
        "venue": "AAAI/IAAI, Vol. 1",
        "id": "13726",
        "label": "0",
        "organization": "null"
    },
    {
        "title": "Case-Based Similarity Assessment: Estimating Adaptability from Experience",
        "year": "1997",
        "authors": "David B. Leake,Andrew Kinley,David C. Wilson",
        "venue": "AAAI/IAAI",
        "id": "13727",
        "label": "0",
        "organization": "null"
    },
    {
        "title": "The Law of Choice and the Decision Not to Decide",
        "year": "2008",
        "authors": "David C. Wilson,Suzanne Leland,Kenneth Godwin,Andrew Baxter,Ashley Levy,Jamie Smart,Nadia Najjar,Jayakrishnan Andaparambil",
        "venue": "AAAI",
        "id": "16290",
        "label": "0",
        "organization": "null"
    },
    {
        "title": "Adaptive Presentation and Navigation for Geospatial Imagery Tasks",
        "year": "2004",
        "authors": "Dympna O'Sullivan,Eoin McLoughlin,Michela Bertolotto,David C. Wilson",
        "venue": "AH",
        "id": "31133",
        "label": "0",
        "organization": "null"
    },
    {
        "title": "Contextual Media Integration and Recommendation for Mobile Medical Diagnosis",
        "year": "2006",
        "authors": "David C. Wilson,Eoin McLoughlin,Dympna O'Sullivan,Michela Bertolotto",
        "venue": "AH",
        "id": "31168",
        "label": "0",
        "organization": "null"
    },
    {
        "title": "Data Mining Support for Case-Based Collaborative Recommendation",
        "year": "2002",
        "authors": "Barry Smyth,David C. Wilson,Derry O'Sullivan",
        "venue": "AICS",
        "id": "32740",
        "label": "0",
        "organization": "null"
    },
    {
        "title": "Grounding geovisualization interface design: a study of interactive map use",
        "year": "2009",
        "authors": "Pamela Karr Wisniewski,Okan Pala,Heather Richter Lipford,David C. Wilson",
        "venue": "CHI Extended Abstracts",
        "id": "92401",
        "label": "0",
        "organization": "null"
    },
    {
        "title": "Using T-Ret System to Improve Incident Report Retrieval",
        "year": "2004",
        "authors": "Joe Carthy,David C. Wilson,Ruichao Wang,John Dunnion,Anne Drummond",
        "venue": "CICLing",
        "id": "94161",
        "label": "0",
        "organization": "null"
    },
    {
        "title": "A Knowledge Management System for Intelligent Retrieval of Geo-Spatial Imagery",
        "year": "2004",
        "authors": "Eoin McLoughlin,Dympna O'Sullivan,Michela Bertolotto,David C. Wilson",
        "venue": "CIVR",
        "id": "98370",
        "label": "0",
        "organization": "null"
    },
    {
        "title": "Context-Oriented Image Retrieval",
        "year": "2005",
        "authors": "Dympna O'Sullivan,Eoin McLoughlin,Michela Bertolotto,David C. Wilson",
        "venue": "CONTEXT",
        "id": "115457",
        "label": "0",
        "organization": "null"
    },
    {
        "title": "Using Data Mining for Modeling Personalized Maps",
        "year": "2005",
        "authors": "Joe Weakliam,David C. Wilson",
        "venue": "ER (Workshops)",
        "id": "184128",
        "label": "0",
        "organization": "null"
    },
    {
        "title": "Digital Image Similarity for Geo-spatial Knowledge Management",
        "year": "2002",
        "authors": "James D. Carswell,David C. Wilson,Michela Bertolotto",
        "venue": "ECCBR",
        "id": "199934",
        "label": "0",
        "organization": "null"
    },
    {
        "title": "Analysing Similarity Essence for Case Based Recommendation",
        "year": "2004",
        "authors": "Derry O'Sullivan,Barry Smyth,David C. Wilson",
        "venue": "ECCBR",
        "id": "200027",
        "label": "0",
        "organization": "null"
    },
    {
        "title": "Remembering Why to Remember: Performance-Guided Case-Base Maintenance",
        "year": "2000",
        "authors": "David B. Leake,David C. Wilson",
        "venue": "EWCBR",
        "id": "200040",
        "label": "0",
        "organization": "null"
    },
    {
        "title": "Categorizing Case-Base Maintenance: Dimensions and Directions",
        "year": "1998",
        "authors": "David B. Leake,David C. Wilson",
        "venue": "EWCBR",
        "id": "200042",
        "label": "0",
        "organization": "null"
    },
    {
        "title": "Improving Case-Based Recommendation: A Collaborative Filtering Approach",
        "year": "2002",
        "authors": "Derry O'Sullivan,David C. Wilson,Barry Smyth",
        "venue": "ECCBR",
        "id": "200141",
        "label": "0",
        "organization": "null"
    },
    {
        "title": "A Case-Based Approach to Managing Geo-spatial Imagery Tasks",
        "year": "2004",
        "authors": "Dympna O'Sullivan,Eoin McLoughlin,Michela Bertolotto,David C. Wilson",
        "venue": "ECCBR",
        "id": "200148",
        "label": "0",
        "organization": "null"
    },
    {
        "title": "In-Depth Analysis of Similarity Knowledge and Metric Contributions to Recommender Performance",
        "year": "2004",
        "authors": "Derry O'Sullivan,Barry Smyth,David C. Wilson",
        "venue": "FLAIRS Conference",
        "id": "207533",
        "label": "0",
        "organization": "null"
    },
    {
        "title": "Using Collaborative Filtering Data in Case-Based Recommendation",
        "year": "2002",
        "authors": "Derry O'Sullivan,David C. Wilson,Barry Smyth",
        "venue": "FLAIRS Conference",
        "id": "207535",
        "label": "0",
        "organization": "null"
    },
    {
        "title": "Preserving Recommender Accuracy and Diversity in Sparse Datasets",
        "year": "2003",
        "authors": "Derry O'Sullivan,David C. Wilson,Barry Smyth",
        "venue": "FLAIRS Conference",
        "id": "207714",
        "label": "0",
        "organization": "null"
    },
    {
        "title": "Implicit interaction profiling for recommending spatial content",
        "year": "2005",
        "authors": "Joe Weakliam,Michela Bertolotto,David C. Wilson",
        "venue": "GIS",
        "id": "233040",
        "label": "0",
        "organization": "null"
    },
    {
        "title": "Analysis of implicit interest indicators for spatial data",
        "year": "2007",
        "authors": "Eoin Mac Aoidh,Michela Bertolotto,David C. Wilson",
        "venue": "GIS",
        "id": "233184",
        "label": "0",
        "organization": "University of North Carolina at Charlotte"
    },
    {
        "title": "Charting new ground: modeling user behavior in interactive geovisualization",
        "year": "2008",
        "authors": "David C. Wilson,Heather Richter Lipford,Erin Carroll,Pamela Karr,Nadia Najjar",
        "venue": "GIS",
        "id": "233209",
        "label": "0",
        "organization": "University of North Carolina at Charlotte, Charlotte, NC"
    },
    {
        "title": "Case Studies in Association Rule Mining for Recommender Systems",
        "year": "2005",
        "authors": "Barry Smyth,Kevin McCarthy,James Reilly,Derry O'Sullivan,Lorraine McGinty,David C. Wilson",
        "venue": "IC-AI",
        "id": "265723",
        "label": "0",
        "organization": "null"
    },
    {
        "title": "DubLet: An Online CBR System for Rental Property Recommendation",
        "year": "2001",
        "authors": "Gareth Hurley,David C. Wilson",
        "venue": "ICCBR",
        "id": "284213",
        "label": "0",
        "organization": "null"
    },
    {
        "title": "Learning to Improve Case Adaption by Introspective Reasoning and CBR",
        "year": "1995",
        "authors": "David B. Leake,Andrew Kinley,David C. Wilson",
        "venue": "ICCBR",
        "id": "284260",
        "label": "0",
        "organization": "null"
    },
    {
        "title": "A Case Study of Case-Based CBR",
        "year": "1997",
        "authors": "David B. Leake,Andrew Kinley,David C. Wilson",
        "venue": "ICCBR",
        "id": "284262",
        "label": "0",
        "organization": "null"
    },
    {
        "title": "Combining CBR with Interactive Knowledge Acquisition, Manipulation and Reuse",
        "year": "1999",
        "authors": "David B. Leake,David C. Wilson",
        "venue": "ICCBR",
        "id": "284266",
        "label": "0",
        "organization": "null"
    },
    {
        "title": "When Experience Is Wrong: Examining CBR for Changing Tasks and Environments",
        "year": "1999",
        "authors": "David B. Leake,David C. Wilson",
        "venue": "ICCBR",
        "id": "284268",
        "label": "0",
        "organization": "null"
    },
    {
        "title": "Constructing and Transforming CBR Implementations: Techniques for Corporate Memory Management",
        "year": "1999",
        "authors": "Arijit Sengupta,David C. Wilson,David B. Leake",
        "venue": "ICCBR Workshops",
        "id": "284359",
        "label": "0",
        "organization": "null"
    },
    {
        "title": "Implicit Profiling for Contextual Reasoning About Users Spatial Preferences",
        "year": "2007",
        "authors": "Eoin Mac Aoidh,Michela Bertolotto,David C. Wilson",
        "venue": "CaCoA",
        "id": "284366",
        "label": "0",
        "organization": "null"
    },
    {
        "title": "Knowledge Capture and Reuse for Geo-spatial Imagery Tasks",
        "year": "2003",
        "authors": "David C. Wilson,Michela Bertolotto,Eoin McLoughlin,Dympna O'Sullivan",
        "venue": "ICCBR",
        "id": "284457",
        "label": "0",
        "organization": "null"
    },
    {
        "title": "Textual CBR for Incident Report Retrieval",
        "year": "2003",
        "authors": "David C. Wilson,Joe Carthy,Karl Abbey,John Sheppard,Ruichao Wang,John Dunnion,Anne Drummond",
        "venue": "ICCSA (1)",
        "id": "292168",
        "label": "0",
        "organization": "null"
    },
    {
        "title": "A Multimodal Interface for Personalising Spatial Data in Mobile GIS",
        "year": "2006",
        "authors": "Julie Doyle,Joe Weakliam,Michela Bertolotto,David C. Wilson",
        "venue": "ICEIS (5)",
        "id": "306160",
        "label": "0",
        "organization": "null"
    },
    {
        "title": "Learning to Integrate Multiple Knowledge Sources for Case-Based Reasoning",
        "year": "1997",
        "authors": "David B. Leake,Andrew Kinley,David C. Wilson",
        "venue": "IJCAI (1)",
        "id": "389443",
        "label": "0",
        "organization": "null"
    },
    {
        "title": "Capturing and Reusing Case-Based Context for Image Retrieval",
        "year": "2005",
        "authors": "Dympna O'Sullivan,Eoin McLoughlin,Michela Bertolotto,David C. Wilson",
        "venue": "IJCAI",
        "id": "390020",
        "label": "0",
        "organization": "null"
    },
    {
        "title": "Explicit vs Implicit Profiling - A Case-Study in Electronic Programme Guides",
        "year": "2003",
        "authors": "Derry O'Sullivan,Barry Smyth,David C. Wilson",
        "venue": "IJCAI",
        "id": "390022",
        "label": "0",
        "organization": "null"
    },
    {
        "title": "Comparison of Traditional Brain Segmentation Tools with 3D Self-Organizing Maps",
        "year": "1997",
        "authors": "David Dean,Krishnamurthy Subramanyan,Janardhan Kamath,Fred L. Bookstein,David C. Wilson,David Kwon,Peter Buckley",
        "venue": "IPMI",
        "id": "407103",
        "label": "3",
        "organization": "null"
    },
    {
        "title": "Capturing task knowledge for geo-spatial imagery",
        "year": "2003",
        "authors": "Dympna O'Sullivan,Eoin McLoughlin,Michela Bertolotto,David C. Wilson",
        "venue": "K-CAP",
        "id": "472185",
        "label": "0",
        "organization": "University of North Carolina at Charlotte, Charlotte, NC"
    },
    {
        "title": "Managing Spatial Knowledge for Mobile Personalized Applications",
        "year": "2005",
        "authors": "Joe Weakliam,Daniel Lynch,Julie Doyle,Helen Min Zhou,Eoin Mac Aoidh,Michela Bertolotto,David C. Wilson",
        "venue": "KES (4)",
        "id": "475791",
        "label": "0",
        "organization": "null"
    },
    {
        "title": "Task-Based Image Annotation and Retrieval",
        "year": "2007",
        "authors": "Dympna O'Sullivan,David C. Wilson,Michela Bertolotto,Eoin McLoughlin",
        "venue": "RSFDGrC",
        "id": "562158",
        "label": "0",
        "organization": "null"
    },
    {
        "title": "MEDIC: MobilE Diagnosis for Improved Care",
        "year": "2006",
        "authors": "Eoin McLoughlin,Dympna O'Sullivan,Michela Bertolotto,David C. Wilson",
        "venue": "SAC",
        "id": "567928",
        "label": "0",
        "organization": "University of North Carolina at Charlotte, Charlotte, NC"
    },
    {
        "title": "Developing Non-proprietary Personalized Maps for Web and Mobile Environments",
        "year": "2004",
        "authors": "Julie Doyle,Qiang Han,Joe Weakliam,Michela Bertolotto,David C. Wilson",
        "venue": "W2GIS",
        "id": "649926",
        "label": "0",
        "organization": "null"
    },
    {
        "title": "Delivering Personalized Context-Aware Spatial Information to Mobile Devices",
        "year": "2005",
        "authors": "Joe Weakliam,Daniel Lynch,Julie Doyle,Michela Bertolotto,David C. Wilson",
        "venue": "W2GIS",
        "id": "649992",
        "label": "0",
        "organization": "null"
    },
    {
        "title": "Multimodal Interaction - Improving Usability and Efficiency in a Mobile GIS Context",
        "year": "2008",
        "authors": "Julie Doyle,Michela Bertolotto,David C. Wilson",
        "venue": "ACHI",
        "id": "710806",
        "label": "0",
        "organization": "Univ. of Ottawa, Ottawa"
    },
    {
        "title": "A Case-Based Framework for Interactive Capture and Reuse of Design Knowledge",
        "year": "2001",
        "authors": "David B. Leake,David C. Wilson",
        "venue": "Appl. Intell.",
        "id": "754983",
        "label": "0",
        "organization": "Computer Science Department, Lindley Hall 215, Indiana University, 150 S. Woodlawn Avenue, Bloomington, IN 47405-7104, USA. davwils@cs.indiana.edu"
    },
    {
        "title": "Introduction to the Special Issue on Maintaining Case-Based Reasoning Systems",
        "year": "2001",
        "authors": "David B. Leake,Barry Smyth,David C. Wilson,Qiang Yang",
        "venue": "Computational Intelligence",
        "id": "788974",
        "label": "0",
        "organization": "null"
    },
    {
        "title": "Maintaining Cased-Based Reasoners: Dimensions and Directions",
        "year": "2001",
        "authors": "David C. Wilson,David B. Leake",
        "venue": "Computational Intelligence",
        "id": "789252",
        "label": "0",
        "organization": "null"
    },
    {
        "title": "Decomposition methods for convolution operators",
        "year": "1991",
        "authors": "Zohra Z. Manseur,David C. Wilson",
        "venue": "CVGIP: Graphical Model and Image Processing",
        "id": "834229",
        "label": "2",
        "organization": "null"
    },
    {
        "title": "Biomedical Image Analysis",
        "year": "1997",
        "authors": "Amir A. Amini,Fred L. Bookstein,David C. Wilson",
        "venue": "Computer Vision and Image Understanding",
        "id": "834744",
        "label": "3",
        "organization": "null"
    },
    {
        "title": "Interpretation of a basic hypergeometric identity with Lie characters and Young tableaux",
        "year": "1995",
        "authors": "Robert A. Procter,David C. Wilson",
        "venue": "Discrete Mathematics",
        "id": "854561",
        "label": "1",
        "organization": "null"
    },
    {
        "title": "Preserving recommender accuracy and diversity in sparse datasets",
        "year": "2004",
        "authors": "Derry O'Sullivan,Barry Smyth,David C. Wilson",
        "venue": "International Journal on Artificial Intelligence Tools",
        "id": "903139",
        "label": "0",
        "organization": "null"
    },
    {
        "title": "Understanding Case Based Recommendation: A Similarity Knowledge Perspective",
        "year": "2005",
        "authors": "Derry O'Sullivan,Barry Smyth,David C. Wilson",
        "venue": "International Journal on Artificial Intelligence Tools",
        "id": "903257",
        "label": "0",
        "organization": "null"
    },
    {
        "title": "Sparsity Reduction in Collaborative Recommendation: A Case-Based Approach",
        "year": "2003",
        "authors": "David C. Wilson,Barry Smyth,Derry O'Sullivan",
        "venue": "IJPRAI",
        "id": "919504",
        "label": "0",
        "organization": "null"
    },
    {
        "title": "Personalised maps in multimodal mobile GIS",
        "year": "2007",
        "authors": "David C. Wilson,Julie Doyle,Joe Weakliam,Michela Bertolotto,Daniel Lynch",
        "venue": "Int. J. Web Eng. Technol.",
        "id": "922104",
        "label": "0",
        "organization": "null"
    },
    {
        "title": "Improving the Quality of the Personalized Electronic Program Guide",
        "year": "2004",
        "authors": "Derry O'Sullivan,Barry Smyth,David C. Wilson,Kieran McDonald,Alan F. Smeaton",
        "venue": "User Model. User-Adapt. Interact.",
        "id": "1136199",
        "label": "0",
        "organization": "Smart Media Institute, University College Dublin, Dublin 4, Ireland"
    },
    {
        "title": "Using sketches and knowledge bases for geo-spatial image retrieval",
        "year": "2006",
        "authors": "Michela Bertolotto,James D. Carswell,Eoin McLoughlin,Dympna O'Sullivan,David C. Wilson",
        "venue": "Computers, Environment and Urban Systems",
        "id": "1142664",
        "label": "0",
        "organization": "null"
    },
    {
        "title": "Medical Imagery in Case-Based Reasoning",
        "year": "2008",
        "authors": "David C. Wilson,Dympna O'Sullivan",
        "venue": "Case-Based Reasoning on Images and Signals",
        "id": "1202105",
        "label": "0",
        "organization": "null"
    },
    {
        "title": "Personalizing Location-Aware Applications",
        "year": "2008",
        "authors": "Eoin Mac Aoidh,Michela Bertolotto,David C. Wilson",
        "venue": "Geospatial Services and Applications for the Internet",
        "id": "1234646",
        "label": "0",
        "organization": "null"
    },
    {
        "title": "A Study of Spatial Interaction Behaviour for Improved Delivery of Web-Based Maps",
        "year": "2009",
        "authors": "Eoin Mac Aoidh,David C. Wilson,Michela Bertolotto",
        "venue": "W2GIS",
        "id": "1256980",
        "label": "0",
        "organization": "University of North Carolina at Charlotte, USA"
    },
    {
        "title": "Mobile case-based decision support for intelligent patient knowledge management",
        "year": "2007",
        "authors": "Dympna O'Sullivan,Eoin McLoughlin,Michela Bertolotto,David C. Wilson",
        "venue": "TOCT",
        "id": "1293044",
        "label": "0",
        "organization": "null"
    },
    {
        "title": "A q-series approach to deblurring the discrete Gaussian",
        "year": "1997",
        "authors": "Bernard A. Mair,Zolt n R ti,David C. Wilson,Edward A. Geiser,Bryn David",
        "venue": "Computer Vision and Image Understanding",
        "id": "1400792",
        "label": "2",
        "organization": "null"
    },
    {
        "title": "Proceedings of the 8th International Conference on Case-Based Reasoning: Case-Based Reasoning Research and Development",
        "year": "2009",
        "authors": "Lorraine Mcginty,David C. Wilson",
        "venue": "Lecture Notes In Artificial Intelligence; Vol. 5650",
        "id": "1651368",
        "label": "0",
        "organization": "Department of Software and Information Systems, College of Computing and Informatics, University of North Carolina at Charlotte, Charlotte, USA NC 28223-0001"
    },
    {
        "title": "An analytic technique for router comparison",
        "year": "1976",
        "authors": "David C. Wilson,Robert J. Smith, II",
        "venue": "Proceedings of the 13th Design Automation Conference",
        "id": "1687117",
        "label": "4",
        "organization": "null"
    },
    {
        "title": "An experimental comparison of force directed placement techniques",
        "year": "1974",
        "authors": "David C. Wilson,Robert J. Smith, II",
        "venue": "Proceedings of the 11th Design Automation Workshop",
        "id": "1688423",
        "label": "4",
        "organization": "null"
    }
]