[
    {
        "title": "Winner determination in combinatorial auction generalizations",
        "year": "2002",
        "authors": "Tuomas Sandholm,Subhash Suri,Andrew Gilpin,David Levine",
        "venue": "AAMAS",
        "id": "56624",
        "label": "0",
        "organization": "CombineNet, Inc., Pittsburgh, PA"
    },
    {
        "title": "Indexing and Searching XML Documents Based on Content and Structure Synopses",
        "year": "2007",
        "authors": "Weimin He,Leonidas Fegaras,David Levine",
        "venue": "BNCOD",
        "id": "68113",
        "label": "1",
        "organization": "null"
    },
    {
        "title": "Cluster and Grid Based Classification of Transposable Elements in Eukaryotic Genomes",
        "year": "2006",
        "authors": "Nirmal Ranganathan,Cedric Feschotte,David Levine",
        "venue": "CCGRID",
        "id": "83086",
        "label": "1",
        "organization": "University of Texas at Arlington, USA"
    },
    {
        "title": "Query processing of streamed XML data",
        "year": "2002",
        "authors": "Leonidas Fegaras,David Levine,Sujoe Bose,Vamsi Chaluvadi",
        "venue": "CIKM",
        "id": "95296",
        "label": "1",
        "organization": "The University of Texas at Arlington, Arlington, TX"
    },
    {
        "title": "XML Query Routing in Structured P2P Systems",
        "year": "2006",
        "authors": "Leonidas Fegaras,Weimin He,Gautam Das,David Levine",
        "venue": "DBISP2P",
        "id": "144964",
        "label": "1",
        "organization": "null"
    },
    {
        "title": "A Query Algebra for Fragmented XML Stream Data",
        "year": "2003",
        "authors": "Sujoe Bose,Leonidas Fegaras,David Levine,Vamsi Chaluvadi",
        "venue": "DBPL",
        "id": "145124",
        "label": "1",
        "organization": "null"
    },
    {
        "title": "Locating and Ranking XML Documents Based on Content and Structure Synopses",
        "year": "2007",
        "authors": "Weimin He,Leonidas Fegaras,David Levine",
        "venue": "DEXA",
        "id": "150694",
        "label": "1",
        "organization": "University of Texas at Arlington, CSE, Arlington, TX 76019-0015,"
    },
    {
        "title": "Contours of Constructive Hypertexts",
        "year": "1992",
        "authors": "Mark Bernstein,Michael Joyce,David Levine",
        "venue": "ECHT",
        "id": "169908",
        "label": "4",
        "organization": "null"
    },
    {
        "title": "Optimizing Grid Scheduling Based on Local Cluster Scheduling Policies and Resource Availability",
        "year": "2006",
        "authors": "Tummalapalli Reddy,David Levine,Farhad Kamangar,Nirmal Ranganathan",
        "venue": "GCA",
        "id": "222882",
        "label": "1",
        "organization": "null"
    },
    {
        "title": "A Multimedia Application using Mobile Agents for Establishing and Managing Streaming Audio Communications",
        "year": "2001",
        "authors": "David Levine,Sunil Pai,Farhad Kamangar,Ramesh Yerraballi",
        "venue": "International Conference on Internet Computing (1)",
        "id": "263281",
        "label": "1",
        "organization": "null"
    },
    {
        "title": "CABOB: A Fast Optimal Algorithm for Combinatorial Auctions",
        "year": "2001",
        "authors": "Tuomas Sandholm,Subhash Suri,Andrew Gilpin,David Levine",
        "venue": "IJCAI",
        "id": "390445",
        "label": "0",
        "organization": "null"
    },
    {
        "title": "Iterative Joint Source-Channel Decoding of H.264 Compressed Video",
        "year": "2007",
        "authors": "David Levine,William E. Lynch,Tho Le-Ngoc",
        "venue": "ISCAS",
        "id": "428339",
        "label": "8",
        "organization": "null"
    },
    {
        "title": "A Tool Based Methodology for Development of Automatically Scalable and Reusable Parallel Code",
        "year": "2002",
        "authors": "Vijay Murthi,David Levine,Behrooz Shirazi,Jeff Marquis",
        "venue": "MASCOTS",
        "id": "489787",
        "label": "1",
        "organization": "null"
    },
    {
        "title": "Computer-Mediated Communication as Employee Voice: The Profit Sharing Plan",
        "year": "1993",
        "authors": "Libby Bishop,David Levine",
        "venue": "NetWORKing",
        "id": "513024",
        "label": "11",
        "organization": "null"
    },
    {
        "title": "Managing Power Consumption and Performance of Computing Systems Using Reinforcement Learning",
        "year": "2007",
        "authors": "Gerald Tesauro,Rajarshi Das,Hoi Chan,Jeffrey O. Kephart,David Levine,Freeman L. Rawson III,Charles Lefurgy",
        "venue": "NIPS",
        "id": "517996",
        "label": "12",
        "organization": "null"
    },
    {
        "title": "Distributed Network Monitoring Using Mobile Agents Paradigm",
        "year": "2003",
        "authors": "Farhad Kamangar,David Levine,Gergely V. Zaruba,Navakiran Chitturi",
        "venue": "PDPTA",
        "id": "535899",
        "label": "1",
        "organization": "null"
    },
    {
        "title": "Quality of Service Primitives for Operating System Support of Multimedia Applications",
        "year": "2002",
        "authors": "David Levine,Farhad Kamangar,Shashi Kanth Lakshmikantha",
        "venue": "PDPTA",
        "id": "536100",
        "label": "1",
        "organization": "null"
    },
    {
        "title": "Interoperability Issues for a Secure Mobile Agent Platform",
        "year": "2003",
        "authors": "David Levine,Farhad Kamangar,Vamsi Putrevu",
        "venue": "PDPTA",
        "id": "536102",
        "label": "1",
        "organization": "null"
    },
    {
        "title": "Mobile Agents for Pervasive Computing Using a Novel Method of Message Passing",
        "year": "2003",
        "authors": "David Levine,Renjith Thomas,Farhad Kamangar,Gergely V. Zaruba",
        "venue": "PDPTA",
        "id": "536104",
        "label": "1",
        "organization": "null"
    },
    {
        "title": "Performance Analysis and Scalability of the ThreadmanTM Thread Manager",
        "year": "2002",
        "authors": "Vijay Murthi,Farhad Kamangar,David Levine,Jeff Marquis",
        "venue": "PDPTA",
        "id": "536368",
        "label": "1",
        "organization": "null"
    },
    {
        "title": "On the Reliability and Additional Overhead of Reliable On-Demand Multicast Routing Protocol for Mobile Ad Hoc Networks",
        "year": "2004",
        "authors": "Kumaran Sambandan,Gergely V. Zaruba,David Levine",
        "venue": "PDPTA",
        "id": "536751",
        "label": "1",
        "organization": "null"
    },
    {
        "title": "Accelerated Neighbor Discovery in Bluetooth Based Personal Area Networks",
        "year": "2002",
        "authors": "Gergely V. Zaruba,David Levine",
        "venue": "PDPTA",
        "id": "537293",
        "label": "1",
        "organization": "null"
    },
    {
        "title": "Computational Electromagnetics and Parallel Dense Matrix Computations",
        "year": "1995",
        "authors": "Kimmo Forsman,William Gropp,Lauri Kettunen,David Levine",
        "venue": "PPSC",
        "id": "549047",
        "label": "13",
        "organization": "null"
    },
    {
        "title": "Parallel Solution of the Three-Dimensional, Time-Dependent Ginzburg-Landau Equation",
        "year": "1993",
        "authors": "N. Galbreath,William Gropp,D. Gunter,D. Leaf,David Levine",
        "venue": "PPSC",
        "id": "549065",
        "label": "13",
        "organization": "null"
    },
    {
        "title": "Massively Parallel Computation of Conservation Laws",
        "year": "1989",
        "authors": "Marc Garbey,David Levine",
        "venue": "PPSC",
        "id": "549075",
        "label": "13",
        "organization": "null"
    },
    {
        "title": "Applications-driven parallel I/O",
        "year": "1993",
        "authors": "N. Galbreath,William Gropp,David Levine",
        "venue": "SC",
        "id": "574975",
        "label": "13",
        "organization": "null"
    },
    {
        "title": "Object-oriented programming (abstract): how to 'scale up' CS 1",
        "year": "1994",
        "authors": "Stuart Hirshfield,Owen L. Astrachan,John Barr,Karen Donnelly,David Levine,Mark McGinn",
        "venue": "SIGCSE",
        "id": "590323",
        "label": "15",
        "organization": "null"
    },
    {
        "title": "The art and science of computer graphics: a very depth-first approach to the non-majors course",
        "year": "1994",
        "authors": "Donald H. House,David Levine",
        "venue": "SIGCSE",
        "id": "590338",
        "label": "14",
        "organization": "Dept. of Mathematics/Computer Science, Gettysburg College, Gettysburg, PA"
    },
    {
        "title": "Accomplishing More by Doing Less - Lessons from Spanish Language Instruction",
        "year": "2000",
        "authors": "David Levine,Kerr Thompson",
        "venue": "WebNet",
        "id": "657446",
        "label": "16",
        "organization": "null"
    },
    {
        "title": "A scalable and self-adapting notification framework for healthcare information systems",
        "year": "2008",
        "authors": "Anthony Okorodudu,Leonidas Fegaras,David Levine",
        "venue": "PETRA",
        "id": "719158",
        "label": "1",
        "organization": "University of Texas at Arlington, Arlington, TX"
    },
    {
        "title": "Parallel computation of three-dimensional nonlinear magnetostatic problems",
        "year": "1999",
        "authors": "David Levine,William Gropp,Kimmo Forsman,Lauri Kettunen",
        "venue": "Concurrency - Practice and Experience",
        "id": "810594",
        "label": "13",
        "organization": "null"
    },
    {
        "title": "Application of a hybrid genetic algorithm to airline crew scheduling",
        "year": "1996",
        "authors": "David Levine",
        "venue": "Computers  OR",
        "id": "813356",
        "label": "17",
        "organization": "null"
    },
    {
        "title": "Genetic Algorithms: A Practitioner's View",
        "year": "1997",
        "authors": "David Levine",
        "venue": "INFORMS Journal on Computing",
        "id": "924195",
        "label": "2",
        "organization": "null"
    },
    {
        "title": "Massively parallel computation of conservation laws",
        "year": "1990",
        "authors": "Marc Garbey,David Levine",
        "venue": "Parallel Computing",
        "id": "1034631",
        "label": "13",
        "organization": "null"
    },
    {
        "title": "Parallel performance of two applications in the Boeing high performance computing benchmark suite",
        "year": "2001",
        "authors": "Joseph W. Manke,G. David Kerlick,David Levine,Subhankar Banerjee,Eric Dillon",
        "venue": "Parallel Computing",
        "id": "1035109",
        "label": "2",
        "organization": "null"
    },
    {
        "title": "Mobile Agent Connection Establishment and Management (CEMA)--Message Exchange for Pervasive Computing Environments",
        "year": "2005",
        "authors": "Farhad Kamangar,David Levine,Gergely V. Zaruba,Renjith Thomas",
        "venue": "The Journal of Supercomputing",
        "id": "1111953",
        "label": "1",
        "organization": "null"
    },
    {
        "title": "A butterfly subdivision scheme for surface interpolation with tension control",
        "year": "1990",
        "authors": "Nira Dyn,David Levine,John A. Gregory",
        "venue": "ACM Trans. Graph.",
        "id": "1119091",
        "label": "3",
        "organization": "Tel Aviv Univ., Tel Aviv, Israel"
    },
    {
        "title": "Performance Testing of a Parallel Multiblock CFD Solver",
        "year": "2001",
        "authors": "G. David Kerlick,Eric Dillon,David Levine",
        "venue": "IEEE/ACM Transactions on Networking (TON)",
        "id": "1295332",
        "label": "2",
        "organization": "null"
    },
    {
        "title": "Changing the Game in Strategic Sourcing at Procter & Gamble: Expressive Competition Enabled by Optimization.",
        "year": "2006",
        "authors": "Tuomas Sandholm,David Levine,Michael Concordia,Paul Martyn,Rick Hughes,Jim Jacobs,Dennis Begg",
        "venue": "Interfaces",
        "id": "1347720",
        "label": "0",
        "organization": "CombineNet, Inc., Fifteen 27th Street, Pittsburgh, Pennsylvania 15222"
    },
    {
        "title": "An auction mechanism for grid scheduling and resource allocation in the context of atlas",
        "year": "2009",
        "authors": "Gergely Zaruba,David Levine",
        "venue": "null",
        "id": "1367061",
        "label": "1",
        "organization": "The University of Texas at Arlington"
    },
    {
        "title": "Itinerant agents for mobile computing",
        "year": "1997",
        "authors": "David Chess,Benjamin Grosof,Colin Harrison,David Levine,Colin Parris,Gene Tsudik",
        "venue": "Readings in agents",
        "id": "1401539",
        "label": "6",
        "organization": "IBM Thomas J. Watson Res. Center, Yorktown Heights, NY, USA"
    },
    {
        "title": "Practical Grid Computing for Massively Multiplayer Games",
        "year": "2003",
        "authors": "David Levine,Barry Whitebook,Mark Wirt",
        "venue": "null",
        "id": "1426785",
        "label": "7",
        "organization": "null"
    },
    {
        "title": "Operating Systems: A Spiral Approach, 1 edition",
        "year": "2009",
        "authors": "Ramez Elmasri,A Carrick,David Levine",
        "venue": "null",
        "id": "1428579",
        "label": "5",
        "organization": "null"
    },
    {
        "title": "Contours of constructive hypertexts",
        "year": "1993",
        "authors": "Mark Bernstein,Michael Joyce,David Levine",
        "venue": "Proceedings of the ACM conference on Hypertext",
        "id": "1501069",
        "label": "4",
        "organization": "null"
    },
    {
        "title": "Tending our fields: hiring and retaining faculty in small colleges computing programs (panel session)",
        "year": "2001",
        "authors": "Ralph Bravaco,Aaron Garth Enright,Frank Ford,David Levine,Scott McElfresh,Mary Ann Robert,Linda Wilkens",
        "venue": "Proceedings of the sixth annual CCSC northeastern conference on The journal of computing in small colleges",
        "id": "1571885",
        "label": "16",
        "organization": "St. Bonaventure College, St. Bonaventure, NY"
    },
    {
        "title": "PICO: A Middleware Framework for Pervasive Computing",
        "year": "2003",
        "authors": "Mohan Kumar,Behrooz A. Shirazi,Sajal K. Das,Byung Y. Sung,David Levine,Mukesh Singhal",
        "venue": "IEEE Pervasive Computing",
        "id": "1591598",
        "label": "1",
        "organization": "University of Texas at Arlington"
    },
    {
        "title": "Live Java: database to cyberspace",
        "year": "1996",
        "authors": "David Levine",
        "venue": "null",
        "id": "1720555",
        "label": "9",
        "organization": "HuskyLabs"
    },
    {
        "title": "Fortran language extensions",
        "year": "1994",
        "authors": "David Levine",
        "venue": "ACM SIGPLAN Fortran Forum",
        "id": "1722552",
        "label": "10",
        "organization": "null"
    }
]