[
    {
        "title": "Quantification over names and modalities",
        "year": "2006",
        "authors": "Eric Martin",
        "venue": "Advances in Modal Logic",
        "id": "34449",
        "label": "0",
        "organization": "null"
    },
    {
        "title": "Absolute Versus Probabilistic Classification in a Logical Setting",
        "year": "2005",
        "authors": "Sanjay Jain,Eric Martin,Frank Stephan",
        "venue": "ALT",
        "id": "39381",
        "label": "0",
        "organization": "null"
    },
    {
        "title": "Learning, Logic, and Topology in a Common Framework",
        "year": "2002",
        "authors": "Eric Martin,Arun Sharma,Frank Stephan",
        "venue": "ALT",
        "id": "39456",
        "label": "0",
        "organization": "null"
    },
    {
        "title": "On Ordinal VC-Dimension and Some Notions of Complexity",
        "year": "2003",
        "authors": "Eric Martin,Arun Sharma,Frank Stephan",
        "venue": "ALT",
        "id": "39458",
        "label": "0",
        "organization": "null"
    },
    {
        "title": "On the Data Consumption Benefits of Accepting Increased Uncertainty",
        "year": "2004",
        "authors": "Eric Martin,Arun Sharma,Frank Stephan",
        "venue": "ALT",
        "id": "39460",
        "label": "0",
        "organization": "null"
    },
    {
        "title": "Foundations for a Formalism of Nearness",
        "year": "2002",
        "authors": "Jane Brennan,Eric Martin",
        "venue": "Australian Joint Conference on Artificial Intelligence",
        "id": "59201",
        "label": "0",
        "organization": "null"
    },
    {
        "title": "Membership Functions for Spatial Proximity",
        "year": "2006",
        "authors": "Jane Brennan,Eric Martin",
        "venue": "Australian Conference on Artificial Intelligence",
        "id": "59203",
        "label": "0",
        "organization": "null"
    },
    {
        "title": "Input-Dependence in Function-Learning",
        "year": "2007",
        "authors": "Sanjay Jain,Eric Martin,Frank Stephan",
        "venue": "CiE",
        "id": "94962",
        "label": "0",
        "organization": "null"
    },
    {
        "title": "Memory accesses management during high level synthesis",
        "year": "2004",
        "authors": "Gwenole Corre,Eric Senn,Pierre Bomel,Nathalie Julien,Eric Martin",
        "venue": "CODES+ISSS",
        "id": "105991",
        "label": "1",
        "organization": "null"
    },
    {
        "title": "On a Syntactic Characterization of Classification with a Mind Change Bound",
        "year": "2005",
        "authors": "Eric Martin,Arun Sharma",
        "venue": "COLT",
        "id": "109165",
        "label": "0",
        "organization": "null"
    },
    {
        "title": "A Multi-Level Design Flow for Incorporating IP Cores: Case Study of 1D Wavelet IP Integration",
        "year": "2003",
        "authors": "Adel Baganne,Imed Bennour,Mehrez Elmarzougui,Riadh Gaiech,Eric Martin",
        "venue": "DATE",
        "id": "141366",
        "label": "1",
        "organization": "null"
    },
    {
        "title": "Synchronization Processor Synthesis for Latency Insensitive Systems",
        "year": "2005",
        "authors": "Pierre Bomel,Eric Martin,Emmanuel Boutillon",
        "venue": "DATE",
        "id": "141558",
        "label": "1",
        "organization": "null"
    },
    {
        "title": "Functional Level Power Analysis: An Efficient Approach for Modeling the Power Consumption of Complex Processors",
        "year": "2004",
        "authors": "Johann Laurent,Nathalie Julien,Eric Senn,Eric Martin",
        "venue": "DATE",
        "id": "142330",
        "label": "1",
        "organization": "null"
    },
    {
        "title": "On the Convergence of Incremental Knowledge Base Construction.",
        "year": "2004",
        "authors": "Tri M. Cao,Eric Martin,Paul Compton",
        "venue": "Discovery Science",
        "id": "156626",
        "label": "0",
        "organization": "null"
    },
    {
        "title": "A General Theory of Deduction, Induction, and Learning",
        "year": "2001",
        "authors": "Eric Martin,Arun Sharma,Frank Stephan",
        "venue": "Discovery Science",
        "id": "156769",
        "label": "0",
        "organization": "null"
    },
    {
        "title": "Learning from Each Other",
        "year": "2008",
        "authors": "Christopher Dartnell,Eric Martin,Jean Sallantin",
        "venue": "Discovery Science",
        "id": "157029",
        "label": "0",
        "organization": "null"
    },
    {
        "title": "Power Consumption Characterization and Modeling of Embedded Memories in XILINX VIRTEX 400E FPGA",
        "year": "2004",
        "authors": "David Elleouet,Nathalie Julien,Dominique Houzet,J.-G. Cousin,Eric Martin",
        "venue": "DSD",
        "id": "160825",
        "label": "1",
        "organization": "null"
    },
    {
        "title": "High-Level Synthesis in Latency Insensitive System Methodology",
        "year": "2005",
        "authors": "Pierre Bomel,Nabil Abdelli,Eric Martin,Anne-Marie Fouilliart,Emmanuel Boutillon,Philippe Kajfasz",
        "venue": "DSD",
        "id": "160871",
        "label": "1",
        "organization": "null"
    },
    {
        "title": "Memory Aware HLS and the Implementation of Ageing Vectors",
        "year": "2004",
        "authors": "Gwenole Corre,Eric Senn,Nathalie Julien,Eric Martin",
        "venue": "DSD",
        "id": "160918",
        "label": "1",
        "organization": "null"
    },
    {
        "title": "A Complete Methodology for Memory Optimization in DSP Applications",
        "year": "2004",
        "authors": "Florian Marteil,Nathalie Julien,Eric Senn,Eric Martin",
        "venue": "DSD",
        "id": "161039",
        "label": "1",
        "organization": "null"
    },
    {
        "title": "A note on the use of probabilities by mechanical learners",
        "year": "1995",
        "authors": "Eric Martin,Daniel N. Osherson",
        "venue": "EuroCOLT",
        "id": "192624",
        "label": "0",
        "organization": "null"
    },
    {
        "title": "Hardware interface design for real time embedded systems",
        "year": "1997",
        "authors": "Adel Baganne,Jean Luc Philippe,Eric Martin",
        "venue": "Great Lakes Symposium on VLSI",
        "id": "233708",
        "label": "1",
        "organization": "null"
    },
    {
        "title": "A memory aware behavioral synthesis tool for real-time VLSI circuits",
        "year": "2004",
        "authors": "Gwenole Corre,Eric Senn,Nathalie Julien,Eric Martin",
        "venue": "ACM Great Lakes Symposium on VLSI",
        "id": "233753",
        "label": "1",
        "organization": "null"
    },
    {
        "title": "Low Power Design of an Acoustic Echo Canceller Gmdf a Algorithm on Dedicated VLSI Architectures",
        "year": "1999",
        "authors": "S. Gailhard,Nathalie Julien,Adel Baganne,Eric Martin",
        "venue": "Great Lakes Symposium on VLSI",
        "id": "233828",
        "label": "1",
        "organization": "null"
    },
    {
        "title": "How to Transform an Architectural Synthesis Tool for Low Power VLSI Designs",
        "year": "1998",
        "authors": "S. Gailhard,Nathalie Julien,Jean-Philippe Diguet,Eric Martin",
        "venue": "Great Lakes Symposium on VLSI",
        "id": "233829",
        "label": "1",
        "organization": "null"
    },
    {
        "title": "A design methodology for space-time adapter",
        "year": "2007",
        "authors": "Cyrille Chavet,Philippe Coussy,Pascal Urard,Eric Martin",
        "venue": "ACM Great Lakes Symposium on VLSI",
        "id": "234516",
        "label": "1",
        "organization": "null"
    },
    {
        "title": "Neural Network Based Algorithm for Radiation Dose Evaluation in Heterogeneous Environments",
        "year": "2006",
        "authors": "Jacques M. Bahi,Sylvain Contassot-Vivier,Libor Makovicka,Eric Martin,Marc Sauget",
        "venue": "ICANN (2)",
        "id": "271330",
        "label": "2",
        "organization": "null"
    },
    {
        "title": "A design flow dedicated to multi-mode architectures for DSP applications",
        "year": "2007",
        "authors": "Cyrille Chavet,Caaliph Andriamisaina,Philippe Coussy,Emmanuel Casseau,Emmanuel Juin,Pascal Urard,Eric Martin",
        "venue": "ICCAD",
        "id": "283658",
        "label": "1",
        "organization": "null"
    },
    {
        "title": "Identifying Clusters from Positive Data",
        "year": "2004",
        "authors": "John Case,Sanjay Jain,Eric Martin,Arun Sharma,Frank Stephan",
        "venue": "ICGI",
        "id": "311057",
        "label": "0",
        "organization": "null"
    },
    {
        "title": "Limiting Resolution: From Foundations to Implementation",
        "year": "2004",
        "authors": "Patrick Caldon,Eric Martin",
        "venue": "ICLP",
        "id": "327774",
        "label": "0",
        "organization": "null"
    },
    {
        "title": "Learning in Logic with RichProlog",
        "year": "2002",
        "authors": "Eric Martin,Phuong Nguyen,Arun Sharma,Frank Stephan",
        "venue": "ICLP",
        "id": "328379",
        "label": "0",
        "organization": "null"
    },
    {
        "title": "Autonomous Capture of a Tumbling Satellite",
        "year": "2006",
        "authors": "Guy Rouleau,Ioannis M. Rekleitis,Regent L'Archeveque,Eric Martin,Kourosh Parsa,Erick Dupuis",
        "venue": "ICRA",
        "id": "359018",
        "label": "3",
        "organization": "null"
    },
    {
        "title": "A Vision System on Chip for Industrial Control",
        "year": "2001",
        "authors": "Eric Senn,Eric Martin",
        "venue": "VLSI-SOC",
        "id": "378634",
        "label": "1",
        "organization": "null"
    },
    {
        "title": "Architectural Synthesis with Interconnection Cost Control",
        "year": "1999",
        "authors": "Christophe Jego,Emmanuel Casseau,Eric Martin",
        "venue": "VLSI",
        "id": "378660",
        "label": "1",
        "organization": "null"
    },
    {
        "title": "On Sufficient Conditions for Learnability of Logic Programs from Positive Data",
        "year": "1999",
        "authors": "Eric Martin,Arun Sharma",
        "venue": "ILP",
        "id": "395243",
        "label": "0",
        "organization": "null"
    },
    {
        "title": "Reed-Solomon behavioral virtual component for communication systems",
        "year": "2004",
        "authors": "Emmanuel Casseau,Bertrand Le Gal,Christophe Jego,Nathalie Le Heno,Eric Martin",
        "venue": "ISCAS (4)",
        "id": "420371",
        "label": "1",
        "organization": "null"
    },
    {
        "title": "High-level synthesis under I/O timing and memory constraints",
        "year": "2005",
        "authors": "Philippe Coussy,Gwenole Corre,Eric Senn,Pierre Bomel,Eric Martin",
        "venue": "ISCAS (1)",
        "id": "420770",
        "label": "1",
        "organization": "null"
    },
    {
        "title": "A design methodology for IP integration",
        "year": "2002",
        "authors": "Philippe Coussy,Adel Baganne,Eric Martin",
        "venue": "ISCAS (4)",
        "id": "427902",
        "label": "1",
        "organization": "null"
    },
    {
        "title": "A Methodology for Efficient Space-Time Adapter Design Space Exploration: A Case Study of an Ultra Wide Band Interleaver",
        "year": "2007",
        "authors": "Cyrille Chavet,Philippe Coussy,Pascal Urard,Eric Martin",
        "venue": "ISCAS",
        "id": "428785",
        "label": "1",
        "organization": "null"
    },
    {
        "title": "Power Estimation of a C Algorithm Based on the Functional-Level Power Analysis of a Digital Signal Processor",
        "year": "2002",
        "authors": "Nathalie Julien,Johann Laurent,Eric Senn,Eric Martin",
        "venue": "ISHPC",
        "id": "435379",
        "label": "1",
        "organization": "null"
    },
    {
        "title": "A Memory Aware High Level Synthesis Tool",
        "year": "2004",
        "authors": "Gwenole Corre,Eric Senn,Nathalie Julien,Eric Martin",
        "venue": "ISVLSI",
        "id": "452244",
        "label": "1",
        "organization": "null"
    },
    {
        "title": "Pipelined Memory Controllers for DSP Applications Handling Unpredictable Data Accesses",
        "year": "2005",
        "authors": "Bertrand Le Gal,Emmanuel Casseau,Sylvain Huet,Eric Martin",
        "venue": "ISVLSI",
        "id": "452286",
        "label": "1",
        "organization": "null"
    },
    {
        "title": "Power Consumption Estimation of a C Program for Data-Intensive Applications",
        "year": "2002",
        "authors": "Eric Senn,Nathalie Julien,Johann Laurent,Eric Martin",
        "venue": "PATMOS",
        "id": "530904",
        "label": "1",
        "organization": "null"
    },
    {
        "title": "SoftExplorer: Estimation, Characterization, and Optimization of the Power and Energy Consumption at the Algorithmic Level",
        "year": "2004",
        "authors": "Eric Senn,Johann Laurent,Nathalie Julien,Eric Martin",
        "venue": "PATMOS",
        "id": "530906",
        "label": "1",
        "organization": "null"
    },
    {
        "title": "DVB-DSNG Modem High Level Synthesis in an Optimized Latency Insensitive System Context",
        "year": "2005",
        "authors": "Pierre Bomel,Nabil Abdelli,Eric Martin,Anne-Marie Fouilliart,Emmanuel Boutillon,Philippe Kajfasz",
        "venue": "SAMOS",
        "id": "572058",
        "label": "1",
        "organization": "null"
    },
    {
        "title": "Communication and Timing Constraints Analysis for IP Design and Integration",
        "year": "2003",
        "authors": "Philippe Coussy,Adel Baganne,Eric Martin",
        "venue": "VLSI-SOC",
        "id": "644393",
        "label": "1",
        "organization": "null"
    },
    {
        "title": "SystemCmantic: A high level Modelling and Co-Design Framework",
        "year": "2005",
        "authors": "L. Kriaa,S. Adriano,E. Vaumorin,R. Nouacer,F. Blanc,S. Pajaniardja,Philippe Coussy,Eric Martin,D. Heller,F. Thabet,Anne-Marie Fouilliart",
        "venue": "FDL",
        "id": "732281",
        "label": "1",
        "organization": "null"
    },
    {
        "title": "A Methodology for Efficient Space-Time Adapter Design Space Exploration: A Case Study of an Ultra Wide Band Interleaver",
        "year": "2007",
        "authors": "Cyrille Chavet,Philippe Coussy,Pascal Urard,Eric Martin",
        "venue": "CoRR",
        "id": "820820",
        "label": "1",
        "organization": "null"
    },
    {
        "title": "A Design Methodology for Space-Time Adapter",
        "year": "2007",
        "authors": "Cyrille Chavet,Philippe Coussy,Pascal Urard,Eric Martin",
        "venue": "CoRR",
        "id": "820850",
        "label": "1",
        "organization": "null"
    },
    {
        "title": "Methodologie de modelisation et d'implementation d'adaptateurs spatio-temporels",
        "year": "2007",
        "authors": "Cyrille Chavet,Philippe Coussy,Pascal Urard,Eric Martin",
        "venue": "CoRR",
        "id": "820856",
        "label": "1",
        "organization": "null"
    },
    {
        "title": "Application of a design space exploration tool to enhance interleaver generation",
        "year": "2007",
        "authors": "Cyrille Chavet,Philippe Coussy,Pascal Urard,Eric Martin",
        "venue": "CoRR",
        "id": "820864",
        "label": "1",
        "organization": "null"
    },
    {
        "title": "Integration de la synthese memoire dans l'outil de synthese d'architecture GAUT Low Power",
        "year": "2006",
        "authors": "Gwenole Corre,Nathalie Julien,Eric Senn,Eric Martin",
        "venue": "CoRR",
        "id": "822629",
        "label": "1",
        "organization": "null"
    },
    {
        "title": "High-level synthesis under I/O Timing and Memory constraints",
        "year": "2006",
        "authors": "Philippe Coussy,Gwenole Corre,Pierre Bomel,Eric Senn,Eric Martin",
        "venue": "CoRR",
        "id": "822630",
        "label": "1",
        "organization": "null"
    },
    {
        "title": "A Memory Aware High Level Synthesis Too",
        "year": "2006",
        "authors": "Gwenole Corre,Nathalie Julien,Eric Senn,Eric Martin",
        "venue": "CoRR",
        "id": "822631",
        "label": "1",
        "organization": "null"
    },
    {
        "title": "Memory Aware High-Level Synthesis for Embedded Systems",
        "year": "2006",
        "authors": "Gwenole Corre,Eric Senn,Nathalie Julien,Eric Martin",
        "venue": "CoRR",
        "id": "822632",
        "label": "1",
        "organization": "null"
    },
    {
        "title": "Synthese Comportementale Sous Contraintes de Communication et de Placement Memoire pour les composants du TDSI",
        "year": "2006",
        "authors": "Gwenole Corre,Philippe Coussy,Pierre Bomel,Eric Senn,Eric Martin",
        "venue": "CoRR",
        "id": "822633",
        "label": "1",
        "organization": "null"
    },
    {
        "title": "Synchronization Processor Synthesis for Latency Insensitive Systems",
        "year": "2007",
        "authors": "Pierre Bomel,Eric Martin,Emmanuel Boutillon",
        "venue": "CoRR",
        "id": "824038",
        "label": "1",
        "organization": "null"
    },
    {
        "title": "Identifying Clusters from Positive Data",
        "year": "2004",
        "authors": "John Case,Sanjay Jain,Eric Martin,Arun Sharma,Frank Stephan",
        "venue": "Electronic Colloquium on Computational Complexity (ECCC)",
        "id": "861453",
        "label": "0",
        "organization": "null"
    },
    {
        "title": "Induction by Enumeration",
        "year": "2001",
        "authors": "Eric Martin,Daniel N. Osherson",
        "venue": "Inf. Comput.",
        "id": "888820",
        "label": "0",
        "organization": "null"
    },
    {
        "title": "Constrained algorithmic IP design for system-on-chip",
        "year": "2007",
        "authors": "Philippe Coussy,Emmanuel Casseau,Pierre Bomel,Adel Baganne,Eric Martin",
        "venue": "Integration",
        "id": "927154",
        "label": "1",
        "organization": "null"
    },
    {
        "title": "Sensitivity Analysis and Other Improvements to Tailored Combinatorial Library Design",
        "year": "2000",
        "authors": "Eric Martin,Alex Wong",
        "venue": "Journal of Chemical Information and Computer Sciences",
        "id": "967614",
        "label": "4",
        "organization": "null"
    },
    {
        "title": "Scientific Discovery Based on Belief Revision",
        "year": "1997",
        "authors": "Eric Martin,Daniel N. Osherson",
        "venue": "J. Symb. Log.",
        "id": "1000159",
        "label": "0",
        "organization": "null"
    },
    {
        "title": "Power Consumption Modeling and Characterization of the TI C6201",
        "year": "2003",
        "authors": "Nathalie Julien,Johann Laurent,Eric Senn,Eric Martin",
        "venue": "IEEE Micro",
        "id": "1008474",
        "label": "1",
        "organization": "null"
    },
    {
        "title": "Identifying Clusters from Positive Data",
        "year": "2006",
        "authors": "John Case,Sanjay Jain,Eric Martin,Arun Sharma,Frank Stephan",
        "venue": "SIAM J. Comput.",
        "id": "1058793",
        "label": "0",
        "organization": "null"
    },
    {
        "title": "Learning power and language expressiveness",
        "year": "2003",
        "authors": "Eric Martin,Arun Sharma,Frank Stephan",
        "venue": "Theor. Comput. Sci.",
        "id": "1093286",
        "label": "0",
        "organization": "null"
    },
    {
        "title": "Unifying logic, topology and learning in Parametric logic",
        "year": "2006",
        "authors": "Eric Martin,Arun Sharma,Frank Stephan",
        "venue": "Theor. Comput. Sci.",
        "id": "1093288",
        "label": "0",
        "organization": "null"
    },
    {
        "title": "On ordinal VC-dimension and some notions of complexity",
        "year": "2006",
        "authors": "Eric Martin,Arun Sharma,Frank Stephan",
        "venue": "Theor. Comput. Sci.",
        "id": "1095559",
        "label": "0",
        "organization": "null"
    },
    {
        "title": "On the data consumption benefits of accepting increased uncertainty",
        "year": "2007",
        "authors": "Eric Martin,Arun Sharma,Frank Stephan",
        "venue": "Theor. Comput. Sci.",
        "id": "1095773",
        "label": "0",
        "organization": "null"
    },
    {
        "title": "Absolute versus probabilistic classification in a logical setting",
        "year": "2008",
        "authors": "Sanjay Jain,Eric Martin,Frank Stephan",
        "venue": "Theor. Comput. Sci.",
        "id": "1096079",
        "label": "0",
        "organization": "null"
    },
    {
        "title": "A formal method for hardware IP design and integration under I/O and timing constraints",
        "year": "2006",
        "authors": "Philippe Coussy,Emmanuel Casseau,Pierre Bomel,Adel Baganne,Eric Martin",
        "venue": "ACM Trans. Embedded Comput. Syst.",
        "id": "1098650",
        "label": "1",
        "organization": "null"
    },
    {
        "title": "Synthese architecturale d'applications temps reel pour technologies submicroniques",
        "year": "2004",
        "authors": "Emmanuel Casseau,Christophe Jego,Eric Martin",
        "venue": "Technique et Science Informatiques",
        "id": "1130285",
        "label": "1",
        "organization": "null"
    },
    {
        "title": "Estimation et optimisation de la consommation des memoires",
        "year": "2008",
        "authors": "Gwenole Corre,Eric Senn,Nathalie Julien,Eric Martin",
        "venue": "Technique et Science Informatiques",
        "id": "1130529",
        "label": "1",
        "organization": "null"
    },
    {
        "title": "Design of a flexible 2-D discrete wavelet transform IP core for JPEG2000 image coding in embedded imaging systems",
        "year": "2006",
        "authors": "Guillaume Savaton,Emmanuel Casseau,Eric Martin",
        "venue": "Signal Processing",
        "id": "1150234",
        "label": "1",
        "organization": "null"
    },
    {
        "title": "G729 Voice Decoder Design",
        "year": "2006",
        "authors": "Fatma Sayadi,Emmanuel Casseau,Mohamed Atri,Mehrez Marzougui,Rached Tourki,Eric Martin",
        "venue": "VLSI Signal Processing",
        "id": "1165241",
        "label": "1",
        "organization": "null"
    },
    {
        "title": "A Co-Design Methodology for Telecommunication Systems: A Case Study of an Acoustic Echo Canceller",
        "year": "1999",
        "authors": "Adel Baganne,Jean Luc Philippe,Eric Martin",
        "venue": "VLSI Signal Processing",
        "id": "1165578",
        "label": "1",
        "organization": "null"
    },
    {
        "title": "Low Power Synthesis Methodology with Data Format Optimization Applied on a DWT",
        "year": "2003",
        "authors": "Nathalie Julien,S. Gailhard,Eric Martin",
        "venue": "VLSI Signal Processing",
        "id": "1165599",
        "label": "1",
        "organization": "null"
    },
    {
        "title": "Human Discovery and Machine Learning",
        "year": "2008",
        "authors": "Christopher Dartnell,Eric Martin,Helene Hagege,Jean Sallantin",
        "venue": "IJCINI",
        "id": "1169230",
        "label": "0",
        "organization": "null"
    },
    {
        "title": "Autonomous capture of a tumbling satellite",
        "year": "2007",
        "authors": "Ioannis M. Rekleitis,Eric Martin,Guy Rouleau,Regent L'Archeveque,Kourosh Parsa,Erick Dupuis",
        "venue": "J. Field Robotics",
        "id": "1195711",
        "label": "3",
        "organization": "null"
    },
    {
        "title": "A Dialectic Approach to Problem-Solving",
        "year": "2009",
        "authors": "Eric Martin,Jean Sallantin",
        "venue": "Discovery Science",
        "id": "1241806",
        "label": "0",
        "organization": "null"
    },
    {
        "title": "Design Space Exploration of DSP Applications Based on Behavioral Description Models",
        "year": "2006",
        "authors": "Farhat Thabet,Philippe Coussy,Dominique Heller,Eric Martin",
        "venue": "Genomics, Proteomics & Bioinformatics",
        "id": "1262210",
        "label": "1",
        "organization": "null"
    },
    {
        "title": "Exploration and Rapid Prototyping of DSP Applications using SystemC Behavioral Simulation and High-level Synthesis",
        "year": "2009",
        "authors": "Farhat Thabet,Philippe Coussy,Dominique Heller,Eric Martin",
        "venue": "Signal Processing Systems",
        "id": "1284336",
        "label": "1",
        "organization": "null"
    },
    {
        "title": "Static Address Generation Easing: a Design Methodology for Parallel Interleaver Architectures",
        "year": "2010",
        "authors": "Cyrille Chavet,Philippe Coussy,Eric Martin,Pascal Urard",
        "venue": "CoRR",
        "id": "1336158",
        "label": "1",
        "organization": "null"
    },
    {
        "title": "Input-Dependence in Function-Learning.",
        "year": "2009",
        "authors": "Sanjay Jain,Eric Martin,Frank Stephan",
        "venue": "Theory Comput. Syst.",
        "id": "1340782",
        "label": "0",
        "organization": "null"
    },
    {
        "title": "Power Estimation of a C Algorithm Based on the Functional-Level Power Analysis of a Digital Signal Processor",
        "year": "2009",
        "authors": "Nathalie Julien,Johann Laurent,Eric Senn,Eric Martin",
        "venue": "Proceedings of the 4th International Symposium on High Performance Computing",
        "id": "1433407",
        "label": "1",
        "organization": "null"
    },
    {
        "title": "Learning from Each Other",
        "year": "2008",
        "authors": "Christopher Dartnell, ric Martin,Jean Sallantin",
        "venue": "Proceedings of the 11th International Conference on Discovery Science",
        "id": "1746973",
        "label": "0",
        "organization": "School of Computer Science and Eng., UNSW, Sydney, Australia NSW 2052"
    }
]