[
    {
        "title": "Characterizing Spatio-temporal Patterns for Disease Discrimination in Cardiac Echo Videos",
        "year": "2007",
        "authors": "Tanveer Fathima Syeda-Mahmood,Fei Wang,D. Beymer,M. London,R. Reddy",
        "venue": "MICCAI (1)",
        "id": "498760",
        "label": "0",
        "organization": "null"
    },
    {
        "title": "On the construction of stable virtual backbones in mobile ad-hoc networks",
        "year": "2005",
        "authors": "F. Wang,M. Min,Y. Li,D. Du",
        "venue": "IPCCC",
        "id": "693164",
        "label": "1",
        "organization": "null"
    },
    {
        "title": "Application of differential evolution for harmonic worst-case identification of mass rapid transit power supply system",
        "year": "2003",
        "authors": "C. S. Chang,L. R. Lu,F. Wang",
        "venue": "IEEE Congress on Evolutionary Computation (1)",
        "id": "697124",
        "label": "2",
        "organization": "null"
    },
    {
        "title": "Modeling of power electronics for simulation based analysis of power systems",
        "year": "2007",
        "authors": "S. Rosado,R. Burgos,S. Ahmed,F. Wang,D. Boroyevich",
        "venue": "SCSC",
        "id": "718882",
        "label": "3",
        "organization": "Virginia Polytechnic Institute and State University, Blacksburg, VA"
    },
    {
        "title": "Deployment of an AEC industry sector product model",
        "year": "2005",
        "authors": "Charles M. Eastman,F. Wang,S.-J. You,D. Yang",
        "venue": "Computer-Aided Design",
        "id": "778415",
        "label": "4",
        "organization": "Design Computing, Georgia Institute of Technology, Atlanta 30332-0155, GA, USA"
    },
    {
        "title": "Erratum to: 'Deployment of an AEC industry sector product model [Computer-Aided Design 37 (12) 1214-1228]",
        "year": "2005",
        "authors": "Charles M. Eastman,F. Wang,S.-J. You,D. Yang",
        "venue": "Computer-Aided Design",
        "id": "778416",
        "label": "4",
        "organization": "null"
    },
    {
        "title": "A product information modeling framework for product lifecycle management",
        "year": "2005",
        "authors": "Rachuri Sudarsan,Steven J. Fenves,Ram D. Sriram,F. Wang",
        "venue": "Computer-Aided Design",
        "id": "779455",
        "label": "5",
        "organization": "Manufacturing Systems Integration Division, Manufacturing Engineering Laboratory, National Institute of Standards and Technology, Gaithersburg, MD 20899, USA"
    },
    {
        "title": "Failure probability of wire bonding packages",
        "year": "2004",
        "authors": "F. Wang,Y. Y. Wang,C. Lu",
        "venue": "International Journal of Computational Engineering Science",
        "id": "905200",
        "label": "6",
        "organization": "null"
    },
    {
        "title": "A high-resolution electron momentum spectroscopy and density functional theory study into the complete valence electronic structure of allene",
        "year": "2001",
        "authors": "F. Wang,H. Mackenzie-Ross,David A. Winkler,Ian E. McCarthy,Laurence Campbell,Michael J. Brunger",
        "venue": "Journal of Computational Chemistry",
        "id": "964296",
        "label": "7",
        "organization": "null"
    },
    {
        "title": "Remote Video Monitoring Over the WWW",
        "year": "2003",
        "authors": "S. C. Hui,F. Wang",
        "venue": "Multimedia Tools Appl.",
        "id": "1016859",
        "label": "8",
        "organization": "Nanyang Technological University, School of Computer Engineering, Nanyang Avenue, Singapore 639798. wangfd@yahoo.com"
    },
    {
        "title": "On the Competitiveness of On-Line Real-Time Task Scheduling",
        "year": "1992",
        "authors": "Sanjoy K. Baruah,Gilad Koren,D. Mao,Bhubaneswar Mishra,Arvind Raghunathan,Louis E. Rosier,Dennis Shasha,Fuxing Wang",
        "venue": "Real-Time Systems",
        "id": "1052991",
        "label": "9",
        "organization": "null"
    },
    {
        "title": "Study of reactive ion etching process to fabricate the PMMA-based polymer waveguide",
        "year": "2004",
        "authors": "Y. Zhao,F. Wang,Z. C. Cui,J. Zheng,H. M. Zhang,D. M. Zhang,S. Y. Liu,M. B. Yi",
        "venue": "Microelectronics Journal",
        "id": "1155322",
        "label": "10",
        "organization": "null"
    },
    {
        "title": "Fault accommodation for nonlinear systems using fuzzy adaptive sliding control",
        "year": "2005",
        "authors": "Y. Zhang,F. Wang,T. Hesketh,D. J. Clements,R. Eaton",
        "venue": "Int. J. Systems Science",
        "id": "1173521",
        "label": "11",
        "organization": "Institute of Automation, School of Information Science and Engineering, Northeastern University, Shenyang, Liaoning, P.R. China"
    },
    {
        "title": "Handling Grammatical Errors, Ambiguity and Impreciseness in GIS Natural Language Queries",
        "year": "2003",
        "authors": "F. Wang",
        "venue": "Synthesis Lectures on Data Mining and Knowledge Discovery",
        "id": "1291819",
        "label": "12",
        "organization": "null"
    },
    {
        "title": "DIET &mdash; A Scalable, Robust and Adaptable Multi-Agent Platform for Information Management",
        "year": "2003",
        "authors": "P. Marrow,E. Bonsma,F. Wang,C. Hoile",
        "venue": "BT Technology Journal",
        "id": "1486683",
        "label": "13",
        "organization": "null"
    },
    {
        "title": "Adaptive Meeting Scheduling for Large-Scale Distributed Groupware",
        "year": "2003",
        "authors": "F. Wang",
        "venue": "BT Technology Journal",
        "id": "1495176",
        "label": "13",
        "organization": "null"
    },
    {
        "title": "Ab initio ro-vibrational structure of the C2&ngr; isotopes of H2O+",
        "year": "1992",
        "authors": "F. Wang,E. I. von Nagy-Felsobuki",
        "venue": "Australian Journal of Physics",
        "id": "1511035",
        "label": "15",
        "organization": "null"
    },
    {
        "title": "Optimal array pattern synthesis using semidefinite programming",
        "year": "2001",
        "authors": "F. Wang",
        "venue": "Proceedings of the Acoustics, Speech, and Signal Processing, 2001. on IEEE International Conference - Volume 05",
        "id": "1611868",
        "label": "14",
        "organization": "Adv. Radio Technology, NSS, Motorola Inc., Arlington Heights, IL, USA"
    },
    {
        "title": "Integrating expert vision systems and spatial databases by unifying knowledge representation schemes: development in remote sensing image analysis expert systems and geographical information systems",
        "year": "1989",
        "authors": "F. Wang",
        "venue": "null",
        "id": "1632341",
        "label": "16",
        "organization": "null"
    }
]