[
    {
        "title": "A New Neighborhood Based on Improvement Graph for Robust Graph Coloring Problem",
        "year": "2004",
        "authors": "Songshan Guo,Ying Kong,Andrew Lim,Fan Wang",
        "venue": "Australian Conference on Artificial Intelligence",
        "id": "59380",
        "label": "0",
        "organization": "null"
    },
    {
        "title": "A New Hybrid Genetic Algorithm for the Robust Graph Coloring Problem",
        "year": "2003",
        "authors": "Ying Kong,Fan Wang,Andrew Lim,Songshan Guo",
        "venue": "Australian Conference on Artificial Intelligence",
        "id": "59517",
        "label": "0",
        "organization": "null"
    },
    {
        "title": "A Compromised Large-Scale Neighborhood Search Heuristic for Cargo Loading Planning",
        "year": "2007",
        "authors": "Yanzhi Li,Yi Tao,Fan Wang",
        "venue": "Australian Conference on Artificial Intelligence",
        "id": "60151",
        "label": "0",
        "organization": "null"
    },
    {
        "title": "Graph and Topological Structure Mining on Scientific Articles",
        "year": "2007",
        "authors": "Fan Wang,Ruoming Jin,Gagan Agrawal,Helen Piontkivska",
        "venue": "BIBE",
        "id": "63543",
        "label": "2",
        "organization": "null"
    },
    {
        "title": "SNPMiner: A Domain-Specific Deep Web Mining Tool",
        "year": "2007",
        "authors": "Fan Wang,Gagan Agrawal,Ruoming Jin,Helen Piontkivska",
        "venue": "BIBE",
        "id": "63655",
        "label": "2",
        "organization": "null"
    },
    {
        "title": "k-Center Problems with Minimum Coverage",
        "year": "2004",
        "authors": "Andrew Lim,Brian Rodrigues,Fan Wang,Zhou Xu",
        "venue": "COCOON",
        "id": "105397",
        "label": "0",
        "organization": "null"
    },
    {
        "title": "On the Selection and Assignment with Minimum Quantity Commitments",
        "year": "2004",
        "authors": "Andrew Lim,Fan Wang,Zhou Xu",
        "venue": "COCOON",
        "id": "105399",
        "label": "0",
        "organization": "null"
    },
    {
        "title": "Flexible Demand Assignment Problem",
        "year": "2004",
        "authors": "Fan Wang,Andrew Lim,Hong Chen",
        "venue": "ECAI",
        "id": "166275",
        "label": "0",
        "organization": "null"
    },
    {
        "title": "Robust Graph Coloring for Uncertain Supply Chain Management",
        "year": "2005",
        "authors": "Andrew Lim,Fan Wang",
        "venue": "HICSS",
        "id": "246367",
        "label": "0",
        "organization": "The Hong Kong University of Science and Technology, Clear Water Bay, Hong Kong"
    },
    {
        "title": "Precoded Single Carrier Data Transmission with Orthogonal Frequency Domain Multiplexing Pilots",
        "year": "2008",
        "authors": "Fan Wang,Jun Tan,Ye Li",
        "venue": "ICC",
        "id": "275886",
        "label": "4",
        "organization": "null"
    },
    {
        "title": "An Adaptive MIMO System Based on Unified Belief Propagation Detection",
        "year": "2007",
        "authors": "Xiumei Yang,Yong Xiong,Fan Wang",
        "venue": "ICC",
        "id": "277029",
        "label": "5",
        "organization": "null"
    },
    {
        "title": "Inequivalent manifold ranking for content-based image retrieval",
        "year": "2008",
        "authors": "Fan Wang,Guihua Er,Qionghai Dai",
        "venue": "ICIP",
        "id": "325793",
        "label": "6",
        "organization": "null"
    },
    {
        "title": "A Smoothed Dynamic Tabu Search Embedded GRASP for m-VRPTW",
        "year": "2004",
        "authors": "Andrew Lim,Fan Wang",
        "venue": "ICTAI",
        "id": "367205",
        "label": "0",
        "organization": "Hong Kong University of Science and Technology"
    },
    {
        "title": "Robust Airport Gate Assignment",
        "year": "2005",
        "authors": "Andrew Lim,Fan Wang",
        "venue": "ICTAI",
        "id": "367207",
        "label": "0",
        "organization": "Hong Kong University of Science and Technology"
    },
    {
        "title": "Meta-Heuristics for Robust Graph Coloring Problem",
        "year": "2004",
        "authors": "Andrew Lim,Fan Wang",
        "venue": "ICTAI",
        "id": "367310",
        "label": "0",
        "organization": "Hong Kong University of Science and Technology"
    },
    {
        "title": "Improved GRASP with Tabu Search for Vehicle Routing with Both Time Window and Limited Number of Vehicles",
        "year": "2004",
        "authors": "Zhiye Li,Songshan Guo,Fan Wang,Andrew Lim",
        "venue": "IEA/AIE",
        "id": "374315",
        "label": "0",
        "organization": "null"
    },
    {
        "title": "Meta-heuristic Algorithm for the Transshipment Problem with Fixed Transportation Schedules",
        "year": "2008",
        "authors": "Zhaowei Miao,Ke Fu,Qi Fei,Fan Wang",
        "venue": "IEA/AIE",
        "id": "375251",
        "label": "0",
        "organization": "School of Business, Sun Yat-Sen University, Guangzhou, China"
    },
    {
        "title": "A Survey on Reviewer Assignment Problem",
        "year": "2008",
        "authors": "Fan Wang,Ben Chen,Zhaowei Miao",
        "venue": "IEA/AIE",
        "id": "375252",
        "label": "0",
        "organization": "School of Business, Sun Yat-Sen University, Guangzhou, P.R. China"
    },
    {
        "title": "Spectrum Sharing in Cognitive Radio Networks",
        "year": "2008",
        "authors": "Fan Wang,Marwan Krunz,Shuguang Cui",
        "venue": "INFOCOM",
        "id": "403891",
        "label": "8",
        "organization": "null"
    },
    {
        "title": "The Capacitated Traveling Salesman Problem with Pickups and Deliveries on a Tree",
        "year": "2005",
        "authors": "Andrew Lim,Fan Wang,Zhou Xu",
        "venue": "ISAAC",
        "id": "415747",
        "label": "0",
        "organization": "null"
    },
    {
        "title": "A New Multi-view Learning Algorithm Based on ICA Feature for Image Retrieval",
        "year": "2007",
        "authors": "Fan Wang,Qionghai Dai",
        "venue": "MMM (1)",
        "id": "504926",
        "label": "6",
        "organization": "null"
    },
    {
        "title": "The shortest route cut and fill problem in linear topological structure",
        "year": "2005",
        "authors": "Songshan Guo,Weixing Li,Andrew Lim,Fan Wang",
        "venue": "SAC",
        "id": "567336",
        "label": "0",
        "organization": "null"
    },
    {
        "title": "Query Planning for Searching Inter-dependent Deep-Web Databases",
        "year": "2008",
        "authors": "Fan Wang,Gagan Agrawal,Ruoming Jin",
        "venue": "SSDBM",
        "id": "618444",
        "label": "2",
        "organization": "Department of Computer Science and Engineering, Ohio State University, Columbus OH 43210"
    },
    {
        "title": "Single Event Upset: An Embedded Tutorial",
        "year": "2008",
        "authors": "Fan Wang,Vishwani D. Agrawal",
        "venue": "VLSI Design",
        "id": "646516",
        "label": "11",
        "organization": "null"
    },
    {
        "title": "Soft Error Rates with Inertial and Logical Masking",
        "year": "2009",
        "authors": "Fan Wang,Vishwani D. Agrawal",
        "venue": "VLSI Design",
        "id": "646527",
        "label": "11",
        "organization": "null"
    },
    {
        "title": "GMAC: A game-theoretic MAC protocol for mobile ad hoc networks",
        "year": "2006",
        "authors": "Fan Wang,Marwan Krunz",
        "venue": "WiOpt",
        "id": "662698",
        "label": "8",
        "organization": "null"
    },
    {
        "title": "HRPD-A Downlink Voice/IP and Data Throughput and Delay Analysis",
        "year": "2006",
        "authors": "Tony Dean,Dennis Schaeffer,Weimin Xiao,Fan Wang",
        "venue": "WOWMOM",
        "id": "666727",
        "label": "4",
        "organization": "Motorola, Inc."
    },
    {
        "title": "WiMAX System Performance with Multiple Transmit and Multiple Receive Antennas",
        "year": "2007",
        "authors": "Fan Wang,Amitava Ghosh,Chandy Sankaran,S. Benes",
        "venue": "VTC Spring",
        "id": "687753",
        "label": "4",
        "organization": "null"
    },
    {
        "title": "WiMAX Overview and System Performance",
        "year": "2006",
        "authors": "Fan Wang,Amitava Ghosh,Chandy Sankaran,Phil Fleming",
        "venue": "VTC Fall",
        "id": "688421",
        "label": "4",
        "organization": "null"
    },
    {
        "title": "A Bidirectional Adaptive Sequential Gaussian Approximation for MIMO Systems",
        "year": "2006",
        "authors": "Fan Wang,Wei Zhao,Yong Xiong",
        "venue": "VTC Fall",
        "id": "688976",
        "label": "5",
        "organization": "null"
    },
    {
        "title": "Link Performance of WiMAX PUSC",
        "year": "2008",
        "authors": "Frank Hsieh,Fan Wang,Amitava Ghosh",
        "venue": "WCNC",
        "id": "735087",
        "label": "4",
        "organization": "null"
    },
    {
        "title": "Throughput-oriented MAC for mobile ad hoc networks: A game-theoretic approach",
        "year": "2009",
        "authors": "Fan Wang,Ossama Younis,Marwan Krunz",
        "venue": "Ad Hoc Networks",
        "id": "743143",
        "label": "8",
        "organization": "Department of Electrical and Computer Engineering, University of Arizona, Tucson, AZ 85721, United States"
    },
    {
        "title": "A stochastic beam search for the berth allocation problem",
        "year": "2007",
        "authors": "Fan Wang,Andrew Lim",
        "venue": "Decision Support Systems",
        "id": "857566",
        "label": "0",
        "organization": "null"
    },
    {
        "title": "A genetic algorithm for machine scheduling problem under shared resource constraints",
        "year": "2004",
        "authors": "Yanzhi Li,Fan Wang,Andrew Lim",
        "venue": "IJCAT",
        "id": "904520",
        "label": "0",
        "organization": "Department of Industrial Engineering and Engineering Management, Hong Kong University of Science and Technology, Clear Water Bay, Kowloon, Hong Kong."
    },
    {
        "title": "Analytical energy gradient evaluation in relativistic and nonrelativistic density functional calculations",
        "year": "2002",
        "authors": "Fan Wang,Lemin Li",
        "venue": "Journal of Computational Chemistry",
        "id": "964288",
        "label": "1",
        "organization": "null"
    },
    {
        "title": "Numerical examination of performance of some exchange-correlation functionals for molecules containing heavy elements",
        "year": "2004",
        "authors": "Fan Wang,Lemin Li",
        "venue": "Journal of Computational Chemistry",
        "id": "964289",
        "label": "1",
        "organization": "null"
    },
    {
        "title": "The one-commodity pickup and delivery travelling salesman problem on a path or a tree",
        "year": "2006",
        "authors": "Fan Wang,Andrew Lim,Zhou Xu",
        "venue": "Networks",
        "id": "1024755",
        "label": "0",
        "organization": "School of Business, Sun Yat-Sen University, Guangzhou, People's Republic of China"
    },
    {
        "title": "k-Center problems with minimum coverage",
        "year": "2005",
        "authors": "Andrew Lim,Brian Rodrigues,Fan Wang,Zhou Xu",
        "venue": "Theor. Comput. Sci.",
        "id": "1093021",
        "label": "0",
        "organization": "Department of Industrial Engineering and Engineering Management, Hong Kong University of Science and Technology, Clear Water Bay, Kowloon, Hong Kong"
    },
    {
        "title": "Exploiting Parallelism to Accelerate Keyword Search on Deep-Web Sources",
        "year": "2009",
        "authors": "Tantan Liu,Fan Wang,Gagan Agrawal",
        "venue": "DILS",
        "id": "1207015",
        "label": "2",
        "organization": "Department of Computer Science and Engineering, Ohio State University, Columbus 43210"
    },
    {
        "title": "SEEDEEP: A System for Exploring and Querying Scientific Deep Web Data Sources",
        "year": "2009",
        "authors": "Fan Wang,Gagan Agrawal",
        "venue": "SSDBM",
        "id": "1214481",
        "label": "2",
        "organization": "Department of Computer Science and Engineering, Ohio State University, Columbus OH 43210"
    },
    {
        "title": "A compromised large-scale neighborhood search heuristic for capacitated air cargo loading planning",
        "year": "2009",
        "authors": "Yanzhi Li,Yi Tao,Fan Wang",
        "venue": "European Journal of Operational Research",
        "id": "1230093",
        "label": "0",
        "organization": "null"
    },
    {
        "title": "Personality Based Latent Friendship Mining",
        "year": "2009",
        "authors": "Fan Wang,Yuan Hong,Wenbin Zhang,Gagan Agrawal",
        "venue": "DMIN",
        "id": "1241928",
        "label": "2",
        "organization": "null"
    },
    {
        "title": "On scheduling concurrent multicast sessions over resource reserved network",
        "year": "2008",
        "authors": "Xiaoyu Zhang,Fan Wang",
        "venue": "T. Large-Scale Data- and Knowledge-Centered Systems",
        "id": "1265009",
        "label": "3",
        "organization": "null"
    },
    {
        "title": "A Transportation Problem with Minimum Quantity Commitment",
        "year": "2006",
        "authors": "Andrew Lim,Fan Wang,Zhou Xu",
        "venue": "Short Topics in System Administration",
        "id": "1288439",
        "label": "0",
        "organization": "Department of Industrial Engineering and Engineering Management, The Hong Kong University of Science and Technology, Clear Water Bay, Kowloon, Hong Kong"
    },
    {
        "title": "Effective Neighborhood Operators for Solving the Flexible Demand Assignment Problem",
        "year": "2008",
        "authors": "Fan Wang,Andrew Lim",
        "venue": "it+ti - Informationstechnik und Technische Informatik",
        "id": "1292517",
        "label": "0",
        "organization": "null"
    },
    {
        "title": "A Study on the Application of GA-BP Neural Network in the Bridge Reliability Assessment.",
        "year": "2008",
        "authors": "Jianxi Yang,Jianting Zhou,Fan Wang",
        "venue": "null",
        "id": "1303962",
        "label": "7",
        "organization": "null"
    },
    {
        "title": "Estimate Test Execution Effort at an Early Stage: An Empirical Study.",
        "year": "2008",
        "authors": "Xiaochun Zhu,Bo Zhou,Fan Wang,Yi Qu,Lu Chen",
        "venue": "null",
        "id": "1305255",
        "label": "5",
        "organization": "null"
    },
    {
        "title": "Simulation of the defect removal process with queuing theory.",
        "year": "2009",
        "authors": "Fan Wang,Xiaohu Yang,Xiaochun Zhu,Lu Chen",
        "venue": "null",
        "id": "1311666",
        "label": "5",
        "organization": "null"
    },
    {
        "title": "A Survey on Vehicle Routing Problem with Loading Constraints.",
        "year": "2009",
        "authors": "Fan Wang,Yi Tao 0002,Ning Shi",
        "venue": "null",
        "id": "1316588",
        "label": "2",
        "organization": "null"
    },
    {
        "title": "Analysis on Network Model Parameters of BP Neural Network in the Assessment for Bridge Reliability.",
        "year": "2009",
        "authors": "Jianxi Yang,Fan Wang,Jianting Zhou,Ying Huang",
        "venue": "null",
        "id": "1317471",
        "label": "7",
        "organization": "null"
    },
    {
        "title": "Extracting Output Metadata from Scientific Deep Web Data Sources.",
        "year": "2009",
        "authors": "Fan Wang,Gagan Agrawal",
        "venue": "null",
        "id": "1319530",
        "label": "2",
        "organization": "null"
    },
    {
        "title": "Multi-channel spectrum-agile MAC protocol with adaptive load control.",
        "year": "2009",
        "authors": "Fan Wang,Marwan Krunz",
        "venue": "null",
        "id": "1325629",
        "label": "8",
        "organization": "null"
    },
    {
        "title": "An Object-Oriented Product Data Management",
        "year": "2009",
        "authors": "Fan Wang,Li Zhou",
        "venue": "Proceedings of the 2009 International Conference on Computer Engineering and Technology - Volume 01",
        "id": "1389351",
        "label": "13",
        "organization": "null"
    },
    {
        "title": "Asymptotic periodicity and permanence in a competition-diffusion system with discrete delays",
        "year": "1998",
        "authors": "Wei Feng,Fan Wang",
        "venue": "Applied Mathematics and Computation",
        "id": "1403366",
        "label": "12",
        "organization": "null"
    },
    {
        "title": "Short-Term Traffic Flow Prediction Based on Parallel Quasi-Newton Neural Network",
        "year": "2009",
        "authors": "Guozhen Tan,Huimin Shi,Fan Wang,Chao Deng",
        "venue": "Proceedings of the 2009 International Conference on Measuring Technology and Mechatronics Automation - Volume 03",
        "id": "1656942",
        "label": "10",
        "organization": "null"
    },
    {
        "title": "Even aberration measurement of lithographic projection system based on optimized phase-shifting marks",
        "year": "2009",
        "authors": "Qiongyan Yuan,Xiangzhao Wang,Zicheng Qiu,Fan Wang,Mingying Ma",
        "venue": "Microelectronic Engineering",
        "id": "1752672",
        "label": "9",
        "organization": "National Engineering Research Center for Lithographic Equipment, Shanghai 201203, China"
    }
]