[
    {
        "title": "Modeling and Learning Vague Event Durations for Temporal Reasoning",
        "year": "2007",
        "authors": "Feng Pan,Rutu Mulkar,Jerry R. Hobbs",
        "venue": "AAAI",
        "id": "15901",
        "label": "0",
        "organization": "null"
    },
    {
        "title": "Learning Event Durations from Event Descriptions",
        "year": "2006",
        "authors": "Feng Pan,Rutu Mulkar-Mehta,Jerry R. Hobbs",
        "venue": "ACL",
        "id": "21083",
        "label": "0",
        "organization": "null"
    },
    {
        "title": "Infrared Face Recognition by Using Blood Perfusion Data",
        "year": "2005",
        "authors": "Shi-Qian Wu,W. Song,Li-Jun Jiang,S.-L. Xie,Feng Pan,Wei-Yun Yau,Surendra Ranganath",
        "venue": "AVBPA",
        "id": "60851",
        "label": "0",
        "organization": "null"
    },
    {
        "title": "REDUS: finding reducible subspaces in high dimensional data",
        "year": "2008",
        "authors": "Xiang Zhang,Feng Pan,Wei Wang",
        "venue": "CIKM",
        "id": "96562",
        "label": "3",
        "organization": "University of North Carolina at Chapel Hill, Chapel Hill, NC, USA"
    },
    {
        "title": "Optimal Interdiction of Unreactive Markovian Evaders",
        "year": "2009",
        "authors": "Alexander Gutfraind,Aric A. Hagberg,Feng Pan",
        "venue": "CPAIOR",
        "id": "118292",
        "label": "4",
        "organization": "null"
    },
    {
        "title": "Temporal Aggregates in OWL-Time",
        "year": "2005",
        "authors": "Feng Pan,Jerry R. Hobbs",
        "venue": "FLAIRS Conference",
        "id": "207568",
        "label": "0",
        "organization": "null"
    },
    {
        "title": "A Novel Joint Rate Control Scheme for the Coding of Multiple Real Time Video Programs",
        "year": "2002",
        "authors": "Zengguo Li,Ce Zhu,Feng Pan,Genan Feng,Xiaokang Yang,Si Wu,Nam Ling",
        "venue": "ICDCS Workshops",
        "id": "298638",
        "label": "0",
        "organization": "Center for Signal Process., Nanyang Technol. Univ., Singapore"
    },
    {
        "title": "Accelerating Profile Queries in Elevation Maps",
        "year": "2007",
        "authors": "Feng Pan,Wei Wang,Leonard McMillan",
        "venue": "ICDE",
        "id": "301622",
        "label": "3",
        "organization": "North Carolina Univ., Chapel Hill, NC"
    },
    {
        "title": "CARE: Finding Local Linear Correlations in High Dimensional Data",
        "year": "2008",
        "authors": "Xiang Zhang,Feng Pan,Wei Wang",
        "venue": "ICDE",
        "id": "302059",
        "label": "3",
        "organization": "Department of Computer Science, University of North Carolina at Chapel Hill, Chapel Hill, NC 27599, USA. panfeng@cs.unc.edu"
    },
    {
        "title": "A General Framework for Fast Co-clustering on Large Datasets Using Matrix Decomposition",
        "year": "2008",
        "authors": "Feng Pan,Xiang Zhang,Wei Wang",
        "venue": "ICDE",
        "id": "302079",
        "label": "3",
        "organization": "Department of Computer Science, University of North Carolina at Chapel Hill. panfeng@cs.unc.edu"
    },
    {
        "title": "Mining Frequent Closed Patterns in Microarray Data",
        "year": "2004",
        "authors": "Gao Cong,Kian-Lee Tan,Anthony K. H. Tung,Feng Pan",
        "venue": "ICDM",
        "id": "302511",
        "label": "3",
        "organization": "National University of Singapore"
    },
    {
        "title": "Finding Representative Set from Massive Data",
        "year": "2005",
        "authors": "Feng Pan,Wei Wang,Anthony K. H. Tung,Jiong Yang",
        "venue": "ICDM",
        "id": "302775",
        "label": "3",
        "organization": "University of North Carolina at Chapel Hill"
    },
    {
        "title": "Sample Selection for Maximal Diversity",
        "year": "2007",
        "authors": "Feng Pan,Adam Roberts,Leonard McMillan,David Threadgill,Wei Wang",
        "venue": "ICDM",
        "id": "303480",
        "label": "3",
        "organization": "Univ. of North Carolina, Chapel Hill"
    },
    {
        "title": "Quantitative Association Analysis Using Tree Hierarchies",
        "year": "2008",
        "authors": "Feng Pan,Lynda Yang,Leonard McMillan,Fernando Pardo-Manuel de Villena,David Threadgill,Wei Wang",
        "venue": "ICDM",
        "id": "303726",
        "label": "3",
        "organization": "Dept. of Comput. Sci., Univ. of North Carolina at Chapel Hill, Chapel Hill, NC"
    },
    {
        "title": "Study of Improved Hierarchy Genetic Algorithm Based on Adaptive Niches",
        "year": "2005",
        "authors": "Qiao-Ling Ji,Wei-Min Qi,Wei-You Cai,Yuan-Chu Cheng,Feng Pan",
        "venue": "ICIC (1)",
        "id": "313450",
        "label": "7",
        "organization": "null"
    },
    {
        "title": "Adaptive rate control for H.264",
        "year": "2004",
        "authors": "Zhengguo Li,Feng Pan,Keng Pang Lim,Xiao Lin,Susanto Rahardja",
        "venue": "ICIP",
        "id": "319197",
        "label": "0",
        "organization": "null"
    },
    {
        "title": "A New Set of Moment Invariants for Handwritten Numeral Recognition",
        "year": "1994",
        "authors": "Feng Pan,Mike Keane",
        "venue": "ICIP (1)",
        "id": "320318",
        "label": "9",
        "organization": "Dept. of Exp. Phys., Univ. Coll. Galway"
    },
    {
        "title": "Fast intra mode decision algorithm for H.264/AVC video coding",
        "year": "2004",
        "authors": "Feng Pan,Xiao Lin,Susanto Rahardja,Keng Pang Lim,Zhengguo Li,Dajun Wu,Si Wu,C. All,W. Ye,Z. Liang",
        "venue": "ICIP",
        "id": "320329",
        "label": "0",
        "organization": "null"
    },
    {
        "title": "A router based unequal error control scheme for video over the Internet",
        "year": "2002",
        "authors": "Xiaokang Yang,Ce Zhu,Zengguo Li,Genan Feng,Si Wu,Nam Ling,Feng Pan",
        "venue": "ICIP (2)",
        "id": "322438",
        "label": "0",
        "organization": "Labs. for Inf. Technol., Nanyang Technol. Univ., Singapore"
    },
    {
        "title": "Complexity-based rate distortion optimization with perceptual tuning for scalable video coding",
        "year": "2005",
        "authors": "Feng Pan,Yin Sun,Zhongkang Lu,Ashraf A. Kassim",
        "venue": "ICIP (3)",
        "id": "323507",
        "label": "0",
        "organization": "Inst. for Infocomm Res., Singapore"
    },
    {
        "title": "Complexity adaptive quantization for intra-frames in very low bit rate video coding",
        "year": "2004",
        "authors": "Feng Pan,Zhengguo Li,Keng Pang Lim,Xiao Lin,Susanto Rahardja,Dajun Wu,Si Wu",
        "venue": "ICME",
        "id": "330929",
        "label": "0",
        "organization": "Inst. for Infocomm Res., Singapore"
    },
    {
        "title": "A directional field based fast intra mode decision algorithm for H.264 video coding",
        "year": "2004",
        "authors": "Feng Pan,Xiao Lin,Susanto Rahardja,Keng Pang Lim,Zhengguo Li",
        "venue": "ICME",
        "id": "330931",
        "label": "0",
        "organization": "Inst. for Infocomm Res., Singapore"
    },
    {
        "title": "Proactive frame-skipping decision scheme for variable frame rate video coding",
        "year": "2004",
        "authors": "Feng Pan,Xiao Lin,Susanto Rahardja,Keng Pang Lim,Zhengguo Li,Dajun Wu,Si Wu",
        "venue": "ICME",
        "id": "330933",
        "label": "0",
        "organization": "Inst. for Infocomm Res., Singapore, Singapore"
    },
    {
        "title": "Measuring blocking artifacts using edge direction information",
        "year": "2004",
        "authors": "Feng Pan,Xiao Lin,Susanto Rahardja,Ee Ping Ong,Weisi Lin",
        "venue": "ICME",
        "id": "330935",
        "label": "0",
        "organization": "null"
    },
    {
        "title": "A perceptual bit allocation scheme for H.264",
        "year": "2005",
        "authors": "Hongtao Yu,Feng Pan,Zhiping Lin,Yin Sun",
        "venue": "ICME",
        "id": "332489",
        "label": "0",
        "organization": "Sch. of Electr. & Electron. Eng., Nanyang Technol. Univ., Singapore"
    },
    {
        "title": "Efficient contact state graph generation for assembly applications",
        "year": "2003",
        "authors": "Feng Pan,Joseph M. Schimmels",
        "venue": "ICRA",
        "id": "354238",
        "label": "10",
        "organization": "Dept. of Mech. & Ind. Eng., Marquette Univ., Milwaukee, WI, USA"
    },
    {
        "title": "Robust Procedures for Obtaining Assembly Contact State Extremal Configurations",
        "year": "2004",
        "authors": "Feng Pan,Joseph M. Schimmels",
        "venue": "ICRA",
        "id": "356903",
        "label": "10",
        "organization": "Dept. of Mech. & Ind. Eng., Marquette Univ., Milwaukee, WI, USA"
    },
    {
        "title": "Temporal Aggregates for Web Services on the Semantic Web",
        "year": "2005",
        "authors": "Feng Pan",
        "venue": "ICWS",
        "id": "370590",
        "label": "0",
        "organization": "University of Southern California"
    },
    {
        "title": "Exploring the Energy-Time Tradeoff in MPI Programs on a Power-Scalable Cluster",
        "year": "2005",
        "authors": "Vincent W. Freeh,Feng Pan,Nandini Kappiah,David K. Lowenthal,Robert Springer",
        "venue": "IPDPS",
        "id": "409001",
        "label": "3",
        "organization": "North Carolina State University"
    },
    {
        "title": "Exploring the Energy-Time Tradeoff in High-Performance Computing",
        "year": "2005",
        "authors": "Feng Pan,Vincent W. Freeh,Daniel M. Smith",
        "venue": "IPDPS",
        "id": "410320",
        "label": "3",
        "organization": "North Carolina State University, Raleigh, NC"
    },
    {
        "title": "Adaptive intra-frame quantization for very low bit rate video coding",
        "year": "2004",
        "authors": "Feng Pan,Zhengguo Li,Keng Pang Lim,Xiao Lin,Susanto Rahardja,Si Wu,Dajun Wu",
        "venue": "ISCAS (3)",
        "id": "423332",
        "label": "0",
        "organization": "Inst. for Infocomm Res., Singapore, Singapore"
    },
    {
        "title": "A locally-adaptive algorithm for measuring blocking artifacts in images and videos",
        "year": "2004",
        "authors": "Feng Pan,Xiao Lin,Susanto Rahardja,Weisi Lin,Ee Ping Ong,Susu Yao,Zhongkang Lu,Xiaokang Yang",
        "venue": "ISCAS (3)",
        "id": "423333",
        "label": "0",
        "organization": "Inst. for Infocomm Res., Singapore, Singapore"
    },
    {
        "title": "An adaptive edge-preserving artifacts removal filter for video post-processing",
        "year": "2005",
        "authors": "Xiaokang Yang,Susu Yao,Keng Pang Lim,Xiao Lin,Susanto Rahardja,Feng Pan",
        "venue": "ISCAS (5)",
        "id": "424997",
        "label": "0",
        "organization": "null"
    },
    {
        "title": "An improved rate control algorithm for H.264",
        "year": "2005",
        "authors": "Hongtao Yu,Zhiping Lin,Feng Pan",
        "venue": "ISCAS (1)",
        "id": "425052",
        "label": "0",
        "organization": "Sch. of Electr. & Electron. Eng., Nanyang Technol. Univ., Singapore, Singapore"
    },
    {
        "title": "A scalable fast mode decision algorithm for H.264",
        "year": "2006",
        "authors": "Zhiping Lin,Hongtao Yu,Feng Pan",
        "venue": "ISCAS",
        "id": "430117",
        "label": "0",
        "organization": "Sch. of Electr. & Electron. Eng., Nanyang Technol. Univ., Singapore"
    },
    {
        "title": "Carpenter: finding closed patterns in long biological datasets",
        "year": "2003",
        "authors": "Feng Pan,Gao Cong,Anthony K. H. Tung,Jiong Yang,Mohammed Javeed Zaki",
        "venue": "KDD",
        "id": "473148",
        "label": "3",
        "organization": "Natl. University of Singapore"
    },
    {
        "title": "Fast Rate-Distortion Optimization in H.264/AVC Video Coding",
        "year": "2005",
        "authors": "Feng Pan,Kenny Choo,Thinh M. Le",
        "venue": "KES (3)",
        "id": "475340",
        "label": "0",
        "organization": "null"
    },
    {
        "title": "Block Standstill and Homogeneity Based Fast Motion Estimation Algorithm for H.264 Video Coding",
        "year": "2005",
        "authors": "Feng Pan,H. Men,Thinh M. Le",
        "venue": "KES (3)",
        "id": "475341",
        "label": "0",
        "organization": "null"
    },
    {
        "title": "Computing Semantic Similarity between Skill Statements for Approximate Matching",
        "year": "2007",
        "authors": "Feng Pan,Robert Farrell",
        "venue": "HLT-NAACL",
        "id": "511635",
        "label": "0",
        "organization": "null"
    },
    {
        "title": "A 2-Stage Partial Distortion Search Algorithm for Block Motion Estimation",
        "year": "2002",
        "authors": "R. Yu,Keng Pang Lim,Dajun Wu,Feng Pan,Zhengguo Li,Genan Feng,Si Wu",
        "venue": "IEEE Pacific Rim Conference on Multimedia",
        "id": "532046",
        "label": "0",
        "organization": "null"
    },
    {
        "title": "COE: A General Approach for Efficient Genome-Wide Two-Locus Epistasis Test in Disease Association Study",
        "year": "2009",
        "authors": "Xiang Zhang,Feng Pan,Yuying Xie,Fei Zou,Wei Wang",
        "venue": "RECOMB",
        "id": "559356",
        "label": "3",
        "organization": "Department of Computer Science, University of North Carolina at Chapel Hill,"
    },
    {
        "title": "FARMER: Finding Interesting Rule Groups in Microarray Datasets",
        "year": "2004",
        "authors": "Gao Cong,Anthony K. H. Tung,Xin Xu,Feng Pan,Jiong Yang",
        "venue": "SIGMOD Conference",
        "id": "598434",
        "label": "3",
        "organization": "null"
    },
    {
        "title": "CRD: fast co-clustering on large datasets utilizing sampling-based matrix decomposition",
        "year": "2008",
        "authors": "Feng Pan,Xiang Zhang,Wei Wang",
        "venue": "SIGMOD Conference",
        "id": "600269",
        "label": "3",
        "organization": "University of North Carolina at Chapel Hill, Chapel Hill, NC, USA"
    },
    {
        "title": "COBBLER: Combining Column and Row Enumeration for Closed Pattern Discovery",
        "year": "2004",
        "authors": "Feng Pan,Anthony K. H. Tung,Gao Cong,Xin Xu",
        "venue": "SSDBM",
        "id": "618209",
        "label": "3",
        "organization": "National University of Singapore"
    },
    {
        "title": "Temporal Arithmetic Mixing Months and Days",
        "year": "2006",
        "authors": "Feng Pan,Jerry R. Hobbs",
        "venue": "TIME",
        "id": "628545",
        "label": "0",
        "organization": "University of Southern California"
    },
    {
        "title": "Efficient Compression of Multi-view Video Using Hierarchical B Pictures",
        "year": "2008",
        "authors": "Lini Ma,Feng Pan",
        "venue": "MUE",
        "id": "692142",
        "label": "8",
        "organization": "Dept. of Comput. Sci., Beijing Inf. Sci. & Technol. Univ., Beijing"
    },
    {
        "title": "The Exploration and Practice of Talents Foster Mode about Information Science in Country-Oriented Information-Based Strategy",
        "year": "2008",
        "authors": "Shuying Zhao,Chengdong Wu,Feng Pan,Yunzhou Zhang",
        "venue": "CSSE (5)",
        "id": "729959",
        "label": "6",
        "organization": "Sch. of Inf. Sci. & Eng., Northeastern Univ., Shenyang, China"
    },
    {
        "title": "Optimal Interdiction of Unreactive Markovian Evaders",
        "year": "2009",
        "authors": "Alexander Gutfraind,Aric A. Hagberg,Feng Pan",
        "venue": "CoRR",
        "id": "830032",
        "label": "4",
        "organization": "Risk Analysis and Decision Support Systems, Los Alamos National Laboratory, Los Alamos, New Mexico 87545"
    },
    {
        "title": "Minimizing a stochastic maximum-reliability path",
        "year": "2008",
        "authors": "Feng Pan,David P. Morton",
        "venue": "Networks",
        "id": "1024854",
        "label": "4",
        "organization": "D-6 Risk Analysis and Decision Support Systems, Los Alamos National Laboratory, Los Alamos, New Mexico 87545"
    },
    {
        "title": "Adaptive image compression using local pattern information",
        "year": "2002",
        "authors": "Feng Pan",
        "venue": "Pattern Recognition Letters",
        "id": "1045327",
        "label": "0",
        "organization": "School of EEE, Centre for Signal Processing, Nanyang Technological University, 639798 Singapore, Singapore"
    },
    {
        "title": "An ontology of time for the semantic web",
        "year": "2004",
        "authors": "Jerry R. Hobbs,Feng Pan",
        "venue": "ACM Trans. Asian Lang. Inf. Process.",
        "id": "1077446",
        "label": "0",
        "organization": "University of Southern California"
    },
    {
        "title": "A unified architecture for real-time video-coding systems",
        "year": "2003",
        "authors": "Zhengguo Li,Ce Zhu,Nam Ling,Xiaokang Yang,Genan Feng,Si Wu,Feng Pan",
        "venue": "IEEE Trans. Circuits Syst. Video Techn.",
        "id": "1097075",
        "label": "0",
        "organization": "Media Div., Inst. for InfoComm Res., Singapore"
    },
    {
        "title": "A study of MPEG-4 rate control scheme and its improvements",
        "year": "2003",
        "authors": "Feng Pan,Zengguo Li,Keng Pang Lim,Genan Feng",
        "venue": "IEEE Trans. Circuits Syst. Video Techn.",
        "id": "1097159",
        "label": "0",
        "organization": "Inst. for Infocomm Res., Singapore"
    },
    {
        "title": "Fast mode decision algorithm for intraprediction in H.264/AVC video coding",
        "year": "2005",
        "authors": "Feng Pan,Xiao Lin,Susanto Rahardja,Keng Pang Lim,Z. G. Li,Dajun Wu,Si Wu",
        "venue": "IEEE Trans. Circuits Syst. Video Techn.",
        "id": "1097161",
        "label": "0",
        "organization": "Inst. for Infocomm Res., Singapore, Singapore"
    },
    {
        "title": "Fast intermode decision in H.264/AVC video coding",
        "year": "2005",
        "authors": "Dajun Wu,Feng Pan,Keng Pang Lim,Si Wu,Zhengguo Li,Xiao Lin,Susanto Rahardja,Chi Chung Ko",
        "venue": "IEEE Trans. Circuits Syst. Video Techn.",
        "id": "1097431",
        "label": "0",
        "organization": "Inst. for Infocomm Res., Singapore, Singapore"
    },
    {
        "title": "Analyzing the Energy-Time Trade-Off in High-Performance Computing Applications",
        "year": "2007",
        "authors": "Vincent W. Freeh,David K. Lowenthal,Feng Pan,Nandini Kappiah,Robert Springer,Barry Rountree,Mark E. Femal",
        "venue": "IEEE Trans. Parallel Distrib. Syst.",
        "id": "1126126",
        "label": "3",
        "organization": "Dept. of Comput. Sci., North Carolina State Univ., Raleigh, NC"
    },
    {
        "title": "Adaptive frame skipping based on spatio-temporal complexity for low bit-rate video coding",
        "year": "2006",
        "authors": "Feng Pan,Z. P. Lin,Xiao Lin,Susanto Rahardja,W. Juwono,F. Slamet",
        "venue": "J. Visual Communication and Image Representation",
        "id": "1143477",
        "label": "0",
        "organization": "null"
    },
    {
        "title": "Adaptive rate control for H.264",
        "year": "2006",
        "authors": "Zhengguo Li,Wen Gao,Feng Pan,S. W. Ma,Keng Pang Lim,G. N. Feng,Xiao Lin,Susanto Rahardja,H. Q. Lu,Yan Lu",
        "venue": "J. Visual Communication and Image Representation",
        "id": "1143496",
        "label": "0",
        "organization": "Media Div., Inst. for Infocomm Res., Singapore, Singapore"
    },
    {
        "title": "Dynamic Modeling of Biotechnical Process Based on Online Support Vector Machine",
        "year": "2009",
        "authors": "Xianfang Wang,Zhiyong Du,Jindong Chen,Feng Pan",
        "venue": "JCP",
        "id": "1184607",
        "label": "12",
        "organization": "null"
    },
    {
        "title": "A survey of passive technology for digital image forensics",
        "year": "2007",
        "authors": "Weiqi Luo,Zhenhua Qu,Feng Pan,Jiwu Huang",
        "venue": "Frontiers of Computer Science in China",
        "id": "1185453",
        "label": "11",
        "organization": "null"
    },
    {
        "title": "Mining non-redundant high order correlations in binary data",
        "year": "2008",
        "authors": "Xiang Zhang,Feng Pan,Wei Wang,Andrew B. Nobel",
        "venue": "PVLDB",
        "id": "1186041",
        "label": "3",
        "organization": "University of North Carolina at Chapel Hill"
    },
    {
        "title": "Digital Video Coding - Techniques and Standards",
        "year": "2007",
        "authors": "Feng Pan",
        "venue": "Intelligent Multimedia Data Hiding: New Directions",
        "id": "1201411",
        "label": "14",
        "organization": "null"
    },
    {
        "title": "Problem difficulty analysis for particle swarm optimization: deception and modality",
        "year": "2009",
        "authors": "Bin Xin,Jie Chen,Feng Pan",
        "venue": "GEC Summit",
        "id": "1207555",
        "label": "13",
        "organization": "Department of Automatic Control, Beijing Institute of Technology, Beijing, China"
    },
    {
        "title": "A multi-objective-based non-stationary UAV assignment model for constraints handling using PSO",
        "year": "2009",
        "authors": "Feng Pan,Guanghui Wang,Yang Liu",
        "venue": "GEC Summit",
        "id": "1207666",
        "label": "13",
        "organization": "Beijing Institute of Technology, Beijing, China"
    },
    {
        "title": "Feature selection for ranking using boosted trees",
        "year": "2009",
        "authors": "Feng Pan,Tim Converse,David Ahn,Franco Salvetti,Gianluca Donato",
        "venue": "CIKM",
        "id": "1239501",
        "label": "0",
        "organization": "Microsoft / Powerset, San Francisco, CA, USA"
    },
    {
        "title": "Robust sequence memory in sparsely-connected networks with controllable steady-state period",
        "year": "2009",
        "authors": "Min Xia,Jian'an Fang,Feng Pan,En'jian Bai",
        "venue": "Neurocomputing",
        "id": "1274010",
        "label": "5",
        "organization": "College of Information Science and Technology, Donghua University, Shanghai 201620, China"
    },
    {
        "title": "Discriminating between photorealistic computer graphics and natural images using fractal geometry",
        "year": "2009",
        "authors": "Feng Pan,JiongBin Chen,Jiwu Huang",
        "venue": "Science in China Series F: Information Sciences",
        "id": "1286072",
        "label": "11",
        "organization": "null"
    },
    {
        "title": "Statistical learning makes the hybridization of particle swarm and differential evolution more efficient - A novel hybrid optimizer",
        "year": "2009",
        "authors": "Jie Chen,Bin Xin,ZhiHong Peng,Feng Pan",
        "venue": "Science in China Series F: Information Sciences",
        "id": "1286198",
        "label": "13",
        "organization": "null"
    },
    {
        "title": "Web-based infectious disease reporting using XML forms",
        "year": "2008",
        "authors": "Danhong Liu,Xia Wang,Feng Pan,Yongyong Xu,Peng Yang,Keqin Rao",
        "venue": "Synthesis Lectures on Computer Vision",
        "id": "1290569",
        "label": "1",
        "organization": "null"
    },
    {
        "title": "A new hybrid model for time-series prediction.",
        "year": "2009",
        "authors": "Feng Pan,Min Xia,En'jian Bai",
        "venue": "null",
        "id": "1302001",
        "label": "5",
        "organization": "Coll. of Inf. Sci. & Technol., Donghua Univ., Shanghai, China"
    },
    {
        "title": "An Optimal Controller Based-on GA for Direct Torque Control.",
        "year": "2009",
        "authors": "Feng Pan,Rucheng Han,Runsheng Zhang",
        "venue": "null",
        "id": "1329252",
        "label": "2",
        "organization": "Electr. Inf. Eng. Coll., Taiyuan Univ. of Sci. & Technol., Taiyuan, China"
    },
    {
        "title": "An adaptive rate control algorithm for video coding over personal digital assistants (PDA)",
        "year": "2003",
        "authors": "Feng Pan,Z. G. Li,K. P. Lim,D. J. Wu,R. S. Yu,G. N. Feng",
        "venue": "Proceedings of the 2003 International Conference on Multimedia and Expo - Volume 1",
        "id": "1370694",
        "label": "0",
        "organization": "Inst. for Infocomm Res., A-STAR, Singapore"
    },
    {
        "title": "Modeling of Fermentation Process Based on QDPSO-SVM",
        "year": "2008",
        "authors": "Xianfang Wang,Jindong Chen,Zhou Wu,Feng Pan",
        "venue": "Proceedings of the 2008 Fourth International Conference on Natural Computation - Volume 07",
        "id": "1752846",
        "label": "12",
        "organization": "Sch. of Commun. & Control Eng., Jiangnan Univ., Wuxi"
    }
]