[
    {
        "title": "Supporting Ada 95 Passive Partitions in a Distributed Environment",
        "year": "1997",
        "authors": "Frank Mueller",
        "venue": "Ada-Europe",
        "id": "25603",
        "label": "0",
        "organization": "null"
    },
    {
        "title": "Fast instruction cache analysis via static cache simulation",
        "year": "1995",
        "authors": "Frank Mueller,David B. Whalley",
        "venue": "Annual Simulation Symposium",
        "id": "42344",
        "label": "0",
        "organization": "Dept. of Comput. Sci., Florida State Univ., Tallahassee, FL"
    },
    {
        "title": "Encryption overhead in embedded systems and sensor network nodes: modeling and analysis",
        "year": "2003",
        "authors": "Ramnath Venugopalan,Prasanth Ganesan,Pushkin Peddabachagari,Alexander G. Dean,Frank Mueller,Mihail L. Sichitiu",
        "venue": "CASES",
        "id": "77632",
        "label": "0",
        "organization": "North Carolina State University, Raleigh, NC"
    },
    {
        "title": "METRIC: Tracking Down Inefficiencies in the Memory Hierarchy via Binary Rewriting",
        "year": "2003",
        "authors": "Jaydeep Marathe,Frank Mueller,Tushar Mohan,Bronis R. de Supinski,Sally A. McKee,Andy Yoo",
        "venue": "CGO",
        "id": "86591",
        "label": "0",
        "organization": "Dept. of Comput. Sci., North Carolina State Univ., Raleigh, NC, USA"
    },
    {
        "title": "Handling Irreducible Loops: Optimized Node Splitting vs. DJ-Graphs",
        "year": "2001",
        "authors": "Sebastian Unger,Frank Mueller",
        "venue": "Euro-Par",
        "id": "197551",
        "label": "0",
        "organization": "null"
    },
    {
        "title": "Token-Based Read/Write-Locks for Distributed Mutual Exclusion",
        "year": "2000",
        "authors": "Claus Wagner,Frank Mueller",
        "venue": "Euro-Par",
        "id": "197594",
        "label": "0",
        "organization": "null"
    },
    {
        "title": "Scalable Distributed Concurrency Services for Hierarchical Locking",
        "year": "2003",
        "authors": "Nirmit Desai,Frank Mueller",
        "venue": "ICDCS",
        "id": "296650",
        "label": "0",
        "organization": "Dept. of Comput. Sci., North Carolina State Univ., Raleigh, NC, USA"
    },
    {
        "title": "On-the-Fly Recovery of Job Input Data in Supercomputers",
        "year": "2008",
        "authors": "Chao Wang,Zhe Zhang,Sudharshan S. Vazhkudai,Xiaosong Ma,Frank Mueller",
        "venue": "ICPP",
        "id": "345099",
        "label": "0",
        "organization": "null"
    },
    {
        "title": "A hybrid hardware/software approach to efficiently determine cache coherence Bottlenecks",
        "year": "2005",
        "authors": "Jaydeep Marathe,Frank Mueller,Bronis R. de Supinski",
        "venue": "ICS",
        "id": "360500",
        "label": "0",
        "organization": "North Carolina State University, Raleigh, NC"
    },
    {
        "title": "Detailed cache coherence characterization for OpenMP benchmarks",
        "year": "2004",
        "authors": "Jaydeep Marathe,Anita Nagarajan,Frank Mueller",
        "venue": "ICS",
        "id": "360502",
        "label": "0",
        "organization": "North Carolina State University, Raleigh, NC"
    },
    {
        "title": "Scalable, fault tolerant membership for MPI tasks on HPC systems",
        "year": "2006",
        "authors": "Jyothish Varma,Chao Wang,Frank Mueller,Christian Engelmann,Stephen L. Scott",
        "venue": "ICS",
        "id": "360837",
        "label": "0",
        "organization": "North Carolina State University, Raleigh, NC"
    },
    {
        "title": "Proactive fault tolerance for HPC with Xen virtualization",
        "year": "2007",
        "authors": "Arun Babu Nagarajan,Frank Mueller,Christian Engelmann,Stephen L. Scott",
        "venue": "ICS",
        "id": "360886",
        "label": "0",
        "organization": "North Carolina State University, Raleigh, NC"
    },
    {
        "title": "Preserving time in large-scale communication traces",
        "year": "2008",
        "authors": "Prasun Ratn,Frank Mueller,Bronis R. de Supinski,Martin Schulz",
        "venue": "ICS",
        "id": "360924",
        "label": "0",
        "organization": "North Carolina State University, Raleigh, NC, USA"
    },
    {
        "title": "A Log(n) Multi-Mode Locking Protocol for Distributed Systems",
        "year": "2003",
        "authors": "Nirmit Desai,Frank Mueller",
        "venue": "IPDPS",
        "id": "408733",
        "label": "0",
        "organization": "Dept. of Comput. Sci., North Carolina State Univ., Raleigh, NC, USA"
    },
    {
        "title": "Fault-Tolerance for Token-based Synchronization Protocols",
        "year": "2001",
        "authors": "Frank Mueller",
        "venue": "IPDPS",
        "id": "410137",
        "label": "0",
        "organization": "Humboldt University Berlin"
    },
    {
        "title": "Timing Analysis: In Search of Multiple Paradigms",
        "year": "2004",
        "authors": "Frank Mueller",
        "venue": "IPDPS",
        "id": "410138",
        "label": "0",
        "organization": "Dept. of Comput. Sci., North Carolina State Univ., Raleigh, NC, USA"
    },
    {
        "title": "Prioritized Token-Based Mutual Exclusion for Distributed Systems",
        "year": "1998",
        "authors": "Frank Mueller",
        "venue": "IPPS/SPDP",
        "id": "410139",
        "label": "0",
        "organization": "Inst. fur Inf., Humboldt-Univ., Berlin"
    },
    {
        "title": "Adaptive DSM-Behavior via Speculative Data Distribution",
        "year": "1999",
        "authors": "Frank Mueller",
        "venue": "IPPS/SPDP Workshops",
        "id": "410140",
        "label": "0",
        "organization": "null"
    },
    {
        "title": "Clix - A Hybrid Programming Environment for Distributed Objects and Distributed Shared Memory",
        "year": "2000",
        "authors": "Frank Mueller,Jorg Nolte,Alexander Schlaefer",
        "venue": "IPDPS Workshops",
        "id": "410142",
        "label": "0",
        "organization": "null"
    },
    {
        "title": "Communication Characteristics of Large-Scale Scientific Applications for Contemporary Cluster Architectures",
        "year": "2002",
        "authors": "Jeffrey S. Vetter,Frank Mueller",
        "venue": "IPDPS",
        "id": "411139",
        "label": "0",
        "organization": "Center for Appl. Sci. Comput., Lawrence Livermore Nat. Lab., CA"
    },
    {
        "title": "Scalable Compression and Replay of Communication Traces in Massively P arallel E nvironments",
        "year": "2007",
        "authors": "Michael Noeth,Frank Mueller,Martin Schulz,Bronis R. de Supinski",
        "venue": "IPDPS",
        "id": "412098",
        "label": "0",
        "organization": "Dept. of Comput. Sci., North Carolina State Univ., Raleigh, NC"
    },
    {
        "title": "A Job Pause Service under LAM/MPI+BLCR for Transparent Fault Tolerance",
        "year": "2007",
        "authors": "Chao Wang,Frank Mueller,Christian Engelmann,Stephen L. Scott",
        "venue": "IPDPS",
        "id": "412194",
        "label": "0",
        "organization": "Dept. of Comput. Sci., North Carolina State Univ., Raleigh, NC"
    },
    {
        "title": "Virtual Simple Architecture (VISA): Exceeding the Complexity Limit in Safe Real-Time Systems",
        "year": "2003",
        "authors": "Aravindh Anantaraman,Kiran Seth,Kaustubh Patil,Eric Rotenberg,Frank Mueller",
        "venue": "ISCA",
        "id": "418485",
        "label": "0",
        "organization": "null"
    },
    {
        "title": "A thread-aware debugger with an open interface",
        "year": "2000",
        "authors": "Daniel Schulz,Frank Mueller",
        "venue": "ISSTA",
        "id": "450958",
        "label": "0",
        "organization": "Humboldt Univ., Berlin, Germany"
    },
    {
        "title": "A brief overview of scalable distributed concurrency services for hierarchical locking",
        "year": "2002",
        "authors": "Nirmit Desai,Frank Mueller",
        "venue": "Java Grande",
        "id": "466779",
        "label": "0",
        "organization": "North Carolina State University, Raleigh, NC"
    },
    {
        "title": "Compiler Support for Software-Based Cache Partitioning",
        "year": "1995",
        "authors": "Frank Mueller",
        "venue": "Workshop on Languages, Compilers,  Tools for Real-Time Systems",
        "id": "483537",
        "label": "0",
        "organization": "null"
    },
    {
        "title": "Energy-conserving feedback EDF scheduling for embedded systems with real-time constraints",
        "year": "2002",
        "authors": "Ajay Dudani,Frank Mueller,Yifan Zhu",
        "venue": "LCTES-SCOPES",
        "id": "483645",
        "label": "0",
        "organization": "North Carolina State University, Raleigh, NC"
    },
    {
        "title": "Compositional static instruction cache simulation",
        "year": "2004",
        "authors": "Kaustubh Patil,Kiran Seth,Frank Mueller",
        "venue": "LCTES",
        "id": "483695",
        "label": "0",
        "organization": "null"
    },
    {
        "title": "DVSleak: combining leakage reduction and voltage scaling in feedback EDF scheduling",
        "year": "2007",
        "authors": "Yifan Zhu,Frank Mueller",
        "venue": "LCTES",
        "id": "483703",
        "label": "0",
        "organization": "North Carolina State University, Raleigh, NC"
    },
    {
        "title": "Generalizing parametric timing analysis",
        "year": "2007",
        "authors": "Joel Coffman,Christopher A. Healy,Frank Mueller,David B. Whalley",
        "venue": "LCTES",
        "id": "483743",
        "label": "0",
        "organization": "North Carolina State University, Raleigh, NC"
    },
    {
        "title": "Parametric Timing Analysis",
        "year": "2001",
        "authors": "Emilio Vivancos,Christopher A. Healy,Frank Mueller,David B. Whalley",
        "venue": "LCTES/OM",
        "id": "483787",
        "label": "0",
        "organization": "Lawrence Livermore National Laboratory, Livermore, CA, USA"
    },
    {
        "title": "Feedback EDF scheduling exploiting hardware-assisted asynchronous dynamic voltage scaling",
        "year": "2005",
        "authors": "Yifan Zhu,Frank Mueller",
        "venue": "LCTES",
        "id": "483800",
        "label": "0",
        "organization": "North Carolina State University, Raleigh, NC"
    },
    {
        "title": "Penumbra: an Eclipse plugin for introductory programming",
        "year": "2003",
        "authors": "Frank Mueller,Antony L. Hosking",
        "venue": "OOPSLA Workshop on Eclipse Technology eXchange",
        "id": "522561",
        "label": "2",
        "organization": "Purdue University, West Lafayette, IN"
    },
    {
        "title": "On the Design and Implementation of DSM-Threads",
        "year": "1997",
        "authors": "Frank Mueller",
        "venue": "PDPTA",
        "id": "536343",
        "label": "0",
        "organization": "null"
    },
    {
        "title": "Real-Time Debugging by Minimal Hardware Simulation",
        "year": "1994",
        "authors": "Frank Mueller,David B. Whalley,Marion G. Harmon",
        "venue": "PEARL",
        "id": "538001",
        "label": "0",
        "organization": "null"
    },
    {
        "title": "Avoiding Unconditional Jumps by Code Replication",
        "year": "1992",
        "authors": "Frank Mueller,David B. Whalley",
        "venue": "PLDI",
        "id": "542755",
        "label": "0",
        "organization": "null"
    },
    {
        "title": "Avoiding Conditional Branches by Code Replication",
        "year": "1995",
        "authors": "Frank Mueller,David B. Whalley",
        "venue": "PLDI",
        "id": "542756",
        "label": "0",
        "organization": "null"
    },
    {
        "title": "Hardware profile-guided automatic page placement for ccNUMA systems",
        "year": "2006",
        "authors": "Jaydeep Marathe,Frank Mueller",
        "venue": "PPOPP",
        "id": "548411",
        "label": "0",
        "organization": "North Carolina State University, Raleigh, NC"
    },
    {
        "title": "A tunable holistic resiliency approach for high-performance computing systems",
        "year": "2009",
        "authors": "Stephen L. Scott,Christian Engelmann,Geoffroy Vallee,Thomas Naughton,Anand Tikotekar,George Ostrouchov,Chokchai Leangsuksun,Nichamon Naksinehaboon,Raja Nassar,Mihaela Paun,Frank Mueller,Chao Wang,Arun Babu Nagarajan,Jyothish Varma",
        "venue": "PPOPP",
        "id": "548602",
        "label": "0",
        "organization": "North Carolina State University, Raleigh, NC, USA"
    },
    {
        "title": "Timing Analysis for Sensor Network Nodes of the Atmega Processor Family",
        "year": "2005",
        "authors": "Sibin Mohan,Frank Mueller,David B. Whalley,Christopher A. Healy",
        "venue": "IEEE Real-Time and Embedded Technology and Applications Symposium",
        "id": "563956",
        "label": "0",
        "organization": "North Carolina State University, Raleigh"
    },
    {
        "title": "A Comparison of Static Analysis and Evolutionary Testing for the Verification of Timing Constraints",
        "year": "1998",
        "authors": "Frank Mueller,Joachim Wegener",
        "venue": "IEEE Real Time Technology and Applications Symposium",
        "id": "563976",
        "label": "0",
        "organization": "null"
    },
    {
        "title": "Bounding Worst-Case Data Cache Behavior by Analytically Deriving Cache Reference Patterns",
        "year": "2005",
        "authors": "Harini Ramaprasad,Frank Mueller",
        "venue": "IEEE Real-Time and Embedded Technology and Applications Symposium",
        "id": "564061",
        "label": "0",
        "organization": "North Carolina State University"
    },
    {
        "title": "Bounding Preemption Delay within Data Cache Reference Patterns for Real-Time Tasks",
        "year": "2006",
        "authors": "Harini Ramaprasad,Frank Mueller",
        "venue": "IEEE Real Time Technology and Applications Symposium",
        "id": "564062",
        "label": "0",
        "organization": "North Carolina State University"
    },
    {
        "title": "Timing Analysis for Data Caches and Set-Associative Caches",
        "year": "1997",
        "authors": "Randall T. White,Christopher A. Healy,David B. Whalley,Frank Mueller,Marion G. Harmon",
        "venue": "IEEE Real Time Technology and Applications Symposium",
        "id": "564139",
        "label": "0",
        "organization": "Dept. of Comput. Sci., Florida State Univ., Tallahassee, FL"
    },
    {
        "title": "Improving WCET by Optimizing Worst-Case Paths",
        "year": "2005",
        "authors": "Wankang Zhao,William C. Kreahling,David B. Whalley,Christopher A. Healy,Frank Mueller",
        "venue": "IEEE Real-Time and Embedded Technology and Applications Symposium",
        "id": "564158",
        "label": "0",
        "organization": "North Carolina State University, Raleigh, NC"
    },
    {
        "title": "Tuning the WCET of Embedded Applications",
        "year": "2004",
        "authors": "Wankang Zhao,Prasad Kulkarni,David B. Whalley,Christopher A. Healy,Frank Mueller,Gang-Ryung Uh",
        "venue": "IEEE Real-Time and Embedded Technology and Applications Symposium",
        "id": "564159",
        "label": "0",
        "organization": "null"
    },
    {
        "title": "Feedback EDF Scheduling Exploiting Dynamic Voltage Scaling",
        "year": "2004",
        "authors": "Yifan Zhu,Frank Mueller",
        "venue": "IEEE Real-Time and Embedded Technology and Applications Symposium",
        "id": "564164",
        "label": "0",
        "organization": "null"
    },
    {
        "title": "Bounding Worst-Case Response Time for Tasks with Non-Preemptive Regions",
        "year": "2008",
        "authors": "Harini Ramaprasad,Frank Mueller",
        "venue": "IEEE Real-Time and Embedded Technology and Applications Symposium",
        "id": "564178",
        "label": "0",
        "organization": "Dept. of Comput. Sci., North Carolina State Univ., Raleigh, NC"
    },
    {
        "title": "Hybrid Timing Analysis of Modern Processor Pipelines via Hardware/Software Interactions",
        "year": "2008",
        "authors": "Sibin Mohan,Frank Mueller",
        "venue": "IEEE Real-Time and Embedded Technology and Applications Symposium",
        "id": "564199",
        "label": "0",
        "organization": "Dept. of Comput. Sci., North Carolina State Univ., Raleigh, NC"
    },
    {
        "title": "Enforcing Safety of Real-Time Schedules on Contemporary Processors Using a Virtual Simple Architecture (VISA)",
        "year": "2004",
        "authors": "Aravindh Anantaraman,Kiran Seth,Eric Rotenberg,Frank Mueller",
        "venue": "RTSS",
        "id": "564993",
        "label": "0",
        "organization": "North Carolina State University"
    },
    {
        "title": "Bounding Worst-Case Instruction Cache Performance",
        "year": "1994",
        "authors": "Robert D. Arnold,Frank Mueller,David B. Whalley,Marion G. Harmon",
        "venue": "IEEE Real-Time Systems Symposium",
        "id": "565015",
        "label": "0",
        "organization": "Dept. of Comput. Sci., Florida State Univ., Tallahassee, FL"
    },
    {
        "title": "ParaScale: Exploiting Parametric Timing Analysis for Real-Time Schedulers and Dynamic Voltage Scaling",
        "year": "2005",
        "authors": "Sibin Mohan,Frank Mueller,William Hawkins,Michael Root,Christopher A. Healy,David B. Whalley",
        "venue": "RTSS",
        "id": "565366",
        "label": "0",
        "organization": "North Carolina State University"
    },
    {
        "title": "MiThOS - A Real-Time Micro-Kernel Threads Operating System",
        "year": "1995",
        "authors": "Frank Mueller,Viresh Rustagi,Ted Baker",
        "venue": "IEEE Real-Time Systems Symposium",
        "id": "565380",
        "label": "0",
        "organization": "Humboldt-Univ., Berlin"
    },
    {
        "title": "FAST: Frequency-Aware Static Timing Analysis",
        "year": "2003",
        "authors": "Kiran Seth,Aravindh Anantaraman,Frank Mueller,Eric Rotenberg",
        "venue": "RTSS",
        "id": "565473",
        "label": "0",
        "organization": "Departments of CS/ECE & Center for Embedded Syst. Res., North Carolina State Univ., Raleigh, NC, USA"
    },
    {
        "title": "Tightening the Bounds on Feasible Preemption Points",
        "year": "2006",
        "authors": "Harini Ramaprasad,Frank Mueller",
        "venue": "RTSS",
        "id": "565611",
        "label": "0",
        "organization": "North Carolina State University, USA"
    },
    {
        "title": "WCET Code Positioning",
        "year": "2004",
        "authors": "Wankang Zhao,David B. Whalley,Christopher A. Healy,Frank Mueller",
        "venue": "RTSS",
        "id": "565628",
        "label": "0",
        "organization": "North Carolina State University"
    },
    {
        "title": "Efficient On-the-fly Analysis of Program Behavior and Static Cache Simulation",
        "year": "1994",
        "authors": "Frank Mueller,David B. Whalley",
        "venue": "SAS",
        "id": "572816",
        "label": "0",
        "organization": "null"
    },
    {
        "title": "Identifying and Exploiting Spatial Regularity in Data Memory References",
        "year": "2003",
        "authors": "Tushar Mohan,Bronis R. de Supinski,Sally A. McKee,Frank Mueller,Andy Yoo,Martin Schulz",
        "venue": "SC",
        "id": "575261",
        "label": "0",
        "organization": "North Carolina State University, Raleigh, NC"
    },
    {
        "title": "Cross-Platform Performance Prediction of Parallel Applications Using Partial Execution",
        "year": "2005",
        "authors": "Leo T. Yang,Xiaosong Ma,Frank Mueller",
        "venue": "SC",
        "id": "575624",
        "label": "0",
        "organization": "North Carolina State University, Raleigh"
    },
    {
        "title": "Poster reception - Scalable compression and replay of communication traces in massively parallel environments",
        "year": "2006",
        "authors": "Michael Noeth,Jaydeep Marathe,Frank Mueller,Martin Schulz,Bronis R. de Supinski",
        "venue": "SC",
        "id": "575649",
        "label": "0",
        "organization": "null"
    },
    {
        "title": "Optimizing center performance through coordinated data staging, scheduling and recovery",
        "year": "2007",
        "authors": "Zhe Zhang,Chao Wang,Sudharshan S. Vazhkudai,Xiaosong Ma,Gregory G. Pike,John W. Cobb,Frank Mueller",
        "venue": "SC",
        "id": "575965",
        "label": "0",
        "organization": "North Carolina State University"
    },
    {
        "title": "Proactive process-level live migration in HPC environments",
        "year": "2008",
        "authors": "Chao Wang,Frank Mueller,Christian Engelmann,Stephen L. Scott",
        "venue": "SC",
        "id": "576117",
        "label": "0",
        "organization": "North Carolina State University, Raleigh, NC"
    },
    {
        "title": "Implementing Ada 9X Features Using POSIX Threads: Design Issues",
        "year": "1993",
        "authors": "E. W. Giering,Frank Mueller,Theodore P. Baker",
        "venue": "TRI-Ada",
        "id": "587996",
        "label": "0",
        "organization": "null"
    },
    {
        "title": "Features of the GNU Ada Runtime Library",
        "year": "1994",
        "authors": "E. W. Giering,Frank Mueller,Theodore P. Baker",
        "venue": "TRI-Ada",
        "id": "587997",
        "label": "0",
        "organization": "null"
    },
    {
        "title": "The Rendezvous is Dead - Long Live the Protected Object",
        "year": "1998",
        "authors": "Dragan Macos,Frank Mueller",
        "venue": "SIGAda",
        "id": "588055",
        "label": "0",
        "organization": "null"
    },
    {
        "title": "A Library Implementation of POSIX Threads under UNIX",
        "year": "1993",
        "authors": "Frank Mueller",
        "venue": "USENIX Winter",
        "id": "636203",
        "label": "0",
        "organization": "null"
    },
    {
        "title": "2006 WCET Preface - Proceedings of the 6th Intl. Workshop on Worst-Case Execution Time Analysis (WCET'06)",
        "year": "2006",
        "authors": "Frank Mueller",
        "venue": "WCET",
        "id": "652994",
        "label": "0",
        "organization": "null"
    },
    {
        "title": "2006 WCET Abstracts Collection - 6th Intl. Workshop on Worst-Case Execution Time (WCET) Analysis",
        "year": "2006",
        "authors": "Frank Mueller",
        "venue": "WCET",
        "id": "652995",
        "label": "0",
        "organization": "null"
    },
    {
        "title": "Analyzing and modeling encryption overhead for sensor network nodes",
        "year": "2003",
        "authors": "Prasanth Ganesan,Ramnath Venugopalan,Pushkin Peddabachagari,Alexander G. Dean,Frank Mueller,Mihail L. Sichitiu",
        "venue": "Wireless Sensor Networks and Applications",
        "id": "709580",
        "label": "0",
        "organization": "North Carolina State University, Raleigh, NC"
    },
    {
        "title": "Analysis assistant for single-molecule force spectroscopy data on membrane proteins - MPTV",
        "year": "2006",
        "authors": "Frank Mueller,Daniel J. Muller,Dirk Labudde",
        "venue": "Bioinformatics",
        "id": "765161",
        "label": "1",
        "organization": "null"
    },
    {
        "title": "LegoSim: simulation of embedded kernels over Pthreads",
        "year": "2002",
        "authors": "Thomas Roblitz,Frank Mueller,Oliver Buhn",
        "venue": "ACM Journal of Educational Resources in Computing",
        "id": "980242",
        "label": "0",
        "organization": "null"
    },
    {
        "title": "Scalable hierarchical locking for distributed systems",
        "year": "2004",
        "authors": "Nirmit Desai,Frank Mueller",
        "venue": "J. Parallel Distrib. Comput.",
        "id": "988641",
        "label": "0",
        "organization": "Department of Computer Science, North Carolina State University, 448 EGRC, Raleigh, NC"
    },
    {
        "title": "Communication characteristics of large-scale scientific applications for contemporary cluster architectures",
        "year": "2003",
        "authors": "Jeffrey S. Vetter,Frank Mueller",
        "venue": "J. Parallel Distrib. Comput.",
        "id": "989921",
        "label": "0",
        "organization": "Department of Computer Science, North Carolina State University, 448 EGRC, Raleigh, NC"
    },
    {
        "title": "A Comparison of Static Analysis and Evolutionary Testing for the Verification of Timing Constraints",
        "year": "2001",
        "authors": "Joachim Wegener,Frank Mueller",
        "venue": "Real-Time Systems",
        "id": "1053298",
        "label": "0",
        "organization": "Department of Computer Science, North Carolina State University, Raleigh, NC 27695-8206 mueller@cs.ncsu.edu"
    },
    {
        "title": "Timing Analysis for Data and Wrap-Around Fill Caches",
        "year": "1999",
        "authors": "Randall T. White,Frank Mueller,Christopher A. Healy,David B. Whalley,Marion G. Harmon",
        "venue": "Real-Time Systems",
        "id": "1053302",
        "label": "0",
        "organization": "null"
    },
    {
        "title": "Feedback EDF Scheduling of Real-Time Tasks Exploiting Dynamic Voltage Scaling",
        "year": "2005",
        "authors": "Yifan Zhu,Frank Mueller",
        "venue": "Real-Time Systems",
        "id": "1053323",
        "label": "0",
        "organization": "Department of Computer Science/Center for Embedded Systems Research, North Carolina State University, Raleigh, USA 27695-7534"
    },
    {
        "title": "Improving WCET by applying worst-case path optimizations",
        "year": "2006",
        "authors": "Wankang Zhao,William C. Kreahling,David B. Whalley,Christopher A. Healy,Frank Mueller",
        "venue": "Real-Time Systems",
        "id": "1053324",
        "label": "0",
        "organization": "Computer Science Department, North Carolina State University, USA"
    },
    {
        "title": "MOLAR: adaptive runtime support for high-end computing operating and runtime systems",
        "year": "2006",
        "authors": "Christian Engelmann,Stephen L. Scott,David E. Bernholdt,Narasimha Raju Gottumukkala,Chokchai Leangsuksun,Jyothish Varma,Chao Wang,Frank Mueller,Aniruddha G. Shet,P. Sadayappan",
        "venue": "Operating Systems Review",
        "id": "1066870",
        "label": "0",
        "organization": "North Carolina State University, Raleigh, NC"
    },
    {
        "title": "The 3rd ACM SIGPLAN Workshop on Languages, Compilers, and Tools for Real-Time Systems (Workshop Report)",
        "year": "1997",
        "authors": "Frank Mueller",
        "venue": "SIGPLAN Notices",
        "id": "1067876",
        "label": "0",
        "organization": "null"
    },
    {
        "title": "Improving WCET by applying a WC code-positioning optimization",
        "year": "2005",
        "authors": "Wankang Zhao,David B. Whalley,Christopher A. Healy,Frank Mueller",
        "venue": "TACO",
        "id": "1077178",
        "label": "0",
        "organization": "North Carolina State University, Raleigh, NC"
    },
    {
        "title": "Analysis of cache-coherence bottlenecks with hybrid hardware/software techniques",
        "year": "2006",
        "authors": "Jaydeep Marathe,Frank Mueller,Bronis R. de Supinski",
        "venue": "TACO",
        "id": "1077185",
        "label": "0",
        "organization": "North Carolina State University, Raleigh, NC"
    },
    {
        "title": "Bounding Pipeline and Instruction Cache Performance",
        "year": "1999",
        "authors": "Christopher A. Healy,Robert D. Arnold,Frank Mueller,David B. Whalley,Marion G. Harmon",
        "venue": "IEEE Trans. Computers",
        "id": "1079604",
        "label": "0",
        "organization": "null"
    },
    {
        "title": "FAST: Frequency-aware static timing analysis",
        "year": "2006",
        "authors": "Kiran Seth,Aravindh Anantaraman,Frank Mueller,Eric Rotenberg",
        "venue": "ACM Trans. Embedded Comput. Syst.",
        "id": "1098625",
        "label": "0",
        "organization": "North Carolina State University, Raleigh, NC"
    },
    {
        "title": "Introduction to the special issue",
        "year": "2005",
        "authors": "Frank Mueller,Per Stenstrom",
        "venue": "ACM Trans. Embedded Comput. Syst.",
        "id": "1098649",
        "label": "0",
        "organization": "null"
    },
    {
        "title": "Exploiting synchronous and asynchronous DVS for feedback EDF scheduling on an embedded platform",
        "year": "2007",
        "authors": "Yifan Zhu,Frank Mueller",
        "venue": "ACM Trans. Embedded Comput. Syst.",
        "id": "1098706",
        "label": "0",
        "organization": "North Carolina State University, Raleigh, North Carolina"
    },
    {
        "title": "The worst-case execution-time problem - overview of methods and survey of tools",
        "year": "2008",
        "authors": "Reinhard Wilhelm,Jakob Engblom,Andreas Ermedahl,Niklas Holsti,Stephan Thesing,David B. Whalley,Guillem Bernat,Christian Ferdinand,Reinhold Heckmann,Tulika Mitra,Frank Mueller,Isabelle Puaut,Peter P. Puschner,Jan Staschulat,Per Stenstrom",
        "venue": "ACM Trans. Embedded Comput. Syst.",
        "id": "1098727",
        "label": "0",
        "organization": "null"
    },
    {
        "title": "Handling irreducible loops: optimized node splitting versus DJ-graphs",
        "year": "2002",
        "authors": "Sebastian Unger,Frank Mueller",
        "venue": "ACM Trans. Program. Lang. Syst.",
        "id": "1123952",
        "label": "0",
        "organization": "North Carolina State University, Raleigh, NC"
    },
    {
        "title": "METRIC: Memory tracing via dynamic binary rewriting to identify cache inefficiencies",
        "year": "2007",
        "authors": "Jaydeep Marathe,Frank Mueller,Tushar Mohan,Sally A. McKee,Bronis R. de Supinski,Andy Yoo",
        "venue": "ACM Trans. Program. Lang. Syst.",
        "id": "1124057",
        "label": "0",
        "organization": "North Carolina State University, Raleigh, NC"
    },
    {
        "title": "Source-Code-Correlated Cache Coherence Characterization of OpenMP Benchmarks",
        "year": "2007",
        "authors": "Jaydeep Marathe,Frank Mueller",
        "venue": "IEEE Trans. Parallel Distrib. Syst.",
        "id": "1126241",
        "label": "0",
        "organization": "Dept. of Comput. Sci., North Carolina State Univ., Raleigh, NC"
    },
    {
        "title": "Push-assisted migration of real-time tasks in multi-core processors",
        "year": "2009",
        "authors": "Abhik Sarkar,Frank Mueller,Harini Ramaprasad,Sibin Mohan",
        "venue": "LCTES",
        "id": "1212535",
        "label": "0",
        "organization": "North Carolina State University, Raleigh, NC, USA"
    },
    {
        "title": "Improving the availability of supercomputer job input data using temporal replication",
        "year": "2009",
        "authors": "Chao Wang,Zhe Zhang,Xiaosong Ma,Sudharshan S. Vazhkudai,Frank Mueller",
        "venue": "Computer Science - RD",
        "id": "1225438",
        "label": "0",
        "organization": "null"
    },
    {
        "title": "CheckerCore: enhancing an FPGA soft core to capture worst-case execution times",
        "year": "2009",
        "authors": "Jin Ouyang,Raghuveer Raghavendra,Sibin Mohan,Tao Zhang,Yuan Xie,Frank Mueller",
        "venue": "CASES",
        "id": "1238780",
        "label": "0",
        "organization": "North Carolina State University, Raleigh, PA, USA"
    },
    {
        "title": "Bounding Worst-Case Response Times of Tasks under PIP.",
        "year": "2009",
        "authors": "Harini Ramaprasad,Frank Mueller",
        "venue": "null",
        "id": "1321809",
        "label": "0",
        "organization": "null"
    },
    {
        "title": "Merging State and Preserving Timing Anomalies in Pipelines of High-End Processors.",
        "year": "2008",
        "authors": "Sibin Mohan,Frank Mueller",
        "venue": "null",
        "id": "1321957",
        "label": "0",
        "organization": "null"
    },
    {
        "title": "ScalaTrace: Scalable compression and replay of communication traces for high-performance computing.",
        "year": "2009",
        "authors": "Michael Noeth,Prasun Ratn,Frank Mueller,Martin Schulz,Bronis R. de Supinski",
        "venue": "J. Parallel Distrib. Comput.",
        "id": "1339572",
        "label": "0",
        "organization": "North Carolina State University, Department of Computer Science, Raleigh, NC 27695-7534, United States"
    },
    {
        "title": "PFetch: software prefetching exploiting temporal predictability of memory access streams",
        "year": "2008",
        "authors": "Jaydeep Marathe,Frank Mueller",
        "venue": "Proceedings of the 9th workshop on MEmory performance: DEaling with Applications, systems and architecture",
        "id": "1384967",
        "label": "0",
        "organization": "North Carolina State University, Raleigh, NC"
    },
    {
        "title": "The rendezvous is dead&mdash;long live the protected object",
        "year": "1998",
        "authors": "Dragan Macos,Frank Mueller",
        "venue": "Proceedings of the 1998 annual ACM SIGAda international conference on Ada",
        "id": "1396886",
        "label": "0",
        "organization": "Humboldt-Universit t zu Berlin , Institut f r Informatik, 10099 Berlin, Germany"
    },
    {
        "title": "Analytically bounding data cache behavior for real-time systems",
        "year": "2008",
        "authors": "Frank Mueller",
        "venue": "null",
        "id": "1429697",
        "label": "0",
        "organization": "North Carolina State University"
    },
    {
        "title": "Exploiting hardware/software interactions for analyzing embedded systems",
        "year": "2008",
        "authors": "Frank Mueller",
        "venue": "null",
        "id": "1430763",
        "label": "0",
        "organization": "North Carolina State University"
    },
    {
        "title": "Analysis assistant for single-molecule force spectroscopy data on membrane proteins MPTV",
        "year": "2006",
        "authors": "Frank Mueller,Daniel J. Muller,Dirk Labudde",
        "venue": "Bioinformatics",
        "id": "1578715",
        "label": "1",
        "organization": "null"
    },
    {
        "title": "Static cache simulation and its applications",
        "year": "1995",
        "authors": "Frank Mueller",
        "venue": "null",
        "id": "1724319",
        "label": "0",
        "organization": "The Florida State Univ."
    }
]