[
    {
        "title": "Collaborative Education Model and Its Application in E-learning",
        "year": "2007",
        "authors": "Gang Chen,Ruimin Shen,Jiajun Wang,Zeyu Chen",
        "venue": "ACIS-ICIS",
        "id": "4775",
        "label": "0",
        "organization": "Shanghai Jiao Tong Univ., Shanghai"
    },
    {
        "title": "Multi-agent coordination: a fuzzy logic based approach",
        "year": "2003",
        "authors": "Gang Chen,Zhonghua Yang,Hao He,Kiah Mok Goh",
        "venue": "AAMAS",
        "id": "55597",
        "label": "1",
        "organization": "Nanyang Technological University, Singapore"
    },
    {
        "title": "Java implementation of an object-oriented software metrics assessment tool",
        "year": "1999",
        "authors": "Ramesh K. Karne,Alexander L. Wijesinha,Yimin Lu,Gang Chen,Yunlai Sun",
        "venue": "Computers and Their Applications",
        "id": "78494",
        "label": "2",
        "organization": "null"
    },
    {
        "title": "Subdivision Depth Computation for Extra-Ordinary Catmull-Clark Subdivision Surface Patches",
        "year": "2006",
        "authors": "Fuhua (Frank) Cheng,Gang Chen,Jun-Hai Yong",
        "venue": "Computer Graphics International",
        "id": "86000",
        "label": "3",
        "organization": "null"
    },
    {
        "title": "Fast and Practical Algorithms for Computing All the Runs in a String",
        "year": "2007",
        "authors": "Gang Chen,Simon J. Puglisi,William F. Smyth",
        "venue": "CPM",
        "id": "118907",
        "label": "4",
        "organization": "Algorithms Research Group, Department of Computing & Software, McMaster University, Hamilton, Ontario, L8S 4K1, Canada"
    },
    {
        "title": "A Semantic Web-based Architecture for Collaborative Multi-Agent Functional Modeling in Design",
        "year": "2006",
        "authors": "Li Zhang,Wenyu Zhang,Gang Chen,Yuzhu Wang,Jinxiang Dong",
        "venue": "CSCWD",
        "id": "122270",
        "label": "5",
        "organization": "Inst. of Artificial Intelligence, Zhejiang Univ."
    },
    {
        "title": "A Network Access Control Architecture Using State-Transfer-Based Dynamic Policy",
        "year": "2006",
        "authors": "Cheng Zang,Zhongdong Huang,Gang Chen,Jinxiang Dong",
        "venue": "CSCWD",
        "id": "122339",
        "label": "5",
        "organization": "Coll. of Comput. Sci., Zhejiang Univ., Hangzhou"
    },
    {
        "title": "An Index Scheme for XML Documents Based on Relationship Joins",
        "year": "2006",
        "authors": "Chengwen Wu,Jinxiang Dong,Gang Chen,Lihua Yu",
        "venue": "CSCWD",
        "id": "122387",
        "label": "5",
        "organization": "Coll. of Comput. Sci., Zhejiang Univ., Hangzhou"
    },
    {
        "title": "Securely Sharing Data in Encrypted Databases",
        "year": "2006",
        "authors": "Lihua Yu,Gang Chen,Ke Chen,Jinxiang Dong",
        "venue": "CSCWD",
        "id": "122403",
        "label": "5",
        "organization": "Coll. of Comput. Sci., Zhejiang Univ."
    },
    {
        "title": "A Web-based Framework For On-line Collaborative Learning",
        "year": "2006",
        "authors": "Lidan Shou,Bin Cui,Gang Chen,Jinxiang Dong",
        "venue": "CSCWD",
        "id": "122441",
        "label": "5",
        "organization": "Coll. of Comput. Sci., Zhejiang Univ., Hangzhou"
    },
    {
        "title": "A Database Encryption Scheme for Enhanced Security and Easy Sharing",
        "year": "2006",
        "authors": "Gang Chen,Ke Chen,Jinxiang Dong",
        "venue": "CSCWD",
        "id": "122463",
        "label": "5",
        "organization": "Coll. of Comput. Sci., Zhejiang Univ., Hangzhou"
    },
    {
        "title": "An Event and Service Interacting Model and Event Detection Based on the Broker/Service Model",
        "year": "2001",
        "authors": "Ping-Peng Yuan,Gang Chen,Jinxiang Dong,Weili Han",
        "venue": "CSCWD",
        "id": "122545",
        "label": "5",
        "organization": "Zhejiang Univ., Hangzhou"
    },
    {
        "title": "Resilient Rights Protection for Product Data",
        "year": "2006",
        "authors": "Ke Chen,Gang Chen,Tianlei Hu,Jinxiang Dong",
        "venue": "CSCWD",
        "id": "122566",
        "label": "5",
        "organization": "Zhejiang Univ., Hangzhou"
    },
    {
        "title": "Collaborative Agents Supported Automatic Physical Database Design Based on Description Logics Reasoning",
        "year": "2006",
        "authors": "Tianlei Hu,Gang Chen,Yin-Jie Hong,Xiaolong Zhang,Jinxiang Dong",
        "venue": "CSCWD",
        "id": "122583",
        "label": "5",
        "organization": "Coll. of Comput. Sci. & Technol., Zhejiang Univ., Hangzhou"
    },
    {
        "title": "A Fractal Watermark Solution for Product Data",
        "year": "2006",
        "authors": "Ke Chen,Gang Chen,Cheng Zang,Jinxiang Dong",
        "venue": "CSCWD (Selected Papers)",
        "id": "122667",
        "label": "5",
        "organization": "null"
    },
    {
        "title": "MSFSS: A Storage System for Mass Small Files",
        "year": "2007",
        "authors": "Lihua Yu,Gang Chen,Wei Wang,Jinxiang Dong",
        "venue": "CSCWD",
        "id": "122710",
        "label": "5",
        "organization": "Zhejiang Univ. Hangzhou, Hangzhou"
    },
    {
        "title": "A Caching System for XML Queries Using Frequent Query Patterns",
        "year": "2007",
        "authors": "Yijun Bei,Gang Chen,Tianlei Hu,Jinxiang Dong",
        "venue": "CSCWD",
        "id": "122735",
        "label": "5",
        "organization": "Zhejiang Univ., Hangzhou"
    },
    {
        "title": "Accelerating Parent-Child Path Matching in XML",
        "year": "2007",
        "authors": "Feng Shao,Gang Chen,Lihua Yu,Yijun Bei,Jinxiang Dong",
        "venue": "CSCWD",
        "id": "122934",
        "label": "5",
        "organization": "Zhejiang Univ., Hangzhou"
    },
    {
        "title": "Prototyping system of codec for novel 2-D continuous barcode",
        "year": "2008",
        "authors": "Songwen Pei,Guobo Li,Gang Chen,Baifeng Wu",
        "venue": "CSCWD",
        "id": "122961",
        "label": "12",
        "organization": "Dept. of Comput. & Inf. Technol., Fudan Univ., Shanghai"
    },
    {
        "title": "A test pattern ordering algorithm for diagnosis with truncated fail data",
        "year": "2006",
        "authors": "Gang Chen,Sudhakar M. Reddy,Irith Pomeranz,Janusz Rajski",
        "venue": "DAC",
        "id": "131742",
        "label": "10",
        "organization": "Mentor Graphics Corp., Wilsonville, OR"
    },
    {
        "title": "An Image-Semantic Ontological Framework for Large Image Databases",
        "year": "2007",
        "authors": "Xiaoyan Li,Lidan Shou,Gang Chen,Kian-Lee Tan",
        "venue": "DASFAA",
        "id": "141056",
        "label": "5",
        "organization": "null"
    },
    {
        "title": "MIME: A Dynamic Index Scheme for Multi-dimensional Query in Mobile P2P Networks",
        "year": "2007",
        "authors": "Ping Wang,Lidan Shou,Gang Chen,Jinxiang Dong",
        "venue": "DASFAA",
        "id": "141132",
        "label": "5",
        "organization": "null"
    },
    {
        "title": "Mining Frequent Patterns in an Arbitrary Sliding Window over Data Streams",
        "year": "2008",
        "authors": "Guohui Li,Hui Chen,Bing Yang,Gang Chen",
        "venue": "DASFAA",
        "id": "141186",
        "label": "5",
        "organization": "null"
    },
    {
        "title": "Predictive Skyline Queries for Moving Objects",
        "year": "2009",
        "authors": "Nan Chen,Lidan Shou,Gang Chen,Yunjun Gao,Jinxiang Dong",
        "venue": "DASFAA",
        "id": "141245",
        "label": "5",
        "organization": "College of Computer Science, Zhejiang University, China"
    },
    {
        "title": "Defect Aware Test Patterns",
        "year": "2005",
        "authors": "Huaxing Tang,Gang Chen,Sudhakar M. Reddy,Chen Wang,Janusz Rajski,Irith Pomeranz",
        "venue": "DATE",
        "id": "143127",
        "label": "10",
        "organization": "University of Iowa, Iowa City"
    },
    {
        "title": "Simultaneous logic decomposition with technology mapping in FPGA designs",
        "year": "2001",
        "authors": "Gang Chen,Jason Cong",
        "venue": "FPGA",
        "id": "214294",
        "label": "13",
        "organization": "Computer Science Department, University of California, Los Angeles, CA"
    },
    {
        "title": "Simultaneous timing-driven placement and duplication",
        "year": "2005",
        "authors": "Gang Chen,Jason Cong",
        "venue": "FPGA",
        "id": "214297",
        "label": "13",
        "organization": "Magma Design Automation, Los Angeles, CA"
    },
    {
        "title": "Simultaneous Timing Driven Clustering and Placement for FPGAs",
        "year": "2004",
        "authors": "Gang Chen,Jason Cong",
        "venue": "FPL",
        "id": "215080",
        "label": "13",
        "organization": "null"
    },
    {
        "title": "Robust Adaptive Fuzzy Control for Uncertain Nonlinear Systems",
        "year": "2005",
        "authors": "Gang Chen,Shuqing Wang,Jianming Zhang",
        "venue": "FSKD (1)",
        "id": "217523",
        "label": "5",
        "organization": "null"
    },
    {
        "title": "Robust and Adaptive Backstepping Control for Nonlinear Systems Using Fuzzy Logic Systems",
        "year": "2005",
        "authors": "Gang Chen,Shuqing Wang,Jianming Zhang",
        "venue": "FSKD (2)",
        "id": "217525",
        "label": "5",
        "organization": "null"
    },
    {
        "title": "A Fuzzy Contrast Model to Measure Semantic Similarity Between OWL DL Concepts",
        "year": "2006",
        "authors": "Ming Qiu,Gang Chen,Jinxiang Dong",
        "venue": "FSKD",
        "id": "217858",
        "label": "5",
        "organization": "null"
    },
    {
        "title": "A Fuzzy Metric for Image Quality Assessment",
        "year": "2001",
        "authors": "Zheru Chi,Gang Chen,Junli Li",
        "venue": "FUZZ-IEEE",
        "id": "221335",
        "label": "18",
        "organization": "Inst. of Sci., Zhejiang Univ., Hangzhou, China"
    },
    {
        "title": "UGE4B: An Universal Grid Environment for Bioinformatics Research",
        "year": "2006",
        "authors": "Gang Chen,Yongwei Wu,Weimin Zheng",
        "venue": "GCC Workshops",
        "id": "224407",
        "label": "5",
        "organization": "Dept. of Comput. Sci. & Technol., Tsinghua Univ., Beijing"
    },
    {
        "title": "Adapting to Application Workflow in Processing Data Integration Queries",
        "year": "2007",
        "authors": "Yongwei Wu,Jia Liu,Gang Chen,Guangwen Yang,Bo Cao,Weimin Zheng",
        "venue": "GCC",
        "id": "224475",
        "label": "5",
        "organization": "Tsinghua University Beijing 100084, China"
    },
    {
        "title": "A picosecond TDC architecture for multiphase PLLs",
        "year": "2009",
        "authors": "Yifei Luo,Gang Chen,Kuan Zhou",
        "venue": "ACM Great Lakes Symposium on VLSI",
        "id": "234641",
        "label": "20",
        "organization": "University of New Hampshire, Durham, NH, USA"
    },
    {
        "title": "Matrix Based Subdivision Depth Computation for Extra-Ordinary Catmull-Clark Subdivision Surface Patches",
        "year": "2006",
        "authors": "Gang Chen,Fuhua (Frank) Cheng",
        "venue": "GMP",
        "id": "235159",
        "label": "3",
        "organization": "null"
    },
    {
        "title": "Torsional Pile Subjected to Transient Loading in Viscoelastic Poroelastic Medium",
        "year": "2007",
        "authors": "Yuanqiang Cai,Gang Chen,Feiyu Liu",
        "venue": "International Conference on Computational Science (3)",
        "id": "280926",
        "label": "26",
        "organization": "College of Civil Engineering and Architecture, Zhejiang university, Hangzhou 310027, China"
    },
    {
        "title": "Accelerating XML Structural Matching Using Suffix Bitmaps",
        "year": "2007",
        "authors": "Feng Shao,Gang Chen,Jinxiang Dong",
        "venue": "International Conference on Computational Science (1)",
        "id": "281178",
        "label": "5",
        "organization": "Dept. of Computer Science, Zhejiang University, Hangzhou, P.R. China"
    },
    {
        "title": "Improving XML Querying with Maximal Frequent Query Patterns",
        "year": "2007",
        "authors": "Yijun Bei,Gang Chen,Jinxiang Dong",
        "venue": "International Conference on Computational Science (1)",
        "id": "281179",
        "label": "5",
        "organization": "College of Computer Science, Zhejiang University, Hangzhou, 310027, P.R. China"
    },
    {
        "title": "Procedures for Identifying Untestable and Redundant Transition Faults in Synchronous Sequential Circuits",
        "year": "2003",
        "authors": "Gang Chen,Sudhakar M. Reddy,Irith Pomeranz",
        "venue": "ICCD",
        "id": "285873",
        "label": "10",
        "organization": "Dept. of ECE, Iowa Univ., Iowa City, IA, USA"
    },
    {
        "title": "Efficient Processing of Warping Time Series Join of Motion Capture Data",
        "year": "2009",
        "authors": "Yueguo Chen,Gang Chen,Ke Chen,Beng Chin Ooi",
        "venue": "ICDE",
        "id": "302250",
        "label": "5",
        "organization": "Sch. of Comput., Nat. Univ. of Singapore, Singapore"
    },
    {
        "title": "Collaborative Filtering Using Orthogonal Nonnegative Matrix Tri-factorization",
        "year": "2007",
        "authors": "Gang Chen,Fei Wang,Changshui Zhang",
        "venue": "ICDM Workshops",
        "id": "303566",
        "label": "5",
        "organization": "null"
    },
    {
        "title": "A Research on Chaos Forecast with the Capital Market Structure Model",
        "year": "2004",
        "authors": "Zhensheng Jiang,Xingchen Zheng,Gang Chen",
        "venue": "ICEB",
        "id": "304279",
        "label": "29",
        "organization": "null"
    },
    {
        "title": "Image Recovery from Broken Image Streams",
        "year": "2007",
        "authors": "Xiaoyu Zhao,Chi Xu,Zheru Chi,Hong Yan,David Dagan Feng,Gang Chen",
        "venue": "ICIP (3)",
        "id": "324867",
        "label": "18",
        "organization": "Hong Kong Polytech. Univ., Kowloon"
    },
    {
        "title": "Improving image clustering: An unsupervised feature weight learning framework",
        "year": "2008",
        "authors": "Xinxin Bai,Gang Chen,Zhonglin Lin,Wen Jun Yin,Jin Dong",
        "venue": "ICIP",
        "id": "325749",
        "label": "5",
        "organization": "IBM China Res. Lab., Beijing"
    },
    {
        "title": "Adaptive Neural Network Control for Multi-fingered Robot Hand Manipulation in the Constrained Environment",
        "year": "2005",
        "authors": "Gang Chen,Shuqing Wang,Jianming Zhang",
        "venue": "ICNC (2)",
        "id": "337550",
        "label": "5",
        "organization": "null"
    },
    {
        "title": "A New ART Neural Networks for Remote Sensing Image Classification",
        "year": "2005",
        "authors": "AnFei Liu,Bi-Cheng Li,Gang Chen,Xianfei Zhang",
        "venue": "ICNC (2)",
        "id": "337766",
        "label": "32",
        "organization": "null"
    },
    {
        "title": "Coordinating Multi-Agents using JavaSpaces",
        "year": "2002",
        "authors": "Gang Chen,Zhonghua Yang,Hao He,Kiah Mok Goh",
        "venue": "ICPADS",
        "id": "340898",
        "label": "1",
        "organization": "Sch. of Electr. & Electron. Eng., Nanyang Technol. Univ., Singapore"
    },
    {
        "title": "Reorganizing global schedules for register allocation",
        "year": "1999",
        "authors": "Gang Chen,Michael D. Smith",
        "venue": "International Conference on Supercomputing",
        "id": "359960",
        "label": "39",
        "organization": "GTE Laboratories, Inc., Waltham, MA"
    },
    {
        "title": "Using VRML and JAVA to Build Virtual Game-Based Learning Environment for Addition and Subtraction Operation",
        "year": "2006",
        "authors": "Ruwei Yun,Gang Chen,Yi Li",
        "venue": "ICWL",
        "id": "369795",
        "label": "38",
        "organization": "null"
    },
    {
        "title": "Nonuniform B-Spline Mesh Fairing Method",
        "year": "1991",
        "authors": "Rong Huanzong,Gang Chen,Weirong Zhang",
        "venue": "Computer Applications in the Automation of Shipyard Operation and Ship Design",
        "id": "381890",
        "label": "37",
        "organization": "null"
    },
    {
        "title": "A dual-field elliptic curve cryptographic processor based on a systolic arithmetic unit",
        "year": "2008",
        "authors": "Gang Chen,Guoqiang Bai,Hongyi Chen",
        "venue": "ISCAS",
        "id": "431781",
        "label": "36",
        "organization": "Inst. of Microelectron., Tsinghua Univ., Beijing"
    },
    {
        "title": "Remote Sensing Image Classification Based on Evidence Theory and Neural Networks",
        "year": "2004",
        "authors": "Gang Chen,Bi-Cheng Li,Zhi-Gang Guo",
        "venue": "ISNN (1)",
        "id": "441931",
        "label": "32",
        "organization": "null"
    },
    {
        "title": "Inelastic Simulation of Insect Cuticle Using Artificial Neural Network",
        "year": "2005",
        "authors": "Bin Chen,Gang Chen,Hongtao Liu,Xianghe Peng,Jinghong Fan",
        "venue": "ISNN (3)",
        "id": "442039",
        "label": "5",
        "organization": "null"
    },
    {
        "title": "A Gradient BYY Harmony Learning Algorithm for Straight Line Detection",
        "year": "2008",
        "authors": "Gang Chen,Lei Li,Jinwen Ma",
        "venue": "ISNN (1)",
        "id": "443730",
        "label": "41",
        "organization": "Department of Information Science, School of Mathematical Sciences and LAMA, Peking University, Beijing, China 100871"
    },
    {
        "title": "On Building and Updating Distributed LSI for P2P Systems",
        "year": "2005",
        "authors": "Sanfeng Zhang,Guoxin Wu,Gang Chen,Libo Xu",
        "venue": "ISPA Workshops",
        "id": "445388",
        "label": "40",
        "organization": "null"
    },
    {
        "title": "Subtyping Calculus of Construction (Extended Abstract)",
        "year": "1997",
        "authors": "Gang Chen",
        "venue": "MFCS",
        "id": "493335",
        "label": "44",
        "organization": "null"
    },
    {
        "title": "A Novel Liver Perfusion Analysis Based on Active Contours and Chamfer Matching",
        "year": "2006",
        "authors": "Gang Chen,Lixu Gu",
        "venue": "MIAR",
        "id": "495755",
        "label": "0",
        "organization": "null"
    },
    {
        "title": "GPMB - software pipelining branch-intensive loops",
        "year": "1993",
        "authors": "Zhizhong Tang,Gang Chen,Chihong Zhang,Yingwei Zhang,Bogong Su,Stanley Habib",
        "venue": "MICRO",
        "id": "499510",
        "label": "5",
        "organization": "Dept. of Comput. Sci., Tsinghua Univ., Beijing"
    },
    {
        "title": "Portrait video phone",
        "year": "2001",
        "authors": "Jiang Li,Gang Chen,Keman Yu,Heung-Yeung Shum,Jizheng Xu,Yong Wang,Hanning Zhou,King To Ng,Kaibo Wang,Lijie Wang",
        "venue": "ACM Multimedia",
        "id": "502535",
        "label": "42",
        "organization": "null"
    },
    {
        "title": "Portrait video phone",
        "year": "2001",
        "authors": "Jiang Li,Keman Yu,Gang Chen,Yong Wang,Hanning Zhou,Jizheng Xu,King To Ng,Kaibo Wang,Lijie Wang,Heung-Yeung Shum",
        "venue": "ACM Multimedia",
        "id": "502566",
        "label": "42",
        "organization": "null"
    },
    {
        "title": "Classifying Motion Time Series Using Neural Networks",
        "year": "2006",
        "authors": "Lidan Shou,Ge Gao,Gang Chen,Jinxiang Dong",
        "venue": "PCM",
        "id": "531934",
        "label": "5",
        "organization": "null"
    },
    {
        "title": "Agent-Mediated Genetic Super-Scheduling in Grid Environments",
        "year": "2004",
        "authors": "Gang Chen,Zhonghua Yang,Simon See,Jie Song",
        "venue": "PDCAT",
        "id": "532506",
        "label": "1",
        "organization": "null"
    },
    {
        "title": "Coercive subtyping for the calculus of constructions",
        "year": "2003",
        "authors": "Gang Chen",
        "venue": "POPL",
        "id": "546083",
        "label": "44",
        "organization": "Boston University, Boston, MA"
    },
    {
        "title": "Guarded recursive datatype constructors",
        "year": "2003",
        "authors": "Hongwei Xi,Chiyan Chen,Gang Chen",
        "venue": "POPL",
        "id": "546851",
        "label": "44",
        "organization": "Boston University"
    },
    {
        "title": "Full integration of subtyping and if-expression",
        "year": "2002",
        "authors": "Gang Chen",
        "venue": "PPDP",
        "id": "548090",
        "label": "44",
        "organization": "Boston University, Boston, MA"
    },
    {
        "title": "Music retrieval based on a multi-samples selection strategy for support vector machine active learning",
        "year": "2009",
        "authors": "Tian-Jiang Wang,Gang Chen,Perfecto Herrera",
        "venue": "SAC",
        "id": "569826",
        "label": "5",
        "organization": "Huazhong University of Science and Technology, Wuhan, China"
    },
    {
        "title": "Semi-supervised Multi-label Learning by Solving a Sylvester Equation",
        "year": "2008",
        "authors": "Gang Chen,Yangqiu Song,Fei Wang,Changshui Zhang",
        "venue": "SDM",
        "id": "579341",
        "label": "5",
        "organization": "null"
    },
    {
        "title": "OBSI: Object Based Storage System for Massive Image Databases",
        "year": "2007",
        "authors": "Lihua Yu,Gang Chen,Yijun Bei,Feng Shao,Jinxiang Dong",
        "venue": "SNPD (1)",
        "id": "609164",
        "label": "5",
        "organization": "Zhejiang University, China"
    },
    {
        "title": "XML Query Recommendation Based On Association Rules",
        "year": "2007",
        "authors": "Yijun Bei,Gang Chen,Lihua Yu,Feng Shao,Jinxiang Dong",
        "venue": "SNPD (3)",
        "id": "609516",
        "label": "5",
        "organization": "Zhejiang University, China"
    },
    {
        "title": "Bitmap Filtering: An Efficient Speedup Method for XML Structural Matching",
        "year": "2007",
        "authors": "Feng Shao,Gang Chen,Lihua Yu,Yijun Bei,Jinxiang Dong",
        "venue": "SNPD (3)",
        "id": "609608",
        "label": "5",
        "organization": "Zhejiang University, China"
    },
    {
        "title": "HISA: A Query System Bridging The Semantic Gap For Large Image Databases",
        "year": "2006",
        "authors": "Gang Chen,Xiaoyan Li,Lidan Shou,Jinxiang Dong,Chun Chen",
        "venue": "VLDB",
        "id": "642368",
        "label": "5",
        "organization": "null"
    },
    {
        "title": "New Procedures to Identify Redundant Stuck-At Faults and Removal of Redundant Logic",
        "year": "2006",
        "authors": "Gang Chen,Sudhakar M. Reddy,Irith Pomeranz,Janusz Rajski",
        "venue": "VLSI Design",
        "id": "644974",
        "label": "10",
        "organization": "University of Iowa"
    },
    {
        "title": "An Immunity-Based Intrusion Detection Solution for Database Systems",
        "year": "2005",
        "authors": "Ke Chen,Gang Chen,Jinxiang Dong",
        "venue": "WAIM",
        "id": "651887",
        "label": "5",
        "organization": "null"
    },
    {
        "title": "Watermarking Abstract Tree-Structured Data",
        "year": "2005",
        "authors": "Gang Chen,Ke Chen,Tianlei Hu,Jinxiang Dong",
        "venue": "WAIM",
        "id": "651889",
        "label": "5",
        "organization": "null"
    },
    {
        "title": "GARWM: Towards a Generalized and Adaptive Watermark Scheme for Relational Data",
        "year": "2005",
        "authors": "Tianlei Hu,Gang Chen,Ke Chen,Jinxiang Dong",
        "venue": "WAIM",
        "id": "651890",
        "label": "5",
        "organization": "null"
    },
    {
        "title": "Self-adaptive Statistics Management for Efficient Query Processing",
        "year": "2005",
        "authors": "Xiaojing Li,Gang Chen,Jinxiang Dong,Yuan Wang",
        "venue": "WAIM",
        "id": "651959",
        "label": "5",
        "organization": "null"
    },
    {
        "title": "Classifying E-Mails Via Support Vector Machine",
        "year": "2006",
        "authors": "Lidan Shou,Bin Cui,Gang Chen,Jinxiang Dong",
        "venue": "WAIM",
        "id": "652022",
        "label": "5",
        "organization": "null"
    },
    {
        "title": "MPX: A Multiversion Concurrency Control Protocol for XML Documents",
        "year": "2005",
        "authors": "Yuan Wang,Gang Chen,Jinxiang Dong",
        "venue": "WAIM",
        "id": "652076",
        "label": "5",
        "organization": "null"
    },
    {
        "title": "BUXMiner: An Efficient Bottom-Up Approach to Mining XML Query Patterns",
        "year": "2007",
        "authors": "Yijun Bei,Gang Chen,Jinxiang Dong",
        "venue": "APWeb/WAIM",
        "id": "652191",
        "label": "5",
        "organization": "null"
    },
    {
        "title": "A State-Transfer-Based Dynamic Policy Approach for Constraints in RBAC",
        "year": "2005",
        "authors": "Cheng Zang,Zhongdong Huang,Gang Chen,Jinxiang Dong",
        "venue": "WAIM",
        "id": "652198",
        "label": "5",
        "organization": "null"
    },
    {
        "title": "Mining Infrequently-Accessed File Correlations in Distributed File System",
        "year": "2007",
        "authors": "Lihua Yu,Gang Chen,Jinxiang Dong",
        "venue": "APWeb/WAIM",
        "id": "652334",
        "label": "5",
        "organization": "null"
    },
    {
        "title": "Ant Colony Inspired Self-Healing for Resource Allocation in Service-Oriented Environment Considering Resource Breakdown",
        "year": "2008",
        "authors": "Rong Zhou,Ren Wei,Gang Chen,Zhonghua Yang,Haifeng Shen,Jingbing Zhang,Ming Luo",
        "venue": "Web Intelligence",
        "id": "655550",
        "label": "1",
        "organization": "Sch. of Electr. & Electron. Eng., Nanyang Technol. Univ., Singapore"
    },
    {
        "title": "Dynamic Self-Healing for Service Flows with Semantic Web Services",
        "year": "2008",
        "authors": "Wei Ren,Gang Chen,Haifeng Shen,Zhonghua Yang,Jing-Bing Zhang,Chor Ping Low,David Chen,Chengzheng Sun",
        "venue": "Web Intelligence",
        "id": "655638",
        "label": "1",
        "organization": "Sch. of Electr. & Electron. Eng., Nanyang Technol. Univ., Singapore"
    },
    {
        "title": "A Latent Image Semantic Indexing Scheme for Image Retrieval on the Web",
        "year": "2006",
        "authors": "Xiaoyan Li,Lidan Shou,Gang Chen,Lujiang Ou",
        "venue": "WISE",
        "id": "663701",
        "label": "5",
        "organization": "null"
    },
    {
        "title": "The Design and Realization of E-Journals' Categorizing and Navigating System",
        "year": "2001",
        "authors": "Shao Zhengrong,Gang Chen",
        "venue": "WISE (2)",
        "id": "664039",
        "label": "8",
        "organization": "null"
    },
    {
        "title": "Pivotbrowser: a tag-space image searching prototype",
        "year": "2008",
        "authors": "Xiaoyan Li,Lidan Shou,Gang Chen,Xiaolong Zhang,Tianlei Hu,Jinxiang Dong",
        "venue": "WWW",
        "id": "675342",
        "label": "5",
        "organization": "Zhejiang University, Hangzhou, China"
    },
    {
        "title": "A Fast Document Classification Algorithm Based on Improved KNN",
        "year": "2006",
        "authors": "Ge Guo,Xijian Ping,Gang Chen",
        "venue": "ICICIC (3)",
        "id": "679535",
        "label": "11",
        "organization": "Dept. of Inf. Sci., Zhengzhou Inf. Sci. & Technol. Inst."
    },
    {
        "title": "OSNET - A Language for Domain Modeling",
        "year": "1998",
        "authors": "Ruqian Lu,Zhi Jin,Lin Liu,Guochuang Fan,Gang Chen,Xiaojin Xun,Sheng Wang",
        "venue": "TOOLS (27)",
        "id": "684196",
        "label": "5",
        "organization": "Inst. of Math., Acad. Sinica, Beijing"
    },
    {
        "title": "Research on Service Management Data Modeling Based on SID",
        "year": "2007",
        "authors": "Gang Chen,Baofei Yang,Wenan Zhou,Junde Song",
        "venue": "VTC Fall",
        "id": "687835",
        "label": "17",
        "organization": "Beijing Univ. of Posts & Telecommun., Beijing"
    },
    {
        "title": "Extremal search of decision policies for scalable distributed applications",
        "year": "2007",
        "authors": "Gang Chen,Chor Ping Low,Zhonghua Yang",
        "venue": "Infoscale",
        "id": "708969",
        "label": "1",
        "organization": "Nanyang Technological University, Singapore"
    },
    {
        "title": "Modeling and Simulation of Continuous Time-Invariant Systems in Simulation Based Learning Environments",
        "year": "2008",
        "authors": "Gang Chen,Yi Li,Jinyang Shi",
        "venue": "ICHL",
        "id": "719845",
        "label": "38",
        "organization": "Educational Technology Department, School of Journalism and Communication, Yangzhou University, Yangzhou, China 225002"
    },
    {
        "title": "An Architecture for Automated Driving in Urban Environments",
        "year": "2007",
        "authors": "Gang Chen,Thierry Fraichard",
        "venue": "FSR",
        "id": "721789",
        "label": "14",
        "organization": "null"
    },
    {
        "title": "Fine-Grained Progressive Algorithm Based on HMJ",
        "year": "2008",
        "authors": "Gang Chen,Guohui Li,Bing Yang,Xianghong Tang,Hui Chen",
        "venue": "CSSE (4)",
        "id": "729495",
        "label": "5",
        "organization": "Sch. of Comput. Sci. & Technol., Huazhong Univ. of Sci. & Technol."
    },
    {
        "title": "A Design of Data Rebuilding for Decision Support in E-Government System",
        "year": "2008",
        "authors": "Gang Chen",
        "venue": "ICYCS",
        "id": "730278",
        "label": "16",
        "organization": "Coll. of Math. & Comput. Sci., Jianghan Univ., Wuhan"
    },
    {
        "title": "A Fast Center of Mass Estimation Algorithm for Coordinates of IR Markers",
        "year": "2008",
        "authors": "Lingfei Zhang,Gang Chen,Dong Ye,Rensheng Che",
        "venue": "ICYCS",
        "id": "730423",
        "label": "15",
        "organization": "Dept. of Autom. Meas. & Control, Harbin Inst. of Technol., Harbin"
    },
    {
        "title": "Self-organized manufacturing resource management: An ant-colony inspired approach",
        "year": "2008",
        "authors": "Rong Zhou,Gang Chen,Zhonghua Yang,Ming Luo,Jing-Bing Zhang,C. H. Tan",
        "venue": "ICARCV",
        "id": "733161",
        "label": "1",
        "organization": "Sch. of Electr. & Electron. Eng., Nanyang Technol. Univ., Singapore"
    },
    {
        "title": "Semantic enhanced rule driven workflow execution in Collaborative Virtual Enterprise",
        "year": "2008",
        "authors": "Wei Ren,Gang Chen,Zhonghua Yang,Junhong Zhou,Jing-Bing Zhang,Chor Ping Low,David Chen,Chengzheng Sun",
        "venue": "ICARCV",
        "id": "733290",
        "label": "1",
        "organization": "Sch. of Electr. & Electron. Eng., Nanyang Technol. Univ., Singapore"
    },
    {
        "title": "An improved dead reckoning method for mobile robot with redundant odometry information",
        "year": "2002",
        "authors": "De Xu,Min Tan,Gang Chen",
        "venue": "ICARCV",
        "id": "733419",
        "label": "1",
        "organization": "Inst. of autom., Chinese Acad. of Sci., Beijing, China"
    },
    {
        "title": "Coordinating Multiple Agents via Reinforcement Learning",
        "year": "2005",
        "authors": "Gang Chen,Zhonghua Yang,Hao He,Kiah Mok Goh",
        "venue": "Autonomous Agents and Multi-Agent Systems",
        "id": "738608",
        "label": "1",
        "organization": "Information Communication Institute of Singapore, School of Electrical and Electronic Engineering, Nanyang Technological University, Singapore 639798"
    },
    {
        "title": "Nanophotonics - quantum dots, photonic crystals, and optical silicon circuits: An excursion into the optical behavior of very small things",
        "year": "2005",
        "authors": "Mihaela Dinu,Ronen Rapaport,Gang Chen,Howard R. Stuart,Randy Giles",
        "venue": "Bell Labs Technical Journal",
        "id": "762074",
        "label": "23",
        "organization": "null"
    },
    {
        "title": "Comparative genomics and function analysis on BI1 family",
        "year": "2008",
        "authors": "Jinhua Zhou,Tao Zhu,Chunxia Hu,Hongyu Li,Gang Chen,Gang Xu,Shixuan Wang,Jianfeng Zhou,Ding Ma",
        "venue": "Computational Biology and Chemistry",
        "id": "782969",
        "label": "5",
        "organization": "Cancer Biology Research Center, Tongji Hospital, Tongji Medical College, Huazhong University of Science and Technology, 1095 Jiefang Ave., Wuhan, Hubei, 430030, PR China"
    },
    {
        "title": "Graphic sequences with a realization containing a generalized friendship graph",
        "year": "2008",
        "authors": "Jian-Hua Yin,Gang Chen,John R. Schmitt",
        "venue": "Discrete Mathematics",
        "id": "855346",
        "label": "19",
        "organization": "null"
    },
    {
        "title": "Transfer, processing and distribution of cosmic ray data from Tibet",
        "year": "2006",
        "authors": "Kai Nan,Yongzheng Ma,Hongmei Zhang,Gang Chen",
        "venue": "Future Generation Comp. Syst.",
        "id": "876967",
        "label": "22",
        "organization": "Institute of High Energy Physics, Chinese Academy of Sciences, China"
    },
    {
        "title": "Dependent Types with Subtyping and Late-Bound Overloading",
        "year": "2001",
        "authors": "Giuseppe Castagna,Gang Chen",
        "venue": "Inf. Comput.",
        "id": "887416",
        "label": "34",
        "organization": "null"
    },
    {
        "title": "Maintaining System State Information in a Multiagent Environment for Effective Learning",
        "year": "2005",
        "authors": "Gang Chen,Zhonghua Yang,Hao He,Kiah Mok Goh",
        "venue": "IEICE Transactions",
        "id": "895084",
        "label": "1",
        "organization": "null"
    },
    {
        "title": "An Effective Method for Chinese Grammar Rule Learning",
        "year": "2001",
        "authors": "Chunfa Yuan,Gang Chen,Kam-Fai Wong,Wenjie Li",
        "venue": "Int. J. Comput. Proc. Oriental Lang.",
        "id": "907308",
        "label": "31",
        "organization": "null"
    },
    {
        "title": "Bottom-up discovery of frequent rooted unordered subtrees",
        "year": "2009",
        "authors": "Yijun Bei,Gang Chen,Lidan Shou,Xiaoyan Li,Jinxiang Dong",
        "venue": "Inf. Sci.",
        "id": "943199",
        "label": "5",
        "organization": "College of Computer Science, Zhejiang University, Yuquan Campus, Hangzhou 310027, China"
    },
    {
        "title": "A New Rapid and Effective Chemistry Space Filter in Recognizing a Druglike Database",
        "year": "2005",
        "authors": "Suxin Zheng,Xiaomin Luo,Gang Chen,Weiliang Zhu,Jianhua Shen,Kaixian Chen,Hualiang Jiang",
        "venue": "Journal of Chemical Information and Modeling",
        "id": "969139",
        "label": "30",
        "organization": "null"
    },
    {
        "title": "Soundness of Coercion in the Calculus of Constructions",
        "year": "2004",
        "authors": "Gang Chen",
        "venue": "J. Log. Comput.",
        "id": "1007219",
        "label": "44",
        "organization": "Computer Science Department, Boston University, Boston, MA 02215, USA. E-mail: gangchen5@aol.com"
    },
    {
        "title": "A New Systolic Architecture for Modular Division",
        "year": "2007",
        "authors": "Gang Chen,Guoqiang Bai,Hongyi Chen",
        "venue": "IEEE Trans. Computers",
        "id": "1082920",
        "label": "36",
        "organization": "Inst. of Microelectron., Tsinghua Univ., Beijing"
    },
    {
        "title": "Image coding quality assessment using fuzzy integrals with a three-component image model",
        "year": "2004",
        "authors": "Junli Li,Gang Chen,Zheru Chi,Chenggang Lu",
        "venue": "IEEE T. Fuzzy Systems",
        "id": "1099717",
        "label": "18",
        "organization": "Dept. of Electron. & Inf. Eng., Hong Kong Polytech. Univ., China"
    },
    {
        "title": "A fuzzy image metric with application to fractal coding",
        "year": "2002",
        "authors": "Junli Li,Gang Chen,Zheru Chi",
        "venue": "IEEE Transactions on Image Processing",
        "id": "1101283",
        "label": "18",
        "organization": "Dept. of Electron. & Inf. Eng., Hong Kong Polytech. Univ., Kowloon"
    },
    {
        "title": "Modeling Image Data for Effective Indexing and Retrieval in Large General Image Databases",
        "year": "2008",
        "authors": "Xiaoyan Li,Lidan Shou,Gang Chen,Tianlei Hu,Jinxiang Dong",
        "venue": "IEEE Trans. Knowl. Data Eng.",
        "id": "1114092",
        "label": "5",
        "organization": "Zhejiang University, Hangzhou"
    },
    {
        "title": "Simultaneous placement with clustering and duplication",
        "year": "2006",
        "authors": "Gang Chen,Jason Cong",
        "venue": "ACM Trans. Design Autom. Electr. Syst.",
        "id": "1117991",
        "label": "13",
        "organization": "Magma Design Automation, Santa Clara, CA"
    },
    {
        "title": "A note on 'a mapping algorithm for computer-assisted exploration in the design of embedded systems",
        "year": "2007",
        "authors": "Gang Chen,Xiaoyu Song,Feng Liu,QingPing Tan,Fei He",
        "venue": "ACM Trans. Design Autom. Electr. Syst.",
        "id": "1118051",
        "label": "5",
        "organization": "null"
    },
    {
        "title": "Coordinated Services Provision in Peer-to-Peer Environments",
        "year": "2008",
        "authors": "Gang Chen,Chor Ping Low,Zhonghua Yang",
        "venue": "IEEE Trans. Parallel Distrib. Syst.",
        "id": "1126353",
        "label": "1",
        "organization": "Nanyang Technol. Univ., Singapore"
    },
    {
        "title": "Enhancing Search Performance in Unstructured P2P Networks Based on Users' Common Interest",
        "year": "2008",
        "authors": "Gang Chen,Chor Ping Low,Zhonghua Yang",
        "venue": "IEEE Trans. Parallel Distrib. Syst.",
        "id": "1126371",
        "label": "1",
        "organization": "Nanyang Technological University, Singapore"
    },
    {
        "title": "Heuristic Discovery of Role-Based Trust Chains in Peer-to-Peer Networks",
        "year": "2009",
        "authors": "Ke Chen,Kai Hwang,Gang Chen",
        "venue": "IEEE Trans. Parallel Distrib. Syst.",
        "id": "1126452",
        "label": "5",
        "organization": "Zhejiang University, Hangzhou"
    },
    {
        "title": "Design Wizards and Visual Programming Environments for GenVoca Generators",
        "year": "2000",
        "authors": "Don S. Batory,Gang Chen,Eric Robertson,Tao Wang",
        "venue": "IEEE Trans. Software Eng.",
        "id": "1127462",
        "label": "35",
        "organization": "Dept. of Comput. Sci., Texas Univ., Austin, TX"
    },
    {
        "title": "Nonequilibrium electron and phonon transport and energy conversion in heterostructures",
        "year": "2003",
        "authors": "Taofang Zeng,Gang Chen",
        "venue": "Microelectronics Journal",
        "id": "1155501",
        "label": "46",
        "organization": "null"
    },
    {
        "title": "An Audio Feature Extraction Method Taking Class Information into Account",
        "year": "2006",
        "authors": "Gang Chen,Zimeng Chen",
        "venue": "Journal of Computer Research and Development",
        "id": "1163201",
        "label": "45",
        "organization": "null"
    },
    {
        "title": "Lempel-Ziv Factorization Using Less Time  Space",
        "year": "2008",
        "authors": "Gang Chen,Simon J. Puglisi,William F. Smyth",
        "venue": "Mathematics in Computer Science",
        "id": "1180729",
        "label": "4",
        "organization": "null"
    },
    {
        "title": "Coordinating Agents in Shop Floor Environments From a Dynamic Systems Perspective",
        "year": "2006",
        "authors": "Gang Chen,Zhonghua Yang,Chor Ping Low",
        "venue": "IEEE Trans. Industrial Informatics",
        "id": "1187412",
        "label": "1",
        "organization": "Sch. of Electr. & Electron. Eng., Nanyang Technol. Univ., Singapore"
    },
    {
        "title": "Petri-net-based Context-related Access Control in Workflow Environment",
        "year": "2002",
        "authors": "Xin Dong,Gang Chen,Jianwei Yin,Jinxiang Dong",
        "venue": "CSCWD",
        "id": "1206663",
        "label": "5",
        "organization": "State Key Lab, Zhejiang Univ., China"
    },
    {
        "title": "Research on an Event Specification for Event-Based Collaboration Support Software Architecture",
        "year": "2002",
        "authors": "Ping-Peng Yuan,Gang Chen,Jinxiang Dong,Weili Han",
        "venue": "CSCWD",
        "id": "1206668",
        "label": "5",
        "organization": "Dept. of Comput. Sci. & Eng., Zhejiang Univ., China"
    },
    {
        "title": "Modifying the DPClus algorithm for identifying protein complexes based on new topological structures",
        "year": "2008",
        "authors": "Min Li,Jianer Chen,Jianxin Wang,Bin Hu,Gang Chen",
        "venue": "BMC Bioinformatics",
        "id": "1220741",
        "label": "5",
        "organization": "null"
    },
    {
        "title": "Adaptive Indexing of Moving Objects with Highly Variable Update Frequencies",
        "year": "2008",
        "authors": "Nan Chen,Lidan Shou,Gang Chen,Jinxiang Dong",
        "venue": "J. Comput. Sci. Technol.",
        "id": "1225932",
        "label": "5",
        "organization": "null"
    },
    {
        "title": "Global stability of a class of Cohen-Grossberg neural networks with delays",
        "year": "2009",
        "authors": "Zhanshan Wang,Jian Feng,Gang Chen",
        "venue": "IJISTA",
        "id": "1230228",
        "label": "7",
        "organization": "Institute of Science, Shenyang Ligong University, Shenyang, Liaoning 110168, People's Republic of China"
    },
    {
        "title": "A Noise Insensitive Cluster Validity Measure for Pattern Classification",
        "year": "2009",
        "authors": "Gang Chen,Xiaoyong Guo,Tai Hu",
        "venue": "ACIS-ICIS",
        "id": "1236199",
        "label": "6",
        "organization": "Lab. of Simulation of Space Inf., Chinese Acad. of Sci., Beijing, China"
    },
    {
        "title": "Cluster based rank query over multidimensional data streams",
        "year": "2009",
        "authors": "Dengcheng He,Yongluan Zhou,Lidan Shou,Gang Chen",
        "venue": "CIKM",
        "id": "1239313",
        "label": "5",
        "organization": "Zhejiang University, Hangzhou, China"
    },
    {
        "title": "Formalization and Verification of PLC Timers in Coq",
        "year": "2009",
        "authors": "Hai Wan,Gang Chen,Xiaoyu Song,Ming Gu",
        "venue": "COMPSAC (1)",
        "id": "1239952",
        "label": "5",
        "organization": "Key Lab. for ISS of MOE, Tsinghua Univ., Beijing, China"
    },
    {
        "title": "A self-embedded watermarking scheme based on relationship function of corresponding inter-blocks DCT coefficient",
        "year": "2009",
        "authors": "Guobo Li,Songwen Pei,Gang Chen,Wenjun Cao,Baifeng Wu",
        "venue": "CSCWD",
        "id": "1240484",
        "label": "12",
        "organization": "School of Computer Science, Fudan University, Shanghai, China"
    },
    {
        "title": "GPGPU supported cooperative acceleration in molecular dynamics",
        "year": "2009",
        "authors": "Gang Chen,Guobo Li,Songwen Pei,Baifeng Wu",
        "venue": "CSCWD",
        "id": "1240547",
        "label": "12",
        "organization": "School of Computer Science, Fudan University, Shanghai 200433, China"
    },
    {
        "title": "PISA: Federated Search in P2P Networks with Uncooperative Peers",
        "year": "2009",
        "authors": "Zujie Ren,Lidan Shou,Gang Chen,Chun Chen,Yijun Bei",
        "venue": "DEXA",
        "id": "1241650",
        "label": "5",
        "organization": "Zhejiang University, China"
    },
    {
        "title": "On-line Evolutionary Exponential Family Mixture",
        "year": "2009",
        "authors": "Jianwen Zhang,Yangqiu Song,Gang Chen,Changshui Zhang",
        "venue": "IJCAI",
        "id": "1249495",
        "label": "5",
        "organization": "null"
    },
    {
        "title": "Semi-Supervised Regression for Evaluating Convenience Store Location",
        "year": "2009",
        "authors": "Xinxin Bai,Gang Chen,Qiming Tian,Wenjun Yin,Jin Dong",
        "venue": "IJCAI",
        "id": "1249509",
        "label": "5",
        "organization": "null"
    },
    {
        "title": "Assessment of Color Video Quality with Singular Value Decomposition of Complex Matrix",
        "year": "2009",
        "authors": "Fuqiang Zhang,Junli Li,Gang Chen,Jiaju Man",
        "venue": "IAS",
        "id": "1260248",
        "label": "18",
        "organization": "Coll. of Inf. Sci. & Eng., Ningbo Univ., Ningbo, China"
    },
    {
        "title": "Collaborative filtering using orthogonal nonnegative matrix tri-factorization",
        "year": "2009",
        "authors": "Gang Chen,Fei Wang,Changshui Zhang",
        "venue": "Inf. Process. Manage.",
        "id": "1276274",
        "label": "5",
        "organization": "State Key Laboratory of Intelligent Technology and Systems, Tsinghua National Laboratory for Information Science and Technology (TNList), Department of Automation, Tsinghua University, Beijing 100084, China"
    },
    {
        "title": "A 0-1 LP Model for the Integration and Consolidation of Air Cargo Shipments",
        "year": "2009",
        "authors": "Lawrence C. Leung,Yer Van Hui,Yong Wang,Gang Chen",
        "venue": "Synthesis Lectures on Information Concepts, Retrieval, and Services",
        "id": "1289829",
        "label": "42",
        "organization": "null"
    },
    {
        "title": "Change propagation algorithm in a unified feature modeling scheme",
        "year": "2008",
        "authors": "Yongsheng Ma,Gang Chen,Georg Thimm",
        "venue": "Synthesis Lectures on Mathematics & Statistics",
        "id": "1291260",
        "label": "1",
        "organization": "School of MAE, Nanyang Technological University, Singapore 639798, Singapore"
    },
    {
        "title": "N-distinguishing Tests for Enhanced Defect Diagnosis.",
        "year": "2009",
        "authors": "Gang Chen,Janusz Rajski,Sudhakar M. Reddy,Irith Pomeranz",
        "venue": "null",
        "id": "1302939",
        "label": "10",
        "organization": "Mentor Graphics Corp., Wilsonville, OR, USA"
    },
    {
        "title": "An adaptive load balancing framework for parallel database systems based on collaborative agents.",
        "year": "2005",
        "authors": "Tianlei Hu,Gang Chen,Ke Chen,Jinxiang Dong",
        "venue": "null",
        "id": "1304542",
        "label": "5",
        "organization": "Coll. of Comput. Sci. & Technol., Zhejiang Univ., Hangzhou, China"
    },
    {
        "title": "A workflow-based distributed multidisciplinary design optimization framework.",
        "year": "2005",
        "authors": "Dongcai Shi,Jianwei Yin,Gang Chen,Jinxiang Dong",
        "venue": "null",
        "id": "1304551",
        "label": "5",
        "organization": "Dept. of Comput. Sci. & Technol., Zhejiang Univ., Hangzhou, China"
    },
    {
        "title": "DXEC: integrating database, XML and email for collaboration.",
        "year": "2005",
        "authors": "Yuan Wang,Gang Chen,Jinxiang Dong",
        "venue": "null",
        "id": "1304607",
        "label": "5",
        "organization": "Coll. of Comput. Sci., Zhejiang Univ., Hangzhou, China"
    },
    {
        "title": "A logical replication-based intrusion detection approach for CSCW system.",
        "year": "2005",
        "authors": "Ke Chen,Gang Chen,Tianlei Hu,Jinxiang Dong",
        "venue": "null",
        "id": "1304653",
        "label": "5",
        "organization": "Zhejiang Univ., Hangzhou, China"
    },
    {
        "title": "Complicated product oriented collaborative document management system.",
        "year": "2005",
        "authors": "Li Zhu,Jianwei Yin,Gang Chen,Jinxiang Dong",
        "venue": "null",
        "id": "1304704",
        "label": "5",
        "organization": "Dept. of Comput. Sci., Zhejiang Univ., Hangzhou, China"
    },
    {
        "title": "Efficient multi-label classification with hypergraph regularization.",
        "year": "2009",
        "authors": "Gang Chen,Jianwen Zhang,Fei Wang,Changshui Zhang,Yuli Gao",
        "venue": "null",
        "id": "1304826",
        "label": "5",
        "organization": "Dept. of Autom., Tsinghua Univ., Beijing, China"
    },
    {
        "title": "Query Triggered Crawling Strategy: Build a Time Sensitive Vertical Search Engine.",
        "year": "2008",
        "authors": "Yu Wu,Lidan Shou,Tianlei Hu,Gang Chen",
        "venue": "null",
        "id": "1305209",
        "label": "5",
        "organization": "Coll. of Comput. Sci. & Technol., Zhejiang Univ., Hangzhou"
    },
    {
        "title": "Efficient Holistic Twig Join Algorithm on XML Documents with Optimization Rules and Index.",
        "year": "2008",
        "authors": "Jinhua Jiang,Gang Chen,Lidan Shou,Ke Chen",
        "venue": "null",
        "id": "1305253",
        "label": "5",
        "organization": "Colleage of Comput. Sci. & Technol., Zhejiang Univ., Hangzhou"
    },
    {
        "title": "A Comparative Study of Parallel Prefix Adders in FPGA Implementation of EAC.",
        "year": "2009",
        "authors": "Feng Liu,Fariborz Fereydouni-Forouzandeh,Otmane A t Mohamed,Gang Chen,Xiaoyu Song,QingPing Tan",
        "venue": "null",
        "id": "1305701",
        "label": "5",
        "organization": "Nat. Lab. of Parallel Distrib. Process., Hunan, China"
    },
    {
        "title": "SpMT WaveCache: Exploiting Thread-Level Parallelism in WaveScalar.",
        "year": "2009",
        "authors": "Songwen Pei,Baifeng Wu,Min Du,Gang Chen,Leandro A. J. Marzulo,Felipe Maia Galv o Fran a",
        "venue": "null",
        "id": "1317083",
        "label": "12",
        "organization": "Sch. of Comput. Sci., Fudan Univ., Shanghai, China"
    },
    {
        "title": "A Method of Video Quality Assessment Based on the Sensitive Region.",
        "year": "2009",
        "authors": "Junli Li,Guoqing Lu,Gang Chen,Jiaju Man",
        "venue": "null",
        "id": "1317175",
        "label": "18",
        "organization": "Coll. of Inf. Sci. & Eng., Ningbo Univ., Ningbo, China"
    },
    {
        "title": "Tactical Communication Equipment Simulation Training Platform Based on VR.",
        "year": "2009",
        "authors": "Huifang Lv,Sihai Deng,ChunLei Guo,Gang Chen",
        "venue": "null",
        "id": "1317227",
        "label": "9",
        "organization": "Service Commanding Dept., Mil. Econ. Acad., Wuhan, China"
    },
    {
        "title": "Multi-feature Fusion Method of Driver Face Location Based on Area Coincidence Degree and Prior Knowledge.",
        "year": "2009",
        "authors": "Wei Sun,Weigong Zhang,Xiaorui Zhang,Gang Chen,Chengxu Lv",
        "venue": "null",
        "id": "1318391",
        "label": "40",
        "organization": "Dept. of Instrum. Sci. & Eng., Southeast Univ., Nanjing, China"
    },
    {
        "title": "Beyond Banditron: A Conservative and Efficient Reduction for Online Multiclass Prediction with Bandit Setting Model.",
        "year": "2009",
        "authors": "Guangyun Chen,Gang Chen,Jianwen Zhang,Shuo Chen,Changshui Zhang",
        "venue": "null",
        "id": "1319434",
        "label": "5",
        "organization": "Dept. of Autom., Tsinghua Univ., Beijing, China"
    },
    {
        "title": "Assessment of Color Video Quality Based on Quaternion Singular Value Decomposition.",
        "year": "2009",
        "authors": "Fuqiang Zhang,Junli Li,Jiaju Man,Gang Chen",
        "venue": "null",
        "id": "1322819",
        "label": "18",
        "organization": "Coll. of Inf. Sci. & Eng., Ningbo Univ., Ningbo, China"
    },
    {
        "title": "OTJFast: Processing Ordered XML Twig Join Fast.",
        "year": "2008",
        "authors": "Jinhua Jiang,Gang Chen,Lidan Shou,Ke Chen",
        "venue": "null",
        "id": "1327441",
        "label": "5",
        "organization": "Colleage of Comput. Sci. & Technol., Zhejiang Univ., Hangzhou"
    },
    {
        "title": "Network Attack-Defense Simulation Training System Based on HLA.",
        "year": "2009",
        "authors": "Gang Chen,Shang Xiang,GuanQun Ji,YiLong Jia",
        "venue": "null",
        "id": "1328649",
        "label": "9",
        "organization": "Commun. Acad. Wuhan, Wuhan"
    },
    {
        "title": "Scene Simulation Platform Based on Data Fusion of Multiple Format 3D Models.",
        "year": "2009",
        "authors": "Gang Chen,Shang Xiang,GuanQun Ji,Quan Ding",
        "venue": "null",
        "id": "1328684",
        "label": "9",
        "organization": "Commun. Acad. Wuhan, Wuhan"
    },
    {
        "title": "Geometric Analysis of Particle Motion in a Vector Image Field.",
        "year": "2006",
        "authors": "Chenggang Lu,Zheru Chi,Gang Chen,David Dagan Feng",
        "venue": "Journal of Mathematical Imaging and Vision",
        "id": "1339152",
        "label": "18",
        "organization": "Institute of DSP and Software Techniques, Ningbo University, China"
    },
    {
        "title": "Preserving and exploiting genetic diversity in evolutionary programming algorithms",
        "year": "2009",
        "authors": "Gang Chen,Chor Ping Low,Zhonghua Yang",
        "venue": "IEEE Transactions on Evolutionary Computation",
        "id": "1364889",
        "label": "1",
        "organization": "School of Electrical and Electronic Engineering, Nanyang Technological University, Singapore"
    },
    {
        "title": "An improved level set for liver segmentation and perfusion analysis in MRIs",
        "year": "2009",
        "authors": "Gang Chen,Lixu Gu,Lijun Qian,Jianrong Xu",
        "venue": "IEEE Transactions on Information Technology in Biomedicine",
        "id": "1365083",
        "label": "0",
        "organization": "Image Guided Surgery and Therapy Laboratory, Med-X Research Institute and Department of Computer Science, Shanghai Jiao Tong University, Shanghai, China"
    },
    {
        "title": "Study on Fast Fixed-Codebook Search Algorithm in G.729 Speech Coding",
        "year": "2009",
        "authors": "Li Li,Gang Chen",
        "venue": "Proceedings of the 2009 Second International Workshop on Computer Science and Engineering - Volume 01",
        "id": "1365556",
        "label": "28",
        "organization": "null"
    },
    {
        "title": "A Client Peer Adjustment Policy for Peer-to-Peer Media Streaming",
        "year": "2006",
        "authors": "Gang Chen,Guo-xin Wu",
        "venue": "Proceedings of the 2006 International Conference on Hybrid Information Technology - Volume 01",
        "id": "1373240",
        "label": "40",
        "organization": "Southeast University, Nanjing, China"
    },
    {
        "title": "Simulation Training Platform for Large Tactical Communication Equipment Based on VR",
        "year": "2009",
        "authors": "Gang Chen,YiLong Jia,Shang Xiang",
        "venue": "Proceedings of the 2009 International Conference on Computer Engineering and Technology - Volume 02",
        "id": "1389762",
        "label": "9",
        "organization": "null"
    },
    {
        "title": "ANSYS-Based Dynamic Analysis of High-Speed Motorized Spindle",
        "year": "2009",
        "authors": "Weiguang Li,Hongbin Pu,Quanquan Liu,Gang Chen,Song Zhang",
        "venue": "Proceedings of the 2009 International Conference on Computer Engineering and Technology - Volume 02",
        "id": "1392624",
        "label": "33",
        "organization": "null"
    },
    {
        "title": "GPMB&mdash;software pipelining branch-intensive loops",
        "year": "1993",
        "authors": "Zhihong Tang,Gang Chen,Chihong Zhang,Yingwei Zhang Bogong Su,Stanley Habib",
        "venue": "Proceedings of the 26th annual international symposium on Microarchitecture",
        "id": "1395401",
        "label": "5",
        "organization": "Dept. of Computer Science, Tsinghua University, Beijing 100084, China"
    },
    {
        "title": "An Unified Fault Model and Test Generation Procedure for Interconnect Opens and Bridges",
        "year": "2005",
        "authors": "Gang Chen,Sudhakar Reddy,Irith Pomeranz,Janusz Rajski,Piet Engelke,Bernd Becker",
        "venue": "Proceedings of the 10th IEEE European Symposium on Test",
        "id": "1412990",
        "label": "10",
        "organization": "University of Iowa"
    },
    {
        "title": "Image Retrieval Based on Sugeno Fuzzy Integral",
        "year": "2004",
        "authors": "Junli Li,Zheru Chi,Gang Chen",
        "venue": "Proceedings of the Third International Conference on Image and Graphics",
        "id": "1414798",
        "label": "18",
        "organization": "Ningbo University"
    },
    {
        "title": "A mathematical model for bifurcations in a Belousov-Zhabotinsky reaction",
        "year": "2000",
        "authors": "Gang Chen",
        "venue": "Physica D",
        "id": "1574488",
        "label": "21",
        "organization": "null"
    },
    {
        "title": "Predictive Queries Algorithm Based on Probability Model over Data Streams",
        "year": "2007",
        "authors": "Guohui Li,Hui Chen,Bing Yang,Gang Chen,Jun Xiang",
        "venue": "Proceedings of the Third International Conference on Natural Computation - Volume 01",
        "id": "1581446",
        "label": "5",
        "organization": "Huazhong University of Science and Technology, China"
    },
    {
        "title": "BCM Mechanism Based on Infinite-horizon Growth Model in E-commerce",
        "year": "2009",
        "authors": "Gang Chen",
        "venue": "Proceedings of the 2009 Second International Symposium on Electronic Commerce and Security - Volume 01",
        "id": "1653658",
        "label": "27",
        "organization": "null"
    },
    {
        "title": "Design and Development of Small-Size Stiffness Surveying Instrument for Sheet Metal",
        "year": "2009",
        "authors": "Rong Lu,Xiangning Lu,Gang Chen",
        "venue": "Proceedings of the 2009 International Conference on Measuring Technology and Mechatronics Automation - Volume 01",
        "id": "1655373",
        "label": "25",
        "organization": "null"
    },
    {
        "title": "Web-Based Service Management of Distributed Learning",
        "year": "2009",
        "authors": "Gang Chen",
        "venue": "Proceedings of the 2009 WASE International Conference on Information Engineering - Volume 01",
        "id": "1656661",
        "label": "24",
        "organization": "null"
    },
    {
        "title": "Unified synthesis techniques for high performance fpga designs",
        "year": "2005",
        "authors": "Gang Chen",
        "venue": "null",
        "id": "1707614",
        "label": "13",
        "organization": "University of California, Los Angeles"
    },
    {
        "title": "Statistical error analysis for the direct simulation Monte Carlo technique",
        "year": "1996",
        "authors": "Gang Chen,Iain D. Boyd",
        "venue": "Journal of Computational Physics",
        "id": "1713247",
        "label": "43",
        "organization": "null"
    },
    {
        "title": "Deploying HEP Applications on Multiple Grid Infrastructures",
        "year": "2008",
        "authors": "Yaodong Cheng,Gang Chen,Yongjian Wang,Shuaijie Wang",
        "venue": "Proceedings of the 2008 Seventh International Conference on Grid and Cooperative Computing",
        "id": "1752684",
        "label": "22",
        "organization": "null"
    }
]