[
    {
        "title": "NetSpy: Automatic Generation of Spyware Signatures for NIDS",
        "year": "2006",
        "authors": "Hao Wang,Somesh Jha,Vinod Ganapathy",
        "venue": "ACSAC",
        "id": "24504",
        "label": "0",
        "organization": "University of Wisconsin-Madison, USA"
    },
    {
        "title": "Classification of Polarimetric SAR Data Based on Multidimensional Watershed Clustering",
        "year": "2006",
        "authors": "Wen Yang,Hao Wang,Yongfeng Cao,Haijian Zhang",
        "venue": "ADMA",
        "id": "27448",
        "label": "2",
        "organization": "null"
    },
    {
        "title": "A Low-Latency Peer-to-Peer Approach for Massively Multiplayer Games",
        "year": "2005",
        "authors": "Jin Zhou,Li Tang,Kai Li,Hao Wang,Zhizhi Zhou",
        "venue": "AP2PC",
        "id": "43520",
        "label": "3",
        "organization": "null"
    },
    {
        "title": "BLAST++ : A Tool for BLASTing Queries in Batches",
        "year": "2003",
        "authors": "Hao Wang,Twee-Hee Ong,Beng Chin Ooi,Kian-Lee Tan",
        "venue": "APBC",
        "id": "43613",
        "label": "4",
        "organization": "null"
    },
    {
        "title": "Web-Based Cooperative Design for SoC and Improved Architecture Exploration Algorithm",
        "year": "2006",
        "authors": "Guang-Sheng Ma,Xiuqin Wang,Hao Wang",
        "venue": "APWeb Workshops",
        "id": "48257",
        "label": "6",
        "organization": "null"
    },
    {
        "title": "RNA Pseudoknot Prediction Using Term Rewriting",
        "year": "2005",
        "authors": "Xuezheng Fu,Hao Wang,William L. Harrison,Robert W. Harrison",
        "venue": "BIBE",
        "id": "63174",
        "label": "7",
        "organization": "Dept. of Comput. Sci., Georgia State Univ., Atlanta, GA, USA"
    },
    {
        "title": "The algorithms for dynamic scheduling",
        "year": "2000",
        "authors": "Zhiying Zhou,Jie Zhang,Hao Wang",
        "venue": "Computers and Their Applications",
        "id": "78282",
        "label": "8",
        "organization": "null"
    },
    {
        "title": "Architectural Design and Implementation of Highly Available and Scalable Medical System with IBM WebSphere Middleware",
        "year": "2004",
        "authors": "Han Wang,Hao Wang,Jinmei Shen",
        "venue": "CBMS",
        "id": "80723",
        "label": "9",
        "organization": "IBM, Rochester, MN"
    },
    {
        "title": "An auctioning reputation system based on anomaly",
        "year": "2005",
        "authors": "Shai Rubin,Mihai Christodorescu,Vinod Ganapathy,Jonathon T. Giffin,Louis Kruger,Hao Wang,Nicholas Kidd",
        "venue": "ACM Conference on Computer and Communications Security",
        "id": "84089",
        "label": "0",
        "organization": "University of Wisconsin, Madison, WI"
    },
    {
        "title": "Understanding the Prediction of Transmembrane Proteins by Support Vector Machine using Association Rule Mining",
        "year": "2007",
        "authors": "Hae-Jin Hu,Hao Wang,Robert Harrison,Phang C. Tai,Yi Pan",
        "venue": "CIBCB",
        "id": "93736",
        "label": "7",
        "organization": "Molecular Basis of Disease Program, Georgia State Univ., Atlanta, GA"
    },
    {
        "title": "On-line Algorithm for Server Selection of Video Streaming over P2P Networks",
        "year": "2006",
        "authors": "Hao Wang,Andras Farago",
        "venue": "Communications in Computing",
        "id": "93965",
        "label": "11",
        "organization": "null"
    },
    {
        "title": "Application-aware Interface for SOAP Communication in Web Services",
        "year": "2006",
        "authors": "Hao Wang,Yizhu Tong,Hong Liu,Taoying Liu",
        "venue": "CLUSTER",
        "id": "99977",
        "label": "13",
        "organization": "Inst. of Comput. Technol., Chinese Acad. of Sci., Beijing"
    },
    {
        "title": "Creating Vulnerability Signatures Using Weakest Preconditions",
        "year": "2007",
        "authors": "David Brumley,Hao Wang,Somesh Jha,Dawn Xiaodong Song",
        "venue": "CSF",
        "id": "124214",
        "label": "0",
        "organization": "null"
    },
    {
        "title": "Optimal Difference Systems of Sets with Multipliers",
        "year": "2006",
        "authors": "Vladimir D. Tonchev,Hao Wang",
        "venue": "CSR",
        "id": "125605",
        "label": "16",
        "organization": "null"
    },
    {
        "title": "A New Secure Authentication Scheme Based Threshold ECDSA For Wireless Sensor Network",
        "year": "2006",
        "authors": "Hao Wang,Zhongfu Wu,Xin Tan",
        "venue": "Security and Management",
        "id": "126485",
        "label": "17",
        "organization": "null"
    },
    {
        "title": "Adapting LDA Model to Discover Author-Topic Relations for Email Analysis",
        "year": "2008",
        "authors": "Liqiang Geng,Hao Wang,Xin Wang,Larry Korba",
        "venue": "DaWaK",
        "id": "144522",
        "label": "18",
        "organization": "Institute of Information Technology, National Research Council of Canada Fredericton, , New Brunswick, Canada"
    },
    {
        "title": "Indexing Genomic Databases for Fast Homology Searching",
        "year": "2002",
        "authors": "Twee-Hee Ong,Kian-Lee Tan,Hao Wang",
        "venue": "DEXA",
        "id": "150180",
        "label": "4",
        "organization": "null"
    },
    {
        "title": "A New Certified Email Protocol",
        "year": "2007",
        "authors": "Hao Wang,Yuyi Ou,Jie Ling,Xiang Xu,Heqing Guo",
        "venue": "DEXA Workshops",
        "id": "152564",
        "label": "19",
        "organization": "Guangdong University of Technology, China"
    },
    {
        "title": "Feature Similarity Based Redundancy Reduction for Gene Selection",
        "year": "2006",
        "authors": "Xuezheng Fu,Feng Tan,Hao Wang,Yanqing Zhang,Robert W. Harrison",
        "venue": "DMIN",
        "id": "158794",
        "label": "7",
        "organization": "null"
    },
    {
        "title": "Solving Qos-Driven Web Service Dynamic Composition as Fuzzy Constraint Satisfaction",
        "year": "2005",
        "authors": "Manshan Lin,Jianshan Xie,Heqing Guo,Hao Wang",
        "venue": "EEE",
        "id": "178375",
        "label": "19",
        "organization": "South China University of Technology, China"
    },
    {
        "title": "Reducing the Dependence of SPKI/SDSI on PKI",
        "year": "2006",
        "authors": "Hao Wang,Somesh Jha,Thomas W. Reps,Stefan Schwoon,Stuart G. Stubblebine",
        "venue": "ESORICS",
        "id": "189405",
        "label": "0",
        "organization": "null"
    },
    {
        "title": "An Efficient Fuzzy Kohonen Clustering Network Algorithm",
        "year": "2008",
        "authors": "Yanqing Yang,Zhenhong Jia,Chun Chang,Xizhong Qin,Tao Li,Hao Wang,Junkai Zhao",
        "venue": "FSKD (1)",
        "id": "218163",
        "label": "23",
        "organization": "null"
    },
    {
        "title": "Scalability of Hybrid Fuzzy C-Means Algorithm Based on Quantum-Behaved PSO",
        "year": "2007",
        "authors": "Hao Wang,Shiqin Yang,Wenbo Xu,Jun Sun",
        "venue": "FSKD (2)",
        "id": "218963",
        "label": "27",
        "organization": "Fuyang Teachers College, Fuyang, Anhui"
    },
    {
        "title": "A Fast Subspace Clustering Algorithm Based on Pattern Similarity",
        "year": "2007",
        "authors": "Yanglan Gan,Jihong Guan,Hao Wang",
        "venue": "FSKD (3)",
        "id": "219030",
        "label": "26",
        "organization": "Hefei University of Technology"
    },
    {
        "title": "Agora: Grid Community in Vega Grid",
        "year": "2003",
        "authors": "Hao Wang,Zhiwei Xu,Yili Gong,Wei Li",
        "venue": "GCC (1)",
        "id": "224048",
        "label": "13",
        "organization": "null"
    },
    {
        "title": "Foundations of SMS Commerce Success: Lessons from SMS Messaging and Co-Opetition",
        "year": "2003",
        "authors": "Heng Xu,Hock-Hai Teo,Hao Wang",
        "venue": "HICSS",
        "id": "249007",
        "label": "29",
        "organization": "Sch. of Comput., National Univ., Singapore, Singapore"
    },
    {
        "title": "Predicting the Usage of P2P Sharing Software: The Role of Trust and Perceived Risk",
        "year": "2005",
        "authors": "Heng Xu,Hao Wang,Hock-Hai Teo",
        "venue": "HICSS",
        "id": "249013",
        "label": "29",
        "organization": "NCS Communication Engineering Pte. Ltd., Singapore"
    },
    {
        "title": "Fair Payment Protocols for E-Commerce",
        "year": "2004",
        "authors": "Hao Wang,Heqing Guo",
        "venue": "I3E",
        "id": "258318",
        "label": "19",
        "organization": "null"
    },
    {
        "title": "Evaluation of RSVP and Mobility-Aware RSVP Using Performance Evaluation Process Algebra",
        "year": "2008",
        "authors": "Hao Wang,David I. Laurenson,Jane Hillston",
        "venue": "ICC",
        "id": "275982",
        "label": "32",
        "organization": "Sch. of Eng. & Electron., Univ. of Edinburgh, Edinburgh"
    },
    {
        "title": "Wiener Indices of Balanced Binary Trees",
        "year": "2005",
        "authors": "Sergey Bereg,Hao Wang",
        "venue": "International Conference on Computational Science (2)",
        "id": "278146",
        "label": "11",
        "organization": "null"
    },
    {
        "title": "A Hybrid Feature Selection Approach for Microarray Gene Expression Data",
        "year": "2006",
        "authors": "Feng Tan,Xuezheng Fu,Hao Wang,Yanqing Zhang,Anu G. Bourgeois",
        "venue": "International Conference on Computational Science (2)",
        "id": "280271",
        "label": "7",
        "organization": "null"
    },
    {
        "title": "Understanding the Session Durability in Peer-to-Peer Storage System",
        "year": "2006",
        "authors": "Jing Tian,Yafei Dai,Hao Wang,Mao Yang",
        "venue": "International Conference on Computational Science (4)",
        "id": "280303",
        "label": "33",
        "organization": "null"
    },
    {
        "title": "Dependable Transaction for Electronic Commerce",
        "year": "2005",
        "authors": "Hao Wang,Heqing Guo,Manshan Lin,Jianfei Yin,Qi He,Jun Zhang",
        "venue": "ICCSA (3)",
        "id": "292147",
        "label": "19",
        "organization": "null"
    },
    {
        "title": "Abuse-Free Item Exchange",
        "year": "2005",
        "authors": "Hao Wang,Heqing Guo,Jianfei Yin,Qi He,Manshan Lin,Jun Zhang",
        "venue": "ICCSA (4)",
        "id": "292148",
        "label": "19",
        "organization": "null"
    },
    {
        "title": "Character-Like Region Verification for Extracting Text in Scene Images",
        "year": "2001",
        "authors": "Hao Wang,Jari Kangas",
        "venue": "ICDAR",
        "id": "295679",
        "label": "35",
        "organization": "Visual Commun. Lab., Nokia Res. Center, Beijing"
    },
    {
        "title": "Interdomain Routing as Social Choice",
        "year": "2006",
        "authors": "Ronny Ramzi Dakdouk,Semih Salihoglu,Hao Wang,Haiyong Xie,Yang Richard Yang",
        "venue": "ICDCS Workshops",
        "id": "298422",
        "label": "18",
        "organization": "Yale University, New Haven, CT"
    },
    {
        "title": "Knowledge Enhanced IT Service Management",
        "year": "2007",
        "authors": "Hao Wang,Bo Yang,Liang Liu,Qian Ma,Kewei Sun,Ying Chen",
        "venue": "ICEBE",
        "id": "304780",
        "label": "38",
        "organization": "IBM China Res. Lab., Beijing"
    },
    {
        "title": "New Fair Payment Protocols",
        "year": "2004",
        "authors": "Hao Wang,Heqing Guo,Manshan Lin",
        "venue": "ICETE (1)",
        "id": "309269",
        "label": "19",
        "organization": "null"
    },
    {
        "title": "Automatic Character Location and Segmentation in Color Scene Images",
        "year": "2001",
        "authors": "Hao Wang",
        "venue": "ICIAP",
        "id": "312336",
        "label": "35",
        "organization": "Visual Commun. Lab., Nokia Res. Center, Beijing"
    },
    {
        "title": "Enhancing multimedia streaming performance through peer-paired collaboration",
        "year": "2002",
        "authors": "Hao Wang,Guobin Shen,Shipeng Li,Yuzhuo Zhong",
        "venue": "ICIP (3)",
        "id": "322072",
        "label": "3",
        "organization": "Dept. of Comput. Sci., Tsinghua Univ., Beijing, China"
    },
    {
        "title": "Camera Readable 2D Bar Codes Design and Decoding for Mobile Phones",
        "year": "2006",
        "authors": "Hao Wang,Yanming Zou",
        "venue": "ICIP",
        "id": "324394",
        "label": "35",
        "organization": "Nokia Res. Center, Beijing"
    },
    {
        "title": "Parallel Approximate Matrix Factorization for Kernel Methods",
        "year": "2007",
        "authors": "Kaihua Zhu,Hang Cui,Hongjie Bai,Jian Li,Zhihuan Qiu,Hao Wang,Hui Xu,Edward Y. Chang",
        "venue": "ICME",
        "id": "332962",
        "label": "18",
        "organization": "null"
    },
    {
        "title": "Wireless Network Dynamic Topology Routing Protocol Based on Aggregation Tree Model",
        "year": "2006",
        "authors": "Guozhen Tan,Ningning Han,Yi Liu,Jialin Li,Hao Wang",
        "venue": "ICN/ICONS/MCL",
        "id": "337078",
        "label": "40",
        "organization": "Dalian University of Techology, P.R.China"
    },
    {
        "title": "On the Stability of Rational, Heterogeneous Interdomain Route Selection",
        "year": "2005",
        "authors": "Hao Wang,Haiyong Xie,Yang Richard Yang,Avi Silberschatz,Erran L. Li,Yanbin Liu",
        "venue": "ICNP",
        "id": "338570",
        "label": "18",
        "organization": "Dept. of Comput. Sci., Yale Univ., New Haven, CT, USA"
    },
    {
        "title": "Stable Egress Route Selection for Interdomain Traffic Engineering: Model and Analysis",
        "year": "2005",
        "authors": "Hao Wang,Haiyong Xie,Yang Richard Yang,Avi Silberschatz,Erran L. Li,Yanbin Liu",
        "venue": "ICNP",
        "id": "338585",
        "label": "18",
        "organization": "Dept. of Comput. Sci., Yale Univ., New Haven, CT"
    },
    {
        "title": "An Online Model Checking Tool for Safety and Liveness Bugs",
        "year": "2008",
        "authors": "Zhengwei Qi,Liang Liu,Alei Liang,Hao Wang,Ying Chen",
        "venue": "ICPADS",
        "id": "342089",
        "label": "38",
        "organization": "Dept. of Comput. Sci. & Eng., Shanghai Jiao Tong Univ., Shanghai, China"
    },
    {
        "title": "Management as a Service for IT Service Management",
        "year": "2008",
        "authors": "Bo Yang,Hao Wang,Ying Chen",
        "venue": "ICSOC",
        "id": "365316",
        "label": "38",
        "organization": "IBM China Research Lab., Beijing, China 100193"
    },
    {
        "title": "Research and Implementation of Knowledge-Enhanced Information Services",
        "year": "2007",
        "authors": "Bo Yang,Hao Wang,Liang Liu,Qian Ma,Ying Chen,Hui Lei",
        "venue": "ICSOC",
        "id": "365345",
        "label": "38",
        "organization": "IBM China Research Laboratory, Beijing, 100094, China"
    },
    {
        "title": "Critical Success Factors for Web-Based Organizational IT Training Systems",
        "year": "2002",
        "authors": "Hao Wang,Heng Xu,Hock Chuan Chan,Ling Chen",
        "venue": "ICWL",
        "id": "369761",
        "label": "29",
        "organization": "null"
    },
    {
        "title": "A New Lightweight and Scalable Encryption Algorithm for Streaming Video over Wireless Networks",
        "year": "2007",
        "authors": "Hao Wang,Chong-wei Xu",
        "venue": "ICWN",
        "id": "370398",
        "label": "11",
        "organization": "null"
    },
    {
        "title": "A Semantic QoS-Aware Discovery Framework for Web Services",
        "year": "2008",
        "authors": "Qian Ma,Hao Wang,Ying Li,Guotong Xie,Feng Liu",
        "venue": "ICWS",
        "id": "371108",
        "label": "38",
        "organization": "null"
    },
    {
        "title": "On Synchronizing with Web Service Evolution",
        "year": "2008",
        "authors": "Zhile Zou,Ru Fang,Liang Liu,Qing Bo Wang,Hao Wang",
        "venue": "ICWS",
        "id": "371121",
        "label": "38",
        "organization": "IBM China Res. Lab., Beijing"
    },
    {
        "title": "Fast Filter-and-Refine Algorithms for Subsequence Selection",
        "year": "2002",
        "authors": "Beng Chin Ooi,HweeHwa Pang,Hao Wang,Limsoon Wong,Cui Yu",
        "venue": "IDEAS",
        "id": "372846",
        "label": "4",
        "organization": "Dept. of Comput. Sci., Nat. Univ. of Singapore, Singapore"
    },
    {
        "title": "Optimal ISP subscription for Internet multihoming: algorithm design and implication analysis",
        "year": "2005",
        "authors": "Hao Wang,Haiyong Xie,Lili Qiu,Abraham Silberschatz,Yang Richard Yang",
        "venue": "INFOCOM",
        "id": "402849",
        "label": "18",
        "organization": "Dept. of Comput. Sci., Yale Univ., New Haven, CT, USA"
    },
    {
        "title": "Pipelined van Emde Boas Tree: Algorithms, Analysis, and Applications",
        "year": "2007",
        "authors": "Hao Wang,Bill Lin",
        "venue": "INFOCOM",
        "id": "403086",
        "label": "18",
        "organization": "Univ. of California, La Jolla"
    },
    {
        "title": "Efficient error recovery techniques in a novel multimedia streaming framework with peer-paired collaboration",
        "year": "2002",
        "authors": "Hao Wang,Guobin Shen,Shipeng Li,Yuzhuo Zhong",
        "venue": "ISCAS (3)",
        "id": "427709",
        "label": "3",
        "organization": "Dept. of Comput. Sci., Tsinghua Univ., Beijing"
    },
    {
        "title": "Video Streaming Over Multi-hop Wireless Networks",
        "year": "2005",
        "authors": "Hao Wang,Andras Farago,Subbarayan Venkatesan",
        "venue": "ISM",
        "id": "437526",
        "label": "11",
        "organization": "Cameron University"
    },
    {
        "title": "Triangulation of Bayesian Networks Using an Adaptive Genetic Algorithm",
        "year": "2006",
        "authors": "Hao Wang,Kui Yu,Xindong Wu,Hongliang Yao",
        "venue": "ISMIS",
        "id": "440550",
        "label": "26",
        "organization": "null"
    },
    {
        "title": "Collaborative and Interactive Room Design on the Web",
        "year": "2000",
        "authors": "Hao Wang,Xiaoyan Xie,Zhiyong Huang",
        "venue": "ISPAN",
        "id": "446106",
        "label": "4",
        "organization": "Sch. of Comput., Nat. Univ. of Singapore"
    },
    {
        "title": "A Hierarchical Queueing Model for Streaming Video over Multi-Hop Wireless Networks",
        "year": "2008",
        "authors": "Hao Wang",
        "venue": "ITNG",
        "id": "457980",
        "label": "11",
        "organization": "Kennesaw State Univ., Kennesaw"
    },
    {
        "title": "APPLE: A Novel P2P Based e-Learning Environment",
        "year": "2004",
        "authors": "Hai Jin,Zuoning Yin,Xudong Yang,Fucheng Wang,Jie Ma,Hao Wang,Jiangpei Yin",
        "venue": "IWDC",
        "id": "463507",
        "label": "47",
        "organization": "null"
    },
    {
        "title": "PEPA Analysis of MAP Effects in Hierarchical Mobile IPv6",
        "year": "2007",
        "authors": "Hao Wang,David I. Laurenson,Jane Hillston",
        "venue": "MASCOTS",
        "id": "490084",
        "label": "32",
        "organization": "Joint Res. Inst. for Signal & Image Process., Univ. of Edinburgh, Edinburgh"
    },
    {
        "title": "Automatic text discovering through stroke-based segmentation and text string combination",
        "year": "2008",
        "authors": "Lei Xu,Yingfei Liu,Kongqiao Wang,Hao Wang",
        "venue": "ACM Multimedia",
        "id": "503876",
        "label": "35",
        "organization": "Nokia Research Center, Beijing, China"
    },
    {
        "title": "FreeRank: implementing independent ranking service for multiplayer online games",
        "year": "2005",
        "authors": "Li Tang,Jun Li,Jin Zhou,Zhizhi Zhou,Hao Wang,Kai Li",
        "venue": "NETGAMES",
        "id": "512843",
        "label": "3",
        "organization": "singhua University, Beijing, China"
    },
    {
        "title": "Parallelizing Support Vector Machines on Distributed Computers",
        "year": "2007",
        "authors": "Edward Y. Chang,Kaihua Zhu,Hao Wang,Hongjie Bai,Jian Li,Zhihuan Qiu,Hang Cui",
        "venue": "NIPS",
        "id": "517904",
        "label": "18",
        "organization": "null"
    },
    {
        "title": "A Data Storage Mechanism for P2P VoD Based on Multi-channel Overlay",
        "year": "2008",
        "authors": "Xiaofei Liao,Hao Wang,Song Wu,Hai Jin",
        "venue": "NPC",
        "id": "519981",
        "label": "47",
        "organization": "Services Computing Technology and System Lab Cluster and Grid Computing Lab School of Computer Science and Technology, Huazhong University of Science and Technology, Wuhan, China 430074"
    },
    {
        "title": "A Parallel Algorithm for Learning Bayesian Networks",
        "year": "2007",
        "authors": "Kui Yu,Hao Wang,Xindong Wu",
        "venue": "PAKDD",
        "id": "527335",
        "label": "26",
        "organization": "null"
    },
    {
        "title": "Mining a Complete Set of Both Positive and Negative Association Rules from Large Databases",
        "year": "2008",
        "authors": "Hao Wang,Xing Zhang,Guoqing Chen",
        "venue": "PAKDD",
        "id": "527572",
        "label": "3",
        "organization": "null"
    },
    {
        "title": "Performance Modeling and Practical Parallel Algorithms of Cluster Computing with Applications on Distributed Platforms",
        "year": "2003",
        "authors": "Han Wang,Hao Wang,Jinmei Shen",
        "venue": "PDPTA",
        "id": "537136",
        "label": "9",
        "organization": "null"
    },
    {
        "title": "Implementation of a Graphics Design Framework on the Web",
        "year": "2000",
        "authors": "Xiaoyan Xie,Hao Wang,Zhiyong Huang",
        "venue": "Pacific Conference on Computer Graphics and Applications",
        "id": "540225",
        "label": "4",
        "organization": "Sch. of Comput., Nat. Univ. of Singapore"
    },
    {
        "title": "Security Policy Reconciliation in Distributed Computing Environments",
        "year": "2004",
        "authors": "Hao Wang,Somesh Jha,Miron Livny,Patrick Drew McDaniel",
        "venue": "POLICY",
        "id": "545612",
        "label": "0",
        "organization": "Dept. of Comput. Sci., Wisconsin Univ., Madison, WI, USA"
    },
    {
        "title": "LVQ Based Distributed Video Coding with LDPC in Pixel Domain",
        "year": "2006",
        "authors": "Anhong Wang,Yao Zhao,Hao Wang",
        "venue": "PRICAI",
        "id": "551918",
        "label": "5",
        "organization": "null"
    },
    {
        "title": "Software Project Level Estimation Model Framework based on Bayesian Belief Networks",
        "year": "2006",
        "authors": "Hao Wang,Fei Peng,Chao Zhang,Andrej Pietschker",
        "venue": "QSIC",
        "id": "557319",
        "label": "14",
        "organization": "Siemes Ltd., China"
    },
    {
        "title": "An algorithm for optimal comma free codes with isomorphism rejection",
        "year": "2009",
        "authors": "Hao Wang,Vladimir D. Tonchev",
        "venue": "SAC",
        "id": "569748",
        "label": "16",
        "organization": "Michigan Technological University, Houghton, MI"
    },
    {
        "title": "COPE: traffic engineering in dynamic networks",
        "year": "2006",
        "authors": "Hao Wang,Haiyong Xie,Lili Qiu,Yang Richard Yang,Yin Zhang,Albert G. Greenberg",
        "venue": "SIGCOMM",
        "id": "588995",
        "label": "18",
        "organization": "Yale University"
    },
    {
        "title": "Reliability as an interdomain service",
        "year": "2007",
        "authors": "Hao Wang,Yang Richard Yang,Paul H. Liu,Jia Wang,Alexandre Gerber,Albert G. Greenberg",
        "venue": "SIGCOMM",
        "id": "589079",
        "label": "18",
        "organization": "Yale University, New Haven, CT"
    },
    {
        "title": "Optimal bandwidth selection for MLS surfaces",
        "year": "2008",
        "authors": "Hao Wang,Carlos Eduardo Scheidegger,Claudio T. Silva",
        "venue": "Shape Modeling International",
        "id": "608572",
        "label": "10",
        "organization": "Univ. of Utah, Salt Lake City, UT"
    },
    {
        "title": "A Novel Method for All Solutions SAT Problem",
        "year": "2008",
        "authors": "Xiuqin Wang,Guangsheng Ma,Hao Wang",
        "venue": "SNPD",
        "id": "609015",
        "label": "6",
        "organization": "Comput. Sci. & Technol. Inst., Harbin Eng. Univ., Harbin"
    },
    {
        "title": "Towards Automatic Generation of Vulnerability-Based Signatures",
        "year": "2006",
        "authors": "David Brumley,James Newsome,Dawn Xiaodong Song,Hao Wang,Somesh Jha",
        "venue": "IEEE Symposium on Security and Privacy",
        "id": "613564",
        "label": "0",
        "organization": "University of Wisconsin-Madison"
    },
    {
        "title": "Weighted Pushdown Systems and Trust-Management Systems",
        "year": "2006",
        "authors": "Somesh Jha,Stefan Schwoon,Hao Wang,Thomas W. Reps",
        "venue": "TACAS",
        "id": "625227",
        "label": "0",
        "organization": "null"
    },
    {
        "title": "Ant-MST: An Ant-Based Minimum Spanning Tree for Gene Expression Data Clustering",
        "year": "2007",
        "authors": "Deyu Zhou,Yulan He,Chee Keong Kwoh,Hao Wang",
        "venue": "PRIB",
        "id": "677939",
        "label": "24",
        "organization": "null"
    },
    {
        "title": "Performance Comparisons of Different Channel Codes in Distributed Video Coding",
        "year": "2006",
        "authors": "Hao Wang,Yao Zhao,Anhong Wang",
        "venue": "ICICIC (2)",
        "id": "679321",
        "label": "5",
        "organization": "Inst. of Inf. Sci., Beijing Jiaotong Univ."
    },
    {
        "title": "A Fair Item-Item Exchange Protocol Satisfying Newly Introduced Requirements",
        "year": "2005",
        "authors": "Hao Wang,Heqing Guo,Manshan Lin,Jianfei Yin",
        "venue": "ICITA (2)",
        "id": "679786",
        "label": "19",
        "organization": "Sch. of Comput. Sci. & Eng., South China Univ. of Technol., Guangzhou"
    },
    {
        "title": "Evaluation of Signal Processing Effect in Media Gateway Based on Cross Correlation",
        "year": "2006",
        "authors": "Hao Wang,Yanying Wang,Jikun Guo,Dianwu Gao",
        "venue": "IIH-MSP",
        "id": "681532",
        "label": "6",
        "organization": "Heilongjiang Institute of Science and Technology, China"
    },
    {
        "title": "Hand Gesture Tracking for Wearable Computing Systems",
        "year": "2008",
        "authors": "Xiujuan Chai,Kongqiao Wang,Luosi Wei,Hao Wang",
        "venue": "VISAPP (2)",
        "id": "682751",
        "label": "35",
        "organization": "null"
    },
    {
        "title": "Structure Analysis and SNR-Variance Evolution for Parallel Concatenated Coded IDMA Systems",
        "year": "2008",
        "authors": "Hao Wang,Shi Chen,Xiaokang Lin",
        "venue": "VTC Fall",
        "id": "690063",
        "label": "3",
        "organization": "Dept. of Electron. Eng., Tsinghua Univ., Beijing"
    },
    {
        "title": "Efficient Multiple-Link Adaptive Bandwidth Provisioning for End-to-End Quality of Service Guarantee",
        "year": "2006",
        "authors": "Hao Wang,Changcheng Huang,James Yan",
        "venue": "CCECE",
        "id": "696301",
        "label": "21",
        "organization": "Syst. & Comput. Eng., Carleton Univ., Ottawa, Ont."
    },
    {
        "title": "A Novel Fault Diagnosis of Analog Circuit Algorithm Based on Incomplete Wavelet Packet Transform and Improved Balanced Binary-Tree SVMs",
        "year": "2007",
        "authors": "Anna Wang,Junfang Liu,Hao Wang,Ran Tao",
        "venue": "LSMS (1)",
        "id": "700221",
        "label": "20",
        "organization": "null"
    },
    {
        "title": "On the Efficient Implementation of Pipelined Heaps for Network Processing",
        "year": "2006",
        "authors": "Hao Wang,Bill Lin",
        "venue": "GLOBECOM",
        "id": "703448",
        "label": "18",
        "organization": "null"
    },
    {
        "title": "Adaptive Network Resource Management in IEEE 802.11 Wireless Random Access MAC",
        "year": "2006",
        "authors": "Hao Wang,Changcheng Huang,James Yan",
        "venue": "GLOBECOM",
        "id": "704014",
        "label": "21",
        "organization": "null"
    },
    {
        "title": "On Cellular Capacity with Base Station Cooperation",
        "year": "2008",
        "authors": "Li Ping,Peng Wang,Hao Wang,Xiaokang Lin",
        "venue": "GLOBECOM",
        "id": "706152",
        "label": "3",
        "organization": "Dept. of Electron. Eng., City Univ. of Hong Kong, Hong Kong"
    },
    {
        "title": "A virtual mouse system for mobile device",
        "year": "2005",
        "authors": "YongBo Gai,Hao Wang,Kongqiao Wang",
        "venue": "MUM",
        "id": "711141",
        "label": "35",
        "organization": "Nokia Research Center, China"
    },
    {
        "title": "Certified Email Delivery with Offline TTP",
        "year": "2007",
        "authors": "Hao Wang,Yuyi Ou,Jie Ling,Lu Liang,Xiang Xu",
        "venue": "IAS",
        "id": "716964",
        "label": "19",
        "organization": "Guangdong University of Technology, China"
    },
    {
        "title": "Performance Analysis of a Forging Manipulator Based on the Composite Modeling Method",
        "year": "2008",
        "authors": "Genliang Chen,Hao Wang,Zhongqin Lin,Guimin Liu",
        "venue": "ICIRA (1)",
        "id": "722384",
        "label": "38",
        "organization": "School of Mechanical Engineering, Shanghai Jiaotong University, Shanghai, China 200240"
    },
    {
        "title": "Automatic model-based service hosting environment migration",
        "year": "2008",
        "authors": "Liang Liu,Ying Li,Qian Ma,Kewei Sun,Ying Chen,Hao Wang",
        "venue": "NOMS",
        "id": "726885",
        "label": "38",
        "organization": "IBM China Res. Lab., Beijing"
    },
    {
        "title": "A comprehensive semantic-based resource allocation framework for workflow management systems",
        "year": "2008",
        "authors": "Chong Wang,Zhile Zou,Qian Ma,Ru Fang,Hao Wang",
        "venue": "NOMS",
        "id": "726890",
        "label": "38",
        "organization": "Shanghai JiaoTong Univ., Shanghai"
    },
    {
        "title": "A Bayesian knowledge engineering framework for service management",
        "year": "2008",
        "authors": "Wei Wang,Hao Wang,Bo Yang,Liang Liu,Peini Liu,Guosun Zeng",
        "venue": "NOMS",
        "id": "726948",
        "label": "38",
        "organization": "Dept. of Comput. Sci. & Technol., Tongji Univ., Shanghai"
    },
    {
        "title": "The Design of a Nanometer Biosensor and Its Microfluidic Integration",
        "year": "2008",
        "authors": "Hao Wang,Wenzhen Sun,Xiangang Luo",
        "venue": "RAM",
        "id": "727988",
        "label": "39",
        "organization": "Coll. of Mechatron., Univ. of Electro Sci. & Technol. of China, Chengdu"
    },
    {
        "title": "Software Productivity Analysis with CSBSG Data Set",
        "year": "2008",
        "authors": "Hao Wang,Haiqing Wang,Hefei Zhang",
        "venue": "CSSE (2)",
        "id": "728918",
        "label": "37",
        "organization": "Beijing Univ. of Posts & Telecommun., Beijing"
    },
    {
        "title": "Hybrid SAT Solver Considering Circuit Observability",
        "year": "2008",
        "authors": "Xiuqin Wang,Hao Wang,Guangsheng Ma",
        "venue": "ICYCS",
        "id": "730315",
        "label": "6",
        "organization": "Comput. Sci. & Technol. Inst., Harbin Eng. Univ., Harbin"
    },
    {
        "title": "BLAST++: BLASTing queries in batches",
        "year": "2003",
        "authors": "Hao Wang,Beng Chin Ooi,Kian-Lee Tan,Twee-Hee Ong,Lei Zhou",
        "venue": "Bioinformatics",
        "id": "766408",
        "label": "4",
        "organization": "null"
    },
    {
        "title": "Proving Theorems by Pattern Recognition I",
        "year": "1960",
        "authors": "Hao Wang",
        "venue": "Commun. ACM",
        "id": "776834",
        "label": "36",
        "organization": "null"
    },
    {
        "title": "A new dependable exchange protocol",
        "year": "2006",
        "authors": "Hao Wang,Heqing Guo,Manshan Lin,Jianfei Yin,Qi He,Jun Zhang",
        "venue": "Computer Communications",
        "id": "802559",
        "label": "19",
        "organization": "School of Computer Science and Engineering, South China University of Technology, Guangzhou 510640, China"
    },
    {
        "title": "Wiener indices of balanced binary trees",
        "year": "2007",
        "authors": "Sergey Bereg,Hao Wang",
        "venue": "Discrete Applied Mathematics",
        "id": "838563",
        "label": "11",
        "organization": "Computer Science and Information Systems Department, Kennesaw State University, 1000 Chastain Rd., Kennesaw, GA 30144-5591, USA"
    },
    {
        "title": "A wireless LAN-based indoor positioning technology",
        "year": "2004",
        "authors": "Zhe Xiang,Song Song,Jin Chen,Hao Wang,Jian Huang,Xingxin (Grace) Gao",
        "venue": "IBM Journal of Research and Development",
        "id": "890914",
        "label": "38",
        "organization": "IBM Research Division, IBM China Research Laboratory, 2/F, Haohai Building, No. 7, 5th Street, Shangdi, Haidian District, Beijing 100085, China"
    },
    {
        "title": "Algorithm of integrating QFD and TRIZ for the innovative design process",
        "year": "2005",
        "authors": "Hao Wang,Guanlong Chen,Zhongqin Lin,Haihua Wang",
        "venue": "IJCAT",
        "id": "904642",
        "label": "38",
        "organization": "Auto-Body Manufacturing Technology Center, School of Mechanical and Power Energy Engineering, Shanghai Jiao Tong University, Shanghai, 200030, P.R. China."
    },
    {
        "title": "1D Bar Code Reading on Camera Phones",
        "year": "2007",
        "authors": "Kongqiao Wang,Yanming Zou,Hao Wang",
        "venue": "Int. J. Image Graphics",
        "id": "910495",
        "label": "35",
        "organization": "null"
    },
    {
        "title": "Affective interaction based on person-independent facial expression space",
        "year": "2008",
        "authors": "Hao Wang,Kongqiao Wang",
        "venue": "Neurocomputing",
        "id": "918078",
        "label": "35",
        "organization": "Nokia System Research Center, Nokia Building 2, No. 5 Donghuan Zhonglu, Beijing Economic & Technological Development Area, Beijing 100176, China"
    },
    {
        "title": "Non-fuzzy versions of fuzzy reasoning in classical logics",
        "year": "2001",
        "authors": "Guojun Wang,Hao Wang",
        "venue": "Inf. Sci.",
        "id": "942072",
        "label": "43",
        "organization": "null"
    },
    {
        "title": "The Logic of Automata - Part I",
        "year": "1957",
        "authors": "Arthur W. Burks,Hao Wang",
        "venue": "J. ACM",
        "id": "949914",
        "label": "45",
        "organization": "null"
    },
    {
        "title": "The Logic of Automata - Part II",
        "year": "1957",
        "authors": "Arthur W. Burks,Hao Wang",
        "venue": "J. ACM",
        "id": "949916",
        "label": "45",
        "organization": "null"
    },
    {
        "title": "Words in the History of a Turing Machine with a Fixed Input",
        "year": "1963",
        "authors": "Michael O. Rabin,Hao Wang",
        "venue": "J. ACM",
        "id": "951396",
        "label": "41",
        "organization": "University of Jerusalem and Harvard University"
    },
    {
        "title": "A Variant to Turing's Theory of Computing Machines",
        "year": "1957",
        "authors": "Hao Wang",
        "venue": "J. ACM",
        "id": "951788",
        "label": "41",
        "organization": "University of Oxford, Oxford, England"
    },
    {
        "title": "An algorithm for optimal difference systems of sets",
        "year": "2007",
        "authors": "Vladimir D. Tonchev,Hao Wang",
        "venue": "J. Comb. Optim.",
        "id": "970350",
        "label": "16",
        "organization": "null"
    },
    {
        "title": "An automated approach to specification animation for validation",
        "year": "2007",
        "authors": "Shaoying Liu,Hao Wang",
        "venue": "Journal of Systems and Software",
        "id": "997632",
        "label": "38",
        "organization": "Shanghai Jiaotong University, China"
    },
    {
        "title": "Short Definitions of the Ordinals",
        "year": "1966",
        "authors": "Kenneth R. Brown,Hao Wang",
        "venue": "J. Symb. Log.",
        "id": "998486",
        "label": "41",
        "organization": "null"
    },
    {
        "title": "Non-Standard Models for Formal Logics",
        "year": "1950",
        "authors": "J. Barkley Rosser,Hao Wang",
        "venue": "J. Symb. Log.",
        "id": "1000806",
        "label": "41",
        "organization": "null"
    },
    {
        "title": "A Note on Quine's Principles of Quantification",
        "year": "1947",
        "authors": "Hao Wang",
        "venue": "J. Symb. Log.",
        "id": "1001291",
        "label": "41",
        "organization": "null"
    },
    {
        "title": "A New Theory of Element and Number",
        "year": "1948",
        "authors": "Hao Wang",
        "venue": "J. Symb. Log.",
        "id": "1001292",
        "label": "41",
        "organization": "null"
    },
    {
        "title": "A Formal System of Logic",
        "year": "1950",
        "authors": "Hao Wang",
        "venue": "J. Symb. Log.",
        "id": "1001293",
        "label": "41",
        "organization": "null"
    },
    {
        "title": "Existence of Classes and Value Specification of Variables",
        "year": "1950",
        "authors": "Hao Wang",
        "venue": "J. Symb. Log.",
        "id": "1001294",
        "label": "41",
        "organization": "null"
    },
    {
        "title": "Set-Theoretical Basis for Real Numbers",
        "year": "1950",
        "authors": "Hao Wang",
        "venue": "J. Symb. Log.",
        "id": "1001295",
        "label": "41",
        "organization": "null"
    },
    {
        "title": "Logic of Many-Sorted Theories",
        "year": "1952",
        "authors": "Hao Wang",
        "venue": "J. Symb. Log.",
        "id": "1001296",
        "label": "41",
        "organization": "null"
    },
    {
        "title": "Certain Predicates Defined by Induction Schemata",
        "year": "1953",
        "authors": "Hao Wang",
        "venue": "J. Symb. Log.",
        "id": "1001297",
        "label": "41",
        "organization": "null"
    },
    {
        "title": "Problems",
        "year": "1953",
        "authors": "Hao Wang",
        "venue": "J. Symb. Log.",
        "id": "1001298",
        "label": "41",
        "organization": "null"
    },
    {
        "title": "The Formalization of Mathematics",
        "year": "1954",
        "authors": "Hao Wang",
        "venue": "J. Symb. Log.",
        "id": "1001299",
        "label": "41",
        "organization": "null"
    },
    {
        "title": "Undecidable Sentences Generated by Semantic Paradoxes",
        "year": "1955",
        "authors": "Hao Wang",
        "venue": "J. Symb. Log.",
        "id": "1001300",
        "label": "41",
        "organization": "null"
    },
    {
        "title": "The Axiomatization of Arithmetic",
        "year": "1957",
        "authors": "Hao Wang",
        "venue": "J. Symb. Log.",
        "id": "1001301",
        "label": "41",
        "organization": "null"
    },
    {
        "title": "Alternative Proof of a Theorem of Kleene",
        "year": "1958",
        "authors": "Hao Wang",
        "venue": "J. Symb. Log.",
        "id": "1001302",
        "label": "41",
        "organization": "null"
    },
    {
        "title": "Some Facts About Kurt Godel",
        "year": "1981",
        "authors": "Hao Wang",
        "venue": "J. Symb. Log.",
        "id": "1001303",
        "label": "41",
        "organization": "null"
    },
    {
        "title": "LTR_FINDER: an efficient tool for the prediction of full-length LTR retrotransposons",
        "year": "2007",
        "authors": "Zhao Xu,Hao Wang",
        "venue": "Nucleic Acids Research",
        "id": "1017838",
        "label": "12",
        "organization": "null"
    },
    {
        "title": "On route selection for interdomain traffic engineering",
        "year": "2005",
        "authors": "Yang Richard Yang,Haiyong Xie,Hao Wang,Abraham Silberschatz,Arvind Krishnamurthy,Yanbin Liu,Erran L. Li",
        "venue": "IEEE Network",
        "id": "1024063",
        "label": "18",
        "organization": "Yale Univ., New Haven, CT, USA"
    },
    {
        "title": "Dynamics of Stoichiometric Bacteria-Algae Interactions in the Epilimnion",
        "year": "2007",
        "authors": "Hao Wang,Hal L. Smith,Yang Kuang,James J. Elser",
        "venue": "SIAM Journal of Applied Mathematics",
        "id": "1058207",
        "label": "15",
        "organization": "null"
    },
    {
        "title": "Theory and Techniques for Automatic Generation of Vulnerability-Based Signatures",
        "year": "2008",
        "authors": "David Brumley,James Newsome,D. Song,Hao Wang,Somesh Jha",
        "venue": "IEEE Trans. Dependable Sec. Comput.",
        "id": "1097991",
        "label": "0",
        "organization": "University of Wisconsin - Madison, Madison"
    },
    {
        "title": "A rule-based approach for RNA pseudoknot prediction",
        "year": "2008",
        "authors": "Xuezheng Fu,Hao Wang,Robert W. Harrison,William L. Harrison",
        "venue": "IJDMB",
        "id": "1172236",
        "label": "7",
        "organization": "null"
    },
    {
        "title": "Security metrics for software systems",
        "year": "2009",
        "authors": "Ju An Wang,Hao Wang,Minzhe Guo,Min Xia",
        "venue": "ACM Southeast Regional Conference",
        "id": "1204796",
        "label": "43",
        "organization": "Southern Polytechnic State University, Marietta, GA"
    },
    {
        "title": "Apply ant colony optimization to Tetris",
        "year": "2009",
        "authors": "Xingguo Chen,Hao Wang,Weiwei Wang,Yinghuan Shi,Yang Gao",
        "venue": "GECCO",
        "id": "1207892",
        "label": "1",
        "organization": "State Key Laboratory for Novel Software Technology, Nanjing University, Nanjing, China"
    },
    {
        "title": "Junction Tree Factored Particle Inference Algorithm for Multi-Agent Dynamic Influence Diagrams",
        "year": "2009",
        "authors": "Hongliang Yao,Jian Chang,Caizi Jiang,Hao Wang",
        "venue": "FAW",
        "id": "1215897",
        "label": "26",
        "organization": "Department of Computer Science and Technology, Hefei University of Technology, Hefei, Anhui province, China 230009"
    },
    {
        "title": "Packet doppler: network monitoring using packet shift detection",
        "year": "2008",
        "authors": "Tongqing Qiu,Jian Ni,Hao Wang,Nan Hua,Yang Richard Yang,Jun Jim Xu",
        "venue": "CoNEXT",
        "id": "1216206",
        "label": "18",
        "organization": "Yale University"
    },
    {
        "title": "An SMR based advance resource reservation scheme for combined mobility and QoS Provisioning",
        "year": "2008",
        "authors": "Hao Wang,David I. Laurenson,Jane Hillston",
        "venue": "PIMRC",
        "id": "1217179",
        "label": "32",
        "organization": "null"
    },
    {
        "title": "Evaluating Service Identification with Design Metrics on Business Process Decomposition",
        "year": "2009",
        "authors": "Qian Ma,Nianjun Zhou,Yanfeng Zhu,Hao Wang",
        "venue": "IEEE SCC",
        "id": "1236569",
        "label": "38",
        "organization": "null"
    },
    {
        "title": "Exploiting Request Characteristics to Improve Performance of Web Services Based Business Applications",
        "year": "2009",
        "authors": "Yizhu Tong,Hao Wang,Taoying Liu",
        "venue": "AINA",
        "id": "1237306",
        "label": "13",
        "organization": "null"
    },
    {
        "title": "Interactive Storyboard: Animated Story Creation on Touch Interfaces",
        "year": "2009",
        "authors": "Kun Yu,Hao Wang,Chang Liu,Jianwei Niu",
        "venue": "AMT",
        "id": "1237603",
        "label": "35",
        "organization": "Nokia Research Center Beijing, Mobile Social Networking, P.R. China 100176"
    },
    {
        "title": "Applying Knowledge Sharing for Business Intelligence Collaboration",
        "year": "2009",
        "authors": "Bo Yang,Hao Wang,Fred Douglis",
        "venue": "ICWS",
        "id": "1249025",
        "label": "38",
        "organization": "null"
    },
    {
        "title": "Facial Expression Synthesis and Recognition with Intensity Alignment",
        "year": "2007",
        "authors": "Hao Wang",
        "venue": "Business & Information Systems Engineering",
        "id": "1262447",
        "label": "28",
        "organization": "null"
    },
    {
        "title": "Discovering pattern-based subspace clusters by pattern tree",
        "year": "2009",
        "authors": "Jihong Guan,Yanglan Gan,Hao Wang",
        "venue": "Knowl.-Based Syst.",
        "id": "1278769",
        "label": "26",
        "organization": "Department of Computer Science and Technology, Hefei University of Technology, Hefei 23009, China"
    },
    {
        "title": "Bandwidth Selection and Reconstruction Quality in Point-Based Surfaces",
        "year": "2009",
        "authors": "Hao Wang,Carlos Eduardo Scheidegger,Claudio T. Silva",
        "venue": "IEEE Trans. Vis. Comput. Graph.",
        "id": "1282388",
        "label": "10",
        "organization": "University of Utah, Salt Lake City"
    },
    {
        "title": "An Improved Method of Traffic Forecasting Based on Tariff-SASVR.",
        "year": "2009",
        "authors": "Yanfeng Tan,Xizhong Qin,Zhenhong Jia,Chun Chang,Hao Wang",
        "venue": "null",
        "id": "1306322",
        "label": "23",
        "organization": "Coll. of Inf. Sci. & Eng., Xinjiang Univ., Urumqi, China"
    },
    {
        "title": "PDPTW Based Taxi Dispatch Modeling for Booking Service.",
        "year": "2009",
        "authors": "Hao Wang,Der-Horng Lee,Ruey Cheu",
        "venue": "null",
        "id": "1306416",
        "label": "30",
        "organization": "Ningbo Inst. of Technol., Zhejiang Univ., Ningbo, China"
    },
    {
        "title": "Spatiotemporal Phase Congruency Based Invariant Features for Human Behavior Classification.",
        "year": "2009",
        "authors": "Hao Wang,Yi Xu,Xiaokang Yang,Li Song,Wenjun Zhang",
        "venue": "null",
        "id": "1308783",
        "label": "31",
        "organization": "Institute of Image Communication and Information Processing, and Shanghai Key Laboratory of Digital Media Processing and Transmissions,"
    },
    {
        "title": "Key Elements Tracing Method for Parallel XML Parsing in Multi-Core System.",
        "year": "2009",
        "authors": "Xiaosong Li,Hao Wang,Taoying Liu,Wei Li",
        "venue": "null",
        "id": "1308867",
        "label": "13",
        "organization": "null"
    },
    {
        "title": "Adaptive Multi-channel MAC Protocol for Dense VANET Using Directional Antennas.",
        "year": "2008",
        "authors": "Xu Xie,Furong Wang,Hao Wang,Kewei Li",
        "venue": "null",
        "id": "1312041",
        "label": "47",
        "organization": "Dept. of Electron. & Inf. Eng., Univ. of Sci. & Technol., Wuhan, China"
    },
    {
        "title": "An Auxiliary Ground Station Based Traffic Load Balancing Scheme for LEO Satellite Systems.",
        "year": "2008",
        "authors": "Hao Wang,Furong Wang,Xu Xie,Laurence Tianruo Yang",
        "venue": "null",
        "id": "1312137",
        "label": "47",
        "organization": "Dept. Electr. & Inf. Eng., Huazhong Univ. Sci. & Technol., Wuhan, China"
    },
    {
        "title": "FLTL-MC: Online High Level Program Analysis for Web Services.",
        "year": "2009",
        "authors": "Zhengwei Qi,Liang Liu,Fuyuan Zhang,Haibing Guan,Hao Wang,Ying Chen",
        "venue": "null",
        "id": "1314501",
        "label": "38",
        "organization": "Dept. of Comput. Sci. & Eng., Shanghai Jiao Tong Univ., Shanghai, China"
    },
    {
        "title": "General Approach for Simulating Heterogeneity of Car-Following Behaviors.",
        "year": "2009",
        "authors": "Hao Wang,Wei Wang",
        "venue": "null",
        "id": "1316981",
        "label": "38",
        "organization": "Sch. of Transp., Southeast Univ., Nanjing, China"
    },
    {
        "title": "Requirement and Design Analysis for the Post-Trauma Mobile Psychology Service.",
        "year": "2009",
        "authors": "Yang Ji,Nan Lin,Fan Zhang,Yangyi Wen,Kui Zhang,ZhuoHong Zhu,Chunlei Fan,Hao Wang,Kun Yu",
        "venue": "null",
        "id": "1318053",
        "label": "35",
        "organization": "null"
    },
    {
        "title": "Semantic Annotation for CSSCI Academic Resources Based on Ontology.",
        "year": "2009",
        "authors": "Hao Wang,Xin-ning Su,Fang Liu",
        "venue": "null",
        "id": "1318991",
        "label": "22",
        "organization": "null"
    },
    {
        "title": "Application of Support Vector Machine to Mobile Communications in Telephone Traffic Load of Monthly Busy Hour Prediction.",
        "year": "2009",
        "authors": "Rui Han,Zhenhong Jia,Xizhong Qin,Chun Chang,Hao Wang",
        "venue": "null",
        "id": "1319852",
        "label": "23",
        "organization": "Coll. of Inf. Sci. & Eng., Xinjiang Univ., Urumqi, China"
    },
    {
        "title": "A modular NFA architecture for regular expression matching.",
        "year": "2010",
        "authors": "Hao Wang,Shi Pu,Gabriel Knezek,Jyh-Charn Liu",
        "venue": "null",
        "id": "1322493",
        "label": "25",
        "organization": "Texas A&M University, College Station, TX, USA"
    },
    {
        "title": "En-route Security Monitoring Based on an Incident Detection Algorithm for Commercial Vehicles.",
        "year": "2009",
        "authors": "Hao Wang,Ruey Cheu,Der-Horng Lee",
        "venue": "null",
        "id": "1322561",
        "label": "30",
        "organization": "null"
    },
    {
        "title": "The Neuro-fuzzy Identification of MR Damper.",
        "year": "2009",
        "authors": "Hao Wang,Haiyan Hu",
        "venue": "null",
        "id": "1322828",
        "label": "44",
        "organization": "Sch. of Energy & Environ. Eng., Shanghai Univ. of Electr. Power, Shanghai, China"
    },
    {
        "title": "bSpace: A Data Cleaning Approach for RFID Data Streams Based on Virtual Spatial Granularity.",
        "year": "2009",
        "authors": "Baoyan Song,Pengfei Qin,Hao Wang,Weihong Xuan,Ge Yu",
        "venue": "null",
        "id": "1323265",
        "label": "42",
        "organization": "null"
    },
    {
        "title": "Kernel based articulated object tracking with scale adaptation and model update.",
        "year": "2008",
        "authors": "Anbang Yao,Guijin Wang,Xinggang Lin,Hao Wang",
        "venue": "null",
        "id": "1329663",
        "label": "3",
        "organization": "Dept. of Electron. Eng., Tsinghua Univ., Beijing"
    },
    {
        "title": "Verifying Real-Time Systems using Explicit-time Description Methods",
        "year": "2009",
        "authors": "Hao Wang,Wendy MacCaull",
        "venue": "CoRR",
        "id": "1334842",
        "label": "19",
        "organization": "null"
    },
    {
        "title": "An Efficient Explicit-time Description Method for Timed Model Checking",
        "year": "2009",
        "authors": "Hao Wang,Wendy MacCaull",
        "venue": "CoRR",
        "id": "1334892",
        "label": "19",
        "organization": "null"
    },
    {
        "title": "GreenCloud: a new architecture for green data center",
        "year": "2009",
        "authors": "Liang Liu,Hao Wang,Xue Liu,Xing Jin,Wen Bo He,Qing Bo Wang,Ying Chen",
        "venue": "Proceedings of the 6th international conference industry session on Autonomic computing and communications industry session",
        "id": "1430494",
        "label": "38",
        "organization": "IBM China Research Lab, Beijing, China"
    },
    {
        "title": "Ontology-based security assessment for software products",
        "year": "2009",
        "authors": "Ju An Wang,Minzhe Guo,Hao Wang,Min Xia,Linfeng Zhou",
        "venue": "Proceedings of the 5th Annual Workshop on Cyber Security and Information Intelligence Research: Cyber Security and Information Intelligence Challenges and Strategies",
        "id": "1433714",
        "label": "43",
        "organization": "Southern Polytechnic State University, Marietta, GA"
    },
    {
        "title": "Reflections on Kurt Go&uml;del",
        "year": "1987",
        "authors": "Hao Wang",
        "venue": "null",
        "id": "1445043",
        "label": "46",
        "organization": "null"
    },
    {
        "title": "A Non-repudiable Protocol for Secure Messaging",
        "year": "2007",
        "authors": "Hao Wang,Yuyi Ou,Jie Ling,Xiaotao He,Lu Liang,Xiang Xu",
        "venue": "Proceedings of the 2007 IFIP International Conference on Network and Parallel Computing Workshops",
        "id": "1577351",
        "label": "19",
        "organization": "Guangdong University of Technology"
    },
    {
        "title": "An Approach to Security and Privacy of RFID System for Supply Chain",
        "year": "2004",
        "authors": "Xingxin (Grace) Gao,Zhe (Alex) Xiang,Hao Wang,Jun Shen,Jian Huang,Song Song",
        "venue": "Proceedings of the E-Commerce Technology for Dynamic E-Business, IEEE International Conference",
        "id": "1613319",
        "label": "38",
        "organization": "IBM China Research Lab, Beijing, China"
    },
    {
        "title": "Research on Positioning Technology of Xinjiang Mobile GIS",
        "year": "2009",
        "authors": "Gang Yin,Zhenhong Jia,Xizhong Qin,Chun Chang,Tao Li,Hao Wang,Junkai Zhao",
        "venue": "Proceedings of the 2009 International Conference on Environmental Science and Information Application Technology - Volume 03",
        "id": "1652888",
        "label": "23",
        "organization": "Coll. of Inf. Sci. & Eng., Xinjiang Univ., Urumqi, China"
    },
    {
        "title": "Radius Restrained Distributed Breadth First Search Flooding in Large-Scale Multimedia Communication",
        "year": "2009",
        "authors": "Rui Li,Shaoming Pan,Hao Wang",
        "venue": "Proceedings of the 2009 Asia-Pacific Conference on Information Processing - Volume 02",
        "id": "1655596",
        "label": "34",
        "organization": "State Key Lab. of Inf. Eng. in Surveying, Mapping & Remote Sensing, Wuhan Univ., Wuhan, China"
    },
    {
        "title": "Low Cost Mechanism for QoS-Aware Re-Planning of Composite Service",
        "year": "2009",
        "authors": "Yu Dai,Zhiliang Zhu,Dancheng Li,Hao Wang,Ying Chen,Bin Zhang",
        "venue": "Proceedings of the 2009 Second International Symposium on Electronic Commerce and Security - Volume 02",
        "id": "1655905",
        "label": "38",
        "organization": "null"
    },
    {
        "title": "On the Stability of Rational, Heterogeneous Interdomain Route Selection",
        "year": "2005",
        "authors": "Hao Wang,Haiyong Xie,Yang Richard Yang,Avi Silberschatz,Li Erran Li,Yanbin Liu",
        "venue": "Proceedings of the 13TH IEEE International Conference on Network Protocols",
        "id": "1706780",
        "label": "18",
        "organization": "Yale University, New Haven, CT"
    },
    {
        "title": "Algorithms and qos of video streaming over wireless networks",
        "year": "2005",
        "authors": "Hao Wang",
        "venue": "null",
        "id": "1707116",
        "label": "11",
        "organization": "The University of Texas at Dallas"
    },
    {
        "title": "Stable Egress Route Selection for Interdomain Traffic Engineering: Model and Analysis",
        "year": "2005",
        "authors": "Hao Wang,Haiyong Xie,Yang Richard Yang,Avi Silberschatz Silberschatz,Li Erran Li,Yanbin Liu",
        "venue": "Proceedings of the 13TH IEEE International Conference on Network Protocols",
        "id": "1708403",
        "label": "18",
        "organization": "Yale University, New Haven, CT"
    },
    {
        "title": "Variable Topology Cartesian Genetic Programming for Combinational Circuit",
        "year": "2008",
        "authors": "Xiuqin Wang,Hao Wang,Guangsheng Ma",
        "venue": "Proceedings of the 2008 Fourth International Conference on Natural Computation - Volume 07",
        "id": "1751091",
        "label": "6",
        "organization": "null"
    },
    {
        "title": "Snail Identification Based on Fourier Transformation",
        "year": "2008",
        "authors": "Donghong Hu,Wei Chen,Hao Wang,Ling Zhang,Ying Wang",
        "venue": "Proceedings of the 2008 First International Conference on Intelligent Networks and Intelligent Systems",
        "id": "1751951",
        "label": "6",
        "organization": "null"
    }
]