[
    {
        "title": "N-Person Noncooperative Game with Infinite Strategic Space",
        "year": "2005",
        "authors": "Hui Yu,Jian Chen,Caihong Sun",
        "venue": "AAIM",
        "id": "17036",
        "label": "0",
        "organization": "null"
    },
    {
        "title": "A bipolar IF amplifier/RSSI for ASK receiver",
        "year": "2005",
        "authors": "Yonggang Tao,Yongsheng Xu,Wei Jin,Hui Yu,Zongsheng Lai",
        "venue": "ASP-DAC",
        "id": "52977",
        "label": "1",
        "organization": "East China Normal University, Shanghai"
    },
    {
        "title": "Fudan University: hierarchical video retrieval with adaptive multi-modal fusion",
        "year": "2008",
        "authors": "Zichen Sun,Yuanzheng Song,Yingbin Zheng,Hui Yu,Cheng Jin,Hong Lu,Xiangyang Xue",
        "venue": "CIVR",
        "id": "98575",
        "label": "2",
        "organization": "Fudan University, Shanghai, China"
    },
    {
        "title": "Lesions Learned from the Practice of Mobile Health Application Development",
        "year": "2004",
        "authors": "Ping Yu,Hui Yu",
        "venue": "COMPSAC Workshops",
        "id": "112883",
        "label": "3",
        "organization": "Chongqing Institute of Technology"
    },
    {
        "title": "Transformation of landscape planning and design in computer supported cooperative work era",
        "year": "2008",
        "authors": "Hui Yu,Hongcheng Deng,Zhenxiang Zhao,Yu Xiao",
        "venue": "CSCWD",
        "id": "122983",
        "label": "4",
        "organization": "Fac. of Archit., Southwest Jiaotong Univ., Chengdu"
    },
    {
        "title": "A Clustering-Based Approach for Tracing Object-Oriented Design to Requirement",
        "year": "2007",
        "authors": "Xin Zhou,Hui Yu",
        "venue": "FASE",
        "id": "202306",
        "label": "5",
        "organization": "null"
    },
    {
        "title": "1-Persistent Collision-Free CSMA Protocols for Opportunistic Optical Hyperchannels",
        "year": "2008",
        "authors": "Jing Chen,Jianping Wang,Hui Yu,Ashwin Gumaste,Si-Qing Zheng",
        "venue": "ICA3PP",
        "id": "264151",
        "label": "6",
        "organization": "Computer Engineering Program, University of Texas at Dallas, Richardson, TX 75083"
    },
    {
        "title": "Color texture moments for content-based image retrieval",
        "year": "2002",
        "authors": "Hui Yu,Mingjing Li,HongJiang Zhang,Jufu Feng",
        "venue": "ICIP (3)",
        "id": "322570",
        "label": "7",
        "organization": "Center for Inf. Sci., Peking Univ., Beijing, China"
    },
    {
        "title": "Reliable Robust Controller Design for Nonlinear State-Delayed Systems Based on Neural Networks",
        "year": "2006",
        "authors": "Yanjun Shen,Hui Yu,Jigui Jian",
        "venue": "ICONIP (3)",
        "id": "340170",
        "label": "8",
        "organization": "Coll. of Sci., Three Gorges Univ., Hubei"
    },
    {
        "title": "Parallel Implementation of the Global Optimization Algorithm Based on Uniform Distributional Design and Powell Method",
        "year": "2006",
        "authors": "Bin Shen,Wen-Ying Wang,Zhonghua Lu,Xuebin Chi,Hui Yu",
        "venue": "ICPP Workshops",
        "id": "345613",
        "label": "9",
        "organization": "Supercomput. Center, Comput. Network Inf. Center, Beijing"
    },
    {
        "title": "Modified ASDPS for Geochemical Data Processing",
        "year": "2004",
        "authors": "Chi Liu,Hui Yu",
        "venue": "KES",
        "id": "475087",
        "label": "10",
        "organization": "null"
    },
    {
        "title": "Keyphrase-Based Information Sharing in the ACORN Multi-agent Architecture",
        "year": "2000",
        "authors": "Hui Yu,Ali A. Ghorbani,Virendra C. Bhavsar,Stephen Marsh",
        "venue": "MATA",
        "id": "490368",
        "label": "11",
        "organization": "null"
    },
    {
        "title": "Classification of Cancer Types Based on Decision Tree Analysis of Gene Function Expression Profiles",
        "year": "2004",
        "authors": "Zheng Guo,Tianwen Zhang,Shaoqi Rao,Qi Wang,Hui Yu,Xia Li",
        "venue": "SNPD",
        "id": "608793",
        "label": "12",
        "organization": "null"
    },
    {
        "title": "Mining Most General Multidimensional Summarization of Probably Groups in Data Warehouses",
        "year": "2005",
        "authors": "Hui Yu,Jian Pei,Shiwei Tang,Dongqing Yang",
        "venue": "SSDBM",
        "id": "618387",
        "label": "13",
        "organization": "null"
    },
    {
        "title": "News Video Retrieval by Learning Multimodal Semantic Information",
        "year": "2007",
        "authors": "Hui Yu,Bolan Su,Hong Lu,Xiangyang Xue",
        "venue": "VISUAL",
        "id": "639355",
        "label": "2",
        "organization": "null"
    },
    {
        "title": "Dynamic Subchannel and Power Allocation in OFDMA-Based DF Cooperative Relay Networks",
        "year": "2008",
        "authors": "Hong-Xing Li,Hui Yu,Han-Wen Luo,Jia Guo,Chisheng Li",
        "venue": "GLOBECOM",
        "id": "705615",
        "label": "14",
        "organization": "Inst. of Wireless Commun. Technol., Shanghai Jiao Tong Univ., Shanghai"
    },
    {
        "title": "Pipelined Implementation of TCAM-Based Search Engines in High-Performance IP Routers",
        "year": "2008",
        "authors": "Hui Yu,Jing Chen,Jianping Wang,Si-Qing Zheng",
        "venue": "GLOBECOM",
        "id": "705864",
        "label": "6",
        "organization": "Comput. Eng. Program, Univ. of Texas at Dallas, Richardson, TX"
    },
    {
        "title": "Maximizing Throughput of an Optical Opportunistic Hyperchannel Subject to QoS Constraint",
        "year": "2008",
        "authors": "Jing Chen,Jianping Wang,Hui Yu,Si-Qing Zheng",
        "venue": "GLOBECOM",
        "id": "705974",
        "label": "6",
        "organization": "Program of Telecommun. Eng., Univ. of Texas at Dallas, Richardson, TX"
    },
    {
        "title": "Flocking Motion of Mobile Agents with a Leader Based on Distance-Dependent Adjacency Matrix",
        "year": "2008",
        "authors": "Hui Yu,Jigui Jian,Yongji Wang",
        "venue": "ICIRA (1)",
        "id": "722301",
        "label": "8",
        "organization": "Institute of Nonlinear and Complex Systems, China Three Gorges University, Yichang, China 443002"
    },
    {
        "title": "Global Exponential Synchronization for a Class of Delayed Chaotic Networks Using Partial System States",
        "year": "2008",
        "authors": "Jigui Jian,Hui Yu",
        "venue": "CSSE (4)",
        "id": "729441",
        "label": "8",
        "organization": "Inst. of Nonlinear & Complex Syst., China Three Gorges Univ., Yichang"
    },
    {
        "title": "Synchronization of Rikitake Chaotic Attractor via Partial System States",
        "year": "2008",
        "authors": "Jigui Jian,Yanjun Shen,Hui Yu",
        "venue": "ICYCS",
        "id": "730378",
        "label": "8",
        "organization": "Inst. of Nonlinear & Complex Syst., China Three Gorges Univ., Yichang"
    },
    {
        "title": "Towards precise classification of cancers based on robust gene functional expression profiles",
        "year": "2005",
        "authors": "Zheng Guo,Tianwen Zhang,Xia Li,Qi Wang,Jianzhen Xu,Hui Yu,Jing Zhu,Haiyun Wang,Chenguang Wang,Eric J. Topol,Qing Wang,Shaoqi Rao",
        "venue": "BMC Bioinformatics",
        "id": "768651",
        "label": "12",
        "organization": "null"
    },
    {
        "title": "Coordinated Collective Motion of Groups of Autonomous Mobile Robots with Directed Interconnected Topology",
        "year": "2008",
        "authors": "Hui Yu,Yongji Wang",
        "venue": "Journal of Intelligent and Robotic Systems",
        "id": "1152398",
        "label": "8",
        "organization": "Institute of Nonlinear and Complex Systems, China Three Gorges University, Yichang, People's Republic of China 443002"
    },
    {
        "title": "Transcript-level annotation of Affymetrix probesets improves the interpretation of gene expression data",
        "year": "2007",
        "authors": "Hui Yu,Feng Wang,Kang Tu,Lu Xie,Yuan-Yuan Li,Yi-Xue Li",
        "venue": "BMC Bioinformatics",
        "id": "1220553",
        "label": "15",
        "organization": "null"
    },
    {
        "title": "Petroleum-contaminated groundwater remediation systems design: A data envelopment analysis based approach",
        "year": "2009",
        "authors": "Xiaodong Zhang,Guo H. Huang,Qianguo Lin,Hui Yu",
        "venue": "Expert Syst. Appl.",
        "id": "1272605",
        "label": "16",
        "organization": "Environmental Systems Engineering Program, Faculty of Engineering, University of Regina, Regina, Saskatchewan, Canada S4S 0A2"
    },
    {
        "title": "Opportunistic Optical Hyperchannel and Its Distributed QoS Assuring Access Control",
        "year": "2009",
        "authors": "Jing Chen,Jianping Wang,Hui Yu,Si-Qing Zheng",
        "venue": "IEEE Trans. Parallel Distrib. Syst.",
        "id": "1282262",
        "label": "6",
        "organization": "University of Texas at Dallas, Richardson"
    },
    {
        "title": "A Novel Integrated Cell-Based Biosensor for Extracellular Electrophysiological Monitoring",
        "year": "2007",
        "authors": "Ying Xu,Hui Yu,Hua Cai,Qingjun Liu,Ping Wang",
        "venue": "Advances in Adaptive Data Analysis",
        "id": "1292807",
        "label": "18",
        "organization": "null"
    },
    {
        "title": "News Summarization Based on Semantic Similarity Measure.",
        "year": "2009",
        "authors": "Hui Yu",
        "venue": "null",
        "id": "1323046",
        "label": "17",
        "organization": "Inst. of Comput. & Commun. Eng., China Univ. of Pet., Dongying, China"
    },
    {
        "title": "Adoption of Cognitive Radio Scheme to Class-Based Call Admission Control.",
        "year": "2009",
        "authors": "Dongyue Xue,Hui Yu,Xinbing Wang,Hsiao-Hwa Chen",
        "venue": "null",
        "id": "1324322",
        "label": "19",
        "organization": "Dept. of Electron. Eng., Shanghai Jiao Tong Univ., Shanghai, China"
    },
    {
        "title": "Design of Pork Traceability Information System.",
        "year": "2008",
        "authors": "Yangqing Zhu,Lianming Zeng,Hua Li,Hui Yu",
        "venue": "null",
        "id": "1328134",
        "label": "19",
        "organization": "Inf. & Educ. Technol. Center, Foshan Univ., Foshan, China"
    },
    {
        "title": "A Log Analysis Audit Model Based on Optimized Clustering Algorithm",
        "year": "2007",
        "authors": "Hui Yu,Xingjian Shi",
        "venue": "Proceedings of the 2007 IFIP International Conference on Network and Parallel Computing Workshops",
        "id": "1577285",
        "label": "20",
        "organization": "Northwestern Polytechnic University"
    },
    {
        "title": "Summarization for Internet News Based on Clustering Algorithm",
        "year": "2009",
        "authors": "Hui Yu",
        "venue": "Proceedings of the 2009 International Conference on Computational Intelligence and Natural Computing - Volume 01",
        "id": "1654398",
        "label": "17",
        "organization": "Inst. of Comput. & Commun. Eng., China Univ. of Pet., Dongying, China"
    }
]