[
    {
        "title": "Video Extraction in Compressed Domain",
        "year": "2003",
        "authors": "Puteri Norhashimah,Hui Fang,Jianmin Jiang",
        "venue": "AVSS",
        "id": "61440",
        "label": "1",
        "organization": "null"
    },
    {
        "title": "Randomly Accessible Procedural Animation of Physically Approximate Turbulent Motion",
        "year": "2002",
        "authors": "Hui Fang,John C. Hart",
        "venue": "CA",
        "id": "70509",
        "label": "2",
        "organization": "null"
    },
    {
        "title": "Improve retrieval accuracy for difficult queries using negative feedback",
        "year": "2007",
        "authors": "Xuanhui Wang,Hui Fang,ChengXiang Zhai",
        "venue": "CIKM",
        "id": "96305",
        "label": "2",
        "organization": "The Ohio State University, Columbus, OH"
    },
    {
        "title": "Subspace Clustering for Microarray Data Analysis: Multiple Criteria and Significance Assessment",
        "year": "2004",
        "authors": "Hui Fang,ChengXiang Zhai,Lei Liu,Jiong Yang",
        "venue": "CSB",
        "id": "120860",
        "label": "2",
        "organization": "University of Illinois at Urbana-Champaign"
    },
    {
        "title": "A Hybrid Scheme for Temporal Video Segmentation",
        "year": "2006",
        "authors": "Hui Fang,Puteri Norhashimah,Jianmin Jiang,Yong Yin",
        "venue": "DELTA",
        "id": "148731",
        "label": "1",
        "organization": "null"
    },
    {
        "title": "Probabilistic Models for Expert Finding",
        "year": "2007",
        "authors": "Hui Fang,ChengXiang Zhai",
        "venue": "ECIR",
        "id": "170388",
        "label": "2",
        "organization": "null"
    },
    {
        "title": "3D facial geometry recovery via group-wise optical flow",
        "year": "2008",
        "authors": "Hui Fang,Nicholas Costen,David Cristinacce,John Darby",
        "venue": "FG",
        "id": "205794",
        "label": "5",
        "organization": "null"
    },
    {
        "title": "Automatic alignment of large-scale aerial rasters to road-maps",
        "year": "2007",
        "authors": "Xiaqing Wu,Rodrigo L. Carceroni,Hui Fang,Steve Zelinka,Andrew Kirmse",
        "venue": "GIS",
        "id": "233075",
        "label": "2",
        "organization": "Google, Inc., Mountain View, CA"
    },
    {
        "title": "Interactive material replacement in photographs",
        "year": "2005",
        "authors": "Steve Zelinka,Hui Fang,Michael Garland,John C. Hart",
        "venue": "Graphics Interface",
        "id": "236117",
        "label": "2",
        "organization": "University of Illinois at Urbana, Champaign"
    },
    {
        "title": "Region Growing with Automatic Seeding for Semantic Video Object Segmentation",
        "year": "2005",
        "authors": "Yue Feng,Hui Fang,Jianmin Jiang",
        "venue": "ICAPR (2)",
        "id": "273194",
        "label": "1",
        "organization": "null"
    },
    {
        "title": "Video Indexing and Retrieval in Compressed Domain Using Fuzzy-Categorization",
        "year": "2006",
        "authors": "Hui Fang,Rami Qahwaji,Jianmin Jiang",
        "venue": "ISVC (2)",
        "id": "451647",
        "label": "1",
        "organization": "null"
    },
    {
        "title": "3D Face Reconstruction Under Imperfect Tracking Circumstances Using Shape Model Constraints",
        "year": "2007",
        "authors": "Hui Fang,Nicholas Paul Costen",
        "venue": "ISVC (2)",
        "id": "451833",
        "label": "5",
        "organization": "null"
    },
    {
        "title": "A formal study of information retrieval heuristics",
        "year": "2004",
        "authors": "Hui Fang,Tao Tao,ChengXiang Zhai",
        "venue": "SIGIR",
        "id": "594871",
        "label": "2",
        "organization": "University of Illinois at Urbana Champaign, Urbana, IL"
    },
    {
        "title": "An exploration of axiomatic approaches to information retrieval",
        "year": "2005",
        "authors": "Hui Fang,ChengXiang Zhai",
        "venue": "SIGIR",
        "id": "594872",
        "label": "2",
        "organization": "University of Illinois at Urbana-Champaign"
    },
    {
        "title": "Semantic term matching in axiomatic approaches to information retrieval",
        "year": "2006",
        "authors": "Hui Fang,ChengXiang Zhai",
        "venue": "SIGIR",
        "id": "594873",
        "label": "2",
        "organization": "null"
    },
    {
        "title": "A study of Poisson query generation model for information retrieval",
        "year": "2007",
        "authors": "Qiaozhu Mei,Hui Fang,ChengXiang Zhai",
        "venue": "SIGIR",
        "id": "596192",
        "label": "2",
        "organization": "University of Illinois at Urbana-Champaign"
    },
    {
        "title": "Term feedback for information retrieval with language models",
        "year": "2007",
        "authors": "Bin Tan,Atulya Velivelli,Hui Fang,ChengXiang Zhai",
        "venue": "SIGIR",
        "id": "596322",
        "label": "2",
        "organization": "University of Illinois"
    },
    {
        "title": "A study of methods for negative relevance feedback",
        "year": "2008",
        "authors": "Xuanhui Wang,Hui Fang,ChengXiang Zhai",
        "venue": "SIGIR",
        "id": "596450",
        "label": "2",
        "organization": "OSU, Columbus, OH, USA"
    },
    {
        "title": "Improving the Robustness of Language Models - UIUC TREC 2003 Robust and Genomics Experiments",
        "year": "2003",
        "authors": "ChengXiang Zhai,Tao Tao,Hui Fang,Zhidi Shang",
        "venue": "TREC",
        "id": "630441",
        "label": "2",
        "organization": "null"
    },
    {
        "title": "Language Models for Expert Finding--UIUC TREC 2006 Enterprise Track Experiments",
        "year": "2006",
        "authors": "Hui Fang,Lixin Zhou,ChengXiang Zhai",
        "venue": "TREC",
        "id": "630680",
        "label": "2",
        "organization": "null"
    },
    {
        "title": "Controlling Uncertainty in Personal Positioning at Minimal Measurement Cost",
        "year": "2008",
        "authors": "Hui Fang,Wen-Jing Hsu,Larry Rudolph",
        "venue": "UIC",
        "id": "633896",
        "label": "3",
        "organization": "Singapore-MIT Alliance, Nanyang Technological University, Singapore 639798"
    },
    {
        "title": "An empirical study of gene synonym query expansion in biomedical information retrieval",
        "year": "2009",
        "authors": "Yue Lu,Hui Fang,Chengxiang Zhai",
        "venue": "Inf. Retr.",
        "id": "937644",
        "label": "2",
        "organization": "Electrical and Computer Engineering, University of Delaware, Newark, USA 19716"
    },
    {
        "title": "Neural adaptive control for a class of nonlinear systems with unknown deadzone",
        "year": "2008",
        "authors": "Zhonghua Wang,Yong Zhang,Hui Fang",
        "venue": "Neural Computing and Applications",
        "id": "1022105",
        "label": "7",
        "organization": "University of Jinan, School of Control Science and Engineering, 250022, Jinan, People&#x2019;s Republic of China"
    },
    {
        "title": "A fuzzy logic approach for detection of video shot boundaries",
        "year": "2006",
        "authors": "Hui Fang,Jianmin Jiang,Yue Feng",
        "venue": "Pattern Recognition",
        "id": "1042246",
        "label": "1",
        "organization": "School of Informatics, University of Bradford, Richmond Road, Bradford, West Yorkshire BD7 1DP, UK"
    },
    {
        "title": "Textureshop: texture synthesis as a photograph editing tool",
        "year": "2004",
        "authors": "Hui Fang,John C. Hart",
        "venue": "ACM Trans. Graph.",
        "id": "1119122",
        "label": "2",
        "organization": "University of Illinois, Urbana-Champaign"
    },
    {
        "title": "Detail preserving shape deformation in image editing",
        "year": "2007",
        "authors": "Hui Fang,John C. Hart",
        "venue": "ACM Trans. Graph.",
        "id": "1119749",
        "label": "2",
        "organization": "Google, Inc."
    },
    {
        "title": "RotoTexture: Automated Tools for Texturing Raw Video",
        "year": "2006",
        "authors": "Hui Fang,John C. Hart",
        "venue": "IEEE Trans. Vis. Comput. Graph.",
        "id": "1133925",
        "label": "2",
        "organization": "null"
    },
    {
        "title": "Behavioral Consistency Extraction for Face Verification",
        "year": "2008",
        "authors": "Hui Fang,Nicholas Costen",
        "venue": "COST 2102 Conference (Prague)",
        "id": "1206557",
        "label": "5",
        "organization": "null"
    },
    {
        "title": "Face Video Competition",
        "year": "2009",
        "authors": "Norman Poh,Chi-Ho Chan,Josef Kittler,Sebastien Marcel,Christopher Mc Cool,Enrique Argones-Rua,Jose Luis Alba-Castro,Mauricio Villegas,Roberto Paredes,Vitomir Struc,Nikola Pavesic,Albert Ali Salah,Hui Fang,Nicholas Costen",
        "venue": "ICB",
        "id": "1209665",
        "label": "5",
        "organization": "null"
    },
    {
        "title": "UIUC/MUSC at TREC 2005 Genomics Track",
        "year": "2005",
        "authors": "ChengXiang Zhai,Xu Ling,Xin He,Atulya Velivelli,Xuanhui Wang,Hui Fang,Azadeh Shakery,Xinghua Lu",
        "venue": "TREC",
        "id": "1214686",
        "label": "2",
        "organization": "null"
    },
    {
        "title": "An Axiomatic Approach to IR--UIUC TREC 2005 Robust Track Experiments",
        "year": "2005",
        "authors": "Hui Fang,ChengXiang Zhai",
        "venue": "TREC",
        "id": "1214718",
        "label": "2",
        "organization": "null"
    },
    {
        "title": "Interactive Construction of Query Language Models - UIUC TREC 2005 HARD Track Experiments",
        "year": "2005",
        "authors": "Bin Tan,Atulya Velivelli,Hui Fang,ChengXiang Zhai",
        "venue": "TREC",
        "id": "1214740",
        "label": "2",
        "organization": "null"
    },
    {
        "title": "Mining User Position Log for Construction of Personalized Activity Map",
        "year": "2009",
        "authors": "Hui Fang,Wen-Jing Hsu,Larry Rudolph",
        "venue": "ADMA",
        "id": "1236821",
        "label": "3",
        "organization": "Singapore-MIT Alliance, Nanyang Technological University, Singapore 637460"
    },
    {
        "title": "Cognitive personal positioning based on activity map and adaptive particle filter",
        "year": "2009",
        "authors": "Hui Fang,Wen-Jing Hsu,Larry Rudolph",
        "venue": "MSWiM",
        "id": "1253498",
        "label": "3",
        "organization": "Nanyang Technological University, Singapore"
    },
    {
        "title": "Existence of nontrivial homoclinic orbits for fourth-order difference equations",
        "year": "2009",
        "authors": "Hui Fang,Dapeng Zhao",
        "venue": "Applied Mathematics and Computation",
        "id": "1283680",
        "label": "0",
        "organization": "null"
    },
    {
        "title": "Web Search Relevance Feedback",
        "year": "2009",
        "authors": "Hui Fang,ChengXiang Zhai",
        "venue": "Theory of Computing Systems",
        "id": "1299631",
        "label": "2",
        "organization": "null"
    },
    {
        "title": "Determination of Total Amino Acids in Oilseed Rape Leaves Using Near Infrared Spectroscopy and Chemometrics.",
        "year": "2009",
        "authors": "Fei Liu,Fan Zhang,Hui Fang,Weijun Zhou,Yong He",
        "venue": "null",
        "id": "1317808",
        "label": "4",
        "organization": "null"
    },
    {
        "title": "An Implementation of Time and Frequency Synchronization for Carrier Interferometry of OFDM in an Underwater Acoustic Channel.",
        "year": "2009",
        "authors": "Hui Fang,Xiaoyi Hu,Ru Xu",
        "venue": "null",
        "id": "1318435",
        "label": "6",
        "organization": "null"
    },
    {
        "title": "The Design of an Observer-Based Neural Adaptive Controller for a Class of Nonlinear Systems with Input-Constrained.",
        "year": "2009",
        "authors": "Min Fang,Xueyan Yang,Hui Fang,Xiaoli Bai",
        "venue": "null",
        "id": "1323180",
        "label": "7",
        "organization": "null"
    },
    {
        "title": "Face Video Competition",
        "year": "2009",
        "authors": "Norman Poh,Chi Ho Chan,Josef Kittler,S bastien Marcel,Christopher Mc Cool,Enrique Argones R a,Jos  Luis Castro,Mauricio Villegas,Roberto Paredes,Vitomir  truc,Nikola Pave i ,Albert Ali Salah,Hui Fang,Nicholas Costen",
        "venue": "Proceedings of the Third International Conference on Advances in Biometrics",
        "id": "1431828",
        "label": "5",
        "organization": "Department of Computing and Mathematics, Manchester Metropolitan University, UK M1 5GD"
    },
    {
        "title": "Behavioral Consistency Extraction for Face Verification",
        "year": "2009",
        "authors": "Hui Fang,Nicholas Costen",
        "venue": "Cross-Modal Analysis of Speech, Gestures, Gaze and Facial Expressions: COST Action 2102 International Conference Prague, Czech Republic, October 15-18, 2008 Revised Selected and Invited Papers",
        "id": "1657736",
        "label": "5",
        "organization": "Department of Computing and Mathematics, Manchester Metropolitan University, Manchester, U.K."
    },
    {
        "title": "Detection of Protein Content of Oilseed Rape Leaves Using Visible/Near-Infrared Spectroscopy and Multivariate Calibrations",
        "year": "2008",
        "authors": "Fei Liu,Hui Fang,Yong He,Fan Zhang,Zonglai Jin,Weijun Zhou",
        "venue": "Proceedings of the 2008 Fourth International Conference on Natural Computation - Volume 03",
        "id": "1751618",
        "label": "4",
        "organization": "null"
    }
]