[
    {
        "title": "Enhanced speech in noisy multiple speaker environment",
        "year": "2008",
        "authors": "Chiman Kwan,S. Chu,J. Yin,X. Liu,M. Kruger,I. Sityar",
        "venue": "IJCNN",
        "id": "394123",
        "label": "0",
        "organization": "Signal Process. Inc., Rockville, MD"
    },
    {
        "title": "An integrated approach to robust speaker identification and speech recognition",
        "year": "2008",
        "authors": "C. Kwan,J. Yin,B. Ayhan,S. Chu,X. Liu,K. Puckett,Y. Zhao,K. C. Ho,M. Kruger,I. Sityar",
        "venue": "IJCNN",
        "id": "394302",
        "label": "0",
        "organization": "null"
    },
    {
        "title": "Speech separation algorithms for multiple speaker environments",
        "year": "2008",
        "authors": "C. Kwan,J. Yin,B. Ayhan,S. Chu,X. Liu,K. Puckett,Y. Zhao,K. C. Ho,M. Kruger,I. Sityar",
        "venue": "IJCNN",
        "id": "394383",
        "label": "0",
        "organization": "Signal Process., Inc., Rockville, MD"
    },
    {
        "title": "Reducing Complexity of Software Deployment with Delta Configuration",
        "year": "2007",
        "authors": "Arijit Ganguly,J. Yin,H. Shaikh,David M. Chess,T. Eilem,Renato J. O. Figueiredo,J. Hansom,A. Mohindra,Giovanni Pacifici",
        "venue": "Integrated Network Management",
        "id": "395863",
        "label": "1",
        "organization": "Adv. Comput. & Inf. Syst. Lab., Florida Univ., Gainesville, FL"
    },
    {
        "title": "Recent applications of IBM's query by image content (QBIC)",
        "year": "1996",
        "authors": "Dragutin Petkovic,Wayne Niblack,Myron Flickner,David Steele,Denis Lee,J. Yin,Jim Hafner,F. Tung,H. Treat,R. Dow,M. Gee,M. Vo,P. Vo,Bonnie J. Holt,J. Hethorn,K. Weiss,P. Elliott,C. Bird",
        "venue": "SAC",
        "id": "568248",
        "label": "2",
        "organization": "null"
    },
    {
        "title": "Existence of holey 3-GDDs of type (u, gtw1)",
        "year": "1999",
        "authors": "J. Wang,J. Yin",
        "venue": "Discrete Mathematics",
        "id": "851468",
        "label": "3",
        "organization": "null"
    },
    {
        "title": "Packings and coverings of the complete directed multigraph with 3- and 4-circuits",
        "year": "1996",
        "authors": "Frank E. Bennett,J. Yin",
        "venue": "Discrete Mathematics",
        "id": "852410",
        "label": "3",
        "organization": "null"
    },
    {
        "title": "Existence of perfect Mendelsohn designs with k=5 and lambda1",
        "year": "1992",
        "authors": "Frank E. Bennett,Kevin T. Phelps,Christopher A. Rodger,J. Yin,Lie Zhu",
        "venue": "Discrete Mathematics",
        "id": "853306",
        "label": "3",
        "organization": "null"
    },
    {
        "title": "On the existence of perfect Mendelsohn designs with k = 7 and lambda even",
        "year": "1993",
        "authors": "Frank E. Bennett,J. Yin,Lie Zhu",
        "venue": "Discrete Mathematics",
        "id": "853631",
        "label": "3",
        "organization": "null"
    },
    {
        "title": "Four new BIBDs with block size seven",
        "year": "1993",
        "authors": "J. Yin,S. Wu",
        "venue": "Discrete Mathematics",
        "id": "853644",
        "label": "3",
        "organization": "null"
    },
    {
        "title": "Constrained mesh optimization on boundary",
        "year": "2008",
        "authors": "J. Yin,C. Teodosiu",
        "venue": "Eng. Comput. (Lond.)",
        "id": "874386",
        "label": "4",
        "organization": "Advanced Simulation Technology of Mechanics Co.,Ltd, Hirosawa 2-1, 351-0198, Wako, Japan"
    },
    {
        "title": "Signal Sets From Functions With Optimum Nonlinearity",
        "year": "2007",
        "authors": "C. Ding,J. Yin",
        "venue": "IEEE Transactions on Communications",
        "id": "1088118",
        "label": "3",
        "organization": "Dept. of Comput. Sci., Hong Kong Univ. of Sci. & Technol., Kowloon"
    },
    {
        "title": "Nonuniform Sequential Sampling for Signal Analysis",
        "year": "2004",
        "authors": "Peter Hall,J. Yin",
        "venue": "IEEE Transactions on Information Theory",
        "id": "1106114",
        "label": "5",
        "organization": "Centre for Math. & its Applications, Australian Nat. Univ., Canberra, ACT, Australia"
    },
    {
        "title": "Constructions for Perfect 5-Deletion-Correcting Codes of Length 7",
        "year": "2006",
        "authors": "J. Wang,J. Yin",
        "venue": "IEEE Transactions on Information Theory",
        "id": "1110056",
        "label": "3",
        "organization": "null"
    },
    {
        "title": "On Gauss quadrature and partial cross validation",
        "year": "2004",
        "authors": "A. S. Kozek,J. Yin",
        "venue": "Computational Statistics  Data Analysis",
        "id": "1156685",
        "label": "5",
        "organization": "null"
    },
    {
        "title": "A nanoscale nonvolatile memory device made from RbAg4I5 solid electrolyte grown on a Si substrate",
        "year": "2008",
        "authors": "X. F. Liang,Y. Chen,B. Yang,J. Yin,Z. G. Liu",
        "venue": "Microelectronic Engineering",
        "id": "1380017",
        "label": "6",
        "organization": "National Laboratory of Solid State Microstructures, Nanjing University, Nanjing 210093, People's Republic of China"
    },
    {
        "title": "On the existence of perfect Mendelsohn designs with k=7 and &lgr; even",
        "year": "1993",
        "authors": "F. E. Bennett,J. Yin,L. Zhu",
        "venue": "Discrete Mathematics",
        "id": "1503040",
        "label": "3",
        "organization": "null"
    },
    {
        "title": "Existence of perfect Mendelsohn designs with k=5 and &lgr;>1",
        "year": "1992",
        "authors": "F. E. Bennett,K. T. Phelps,C. A. Rodger,J. Yin,L. Zhu",
        "venue": "Discrete Mathematics",
        "id": "1671561",
        "label": "3",
        "organization": "null"
    }
]