[
    {
        "title": "TCP Quick-Adjust by Utilizing Explicit Link Characteristic Information",
        "year": "2008",
        "authors": "Ji Zhang,Jouni Korhonen,SooHong Park,David Pearce",
        "venue": "AINA Workshops",
        "id": "36878",
        "label": "0",
        "organization": "Univ. of York, York"
    },
    {
        "title": "Modular verification of dynamically adaptive systems",
        "year": "2009",
        "authors": "Ji Zhang,Heather Goldsby,Betty H. C. Cheng",
        "venue": "AOSD",
        "id": "43295",
        "label": "1",
        "organization": "Michigan State University, East Lansing, MI, USA"
    },
    {
        "title": "Grid-ODF: Detecting Outliers Effectively and Efficiently in Large Multi-dimensional Databases",
        "year": "2005",
        "authors": "Wei Wang,Ji Zhang,Hai H. Wang",
        "venue": "CIS (1)",
        "id": "97245",
        "label": "2",
        "organization": "null"
    },
    {
        "title": "A Dynamic Scalable Video Conference System Based on SIP",
        "year": "2005",
        "authors": "Zhen Yang,Huadong Ma,Ji Zhang",
        "venue": "CSCWD (Selected papers)",
        "id": "122237",
        "label": "4",
        "organization": "null"
    },
    {
        "title": "Building XML Data Warehouse Based on Frequent Patterns in User Queries",
        "year": "2003",
        "authors": "Ji Zhang,Tok Wang Ling,Robert M. Bruckner,A. Min Tjoa",
        "venue": "DaWaK",
        "id": "144501",
        "label": "2",
        "organization": "null"
    },
    {
        "title": "An Information-Driven Framework for Image Mining",
        "year": "2001",
        "authors": "Ji Zhang,Wynne Hsu,Mong-Li Lee",
        "venue": "DEXA",
        "id": "150642",
        "label": "6",
        "organization": "null"
    },
    {
        "title": "PC-Filter: A Robust Filtering Technique for Duplicate Record Detection in Large Databases",
        "year": "2004",
        "authors": "Ji Zhang,Tok Wang Ling,Robert M. Bruckner,Han Liu",
        "venue": "DEXA",
        "id": "150646",
        "label": "2",
        "organization": "null"
    },
    {
        "title": "On Efficient and Effective Association Rule Mining from XML Data",
        "year": "2004",
        "authors": "Ji Zhang,Tok Wang Ling,Robert M. Bruckner,A. Min Tjoa,Han Liu",
        "venue": "DEXA",
        "id": "150648",
        "label": "2",
        "organization": "null"
    },
    {
        "title": "A Color Indexing Scheme Using Two-level Clustering Processing for Effective and Efficient Image Retrieval",
        "year": "2005",
        "authors": "Ji Zhang,Wei Wang,Sheng Zhang",
        "venue": "DMIN",
        "id": "158817",
        "label": "2",
        "organization": "null"
    },
    {
        "title": "Fault Diagnosis Approach Based on Qualitative Model of Signed Directed Graph and Reasoning Rules",
        "year": "2005",
        "authors": "Bingshu Wang,Wenliang Cao,Liangyu Ma,Ji Zhang",
        "venue": "FSKD (2)",
        "id": "217908",
        "label": "8",
        "organization": "null"
    },
    {
        "title": "A Computational Framework and Browser for Supporting Automatic Genome Annotation",
        "year": "2006",
        "authors": "Feng Lu,Ji Zhang,Yanhong Zhou",
        "venue": "GCC Workshops",
        "id": "224427",
        "label": "9",
        "organization": "Huazhong University of Science and Technology, China"
    },
    {
        "title": "A Novel Dimensionality Reduction Technique Based on Independent Component Analysis for Modeling Microarray Gene Expression Data",
        "year": "2004",
        "authors": "Han Liu,Rafal Kustra,Ji Zhang",
        "venue": "IC-AI",
        "id": "265495",
        "label": "2",
        "organization": "null"
    },
    {
        "title": "Statistical Issues with Labeled Sample Size Analysis for Semi-Supervised Linear Discriminant Analysis",
        "year": "2004",
        "authors": "Han Liu,Di Wu,Ji Zhang,Xiaolin Yang,Xiaobin Yuan,Rafal Kustra",
        "venue": "IC-AI",
        "id": "265498",
        "label": "2",
        "organization": "null"
    },
    {
        "title": "Generalized Semi-Infinite Optimization and its Application in Robotics' Path Planning Problem",
        "year": "2004",
        "authors": "Han Liu,Xiaolin Yang,Ji Zhang,Yongji Wang",
        "venue": "IC-AI",
        "id": "265499",
        "label": "2",
        "organization": "null"
    },
    {
        "title": "A Novel Composite Kernel Approach to Chinese Entity Relation Extraction",
        "year": "2009",
        "authors": "Ji Zhang,You Ouyang,Wenjie Li,Yuexian Hou",
        "venue": "ICCPOL",
        "id": "289783",
        "label": "10",
        "organization": "Department of Computing, The Hong Kong Polytechnic University, Hong Kong and School of Computer Science and Technology, Tianjin University, China"
    },
    {
        "title": "Event-Based Summarization Using Critical Temporal Event Term Chain",
        "year": "2009",
        "authors": "Maofu Liu,Wenjie Li,Xiaolong Zhang,Ji Zhang",
        "venue": "ICCPOL",
        "id": "289829",
        "label": "10",
        "organization": "Department of Computing, The Hong Kong Polytechnic University, Kowloon, Hong Kong"
    },
    {
        "title": "Simplifying the Reconstruction of 3D Models using Parameter Elimination",
        "year": "2007",
        "authors": "Daniel G. Aliaga,Ji Zhang,Mireille Boutin",
        "venue": "ICCV",
        "id": "294133",
        "label": "11",
        "organization": "Purdue Univ., West Lafayette"
    },
    {
        "title": "SPOT: A System for Detecting Projected Outliers From High-dimensional Data Streams",
        "year": "2008",
        "authors": "Ji Zhang,Qigang Gao,Hai Wang",
        "venue": "ICDE",
        "id": "301949",
        "label": "2",
        "organization": "Faculty of Computer Science, Dalhousie University, Halifax, Nova Scotia, Canada. jiz@cs.dal.ca"
    },
    {
        "title": "A Novel Method for Detecting Outlying Subspaces in High-dimensional Databases Using Genetic Algorithm",
        "year": "2006",
        "authors": "Ji Zhang,Qigang Gao,Hai Wang",
        "venue": "ICDM",
        "id": "303120",
        "label": "2",
        "organization": "Dalhousie University, Canada"
    },
    {
        "title": "Robust Bundle Adjustment for Structure from Motion",
        "year": "2006",
        "authors": "Ji Zhang,Mireille Boutin,Daniel G. Aliaga",
        "venue": "ICIP",
        "id": "324318",
        "label": "11",
        "organization": "Dept. of Comput. Sci., Purdue Univ., West Lafayette, IN"
    },
    {
        "title": "Model-based development of dynamically adaptive software",
        "year": "2006",
        "authors": "Ji Zhang,Betty H. C. Cheng",
        "venue": "ICSE",
        "id": "363463",
        "label": "1",
        "organization": "Michigan State University, East Lansing, MI"
    },
    {
        "title": "Enabling Safe Dynamic Component-Based Software Adaptation",
        "year": "2004",
        "authors": "Ji Zhang,Betty H. C. Cheng,Zhenxiao Yang,Philip K. McKinley",
        "venue": "WADS",
        "id": "363464",
        "label": "1",
        "organization": "null"
    },
    {
        "title": "Discover Gene Specific Local Co-regulations Using Progressive Genetic Algorithm",
        "year": "2006",
        "authors": "Ji Zhang,Qigang Gao,Hai Wang",
        "venue": "ICTAI",
        "id": "367756",
        "label": "2",
        "organization": "Dalhousie University, Canada"
    },
    {
        "title": "An Effective and Efficient Data Cleaning Technique in Large Databases",
        "year": "2004",
        "authors": "Ji Zhang,Han Liu",
        "venue": "IKE",
        "id": "394809",
        "label": "2",
        "organization": "null"
    },
    {
        "title": "On a Class of Banyan Networks and Tandem Banyan Switching Fabrics",
        "year": "1993",
        "authors": "Sandeep Sibal,Ji Zhang",
        "venue": "INFOCOM",
        "id": "402457",
        "label": "0",
        "organization": "Dept. of Electr. Comput. & Syst. Eng., Rensselaer Polytech. Inst., Troy, NY"
    },
    {
        "title": "Spectral Decomposition Approach for Transient Analysis of Multi-Server Discrete-Time Queues",
        "year": "1992",
        "authors": "Khosrow Sohraby,Ji Zhang",
        "venue": "INFOCOM",
        "id": "402523",
        "label": "0",
        "organization": "null"
    },
    {
        "title": "Performance Study of Markov Modulated Fluid Flow Models with Priority Traffic",
        "year": "1993",
        "authors": "Ji Zhang",
        "venue": "INFOCOM",
        "id": "402948",
        "label": "0",
        "organization": "Dept. of Electr. Comput. Syst. Eng., Rensselaer Polytech. Inst., Troy, NY"
    },
    {
        "title": "The Transient Performance Analysis of Voice/Data Integrated Networks",
        "year": "1990",
        "authors": "Ji Zhang,Edward J. Coyle",
        "venue": "INFOCOM",
        "id": "402964",
        "label": "0",
        "organization": "Dept. of Electr. Eng., Hawaii Univ., Manoa, Honolulu, HI"
    },
    {
        "title": "Anomaly detection in high-dimensional network data streams: A case study",
        "year": "2008",
        "authors": "Ji Zhang,Qigang Gao,Hai Wang",
        "venue": "ISI",
        "id": "436009",
        "label": "2",
        "organization": "Fac. of Comput. Sci., Dalhousie Univ., Halifax, NS"
    },
    {
        "title": "Itanium processor clock design",
        "year": "2000",
        "authors": "Utpal Desai,Simon Tam,Robert Kim,Ji Zhang,Stefan Rusu",
        "venue": "ISPD",
        "id": "446415",
        "label": "14",
        "organization": "Intel Corporation, M/S SC12-502, 2200 Mission College Blvd, Santa Clara, CA"
    },
    {
        "title": "Image Mining: Issues, Frameworks and Techniques",
        "year": "2001",
        "authors": "Ji Zhang,Wynne Hsu,Mong-Li Lee",
        "venue": "MDM/KDD",
        "id": "473452",
        "label": "6",
        "organization": "null"
    },
    {
        "title": "Optimizing the Java Piped I/O Stream Library for Performance",
        "year": "2002",
        "authors": "Ji Zhang,Jaejin Lee,Philip K. McKinley",
        "venue": "LCPC",
        "id": "483364",
        "label": "1",
        "organization": "null"
    },
    {
        "title": "Addressing mobility issues in mobile environment",
        "year": "2008",
        "authors": "Ji Zhang,Arto Hamalainen,Jari Porras",
        "venue": "Mobile Middleware",
        "id": "500242",
        "label": "3",
        "organization": "Lappeenranta University of Technology, Finland"
    },
    {
        "title": "AMOEBA-RT: Run-Time Verification of Adaptive Software",
        "year": "2007",
        "authors": "Heather Goldsby,Betty H. C. Cheng,Ji Zhang",
        "venue": "MoDELS Workshops",
        "id": "507447",
        "label": "1",
        "organization": "null"
    },
    {
        "title": "HOS-Miner: A System for Detecting Outlying Subspaces of High-dimensional Data",
        "year": "2004",
        "authors": "Ji Zhang,Meng Lou,Tok Wang Ling,Hai H. Wang",
        "venue": "VLDB",
        "id": "644127",
        "label": "2",
        "organization": "null"
    },
    {
        "title": "Proactive care-of address test for route optimization in FMIPv6",
        "year": "2005",
        "authors": "Ji Zhang,David Pearce",
        "venue": "WMASH",
        "id": "665001",
        "label": "0",
        "organization": "null"
    },
    {
        "title": "X-warehouse: building query pattern-driven data",
        "year": "2005",
        "authors": "Ji Zhang,Wei Wang,Han Liu,Sheng Zhang",
        "venue": "WWW (Special interest tracks and posters)",
        "id": "674908",
        "label": "2",
        "organization": "University of Toronto, Toronto, Canada"
    },
    {
        "title": "XAR-miner: efficient association rules mining for XML data",
        "year": "2005",
        "authors": "Sheng Zhang,Ji Zhang,Han Liu,Wei Wang",
        "venue": "WWW (Special interest tracks and posters)",
        "id": "674912",
        "label": "2",
        "organization": "University of Toronto, Toronto, Canada"
    },
    {
        "title": "Gait Planning Of Quadruped Robot Based On Third-Order Spline Interpolation",
        "year": "2006",
        "authors": "Hao Dong,Mingguo Zhao,Ji Zhang,Zongying Shi,Naiyao Zhang",
        "venue": "IROS",
        "id": "724661",
        "label": "5",
        "organization": "Dept. of Autom., Tsinghua Univ., Beijing"
    },
    {
        "title": "Research and Practice in Undergraduate Embedded System Course",
        "year": "2008",
        "authors": "Xiumin Shi,Ji Zhang,Yanbing Ju",
        "venue": "ICYCS",
        "id": "730243",
        "label": "7",
        "organization": "Dept. of Electr. Eng., Beijing Inst. of Technol., Beijing"
    },
    {
        "title": "A Framework for Efficient Association Rule Mining in XML Data",
        "year": "2006",
        "authors": "Ji Zhang,Han Liu,Tok Wang Ling,Robert M. Bruckner,A. Min Tjoa",
        "venue": "J. Database Manag.",
        "id": "979868",
        "label": "2",
        "organization": "null"
    },
    {
        "title": "Image Mining: Trends and Developments",
        "year": "2002",
        "authors": "Wynne Hsu,Mong-Li Lee,Ji Zhang",
        "venue": "J. Intell. Inf. Syst.",
        "id": "982224",
        "label": "6",
        "organization": "null"
    },
    {
        "title": "Clustering in Dynamic Spatial Databases",
        "year": "2005",
        "authors": "Ji Zhang,Wynne Hsu,Mong-Li Lee",
        "venue": "J. Intell. Inf. Syst.",
        "id": "982386",
        "label": "6",
        "organization": "School of Computing, National University of Singapore, Singapore 117543"
    },
    {
        "title": "Using temporal logic to specify adaptive program semantics",
        "year": "2006",
        "authors": "Ji Zhang,Betty H. C. Cheng",
        "venue": "Journal of Systems and Software",
        "id": "997631",
        "label": "1",
        "organization": "null"
    },
    {
        "title": "Detecting outlying subspaces for high-dimensional data: the new task, algorithms, and performance",
        "year": "2006",
        "authors": "Ji Zhang,Hai Wang",
        "venue": "Knowl. Inf. Syst.",
        "id": "1003512",
        "label": "2",
        "organization": "Faculty of Computer Science, Dalhousie University, Halifax, Nova Scotia, Canada"
    },
    {
        "title": "Spectral Decomposition Approach for Transient Analysis of Multi-Server Discrete-Time Queues",
        "year": "1994",
        "authors": "Khosrow Sohraby,Ji Zhang",
        "venue": "Perform. Eval.",
        "id": "1037236",
        "label": "0",
        "organization": "IBM Thomas J. Watson Res. Center, Yorktown Heights, NY"
    },
    {
        "title": "Discover gene specific local co-regulations from time-course gene expression data",
        "year": "2008",
        "authors": "Ji Zhang,Qigang Gao,Hai Wang",
        "venue": "Scientific Programming",
        "id": "1073329",
        "label": "2",
        "organization": "null"
    },
    {
        "title": "The transient solution of time-dependent M/M/1 queues",
        "year": "1991",
        "authors": "Ji Zhang,Edward J. Coyle",
        "venue": "IEEE Transactions on Information Theory",
        "id": "1109810",
        "label": "0",
        "organization": "Rensselaer Polytech. Inst., Troy, NY"
    },
    {
        "title": "Specifying real-time properties in autonomic systems",
        "year": "2007",
        "authors": "Ji Zhang,Zhinan Zhou,Betty H. C. Cheng,Philip K. McKinley",
        "venue": "ISSE",
        "id": "1168394",
        "label": "1",
        "organization": "null"
    },
    {
        "title": "Specifying adaptation semantics",
        "year": "2005",
        "authors": "Ji Zhang,Betty H. C. Cheng",
        "venue": "ACM SIGSOFT Software Engineering Notes",
        "id": "1179821",
        "label": "1",
        "organization": "Michigan State University, East Lansing, Michigan"
    },
    {
        "title": "D-GridMST: Clustering Large Distributed Spatial Databases",
        "year": "2005",
        "authors": "Ji Zhang,Han Liu",
        "venue": "Classification and Clustering for Knowledge Discovery",
        "id": "1200887",
        "label": "2",
        "organization": "null"
    },
    {
        "title": "Gene Specific Co-regulation Discovery: An Improved Approach",
        "year": "2009",
        "authors": "Ji Zhang,Qing Liu,Kai Xu",
        "venue": "ICCS (1)",
        "id": "1209808",
        "label": "2",
        "organization": "CSIRO Tasmanian ICT Centre, Hobart, Australia 7001"
    },
    {
        "title": "Humanoid Robot Gait Generation Based on Limit Cycle Stability",
        "year": "2008",
        "authors": "Mingguo Zhao,Ji Zhang,Hao Dong,Yu Liu,Liguo Li,Xuemin Su",
        "venue": "RoboCup",
        "id": "1213105",
        "label": "5",
        "organization": "null"
    },
    {
        "title": "Detecting Projected Outliers in High-Dimensional Data Streams",
        "year": "2009",
        "authors": "Ji Zhang,Qigang Gao,Hai H. Wang,Qing Liu,Kai Xu",
        "venue": "DEXA",
        "id": "1241679",
        "label": "2",
        "organization": "CSIRO ICT Center, Hobart, Australia"
    },
    {
        "title": "The Intelligent Reconfigurable Measuring Node Based on Wireless Access Network.",
        "year": "2009",
        "authors": "Liming Wu,Junxiu Liu,Ji Zhang,Yuling Luo",
        "venue": "null",
        "id": "1304221",
        "label": "12",
        "organization": "Fac. of Inf. Eng., Guangdong Univ. of Technol., Guangzhou, China"
    },
    {
        "title": "A dynamic scalable service model for SIP-based video conference.",
        "year": "2005",
        "authors": "Zhen Yang,Huadong Ma,Ji Zhang",
        "venue": "null",
        "id": "1304504",
        "label": "4",
        "organization": "Sch. of Comput. Sci. & Technol., Beijing Univ. of Posts & Telecommun., China"
    },
    {
        "title": "Effect of energy feedbacks on Virtual Slope Walking: I. Complementary Energy Feedback.",
        "year": "2009",
        "authors": "Ji Zhang,Mingguo Zhao,Hao Dong",
        "venue": "null",
        "id": "1306965",
        "label": "5",
        "organization": "Dept. of Autom., Tsinghua Univ., Beijing, China"
    },
    {
        "title": "On the error analysis of vertical line pair-based monocular visual odometry in urban area.",
        "year": "2009",
        "authors": "Ji Zhang,Dezhen Song",
        "venue": "null",
        "id": "1312773",
        "label": "13",
        "organization": "Computer Science and Engineering Department, Texas A&M University, College Station, TX"
    },
    {
        "title": "Effect of Gaze Direction and Face Expression on Visual Reflexive Attention.",
        "year": "2009",
        "authors": "Xin Guan,Qi Wang,Ji Zhang,Xue-min Zhang",
        "venue": "null",
        "id": "1329302",
        "label": "12",
        "organization": "Sch. of Psychol., Beijing Normal Univ., Beijing, China"
    },
    {
        "title": "Towards outlier detection for high-dimensional data streams using projected outlier analysis strategy",
        "year": "2009",
        "authors": "Ji Zhang",
        "venue": "null",
        "id": "1366661",
        "label": "2",
        "organization": "Dalhousie University (Canada)"
    },
    {
        "title": "Hos-Miner: a system for detecting outlyting subspaces of high-dimensional data",
        "year": "2004",
        "authors": "Ji Zhang,Meng Lou,Tok Wang Ling,Hai Wang",
        "venue": "Proceedings of the Thirtieth international conference on Very large data bases - Volume 30",
        "id": "1580147",
        "label": "2",
        "organization": "Department of Computer Science, University of Toronto"
    },
    {
        "title": "An Effective Error Concealment Framework For H.264 Decoder Based on Video Scene Change Detection",
        "year": "2007",
        "authors": "Ji Zhang,Feng Liu,Hui Shao,Gang Wang",
        "venue": "Proceedings of the Fourth International Conference on Image and Graphics",
        "id": "1585574",
        "label": "15",
        "organization": "Nanjing Univ. of Posts & Telecomm, China"
    },
    {
        "title": "AMOEBA-RT: Run-Time Verification of Adaptive Software",
        "year": "2008",
        "authors": "Heather J. Goldsby,Betty H. Cheng,Ji Zhang",
        "venue": "Models in Software Engineering: Workshops and Symposia at MoDELS 2007, Nashville, TN, USA, September 30 - October 5, 2007, Reports and Revised Selected Papers",
        "id": "1599631",
        "label": "1",
        "organization": "Department of Computer Science and Engineering, Michigan State University, East Lansing, USA 48824"
    },
    {
        "title": "Towards Re-engineering Legacy Systems for Assured Dynamic Adaptation",
        "year": "2007",
        "authors": "Ji Zhang,Betty H. C. Cheng",
        "venue": "Proceedings of the International Workshop on Modeling in Software Engineering",
        "id": "1604146",
        "label": "1",
        "organization": "Michigan State University, USA"
    }
]