[
    {
        "title": "Optimal Wavelength Assignment for Multicast in WDM Networks",
        "year": "2001",
        "authors": "Biao Chen,Jianping Wang",
        "venue": "ISCA PDCS",
        "id": "10945",
        "label": "1",
        "organization": "null"
    },
    {
        "title": "Coordinated survivability in IP-over-optical networks with IP-layer dual-homing and optical-layer protection",
        "year": "2005",
        "authors": "Vinod Vokkarane,Jianping Wang,Jason P. Jue",
        "venue": "BROADNETS",
        "id": "68943",
        "label": "1",
        "organization": "null"
    },
    {
        "title": "1-Persistent Collision-Free CSMA Protocols for Opportunistic Optical Hyperchannels",
        "year": "2008",
        "authors": "Jing Chen,Jianping Wang,Hui Yu,Ashwin Gumaste,Si-Qing Zheng",
        "venue": "ICA3PP",
        "id": "264151",
        "label": "1",
        "organization": "Department of Computer Science, City University of Hong Kong, Hong Kong,"
    },
    {
        "title": "Mobility-Assisted Spatiotemporal Detection in Wireless Sensor Networks",
        "year": "2008",
        "authors": "Guoliang Xing,Jianping Wang,Ke Shen,Qingfeng Huang,Xiaohua Jia,Hing Cheung So",
        "venue": "ICDCS",
        "id": "298228",
        "label": "1",
        "organization": "Dept. of Comput. Sci., City Univ. of Hong Kong, Hong Kong"
    },
    {
        "title": "Performance Analysis Group-Based Key Management",
        "year": "2007",
        "authors": "Shaobin Cai,Jianping Wang,Guochang Gu,Wenbin Yao,Nianmin Yao",
        "venue": "IMSCCS",
        "id": "398816",
        "label": "3",
        "organization": "Harbin Eng. Univ., Harbin"
    },
    {
        "title": "Finding Minimum-Cost Paths with Minimum Sharability",
        "year": "2007",
        "authors": "Si-Qing Zheng,Bing Yang,Mei Yang,Jianping Wang",
        "venue": "INFOCOM",
        "id": "403308",
        "label": "1",
        "organization": "Univ. of Texas at Dallas, Richardson"
    },
    {
        "title": "Fault-Tolerant Wireless Access Network Design for Dual-Homed Users",
        "year": "2006",
        "authors": "Xiaodong Huang,Jianping Wang,Vinod Vokkarane,Jason P. Jue",
        "venue": "INFOCOM",
        "id": "403556",
        "label": "1",
        "organization": "null"
    },
    {
        "title": "Exploring Core Based Tree (CBT) in WDM Networks",
        "year": "2004",
        "authors": "Jianping Wang,Xiangtong Qi,Mei Yang,Biao Chen",
        "venue": "ISPAN",
        "id": "446102",
        "label": "1",
        "organization": "Dept. of Comput. Sci., Georgia Southern Univ., Statesboro, GA, USA"
    },
    {
        "title": "Minimum Cost Paths Subject to Minimum Vulnerability for Reliable Communications",
        "year": "2005",
        "authors": "Bing Yang,Mei Yang,Jianping Wang,S. Q. Zheng",
        "venue": "ISPAN",
        "id": "446141",
        "label": "1",
        "organization": "Georgia Southern University, Statesboro, GA"
    },
    {
        "title": "Coordinated Robust Routing by Dual Cluster Heads in Layered Wireless Sensor Networks",
        "year": "2005",
        "authors": "Mei Yang,Jianping Wang,Zhen-guo Gao,Yingtao Jiang,Yoohwan Kim",
        "venue": "ISPAN",
        "id": "446172",
        "label": "1",
        "organization": "Georgia Southern University, Statesboro, GA"
    },
    {
        "title": "Programming Overlay Networks with Overlay Sockets",
        "year": "2003",
        "authors": "Jorg Liebeherr,Jianping Wang,Guimin Zhang",
        "venue": "Networked Group Communication",
        "id": "514079",
        "label": "4",
        "organization": "null"
    },
    {
        "title": "Traffic Engineering with AIMD in MPLS Networks",
        "year": "2002",
        "authors": "Jianping Wang,Stephen D. Patek,Haiyong Wang,Jorg Liebeherr",
        "venue": "Protocols for High-Speed Networks",
        "id": "540397",
        "label": "4",
        "organization": "null"
    },
    {
        "title": "Handover Cost Optimization in Traffic Management for Multi-homed Mobile Networks",
        "year": "2007",
        "authors": "Shupeng Wang,Jianping Wang,Mei Yang,Xiao-chun Yun,Yingtao Jiang",
        "venue": "UIC",
        "id": "633823",
        "label": "1",
        "organization": "null"
    },
    {
        "title": "A Meta Service Description Assisted Service Discovery Protocol for MANETs",
        "year": "2007",
        "authors": "Zhen-guo Gao,Ling Wang,Mei Yang,Jianping Wang",
        "venue": "UIC",
        "id": "633898",
        "label": "1",
        "organization": "null"
    },
    {
        "title": "Pipelined Implementation of TCAM-Based Search Engines in High-Performance IP Routers",
        "year": "2008",
        "authors": "Hui Yu,Jing Chen,Jianping Wang,Si-Qing Zheng",
        "venue": "GLOBECOM",
        "id": "705864",
        "label": "1",
        "organization": "Comput. Eng. Program, Univ. of Texas at Dallas, Richardson, TX"
    },
    {
        "title": "Fault Tolerant Service Composition in Service Overlay Networks",
        "year": "2008",
        "authors": "Jin Wang,Jianping Wang,Naijie Gu,Bing Yang",
        "venue": "GLOBECOM",
        "id": "705930",
        "label": "1",
        "organization": "Dept. of Comput. Sci., Univ. of Sci. & Technol. of China, Hefei"
    },
    {
        "title": "Multicast Routing in Light-Trail WDM Networks",
        "year": "2008",
        "authors": "Yan Li,Jianping Wang,Ashwin Gumaste,Yun Xu,Yinlong Xu",
        "venue": "GLOBECOM",
        "id": "705946",
        "label": "1",
        "organization": "Dept. of Comput. Sci., Univ. of Sci. & Tech, Hefei"
    },
    {
        "title": "Maximizing Throughput of an Optical Opportunistic Hyperchannel Subject to QoS Constraint",
        "year": "2008",
        "authors": "Jing Chen,Jianping Wang,Hui Yu,Si-Qing Zheng",
        "venue": "GLOBECOM",
        "id": "705974",
        "label": "1",
        "organization": "Program of Telecommun. Eng., Univ. of Texas at Dallas, Richardson, TX"
    },
    {
        "title": "Traffic regulation under the percentile-based pricing policy",
        "year": "2006",
        "authors": "Jianping Wang",
        "venue": "Infoscale",
        "id": "708915",
        "label": "1",
        "organization": "Georgia Southern University, Statesboro, GA"
    },
    {
        "title": "HOPNET: A hybrid ant colony optimization routing algorithm for mobile ad hoc network",
        "year": "2009",
        "authors": "Jianping Wang,Eseosa Osagie,Parimala Thulasiraman,Ruppa K. Thulasiram",
        "venue": "Ad Hoc Networks",
        "id": "743166",
        "label": "2",
        "organization": "Department of Computer Science, University of Manitoba, Winnipeg, Manitoba, Canada R3T 2N2"
    },
    {
        "title": "Routing and wavelength assignment for core-based tree in WDM networks",
        "year": "2006",
        "authors": "Jianping Wang,Xiangtong Qi,Mei Yang",
        "venue": "Computer Communications",
        "id": "802339",
        "label": "1",
        "organization": "null"
    },
    {
        "title": "Traffic regulation with single- and dual-homed ISPs under a percentile-based pricing policy",
        "year": "2009",
        "authors": "Jianping Wang,Jing Chen,Mei Yang,S. Q. Zheng",
        "venue": "J. Comb. Optim.",
        "id": "970407",
        "label": "1",
        "organization": "null"
    },
    {
        "title": "Dual-Homing Based Scalable Partia Multicast Protection",
        "year": "2006",
        "authors": "Jianping Wang,Mei Yang,Bin Yang,S. Q. Zheng",
        "venue": "IEEE Trans. Computers",
        "id": "1082604",
        "label": "1",
        "organization": "null"
    },
    {
        "title": "Wavelength assignment for multicast in all-optical WDM networks with splitting constraints",
        "year": "2006",
        "authors": "Jianping Wang,Xiangtong Qi,Biao Chen",
        "venue": "IEEE/ACM Trans. Netw.",
        "id": "1122808",
        "label": "1",
        "organization": "Department of Computer Science, Georgia Southern University, Statesboro, GA"
    },
    {
        "title": "Collaborative Target Detection in Wireless Sensor Networks with Reactive Mobility",
        "year": "2008",
        "authors": "Rui Tan,Guoliang Xing,Jianping Wang,Hing Cheung So",
        "venue": "IWQoS",
        "id": "1251508",
        "label": "1",
        "organization": "Dept. of Comput. Sci., Hong Kong City Univ., Hong Kong"
    },
    {
        "title": "Data fusion improves the coverage of wireless sensor networks",
        "year": "2009",
        "authors": "Guoliang Xing,Rui Tan,Benyuan Liu,Jianping Wang,Xiaohua Jia,Chih-Wei Yi",
        "venue": "MOBICOM",
        "id": "1253218",
        "label": "1",
        "organization": "City University of Hong Kong, Hong Kong, Hong Kong"
    },
    {
        "title": "BR-Tree: A Scalable Prototype for Supporting Multiple Queries of Multidimensional Data",
        "year": "2009",
        "authors": "Yu Hua,Bin Xiao,Jianping Wang",
        "venue": "IEEE Trans. Computers",
        "id": "1281335",
        "label": "1",
        "organization": "City University of Hong Kong, Hong Kong"
    },
    {
        "title": "Opportunistic Optical Hyperchannel and Its Distributed QoS Assuring Access Control",
        "year": "2009",
        "authors": "Jing Chen,Jianping Wang,Hui Yu,Si-Qing Zheng",
        "venue": "IEEE Trans. Parallel Distrib. Syst.",
        "id": "1282262",
        "label": "1",
        "organization": "City University of Hong Kong, Kowloon"
    },
    {
        "title": "Impact of Data Fusion on Real-Time Detection in Sensor Networks.",
        "year": "2009",
        "authors": "Rui Tan,Guoliang Xing,Benyuan Liu,Jianping Wang",
        "venue": "null",
        "id": "1321897",
        "label": "1",
        "organization": "City Univ. of Hong Kong, Hong Kong, China"
    },
    {
        "title": "Fast Sensor Placement Algorithms for Fusion-Based Target Detection.",
        "year": "2008",
        "authors": "Zhaohui Yuan,Rui Tan,Guoliang Xing,Chenyang Lu,Yixin Chen,Jianping Wang",
        "venue": "null",
        "id": "1321970",
        "label": "1",
        "organization": "City Univ. of Hong Kong, Hong Kong"
    },
    {
        "title": "A Study of Network Throughput Gain in Optical-Wireless (FiWi) Networks Subject to Peer-to-Peer Communications.",
        "year": "2009",
        "authors": "Zeyu Zheng,Jianping Wang,Jin Wang",
        "venue": "null",
        "id": "1323786",
        "label": "1",
        "organization": "Dept. of Comput. Sci., City Univ. of Hong Kong, Hong Kong, China"
    },
    {
        "title": "MultiHop Light-Trails (MLT) - A Solution to Extended Metro Networks.",
        "year": "2009",
        "authors": "Ashwin Gumaste,Jianping Wang,Abhay Karandikar,Nasir Ghani",
        "venue": "null",
        "id": "1324432",
        "label": "1",
        "organization": "Massachusetts Inst. of Technol., Cambridge, MA, USA"
    },
    {
        "title": "Dual-Homing Based Scalable Partia Multicast Protection",
        "year": "2006",
        "authors": "Jianping Wang,Mei Yang,Bin Yang S. Q. Zheng",
        "venue": "IEEE Transactions on Computers",
        "id": "1373278",
        "label": "1",
        "organization": "IEEE"
    },
    {
        "title": "Interference Aware and Delay Bounded Routing in Hybrid Wireless-Optical Access Network",
        "year": "2009",
        "authors": "Zeyu Zheng,Jianping Wang,Jin Wang",
        "venue": "Proceedings of the 2009 WRI International Conference on Communications and Mobile Computing - Volume 02",
        "id": "1386838",
        "label": "1",
        "organization": "Dept. of Comput. Sci., City Univ. of Hong Kong, Hong Kong"
    },
    {
        "title": "Cross-layer Routing Design in Cognitive Radio Networks by Colored Multigraph Model",
        "year": "2009",
        "authors": "Xianwei Zhou,Lin Lin,Jianping Wang,Xuesong Zhang",
        "venue": "Wireless Personal Communications: An International Journal",
        "id": "1387361",
        "label": "0",
        "organization": "Department of Communication Engineering, School of Information Engineering, University of Science and Technology Beijing, Beijing, People's Republic of China 100083"
    },
    {
        "title": "Qos-assuring multicast in wdm networks",
        "year": "2003",
        "authors": "Jianping Wang",
        "venue": "null",
        "id": "1565925",
        "label": "1",
        "organization": "null"
    },
    {
        "title": "Service composition in service-oriented wireless sensor networks with persistent queries",
        "year": "2009",
        "authors": "Xiumin Wang,Jianping Wang,Zeyu Zheng,Yinlong Xu,Mei Yang",
        "venue": "Proceedings of the 6th IEEE Conference on Consumer Communications and Networking Conference",
        "id": "1587216",
        "label": "1",
        "organization": "Department of Computer Science, University of Science and Technology of China, China"
    }
]