[
    {
        "title": "Anisotropic Feature-Preserving Smoothing of 3D Mesh",
        "year": "2005",
        "authors": "Jie Tang,Fuyan Zhang",
        "venue": "CGIV",
        "id": "8079",
        "label": "0",
        "organization": "null"
    },
    {
        "title": "A Unified Tagging Approach to Text Normalization",
        "year": "2007",
        "authors": "Conghui Zhu,Jie Tang,Hang Li,Hwee Tou Ng,Tiejun Zhao",
        "venue": "ACL",
        "id": "21605",
        "label": "1",
        "organization": "null"
    },
    {
        "title": "Semantic Similarity Based Ontology Cache",
        "year": "2006",
        "authors": "Bangyong Liang,Jie Tang,Juan-Zi Li,Kehong Wang",
        "venue": "APWeb",
        "id": "48172",
        "label": "1",
        "organization": "null"
    },
    {
        "title": "Table Detection from Plain Text Using Machine Learning and Document Structure",
        "year": "2006",
        "authors": "Juan-Zi Li,Jie Tang,Qiang Song,Peng Xu",
        "venue": "APWeb",
        "id": "48286",
        "label": "1",
        "organization": "null"
    },
    {
        "title": "Loss Minimization Based Keyword Distillation",
        "year": "2004",
        "authors": "Jie Tang,Juan-Zi Li,Kehong Wang,Yue-Ru Cai",
        "venue": "APWeb",
        "id": "48391",
        "label": "1",
        "organization": "null"
    },
    {
        "title": "Weighted Ontology-Based Search Exploiting Semantic Similarity",
        "year": "2006",
        "authors": "Kuo Zhang,Jie Tang,MingCai Hong,Juan-Zi Li,Wei Wei",
        "venue": "APWeb",
        "id": "48550",
        "label": "1",
        "organization": "null"
    },
    {
        "title": "Semantic Annotation Using Horizontal and Vertical Contexts",
        "year": "2006",
        "authors": "MingCai Hong,Jie Tang,Juan-Zi Li",
        "venue": "ASWC",
        "id": "54566",
        "label": "1",
        "organization": "null"
    },
    {
        "title": "Risk Minimization Based Ontology Mapping",
        "year": "2004",
        "authors": "Jie Tang,Bangyong Liang,Juan-Zi Li,Kehong Wang",
        "venue": "AWCC",
        "id": "61586",
        "label": "1",
        "organization": "null"
    },
    {
        "title": "A Component Retrieval Method Based on Facet-Weight Self-learning",
        "year": "2004",
        "authors": "Xiaoqin Xie,Jie Tang,Juan-Zi Li,Kehong Wang",
        "venue": "AWCC",
        "id": "61594",
        "label": "1",
        "organization": "null"
    },
    {
        "title": "Semantic Based Web Services Discovery",
        "year": "2004",
        "authors": "Jianjun Xu,Qian Zhu,Juan-Zi Li,Jie Tang,Po Zhang,Kehong Wang",
        "venue": "AWCC",
        "id": "61596",
        "label": "1",
        "organization": "null"
    },
    {
        "title": "A constraint-based probabilistic framework for name disambiguation",
        "year": "2007",
        "authors": "Duo Zhang,Jie Tang,Juan-Zi Li,Kehong Wang",
        "venue": "CIKM",
        "id": "96337",
        "label": "1",
        "organization": "Tsinghua University, Beijing, China"
    },
    {
        "title": "Academic conference homepage understanding using constrained hierarchical conditional random fields",
        "year": "2008",
        "authors": "Xin Xin,Juanzi Li,Jie Tang,Qiong Luo",
        "venue": "CIKM",
        "id": "96524",
        "label": "1",
        "organization": "Tsinghua University, Beijing, China"
    },
    {
        "title": "Verification of Web Service Conversations Specified in WSCL",
        "year": "2007",
        "authors": "Zhifeng Gu,Juan-Zi Li,Jie Tang,Bin Xu,Ruobo Huang",
        "venue": "COMPSAC (2)",
        "id": "113404",
        "label": "1",
        "organization": "DCST, Tsinghua Univ., Beijing, 100084, China"
    },
    {
        "title": "Expert Finding in a Social Network",
        "year": "2007",
        "authors": "Jing Zhang,Jie Tang,Juan-Zi Li",
        "venue": "DASFAA",
        "id": "141094",
        "label": "1",
        "organization": "null"
    },
    {
        "title": "Content-Based 3D Model Retrieval for Digital Museum",
        "year": "2006",
        "authors": "Jie Tang,Fuyan Zhang",
        "venue": "Edutainment",
        "id": "178055",
        "label": "0",
        "organization": "null"
    },
    {
        "title": "Keyword Extraction Based Peer Clustering",
        "year": "2004",
        "authors": "Bangyong Liang,Jie Tang,Juan-Zi Li,Kehong Wang",
        "venue": "GCC",
        "id": "223801",
        "label": "1",
        "organization": "null"
    },
    {
        "title": "Research of Satisfying Atomic and Anonymous Electronic Commerce Protocol",
        "year": "2003",
        "authors": "Jie Tang,Juan-Zi Li,Kehong Wang,Yue-Ru Cai",
        "venue": "GCC (2)",
        "id": "224002",
        "label": "1",
        "organization": "null"
    },
    {
        "title": "Subdivision Interpolating Polygonization of Implicit Surfaces with Normal Meshes",
        "year": "2006",
        "authors": "Mingyong Pang,Zhigeng Pan,Jie Tang,Fuyan Zhang",
        "venue": "ICAT Workshops",
        "id": "273897",
        "label": "0",
        "organization": "Nanjing Univ., China"
    },
    {
        "title": "Feature-Correlation Based Multi-view Detection",
        "year": "2005",
        "authors": "Kuo Zhang,Jie Tang,Juan-Zi Li,Kehong Wang",
        "venue": "ICCSA (4)",
        "id": "292290",
        "label": "1",
        "organization": "null"
    },
    {
        "title": "Social Network Extraction of Academic Researchers",
        "year": "2007",
        "authors": "Jie Tang,Duo Zhang,Limin Yao",
        "venue": "ICDM",
        "id": "303438",
        "label": "1",
        "organization": "null"
    },
    {
        "title": "A Topic Modeling Approach and Its Integration into the Random Walk Framework for Academic Search",
        "year": "2008",
        "authors": "Jie Tang,Ruoming Jin,Jing Zhang",
        "venue": "ICDM",
        "id": "303689",
        "label": "1",
        "organization": "Dept. of Comput. Sci. & Technol., Tsinghua Univ., Beijing"
    },
    {
        "title": "Email data cleaning",
        "year": "2005",
        "authors": "Jie Tang,Hang Li,Yunbo Cao,ZhaoHui Tang",
        "venue": "KDD",
        "id": "473336",
        "label": "1",
        "organization": "Tsinghua University, Beijing, China"
    },
    {
        "title": "ArnetMiner: extraction and mining of academic social networks",
        "year": "2008",
        "authors": "Jie Tang,Jing Zhang,Limin Yao,Juanzi Li,Li Zhang,Zhong Su",
        "venue": "KDD",
        "id": "473726",
        "label": "1",
        "organization": "null"
    },
    {
        "title": "A Mixture Model for Expert Finding",
        "year": "2008",
        "authors": "Jing Zhang,Jie Tang,Liu Liu,Juan-Zi Li",
        "venue": "PAKDD",
        "id": "527619",
        "label": "1",
        "organization": "null"
    },
    {
        "title": "A Discriminative Approach to Topic-Based Citation Recommendation",
        "year": "2009",
        "authors": "Jie Tang,Jing Zhang",
        "venue": "PAKDD",
        "id": "527702",
        "label": "1",
        "organization": "Department of Computer Science and Technology, Tsinghua University, Beijing, China 100084"
    },
    {
        "title": "Research of Atomic and Anonymous Electronic Commerce Protocol",
        "year": "2003",
        "authors": "Jie Tang,Juan-Zi Li,Kehong Wang,Yue-Ru Cai",
        "venue": "RSFDGrC",
        "id": "562014",
        "label": "1",
        "organization": "null"
    },
    {
        "title": "Tree-Structured Conditional Random Fields for Semantic Annotation",
        "year": "2006",
        "authors": "Jie Tang,MingCai Hong,Juan-Zi Li,Bangyong Liang",
        "venue": "International Semantic Web Conference",
        "id": "583790",
        "label": "1",
        "organization": "null"
    },
    {
        "title": "Result of Ontology Alignment with RiMOM at OAEI'06",
        "year": "2006",
        "authors": "Yi Li,Juan-Zi Li,Duo Zhang,Jie Tang",
        "venue": "Ontology Matching",
        "id": "583868",
        "label": "1",
        "organization": "null"
    },
    {
        "title": "ArnetMiner: An Expertise Oriented Search System for Web Community",
        "year": "2007",
        "authors": "Jie Tang,Jing Zhang,Duo Zhang,Limin Yao,Chunlin Zhu,Juan-Zi Li",
        "venue": "Semantic Web Challenge",
        "id": "583919",
        "label": "1",
        "organization": "null"
    },
    {
        "title": "Result of Ontology Alignment with RiMOM at OAEI07",
        "year": "2007",
        "authors": "Yi Li,Qian Zhong,Juanzi Li,Jie Tang",
        "venue": "OM",
        "id": "584164",
        "label": "1",
        "organization": "null"
    },
    {
        "title": "RiMOM Results for OAEI 2008",
        "year": "2008",
        "authors": "Xiao Zhang,Qian Zhong,Juanzi Li,Jie Tang",
        "venue": "OM",
        "id": "584168",
        "label": "1",
        "organization": "null"
    },
    {
        "title": "Keyword Extraction Using Support Vector Machine",
        "year": "2006",
        "authors": "Kuo Zhang,Hui Xu,Jie Tang,Juan-Zi Li",
        "venue": "WAIM",
        "id": "652228",
        "label": "1",
        "organization": "null"
    },
    {
        "title": "Name Disambiguation Using Atomic Clusters",
        "year": "2008",
        "authors": "Feng Wang,Juanzi Li,Jie Tang,Jing Zhang,Kehong Wang",
        "venue": "WAIM",
        "id": "652256",
        "label": "1",
        "organization": "Dept. of Comput. Sci. & Technol., Tsinghua Univ., Beijing"
    },
    {
        "title": "Path Similarity Based Directory Ontology Matching",
        "year": "2008",
        "authors": "Qian Zhong,Juanzi Li,Jie Tang,Yi Li,Lizhu Zhou",
        "venue": "WAIM",
        "id": "652257",
        "label": "1",
        "organization": "Dept. of Comput. Sci. & Technol., Tsinghua Univ., Beijing"
    },
    {
        "title": "Expertise Search in a Time-Varying Social Network",
        "year": "2008",
        "authors": "Yize Li,Jie Tang",
        "venue": "WAIM",
        "id": "652356",
        "label": "1",
        "organization": "null"
    },
    {
        "title": "Recommendation over a Heterogeneous Social Network",
        "year": "2008",
        "authors": "Jing Zhang,Jie Tang,Bangyong Liang,Zi Yang,Sijie Wang,Jingjing Zuo,Juanzi Li",
        "venue": "WAIM",
        "id": "652393",
        "label": "1",
        "organization": "Dept. of Comput. Sci. & Technol., Tsinghua Univ., Beijing"
    },
    {
        "title": "Topic-Level Random Walk through Probabilistic Model",
        "year": "2009",
        "authors": "Zi Yang,Jie Tang,Jing Zhang,Juanzi Li,Bo Gao",
        "venue": "APWeb/WAIM",
        "id": "652412",
        "label": "1",
        "organization": "Department of Computer Science & Technology, Tsinghua University, China"
    },
    {
        "title": "Query-Focused Summarization by Combining Topic Model and Affinity Propagation",
        "year": "2009",
        "authors": "Dewei Chen,Jie Tang,Limin Yao,Juanzi Li,Lizhu Zhou",
        "venue": "APWeb/WAIM",
        "id": "652449",
        "label": "1",
        "organization": "Department of Computer Science and Technology, Tsinghua University, China"
    },
    {
        "title": "Using DAML+OIL to Enhance Search Semantic",
        "year": "2004",
        "authors": "Bangyong Liang,Jie Tang,Juan-Zi Li,Kehong Wang",
        "venue": "Web Intelligence",
        "id": "654904",
        "label": "1",
        "organization": "null"
    },
    {
        "title": "A Unified Approach to Researcher Profiling",
        "year": "2007",
        "authors": "Limin Yao,Jie Tang,Juan-Zi Li",
        "venue": "Web Intelligence",
        "id": "655454",
        "label": "1",
        "organization": "null"
    },
    {
        "title": "Enhancing Semantic Web by Semantic Annotation: Experiences in Building an Automatic Conference Calendar",
        "year": "2007",
        "authors": "Xin Xin,Juan-Zi Li,Jie Tang",
        "venue": "Web Intelligence",
        "id": "655504",
        "label": "1",
        "organization": "null"
    },
    {
        "title": "Association search in semantic web: search + inference",
        "year": "2005",
        "authors": "Bangyong Liang,Jie Tang,Juan-Zi Li",
        "venue": "WWW (Special interest tracks and posters)",
        "id": "674301",
        "label": "1",
        "organization": "null"
    },
    {
        "title": "Multiple strategies detection in ontology mapping",
        "year": "2005",
        "authors": "Jie Tang,Yong Liang,Zi Li",
        "venue": "WWW (Special interest tracks and posters)",
        "id": "674716",
        "label": "1",
        "organization": "Tsinghua University, P.R. China"
    },
    {
        "title": "EOS: expertise oriented search using social networks",
        "year": "2007",
        "authors": "Juan-Zi Li,Jie Tang,Jing Zhang,Qiong Luo,Yunhao Liu,MingCai Hong",
        "venue": "WWW",
        "id": "675121",
        "label": "1",
        "organization": "Tsinghua University, Beijing, China"
    },
    {
        "title": "WWW 2008 workshop on social web search and mining: SWSM2008",
        "year": "2008",
        "authors": "Juan-Zi Li,Gui-Rong Xue,Jie Tang,Ying Ding",
        "venue": "WWW",
        "id": "675391",
        "label": "1",
        "organization": "Tsinghua University, Beijing, China"
    },
    {
        "title": "Extraction and mining of an academic social network",
        "year": "2008",
        "authors": "Jie Tang,Jing Zhang,Limin Yao,Juan-Zi Li",
        "venue": "WWW",
        "id": "675428",
        "label": "1",
        "organization": "Tsinghua University, Beijing, China"
    },
    {
        "title": "A unified framework for name disambiguation",
        "year": "2008",
        "authors": "Jie Tang,Jing Zhang,Duo Zhang,Juanzi Li",
        "venue": "WWW",
        "id": "675438",
        "label": "1",
        "organization": "Tsinghua University, Beijing, China"
    },
    {
        "title": "Discovering the staring people from social networks",
        "year": "2009",
        "authors": "Dewei Chen,Jie Tang,Juanzi Li,Lizhu Zhou",
        "venue": "WWW",
        "id": "675545",
        "label": "1",
        "organization": "Tsinghua University, Beijing, China"
    },
    {
        "title": "SWARMS: A New Tool for Domain Exploration in Semantic Web",
        "year": "2006",
        "authors": "Bangyong Liang,Jie Tang,Juan-Zi Li,Kehong Wang",
        "venue": "SKG",
        "id": "681038",
        "label": "1",
        "organization": "Tsinghua University, China"
    },
    {
        "title": "User Profile Management for Personalized Telecom Service",
        "year": "2008",
        "authors": "Huan Wang,Xiaomin Shi,Yan Li,Heng Chang,Weiliang Chen,Jie Tang,Eduardo Martins",
        "venue": "ICYCS",
        "id": "730499",
        "label": "2",
        "organization": "null"
    },
    {
        "title": "iASA: Learning to Annotate the Semantic Web",
        "year": "2005",
        "authors": "Jie Tang,Juan-Zi Li,Hongjun Lu,Bangyong Liang,Xiaotong Huang,Kehong Wang",
        "venue": "J. Data Semantics IV",
        "id": "986535",
        "label": "1",
        "organization": "null"
    },
    {
        "title": "Using Bayesian decision for ontology mapping",
        "year": "2006",
        "authors": "Jie Tang,Juan-Zi Li,Bangyong Liang,Xiaotong Huang,Yi Li,Kehong Wang",
        "venue": "J. Web Sem.",
        "id": "1141676",
        "label": "1",
        "organization": "Department of Computer Science and Technology, 10-201, East Main Building, Tsinghua University, Beijing 100084, PR China"
    },
    {
        "title": "Rebuild of King Fang 40 BC musical scales by He's inequality",
        "year": "2005",
        "authors": "Ji-Huan He,Jie Tang",
        "venue": "Applied Mathematics and Computation",
        "id": "1148894",
        "label": "3",
        "organization": "null"
    },
    {
        "title": "Arnetminer: expertise oriented search using social networks",
        "year": "2008",
        "authors": "Juanzi Li,Jie Tang,Jing Zhang,Qiong Luo,Yunhao Liu,MingCai Hong",
        "venue": "Frontiers of Computer Science in China",
        "id": "1185492",
        "label": "1",
        "organization": "null"
    },
    {
        "title": "Social influence analysis in large-scale networks",
        "year": "2009",
        "authors": "Jie Tang,Jimeng Sun,Chi Wang,Zi Yang",
        "venue": "KDD",
        "id": "1212469",
        "label": "1",
        "organization": "Tsinghua University, Beijing, China"
    },
    {
        "title": "Multi-topic Based Query-Oriented Summarization",
        "year": "2009",
        "authors": "Jie Tang,Limin Yao,Dewei Chen",
        "venue": "SDM",
        "id": "1213506",
        "label": "1",
        "organization": "null"
    },
    {
        "title": "A gauss function based approach for unbalanced ontology matching",
        "year": "2009",
        "authors": "Qian Zhong,Hanyu Li,Juanzi Li,Guo Tong Xie,Jie Tang,Lizhu Zhou,Yue Pan",
        "venue": "SIGMOD Conference",
        "id": "1214244",
        "label": "1",
        "organization": "Tsinghua University, Beijing, China"
    },
    {
        "title": "Heterogeneous cross domain ranking in latent space",
        "year": "2009",
        "authors": "Bo Wang,Jie Tang,Wei Fan,Songcan Chen,Zi Yang,Yanzhu Liu",
        "venue": "CIKM",
        "id": "1239375",
        "label": "1",
        "organization": "Tsinghua University, Beijing, China"
    },
    {
        "title": "A tag recommendation system for folksonomy",
        "year": "2009",
        "authors": "Ning Zhang,Yuan Zhang,Jie Tang",
        "venue": "Mathematics and Its Applications",
        "id": "1239571",
        "label": "1",
        "organization": "Tsinghua University, Beijing, China"
    },
    {
        "title": "The Fuzzy PI Control for the DSTATCOM Based on the Balance of Instantaneous Power",
        "year": "2009",
        "authors": "Qun-Feng Zhu,Lei Huang,Zhan-Bin Hu,Jie Tang",
        "venue": "ICIC (1)",
        "id": "1247378",
        "label": "4",
        "organization": "null"
    },
    {
        "title": "Towards Ontology Learning from Folksonomies",
        "year": "2009",
        "authors": "Jie Tang,Ho-fung Leung,Qiong Luo,Dewei Chen,Jibin Gong",
        "venue": "IJCAI",
        "id": "1249645",
        "label": "1",
        "organization": "null"
    },
    {
        "title": "The Stable Conditions of a Task-Pair with Helper-Thread in CMP",
        "year": "2009",
        "authors": "Zhimin Gu,Ninghan Zheng,Yi Zhang,Changding Liu,Jie Tang,Yan Huang",
        "venue": "PDPTA",
        "id": "1254060",
        "label": "5",
        "organization": "null"
    },
    {
        "title": "Actively Learning Ontology Matching via User Interaction",
        "year": "2009",
        "authors": "Feng Shi,Juanzi Li,Jie Tang,Guo Tong Xie,Hanyu Li",
        "venue": "International Semantic Web Conference",
        "id": "1255468",
        "label": "1",
        "organization": "Department of Computer Science and Technology, Tsinghua National Laboratory for Information Science and Technology, Tsinghua University, Beijing, China 100084"
    },
    {
        "title": "RiMOM: A Dynamic Multistrategy Ontology Alignment Framework",
        "year": "2009",
        "authors": "Juanzi Li,Jie Tang,Yi Li,Qiong Luo",
        "venue": "IEEE Trans. Knowl. Data Eng.",
        "id": "1281907",
        "label": "1",
        "organization": "Tsinghua University, Beijing"
    },
    {
        "title": "RiMOM Results for OAEI 2009.",
        "year": "2009",
        "authors": "Xiao Zhang,Qian Zhong,Feng Shi,Juanzi Li,Jie Tang",
        "venue": "null",
        "id": "1309708",
        "label": "1",
        "organization": "null"
    },
    {
        "title": "Topic Distributions over Links on Web.",
        "year": "2009",
        "authors": "Jie Tang,Jing Zhang,Jeffrey Xu Yu,Zi Yang,Keke Cai,Rui Ma,Li Zhang,Zhong Su",
        "venue": "null",
        "id": "1319502",
        "label": "1",
        "organization": "Dept. of Comput. Sci. & Technol., Tsinghua Univ., Beijing, China"
    }
]