[
    {
        "title": "The effects of web site aesthetics and shopping task on consumer online purchasing behavior",
        "year": "2008",
        "authors": "Shun Cai,Yunjie Xu,Jie Yu",
        "venue": "CHI Extended Abstracts",
        "id": "91583",
        "label": "1",
        "organization": "National University of Singapore, Singapore"
    },
    {
        "title": "Leveraging probabilistic season and location context models for scene understanding",
        "year": "2008",
        "authors": "Jie Yu,Jiebo Luo",
        "venue": "CIVR",
        "id": "98528",
        "label": "2",
        "organization": "Kodak Research Labs, Rochester, NY, USA"
    },
    {
        "title": "Robust Error Metric Analysis for Noise Estimation in Image Indexing",
        "year": "2004",
        "authors": "Qi Tian,Jie Yu,Qing Xue,Nicu Sebe,Thomas S. Huang",
        "venue": "MDDE",
        "id": "129233",
        "label": "2",
        "organization": "University of Texas at San Antonio"
    },
    {
        "title": "Toward Robust Distance Metric Analysis for Similarity Estimation",
        "year": "2006",
        "authors": "Jie Yu,Qi Tian,Jaume Amores,Nicu Sebe",
        "venue": "CVPR (1)",
        "id": "129555",
        "label": "2",
        "organization": "University of Texas at San Antonio, TX, USA"
    },
    {
        "title": "Toward an improved error metric",
        "year": "2004",
        "authors": "Qi Tian,Qing Xue,Jie Yu,Nicu Sebe,Thomas S. Huang",
        "venue": "ICIP",
        "id": "321706",
        "label": "2",
        "organization": "Dept. of Comput. Sci., Texas Univ., USA"
    },
    {
        "title": "Parameterized discriminant analysis for image classification",
        "year": "2004",
        "authors": "Qi Tian,Jie Yu,Ting Rui,Thomas S. Huang",
        "venue": "ICME",
        "id": "331274",
        "label": "2",
        "organization": "Dept. of Comput. Sci., Texas Univ., San Antonio, TX, USA"
    },
    {
        "title": "A new analysis of the value of unlabeled data in semi-supervised learning for image retrieval",
        "year": "2004",
        "authors": "Qi Tian,Jie Yu,Qing Xue,Nicu Sebe",
        "venue": "ICME",
        "id": "331276",
        "label": "2",
        "organization": "Dept. of Comput. Sci., Texas Univ., San Antonio, TX"
    },
    {
        "title": "A New Study on Distance Metrics as Similarity Measurement",
        "year": "2006",
        "authors": "Jie Yu,Jaume Amores,Nicu Sebe,Qi Tian",
        "venue": "ICME",
        "id": "331856",
        "label": "2",
        "organization": "Dept. of Comput. Sci., Texas Univ., San Antonio, TX"
    },
    {
        "title": "Toward Intelligent Use of Semantic Information on Subspace Discovery for Image Retrieval",
        "year": "2006",
        "authors": "Jie Yu,Qi Tian",
        "venue": "ICME",
        "id": "331898",
        "label": "2",
        "organization": "Dept. of Comput. Sci., Texas Univ., San Antonio, TX"
    },
    {
        "title": "Adaptive Discriminant Projection for Content-based Image Retrieval",
        "year": "2006",
        "authors": "Jie Yu,Qi Tian",
        "venue": "ICPR (4)",
        "id": "349518",
        "label": "2",
        "organization": "University of Texas at San Antonio"
    },
    {
        "title": "Recognizing picture-taking environment from satellite images: A feasibility study",
        "year": "2008",
        "authors": "Jiebo Luo,Wei Hao,Dale McIntyre,Dhiraj Joshi,Jie Yu",
        "venue": "ICPR",
        "id": "350370",
        "label": "2",
        "organization": "Res. Labs., Rochester, NY, USA"
    },
    {
        "title": "POLUS: A POwerful Live Updating System",
        "year": "2007",
        "authors": "Haibo Chen,Jie Yu,Rong Chen,Binyu Zang,Pen-Chung Yew",
        "venue": "ICSE",
        "id": "363581",
        "label": "5",
        "organization": "Fudan University, China"
    },
    {
        "title": "Heavy Tails, Generalized Coding, and Optimal Web Layout",
        "year": "2001",
        "authors": "Xiaoyun Zhu,Jie Yu,John Doyle",
        "venue": "INFOCOM",
        "id": "403064",
        "label": "7",
        "organization": "Control & Dynamical Syst., California Inst. of Technol., Pasadena, CA"
    },
    {
        "title": "Boosting Multiple Classifiers Constructed by Hybrid Discriminant Analysis",
        "year": "2005",
        "authors": "Qi Tian,Jie Yu,Thomas S. Huang",
        "venue": "Multiple Classifier Systems",
        "id": "491162",
        "label": "2",
        "organization": "null"
    },
    {
        "title": "Learning image manifolds by semantic subspace projection",
        "year": "2006",
        "authors": "Jie Yu,Qi Tian",
        "venue": "ACM Multimedia",
        "id": "502728",
        "label": "2",
        "organization": "University of Texas at San Antonio, San Antonio, TX"
    },
    {
        "title": "Event recognition: viewing the world with a third eye",
        "year": "2008",
        "authors": "Jiebo Luo,Jie Yu,Dhiraj Joshi,Wei Hao",
        "venue": "ACM Multimedia",
        "id": "503718",
        "label": "2",
        "organization": "Eastman Kodak Company, Rochester, NY, USA"
    },
    {
        "title": "Knowledge contribution in problem solving virtual communities: the mediating role of individual motivations",
        "year": "2007",
        "authors": "Jie Yu,Zhenhui Jiang,Hock Chuan Chan",
        "venue": "CPR",
        "id": "589455",
        "label": "1",
        "organization": "National University of Singapore, Singapore"
    },
    {
        "title": "A Detection and Offense Mechanism to Defend Against Application Layer DDoS Attacks",
        "year": "2007",
        "authors": "Jie Yu,Zhoujun Li,Huowang Chen,Xiaoming Chen",
        "venue": "ICNS",
        "id": "679036",
        "label": "0",
        "organization": "National University of Defense Technology Changsha, China"
    },
    {
        "title": "Distance Learning for Similarity Estimation",
        "year": "2008",
        "authors": "Jie Yu,Jaume Amores,Nicu Sebe,Petia Radeva,Qi Tian",
        "venue": "IEEE Trans. Pattern Anal. Mach. Intell.",
        "id": "1033846",
        "label": "2",
        "organization": "Kodak Res. Labs, Rochester"
    },
    {
        "title": "Self-supervised learning based on discriminative nonlinear features for image classification",
        "year": "2005",
        "authors": "Qi Tian,Ying Wu,Jie Yu,Thomas S. Huang",
        "venue": "Pattern Recognition",
        "id": "1041653",
        "label": "2",
        "organization": "Department of Computer Science, University of Texas at San Antonio, 6900 North Loop 1604 West, San Antonio, TX 78249, USA"
    },
    {
        "title": "Semantic Subspace Projection and Its Applications in Image Retrieval",
        "year": "2008",
        "authors": "Jie Yu,Qi Tian",
        "venue": "IEEE Trans. Circuits Syst. Video Techn.",
        "id": "1097619",
        "label": "2",
        "organization": "Kodak Res. Labs., Rochester"
    },
    {
        "title": "Integrating Discriminant and Descriptive Information for Dimension Reduction and Classification",
        "year": "2007",
        "authors": "Jie Yu,Qi Tian,Ting Rui,Thomas S. Huang",
        "venue": "IEEE Trans. Circuits Syst. Video Techn.",
        "id": "1097621",
        "label": "2",
        "organization": "Dept. of Comput. Sci., Texas Univ., San Antonio, TX"
    },
    {
        "title": "Rate-limited EAFRP - a new improved model for high-speed network traffic",
        "year": "2005",
        "authors": "Jie Yu,Athina P. Petropulu,H. Sethu",
        "venue": "IEEE Transactions on Signal Processing",
        "id": "1175133",
        "label": "3",
        "organization": "Dept. of Electr. & Comput. Eng., Drexel Univ., Philadelphia, PA, USA"
    },
    {
        "title": "A case for an interleaving constrained shared-memory multi-processor",
        "year": "2009",
        "authors": "Jie Yu,Satish Narayanasamy",
        "venue": "ISCA",
        "id": "1211002",
        "label": "5",
        "organization": "University of Michigan, Ann Arbor, MI, USA"
    },
    {
        "title": "Multi-cue Based Visual Tracking in Clutter Scenes with Occlusions",
        "year": "2009",
        "authors": "Jie Yu,Dirk Farin,Hartmut S. Loos",
        "venue": "AVSS",
        "id": "1238088",
        "label": "4",
        "organization": "null"
    },
    {
        "title": "Enhancing semantic and geographic annotation of web images via logistic canonical correlation regression",
        "year": "2009",
        "authors": "Liangliang Cao,Jie Yu,Jiebo Luo,Thomas S. Huang",
        "venue": "ACM Multimedia",
        "id": "1253144",
        "label": "2",
        "organization": "Kodak Research Laboratories, Eastman Kodak Company, Rochester, NY, USA"
    },
    {
        "title": "A Lightweight Mechanism to Mitigate Application Layer DDoS Attacks",
        "year": "2009",
        "authors": "Jie Yu,Chengfang Fang,Liming Lu,Zhoujun Li",
        "venue": "Infoscale",
        "id": "1259567",
        "label": "0",
        "organization": "null"
    },
    {
        "title": "A Scalable, Vulnerability Modeling and Correlating Method for Network Security",
        "year": "2009",
        "authors": "Xuejiao Liu,Debao Xiao,Nian Ma,Jie Yu",
        "venue": "Infoscale",
        "id": "1259573",
        "label": "0",
        "organization": "null"
    },
    {
        "title": "Mining Personal Image Collection for Social Group Suggestion.",
        "year": "2009",
        "authors": "Jie Yu,Xin Jin,Jiawei Han,Jiebo Luo",
        "venue": "null",
        "id": "1319582",
        "label": "2",
        "organization": "Kodak Res. Labs., Rochester, NY, USA"
    },
    {
        "title": "H&infin; control with parametric Lyapunov functions",
        "year": "1997",
        "authors": "Jie Yu,Athanasios Sideris",
        "venue": "Systems Control Letters",
        "id": "1398939",
        "label": "6",
        "organization": "null"
    },
    {
        "title": "Active measurement of routing table in Kad",
        "year": "2009",
        "authors": "Jie Yu,Zhoujun Li",
        "venue": "Proceedings of the 6th IEEE Conference on Consumer Communications and Networking Conference",
        "id": "1587569",
        "label": "0",
        "organization": "School of Computer, National University of Defense Technology, Changsha, China"
    },
    {
        "title": "Validation of ASIP Architecture Description",
        "year": "2008",
        "authors": "Yan-yan Gao,Xi Li,Jie Yu",
        "venue": "Proceedings of the 2008 Fifth IEEE International Symposium on Embedded Computing",
        "id": "1752180",
        "label": "8",
        "organization": "Dept. of Comput. Sci., Univ. of Sci. & Technol. of China, Hefei"
    }
]