[
    {
        "title": "E-R modeler: a database modeling toolkit for Eclipse",
        "year": "2004",
        "authors": "Song Zhou,Chuanxi Xu,Hui Wu,Jing Zhang,Yuehua Lin,Juanqin Wang,Jeff Gray,Barrett R. Bryant",
        "venue": "ACM Southeast Regional Conference",
        "id": "6802",
        "label": "0",
        "organization": "University of Alabama at Birmingham, Birmingham, AL"
    },
    {
        "title": "Novel View Generation from Two Reference Images Based on the Same Optical Axis",
        "year": "2004",
        "authors": "Shungang Hua,Jing Zhang,Zongying Ou",
        "venue": "CIT",
        "id": "8266",
        "label": "2",
        "organization": "Dalian University of Technology"
    },
    {
        "title": "Index Support for Visualizing Large, Distributed, High-Dimension Data Sets",
        "year": "2005",
        "authors": "Jing Zhang,Les Miller,Di Cook",
        "venue": "ISCA PDCS",
        "id": "10873",
        "label": "0",
        "organization": "null"
    },
    {
        "title": "Camera Calibration from a Single Frame of Planar Pattern",
        "year": "2006",
        "authors": "Jianhua Wang,Fanhuai Shi,Jing Zhang,Yuncai Liu",
        "venue": "ACIVS",
        "id": "19629",
        "label": "4",
        "organization": "null"
    },
    {
        "title": "CACS: A Novel Classification Algorithm Based on Concept Similarity",
        "year": "2007",
        "authors": "Jing Peng,Dongqing Yang,Changjie Tang,Jing Zhang,Jianjun Hu",
        "venue": "ADMA",
        "id": "27491",
        "label": "6",
        "organization": "Chengdu Jiuheyuan Industry Company, Chengdu 610015, China"
    },
    {
        "title": "Autonomous Objects and Bottom-Up Composition in ZOO Applied to a Case Study of Biological Reactivity",
        "year": "2008",
        "authors": "Nuno Amalio,Fiona Polack,Jing Zhang",
        "venue": "ABZ",
        "id": "51924",
        "label": "7",
        "organization": "China Exim Bank, Beijing, P.R. China 100009"
    },
    {
        "title": "An Adaptive Selection of Motion for Online Hand-Eye Calibration",
        "year": "2005",
        "authors": "Jing Zhang,Fanhuai Shi,Yuncai Liu",
        "venue": "Australian Conference on Artificial Intelligence",
        "id": "60006",
        "label": "4",
        "organization": "null"
    },
    {
        "title": "Simulations of Protein Folding Process",
        "year": "2007",
        "authors": "Jing Zhang,Maozu Guo,Yang Yu",
        "venue": "BIOCOMP",
        "id": "65209",
        "label": "9",
        "organization": "null"
    },
    {
        "title": "Methods and Simulations for the Protein Folding",
        "year": "2007",
        "authors": "Jing Zhang,Maozu Guo,Yang Yu",
        "venue": "BIOCOMP",
        "id": "65373",
        "label": "9",
        "organization": "null"
    },
    {
        "title": "Limn Matrix: A Tool for Visualizing Large, Distributed, High-Dimension Data Sets",
        "year": "2005",
        "authors": "Jing Zhang,Di Cook,Les Miller",
        "venue": "CAINE",
        "id": "72760",
        "label": "0",
        "organization": "null"
    },
    {
        "title": "Enhancing SQL with Set-Comparison Operators",
        "year": "2009",
        "authors": "Jing Zhang,Wen-Chi Hou,Feng Yu,Dunren Che",
        "venue": "CATA",
        "id": "78839",
        "label": "10",
        "organization": "null"
    },
    {
        "title": "Toward Protein Structure Analysis with Self-Organizing Maps",
        "year": "2005",
        "authors": "Lutz Hamel,Gongqin Sun,Jing Zhang",
        "venue": "CIBCB",
        "id": "93607",
        "label": "11",
        "organization": "Department of Computer Science University of Rhode Island Kingston, RI 02881, hamel@cs.uri.edu"
    },
    {
        "title": "A Context-Aware Policy Model to Support Autonomic Networking",
        "year": "2008",
        "authors": "John Strassner,Yan Liu,Jing Zhang",
        "venue": "COMPSAC",
        "id": "113456",
        "label": "12",
        "organization": "Motorola Labs., Schaumburg, IL"
    },
    {
        "title": "MDDAS 2008 Workshop Organization",
        "year": "2008",
        "authors": "John Strassner,Sven van der Meer,Jing Zhang",
        "venue": "COMPSAC",
        "id": "113496",
        "label": "12",
        "organization": "null"
    },
    {
        "title": "Message from the MDDS 2008 Workshop Organizers",
        "year": "2008",
        "authors": "John Strassner,Sven van der Meer,Jing Zhang",
        "venue": "COMPSAC",
        "id": "113528",
        "label": "12",
        "organization": "null"
    },
    {
        "title": "Computing Exact p-Value for Structured Motif",
        "year": "2007",
        "authors": "Jing Zhang,Xi Chen,Ming Li",
        "venue": "CPM",
        "id": "118893",
        "label": "13",
        "organization": "null"
    },
    {
        "title": "A Composition-Oriented Approach for Business Process Formal Design",
        "year": "2006",
        "authors": "Jing Zhang,Haiyang Wang",
        "venue": "CSCWD",
        "id": "122288",
        "label": "0",
        "organization": "Dept. of Comput. Sci. & Technol., Shangdong Univ."
    },
    {
        "title": "A Pi-calculus-Based Business Process Formal Design Method",
        "year": "2006",
        "authors": "Jing Zhang,Haiyang Wang",
        "venue": "CSCWD (Selected Papers)",
        "id": "122539",
        "label": "0",
        "organization": "null"
    },
    {
        "title": "Research on the Optimal Transmission Design of Planar Bar Mechanism",
        "year": "2007",
        "authors": "Shijie Fang,Lei Zhang,Jing Zhang,Yantao Wang",
        "venue": "CSCWD",
        "id": "122836",
        "label": "15",
        "organization": "Yantai Univ., Yantai"
    },
    {
        "title": "Motion Segmentation of Multiple Translating Objects Using Line Correspondences",
        "year": "2005",
        "authors": "Fanhuai Shi,Jianhua Wang,Jing Zhang,Yuncai Liu",
        "venue": "CVPR (1)",
        "id": "129049",
        "label": "4",
        "organization": "Shanghai Jiao Tong University"
    },
    {
        "title": "Expert Finding in a Social Network",
        "year": "2007",
        "authors": "Jing Zhang,Jie Tang,Juan-Zi Li",
        "venue": "DASFAA",
        "id": "141094",
        "label": "13",
        "organization": "null"
    },
    {
        "title": "Exploring digital government initiatives to expand Full Information Product Pricing (FIPP) networks in NAFTA",
        "year": "2008",
        "authors": "Jing Zhang,Rejean Roy,Monique Charbonneau,Luis F. Luna-Reyes,Irak Lopez Davila,Josune Arcelus de Diego,David F. Andersen,Gabriel Cid,Karen Bryce,Tino DeMarco,Andy Whitmore",
        "venue": "DG.O",
        "id": "154947",
        "label": "16",
        "organization": "Clark University"
    },
    {
        "title": "North American digital government working group: initial steps in the development of a comparative and transnational agenda",
        "year": "2008",
        "authors": "Celene Navarrete,Jing Zhang,Theresa A. Pardo,Luis F. Luna-Reyes,Jose Ramon Gil-Garcia",
        "venue": "DG.O",
        "id": "155020",
        "label": "16",
        "organization": "Clark University"
    },
    {
        "title": "A Case Study: A Model-Based Approach to Retrofit a Network Fault Management System with Self-Healing Functionality",
        "year": "2008",
        "authors": "Yan Liu,Jing Zhang,Michael Jiang,David Raymer,John Strassner",
        "venue": "ECBS",
        "id": "167800",
        "label": "12",
        "organization": "Motorola Inc., Schaumburg"
    },
    {
        "title": "Dynamic Terrain LOD with Region Preservation in 3D Game Engine",
        "year": "2006",
        "authors": "Guojun Chen,Jing Zhang",
        "venue": "Edutainment",
        "id": "177965",
        "label": "19",
        "organization": "null"
    },
    {
        "title": "A Survey on Use of 'New Perspective English Learning System' among University Students-Case Study on Jiangxi Normal University",
        "year": "2008",
        "authors": "Jing Zhang,Min Li",
        "venue": "Edutainment",
        "id": "178100",
        "label": "18",
        "organization": "null"
    },
    {
        "title": "The F-R Model of Teaching in Chinese Universities",
        "year": "2008",
        "authors": "Hui Zhao,Yanbo Huang,Jing Zhang",
        "venue": "Edutainment",
        "id": "178134",
        "label": "21",
        "organization": "Modern Education Technology Center, Central South University, Changsha, China 410083"
    },
    {
        "title": "Federate Job Mapping Strategy in Grid-Based Virtual Wargame Collaborative Environment",
        "year": "2007",
        "authors": "Jing Zhang,Hai Huang",
        "venue": "Edutainment",
        "id": "178153",
        "label": "20",
        "organization": "null"
    },
    {
        "title": "Real-Time Visualization of Tire Tracks in Dynamic Terrain with LOD",
        "year": "2007",
        "authors": "Guojun Chen,Jing Zhang,Xiaoli Xu,Yuan Yin",
        "venue": "Edutainment",
        "id": "178191",
        "label": "19",
        "organization": "null"
    },
    {
        "title": "An Improved Fuzzy Image Enhancement Algorithm",
        "year": "2008",
        "authors": "Liang-rui Tang,Jing Zhang,Bing Qi",
        "venue": "FSKD (1)",
        "id": "218107",
        "label": "22",
        "organization": "North China Electr. Power Univ., Beijing"
    },
    {
        "title": "DNA Sequences Classification Based on Immune Evolution Network",
        "year": "2008",
        "authors": "Lianhong Wang,Jing Zhang,Xiaofeng Huang,Gufeng Gong",
        "venue": "FSKD (2)",
        "id": "218240",
        "label": "24",
        "organization": "Coll. of Electr. & Inf. Eng., Hunan Univ., Changsha"
    },
    {
        "title": "Model Retrieval Based on Flattened Shape Comparison in 3D Databases",
        "year": "2008",
        "authors": "Guisheng Yin,Huaiyou Chen,Jing Zhang",
        "venue": "FSKD (4)",
        "id": "218523",
        "label": "23",
        "organization": "Coll. of Comput. Sci. & Technol., Harbin Eng. Univ., Harbin"
    },
    {
        "title": "ROI Based Natural Image Retrieval Using Color and TextureFeature",
        "year": "2007",
        "authors": "Jing Zhang,Choong-Woong Yoo,Seok-Wun Ha",
        "venue": "FSKD (4)",
        "id": "219221",
        "label": "28",
        "organization": "null"
    },
    {
        "title": "Model-Driven Program Transformation of a Large Avionics Framework",
        "year": "2004",
        "authors": "Jeffrey G. Gray,Jing Zhang,Yuehua Lin,Suman Roychoudhury,Hui Wu,Rajesh Sudarsan,Aniruddha S. Gokhale,Sandeep Neema,Feng Shi,Ted Bapty",
        "venue": "GPCE",
        "id": "235717",
        "label": "0",
        "organization": "null"
    },
    {
        "title": "Adaptive Noise Reduction for Engineering Drawings Based on Primitives and Noise Assessment",
        "year": "2005",
        "authors": "Jing Zhang,Wan Zhang,Liu Wenyin",
        "venue": "GREC",
        "id": "236706",
        "label": "25",
        "organization": "null"
    },
    {
        "title": "Increase of Potential Intellectual Bandwidth in a Scientific Community through Implementation of an End-User Information System",
        "year": "2003",
        "authors": "Christian Bach,Salvatore Belardo,Jing Zhang",
        "venue": "HICSS",
        "id": "243352",
        "label": "27",
        "organization": "Univ. at Albany/SUNY, Albany, NY, USA"
    },
    {
        "title": "Divergent Approaches and Converging Views: Drawing Sensible Linkages between Knowledge Management and Organizational Learning",
        "year": "2003",
        "authors": "Jing Zhang,Sue R. Faerman",
        "venue": "HICSS",
        "id": "249055",
        "label": "16",
        "organization": "Albany Univ., NY, USA"
    },
    {
        "title": "The Nature of Knowledge and Its Influence on Knowledge Sharing Practice: Experiences from Building the MACROS System",
        "year": "2004",
        "authors": "Jing Zhang,Sue R. Faerman",
        "venue": "HICSS",
        "id": "249056",
        "label": "16",
        "organization": "Clark University"
    },
    {
        "title": "The Effect of Organizational/Technological Factors and the Nature of Knowledge on Knowledge Sharing",
        "year": "2006",
        "authors": "Jing Zhang,Sue R. Faerman,Anthony M. Cresswell",
        "venue": "HICSS",
        "id": "249057",
        "label": "16",
        "organization": "Clark University"
    },
    {
        "title": "Minitrack: E-Government Information and Knowledge Management",
        "year": "2007",
        "authors": "Maria Wimmer,Michael Goul,Jing Zhang",
        "venue": "HICSS",
        "id": "249626",
        "label": "16",
        "organization": "Clark University"
    },
    {
        "title": "Information Strategies to Support Full Information Product Pricing: the Role of Trust",
        "year": "2009",
        "authors": "Luis F. Luna-Reyes,David F. Andersen,Josune Arcelus de Diego,Jing Zhang,Madeleine Andersen,Andy Whitmore,Rejean Roy",
        "venue": "HICSS",
        "id": "250442",
        "label": "16",
        "organization": "null"
    },
    {
        "title": "Texture-Based Image Retrieval by Edge Detection Matching GLCM",
        "year": "2008",
        "authors": "Jing Zhang,Gui-li Li,Seok-wun He",
        "venue": "HPCC",
        "id": "253472",
        "label": "28",
        "organization": "Gyeongsang Nat. Univ., Jinju"
    },
    {
        "title": "Transforming Natural Arguments in Araucaria to Formal Arguments in LMA",
        "year": "2006",
        "authors": "Yohsuke Takahashi,Hajime Sawamura,Jing Zhang",
        "venue": "IAT",
        "id": "261096",
        "label": "31",
        "organization": "Qiqihaer University, China"
    },
    {
        "title": "Factor Analysis Based Anomaly Detection",
        "year": "2003",
        "authors": "Ningning Wu,Jing Zhang",
        "venue": "IAW",
        "id": "261854",
        "label": "0",
        "organization": "Dept. of Inf. Sci., Arkansas Univ., Little Rock, AR, USA"
    },
    {
        "title": "Exploiting Frame-to-Frame Coherence for Rendering Terrain Using Continuous LOD",
        "year": "2006",
        "authors": "Jing Zhang,Guojun Chen",
        "venue": "ICAT",
        "id": "273835",
        "label": "19",
        "organization": "null"
    },
    {
        "title": "Studies on a Class of AWG-Based Node Architectures for Optical Burst-Switched Networks",
        "year": "2004",
        "authors": "Yurong (Grace) Huang,Debasish Datta,Xue Qiu,Jing Zhang,Hyuk-Kyu Park,Young-Chon Kim,Jonathan P. Heritage,Biswanath Mukherjee",
        "venue": "International Conference on Computational Science",
        "id": "278881",
        "label": "36",
        "organization": "null"
    },
    {
        "title": "Explicit Routing for Traffic Engineering in Labeled Optical Burst-Switched WDM Networks",
        "year": "2004",
        "authors": "Jing Zhang,Hae-Joung Lee,Shuang Wang,Xue Qiu,Keyao Zhu,Yurong (Grace) Huang,Debasish Datta,Young-Chon Kim,Biswanath Mukherjee",
        "venue": "International Conference on Computational Science",
        "id": "280585",
        "label": "36",
        "organization": "null"
    },
    {
        "title": "Federation Based Solution for Peer-to-Peer Network Management",
        "year": "2007",
        "authors": "Jilong Wang,Jing Zhang",
        "venue": "International Conference on Computational Science (4)",
        "id": "280683",
        "label": "34",
        "organization": "Network Research Center, Tsinghua University, Beijing 100084, China"
    },
    {
        "title": "RSA Extended Modulus Attacks and Their Solutions in a Kind of Fair Exchange Protocols",
        "year": "2005",
        "authors": "Ping Li,Lalin Jiang,Jiayin Wu,Jing Zhang",
        "venue": "ICCNMC",
        "id": "289698",
        "label": "39",
        "organization": "null"
    },
    {
        "title": "A Hybrid Restoration Scheme Based on Threshold Reaction Time in Optical Burst-Switched Networks",
        "year": "2004",
        "authors": "Hae-Joung Lee,Kyu-Yeop Song,Won-Ho So,Jing Zhang,Debasish Datta,Biswanath Mukherjee,Young-Chon Kim",
        "venue": "ICCSA (4)",
        "id": "291531",
        "label": "36",
        "organization": "null"
    },
    {
        "title": "Optimal-Nearest-Neighbor Queries",
        "year": "2008",
        "authors": "Yunjun Gao,Jing Zhang,Gencai Chen,Qing Li,Shen Liu,Chun Chen",
        "venue": "ICDE",
        "id": "302116",
        "label": "38",
        "organization": "College of Computer Science, Zhejiang University, Hangzhou 310027, P. R. China. zhangj@zju.edu.cn"
    },
    {
        "title": "A Topic Modeling Approach and Its Integration into the Random Walk Framework for Academic Search",
        "year": "2008",
        "authors": "Jie Tang,Ruoming Jin,Jing Zhang",
        "venue": "ICDM",
        "id": "303689",
        "label": "13",
        "organization": "Dept. of Comput. Sci. & Technol., Tsinghua Univ., Beijing"
    },
    {
        "title": "Dynamic Negotiation for Real-Time Manufacturing Execution",
        "year": "2004",
        "authors": "Li Zhuang,Jing Zhang,Bryan Ng,Yue Tang,Yi Zhao",
        "venue": "ICEIS (2)",
        "id": "307579",
        "label": "44",
        "organization": "null"
    },
    {
        "title": "The Cluster Distribution of Regulatory Motifs of Transcription in Yeast Introns",
        "year": "2005",
        "authors": "Jun Hu,Jing Zhang",
        "venue": "ICIC (2)",
        "id": "313284",
        "label": "42",
        "organization": "null"
    },
    {
        "title": "Optimizing the Selection of Partners in Collaborative Operation Networks",
        "year": "2007",
        "authors": "Kai Kang,Jing Zhang,Baoshan Xu",
        "venue": "ICIC (2)",
        "id": "314057",
        "label": "41",
        "organization": "null"
    },
    {
        "title": "A Novel Lossless Compression for Hyperspectral Images by Adaptive Classified Arithmetic Coding in Wavelet Domain",
        "year": "2006",
        "authors": "Jing Zhang,Guizhong Liu",
        "venue": "ICIP",
        "id": "323809",
        "label": "40",
        "organization": "Sch. of Electron. & Inf. Eng., Xi'an Jiaotong Univ."
    },
    {
        "title": "A Multimedia System for Route Sharing and Video-Based Navigation",
        "year": "2006",
        "authors": "Wen Wu,Jie Yang,Jing Zhang",
        "venue": "ICME",
        "id": "332131",
        "label": "47",
        "organization": "Sch. of Comput. Sci., Carnegie Mellon Univ., Pittsburgh, PA"
    },
    {
        "title": "A PDA-Based Sign Translator",
        "year": "2002",
        "authors": "Jing Zhang,Xilin Chen,Jie Yang,Alex Waibel",
        "venue": "ICMI",
        "id": "334256",
        "label": "47",
        "organization": "Mobile Technologies, LLC"
    },
    {
        "title": "An Advanced Scheme For Wireless Network Authentication System",
        "year": "2006",
        "authors": "Jing Zhang,Jinhai Liu,Tiepan Li",
        "venue": "ICN/ICONS/MCL",
        "id": "337211",
        "label": "46",
        "organization": "Henan Institute of Education, Zhengzhou,China"
    },
    {
        "title": "A New Scheme For Wireless Network Authentication System",
        "year": "2006",
        "authors": "Jing Zhang,Bo Wang",
        "venue": "ICN/ICONS/MCL",
        "id": "337219",
        "label": "46",
        "organization": "Wuhan University,Wuhan,China"
    },
    {
        "title": "Neuroinformatics Research in China- Current Status and Future Research Activities",
        "year": "2005",
        "authors": "Guang Li,Jing Zhang,Faji Gu,Ling Yin,Yiyuan Tang,Xiaowei Tang",
        "venue": "ICNC (1)",
        "id": "337739",
        "label": "52",
        "organization": "null"
    },
    {
        "title": "Eigenspectra Versus Eigenfaces: Classification with a Kernel-Based Nonlinear Representor",
        "year": "2005",
        "authors": "Benyong Liu,Jing Zhang",
        "venue": "ICNC (1)",
        "id": "337784",
        "label": "50",
        "organization": "null"
    },
    {
        "title": "Evolutionary Algorithm Based on Overlapped Gene Expression",
        "year": "2005",
        "authors": "Jing Peng,Changjie Tang,Jing Zhang,Chang-an Yuan",
        "venue": "ICNC (3)",
        "id": "337904",
        "label": "6",
        "organization": "null"
    },
    {
        "title": "A Novel Approach Using Edge Detection Information for Texture Based Image Retrieval",
        "year": "2006",
        "authors": "Jing Zhang,Seok-Wun Ha",
        "venue": "ICNC (2)",
        "id": "338111",
        "label": "28",
        "organization": "null"
    },
    {
        "title": "Multimodal Registration using the Discrete Wavelet Frame Transform",
        "year": "2006",
        "authors": "Shutao Li,Jinglin Peng,James T. Kwok,Jing Zhang",
        "venue": "ICPR (3)",
        "id": "347652",
        "label": "57",
        "organization": "Hunan University Changsha, China"
    },
    {
        "title": "A Robust Approach for Recognition of Text Embedded in Natural Scenes",
        "year": "2002",
        "authors": "Jing Zhang,Xilin Chen,Andreas Hanneman,Jie Yang,Alex Waibel",
        "venue": "ICPR (3)",
        "id": "349484",
        "label": "47",
        "organization": "null"
    },
    {
        "title": "Motion Segmentation by Multibody Trifocal Tensor Using Line Correspondence",
        "year": "2006",
        "authors": "Jing Zhang,Fanhuai Shi,Yuncai Liu",
        "venue": "ICPR (1)",
        "id": "349549",
        "label": "4",
        "organization": "Image Processing and Pattern Recognition Institute"
    },
    {
        "title": "A new edge-based text verification approach for video",
        "year": "2008",
        "authors": "Jing Zhang,Dmitry B. Goldgof,Rangachar Kasturi",
        "venue": "ICPR",
        "id": "350612",
        "label": "25",
        "organization": "Dept. of Comput. Sci. & Eng., Univ. of South Florida, Tampa, FL"
    },
    {
        "title": "Sharing Inertia Load between Multiple Robots with Active Compliant Grippers using Trajectory Pre-shaping",
        "year": "2004",
        "authors": "Jing Zhang,Ronald Lumia,Gregory P. Starr,John Wood",
        "venue": "ICRA",
        "id": "357268",
        "label": "54",
        "organization": "Dept. of Mech. Eng., New Mexico Univ., Albuquerque, NM, USA"
    },
    {
        "title": "Maintaining software product lines - an industrial practice",
        "year": "2008",
        "authors": "Michael Jiang,Jing Zhang,Hong Zhao,Yuanyuan Zhou",
        "venue": "ICSM",
        "id": "364890",
        "label": "12",
        "organization": "null"
    },
    {
        "title": "The LLAMA Middleware Support for Accountable Service-Oriented Architecture",
        "year": "2008",
        "authors": "Mark Panahi,Kwei-Jay Lin,Yue Zhang,Soo-Ho Chang,Jing Zhang,Leonardo Varela",
        "venue": "ICSOC",
        "id": "365290",
        "label": "36",
        "organization": "Department of Electrical Engineering and Computer Science, University of California, Irvine, Irvine, USA CA 92697"
    },
    {
        "title": "Personalized QoS Prediction forWeb Services via Collaborative Filtering",
        "year": "2007",
        "authors": "Lingshuang Shao,Jing Zhang,Yong Wei,Junfeng Zhao,Bing Xie,Hong Mei",
        "venue": "ICWS",
        "id": "371126",
        "label": "55",
        "organization": "Peking Univ., Beijing"
    },
    {
        "title": "Processing and Analysis of Ground Penetrating Radar Landmine Detection",
        "year": "2004",
        "authors": "Jing Zhang,Baikunth Nath",
        "venue": "IEA/AIE",
        "id": "375148",
        "label": "61",
        "organization": "null"
    },
    {
        "title": "On the Integration Frame of Collaborative Innovation Support System for Telecom Operators",
        "year": "2007",
        "authors": "Jing Zhang",
        "venue": "CONFENIS (2)",
        "id": "384364",
        "label": "62",
        "organization": "null"
    },
    {
        "title": "Applying Virtual Reality to Web-based Education",
        "year": "2006",
        "authors": "Han Xue,Jing Zhang",
        "venue": "IMSCCS (1)",
        "id": "398678",
        "label": "63",
        "organization": "Harbin Engineering University, China"
    },
    {
        "title": "Real-time Competition Simulation System",
        "year": "2007",
        "authors": "Jing Zhang,Yan-bo Li,Maozu Guo",
        "venue": "IMSCCS",
        "id": "398757",
        "label": "9",
        "organization": "Harbin Inst. of Technol., Harbin"
    },
    {
        "title": "Model-driven generative techniques for scalable performability analysis of distributed systems",
        "year": "2006",
        "authors": "Arundhati Kogekar,Dimple Kaul,Aniruddha S. Gokhale,Paul J. Vandal,U. Praphamontripong,Swapna S. Gokhale,Jing Zhang,Yuehua Lin,Jeffrey G. Gray",
        "venue": "IPDPS",
        "id": "411670",
        "label": "0",
        "organization": "Dept. of Electr. Eng. & Comput. Sci., Vanderbilt Univ., Nashville, TN, USA"
    },
    {
        "title": "Approximate treatment for calculation of the rate-distortion slope in EBCOT",
        "year": "2005",
        "authors": "Yue-xin Zhu,Nan-ning Zheng,Jing Zhang,Zong-ze Wu",
        "venue": "ISCAS (6)",
        "id": "425307",
        "label": "59",
        "organization": "Sch. of Electr. Eng., Xi'an Jiaotong Univ., China"
    },
    {
        "title": "Landmine Feature Extraction and Classification of GPR Data Based on SVM Method",
        "year": "2004",
        "authors": "Jing Zhang,Qun Liu,Baikunth Nath",
        "venue": "ISNN (1)",
        "id": "443210",
        "label": "61",
        "organization": "null"
    },
    {
        "title": "Adaptive Training of a Kernel-Based Representative and Discriminative Nonlinear Classifier",
        "year": "2007",
        "authors": "Benyong Liu,Jing Zhang,Xiaowei Chen",
        "venue": "ISNN (2)",
        "id": "443547",
        "label": "50",
        "organization": "College of Computer Science and Technology, Guizhou University, Huaxi 550025, Guiyang, China"
    },
    {
        "title": "Single Trial Evoked Potentials Study during an Emotional Processing Based on Wavelet Transform",
        "year": "2008",
        "authors": "Ling Zou,Renlai Zhou,Senqi Hu,Jing Zhang,Yansong Li",
        "venue": "ISNN (1)",
        "id": "443867",
        "label": "68",
        "organization": "State Key Laboratory of Cognitive Neuroscience and Learning, Beijing Normal University, Beijing, China 100875"
    },
    {
        "title": "Sequential Proximity-Based Clustering for Telecommunication Network Alarm Correlation",
        "year": "2008",
        "authors": "Yan Liu,Jing Zhang,Xin Meng,John Strassner",
        "venue": "ISNN (2)",
        "id": "443970",
        "label": "12",
        "organization": "Motorola Labs, Schaumburg, USA 60193"
    },
    {
        "title": "Watermarking for Authentication of LZ-77 Compressed Documents",
        "year": "2007",
        "authors": "Yanfang Du,Jing Zhang,Yuting Su",
        "venue": "IWDW",
        "id": "464050",
        "label": "69",
        "organization": "null"
    },
    {
        "title": "ArnetMiner: extraction and mining of academic social networks",
        "year": "2008",
        "authors": "Jie Tang,Jing Zhang,Limin Yao,Juanzi Li,Li Zhang,Zhong Su",
        "venue": "KDD",
        "id": "473726",
        "label": "13",
        "organization": "null"
    },
    {
        "title": "A Hand-Eye Robotic Model for Total Knee Replacement Surgery",
        "year": "2005",
        "authors": "Fanhuai Shi,Jing Zhang,Yuncai Liu,Zijian Zhao",
        "venue": "MICCAI (2)",
        "id": "498119",
        "label": "4",
        "organization": "null"
    },
    {
        "title": "Levels of Independence in Aspect-Oriented Modeling",
        "year": "2003",
        "authors": "Jeff Gray,Yuehua Lin,Jing Zhang",
        "venue": "Middleware Workshops",
        "id": "499789",
        "label": "0",
        "organization": "null"
    },
    {
        "title": "Hyperspectral images lossless compression by a novel three-dimensional wavelet coding",
        "year": "2007",
        "authors": "Jing Zhang,Guizhong Liu",
        "venue": "ACM Multimedia",
        "id": "503482",
        "label": "40",
        "organization": "Xi'an Jiaotong University, Xi'an, China"
    },
    {
        "title": "Computer Simulation for Protein Folding",
        "year": "2007",
        "authors": "Jing Zhang,Yang Yu,Maozu Guo",
        "venue": "MSV",
        "id": "509479",
        "label": "9",
        "organization": "null"
    },
    {
        "title": "Speechalator: Two-Way Speech-to-Speech Translation in Your Hand",
        "year": "2003",
        "authors": "Alex Waibel,Ahmed Badran,Alan W. Black,Robert E. Frederking,Donna Gates,Alon Lavie,Lori S. Levin,Kevin Lenzo,Laura Mayfield Tomokiyo,Jurgen Reichert,Tanja Schultz,Dorcas Wallace,Monika Woszczyna,Jing Zhang",
        "venue": "HLT-NAACL",
        "id": "511082",
        "label": "47",
        "organization": "null"
    },
    {
        "title": "C-SAW and genAWeave: a two-level aspect weaving toolsuite",
        "year": "2004",
        "authors": "Jeffrey G. Gray,Jing Zhang,Suman Roychoudhury,Ira D. Baxter",
        "venue": "OOPSLA Companion",
        "id": "522215",
        "label": "0",
        "organization": "University of Alabama at Birmingham, Birmingham, AL"
    },
    {
        "title": "Supporting software evolution through model-driven program transformation",
        "year": "2004",
        "authors": "Jing Zhang",
        "venue": "OOPSLA Companion",
        "id": "522969",
        "label": "0",
        "organization": "University of Alabama at Birmingham, Birmingham, AL"
    },
    {
        "title": "Metamodel-driven model interpreter evolution",
        "year": "2005",
        "authors": "Jing Zhang",
        "venue": "OOPSLA Companion",
        "id": "522971",
        "label": "0",
        "organization": "University of Alabama at Birmingham, Birmingham, AL"
    },
    {
        "title": "A Mixture Model for Expert Finding",
        "year": "2008",
        "authors": "Jing Zhang,Jie Tang,Liu Liu,Juan-Zi Li",
        "venue": "PAKDD",
        "id": "527619",
        "label": "13",
        "organization": "null"
    },
    {
        "title": "A Discriminative Approach to Topic-Based Citation Recommendation",
        "year": "2009",
        "authors": "Jie Tang,Jing Zhang",
        "venue": "PAKDD",
        "id": "527702",
        "label": "13",
        "organization": "Department of Computer Science and Technology, Tsinghua University, Beijing, China 100084"
    },
    {
        "title": "Core role-based access control: efficient implementations by transformations",
        "year": "2006",
        "authors": "Yanhong A. Liu,Chen Wang,Michael Gorbovitski,Tom Rothamel,Yongxi Cheng,Yingchao Zhao,Jing Zhang",
        "venue": "PEPM",
        "id": "538250",
        "label": "72",
        "organization": "null"
    },
    {
        "title": "Rapid and Accurate Protein Side Chain Prediction with Local Backbone Information",
        "year": "2008",
        "authors": "Jing Zhang,Xin Gao,Jinbo Xu,Ming Li",
        "venue": "RECOMB",
        "id": "559285",
        "label": "13",
        "organization": "null"
    },
    {
        "title": "ArnetMiner: An Expertise Oriented Search System for Web Community",
        "year": "2007",
        "authors": "Jie Tang,Jing Zhang,Duo Zhang,Limin Yao,Chunlin Zhu,Juan-Zi Li",
        "venue": "Semantic Web Challenge",
        "id": "583919",
        "label": "13",
        "organization": "null"
    },
    {
        "title": "Multi-signers Strong Designated Verifier Signature Scheme",
        "year": "2008",
        "authors": "Yaling Zhang,Jing Zhang,Yikun Zhang",
        "venue": "SNPD",
        "id": "608973",
        "label": "74",
        "organization": "Sch. of Comput. Sci. & Eng., Xi'an Univ. of Technol., Xi'an"
    },
    {
        "title": "Replicators: Transformations to Address Model Scalability",
        "year": "2005",
        "authors": "Jeffrey G. Gray,Yuehua Lin,Jing Zhang,Steven Nordstrom,Aniruddha S. Gokhale,Sandeep Neema,Swapna S. Gokhale",
        "venue": "MoDELS",
        "id": "635185",
        "label": "0",
        "organization": "null"
    },
    {
        "title": "Automatic Detection of Signs with Affine Transformation",
        "year": "2002",
        "authors": "Xilin Chen,Jie Yang,Jing Zhang,Alex Waibel",
        "venue": "WACV",
        "id": "650904",
        "label": "47",
        "organization": "Interactive Syst. Lab, Carnegie Mellon Univ., Pittsburgh, PA, USA"
    },
    {
        "title": "A New Heuristic Reduct Algorithm Base on Rough Sets Theory",
        "year": "2003",
        "authors": "Jing Zhang,Jianmin Wang,Deyi Li,Huacan He,Jia-Guang Sun",
        "venue": "WAIM",
        "id": "652226",
        "label": "73",
        "organization": "null"
    },
    {
        "title": "Name Disambiguation Using Atomic Clusters",
        "year": "2008",
        "authors": "Feng Wang,Juanzi Li,Jie Tang,Jing Zhang,Kehong Wang",
        "venue": "WAIM",
        "id": "652256",
        "label": "13",
        "organization": "Dept. of Comput. Sci. & Technol., Tsinghua Univ., Beijing"
    },
    {
        "title": "Recommendation over a Heterogeneous Social Network",
        "year": "2008",
        "authors": "Jing Zhang,Jie Tang,Bangyong Liang,Zi Yang,Sijie Wang,Jingjing Zuo,Juanzi Li",
        "venue": "WAIM",
        "id": "652393",
        "label": "13",
        "organization": "Dept. of Comput. Sci. & Technol., Tsinghua Univ., Beijing"
    },
    {
        "title": "Topic-Level Random Walk through Probabilistic Model",
        "year": "2009",
        "authors": "Zi Yang,Jie Tang,Jing Zhang,Juanzi Li,Bo Gao",
        "venue": "APWeb/WAIM",
        "id": "652412",
        "label": "13",
        "organization": "Department of Computer Science & Technology, Tsinghua University, China"
    },
    {
        "title": "EOS: expertise oriented search using social networks",
        "year": "2007",
        "authors": "Juan-Zi Li,Jie Tang,Jing Zhang,Qiong Luo,Yunhao Liu,MingCai Hong",
        "venue": "WWW",
        "id": "675121",
        "label": "13",
        "organization": "Tsinghua University, Beijing, China"
    },
    {
        "title": "Extraction and mining of an academic social network",
        "year": "2008",
        "authors": "Jie Tang,Jing Zhang,Limin Yao,Juan-Zi Li",
        "venue": "WWW",
        "id": "675428",
        "label": "13",
        "organization": "Tsinghua University, Beijing, China"
    },
    {
        "title": "A unified framework for name disambiguation",
        "year": "2008",
        "authors": "Jie Tang,Jing Zhang,Duo Zhang,Juanzi Li",
        "venue": "WWW",
        "id": "675438",
        "label": "13",
        "organization": "Tsinghua University, Beijing, China"
    },
    {
        "title": "Enhancing Software Product Line Maintenance with Source Code Mining",
        "year": "2008",
        "authors": "Michael Jiang,Jing Zhang,Hong Zhao,Yuanyuan Zhou",
        "venue": "WASA",
        "id": "677741",
        "label": "12",
        "organization": "Motorola Labs, Motorola, Schaumburg, USA IL 60196"
    },
    {
        "title": "Efficient Video Authentication for H.264/AVC",
        "year": "2006",
        "authors": "Jing Zhang,Anthony T. S. Ho",
        "venue": "ICICIC (3)",
        "id": "679558",
        "label": "75",
        "organization": "Sch. of Electr. & Electron. Eng., Nanyang Technol. Univ."
    },
    {
        "title": "Study on the Co-Existence of 20ms TTI and 5ms TTI in E-DCH of TD-SCDMA HSUPA",
        "year": "2007",
        "authors": "Mingke Li,Kai Wang,Jing Zhang,Yafeng Wang,Dacheng Yang",
        "venue": "VTC Fall",
        "id": "687443",
        "label": "0",
        "organization": "Beijing Univ. of Posts & Telecommun., Beijing"
    },
    {
        "title": "Multi-User Joint Doppler Spread Estimation in Generalized Distributed Antenna System",
        "year": "2007",
        "authors": "Jin Xu,Jing Zhang,Juan Han,Xiaofeng Tao,Lihua Li,Ping Zhang",
        "venue": "VTC Fall",
        "id": "687483",
        "label": "0",
        "organization": "Beijing Univ. of Posts & Telecommun., Beijing"
    },
    {
        "title": "A Novel Load Control Strategy For TD-SCDMA Enhanced Uplink",
        "year": "2008",
        "authors": "Jing Zhang,Siqing You,Yi Zheng,Yafeng Wang,Yongyu Chang,Dacheng Yang",
        "venue": "VTC Spring",
        "id": "690517",
        "label": "0",
        "organization": "Beijing Univ. of Posts & Telecommun., Beijing"
    },
    {
        "title": "3D Motion Segmentation from Straight-Line Optical Flow",
        "year": "2007",
        "authors": "Jing Zhang,Fanhuai Shi,Jianhua Wang,Yuncai Liu",
        "venue": "MCAM",
        "id": "695810",
        "label": "4",
        "organization": "null"
    },
    {
        "title": "Evaluating the Disaster Defense Ability of Information Systems",
        "year": "2007",
        "authors": "Baowen Zhang,Jing Zhang,Ning Zhou,Mingang Chen",
        "venue": "PAISI",
        "id": "696642",
        "label": "80",
        "organization": "null"
    },
    {
        "title": "An Automatic Voice Query System for Bank Based on Telephone Network",
        "year": "2008",
        "authors": "Dong-ming Li,Jing Zhang,Li Zhang,Ya-ju Liu,Bo Du",
        "venue": "ISIP",
        "id": "709104",
        "label": "13",
        "organization": "Coll. of Mech. & Electr. Eng., Agric. Univ. of Hebei, Baoding"
    },
    {
        "title": "Comparison between Voxel-based Morphometry and Volumetric Analysis in Schizophrenia",
        "year": "2008",
        "authors": "Jing Zhang,Monte S. Buchsbaum,Kingwai Chu,Erin A. Hazlett",
        "venue": "BMEI (2)",
        "id": "716682",
        "label": "79",
        "organization": "Dept. of Psychiatry, Mount Sinai Sch. of Med., New York, NY"
    },
    {
        "title": "Business Process-Oriented Software Architecture for Supporting Business Process Change",
        "year": "2008",
        "authors": "Qing Yao,Jing Zhang,Haiyang Wang",
        "venue": "ISECS",
        "id": "720138",
        "label": "0",
        "organization": "Dept. of Comput. Sci. & Technol., Shandong Univ., Jinan"
    },
    {
        "title": "Semantic Information Extraction of Video Based on Ontology and Inference",
        "year": "2007",
        "authors": "Jie Ma,Jing Zhang,Hong Lu,Xiangyang Xue",
        "venue": "ICSC",
        "id": "720471",
        "label": "78",
        "organization": "East China University of Science & Technology, China"
    },
    {
        "title": "Model-Driven Adaptive Self-healing for Autonomic Computing",
        "year": "2008",
        "authors": "Yan Liu,Jing Zhang,John Strassner",
        "venue": "MACE",
        "id": "721833",
        "label": "12",
        "organization": "Motorola Labs, Schaumburg, USA IL 60193"
    },
    {
        "title": "A New Calibration Model and Method of Camera Lens Distortion",
        "year": "2006",
        "authors": "Jianhua Wang,Fanhuai Shi,Jing Zhang,Yuncai Liu",
        "venue": "IROS",
        "id": "724360",
        "label": "4",
        "organization": "Dept. of Autom., Shanghai Jiao Tong Univ."
    },
    {
        "title": "A model-based approach to adding autonomic capabilities to network fault management system",
        "year": "2008",
        "authors": "Yan Liu,Jing Zhang,Michael Jiang,David Raymer,John Strassner",
        "venue": "NOMS",
        "id": "726821",
        "label": "12",
        "organization": "Motorola Autonomics Lab., Motorola Inc., Schaumburg, IL"
    },
    {
        "title": "A low complexity method for real-time gaze tracking",
        "year": "2008",
        "authors": "Jing Zhang,Mengkai Zhao,Li Zhuo,Lansun Shen",
        "venue": "MMSP",
        "id": "727231",
        "label": "84",
        "organization": "Signal & Inf. Process. Lab., Beijing Univ. of Technol., Beijing"
    },
    {
        "title": "A Novel Approach of Face Detection based on Skin Color Segmentation and PCA",
        "year": "2008",
        "authors": "Jing Zhang,Yang Liu,Seok-Wun Ha",
        "venue": "ICYCS",
        "id": "730647",
        "label": "28",
        "organization": "null"
    },
    {
        "title": "Biomechanical Modeling of Bone-Needle Interaction for Haptic Rendering in Needle Insertion Simulation",
        "year": "2006",
        "authors": "Jackson Shin-Kiat Ong,Chee-Kong Chui,Zhenlan Wang,Jing Zhang,Jeremy Choon-Meng Teo,Chye Hwang Yan,Sim Heng Ong,Chee Leong Teo,Swee-Hin Teoh",
        "venue": "ICARCV",
        "id": "732481",
        "label": "83",
        "organization": "Dept. of Mech. Eng., National Univ. of Singapore"
    },
    {
        "title": "Identification of initial rotor position of a micro-PMSM",
        "year": "2008",
        "authors": "Jing Zhang,Ningning Wu",
        "venue": "ICARCV",
        "id": "733219",
        "label": "0",
        "organization": "Syst. Eng. Dept., Univ. of Arkansas at Little Rock, Little Rock, AR"
    },
    {
        "title": "Application of multisensor data fusion based on RBF neural networks for fault diagnosis of SAMS",
        "year": "2002",
        "authors": "Chunling Fan,Zhihua Jin,Jing Zhang,Weifeng Tian",
        "venue": "ICARCV",
        "id": "733497",
        "label": "82",
        "organization": "Dept. of Instrum. Eng., Shanghai Jiao Tong Univ., China"
    },
    {
        "title": "Application of neuro-fuzzy control for satellite AOCS",
        "year": "2002",
        "authors": "Jing Zhang,Weifeng Tian,Chunling Fan,Zhihua Jin",
        "venue": "ICARCV",
        "id": "733585",
        "label": "82",
        "organization": "Dept. of Instrum. Eng., Shanghai Jiao Tong Univ., China"
    },
    {
        "title": "Robust Controller for Networked Control Systems Induced Noise and Long Transmission Delay",
        "year": "2008",
        "authors": "Zhanshan Zhao,Qun Zong,Jing Zhang",
        "venue": "ICNSC",
        "id": "735931",
        "label": "81",
        "organization": "Tianjin Univ., Tianjin"
    },
    {
        "title": "Similarity computing model of high dimension data for symptom classification of Chinese traditional medicine",
        "year": "2009",
        "authors": "Jing Peng,Chang-jie Tang,Dongqing Yang,Jing Zhang,Jianjun Hu",
        "venue": "Appl. Soft Comput.",
        "id": "760629",
        "label": "6",
        "organization": "Chengdu Jiuheyuan Industry Company, Chengdu 610015, China"
    },
    {
        "title": "ATID: a web-oriented database for collection of publicly available alternative translational initiation events",
        "year": "2005",
        "authors": "Jun Cai,Jing Zhang,Ying Huang,Yanda Li",
        "venue": "Bioinformatics",
        "id": "763153",
        "label": "13",
        "organization": "MOE Key Laboratory of Bioinformatics and Department of Automation, Tsinghua University Beijing 100084, China"
    },
    {
        "title": "MicroRNA identification based on sequence and structure alignment",
        "year": "2005",
        "authors": "Xiaowo Wang,Jing Zhang,Fei Li,Jin Gu,Tao He,Xuegong Zhang,Yanda Li",
        "venue": "Bioinformatics",
        "id": "766419",
        "label": "13",
        "organization": "MOE Key Laboratory of Bioinformatics, Department of Automation, Tsinghua University Beijing 100084, China"
    },
    {
        "title": "Computing exact P-values for DNA motifs",
        "year": "2007",
        "authors": "Jing Zhang,Bo Jiang,Ming Li,John Tromp,Xuegong Zhang,Michael Q. Zhang",
        "venue": "Bioinformatics",
        "id": "767013",
        "label": "13",
        "organization": "State Key Laboratory of Intelligent Technology & System, Department of Computer Science and Technology, Tsinghua University, Beijing 100084, China,"
    },
    {
        "title": "dbNEI2.0: building multilayer network for drug-NEI-disease",
        "year": "2008",
        "authors": "Jing Zhang,Tao Ma,Yanda Li,Shao Li",
        "venue": "Bioinformatics",
        "id": "767958",
        "label": "13",
        "organization": "null"
    },
    {
        "title": "htSNPer1.0: software for haplotype block partition and htSNPs selection",
        "year": "2005",
        "authors": "Keyue Ding,Jing Zhang,Kaixin Zhou,Yan Shen,Xuegong Zhang",
        "venue": "BMC Bioinformatics",
        "id": "768501",
        "label": "13",
        "organization": "null"
    },
    {
        "title": "Detection of potential positive regulatory motifs of transcription in yeast introns by comparative analysis of oligonucleotide frequencies",
        "year": "2003",
        "authors": "Jing Zhang,Jun Hu,Xiu-fan Shi,Huai Cao,Wei-bo Liu",
        "venue": "Computational Biology and Chemistry",
        "id": "782827",
        "label": "42",
        "organization": "null"
    },
    {
        "title": "Automating Change Evolution in Model-Driven Engineering",
        "year": "2006",
        "authors": "Jeff Gray,Yuehua Lin,Jing Zhang",
        "venue": "IEEE Computer",
        "id": "806568",
        "label": "0",
        "organization": "University of Alabama at Birmingham"
    },
    {
        "title": "The spectrum of cyclic BSEC with block size three",
        "year": "2005",
        "authors": "Jing Zhang,Yanxun Chang",
        "venue": "Discrete Mathematics",
        "id": "849249",
        "label": "1",
        "organization": "null"
    },
    {
        "title": "Factor-analysis based anomaly detection and clustering",
        "year": "2006",
        "authors": "Ningning Wu,Jing Zhang",
        "venue": "Decision Support Systems",
        "id": "857418",
        "label": "0",
        "organization": "Universtty of Arkansas at Little Rock, Applied Science, Little Rock"
    },
    {
        "title": "Improved Blind Decodings of STBC with Unknown and Known Channel Correlation to Transmitter",
        "year": "2007",
        "authors": "Zhengwei Gong,Taiyi Zhang,Jing Zhang",
        "venue": "IEICE Transactions",
        "id": "896014",
        "label": "40",
        "organization": "null"
    },
    {
        "title": "Epitaxial Growth of SiGe Interband Tunneling Diodes on Si(001) and on Si0.7Ge0.3 Virtual Substrates",
        "year": "2006",
        "authors": "Mathieu Stoffel,Jing Zhang,Oliver G. Schmidt",
        "venue": "IEICE Transactions",
        "id": "899538",
        "label": "3",
        "organization": "null"
    },
    {
        "title": "Aspect mining from a modelling perspective",
        "year": "2008",
        "authors": "Jing Zhang,Jeff Gray,Yuehua Lin,Robert Tairas",
        "venue": "IJCAT",
        "id": "904926",
        "label": "0",
        "organization": "Department of Computer and Information Sciences, University of Alabama at Birmingham, 1300 University Blvd., 126 Campbell Hall, Birmingham, AL 35294, USA; Motorola Research Labs, NIRL Autonomics Research, 1301 Algonquin Road, Schaumburg, IL 60196, USA."
    },
    {
        "title": "Systematic benchmarking of microarray data feature extraction and classification",
        "year": "2008",
        "authors": "Jing Zhang,Tianzi Jiang,Bing Liu,Xingpeng Jiang,Huizhi Zhao",
        "venue": "Int. J. Comput. Math.",
        "id": "907015",
        "label": "5",
        "organization": "null"
    },
    {
        "title": "Weaving Deployment Aspects into Domain-specific Models",
        "year": "2006",
        "authors": "Krishnakumar Balasubramanian,Aniruddha S. Gokhale,Yuehua Lin,Jing Zhang,Jeff Gray",
        "venue": "International Journal of Software Engineering and Knowledge Engineering",
        "id": "921069",
        "label": "0",
        "organization": "null"
    },
    {
        "title": "Comparative knowledge management: A pilot study of Chinese and American universities",
        "year": "2005",
        "authors": "Qian Geng,Charles Townley,Kun Huang,Jing Zhang",
        "venue": "JASIST",
        "id": "956110",
        "label": "8",
        "organization": "null"
    },
    {
        "title": "Backup reprovisioning to remedy the effect of multiple link failures in WDM mesh networks",
        "year": "2006",
        "authors": "Jing Zhang,Keyao Zhu,Biswanath Mukherjee",
        "venue": "IEEE Journal on Selected Areas in Communications",
        "id": "992460",
        "label": "36",
        "organization": "Sun Microsystems, Menlo Park, CA"
    },
    {
        "title": "Optimized routing for fault management in optical burst-switched WDM networks",
        "year": "2007",
        "authors": "Jing Zhang,Shuang Wang,Keyao Zhu,Lei Song,Debasish Datta,Young-Chon Kim,Biswanath Mukherjee",
        "venue": "IEEE Journal on Selected Areas in Communications",
        "id": "993005",
        "label": "36",
        "organization": "Sun Microsystems, Menlo Park"
    },
    {
        "title": "Dynamic provisioning with availability guarantee for differentiated services in survivable mesh networks",
        "year": "2007",
        "authors": "Lei Song,Jing Zhang,Biswanath Mukherjee",
        "venue": "IEEE Journal on Selected Areas in Communications",
        "id": "993070",
        "label": "36",
        "organization": "Dept. of Electr. & Comput. Eng., California Univ., Davis, CA"
    },
    {
        "title": "A review of fault management in WDM mesh networks: basic concepts and research challenges",
        "year": "2004",
        "authors": "Jing Zhang,Biswanath Mukherjee",
        "venue": "IEEE Network",
        "id": "1024029",
        "label": "36",
        "organization": "Univ. of California, USA"
    },
    {
        "title": "Motion segmentation of multiple translating objects from line correspondences",
        "year": "2005",
        "authors": "Fanhuai Shi,Jianhua Wang,Jing Zhang,Yuncai Liu",
        "venue": "Pattern Recognition",
        "id": "1041342",
        "label": "4",
        "organization": "null"
    },
    {
        "title": "A new calibration model of camera lens distortion",
        "year": "2008",
        "authors": "Jianhua Wang,Fanhuai Shi,Jing Zhang,Yuncai Liu",
        "venue": "Pattern Recognition",
        "id": "1042648",
        "label": "4",
        "organization": "Institute of Image Processing and Pattern Recognition, Shanghai Jiao Tong University, 800 Dong Chuan Road, Shanghai 200240, PR China"
    },
    {
        "title": "Model replication: transformations to address model scalability",
        "year": "2008",
        "authors": "Yuehua Lin,Jeff Gray,Jing Zhang,Steven Nordstrom,Aniruddha S. Gokhale,Sandeep Neema,Swapna S. Gokhale",
        "venue": "Softw., Pract. Exper.",
        "id": "1075787",
        "label": "0",
        "organization": "Department of Computer and Information Sciences, University of Alabama at Birmingham, Birmingham, AL 35294-1170, U.S.A."
    },
    {
        "title": "Automatic detection and recognition of signs from natural scenes",
        "year": "2004",
        "authors": "Xilin Chen,Jie Yang,Jing Zhang,Alex Waibel",
        "venue": "IEEE Transactions on Image Processing",
        "id": "1102318",
        "label": "47",
        "organization": "Sch. of Comput. Sci., Carnegie Mellon Univ., Pittsburgh, PA, USA"
    },
    {
        "title": "Availability-aware provisioning strategies for differentiated protection services in wavelength-convertible WDM mesh networks",
        "year": "2007",
        "authors": "Jing Zhang,Keyao Zhu,Hui Zang,Norman S. Matloff,Biswanath Mukherjee",
        "venue": "IEEE/ACM Trans. Netw.",
        "id": "1123027",
        "label": "36",
        "organization": "Sun Microsystems, Menlo Park, CA"
    },
    {
        "title": "A comprehensive study on backup-bandwidth reprovisioning after network-state updates in survivable telecom mesh networks",
        "year": "2008",
        "authors": "Lei Song,Jing Zhang,Biswanath Mukherjee",
        "venue": "IEEE/ACM Trans. Netw.",
        "id": "1123179",
        "label": "36",
        "organization": "Sun Microsystems, Menlo Park, CA"
    },
    {
        "title": "Fabrication of strained Si channel PMOSFET on thin relaxed Si1-xGex virtual substrate",
        "year": "2004",
        "authors": "Ding-Lei Mei,Jing-chun Li,Jing Zhang,Wan-jing Xu,Kai-zhou Tan,Mo-hua Yang",
        "venue": "Microelectronics Journal",
        "id": "1155422",
        "label": "14",
        "organization": "Sch. of Microelectron. & Solid-State Electron., China Univ. of Electron. Sci. & Technol., Chengdu, China"
    },
    {
        "title": "Efficient Sports Video Retrieval Based on Index Structure",
        "year": "2006",
        "authors": "Jing Zhang,Hong Lu,Xiangyang Xue",
        "venue": "Journal of Computer Research and Development",
        "id": "1163202",
        "label": "78",
        "organization": "null"
    },
    {
        "title": "A component-oriented software toolkit for patient-specific finite element model generation",
        "year": "2009",
        "authors": "Chee-Kong Chui,Zhenlan Wang,Jing Zhang,Jackson Shin-Kiat Ong,Limeng Bian,Jeremy Choon-Meng Teo,Chye Hwang Yan,Sim Heng Ong,Shih-Chang Wang,Hee-Kit Wong,Swee-Hin Teoh",
        "venue": "Advances in Engineering Software",
        "id": "1169621",
        "label": "83",
        "organization": "Department of Electrical and Computer Engineering, Faculty of Engineering, National University of Singapore, Singapore"
    },
    {
        "title": "A model-driven approach to enforce crosscutting assertion checking",
        "year": "2005",
        "authors": "Jing Zhang,Jeff Gray,Yuehua Lin",
        "venue": "ACM SIGSOFT Software Engineering Notes",
        "id": "1179729",
        "label": "0",
        "organization": "University of Alabama at Birmingham, Birmingham, AL"
    },
    {
        "title": "Multi-Index Cooperative Mixed Strategy for Service Selection Problem in Service-Oriented Architecture",
        "year": "2008",
        "authors": "Yimin Shen,Jing Zhang,Yushun Fan",
        "venue": "JCP",
        "id": "1184523",
        "label": "17",
        "organization": "null"
    },
    {
        "title": "Arnetminer: expertise oriented search using social networks",
        "year": "2008",
        "authors": "Juanzi Li,Jie Tang,Jing Zhang,Qiong Luo,Yunhao Liu,MingCai Hong",
        "venue": "Frontiers of Computer Science in China",
        "id": "1185492",
        "label": "13",
        "organization": "null"
    },
    {
        "title": "Adaptive motion selection for online hand-eye calibration",
        "year": "2007",
        "authors": "Jing Zhang,Fanhuai Shi,Yuncai Liu",
        "venue": "Robotica",
        "id": "1195093",
        "label": "4",
        "organization": "null"
    },
    {
        "title": "Learning-Based Driver Workload Estimation",
        "year": "2008",
        "authors": "Yilu Zhang,Yuri Owechko,Jing Zhang",
        "venue": "Computational Intelligence in Automotive Applications",
        "id": "1201917",
        "label": "32",
        "organization": "null"
    },
    {
        "title": "Research group on digital government in North America: developing a comparative and transnational agenda",
        "year": "2009",
        "authors": "Jose Ramon Gil-Garcia,Luis F. Luna-Reyes,Sehl Mellouli,Celene Navarrete,Theresa A. Pardo,Jing Zhang",
        "venue": "D.GO",
        "id": "1206974",
        "label": "16",
        "organization": "null"
    },
    {
        "title": "Exploring digital government initiatives to expand full information product pricing (FIPP) networks in NAFTA",
        "year": "2009",
        "authors": "Jing Zhang,Luis F. Luna-Reyes,David F. Andersen,Andy Whitmore,Rejean Roy",
        "venue": "D.GO",
        "id": "1206987",
        "label": "16",
        "organization": "Clark University"
    },
    {
        "title": "Bath-induced Control of two-qubit entanglement under Markovian noises",
        "year": "2008",
        "authors": "Jing Zhang,Rebing Wu,Chunwen Li,Tzyh Jong Tarn",
        "venue": "CDC",
        "id": "1218857",
        "label": "35",
        "organization": "Dept. of Autom., Tsinghua Univ., Beijing, China"
    },
    {
        "title": "Framework for Performance Evaluation of Face, Text, and Vehicle Detection and Tracking in Video: Data, Metrics, and Protocol",
        "year": "2009",
        "authors": "Rangachar Kasturi,Dmitry B. Goldgof,Padmanabhan Soundararajan,Vasant Manohar,John S. Garofolo,Rachel Bowers,Matthew Boonstra,Valentina N. Korzhova,Jing Zhang",
        "venue": "IEEE Trans. Pattern Anal. Mach. Intell.",
        "id": "1226712",
        "label": "25",
        "organization": "University of South Florida, Tampa"
    },
    {
        "title": "A Web Service Adapter with Contract-Oriented Methodology",
        "year": "2009",
        "authors": "Junhuai Li,Yile Wang,Jing Zhang,Zhuobin Zhang",
        "venue": "ACIS-ICIS",
        "id": "1236119",
        "label": "74",
        "organization": "Sch. of Comput. Sci. & Eng., Xi'an Univ. of Technol., Xi'an, China"
    },
    {
        "title": "Applying PageRank Algorithm in Requirement Concern Impact Analysis",
        "year": "2009",
        "authors": "Ying Jin,Jing Zhang,Pengfei Ma,Weiping Hao,Shutong Luo,Zepeng Li",
        "venue": "COMPSAC (1)",
        "id": "1240043",
        "label": "33",
        "organization": "Coll. of Comput. Sci. & Technol., Jilin Univ., Jilin, China"
    },
    {
        "title": "A Pixel-level Statistical Structural Descriptor for Shape Measure and Recognition",
        "year": "2009",
        "authors": "Jing Zhang,Wenyin Liu",
        "venue": "ICDAR",
        "id": "1246182",
        "label": "25",
        "organization": "Dept. of Comput. Sci., Univ. of South Florida, Tampa, FL, USA"
    },
    {
        "title": "SOA Middleware Support for Service Process Reconfiguration with End-to-End QoS Constraints",
        "year": "2009",
        "authors": "Yanlong Zhai,Jing Zhang,Kwei-Jay Lin",
        "venue": "ICWS",
        "id": "1248983",
        "label": "36",
        "organization": "Sch. of Comput. Sci. & Technol., Beijing Inst. of Technol., Beijing, China"
    },
    {
        "title": "Do You Know Where Your Data's Been? - Tamper-Evident Database Provenance",
        "year": "2009",
        "authors": "Jing Zhang,Adriane Chapman,Kristen LeFevre",
        "venue": "Secure Data Management",
        "id": "1255135",
        "label": "26",
        "organization": "null"
    },
    {
        "title": "Fudan University at TRECVID 2008",
        "year": "2008",
        "authors": "Xiangyang Xue,Wei Zhang,Yue-Fei Guo,Hong Lu,Yuejie Zhang,Zichen Sun,Yingbin Zheng,Shile Zhang,Hong Liu,Yuanzheng Song,Jing Zhang,Xisheng He,Kai Li,Jun Zhou,Yanjie Chen",
        "venue": "IJHPCA",
        "id": "1265653",
        "label": "78",
        "organization": "null"
    },
    {
        "title": "Examining Glacier Mass Balances with a Hierarchical Modeling Approach",
        "year": "2007",
        "authors": "Uma S. Bhatt,Jing Zhang,Craig S. Lingle,Lisa M. Phillips,Wendell V. Tangborn",
        "venue": "Computing in Science and Engineering",
        "id": "1269842",
        "label": "30",
        "organization": "University of Alaska Fairbanks"
    },
    {
        "title": "Building Accountability Middleware to Support Dependable SOA",
        "year": "2009",
        "authors": "Kwei-Jay Lin,Mark Panahi,Yue Zhang,Jing Zhang,Soo-Ho Chang",
        "venue": "IEEE Internet Computing",
        "id": "1275992",
        "label": "36",
        "organization": "University of California, Irvine"
    },
    {
        "title": "A Task-Based Approach to User Interface Design for a Web-Based Hydrologic Information Systems",
        "year": "2006",
        "authors": "Leen-Kiat Soh,Jing Zhang,Ashok Samal",
        "venue": "Synthesis Lectures on Data Mining and Knowledge Discovery",
        "id": "1291742",
        "label": "29",
        "organization": "null"
    },
    {
        "title": "Extraction of Text Objects in Video Documents: Recent Progress.",
        "year": "2008",
        "authors": "Jing Zhang,Rangachar Kasturi",
        "venue": "null",
        "id": "1305339",
        "label": "25",
        "organization": "null"
    },
    {
        "title": "The Design of a New Context-Aware Policy Model for Autonomic Networking.",
        "year": "2008",
        "authors": "John Strassner,Srini Samudrala,Greg W. Cox,Yan Liu,Michael Jiang,Jing Zhang,Sven van der Meer,M che l   Foghl ,Willie Donnelly",
        "venue": "null",
        "id": "1305868",
        "label": "12",
        "organization": "null"
    },
    {
        "title": "An Efficient Approach for Service Process Reconfiguration in SOA with End-to-End QoS Constraints.",
        "year": "2009",
        "authors": "Kwei-Jay Lin,Jing Zhang,Yanlong Zhai",
        "venue": "null",
        "id": "1310195",
        "label": "36",
        "organization": "Dept. of Electr. Eng. & Comput. Sci., Univ. of California, Irvine, CA, USA"
    },
    {
        "title": "Business Process Composition with QoS Optimization.",
        "year": "2009",
        "authors": "Jing Zhang,Weiran Nie,Mark Panahi,Yichin Chang,Kwei-Jay Lin",
        "venue": "null",
        "id": "1310218",
        "label": "36",
        "organization": "Dept of EECS, Univ. of California, Irvine, CA, USA"
    },
    {
        "title": "Interweave Neural Networks with Evolutionary Algorithms, Cellular Computing, Bayesian Learning and Ensemble Learning.",
        "year": "2009",
        "authors": "Jing Zhang",
        "venue": "null",
        "id": "1314750",
        "label": "45",
        "organization": "Beijing Union Univ., Beijing, China"
    },
    {
        "title": "Computer Simulation of Air Flow Distribution Characteristics in Inner Filtering Fabric Filters.",
        "year": "2009",
        "authors": "Qi Yin,Man-yin Hu,Jing Zhang,Wen-long Hou",
        "venue": "null",
        "id": "1317157",
        "label": "49",
        "organization": "Dept. of Environ. Sci. & Eng., North China Electr. Power Univ., Baoding, China"
    },
    {
        "title": "A Simplified Learning Algorithm of Incremental Bayesian.",
        "year": "2009",
        "authors": "Hua Chen,Xiao-gang Zhang,Jing Zhang,Li-hua Ding",
        "venue": "null",
        "id": "1317546",
        "label": "51",
        "organization": "Sch. of Comput. & Commun., Hunan Univ., Changsha, China"
    },
    {
        "title": "Spectral Unmixing Technique Based on Flexibly Selected Endmembers.",
        "year": "2009",
        "authors": "Liguo Wang,Jing Zhang,Luqun Deng",
        "venue": "null",
        "id": "1317764",
        "label": "48",
        "organization": "Coll. of Inf. & Commun. Eng., Harbin Eng. Univ., Harbin, China"
    },
    {
        "title": "Concern Based Approach to Generating SCR Requirement Specification: A Case Study.",
        "year": "2009",
        "authors": "Ying Jin,Jing Zhang,Weiping Hao,Pengfei Ma",
        "venue": "null",
        "id": "1317793",
        "label": "33",
        "organization": "Coll. of Comput. Sci. & Technol., Jilin Univ., Changchun, China"
    },
    {
        "title": "Topic Distributions over Links on Web.",
        "year": "2009",
        "authors": "Jie Tang,Jing Zhang,Jeffrey Xu Yu,Zi Yang,Keke Cai,Rui Ma,Li Zhang,Zhong Su",
        "venue": "null",
        "id": "1319502",
        "label": "13",
        "organization": "Dept. of Comput. Sci. & Technol., Tsinghua Univ., Beijing, China"
    },
    {
        "title": "Image Computing: Fractional Spectra and Circular Moments via FrFT.",
        "year": "2009",
        "authors": "Benyong Liu,Jing Zhang",
        "venue": "null",
        "id": "1319722",
        "label": "50",
        "organization": "Dept. Comput. Sci., Guizhou Univ., Guiyang, China"
    },
    {
        "title": "Terminal Delay Performance Evaluation Based on Piece-Wise Fuzzy Linear Regression Modeling.",
        "year": "2009",
        "authors": "Jing Zhang,Fei Wang,Dongxuan Wei,Xiaohao Xu",
        "venue": "null",
        "id": "1322534",
        "label": "37",
        "organization": "Coll. of Civil Aviation, Nanjing Univ. of Aeronaut. & Astronaut., Nanjing, China"
    },
    {
        "title": "A New FCM-Based Algorithm of Hydrophobic Image Segmentation.",
        "year": "2009",
        "authors": "Qiuxia Yang,Liangrui Tang,Bing Qi,Jing Zhang",
        "venue": "null",
        "id": "1322632",
        "label": "22",
        "organization": "Dept. of Electr. & Electron. Eng., North China Electr. Power Univ., Beijing, China"
    },
    {
        "title": "Numerical Simulation of Bag-Type Collector Flow Field in Biomass Energy Power Plant.",
        "year": "2009",
        "authors": "Manyin Hu,Qi Yin,Jinxing Yu,Jing Zhang",
        "venue": "null",
        "id": "1322933",
        "label": "49",
        "organization": "Dept. of Environ. Sci. & Eng., North China Electr. Power Univ., Baoding, China"
    },
    {
        "title": "Service Quality Evaluation for Brand Retailers Based on Fuzzy Comprehensive Appraisal.",
        "year": "2009",
        "authors": "Wenyong Zhou,Jing Zhang",
        "venue": "null",
        "id": "1322943",
        "label": "43",
        "organization": "Sch. of Econ. & Manage., Tongji Univ., Shanghai, China"
    },
    {
        "title": "A Fuzzy Design Algorithm in Nature-Inspired Computation Systems.",
        "year": "2009",
        "authors": "Jianhao Tan,Jing Zhang,Fu Guo",
        "venue": "null",
        "id": "1322984",
        "label": "51",
        "organization": "Electr. & Inf. Eng. Coll., Hunan Univ., Changsha, China"
    },
    {
        "title": "Advances in Fuzzy Method for Natural Computing.",
        "year": "2009",
        "authors": "Jing Zhang",
        "venue": "null",
        "id": "1323179",
        "label": "45",
        "organization": "Beijing Union Univ., Beijing, China"
    },
    {
        "title": "Equivalent Inertia Moment in Linear Stability Calculation of Stepped Beam.",
        "year": "2009",
        "authors": "Xin Wang,Jing Zhang,Ru-min Teng,Shun-de Gao",
        "venue": "null",
        "id": "1327704",
        "label": "2",
        "organization": "Sch. of Mech. Eng., Dalian Univ. of Technol., Dalian, China"
    },
    {
        "title": "Optimized NURBS Curve and Surface Fitting Using Simulated Annealing.",
        "year": "2009",
        "authors": "Jing Zhang,Shaowei Feng,Hanguo Cui",
        "venue": "null",
        "id": "1327836",
        "label": "60",
        "organization": "Coll. of Naval Archit. & Power, Naval Univ. of Eng., Wuhan, China"
    },
    {
        "title": "Creditability Modeling of Distributed Embedded System Based on Real-Time Interaction Specification.",
        "year": "2009",
        "authors": "Jing Zhang,Hui Rong,Chunhong Zhang,Fenghong Xiang,Yunsheng Zhang",
        "venue": "null",
        "id": "1327907",
        "label": "64",
        "organization": "Fac. of Inf. Eng. & Autom., Kunming Univ. of Sci. & Technol., Kunming, China"
    },
    {
        "title": "High Dependability Design Framework in Real-Time Embedded Control Software.",
        "year": "2009",
        "authors": "Jing Zhang,Feng Yan,Chunhong Zhang,Hui Rong,Fenghong Xiang",
        "venue": "null",
        "id": "1327960",
        "label": "64",
        "organization": "Fac. of Inf. Eng. & Autom., Kunming Univ. of Sci. & Technol., Kunming, China"
    },
    {
        "title": "A Novel Video Searching Model Based on Ontology Inference and Multimodal Information Fusion.",
        "year": "2008",
        "authors": "Jing Zhang",
        "venue": "null",
        "id": "1328225",
        "label": "78",
        "organization": "Dept. of Comput. Sci. & Eng., East China Univ. of Sci. & Technol., Shanghai, China"
    },
    {
        "title": "The Application of Cultural Algorithm in Load Balancing of Hybrid P2P Network.",
        "year": "2009",
        "authors": "Xiao-Ling Fu,Jing Zhang",
        "venue": "null",
        "id": "1329173",
        "label": "58",
        "organization": "Inf. Eng. Coll., North China Univ. of Technol., Beijing, China"
    },
    {
        "title": "Reliability Modeling and Analysis of Service-Oriented Robot Management System",
        "year": "2006",
        "authors": "Ping Zhang,Renqing Lu,Jing Zhang",
        "venue": "Proceedings of the 2006 IEEE Asia-Pacific Conference on Services Computing",
        "id": "1371300",
        "label": "0",
        "organization": "South China University of Technology, China"
    },
    {
        "title": "Leopard Image Retrieval using Region of Interest and Texture Feature",
        "year": "2006",
        "authors": "Jing Zhang,Seok-Wun Ha",
        "venue": "Proceedings of the 2006 International Conference on Hybrid Information Technology - Volume 01",
        "id": "1374070",
        "label": "28",
        "organization": "National University, Korea"
    },
    {
        "title": "A Simulating Algorithm for Protein Folding Process",
        "year": "2009",
        "authors": "Jing Zhang,Song Li",
        "venue": "Proceedings of the 2009 WRI International Conference on Communications and Mobile Computing - Volume 03",
        "id": "1383251",
        "label": "9",
        "organization": "Coll. of Comput. Sci. & Technol., Harbin Eng. Univ., Harbin"
    },
    {
        "title": "Design and analysis of bi-directional pumping silicon Raman laser",
        "year": "2008",
        "authors": "Ying Huang,Ming Tang,Ping Shum,Jing Zhang,John H. Lau",
        "venue": "Proceedings of the 2008 International Conference on Advanced Infocomm Technology",
        "id": "1386388",
        "label": "56",
        "organization": "IME"
    },
    {
        "title": "Watermarking for Authentication of LZ-77 Compressed Documents",
        "year": "2008",
        "authors": "Yanfang Du,Jing Zhang,Yuting Su",
        "venue": "Proceedings of the 6th International Workshop on Digital Watermarking",
        "id": "1390589",
        "label": "69",
        "organization": "School of Electronic Information Engineering, Tianjin University, Tianjin, China 300072"
    },
    {
        "title": "Implementation Technique of Unrestricted LL Action Grammar",
        "year": "2009",
        "authors": "Jing Zhang,Ying Jin",
        "venue": "Proceedings of the 2009 International Conference on Computer Engineering and Technology - Volume 01",
        "id": "1394130",
        "label": "33",
        "organization": "Coll. of Comput. Sci. & Tech., Jilin Univ., Changchun"
    },
    {
        "title": "Comparative knowledge management: A pilot study of Chinese and American universities: Book Reviews",
        "year": "2005",
        "authors": "Qian Geng,Charles Townley,Kun Huang,Jing Zhang",
        "venue": "Journal of the American Society for Information Science and Technology",
        "id": "1413754",
        "label": "8",
        "organization": "Curriculum and Instruction Department, MSC 3CUR, New Mexico State University, P.O. Box 30001, Las Cruces, NM 88003-8001"
    },
    {
        "title": "Large area nanosize array stamp for UV-based nanoimprint lithography fabricated by size reduction process",
        "year": "2009",
        "authors": "Xiaoli Li,Qingkang Wang,Jing Zhang,Weimin Zhou,Yanbo Liu,Yongzhong Wan,Xiaoming Niu",
        "venue": "Microelectronic Engineering",
        "id": "1428380",
        "label": "53",
        "organization": "Core Lab of Shanghai Nanotechnology Promotion Centre, 3/f No.3 Building, 245# Jiachuan Road, Shanghai 200237, PR China"
    },
    {
        "title": "Research group on digital government in North America: developing a comparative and transnational agenda",
        "year": "2009",
        "authors": "J. Ramon Gil-Garcia,Luis F. Luna Reyes,Sehl Mellouli,Celene Navarrete,Theresa Pardo,Jing Zhang",
        "venue": "Proceedings of the 10th Annual International Conference on Digital Government Research: Social Networks: Making Connections between Citizens, Data and Government",
        "id": "1428842",
        "label": "16",
        "organization": "Clark University"
    },
    {
        "title": "Dynamic Equivalents of Power System Based on Extended Two Particle Swarm Optimization",
        "year": "2007",
        "authors": "Jingping Yang,Jing Zhang,Wulue Pan",
        "venue": "Proceedings of the Third International Conference on Natural Computation - Volume 05",
        "id": "1578769",
        "label": "38",
        "organization": "Zhejiang University, China; Student Member, IEEE"
    },
    {
        "title": "Function Finding and Constants Creation Method in Evolutionary Algorithm Based on Overlapped Gene Expression",
        "year": "2007",
        "authors": "Jing Peng,Chang-jie Tang,Dong-qing Yang,Shao-jie Qiao,Jing Zhang",
        "venue": "Proceedings of the Third International Conference on Natural Computation - Volume 04",
        "id": "1579908",
        "label": "6",
        "organization": "Chengdu Jiuheyuan Industry Company, China"
    },
    {
        "title": "The Predictive Control of Sintering Temperature in Rotary Kiln Based on Image Feedback and Soft Computing",
        "year": "2007",
        "authors": "Xiaogang Zhang,Hua Chen,Jing Zhang",
        "venue": "Proceedings of the Third International Conference on Natural Computation - Volume 03",
        "id": "1581750",
        "label": "51",
        "organization": "Hunan University, China"
    },
    {
        "title": "An Improved Immune Evolutionary Algorithm for Multimodal Function Optimization",
        "year": "2007",
        "authors": "Xuesong Xu,Jing Zhang",
        "venue": "Proceedings of the Third International Conference on Natural Computation - Volume 03",
        "id": "1581878",
        "label": "51",
        "organization": "Hunan University, China"
    },
    {
        "title": "ROI Based Natural Image Retrieval Using Color and Texture Feature",
        "year": "2007",
        "authors": "Jing Zhang,Choong-Woong Yoo,Seok-Wun Ha",
        "venue": "Proceedings of the Fourth International Conference on Fuzzy Systems and Knowledge Discovery - Volume 04",
        "id": "1582696",
        "label": "28",
        "organization": "GyeongSang National University, Korea"
    },
    {
        "title": "Specification and Runtime Enforcement of Security Policies",
        "year": "2007",
        "authors": "Ying Jin,Jing Zhang,Xiaojuan Zheng",
        "venue": "Proceedings of the 2007 IFIP International Conference on Network and Parallel Computing Workshops",
        "id": "1582760",
        "label": "33",
        "organization": "Jilin University"
    },
    {
        "title": "Monotone iterative technique for initial-value problems of nonlinear singular discrete systems",
        "year": "2008",
        "authors": "Peiguang Wang,Jing Zhang",
        "venue": "Journal of Computational and Applied Mathematics",
        "id": "1595078",
        "label": "70",
        "organization": "Department of Basic Science, North China Institute of Aerospace Engineering, Lanfang, 065000, China"
    },
    {
        "title": "Flexible Feature Processing Mechanism of Radar Target Signal",
        "year": "2008",
        "authors": "Jing Zhang,Wenxian Yu,Jicai Wei",
        "venue": "Proceedings of the 2008 Congress on Image and Signal Processing, Vol. 5 - Volume 05",
        "id": "1596745",
        "label": "71",
        "organization": "null"
    },
    {
        "title": "A Survey on Use of \"New Perspective English Learning System\" among University Students--Case Study on Jiangxi Normal University",
        "year": "2008",
        "authors": "Jing Zhang,Min Li",
        "venue": "Proceedings of the 3rd international conference on Technologies for E-Learning and Digital Entertainment",
        "id": "1599260",
        "label": "18",
        "organization": "School of Communication, Jiangxi Normal University, Nanchang, P.R. China"
    },
    {
        "title": "Work-Flow Based Multi-Domain Certificate in E-Commerce",
        "year": "2004",
        "authors": "Zhiyi Fang,Yong Feng,Zhuang Liu,Jing Zhang",
        "venue": "Proceedings of the E-Commerce Technology for Dynamic E-Business, IEEE International Conference",
        "id": "1613981",
        "label": "33",
        "organization": "Jilin University, Changchun, China"
    },
    {
        "title": "Numerical Simulation of Fluid Flow in Thin Slab Continuous Casting Mould",
        "year": "2009",
        "authors": "Jing Zhang,Ying Gao,Jingna Gao,Ge Wang,Lingjun An,Qiang Li",
        "venue": "Proceedings of the 2009 International Conference on Measuring Technology and Mechatronics Automation - Volume 02",
        "id": "1649111",
        "label": "67",
        "organization": "null"
    },
    {
        "title": "Fabrication, constructions and electrical property of Si2Sb2Te5 electrical probe storage system",
        "year": "2009",
        "authors": "Yanbo Liu,Zhitang Song,Ting Zhang,Guoxin Zhang,Jing Zhang,Weimin Zhou,Jianpin Zhang",
        "venue": "Microsystem Technologies",
        "id": "1649843",
        "label": "53",
        "organization": "Shanghai Nanotechnology Promotion Center, Laboratory of Nanotechnology, 200237, Shanghai, China"
    },
    {
        "title": "Do You Know Where Your Data's Been? --- Tamper-Evident Database Provenance",
        "year": "2009",
        "authors": "Jing Zhang,Adriane Chapman,Kristen Lefevre",
        "venue": "Proceedings of the 6th VLDB Workshop on Secure Data Management",
        "id": "1653729",
        "label": "26",
        "organization": "University of Michigan, Ann Arbor 48109"
    },
    {
        "title": "Intelligence Computing Methods in Electronic Commerce and Security",
        "year": "2009",
        "authors": "Jing Zhang",
        "venue": "Proceedings of the 2009 Second International Symposium on Electronic Commerce and Security - Volume 01",
        "id": "1655257",
        "label": "65",
        "organization": "null"
    },
    {
        "title": "Architectures and algorithms for fault management in optical wdm networks",
        "year": "2005",
        "authors": "Jing Zhang",
        "venue": "null",
        "id": "1707212",
        "label": "36",
        "organization": "University of California, Davis"
    },
    {
        "title": "Externality Identification and Quantification of Transmission Construction Projects",
        "year": "2008",
        "authors": "Jun Dong,Jing Zhang",
        "venue": "Proceedings of the 2008 International Conference on Risk Management & Engineering Management",
        "id": "1747152",
        "label": "66",
        "organization": "null"
    },
    {
        "title": "Coordination Research on Key Parameters in Generation Competition Based on Dynamic Simulation",
        "year": "2008",
        "authors": "Lin Xiao,Jun Dong,Jing Zhang",
        "venue": "Proceedings of the 2008 International Conference on Risk Management & Engineering Management",
        "id": "1748067",
        "label": "66",
        "organization": "null"
    },
    {
        "title": "Network Intrusion Active Defense Model Based on Artificial Immune System",
        "year": "2008",
        "authors": "Cheng Zhang,Jing Zhang,Sunjun Liu,Yintian Liu",
        "venue": "Proceedings of the 2008 Fourth International Conference on Natural Computation - Volume 01",
        "id": "1748899",
        "label": "77",
        "organization": "null"
    },
    {
        "title": "dbNEI2.0",
        "year": "2008",
        "authors": "Jing Zhang,Tao Ma,Yanda Li,Shao Li",
        "venue": "Bioinformatics",
        "id": "1752652",
        "label": "13",
        "organization": "null"
    },
    {
        "title": "A Square Root Extended Set Membership Algorithm with Applications to Nonlinear System Estimation",
        "year": "2008",
        "authors": "Qing He,Jing Zhang",
        "venue": "Proceedings of the 2008 International Conference on Intelligent Computation Technology and Automation - Volume 01",
        "id": "1753048",
        "label": "76",
        "organization": "null"
    },
    {
        "title": "A Novel Approach Using PCA and SVM for Face Detection",
        "year": "2008",
        "authors": "Jing Zhang,Xue-dong Zhang,Seok-wun Ha",
        "venue": "Proceedings of the 2008 Fourth International Conference on Natural Computation - Volume 03",
        "id": "1753520",
        "label": "28",
        "organization": "null"
    },
    {
        "title": "Design of an Automatic Control System for Coal Preparation Process",
        "year": "2008",
        "authors": "Jing Zhang,Maojun Li,Qing He",
        "venue": "Proceedings of the 2008 International Conference on Intelligent Computation Technology and Automation - Volume 01",
        "id": "1755237",
        "label": "76",
        "organization": "null"
    },
    {
        "title": "Composite Evaluation of Replacing Small Generation Units with Large Ones in the Electricity Sector in China",
        "year": "2008",
        "authors": "Jun Dong,Jing Zhang",
        "venue": "Proceedings of the 2008 International Conference on Risk Management & Engineering Management",
        "id": "1755524",
        "label": "66",
        "organization": "null"
    },
    {
        "title": "Application of Immune Classifier Based on Increment of Diversity in the Model Species Genomes Identification",
        "year": "2008",
        "authors": "Lianhong Wang,Jing Zhang,Gufeng Gong,Minfang Peng",
        "venue": "Proceedings of the 2008 International Conference on Intelligent Computation Technology and Automation - Volume 01",
        "id": "1755784",
        "label": "24",
        "organization": "null"
    }
]