[
    {
        "title": "A predictive empirical model for pricing and resource allocation decisions",
        "year": "2007",
        "authors": "Wolfgang Ketter,John Collins,Maria L. Gini,Paul R. Schrater,Alok Gupta",
        "venue": "ICEC",
        "id": "6156",
        "label": "0",
        "organization": "University of Minnesota, Minneapolis, MN"
    },
    {
        "title": "Research Applications of the MAGNET Multi-Agent Contracting Testbed",
        "year": "2002",
        "authors": "John Collins,Maria L. Gini",
        "venue": "AAAI/IAAI",
        "id": "12351",
        "label": "0",
        "organization": "null"
    },
    {
        "title": "Strategic Sales Management in an Autonomous Trading Agent for TAC SCM",
        "year": "2006",
        "authors": "Wolfgang Ketter,Eric Sodomka,Amrudin Agovic,John Collins,Maria L. Gini",
        "venue": "AAAI",
        "id": "13475",
        "label": "0",
        "organization": "null"
    },
    {
        "title": "Efficient Statistical Methods for Evaluating Trading Agent Performance",
        "year": "2007",
        "authors": "Eric Sodomka,John Collins,Maria L. Gini",
        "venue": "AAAI",
        "id": "15688",
        "label": "0",
        "organization": "null"
    },
    {
        "title": "Mixed-initiative decision support in agent-based automated contracting",
        "year": "2000",
        "authors": "John Collins,Corey Bilot,Maria L. Gini",
        "venue": "Agents",
        "id": "29630",
        "label": "0",
        "organization": "null"
    },
    {
        "title": "Exploring decision processes in multi-agent automated contracting",
        "year": "2001",
        "authors": "John Collins,Maria L. Gini",
        "venue": "Agents",
        "id": "29632",
        "label": "0",
        "organization": "Dept of Computer Science and Engineering, University of Minnesota"
    },
    {
        "title": "Evaluating Risk: Flexibility and Feasibility in Multi-Agent Contracting",
        "year": "1999",
        "authors": "John Collins,Maksim Tsvetovat,Rashmi Sundareswara,Joshua van Tonder,Maria L. Gini,Bamshad Mobasher",
        "venue": "Agents",
        "id": "29634",
        "label": "0",
        "organization": "null"
    },
    {
        "title": "A Market Architecture for Multi-Agent Contracting",
        "year": "1998",
        "authors": "John Collins,Ben Youngdahl,Scott Jamison,Bamshad Mobasher,Maria L. Gini",
        "venue": "Agents",
        "id": "29636",
        "label": "0",
        "organization": "null"
    },
    {
        "title": "Bidtree Ordering in IDA* Combinatorial Auction Winner-Determination with Side Constraints",
        "year": "2002",
        "authors": "John Collins,Guleser K. Demir,Maria L. Gini",
        "venue": "AMEC",
        "id": "40557",
        "label": "0",
        "organization": "null"
    },
    {
        "title": "Bid Evaluation and Selection in the MAGNET Automated Contracting System",
        "year": "1998",
        "authors": "Erik S. Steinmetz,John Collins,Scott Jamison,Rashmi Sundareswara,Bamshad Mobasher,Maria L. Gini",
        "venue": "AMET",
        "id": "40568",
        "label": "0",
        "organization": "null"
    },
    {
        "title": "Design of supplier agents for an auction-based market",
        "year": "2002",
        "authors": "Stefan Botman,Mark Hoogendoorn,Vasile Bud,Ashutosh Jaiswal,Steve Hawkins,Yelena Kryzhnyaya,Janice Pearce,Anne Scholcraft,Espen Sigvartsen,John Collins,Maria L. Gini",
        "venue": "AOIS@AAMAS",
        "id": "43044",
        "label": "0",
        "organization": "null"
    },
    {
        "title": "Risk and expectations in a-priori time allocation in multi-agent contracting",
        "year": "2002",
        "authors": "Alexander Babanov,John Collins,Maria L. Gini",
        "venue": "AAMAS",
        "id": "55324",
        "label": "0",
        "organization": "University of Minnesota"
    },
    {
        "title": "Scheduling tasks with precedence constraints to solicit desirable bid combinations",
        "year": "2003",
        "authors": "Alexander Babanov,John Collins,Maria L. Gini",
        "venue": "AAMAS",
        "id": "55328",
        "label": "0",
        "organization": "University of Minnesota"
    },
    {
        "title": "Multi-Attribute Dynamic Pricing for Online Markets Using Intelligent Agents",
        "year": "2004",
        "authors": "Alexander Babanov,John Collins,Maria L. Gini",
        "venue": "AAMAS",
        "id": "55330",
        "label": "0",
        "organization": "University of Nebraska"
    },
    {
        "title": "MinneTAC Sales Strategies for Supply Chain TAC",
        "year": "2004",
        "authors": "Wolfgang Ketter,Elena Kryzhnyaya,Steven Damer,Colin McMillen,Amrudin Agovic,John Collins,Maria L. Gini",
        "venue": "AAMAS",
        "id": "56103",
        "label": "0",
        "organization": "University of Minnesota"
    },
    {
        "title": "A Market-Pressure-Based Performance Evaluator for TAC-SCM",
        "year": "2006",
        "authors": "Brett Borghetti,Eric Sodomka,Maria L. Gini,John Collins",
        "venue": "TADA/AMEC",
        "id": "57059",
        "label": "0",
        "organization": "null"
    },
    {
        "title": "The BBC Television Management Information System",
        "year": "1971",
        "authors": "Charles Lashmar,Terry Smith,John Collins,Ronald Green",
        "venue": "IFIP Congress (2)",
        "id": "376926",
        "label": "1",
        "organization": "null"
    },
    {
        "title": "Bid Selection Strategies for Multi-agent Contracting in the Presence of Scheduling Constraints",
        "year": "1999",
        "authors": "John Collins,Rashmi Sundareswara,Maria L. Gini,Bamshad Mobasher",
        "venue": "Agent Mediated Electronic Commerce (IJCAI Workshop)",
        "id": "388019",
        "label": "0",
        "organization": "null"
    },
    {
        "title": "Dimensional Inference Using Symbol Lives",
        "year": "2007",
        "authors": "Brian Farrimond,John Collins",
        "venue": "SETP",
        "id": "709629",
        "label": "2",
        "organization": "null"
    },
    {
        "title": "Asking the right question: Risk and expectation in multiagent contracting",
        "year": "2003",
        "authors": "Alexander Babanov,John Collins,Maria L. Gini",
        "venue": "AI EDAM",
        "id": "746820",
        "label": "0",
        "organization": "Department of Computer Science and Engineering, University of Minnesota, Minneapolis, Minnesota 55455, USA"
    },
    {
        "title": "Decision Processes in Agent-Based Automated Contracting",
        "year": "2001",
        "authors": "John Collins,Corey Bilot,Maria L. Gini,Bamshad Mobasher",
        "venue": "IEEE Internet Computing",
        "id": "928522",
        "label": "0",
        "organization": "Dept. of Comput. Sci., Minnesota Univ., MN"
    },
    {
        "title": "Visualization and analysis methods for comparing agent behavior in TAC SCM",
        "year": "2009",
        "authors": "William Groves,John Collins,Maria Gini",
        "venue": "AAMAS (2)",
        "id": "1205733",
        "label": "0",
        "organization": "University of Minnesota"
    },
    {
        "title": "Ontology-Driven Decision Support in Dynamic Supply-Chains.",
        "year": "2009",
        "authors": "Andrew Nelson,Dickens Nyabuti,John Collins,Wolfgang Ketter,Maria L. Gini",
        "venue": "null",
        "id": "1310211",
        "label": "0",
        "organization": "Dept. of Comput. Sci. & Eng., Univ. of Minnesota, Minneapolis, MN, USA"
    },
    {
        "title": "Spike: A Six Legged Cube Style Robot.",
        "year": "2009",
        "authors": "Christopher Coyte,Mark Beckerleg,John Collins",
        "venue": "null",
        "id": "1312711",
        "label": "3",
        "organization": "School of Engineering, AUT University, Auckland, New Zealand 1010"
    },
    {
        "title": "Outline or bitmap type",
        "year": "1986",
        "authors": "John Collins",
        "venue": "Conference proceedings on Electronic printing systems: directions in digital imaging. Vol. 1, technology",
        "id": "1445153",
        "label": "5",
        "organization": "null"
    },
    {
        "title": "Documenting protocols in CLOS: keeping the promise of reuse",
        "year": "1993",
        "authors": "John Collins",
        "venue": "Object-oriented programming: the CLOS perspective",
        "id": "1513455",
        "label": "4",
        "organization": "null"
    },
    {
        "title": "The ABC's of digital type",
        "year": "1989",
        "authors": "John Collins",
        "venue": "BYTE",
        "id": "1621697",
        "label": "6",
        "organization": "null"
    }
]