[
    {
        "title": "Learning to Coordinate without Sharing Information",
        "year": "1994",
        "authors": "Sandip Sen,Mahendra Sekaran,John Hale",
        "venue": "AAAI",
        "id": "14950",
        "label": "0",
        "organization": "null"
    },
    {
        "title": "PCFGs with Syntactic and Prosodic Indicators of Speech Repairs",
        "year": "2006",
        "authors": "John Hale,Izhak Shafran,Lisa Yung,Bonnie J. Dorr,Mary P. Harper,Anna Krasnyanskaya,Matthew Lease,Yang Liu,Brian Roark,Matthew G. Snover,Robin Stewart",
        "venue": "ACL",
        "id": "20412",
        "label": "2",
        "organization": "null"
    },
    {
        "title": "Security Policy Coordination for Heterogeneous Information Systems",
        "year": "1999",
        "authors": "John Hale,Pablo Galiasso,Mauricio Papa,Sujeet Shenoi",
        "venue": "ACSAC",
        "id": "24056",
        "label": "0",
        "organization": "Dept. of Comput. Sci., Tulsa Univ., OK"
    },
    {
        "title": "Extending Java for Package based Access Control",
        "year": "2000",
        "authors": "John Hale,Mauricio Papa,Oliver Bremer,Rodrigo Chandia,Sujeet Shenoi",
        "venue": "ACSAC",
        "id": "24057",
        "label": "0",
        "organization": "Center for Inf. Security, Tulsa Univ., OK"
    },
    {
        "title": "Policy Mediation for Multi-Enterprise Environments",
        "year": "2000",
        "authors": "Pablo Galiasso,Oliver Bremer,John Hale,Sujeet Shenoi,David F. Ferraiolo,Vincent C. Hu",
        "venue": "ACSAC",
        "id": "24159",
        "label": "0",
        "organization": "af.affilation"
    },
    {
        "title": "Strata-Gem: risk assessment through mission modeling",
        "year": "2008",
        "authors": "Kevin Clark,Ethan Singleton,Stephen Tyree,John Hale",
        "venue": "QoP",
        "id": "84451",
        "label": "0",
        "organization": "University of Tulsa, Tulsa, OK, USA"
    },
    {
        "title": "On Modeling Computer Networks for Vulnerability Analysis",
        "year": "2002",
        "authors": "Clinton Campbell,Jerald Dawkins,Brandon Pollet,Kenneth Fitch,John Hale,Mauricio Papa",
        "venue": "DBSec",
        "id": "145323",
        "label": "0",
        "organization": "null"
    },
    {
        "title": "An Environment for Developing Securely Interoperable Heterogeneous Distributed Objects",
        "year": "1997",
        "authors": "M. Berryman,C. Rummel,Mauricio Papa,John Hale,Jody Threet,Sujeet Shenoi",
        "venue": "DBSec",
        "id": "145370",
        "label": "0",
        "organization": "null"
    },
    {
        "title": "Language Extensions for Programmable Security",
        "year": "2000",
        "authors": "John Hale,Rodrigo Chandia,Clinton Campbell,Sujeet Shenoi",
        "venue": "DBSec",
        "id": "145478",
        "label": "0",
        "organization": "null"
    },
    {
        "title": "Programmable Security for Object-Oriented Systems",
        "year": "1998",
        "authors": "John Hale,Mauricio Papa,Sujeet Shenoi",
        "venue": "DBSec",
        "id": "145481",
        "label": "0",
        "organization": "null"
    },
    {
        "title": "A Practical Formalism for Imprecise Inference Control",
        "year": "1994",
        "authors": "John Hale,Jody Threet,Sujeet Shenoi",
        "venue": "DBSec",
        "id": "145483",
        "label": "0",
        "organization": "null"
    },
    {
        "title": "Capability-Based Primitives for Access Control in Object-Oriented Systems",
        "year": "1997",
        "authors": "John Hale,Jody Threet,Sujeet Shenoi",
        "venue": "DBSec",
        "id": "145485",
        "label": "0",
        "organization": "null"
    },
    {
        "title": "Public Telephone Network Vulnerabilities",
        "year": "2001",
        "authors": "G. Lorenz,J. Keller,Gavin Manes,John Hale,Sujeet Shenoi",
        "venue": "DBSec",
        "id": "145504",
        "label": "0",
        "organization": "null"
    },
    {
        "title": "Implementation and Verification of Programmable Security",
        "year": "2002",
        "authors": "Stephen Magill,Bradley Skaggs,Mauricio Papa,John Hale",
        "venue": "DBSec",
        "id": "145532",
        "label": "0",
        "organization": "null"
    },
    {
        "title": "Simulation and Analysis of Cryptographic Protocols",
        "year": "2000",
        "authors": "Mauricio Papa,Oliver Bremer,Stephen Magill,John Hale,Sujeet Shenoi",
        "venue": "DBSec",
        "id": "145611",
        "label": "0",
        "organization": "null"
    },
    {
        "title": "A Tool for Inference Detection and Knowledge Discovery in Databases",
        "year": "1995",
        "authors": "Surath Rath,Dominic Jones,John Hale,Sujeet Shenoi",
        "venue": "DBSec",
        "id": "145640",
        "label": "0",
        "organization": "null"
    },
    {
        "title": "Redacting Digital Information from Electronic Devices",
        "year": "2007",
        "authors": "Alex Barclay,L. Watson,David Greer,John Hale,Gavin Manes",
        "venue": "IFIP Int. Conf. Digital Forensics",
        "id": "378780",
        "label": "0",
        "organization": "null"
    },
    {
        "title": "Formal Analysis of E-Commerce Protocols",
        "year": "2001",
        "authors": "Mauricio Papa,Oliver Bremer,John Hale,Sujeet Shenoi",
        "venue": "ISADS",
        "id": "416311",
        "label": "0",
        "organization": "Dept. of Comput. Sci., Tulsa Univ., OK"
    },
    {
        "title": "A Systematic Approach to Multi-Stage Network Attack Analysis",
        "year": "2004",
        "authors": "Jerald Dawkins,John Hale",
        "venue": "IWIA",
        "id": "464561",
        "label": "0",
        "organization": "Tulsa Univ., OK, USA"
    },
    {
        "title": "A Probabilistic Earley Parser as a Psycholinguistic Model",
        "year": "2001",
        "authors": "John Hale",
        "venue": "NAACL",
        "id": "511012",
        "label": "2",
        "organization": "null"
    },
    {
        "title": "A genetic algorithm for fragment allocation in a distributed database system",
        "year": "1994",
        "authors": "Arthur L. Corcoran,John Hale",
        "venue": "SAC",
        "id": "566977",
        "label": "0",
        "organization": "The University of Tulsa"
    },
    {
        "title": "Integrating Logics and Process Calculi for Cryptographic Protocol Analysis",
        "year": "2003",
        "authors": "Mauricio Papa,Oliver Bremer,John Hale,Sujeet Shenoi",
        "venue": "SEC",
        "id": "580984",
        "label": "0",
        "organization": "null"
    },
    {
        "title": "Catalytic Inference Analysis: Detecting Inference Threats due to Knowledge Discovery",
        "year": "1997",
        "authors": "John Hale,Sujeet Shenoi",
        "venue": "IEEE Symposium on Security and Privacy",
        "id": "613611",
        "label": "0",
        "organization": "Dept. of Comput. Sci., Tulsa Univ., OK"
    },
    {
        "title": "GridSPiM: A Framework for Simple Locality and Containment in the Stochastic pi-Calculus",
        "year": "2009",
        "authors": "Stephen Tyree,Rayus Kuplicki,Trevor Sarratt,Scott Fujan,John Hale",
        "venue": "BICoB",
        "id": "736416",
        "label": "0",
        "organization": "null"
    },
    {
        "title": "Analyzing FD Inference in Relational Databases",
        "year": "1996",
        "authors": "John Hale,Sujeet Shenoi",
        "venue": "Data Knowl. Eng.",
        "id": "845786",
        "label": "0",
        "organization": "null"
    },
    {
        "title": "Programmable Access Control",
        "year": "2003",
        "authors": "John Hale,Mauricio Papa,Sujeet Shenoi",
        "venue": "Journal of Computer Security",
        "id": "970479",
        "label": "0",
        "organization": "null"
    },
    {
        "title": "A Ticket-Based Access Control Architecture for Object Systems",
        "year": "2000",
        "authors": "John Hale,Jody Threet,Sujeet Shenoi",
        "venue": "Journal of Computer Security",
        "id": "970481",
        "label": "0",
        "organization": "null"
    },
    {
        "title": "Secur(e/ity) Management: Two Sides of the Same Coin",
        "year": "2004",
        "authors": "John Hale,Paul Brusil",
        "venue": "J. Network Syst. Manage.",
        "id": "985509",
        "label": "0",
        "organization": "null"
    },
    {
        "title": "Secur(e/ity) Management: A Continuing Uphill Climb",
        "year": "2007",
        "authors": "John Hale,Paul Brusil",
        "venue": "J. Network Syst. Manage.",
        "id": "985763",
        "label": "0",
        "organization": "Institute for Information Security, University of Tulsa, Tulsa, USA"
    },
    {
        "title": "The Shifting Sands of Security Management",
        "year": "2005",
        "authors": "Paul Brusil,John Hale",
        "venue": "J. Network Syst. Manage.",
        "id": "985771",
        "label": "0",
        "organization": "null"
    },
    {
        "title": "Book Review",
        "year": "2007",
        "authors": "John Hale",
        "venue": "Journal of Logic, Language and Information",
        "id": "987108",
        "label": "3",
        "organization": "Aff1 Aff2"
    },
    {
        "title": "Issues and Techniques for Redacting PDF Files",
        "year": "2008",
        "authors": "Gavin Wylie Manes,James Johnson,Alex Barclay,Michael Harvey,Elizabeth Downing,John Hale",
        "venue": "J. Digital Forensic Practice",
        "id": "1186952",
        "label": "0",
        "organization": "Computer Science, University of Tulsa, Tulsa, OK, USA"
    },
    {
        "title": "Toward Robust and Extensible Automatic Protocol Identification",
        "year": "2009",
        "authors": "George Louthan,Collin McMillan,Christopher Johnson,John Hale",
        "venue": "International Conference on Internet Computing",
        "id": "1245033",
        "label": "0",
        "organization": "null"
    },
    {
        "title": "Learning to coordinate without sharing information",
        "year": "1997",
        "authors": "Sandip Sen,Mahendra Sekaran,John Hale",
        "venue": "Readings in agents",
        "id": "1404129",
        "label": "0",
        "organization": "null"
    },
    {
        "title": "A framework for high assurance security of distributed objects",
        "year": "1997",
        "authors": "John Hale,Jody Threet,Sujeet Shenoi",
        "venue": "Proceedings of the tenth annual IFIP TC11/WG11.3 international conference on Database security: volume X : status and prospects: status and prospects",
        "id": "1405402",
        "label": "0",
        "organization": "Univ. of Tulsa, Tulsa, OK"
    },
    {
        "title": "Getting Useful Gender Statistics from English Text",
        "year": "1998",
        "authors": "John Hale,Eugene Charniak",
        "venue": "null",
        "id": "1420824",
        "label": "1",
        "organization": "null"
    },
    {
        "title": "Content-based alternatives to conventional network monitoring systems",
        "year": "2009",
        "authors": "George Louthan,Brady Deetz,Matthew Walker,John Hale",
        "venue": "Proceedings of the 5th Annual Workshop on Cyber Security and Information Intelligence Research: Cyber Security and Information Intelligence Challenges and Strategies",
        "id": "1435592",
        "label": "0",
        "organization": "University of Tulsa, Tulsa, OK"
    },
    {
        "title": "Surprising parser actions and reading difficulty",
        "year": "2008",
        "authors": "Marisa Ferrara Boston,John Hale,Reinhold Kliegl,Shravan Vasishth",
        "venue": "Proceedings of the 46th Annual Meeting of the Association for Computational Linguistics on Human Language Technologies: Short Papers",
        "id": "1435658",
        "label": "2",
        "organization": "Michigan State University"
    },
    {
        "title": "The information-processing difficulty of incremental parsing",
        "year": "2004",
        "authors": "John Hale",
        "venue": "Proceedings of the Workshop on Incremental Parsing: Bringing Engineering and Cognition Together",
        "id": "1653657",
        "label": "2",
        "organization": "Michigan State University, East Lansing, MI"
    }
]