[
    {
        "title": "Reconfigurable FPGA's in the 1-20 GHz Band with HBT BiCMOS",
        "year": "1999",
        "authors": "John F. McDonald,Bryan S. Goda",
        "venue": "Evolvable Hardware",
        "id": "179680",
        "label": "0",
        "organization": "Rensselaer Polytech. Inst., Troy, NY"
    },
    {
        "title": "Gigahertz FPGAs with New Power Saving Techniques and Decoding Logic",
        "year": "2002",
        "authors": "Channakeshav,Kuan Zhou,Russell P. Kraft,John F. McDonald",
        "venue": "Evolvable Hardware",
        "id": "179790",
        "label": "0",
        "organization": "null"
    },
    {
        "title": "A Novel Multi-Speed, Power Saving Architecture for SiGe HBT FPGA",
        "year": "2003",
        "authors": "Jong-Ru Guo,Chao You,Michael Chu,Kuan Zhou,Young Uk Yim,Robert W. Heikaus,Russell P. Kraft,John F. McDonald",
        "venue": "Engineering of Reconfigurable Systems and Algorithms",
        "id": "185259",
        "label": "0",
        "organization": "null"
    },
    {
        "title": "The gigahertz FPGA: design consideration and applications",
        "year": "2004",
        "authors": "Jong-Ru Guo,Chao You,Michael Chu,Robert W. Heikaus,Kuan Zhou,Okan Erdogan,Jiedong Diao,Bryan S. Goda,Russell P. Kraft,John F. McDonald",
        "venue": "FPGA",
        "id": "214437",
        "label": "0",
        "organization": "null"
    },
    {
        "title": "A scalable 2 V, 20 GHz FPGA using SiGe HBT BiCMOS technology",
        "year": "2003",
        "authors": "Jong-Ru Guo,Chao You,Kuan Zhou,Bryan S. Goda,Russell P. Kraft,John F. McDonald",
        "venue": "FPGA",
        "id": "214439",
        "label": "0",
        "organization": "null"
    },
    {
        "title": "A four-bit full adder implemented on fast SiGe FPGAs with novel power control scheme",
        "year": "2003",
        "authors": "Kuan Zhou,Michael Chu,Chao You,Jong-Ru Guo,Channakeshav,John Mayega,John F. McDonald,Russell P. Kraft,Bryan S. Goda",
        "venue": "FPGA",
        "id": "214694",
        "label": "0",
        "organization": "null"
    },
    {
        "title": "Gigahertz Reconfigurable Computing Using SiGe HBT BiCMOS FPGAs",
        "year": "2001",
        "authors": "Bryan S. Goda,Russell P. Kraft,Steven R. Carlough,Thomas W. Krawczyk Jr,John F. McDonald",
        "venue": "FPL",
        "id": "215267",
        "label": "0",
        "organization": "null"
    },
    {
        "title": "A 11 GHz FPGA with Test Applications",
        "year": "2005",
        "authors": "Chao You,Jong-Ru Guo,Michael Chu,Russell P. Kraft,Bryan S. Goda,John F. McDonald",
        "venue": "FPL",
        "id": "216005",
        "label": "0",
        "organization": "null"
    },
    {
        "title": "Gigahertz FPGA by SiGe BiCMOS Technology for Low Power, High Speed Computing with 3-D Memory",
        "year": "2003",
        "authors": "Chao You,Jong-Ru Guo,Russell P. Kraft,Michael Chu,Robert W. Heikaus,Okan Erdogan,Peter F. Curran,Bryan S. Goda,Kuan Zhou,John F. McDonald",
        "venue": "FPL",
        "id": "216006",
        "label": "0",
        "organization": "null"
    },
    {
        "title": "Fast SiGe HBT BiCMOS FPGAs with New Architecture and Power Saving Techniques",
        "year": "2002",
        "authors": "Channakeshav,Kuan Zhou,Jong-Ru Guo,Chao You,Bryan S. Goda,Russell P. Kraft,John F. McDonald",
        "venue": "FPL",
        "id": "216018",
        "label": "0",
        "organization": "null"
    },
    {
        "title": "The 10GHz 4: 1 MUX and 1: 4 DEMUX implemented via the gigahertz SiGe FPGA",
        "year": "2004",
        "authors": "Jong-Ru Guo,Chao You,Paul F. Curran,Michael Chu,Kuan Zhou,Jiedong Diao,A. George,Russell P. Kraft,John F. McDonald",
        "venue": "ACM Great Lakes Symposium on VLSI",
        "id": "233864",
        "label": "0",
        "organization": "null"
    },
    {
        "title": "Chip Pad Migration is a Key Component to High Performance MCM Design",
        "year": "1996",
        "authors": "James Loy,Atul Garg,Mukkai S. Krishnamoorthy,John F. McDonald",
        "venue": "Great Lakes Symposium on VLSI",
        "id": "234000",
        "label": "0",
        "organization": "US Mil. Acad., West Point, NY"
    },
    {
        "title": "3D direct vertical interconnect microprocessors test vehicle",
        "year": "2003",
        "authors": "John Mayega,Okan Erdogan,Paul M. Belemjian,Kuan Zhou,John F. McDonald,Russell P. Kraft",
        "venue": "ACM Great Lakes Symposium on VLSI",
        "id": "234062",
        "label": "0",
        "organization": "Rensselaer Polytechnic Institute, Troy, NY"
    },
    {
        "title": "A 5-20 GHz, low power FPGA implemented by SiGe HBT BiCMOS technology",
        "year": "2003",
        "authors": "Chao You,Jong-Ru Guo,Russell P. Kraft,Kuan Zhou,Michael Chu,John F. McDonald",
        "venue": "ACM Great Lakes Symposium on VLSI",
        "id": "234340",
        "label": "0",
        "organization": "Rensselaer Polytechnic Institute, Troy NY"
    },
    {
        "title": "Multi-GHz SiGe design methodologies for reconfigurable computing",
        "year": "2005",
        "authors": "Kuan Zhou,John F. McDonald",
        "venue": "ACM Great Lakes Symposium on VLSI",
        "id": "234363",
        "label": "0",
        "organization": "Rensselaer Polytechnic Institute, Troy, NY"
    },
    {
        "title": "Differential Routing of MCMs - CIF: The Ideal Bifurcation Medium",
        "year": "1994",
        "authors": "James Loy,Atul Garg,Mukkai S. Krishnamoorthy,John F. McDonald",
        "venue": "ICCD",
        "id": "286418",
        "label": "0",
        "organization": "US Mil. Acad., West Point, NY"
    },
    {
        "title": "Amdahl's figure of merit, SiGe HBT BiCMOS, and 3D chip stacking",
        "year": "2007",
        "authors": "Phil Jacobs,Aamir Zia,Okan Erdogan,Paul M. Belemjian,Peng Jin,Jin Woo Kim,Michael Chu,Russell P. Kraft,John F. McDonald",
        "venue": "ICCD",
        "id": "287132",
        "label": "0",
        "organization": "null"
    },
    {
        "title": "Triple-rail MOS current mode logic for high-speed self-timed pipeline applications",
        "year": "2006",
        "authors": "Kuan Zhou,Yifei Luo,Sizhong Chen,A. Drake,John F. McDonald,Tong Zhang",
        "venue": "ISCAS",
        "id": "430262",
        "label": "0",
        "organization": "New Hampshire Univ., Durham, NH"
    },
    {
        "title": "A High Speed Reconfigurable Gate Array for Gigahertz Applications",
        "year": "2005",
        "authors": "Jong-Ru Guo,Chao You,Michael Chu,Okan Erdogan,Russell P. Kraft,John F. McDonald",
        "venue": "ISVLSI",
        "id": "452299",
        "label": "0",
        "organization": "null"
    },
    {
        "title": "12-23 GHz Ultra Wide Tuning Range Voltage-Controlled Ring Oscillator with Hybrid Control Schemes",
        "year": "2005",
        "authors": "Young Uk Yim,John F. McDonald,Russell P. Kraft",
        "venue": "ISVLSI",
        "id": "452389",
        "label": "0",
        "organization": "null"
    },
    {
        "title": "LTR_STRUC: a novel search and identification program for LTR retrotransposons",
        "year": "2003",
        "authors": "Eugene M. McCarthy,John F. McDonald",
        "venue": "Bioinformatics",
        "id": "765004",
        "label": "1",
        "organization": "null"
    },
    {
        "title": "Predicting the Performance of a 3D Processor-Memory Chip Stack",
        "year": "2005",
        "authors": "Philip Jacob,Okan Erdogan,Aamir Zia,Paul M. Belemjian,Russell P. Kraft,John F. McDonald",
        "venue": "IEEE Design  Test of Computers",
        "id": "858102",
        "label": "0",
        "organization": "Rensselaer Polytechnic Institute"
    },
    {
        "title": "A 10 GHz 4: 1 MUX and 1: 4 DEMUX implemented by a Gigahertz SiGe FPGA for fast ADC",
        "year": "2005",
        "authors": "Jong-Ru Guo,Chao You,Kuan Zhou,Michael Chu,Peter F. Curran,Jiedong Diao,Bryan S. Goda,Russell P. Kraft,John F. McDonald",
        "venue": "Integration",
        "id": "926978",
        "label": "0",
        "organization": "Department of Electrical, Computer and Systems Engineering, Rensselaer Polytechnic Institute, Troy, NY"
    },
    {
        "title": "Multi-ghz Sige Bicmos Fpgas with New Architecture and Novel Power Management Techniques",
        "year": "2005",
        "authors": "Kuan Zhou,Jong-Ru Guo,Chao You,John Mayega,Russell P. Kraft,T. Zhang,John F. McDonald,Bryan S. Goda",
        "venue": "Journal of Circuits, Systems, and Computers",
        "id": "971092",
        "label": "0",
        "organization": "null"
    },
    {
        "title": "Accurate high-speed performance prediction for full differential current-mode logic: the effect of dielectric anisotropy",
        "year": "1999",
        "authors": "Atul Garg,Y. L. Le Coz,Hans J. Greub,R. B. Iverson,Robert F. Philhower,Pete M. Campbell,Cliff A. Maier,Sam A. Steidl,Matthew W. Ernest,Russell P. Kraft,Steven R. Carlough,J. W. Perry,Thomas W. Krawczyk Jr,John F. McDonald",
        "venue": "IEEE Trans. on CAD of Integrated Circuits and Systems",
        "id": "1084204",
        "label": "0",
        "organization": "Center for Integrated Electron. & Electron. Manuf., Rensselaer Polytech. Inst., Troy, NY"
    },
    {
        "title": "A 12-Gb/s DEMUX Implemented With SiGe High-Speed FPGA Circuits",
        "year": "2007",
        "authors": "Chao You,Jong-Ru Guo,Russell P. Kraft,Michael Chu,Bryan S. Goda,John F. McDonald",
        "venue": "IEEE Trans. VLSI Syst.",
        "id": "1134922",
        "label": "0",
        "organization": "null"
    },
    {
        "title": "Design of a 32 b monolithic microprocessor based on GaAs HMESFET technology",
        "year": "1997",
        "authors": "C.-K. V. Tien,K. Lewis,Hans J. Greub,T. Tsen,John F. McDonald",
        "venue": "IEEE Trans. VLSI Syst.",
        "id": "1135156",
        "label": "0",
        "organization": "null"
    },
    {
        "title": "A very wide bandwidth digital VCO using quadrature frequency multiplication and division implemented in AlGaAs/GaAs HBT's",
        "year": "1998",
        "authors": "Pete M. Campbell,Hans J. Greub,Atul Garg,A. Steidl,Steven R. Carlough,Matthew W. Ernest,Robert F. Philhower,Cliff A. Maier,Russell P. Kraft,John F. McDonald",
        "venue": "IEEE Trans. VLSI Syst.",
        "id": "1135201",
        "label": "0",
        "organization": "null"
    },
    {
        "title": "A 5-10GHz SiGe BiCMOS FPGA with new configurable logic block",
        "year": "2005",
        "authors": "Chao You,Jong-Ru Guo,Russell P. Kraft,Michael Chu,Peter F. Curran,Kuan Zhou,Bryan S. Goda,John F. McDonald",
        "venue": "Microprocessors and Microsystems",
        "id": "1152940",
        "label": "0",
        "organization": "null"
    },
    {
        "title": "Controller for a flexible disk.",
        "year": "1974",
        "authors": "Ronald G. Harris,James E. Sustman,John F. McDonald",
        "venue": "null",
        "id": "1302244",
        "label": "0",
        "organization": "Yale University, New Haven, Connecticut"
    },
    {
        "title": "Design of a 32 b monolithic microprocessor based on GaAs HMESFET technology",
        "year": "1997",
        "authors": "Chien-Kuo V. Tien,Hans J. Greub,John F. McDonald,Kelvin Lewis,Tom Tsen",
        "venue": "IEEE Transactions on Very Large Scale Integration (VLSI) Systems",
        "id": "1396704",
        "label": "0",
        "organization": "Rensselaer Polytechnic Institute, Troy, NY"
    },
    {
        "title": "Characterization of algaas/gaas hbt interconnect for digital applications and design of a dense multi-chip module for a 1 ghz risc processor",
        "year": "1997",
        "authors": "John F. Mcdonald",
        "venue": "null",
        "id": "1486713",
        "label": "0",
        "organization": "null"
    },
    {
        "title": "Gigahertz Reconfigurable Computing Using SiGe HBT BiCMOS FPGAs",
        "year": "2001",
        "authors": "Bryan S. Goda,Russell P. Kraft,Steven R. Carlough,Thomas W. Krawczyk, Jr.,John F. McDonald",
        "venue": "Proceedings of the 11th International Conference on Field-Programmable Logic and Applications",
        "id": "1540320",
        "label": "0",
        "organization": "null"
    },
    {
        "title": "Fast SiGe HBT BiCMOS FPGAs with New Architecture and Power Saving Techniques",
        "year": "2002",
        "authors": "Kuan Zhou,Channakeshav,Jong-Ru Guo,Chao You,Bryan S. Goda,Russell P. Kraft,John F. McDonald",
        "venue": "Proceedings of the Reconfigurable Computing Is Going Mainstream, 12th International Conference on Field-Programmable Logic and Applications",
        "id": "1542831",
        "label": "0",
        "organization": "null"
    }
]