[
    {
        "title": "The Use of Prediction for Accelerating Upgrade Misses in cc-NUMA Multiprocessors",
        "year": "2002",
        "authors": "Manuel E. Acacio,Jose Gonzalez,Jose M. Garcia,Jose Duato",
        "venue": "IEEE PACT",
        "id": "9591",
        "label": "0",
        "organization": "null"
    },
    {
        "title": "An Evaluation of Parallel Computing in PC Clusters with Fast Ethernet",
        "year": "1999",
        "authors": "Manuel E. Acacio,Oscar Canovas Reverte,Jose M. Garcia,Pedro E. Lopez-de-Teruel",
        "venue": "ACPC",
        "id": "23548",
        "label": "0",
        "organization": "null"
    },
    {
        "title": "Congestion Control for High Performance Virtual Cut-through Networks",
        "year": "2003",
        "authors": "Lorenzo Fernandez,Jose M. Garcia",
        "venue": "Applied Informatics",
        "id": "46131",
        "label": "0",
        "organization": "null"
    },
    {
        "title": "Scalable Directory Organization for Tiled CMP Architectures",
        "year": "2008",
        "authors": "Alberto Ros,Manuel E. Acacio,Jose M. Garcia",
        "venue": "CDES",
        "id": "84680",
        "label": "0",
        "organization": "null"
    },
    {
        "title": "An efficient cache design for scalable glueless shared-memory multiprocessors",
        "year": "2006",
        "authors": "Alberto Ros,Manuel E. Acacio,Jose M. Garcia",
        "venue": "Conf. Computing Frontiers",
        "id": "85495",
        "label": "0",
        "organization": "null"
    },
    {
        "title": "Adaptive VP decay: making value predictors leakage-efficient designs for high performance processors",
        "year": "2007",
        "authors": "Juan M. Cebrian,Juan L. Aragon,Jose M. Garcia,Stefanos Kaxiras",
        "venue": "Conf. Computing Frontiers",
        "id": "85596",
        "label": "0",
        "organization": "null"
    },
    {
        "title": "A fault-tolerant directory-based cache coherence protocol for CMP architectures",
        "year": "2008",
        "authors": "Ricardo Fernandez Pascual,Jose M. Garcia,Manuel E. Acacio,Jose Duato",
        "venue": "DSN",
        "id": "162106",
        "label": "0",
        "organization": "null"
    },
    {
        "title": "Design and Implementation of a Grid-Enabled Component Container for CORBA Lightweight Components",
        "year": "2003",
        "authors": "Diego Sevilla,Jose M. Garcia,Antonio F. Gomez-Skarmeta",
        "venue": "European Across Grids Conference",
        "id": "164039",
        "label": "0",
        "organization": "null"
    },
    {
        "title": "Memory Conscious 3D Wavelet Transform",
        "year": "2002",
        "authors": "Gregorio Bernabe,Jose Gonzalez,Jose M. Garcia,Jose Duato",
        "venue": "EUROMICRO",
        "id": "194648",
        "label": "0",
        "organization": "null"
    },
    {
        "title": "A Novel Approach to Improve the Performance of Interconnection Networks with Hot - Spots",
        "year": "1996",
        "authors": "Jose M. Garcia,A. Flores",
        "venue": "EUROMICRO",
        "id": "194871",
        "label": "0",
        "organization": "null"
    },
    {
        "title": "On Deadlock Frequency during Dynamic Reconfiguration in NOWs",
        "year": "2001",
        "authors": "Lorenzo Fernandez,Jose M. Garcia,Rafael Casado",
        "venue": "Euro-Par",
        "id": "196417",
        "label": "0",
        "organization": "null"
    },
    {
        "title": "A Novel Lightweight Directory Architecture for Scalable Shared-Memory Multiprocessors",
        "year": "2005",
        "authors": "Alberto Ros,Manuel E. Acacio,Jose M. Garcia",
        "venue": "Euro-Par",
        "id": "197326",
        "label": "0",
        "organization": "null"
    },
    {
        "title": "CORBA Lightweight Components : A Model for Distributed Component-BasedHeterogeneous Computation",
        "year": "2001",
        "authors": "Diego Sevilla,Jose M. Garcia,Antonio F. Gomez-Skarmeta",
        "venue": "Euro-Par",
        "id": "197398",
        "label": "0",
        "organization": "null"
    },
    {
        "title": "Confidence Estimation for Branch Prediction Reversal",
        "year": "2001",
        "authors": "Juan L. Aragon,Jose Gonzalez,Jose M. Garcia,Antonio Gonzalez",
        "venue": "HiPC",
        "id": "250856",
        "label": "0",
        "organization": "null"
    },
    {
        "title": "Performance Evaluation of Real-Time Communication Services on High-Speed LANs under Topology Changes",
        "year": "2001",
        "authors": "Juan Fernandez,Jose M. Garcia,Jose Duato",
        "venue": "HiPC",
        "id": "250883",
        "label": "0",
        "organization": "null"
    },
    {
        "title": "Directory-Based Conflict Detection in Hardware Transactional Memory",
        "year": "2008",
        "authors": "J. Ruben Titos Gil,Manuel E. Acacio,Jose M. Garcia",
        "venue": "HiPC",
        "id": "251271",
        "label": "0",
        "organization": "null"
    },
    {
        "title": "Direct Coherence: Bringing Together Performance and Scalability in Shared-Memory Multiprocessors",
        "year": "2007",
        "authors": "Alberto Ros,Manuel E. Acacio,Jose M. Garcia",
        "venue": "HiPC",
        "id": "251320",
        "label": "0",
        "organization": "null"
    },
    {
        "title": "Fault-Tolerant Cache Coherence Protocols for CMPs: Evaluation and Trade-Offs",
        "year": "2008",
        "authors": "Ricardo Fernandez Pascual,Jose M. Garcia,Manuel E. Acacio,Jose Duato",
        "venue": "HiPC",
        "id": "251358",
        "label": "0",
        "organization": "null"
    },
    {
        "title": "A Comparison of GRASP and an Exact Method for Solving a Production and Delivery Scheduling Problem",
        "year": "2001",
        "authors": "Jose M. Garcia,Kate A. Smith,Sebastian Lozano,Fernando Guerrero",
        "venue": "HIS",
        "id": "251514",
        "label": "1",
        "organization": "null"
    },
    {
        "title": "A New Scalable Directory Architecture for Large-Scale Multiprocessors",
        "year": "2001",
        "authors": "Manuel E. Acacio,Jose Gonzalez,Jose M. Garcia,Jose Duato",
        "venue": "HPCA",
        "id": "252661",
        "label": "0",
        "organization": "null"
    },
    {
        "title": "A Low Overhead Fault Tolerant Coherence Protocol for CMP Architectures",
        "year": "2007",
        "authors": "Ricardo Fernandez Pascual,Jose M. Garcia,Manuel E. Acacio,Jose Duato",
        "venue": "HPCA",
        "id": "253039",
        "label": "0",
        "organization": "null"
    },
    {
        "title": "Memory Subsystem Characterization in a 16-Core Snoop-Based Chip-Multiprocessor Architecture",
        "year": "2005",
        "authors": "Francisco J. Villa,Manuel E. Acacio,Jose M. Garcia",
        "venue": "HPCC",
        "id": "253339",
        "label": "0",
        "organization": "null"
    },
    {
        "title": "A Genetic Algorithm for Solving a Production and Delivery Scheduling Problem with Time Windows",
        "year": "2002",
        "authors": "Jose M. Garcia,Sebastian Lozano,Fernando Guerrero,Ignacio Eguia",
        "venue": "IBERAMIA",
        "id": "261995",
        "label": "1",
        "organization": "null"
    },
    {
        "title": "Viral System to Solve Optimization Problems: An Immune-Inspired Computational Intelligence Approach",
        "year": "2008",
        "authors": "Pablo Cortes,Jose M. Garcia,Luis Onieva,Jesus Munuzuri,Jose Guadix",
        "venue": "ICARIS",
        "id": "273469",
        "label": "1",
        "organization": "null"
    },
    {
        "title": "On the Evaluation of x86 Web Servers Using Simics: Limitations and Trade-Offs",
        "year": "2004",
        "authors": "Francisco J. Villa,Manuel E. Acacio,Jose M. Garcia",
        "venue": "International Conference on Computational Science",
        "id": "280373",
        "label": "0",
        "organization": "null"
    },
    {
        "title": "Selective Branch Prediction Reversal By Correlating with Data Values and Control Flow",
        "year": "2001",
        "authors": "Juan L. Aragon,Jose Gonzalez,Jose M. Garcia,Antonio Gonzalez",
        "venue": "ICCD",
        "id": "285750",
        "label": "0",
        "organization": "null"
    },
    {
        "title": "Design and Implementation Requirements for CORBA Lightweight Components",
        "year": "2001",
        "authors": "Diego Sevilla,Jose M. Garcia,Antonio F. Gomez-Skarmeta",
        "venue": "ICPP Workshops",
        "id": "345607",
        "label": "0",
        "organization": "null"
    },
    {
        "title": "A Parallel Algorithm for Tracking of Segments in Noisy Edge Images",
        "year": "2000",
        "authors": "Pedro E. Lopez-de-Teruel,Alberto Ruiz,Jose M. Garcia",
        "venue": "ICPR",
        "id": "347778",
        "label": "0",
        "organization": "null"
    },
    {
        "title": "DualFS: a new journaling file system without meta-data duplication",
        "year": "2002",
        "authors": "Juan Piernas,Toni Cortes,Jose M. Garcia",
        "venue": "ICS",
        "id": "360562",
        "label": "0",
        "organization": "null"
    },
    {
        "title": "Real-Time Extraction of Colored Segments for Robot Visual Navigation",
        "year": "2003",
        "authors": "Pedro E. Lopez-de-Teruel,Alberto Ruiz,Gines Garcia-Mateos,Jose M. Garcia",
        "venue": "ICVS",
        "id": "368860",
        "label": "0",
        "organization": "null"
    },
    {
        "title": "A Novel Approach to Reduce L2 Miss Latency in Shared-Memory Multiprocessors",
        "year": "2002",
        "authors": "Manuel E. Acacio,Jose Gonzalez,Jose M. Garcia,Jose Duato",
        "venue": "IPDPS",
        "id": "407893",
        "label": "0",
        "organization": "null"
    },
    {
        "title": "A New Approach to Provide Real-Time Services on High-Speed Local Area Networks",
        "year": "2001",
        "authors": "Joaquin Fernandez,Jose M. Garcia,Jose Duato",
        "venue": "IPDPS",
        "id": "408893",
        "label": "0",
        "organization": "null"
    },
    {
        "title": "P-EDR: An Algorithm for Parallel Implementation of Parzen Density Estimation from Uncertain Observations",
        "year": "1999",
        "authors": "Pedro E. Lopez-de-Teruel,Jose M. Garcia,Manuel E. Acacio,Oscar Canovas Reverte",
        "venue": "IPPS/SPDP",
        "id": "409962",
        "label": "0",
        "organization": "null"
    },
    {
        "title": "Reconfigurable Wormhole Networks: A Realistic Approach",
        "year": "1998",
        "authors": "Jose L. Sanchez,Jose M. Garcia,Francisco Jose Alfaro",
        "venue": "IPPS/SPDP Workshops",
        "id": "410674",
        "label": "0",
        "organization": "null"
    },
    {
        "title": "Leakage Energy Reduction in Value Predictors through Static Decay",
        "year": "2007",
        "authors": "Juan M. Cebrian,Juan L. Aragon,Jose M. Garcia",
        "venue": "IPDPS",
        "id": "412049",
        "label": "0",
        "organization": "null"
    },
    {
        "title": "DiCo-CMP: Efficient cache coherency in tiled CMP architectures",
        "year": "2008",
        "authors": "Alberto Ros,Manuel E. Acacio,Jose M. Garcia",
        "venue": "IPDPS",
        "id": "412710",
        "label": "0",
        "organization": "null"
    },
    {
        "title": "An Evolutionary Algorithm for the Design of Hybrid Fiber Optic-Coaxial Cable Networks in Small Urban Areas",
        "year": "2001",
        "authors": "Pablo Cortes,Fernando Guerrero,David Canca,Jose M. Garcia",
        "venue": "IWANN (1)",
        "id": "462136",
        "label": "1",
        "organization": "null"
    },
    {
        "title": "CORBA Lightweight Compontents: An Early Report",
        "year": "2001",
        "authors": "Diego Sevilla,Jose M. Garcia,Antonio F. Gomez-Skarmeta",
        "venue": "JISBD",
        "id": "470387",
        "label": "0",
        "organization": "null"
    },
    {
        "title": "Grid-aware Component-based development in CORBA Lightweight Components",
        "year": "2003",
        "authors": "Diego Sevilla,Jose A. Perez,Jose M. Garcia,Antonio F. Gomez-Skarmeta",
        "venue": "JISBD",
        "id": "470389",
        "label": "0",
        "organization": "null"
    },
    {
        "title": "Improving the Performance of Real-Time Communication Services on High-Speed LANs under Topology Changes",
        "year": "2002",
        "authors": "J. Fernandez,Jose M. Garcia,Jose Duato",
        "venue": "LCN",
        "id": "481749",
        "label": "0",
        "organization": "null"
    },
    {
        "title": "Aspect-Oriented Programing Techniques to support Distribution, Fault Tolerance, and Load Balancing in the CORBA-LC Component Model",
        "year": "2007",
        "authors": "Diego Sevilla,Jose M. Garcia,Antonio F. Gomez-Skarmeta",
        "venue": "NCA",
        "id": "512279",
        "label": "0",
        "organization": "null"
    },
    {
        "title": "Improving the Performance of Scientific Parallel Applications in a Cluster of Workstations",
        "year": "1998",
        "authors": "A. Flores,Jose M. Garcia",
        "venue": "PARA",
        "id": "528443",
        "label": "0",
        "organization": "null"
    },
    {
        "title": "PEPE: A Trace-Driven Simulator to Evaluate Reconfigurable Multicomputer Architectures",
        "year": "1996",
        "authors": "Jose M. Garcia,Jose L. Sanchez,Pascual Gonzalez",
        "venue": "PARA",
        "id": "528475",
        "label": "0",
        "organization": "null"
    },
    {
        "title": "Improving the Performance of Parallel Triangularization of a Sparse Matrix Using a Reconfigurable Multicomputer",
        "year": "1995",
        "authors": "Jose L. Sanchez,Jose M. Garcia,Joaquin Fernandez",
        "venue": "PARA",
        "id": "528661",
        "label": "0",
        "organization": "null"
    },
    {
        "title": "Using AOP to Automatically Provide Distribution, Fault Tolerance, and Load Balancing to the CORBA-LC Component Model",
        "year": "2007",
        "authors": "Diego Sevilla,Jose M. Garcia,Antonio Gomez",
        "venue": "PARCO",
        "id": "529464",
        "label": "0",
        "organization": "null"
    },
    {
        "title": "Reducing the Latency of L2 Misses in Shared-Memory Multiprocessors through On-Chip Directory Integration",
        "year": "2002",
        "authors": "Manuel E. Acacio,Jose Gonzalez,Jose M. Garcia,Jose Duato",
        "venue": "PDP",
        "id": "534070",
        "label": "0",
        "organization": "null"
    },
    {
        "title": "Reducing 3D Wavelet Transform Execution Time through the Streaming SIMD Extensions",
        "year": "2003",
        "authors": "Gregorio Bernabe,Jose M. Garcia,Jose Gonzalez",
        "venue": "PDP",
        "id": "534078",
        "label": "0",
        "organization": "null"
    },
    {
        "title": "Optimizing a 3D-FWT Video Encoder for SMPs and HyperThreading Architectures",
        "year": "2005",
        "authors": "Ricardo Fernandez,Jose M. Garcia,Gregorio Bernabe,Manuel E. Acacio",
        "venue": "PDP",
        "id": "534276",
        "label": "0",
        "organization": "null"
    },
    {
        "title": "A Performance Evaluation of P-EDR in Different Parallel Environments",
        "year": "1999",
        "authors": "Manuel E. Acacio,Jose M. Garcia,Pedro E. Lopez-de-Teruel",
        "venue": "PDPTA",
        "id": "534967",
        "label": "0",
        "organization": "null"
    },
    {
        "title": "The MPI-Delphi Interface: A Visual Programming Environment for Clusters of Workstations",
        "year": "1999",
        "authors": "Manuel E. Acacio,Pedro E. Lopez-de-Teruel,Jose M. Garcia,Oscar Canovas Reverte",
        "venue": "PDPTA",
        "id": "534969",
        "label": "0",
        "organization": "null"
    },
    {
        "title": "The Parallel EM Algorithm and its Applications in Computer Vision",
        "year": "1999",
        "authors": "Pedro E. Lopez-de-Teruel,Jose M. Garcia,Manuel E. Acacio",
        "venue": "PDPTA",
        "id": "536160",
        "label": "0",
        "organization": "null"
    },
    {
        "title": "Cluster Computing Using MPI and Windows NT to Solve the Processing of Remotely Sensed Imagery",
        "year": "1999",
        "authors": "Jose A. Gallud,Jose M. Garcia,Jesus D. Garcia-Consuegra",
        "venue": "PVM/MPI",
        "id": "555916",
        "label": "0",
        "organization": "null"
    },
    {
        "title": "Evaluating the DIPORSI Framework: Distributed Processing of Remotely Sensed Imagery",
        "year": "2001",
        "authors": "Jose A. Gallud,Jesus D. Garcia-Consuegra,Jose M. Garcia,Luis Orozco-Barbosa",
        "venue": "PVM/MPI",
        "id": "555918",
        "label": "0",
        "organization": "null"
    },
    {
        "title": "Assessing MPI Performance on QsNetII",
        "year": "2005",
        "authors": "Pablo E. Garcia,Juan Fernandez,Fabrizio Petrini,Jose M. Garcia",
        "venue": "PVM/MPI",
        "id": "555924",
        "label": "0",
        "organization": "null"
    },
    {
        "title": "Analyzing the Performance of MPI in a Cluster of Workstations Based on Fast Ethernet",
        "year": "1997",
        "authors": "Juan Piernas,A. Flores,Jose M. Garcia",
        "venue": "PVM/MPI",
        "id": "556170",
        "label": "0",
        "organization": "null"
    },
    {
        "title": "On the Evaluation of Dense Chip-Multiprocessor Architectures",
        "year": "2006",
        "authors": "Francisco J. Villa,Manuel E. Acacio,Jose M. Garcia",
        "venue": "ICSAMOS",
        "id": "572230",
        "label": "0",
        "organization": "null"
    },
    {
        "title": "Owner prediction for accelerating cache-to-cache transfer misses in a cc-NUMA architecture",
        "year": "2002",
        "authors": "Manuel E. Acacio,Jose Gonzalez,Jose M. Garcia,Jose Duato",
        "venue": "SC",
        "id": "574640",
        "label": "0",
        "organization": "null"
    },
    {
        "title": "Automatic Code Generation for Non-Funtional Aspects in the CORBA-LC Component Model",
        "year": "2006",
        "authors": "Diego Sevilla,Jose M. Garcia,Antonio Gomez",
        "venue": "ICUC",
        "id": "731235",
        "label": "0",
        "organization": "null"
    },
    {
        "title": "Genetic algorithm for planning cable telecommunication networks",
        "year": "2001",
        "authors": "Pablo Cortes,Juan Larraneta,Luis Onieva,Jose M. Garcia,Maria S. Caraballo",
        "venue": "Appl. Soft Comput.",
        "id": "760349",
        "label": "1",
        "organization": "null"
    },
    {
        "title": "Viral systems: A new bio-inspired optimisation approach",
        "year": "2008",
        "authors": "Pablo Cortes,Jose M. Garcia,Jesus Munuzuri,Luis Onieva",
        "venue": "Computers  OR",
        "id": "814767",
        "label": "1",
        "organization": "null"
    },
    {
        "title": "MPI-Delphi: an MPI implementation for visual programming environments and heterogeneous computing",
        "year": "2002",
        "authors": "Manuel E. Acacio,Oscar Canovas Reverte,Jose M. Garcia,Pedro E. Lopez-de-Teruel",
        "venue": "Future Generation Comp. Syst.",
        "id": "876610",
        "label": "0",
        "organization": "null"
    },
    {
        "title": "Two proposals for the inclusion of directory information in the last-level private caches of glueless shared-memory multiprocessors",
        "year": "2008",
        "authors": "Alberto Ros,Ricardo Fernandez Pascual,Manuel E. Acacio,Jose M. Garcia",
        "venue": "J. Parallel Distrib. Comput.",
        "id": "990405",
        "label": "0",
        "organization": "null"
    },
    {
        "title": "Evaluating IA-32 web servers through simics: a practical experience",
        "year": "2005",
        "authors": "Francisco J. Villa,Manuel E. Acacio,Jose M. Garcia",
        "venue": "Journal of Systems Architecture",
        "id": "990921",
        "label": "0",
        "organization": "null"
    },
    {
        "title": "An efficient implementation of a 3D wavelet transform based encoder on hyper-threading technology",
        "year": "2007",
        "authors": "Gregorio Bernabe,Ricardo Fernandez,Jose M. Garcia,Manuel E. Acacio,Jose Gonzalez",
        "venue": "Parallel Computing",
        "id": "1035925",
        "label": "0",
        "organization": "null"
    },
    {
        "title": "The Specification of a Generic Multicomputer Using Lotos",
        "year": "1995",
        "authors": "Jose A. Gallud,Jose M. Garcia",
        "venue": "SIGPLAN Notices",
        "id": "1067438",
        "label": "0",
        "organization": "null"
    },
    {
        "title": "The Design of New Journaling File Systems: The DualFS Case",
        "year": "2007",
        "authors": "Juan Piernas,Toni Cortes,Jose M. Garcia",
        "venue": "IEEE Trans. Computers",
        "id": "1082895",
        "label": "0",
        "organization": "null"
    },
    {
        "title": "An Architecture for High-Performance Scalable Shared-Memory Multiprocessors Exploiting On-Chip Integration",
        "year": "2004",
        "authors": "Manuel E. Acacio,Jose Gonzalez,Jose M. Garcia,Jose Duato",
        "venue": "IEEE Trans. Parallel Distrib. Syst.",
        "id": "1124544",
        "label": "0",
        "organization": "null"
    },
    {
        "title": "A Two-Level Directory Architecture for Highly Scalable cc-NUMA Multiprocessors",
        "year": "2005",
        "authors": "Manuel E. Acacio,Jose Gonzalez,Jose M. Garcia,Jose Duato",
        "venue": "IEEE Trans. Parallel Distrib. Syst.",
        "id": "1124546",
        "label": "0",
        "organization": "null"
    },
    {
        "title": "Extending the TokenCMP Cache Coherence Protocol for Low Overhead Fault Tolerance in CMP Architectures",
        "year": "2008",
        "authors": "Ricardo Fernandez Pascual,Jose M. Garcia,Manuel E. Acacio,Jose Duato",
        "venue": "IEEE Trans. Parallel Distrib. Syst.",
        "id": "1126426",
        "label": "0",
        "organization": "null"
    },
    {
        "title": "Reducing 3D Fast Wavelet Transform Execution Time Using Blocking and the Streaming SIMD Extensions",
        "year": "2005",
        "authors": "Gregorio Bernabe,Jose M. Garcia,Jose Gonzalez",
        "venue": "VLSI Signal Processing",
        "id": "1165487",
        "label": "0",
        "organization": "null"
    },
    {
        "title": "An algorithm for dynamic reconfiguration of a multicomputer network",
        "year": "1991",
        "authors": "Jose M. Garcia,Jose Duato",
        "venue": "SPDP",
        "id": "1214380",
        "label": "0",
        "organization": "null"
    },
    {
        "title": "A lossy 3D wavelet transform for high-quality compression of medical video",
        "year": "2009",
        "authors": "Gregorio Bernabe,Jose M. Garcia,Jose Gonzalez",
        "venue": "Journal of Systems and Software",
        "id": "1226212",
        "label": "0",
        "organization": "null"
    },
    {
        "title": "Dealing with Traffic-Area Trade-Off in Direct Coherence Protocols for Many-Core CMPs",
        "year": "2009",
        "authors": "Alberto Ros,Manuel E. Acacio,Jose M. Garcia",
        "venue": "APPT",
        "id": "1237749",
        "label": "0",
        "organization": "null"
    },
    {
        "title": "REPAS: Reliable Execution for Parallel ApplicationS in Tiled-CMPs",
        "year": "2009",
        "authors": "Daniel Sanchez,Juan L. Aragon,Jose M. Garcia",
        "venue": "Euro-Par",
        "id": "1243423",
        "label": "0",
        "organization": "null"
    },
    {
        "title": "Efficient microarchitecture policies for accurately adapting to power constraints",
        "year": "2009",
        "authors": "Juan M. Cebrian,Juan L. Aragon,Jose M. Garcia,Pavlos Petoumenos,Stefanos Kaxiras",
        "venue": "IPDPS",
        "id": "1250347",
        "label": "0",
        "organization": "null"
    },
    {
        "title": "Extending SRT for parallel applications in tiled-CMP architectures",
        "year": "2009",
        "authors": "Daniel Sanchez,Juan L. Aragon,Jose M. Garcia",
        "venue": "IPDPS",
        "id": "1250366",
        "label": "0",
        "organization": "null"
    },
    {
        "title": "Dynamic reconfiguration of node location in wormhole networks",
        "year": "2000",
        "authors": "Jose L. Sanchez,Jose M. Garcia",
        "venue": "Journal of Systems Architecture",
        "id": "1277983",
        "label": "0",
        "organization": "null"
    },
    {
        "title": "A Low Overhead Fault Tolerant Coherence Protocol for CMP Architectures",
        "year": "2007",
        "authors": "Ricardo Fernandez-Pascual,Jose M. Garcia,Manuel E. Acacio,Jose Duato",
        "venue": "Proceedings of the 2007 IEEE 13th International Symposium on High Performance Computer Architecture",
        "id": "1582110",
        "label": "0",
        "organization": "null"
    },
    {
        "title": "An Architecture for High-Performance Scalable Shared-Memory Multiprocessors Exploiting On-Chip Integration",
        "year": "2004",
        "authors": "Manuel E. Acacio Jose Gonzalez,Jose M. Garcia,Jose Duato",
        "venue": "IEEE Transactions on Parallel and Distributed Systems",
        "id": "1614514",
        "label": "0",
        "organization": "null"
    },
    {
        "title": "Implementing P Systems Parallelism by Means of GPUs.",
        "year": "2009",
        "authors": "Jose M. Cecilia,Jos  M. Garc a,Gin s D. Guerrero,Miguel A. Mart nez-del-Amor,Ignacio P rez-Hurtado,Mario J. P rez-Jim nez",
        "venue": "null",
        "id": "1321493",
        "label": "0",
        "organization": "null"
    },
    {
        "title": "A scalable organization for distributed directories",
        "year": "2010",
        "authors": "Alberto Ros,Manuel E. Acacio,Jos  M. Garc a",
        "venue": "Journal of Systems Architecture: the EUROMICRO Journal",
        "id": "1367267",
        "label": "0",
        "organization": "null"
    },
    {
        "title": "Two proposals for the inclusion of directory information in the last-level private caches of glueless shared-memory multiprocessors",
        "year": "2008",
        "authors": "Alberto Ros,Ricardo Fern ndez-Pascual,Manuel E. Acacio,Jos  M. Garc a",
        "venue": "Journal of Parallel and Distributed Computing",
        "id": "1589941",
        "label": "0",
        "organization": "null"
    },
    {
        "title": "Real-Time Extraction of Colored Segments for Robot Visual Navigation",
        "year": "2003",
        "authors": "Pedro E. Lopez-de-Teruel,Alberto Ruiz,Gines Garcia-Mateos,Jose M. Garcia",
        "venue": "ICVS",
        "id": "368860",
        "label": "0",
        "organization": "null"
    }
]