[
    {
        "title": "An agent-based approach towards automatic service composition in ambient intelligence.",
        "year": "2008",
        "authors": "Maria J. Santofimia,Francisco Moya,Felix Jes s Villanueva,David Villa,Juan Carlos L pez",
        "venue": "Artif. Intell. Rev.",
        "id": "1331982",
        "label": "0",
        "organization": "null"
    },
    {
        "title": "A Co-Design Methodology Based on Formal Specification and High-level Estimation",
        "year": "1996",
        "authors": "Carlos Carreras,Juan Carlos Lopez,Maria Luisa Lopez,Luis Sanchez,Carlos Delgado Kloos,Natividad Martinez Madrid",
        "venue": "CODES",
        "id": "106105",
        "label": "0",
        "organization": "null"
    },
    {
        "title": "Influence of Manufacturing Variations in IDDQ Measurements: A New Test Criterion",
        "year": "2000",
        "authors": "Juan M. Diez,Juan Carlos Lopez",
        "venue": "DATE",
        "id": "141781",
        "label": "0",
        "organization": "Dept. de Ingenieria Electron., Univ. Politecnica de Madrid"
    },
    {
        "title": "The Design Space Layer: Supporting Early Design Space Exploration for Core-Based Designs",
        "year": "1999",
        "authors": "Margarida F. Jacome,Helvio P. Peixoto,Ander Royo,Juan Carlos Lopez",
        "venue": "DATE",
        "id": "142157",
        "label": "0",
        "organization": "Dept. of Electr. & Comput. Eng., Texas Univ., Austin, TX"
    },
    {
        "title": "Constraint-Driven System Partitioning",
        "year": "2000",
        "authors": "Marisa Luisa Lopez-Vallejo,Jesus Grajal,Juan Carlos Lopez",
        "venue": "DATE",
        "id": "142411",
        "label": "0",
        "organization": "null"
    },
    {
        "title": "A Knowledge-based System for Hardware-Software Partitioning",
        "year": "1998",
        "authors": "Marisa Luisa Lopez-Vallejo,Carlos Angel Iglesias,Juan Carlos Lopez",
        "venue": "DATE",
        "id": "142412",
        "label": "0",
        "organization": "Dept. Ing. Electronica, Univ. Politecnica de Madrid"
    },
    {
        "title": "A hardware-software operating system for heterogeneous designs",
        "year": "2001",
        "authors": "Jose Manuel Moya,Francisco Moya,Juan Carlos Lopez",
        "venue": "DATE",
        "id": "142578",
        "label": "0",
        "organization": "Escuela Superior de Inf., Univ. of Castilla-La Mancha, Ciudad Real"
    },
    {
        "title": "A Flexible Specification Framework for Hardware-Software Codesign",
        "year": "2000",
        "authors": "Jose Manuel Moya,Francisco Moya,Juan Carlos Lopez,Santiago Dominguez",
        "venue": "DATE",
        "id": "142579",
        "label": "0",
        "organization": "Dept. de Inf., Univ. de Castilla-La Mancha, Spain"
    },
    {
        "title": "Model Reuse through Hardware Design Patterns",
        "year": "2005",
        "authors": "Fernando Rincon,Francisco Moya,Jesus Barba,Juan Carlos Lopez",
        "venue": "DATE",
        "id": "142877",
        "label": "0",
        "organization": "University of Castilla-La Mancha"
    },
    {
        "title": "Lightweight middleware for seamless HW-SW interoperability, with application to wireless sensor networks",
        "year": "2007",
        "authors": "Felix Jesus Villanueva,David Villa,Francisco Moya,Jesus Barba,Fernando Rincon,Juan Carlos Lopez",
        "venue": "DATE",
        "id": "143459",
        "label": "0",
        "organization": "null"
    },
    {
        "title": "Design and implementation of a coprocessor for cryptography applications",
        "year": "1997",
        "authors": "Ander Royo,Javier Moran,Juan Carlos Lopez",
        "venue": "EDTC",
        "id": "143889",
        "label": "0",
        "organization": "Dept. of Ingenieria Electron., Univ. Politecnica de Madrid"
    },
    {
        "title": "OOCE: Object-Oriented Communication Engine for SoC Design",
        "year": "2007",
        "authors": "Jesus Barba,Fernando Rincon,Francisco Moya,Felix Jesus Villanueva,David Villa,Julio Dondo,Juan Carlos Lopez",
        "venue": "DSD",
        "id": "161319",
        "label": "0",
        "organization": "null"
    },
    {
        "title": "Evaluation of Design Space Exploration Strategies",
        "year": "1999",
        "authors": "Francisco Moya,Juan Carlos Lopez,Jose Manuel Moya",
        "venue": "EUROMICRO",
        "id": "195202",
        "label": "0",
        "organization": "Dept. de Inf., Castilla-La Mancha Univ., Ciudad"
    },
    {
        "title": "A Methodology for Task Based Partitioning and Scheduling of Dynamically Reconfigurable Systems",
        "year": "1998",
        "authors": "Pedro Merino,Margarida F. Jacome,Juan Carlos Lopez",
        "venue": "FCCM",
        "id": "203370",
        "label": "0",
        "organization": "Dept. de Ingenieria Electron., Univ. Politecnica de Madrid"
    },
    {
        "title": "A Hardwar Operating System for Dynamic Reconfiguration of FPGAs",
        "year": "1998",
        "authors": "Pedro Merino,Juan Carlos Lopez,Margarida F. Jacome",
        "venue": "FPL",
        "id": "215593",
        "label": "0",
        "organization": "null"
    },
    {
        "title": "Dynamic reconfiguration management based on a distributed object model",
        "year": "2007",
        "authors": "Julio Dondo,Fernando Rincon,Jesus Barba,Francisco Moya,Felix Jesus Villanueva,David Villa,Juan Carlos Lopez",
        "venue": "FPL",
        "id": "216302",
        "label": "0",
        "organization": "null"
    },
    {
        "title": "Minimalist Object Oriented Service Discovery Protocol for Wireless Sensor Networks",
        "year": "2007",
        "authors": "David Villa,Felix Jesus Villanueva,Francisco Moya,Fernando Rincon,Jesus Barba,Juan Carlos Lopez",
        "venue": "GPC",
        "id": "235461",
        "label": "0",
        "organization": "null"
    },
    {
        "title": "Embedding a Middleware for Networked Hardware and Software Objects",
        "year": "2006",
        "authors": "David Villa,Felix Jesus Villanueva,Francisco Moya,Fernando Rincon,Jesus Barba,Juan Carlos Lopez",
        "venue": "GPC",
        "id": "235481",
        "label": "0",
        "organization": "null"
    },
    {
        "title": "Web Services for Deeply Embedded Extra Low-Cost Devices",
        "year": "2009",
        "authors": "David Villa,Felix Jesus Villanueva,Francisco Moya,Fernando Rincon,Jesus Barba,Juan Carlos Lopez",
        "venue": "GPC",
        "id": "235595",
        "label": "0",
        "organization": "Dept. of Technology and Information Systems, School of Computer Science, University of Castilla-La Mancha, Ciudad Real., Spain 13071"
    },
    {
        "title": "Integration of Intelligent Agents Supporting Automatic Service Composition in Ambient Intelligence",
        "year": "2008",
        "authors": "Maria J. Santofimia,Francisco Moya,Felix Jesus Villanueva,David Villa,Juan Carlos Lopez",
        "venue": "IAT",
        "id": "261608",
        "label": "0",
        "organization": "Comput. Archit. & Networks Group, Univ. of Castilla-La Mancha, Toledo"
    },
    {
        "title": "Measurements, Quality of Service and Efficient Load Balancing Algorithm in Mobile Ad-hoc Network",
        "year": "2008",
        "authors": "Jesus Hamilton Ortiz,Juan Carlos Lopez,Carlos Andres Lucero",
        "venue": "ICWN",
        "id": "370329",
        "label": "0",
        "organization": "null"
    },
    {
        "title": "Quality of Service and Mobility in New Generation Networks",
        "year": "2008",
        "authors": "Jesus Hamilton Ortiz,Juan Carlos Lopez,Carlos Andres Lucero",
        "venue": "ICWN",
        "id": "370471",
        "label": "0",
        "organization": "null"
    },
    {
        "title": "Applying the ProposeRevise Strategy to the Hardware-Software Partitioning Problem",
        "year": "1998",
        "authors": "Marisa Luisa Lopez-Vallejo,Carlos Angel Iglesias,Juan Carlos Lopez",
        "venue": "IEA/AIE (Vol. 1)",
        "id": "374412",
        "label": "0",
        "organization": "null"
    },
    {
        "title": "Improving Embedded System Design by Means of HW-SW Compilation on Reconfigurable Coprocessors",
        "year": "2002",
        "authors": "Juan Carlos Lopez,Fernando Rincon,Francisco Moya,Jose Manuel Moya",
        "venue": "ISSS",
        "id": "450576",
        "label": "0",
        "organization": "Dept. Electron. Eng., Tech. Univ. of Madrid, Spain"
    },
    {
        "title": "A New Model for NoC-based Distributed Heterogeneous System Design",
        "year": "2005",
        "authors": "Fernando Rincon,Francisco Moya,Jesus Barba,David Villa,Felix Jesus Villanueva,Juan Carlos Lopez",
        "venue": "PARCO",
        "id": "529442",
        "label": "0",
        "organization": "null"
    },
    {
        "title": "Unified Inter-Communication Architecture for Systems-on-Chip",
        "year": "2007",
        "authors": "Fernando Rincon,Jesus Barba,Francisco Moya,Felix Jesus Villanueva,David Villa,Julio Dondo,Juan Carlos Lopez",
        "venue": "IEEE International Workshop on Rapid System Prototyping",
        "id": "562805",
        "label": "0",
        "organization": "null"
    },
    {
        "title": "Transparent Dynamic Reconfiguration as a Service of a System-Level Middleware",
        "year": "2009",
        "authors": "Fernando Rincon,Jesus Barba,Francisco Moya,Juan Carlos Lopez,Julio Dondo",
        "venue": "ARC",
        "id": "693710",
        "label": "0",
        "organization": "Escuela Superior de Inform tica, Ciudad Real, Universidad de Castilla-La Mancha, Spain"
    },
    {
        "title": "Hardware-Software Partitioning at the Knowledge Level",
        "year": "1999",
        "authors": "Marisa Luisa Lopez-Vallejo,Juan Carlos Lopez,Carlos Angel Iglesias",
        "venue": "Appl. Intell.",
        "id": "754877",
        "label": "0",
        "organization": "null"
    },
    {
        "title": "Model Reuse through Hardware Design Patterns",
        "year": "2007",
        "authors": "Fernando Rincon,Francisco Moya,Jesus Barba,Juan Carlos Lopez",
        "venue": "CoRR",
        "id": "824118",
        "label": "0",
        "organization": "Univ. de Castilla-La Mancha, Ciudad Real, Spain"
    },
    {
        "title": "Context-Aware QoS Provision for Mobile Ad-hoc Network -based Ambient Intelligent Environments",
        "year": "2006",
        "authors": "Felix Jesus Villanueva,David Villa,Francisco Moya,Jesus Barba,Fernando Rincon,Juan Carlos Lopez",
        "venue": "J. UCS",
        "id": "1002415",
        "label": "0",
        "organization": "null"
    },
    {
        "title": "On the hardware-software partitioning problem: System modeling and partitioning techniques",
        "year": "2003",
        "authors": "Marisa Luisa Lopez-Vallejo,Juan Carlos Lopez",
        "venue": "ACM Trans. Design Autom. Electr. Syst.",
        "id": "1117867",
        "label": "0",
        "organization": "Universidad Castilla-La de Mancha, Ciudad Real, Spain"
    },
    {
        "title": "Embedding standard distributed object-oriented middlewares in wireless sensor networks",
        "year": "2009",
        "authors": "Francisco Moya,David Villa,Felix Jesus Villanueva,Jesus Barba,Fernando Rincon,Juan Carlos Lopez",
        "venue": "Wireless Communications and Mobile Computing",
        "id": "1140965",
        "label": "0",
        "organization": "null"
    },
    {
        "title": "A Distributed Architectural Strategy towards Ambient Intelligence",
        "year": "2009",
        "authors": "Maria J. Santofimia,Francisco Moya,Felix Jesus Villanueva,David Villa,Juan Carlos Lopez",
        "venue": "IWANN (2)",
        "id": "1212056",
        "label": "0",
        "organization": "null"
    },
    {
        "title": "Automatic HW/SW Interface Generation for Seamless Integration from Object-Oriented Models",
        "year": "2009",
        "authors": "Jesus Barba,Fernando Rincon,Francisco Moya,David Villa,Felix Jesus Villanueva,Juan Carlos Lopez",
        "venue": "ESA",
        "id": "1240754",
        "label": "0",
        "organization": "null"
    },
    {
        "title": "Supporting Operating Systems for Reconfigurable Computing: A Distributed Service Oriented Approach",
        "year": "2009",
        "authors": "Fernando Rincon,Julio Dondo,Jesus Barba,Francisco Moya,Juan Carlos Lopez",
        "venue": "ERSA",
        "id": "1242895",
        "label": "0",
        "organization": "null"
    },
    {
        "title": "Advanced Techniques for Embedded Systems Design and Test",
        "year": "1998",
        "authors": "Juan Carlos Lopez,Roman Hermida,Walter Geisselhardt",
        "venue": "null",
        "id": "1514292",
        "label": "0",
        "organization": "null"
    }
]