[
    {
        "title": "Dynamic Medial Axes of Planar Shapes",
        "year": "2006",
        "authors": "Kai Tang,Yong-Jin Liu",
        "venue": "Computer Graphics International",
        "id": "86265",
        "label": "0",
        "organization": "null"
    },
    {
        "title": "Solving Intersection Problem of A Canal Surface and A Sphere Analytically",
        "year": "2007",
        "authors": "Jinyuan Jia,Jiasi Song,Ajay Joneja,Kai Tang",
        "venue": "CGVR",
        "id": "86691",
        "label": "0",
        "organization": "null"
    },
    {
        "title": "Solving Intersection Problem of a Canal Surface and a Sphere Analytically",
        "year": "2007",
        "authors": "Jinyuan Jia,Sijia Song,Ajay Joneja,Kai Tang",
        "venue": "CGVR",
        "id": "86692",
        "label": "0",
        "organization": "null"
    },
    {
        "title": "Stabbing Convex Polygons with a Segment or a Polygon",
        "year": "2008",
        "authors": "Pankaj K. Agarwal,Danny Z. Chen,Shashidhara K. Ganjugunte,Ewa Misiolek,Micha Sharir,Kai Tang",
        "venue": "ESA",
        "id": "186652",
        "label": "0",
        "organization": "null"
    },
    {
        "title": "An Efficient Implementation of RBF-Based Progressive Point-Sampled Geometry",
        "year": "2006",
        "authors": "Yong-Jin Liu,Kai Tang,Ajay Joneja",
        "venue": "GMP",
        "id": "235175",
        "label": "0",
        "organization": "null"
    },
    {
        "title": "Efficient and Stable Numerical Algorithms on Equilibrium Equations for Geometric Modeling",
        "year": "2004",
        "authors": "Yong-Jin Liu,Kai Tang,Matthew Ming-Fai Yuen",
        "venue": "GMP",
        "id": "235177",
        "label": "0",
        "organization": "null"
    },
    {
        "title": "Revolute Quadric Decomposition of Canal Surfaces and Its Applications",
        "year": "2005",
        "authors": "Jinyuan Jia,Ajay Joneja,Kai Tang",
        "venue": "International Conference on Computational Science (2)",
        "id": "279045",
        "label": "0",
        "organization": "null"
    },
    {
        "title": "Robustly Computing Intersection Curves of Two Canal Surfaces with Quadric Decomposition",
        "year": "2006",
        "authors": "Jinyuan Jia,Ajay Joneja,Kai Tang",
        "venue": "International Conference on Computational Science (2)",
        "id": "279046",
        "label": "0",
        "organization": "null"
    },
    {
        "title": "Pattern computation for compression garment",
        "year": "2008",
        "authors": "Charlie C. L. Wang,Kai Tang",
        "venue": "Symposium on Solid and Physical Modeling",
        "id": "606316",
        "label": "0",
        "organization": "The Hong Kong University of Science and Technology"
    },
    {
        "title": "Computing Planar Sections of Surfaces of Revolution with Revolute Quadric Decomposition",
        "year": "2004",
        "authors": "Jinyuan Jia,Kai Tang,Ajay Joneja,Ki-Wan Kwok",
        "venue": "SMI",
        "id": "608270",
        "label": "0",
        "organization": "null"
    },
    {
        "title": "Scallop hull and its offset",
        "year": "1994",
        "authors": "Shuo-Yan Chou,Tony C. Woo,Lin-Lin Chen,Kai Tang,Sung Yong Shin",
        "venue": "Computer-Aided Design",
        "id": "778292",
        "label": "0",
        "organization": "null"
    },
    {
        "title": "Modeling wrinkles on smooth surfaces for footwear design",
        "year": "2005",
        "authors": "Fu Jing,Ajay Joneja,Kai Tang",
        "venue": "Computer-Aided Design",
        "id": "778712",
        "label": "0",
        "organization": "Department of Mechanical Engineering, Hong Kong University of Science and Technology, Clear Water Bay, Kowloon, Hong Kong, China"
    },
    {
        "title": "Computing planar swept polygons under translation",
        "year": "1997",
        "authors": "Kai Tang,Ming-En Wang,Lin-Lin Chen,Shuo-Yan Chou,Tony C. Woo,Ravi Janardan",
        "venue": "Computer-Aided Design",
        "id": "778770",
        "label": "0",
        "organization": "null"
    },
    {
        "title": "An algorithm for reducing tool retractions in zigzag pocket machining",
        "year": "1998",
        "authors": "Kai Tang,Shuo-Yan Chou,Lin-Lin Chen",
        "venue": "Computer-Aided Design",
        "id": "779362",
        "label": "0",
        "organization": "null"
    },
    {
        "title": "Offsetting surface boundaries and 3-axis gouge-free surface machining",
        "year": "1995",
        "authors": "Kai Tang,Charles C. Cheng,Yakove Dayan",
        "venue": "Computer-Aided Design",
        "id": "779364",
        "label": "0",
        "organization": "null"
    },
    {
        "title": "Traversing the machining graph of a pocket",
        "year": "2003",
        "authors": "Kai Tang,Ajay Joneja",
        "venue": "Computer-Aided Design",
        "id": "779366",
        "label": "0",
        "organization": "null"
    },
    {
        "title": "Maximal intersection of spherical polygons by an arc with applications to 4-axis machining",
        "year": "2003",
        "authors": "Kai Tang,Yong-Jin Liu",
        "venue": "Computer-Aided Design",
        "id": "779368",
        "label": "0",
        "organization": "null"
    },
    {
        "title": "Optimal connection of loops in laminated object manufacturing",
        "year": "2003",
        "authors": "Kai Tang,Anthony Pang",
        "venue": "Computer-Aided Design",
        "id": "779370",
        "label": "0",
        "organization": "null"
    },
    {
        "title": "Non-self-overlapping Hermite interpolation mapping: a practical solution for structured quadrilateral meshing",
        "year": "2005",
        "authors": "Charlie C. L. Wang,Kai Tang",
        "venue": "Computer-Aided Design",
        "id": "779520",
        "label": "0",
        "organization": "null"
    },
    {
        "title": "Parametric representation of a surface pencil with a common spatial geodesic",
        "year": "2004",
        "authors": "Guo-Jin Wang,Kai Tang,Chiew-Lan Tai",
        "venue": "Computer-Aided Design",
        "id": "779521",
        "label": "0",
        "organization": "null"
    },
    {
        "title": "Freeform surface flattening based on fitting a woven mesh model",
        "year": "2005",
        "authors": "Charlie C. L. Wang,Kai Tang,Benjamin M. L. Yeung",
        "venue": "Computer-Aided Design",
        "id": "779522",
        "label": "0",
        "organization": "Department of Mechanical Engineering, Hong Kong University of Science and Technology, Clear Water Bay, N.T., Hong Kong, People's Republic of China"
    },
    {
        "title": "Reduce the stretch in surface flattening by finding cutting paths to the surface boundary",
        "year": "2004",
        "authors": "Charlie C. L. Wang,Yu Wang,Kai Tang,Matthew Ming-Fai Yuen",
        "venue": "Computer-Aided Design",
        "id": "779525",
        "label": "0",
        "organization": "null"
    },
    {
        "title": "Woven model based geometric design of elastic medical braces",
        "year": "2007",
        "authors": "Charlie C. L. Wang,Kai Tang",
        "venue": "Computer-Aided Design",
        "id": "779782",
        "label": "0",
        "organization": "null"
    },
    {
        "title": "Modeling dynamic developable meshes by the Hamilton principle",
        "year": "2007",
        "authors": "Yong-Jin Liu,Kai Tang,Ajay Joneja",
        "venue": "Computer-Aided Design",
        "id": "779806",
        "label": "0",
        "organization": "Department of Mechanical Engineering, Hong Kong University of Science and Technology, Hong Kong, China"
    },
    {
        "title": "Automatic generation of gouge-free and angular-velocity-compliant five-axis toolpath",
        "year": "2007",
        "authors": "Nan Wang,Kai Tang",
        "venue": "Computer-Aided Design",
        "id": "779819",
        "label": "0",
        "organization": "null"
    },
    {
        "title": "Generating strictly non-self-overlapping structured quadrilateral grids",
        "year": "2007",
        "authors": "Hongwei Lin,Kai Tang,Ajay Joneja,Hujun Bao",
        "venue": "Computer-Aided Design",
        "id": "779828",
        "label": "0",
        "organization": "Department of Mechanical Engineering, The Hong Kong University of Science and Technology, Clear Water Bay, NT, Hong Kong, China"
    },
    {
        "title": "Five-axis tool path generation for a flat-end tool based on iso-conic partitioning",
        "year": "2008",
        "authors": "Nan Wang,Kai Tang",
        "venue": "Computer-Aided Design",
        "id": "779941",
        "label": "0",
        "organization": "Department of Mechanical Engineering, Hong Kong University of Science and Technology, Hong Kong, China"
    },
    {
        "title": "Biorthogonal wavelets based on gradual subdivision of quadrilateral meshes",
        "year": "2008",
        "authors": "Huawei Wang,Kai Tang,Kaihuai Qin",
        "venue": "Computer Aided Geometric Design",
        "id": "780987",
        "label": "0",
        "organization": "null"
    },
    {
        "title": "Sketch-based free-form shape modelling with a fast and stable numerical engine",
        "year": "2005",
        "authors": "Yong-Jin Liu,Kai Tang,Ajay Joneja",
        "venue": "Computers  Graphics",
        "id": "785371",
        "label": "0",
        "organization": "null"
    },
    {
        "title": "On the intersection of a set of direction cones",
        "year": "1989",
        "authors": "Kai Tang",
        "venue": "Computer Vision, Graphics, and Image Processing",
        "id": "834544",
        "label": "0",
        "organization": "null"
    },
    {
        "title": "On Computing Contact Configurations of a Curved Chain",
        "year": "1999",
        "authors": "Kai Tang",
        "venue": "Graphical Models and Image Processing",
        "id": "834545",
        "label": "0",
        "organization": "null"
    },
    {
        "title": "An optimization algorithm for free-form surface partitioning based on weighted gaussian image",
        "year": "2005",
        "authors": "Kai Tang,Yong-Jin Liu",
        "venue": "Graphical Models",
        "id": "834546",
        "label": "0",
        "organization": "null"
    },
    {
        "title": "Minimum Area Convex Packing of Two Convex Polygons",
        "year": "2006",
        "authors": "Kai Tang,Charlie C. L. Wang,Danny Z. Chen",
        "venue": "Int. J. Comput. Geometry Appl.",
        "id": "905657",
        "label": "0",
        "organization": "null"
    },
    {
        "title": "Multiresolution Shape Modeling and Editing in Reverse Engineering",
        "year": "2005",
        "authors": "Yong-Jin Liu,Kai Tang,Ajay Joneja,Matthew Ming-Fai Yuen",
        "venue": "Int. J. Image Graphics",
        "id": "910305",
        "label": "0",
        "organization": "null"
    },
    {
        "title": "Multiresolution Free Form Object Modeling with Point Sampled Geometry",
        "year": "2004",
        "authors": "Yong-Jin Liu,Kai Tang,Matthew Ming-Fai Yuen",
        "venue": "J. Comput. Sci. Technol.",
        "id": "973582",
        "label": "0",
        "organization": "null"
    },
    {
        "title": "Biconic subdivision of surfaces of revolution and its applications in intersection problems",
        "year": "2004",
        "authors": "Jinyuan Jia,Kai Tang,Ajay Joneja",
        "venue": "The Visual Computer",
        "id": "1136637",
        "label": "0",
        "organization": "Hong Kong University of Science & Technology, Department of Mechanical Engineering, Kowloon, Hong Kong"
    },
    {
        "title": "Manifold-guaranteed out-of-core simplification of large meshes with controlled topological type",
        "year": "2003",
        "authors": "Yong-Jin Liu,Matthew Ming-Fai Yuen,Kai Tang",
        "venue": "The Visual Computer",
        "id": "1136753",
        "label": "0",
        "organization": "null"
    },
    {
        "title": "Achieving developability of a polygonal surface by minimum deformation: a study of global and local optimization approaches",
        "year": "2004",
        "authors": "Charlie C. L. Wang,Kai Tang",
        "venue": "The Visual Computer",
        "id": "1137085",
        "label": "0",
        "organization": "Hong Kong University of Science and Technology, Department of Mechanical Engineering, Clear Water Bay, N.T., Hong Kong"
    },
    {
        "title": "Efficient wavelet construction with Catmull-Clark subdivision",
        "year": "2006",
        "authors": "Huawei Wang,Kaihuai Qin,Kai Tang",
        "venue": "The Visual Computer",
        "id": "1137185",
        "label": "0",
        "organization": "null"
    },
    {
        "title": "Quasi-Developable Mesh Surface Interpolation via Mesh Deformation",
        "year": "2009",
        "authors": "Kai Tang,Ming Chen",
        "venue": "IEEE Trans. Vis. Comput. Graph.",
        "id": "1282407",
        "label": "0",
        "organization": "Hong Kong University of Science and Technology, Hong Kong"
    },
    {
        "title": "Biorthogonal wavelet construction for hybrid quad/triangle meshes",
        "year": "2009",
        "authors": "Huawei Wang,Kai Tang",
        "venue": "The Visual Computer",
        "id": "1282516",
        "label": "0",
        "organization": "Hong Kong University of Science & Technology, Dept. of Mechanical Engineering, Hong Kong, China"
    },
    {
        "title": "A Supply Chain Network Design Model for Deteriorating Items.",
        "year": "2007",
        "authors": "Kai Tang,Chao Yang,Jun Yang",
        "venue": "null",
        "id": "1303726",
        "label": "2",
        "organization": "null"
    },
    {
        "title": "A Pattern-Based Design Approach for Subscription Management of Software as a Service.",
        "year": "2009",
        "authors": "Zhong Bo Jiang,Wei Sun,Kai Tang,Jane L. Snowdon,Xin Zhang",
        "venue": "null",
        "id": "1314496",
        "label": "1",
        "organization": "null"
    },
    {
        "title": "Developability-preserved free-form deformation of assembled patches",
        "year": "2004",
        "authors": "Charlie C. L. Wang,Kai Tang",
        "venue": "Proceedings of the ninth ACM symposium on Solid modeling and applications",
        "id": "1356830",
        "label": "0",
        "organization": "The Hong Kong University of Science and Technology, Clear Water Bay, N.T., Hong Kong"
    },
    {
        "title": "Tetrahedral mesh generation for solids based on alternating sum of volumes",
        "year": "2000",
        "authors": "Kai Tang,Shuo-Yan Chou,Lin-Lin Chen,Tony C. Woo",
        "venue": "Computers in Industry",
        "id": "1553489",
        "label": "0",
        "organization": "null"
    },
    {
        "title": "A novel algorithm for computing intersections of two surfaces of revolution",
        "year": "2004",
        "authors": "Jinyuan Jia,Kai Tang,Ki-wan Kwok",
        "venue": "Geometric modeling: techniques, applications, systems and tools",
        "id": "1562562",
        "label": "0",
        "organization": "Department of Mechanical Engineering, The Hong Kong University of Science & Technology, Clear Water Bay, Kowloon, Hong Kong"
    },
    {
        "title": "Stabbing Convex Polygons with a Segment or a Polygon",
        "year": "2008",
        "authors": "Pankaj K. Agarwal,Danny Z. Chen,Shashidhara K. Ganjugunte,Ewa Misio ek,Micha Sharir,Kai Tang",
        "venue": "Proceedings of the 16th annual European symposium on Algorithms",
        "id": "1592718",
        "label": "0",
        "organization": "Dept. of Mech. Engg., HKUST, Hong Kong, China"
    },
    {
        "title": "Congruent partition and certain computational geometry problems",
        "year": "1991",
        "authors": "Kai Tang",
        "venue": "null",
        "id": "1674797",
        "label": "0",
        "organization": "null"
    }
]