[
    {
        "title": "Optimal Search Model for Combined Strategy in Sequence Alignment",
        "year": "2008",
        "authors": "Qingxin Zhu,Fan Yang,Ke Chen",
        "venue": "BIOCOMP",
        "id": "65379",
        "label": "0",
        "organization": "null"
    },
    {
        "title": "Prediction of the Number of Helices for the Twilight Zone Proteins",
        "year": "2006",
        "authors": "Kanaka Durga Kedarisetti,Ke Chen,Aashima Kapoor,Lukasz A. Kurgan",
        "venue": "CIBCB",
        "id": "93660",
        "label": "3",
        "organization": "Dept. of Electr. & Comput. Eng., Alberta Univ., Edmonton, Alta."
    },
    {
        "title": "Optimization of the Sliding Window Size for Protein Structure Prediction",
        "year": "2006",
        "authors": "Ke Chen,Lukasz A. Kurgan,Jishou Ruan",
        "venue": "CIBCB",
        "id": "93688",
        "label": "3",
        "organization": "Dept. of Electr. & Comput. Eng., Alberta Univ., Edmonton, Alta."
    },
    {
        "title": "How to play a coloring game against a color-blind adversary",
        "year": "2006",
        "authors": "Ke Chen",
        "venue": "Symposium on Computational Geometry",
        "id": "110835",
        "label": "4",
        "organization": "University of Illinois at Urbana-Champaign, Urbana, IL"
    },
    {
        "title": "The orienteering problem in the plane revisited",
        "year": "2006",
        "authors": "Ke Chen,Sariel Har-Peled",
        "venue": "Symposium on Computational Geometry",
        "id": "110838",
        "label": "4",
        "organization": "University of Illinois at Urbana-Champaign, Urbana, IL"
    },
    {
        "title": "Securely Sharing Data in Encrypted Databases",
        "year": "2006",
        "authors": "Lihua Yu,Gang Chen,Ke Chen,Jinxiang Dong",
        "venue": "CSCWD",
        "id": "122403",
        "label": "6",
        "organization": "Coll. of Comput. Sci., Zhejiang Univ."
    },
    {
        "title": "A Database Encryption Scheme for Enhanced Security and Easy Sharing",
        "year": "2006",
        "authors": "Gang Chen,Ke Chen,Jinxiang Dong",
        "venue": "CSCWD",
        "id": "122463",
        "label": "6",
        "organization": "Coll. of Comput. Sci., Zhejiang Univ., Hangzhou"
    },
    {
        "title": "Resilient Rights Protection for Product Data",
        "year": "2006",
        "authors": "Ke Chen,Gang Chen,Tianlei Hu,Jinxiang Dong",
        "venue": "CSCWD",
        "id": "122566",
        "label": "6",
        "organization": "Zhejiang Univ., Hangzhou"
    },
    {
        "title": "An Architecture Approach to Dynamic Policy in RBAC",
        "year": "2006",
        "authors": "Cheng Zang,Zhongdong Huang,Ke Chen,Jinxiang Dong",
        "venue": "CSCWD (Selected Papers)",
        "id": "122627",
        "label": "6",
        "organization": "null"
    },
    {
        "title": "A Fractal Watermark Solution for Product Data",
        "year": "2006",
        "authors": "Ke Chen,Gang Chen,Cheng Zang,Jinxiang Dong",
        "venue": "CSCWD (Selected Papers)",
        "id": "122667",
        "label": "6",
        "organization": "null"
    },
    {
        "title": "Speaker Modeling with Various Speech Representations",
        "year": "2004",
        "authors": "Ke Chen",
        "venue": "ICBA",
        "id": "274279",
        "label": "7",
        "organization": "null"
    },
    {
        "title": "Efficient Processing of Warping Time Series Join of Motion Capture Data",
        "year": "2009",
        "authors": "Yueguo Chen,Gang Chen,Ke Chen,Beng Chin Ooi",
        "venue": "ICDE",
        "id": "302250",
        "label": "6",
        "organization": "Sch. of Comput., Nat. Univ. of Singapore, Singapore"
    },
    {
        "title": "MATLAB Simulation of Gradient-Based Neural Network for Online Matrix Inversion",
        "year": "2007",
        "authors": "Yunong Zhang,Ke Chen,Weimu Ma,Xiao-Dong Li",
        "venue": "ICIC (2)",
        "id": "314190",
        "label": "9",
        "organization": "null"
    },
    {
        "title": "MATLAB Simulation and Comparison of Zhang Neural Network and Gradient Neural Network for Online Solution of Linear Time-Varying Matrix Equation AXB-C=0",
        "year": "2008",
        "authors": "Ke Chen,Shuai Yue,Yunong Zhang",
        "venue": "ICIC (2)",
        "id": "314339",
        "label": "9",
        "organization": "null"
    },
    {
        "title": "Zhang Neural Network Versus Gradient Neural Network for Online Time-Varying Quadratic Function Minimization",
        "year": "2008",
        "authors": "Yunong Zhang,Zhan Li,Chenfu Yi,Ke Chen",
        "venue": "ICIC (2)",
        "id": "314341",
        "label": "9",
        "organization": "School of Software, Sun Yat-Sen University, Guangzhou, China 510275"
    },
    {
        "title": "Boosting Input/Output Hidden Markov Models for Sequence Classification",
        "year": "2005",
        "authors": "Ke Chen",
        "venue": "ICNC (2)",
        "id": "337510",
        "label": "7",
        "organization": "null"
    },
    {
        "title": "Systematic Generation of Assembly Precedence Graphs",
        "year": "1994",
        "authors": "Ke Chen,Jean-Michel Henrioud",
        "venue": "ICRA",
        "id": "351455",
        "label": "12",
        "organization": "Lab. d'Automatique de Besancon"
    },
    {
        "title": "Personalized News Reading via Hybrid Learning",
        "year": "2004",
        "authors": "Ke Chen,Sunny Yeung",
        "venue": "IDEAL",
        "id": "371768",
        "label": "7",
        "organization": "null"
    },
    {
        "title": "A Model-Directed Image Understanding System for Computer Vision",
        "year": "1990",
        "authors": "Huasheng Chen,Ke Chen",
        "venue": "IEA/AIE (Vol. 1)",
        "id": "373722",
        "label": "13",
        "organization": "null"
    },
    {
        "title": "Capture Inter-Speaker Information with a Neural Network for Speaker Identification",
        "year": "2000",
        "authors": "Lan Wang,Ke Chen,Huisheng Chi",
        "venue": "IJCNN (5)",
        "id": "392519",
        "label": "7",
        "organization": "Nat. Lab. of Machine Perception, Beijing Univ."
    },
    {
        "title": "Ensemble Learning with Active Data Selection for Semi-Supervised Pattern Classification",
        "year": "2007",
        "authors": "Shihai Wang,Ke Chen",
        "venue": "IJCNN",
        "id": "392893",
        "label": "7",
        "organization": "Manchester Univ., Manchester"
    },
    {
        "title": "An Ensemble of Competitive Learning Networks with Different Representations for Temporal Data Clustering",
        "year": "2006",
        "authors": "Yun Yang,Ke Chen",
        "venue": "IJCNN",
        "id": "393455",
        "label": "7",
        "organization": "Univ. of Manchester, Manchester"
    },
    {
        "title": "A simplified LVI-based primal-dual neural network for repetitive motion planning of PA10 robot manipulator starting from different initial states",
        "year": "2008",
        "authors": "Yunong Zhang,Zhiguo Tan,Zhi Yang,Xuanjiao Lv,Ke Chen",
        "venue": "IJCNN",
        "id": "394407",
        "label": "9",
        "organization": "Dept. of Electron. & Commun. Eng., Sun Yat-Sen Univ., Guangzhou"
    },
    {
        "title": "Zhang neural network without using time-derivative information for constant and time-varying matrix inversion",
        "year": "2008",
        "authors": "Yunong Zhang,Zenghai Chen,Ke Chen,Binghuang Cai",
        "venue": "IJCNN",
        "id": "394458",
        "label": "9",
        "organization": "Dept. of Electron. & Commun. Eng., Sun Yat-Sen Univ., Guangzhou"
    },
    {
        "title": "MATLAB Simulation and Comparison of Zhang Neural Network and Gradient Neural Network for Time-Varying Lyapunov Equation Solving",
        "year": "2008",
        "authors": "Yunong Zhang,Shuai Yue,Ke Chen,Chenfu Yi",
        "venue": "ISNN (1)",
        "id": "443758",
        "label": "9",
        "organization": "School of Software, Sun Yat-Sen University, Guangzhou, China 510275"
    },
    {
        "title": "Universal Background Models for Real-time Speaker Change Detection",
        "year": "2003",
        "authors": "Ting-Yao Wu,Lie Lu,Ke Chen,HongJiang Zhang",
        "venue": "MMM",
        "id": "504727",
        "label": "7",
        "organization": "null"
    },
    {
        "title": "Perceiving without Learning: From Spirals to Inside/Outside Relations",
        "year": "1998",
        "authors": "Ke Chen,DeLiang L. Wang",
        "venue": "NIPS",
        "id": "515146",
        "label": "7",
        "organization": "null"
    },
    {
        "title": "Regularized Boost for Semi-Supervised Learning",
        "year": "2007",
        "authors": "Ke Chen,Shihai Wang",
        "venue": "NIPS",
        "id": "517944",
        "label": "7",
        "organization": "null"
    },
    {
        "title": "On k-Median clustering in high dimensions",
        "year": "2006",
        "authors": "Ke Chen",
        "venue": "SODA",
        "id": "610207",
        "label": "4",
        "organization": "null"
    },
    {
        "title": "A constant factor approximation algorithm for k-median clustering with outliers",
        "year": "2008",
        "authors": "Ke Chen",
        "venue": "SODA",
        "id": "611527",
        "label": "4",
        "organization": "University of Illinois at Urbana-Champaign; Urbana, IL"
    },
    {
        "title": "An Immunity-Based Intrusion Detection Solution for Database Systems",
        "year": "2005",
        "authors": "Ke Chen,Gang Chen,Jinxiang Dong",
        "venue": "WAIM",
        "id": "651887",
        "label": "6",
        "organization": "null"
    },
    {
        "title": "Watermarking Abstract Tree-Structured Data",
        "year": "2005",
        "authors": "Gang Chen,Ke Chen,Tianlei Hu,Jinxiang Dong",
        "venue": "WAIM",
        "id": "651889",
        "label": "6",
        "organization": "null"
    },
    {
        "title": "GARWM: Towards a Generalized and Adaptive Watermark Scheme for Relational Data",
        "year": "2005",
        "authors": "Tianlei Hu,Gang Chen,Ke Chen,Jinxiang Dong",
        "venue": "WAIM",
        "id": "651890",
        "label": "6",
        "organization": "null"
    },
    {
        "title": "Cost-Aware Caching Algorithms for Distributed Storage Servers",
        "year": "2007",
        "authors": "Shuang Liang,Ke Chen,Song Jiang,Xiaodong Zhang",
        "venue": "DISC",
        "id": "654035",
        "label": "4",
        "organization": "null"
    },
    {
        "title": "An Empirical Study on Improving the Manufacturing Informatization Index System of China",
        "year": "2008",
        "authors": "Wei Guo,Ke Chen,Jia Wang",
        "venue": "WKDD",
        "id": "713026",
        "label": "1",
        "organization": "Univ. of Tianjin, Tianjin"
    },
    {
        "title": "The Data Mining Technology Based on CIMS and its Application on Automotive Remanufacturing",
        "year": "2008",
        "authors": "Ke Chen,Jia Wang",
        "venue": "WKDD",
        "id": "713147",
        "label": "1",
        "organization": "Univ. of Tianjin, Tianjin"
    },
    {
        "title": "Common Nature of Learning Exemplified by BP and Hopfield Neural Networks for Solving Online a System of Linear Equations",
        "year": "2008",
        "authors": "Yunong Zhang,Zhan Li,Ke Chen,Binghuang Cai",
        "venue": "ICNSC",
        "id": "735735",
        "label": "9",
        "organization": "Sun Yat-Sen Univ., Guangzhou"
    },
    {
        "title": "MATLAB Simulink Modeling and Simulation of Zhang Neural Network for Online Time-Varying Matrix Inversion",
        "year": "2008",
        "authors": "Yunong Zhang,Xiaojiao Guo,Weimu Ma,Ke Chen,Binghuang Cai",
        "venue": "ICNSC",
        "id": "735922",
        "label": "9",
        "organization": "Sun Yat-Sen Univ., Guangzhou"
    },
    {
        "title": "PFRES: protein fold classification by using evolutionary information and predicted secondary structure",
        "year": "2007",
        "authors": "Ke Chen,Lukasz A. Kurgan",
        "venue": "Bioinformatics",
        "id": "767249",
        "label": "3",
        "organization": "null"
    },
    {
        "title": "Accurate sequence-based prediction of catalytic residues",
        "year": "2008",
        "authors": "Tuo Zhang,Hua Zhang,Ke Chen,Shiyi Shen,Jishou Ruan,Lukasz A. Kurgan",
        "venue": "Bioinformatics",
        "id": "767954",
        "label": "3",
        "organization": "null"
    },
    {
        "title": "Efficient parallelization of the iterative solution of a coupled fluid-structure interaction problem",
        "year": "2007",
        "authors": "Martyn D. Hughes,Ke Chen",
        "venue": "Concurrency and Computation: Practice and Experience",
        "id": "810979",
        "label": "8",
        "organization": "null"
    },
    {
        "title": "On a Recursive Schur Preconditioner for Iterative Solution of a Class of Dense Matrix Problems",
        "year": "2003",
        "authors": "Judith M. Ford,Ke Chen,David J. Evans",
        "venue": "Int. J. Comput. Math.",
        "id": "906412",
        "label": "8",
        "organization": "null"
    },
    {
        "title": "New wavelet preconditioner for solving boundary integral equations over nonsmooth boundaries",
        "year": "2004",
        "authors": "Stuart C. Hawkins,Ke Chen",
        "venue": "Int. J. Comput. Math.",
        "id": "906471",
        "label": "8",
        "organization": "null"
    },
    {
        "title": "An efficient preconditioned iterative solver for solving a coupled fluid structure interaction problem",
        "year": "2004",
        "authors": "Martyn D. Hughes,Ke Chen",
        "venue": "Int. J. Comput. Math.",
        "id": "906482",
        "label": "8",
        "organization": "null"
    },
    {
        "title": "An improved and accelerated non-linear multigrid method for total-variation denoising",
        "year": "2005",
        "authors": "Joseph Savage,Ke Chen",
        "venue": "Int. J. Comput. Math.",
        "id": "906655",
        "label": "10",
        "organization": "null"
    },
    {
        "title": "Preconditioning and convergence in the right norm",
        "year": "2007",
        "authors": "Raymond H. Chan,Ke Chen",
        "venue": "Int. J. Comput. Math.",
        "id": "906967",
        "label": "8",
        "organization": "null"
    },
    {
        "title": "Fast iterative and preconditioning methods for linear and non-linear systems",
        "year": "2007",
        "authors": "Ke Chen",
        "venue": "Int. J. Comput. Math.",
        "id": "907044",
        "label": "8",
        "organization": "University of Liverpool, UK"
    },
    {
        "title": "A Modular Neural Network Architecture for Pattern Classification Based on Different Feature Sets",
        "year": "1999",
        "authors": "Ke Chen,Huisheng Chi",
        "venue": "Int. J. Neural Syst.",
        "id": "914539",
        "label": "7",
        "organization": "null"
    },
    {
        "title": "A method of combining multiple probabilistic classifiers through soft competition on different feature sets",
        "year": "1998",
        "authors": "Ke Chen,Huisheng Chi",
        "venue": "Neurocomputing",
        "id": "915552",
        "label": "7",
        "organization": "null"
    },
    {
        "title": "A self-generating modular neural network architecture for supervised learning",
        "year": "1997",
        "authors": "Ke Chen,Liping Yang,Xiang Yu,Huisheng Chi",
        "venue": "Neurocomputing",
        "id": "915586",
        "label": "7",
        "organization": "null"
    },
    {
        "title": "MATLAB Simulink modeling and simulation of LVI-based primal-dual neural network for solving linear and quadratic programs",
        "year": "2009",
        "authors": "Yunong Zhang,Weimu Ma,Xiao-Dong Li,Hong-Zhou Tan,Ke Chen",
        "venue": "Neurocomputing",
        "id": "918209",
        "label": "9",
        "organization": "School of Software, Sun Yat-Sen University, Guangzhou 510275, China"
    },
    {
        "title": "Methods of Combining Multiple Classifiers with Different Features and Their Applications to Text-Independent Speaker Identification",
        "year": "1997",
        "authors": "Ke Chen,Lan Wang,Huisheng Chi",
        "venue": "IJPRAI",
        "id": "918814",
        "label": "7",
        "organization": "null"
    },
    {
        "title": "Prediction of protein structural class using novel evolutionary collocation-based sequence representation",
        "year": "2008",
        "authors": "Ke Chen,Lukasz A. Kurgan,Jishou Ruan",
        "venue": "Journal of Computational Chemistry",
        "id": "965180",
        "label": "3",
        "organization": "null"
    },
    {
        "title": "Prediction of integral membrane protein type by collocated hydrophobic amino acid pairs",
        "year": "2009",
        "authors": "Ke Chen,Yingfu Jiang,Li Du,Lukasz A. Kurgan",
        "venue": "Journal of Computational Chemistry",
        "id": "965315",
        "label": "3",
        "organization": "null"
    },
    {
        "title": "A Nonlinear Multigrid Method for Total Variation Minimization from Image Restoration",
        "year": "2007",
        "authors": "Ke Chen,Xue-Cheng Tai",
        "venue": "J. Sci. Comput.",
        "id": "995315",
        "label": "8",
        "organization": "Department of Mathematical Sciences, University of Liverpool, Liverpool, UK L69 7ZL"
    },
    {
        "title": "Combining Linear Discriminant Functions with Neural Networks for Supervised Learning",
        "year": "1997",
        "authors": "Ke Chen,Xiang Yu,Huisheng Chi",
        "venue": "Neural Computing and Applications",
        "id": "1021596",
        "label": "7",
        "organization": "null"
    },
    {
        "title": "A dynamically coupled neural oscillator network for image segmentation",
        "year": "2002",
        "authors": "Ke Chen,DeLiang L. Wang",
        "venue": "Neural Networks",
        "id": "1026117",
        "label": "7",
        "organization": "null"
    },
    {
        "title": "Improved learning algorithms for mixture of experts in multiclass classification",
        "year": "1999",
        "authors": "Ke Chen,Lei Xu,Huishen Chi",
        "venue": "Neural Networks",
        "id": "1026118",
        "label": "7",
        "organization": "null"
    },
    {
        "title": "Text-Dependent Speaker Identification Based on Input/Output HMMs: An Empirical Study",
        "year": "1996",
        "authors": "Ke Chen,Dahong Xie,Huisheng Chi",
        "venue": "Neural Processing Letters",
        "id": "1028101",
        "label": "7",
        "organization": "null"
    },
    {
        "title": "Flexible parallelization of fast wavelet transforms",
        "year": "2003",
        "authors": "Judith M. Ford,Ke Chen,Neville J. Ford",
        "venue": "Parallel Algorithms Appl.",
        "id": "1030533",
        "label": "8",
        "organization": "null"
    },
    {
        "title": "Adaptive Smoothing via Contextual and Local Discontinuities",
        "year": "2005",
        "authors": "Ke Chen",
        "venue": "IEEE Trans. Pattern Anal. Mach. Intell.",
        "id": "1031308",
        "label": "7",
        "organization": "IEEE"
    },
    {
        "title": "Parallel algorithms of the Purcell method for direct solution of linear systems",
        "year": "2002",
        "authors": "Ke Chen,Choi H. Lai",
        "venue": "Parallel Computing",
        "id": "1034283",
        "label": "8",
        "organization": "Department of Mathematical Sciences, University of Liverpool, Peach Street, Liverpool L69 7ZL, UK"
    },
    {
        "title": "Towards better making a decision in speaker verification",
        "year": "2003",
        "authors": "Ke Chen",
        "venue": "Pattern Recognition",
        "id": "1038760",
        "label": "7",
        "organization": "null"
    },
    {
        "title": "A connectionist method for pattern classification with diverse features",
        "year": "1998",
        "authors": "Ke Chen",
        "venue": "Pattern Recognition Letters",
        "id": "1044151",
        "label": "7",
        "organization": "null"
    },
    {
        "title": "On the use of nearest feature line for speaker identification",
        "year": "2002",
        "authors": "Ke Chen,Ting-Yao Wu,HongJiang Zhang",
        "venue": "Pattern Recognition Letters",
        "id": "1044178",
        "label": "7",
        "organization": "School of Computer Science, The University of Birmingham, Edgbaston, Birmingham B15 2TT, UK"
    },
    {
        "title": "Online Conflict-Free Coloring for Intervals",
        "year": "2007",
        "authors": "Ke Chen,Amos Fiat,Haim Kaplan,Meital Levy,Jiri Matousek,Elchanan Mossel,Janos Pach,Micha Sharir,Shakhar Smorodinsky,Uli Wagner,Emo Welzl",
        "venue": "SIAM J. Comput.",
        "id": "1060746",
        "label": "4",
        "organization": "null"
    },
    {
        "title": "The Euclidean Orienteering Problem Revisited",
        "year": "2008",
        "authors": "Ke Chen,Sariel Har-Peled",
        "venue": "SIAM J. Comput.",
        "id": "1060819",
        "label": "4",
        "organization": "null"
    },
    {
        "title": "Online conflict-free coloring for halfplanes, congruent disks, and axis-parallel rectangles",
        "year": "2009",
        "authors": "Ke Chen,Haim Kaplan,Micha Sharir",
        "venue": "ACM Transactions on Algorithms",
        "id": "1077417",
        "label": "4",
        "organization": "University of Illinois at Urbana-Champaign, Urbana, IL"
    },
    {
        "title": "Hbm infty Fuzzy Filtering of Nonlinear Systems With Intermittent Measurements",
        "year": "2009",
        "authors": "Huijun Gao,Yan Zhao,James Lam,Ke Chen",
        "venue": "IEEE T. Fuzzy Systems",
        "id": "1100135",
        "label": "2",
        "organization": "null"
    },
    {
        "title": "On Two Multigrid Algorithms for Modeling Variational Multiphase Image Segmentation",
        "year": "2009",
        "authors": "N. Badshah,K. Chen",
        "venue": "IEEE Transactions on Image Processing",
        "id": "1103071",
        "label": "8",
        "organization": "null"
    },
    {
        "title": "Heuristic Discovery of Role-Based Trust Chains in Peer-to-Peer Networks",
        "year": "2009",
        "authors": "Ke Chen,Kai Hwang,Gang Chen",
        "venue": "IEEE Trans. Parallel Distrib. Syst.",
        "id": "1126452",
        "label": "6",
        "organization": "Zhejiang University, Hangzhou"
    },
    {
        "title": "On the use of different speech representations for speaker modeling",
        "year": "2005",
        "authors": "Ke Chen",
        "venue": "IEEE Transactions on Systems, Man, and Cybernetics, Part C",
        "id": "1130811",
        "label": "7",
        "organization": "Sch. of Informatics, Univ. of Manchester, UK"
    },
    {
        "title": "An Implicit Wavelet Sparse Approximate Inverse Preconditioner",
        "year": "2005",
        "authors": "Stuart C. Hawkins,Ke Chen",
        "venue": "SIAM J. Scientific Computing",
        "id": "1164122",
        "label": "8",
        "organization": "null"
    },
    {
        "title": "Fast Multilevel Algorithm for a Minimization Problem in Impulse Noise Removal",
        "year": "2008",
        "authors": "Raymond H. Chan,Ke Chen",
        "venue": "SIAM J. Scientific Computing",
        "id": "1164503",
        "label": "8",
        "organization": "k.chen@liverpool.ac.uk"
    },
    {
        "title": "On Adapting Test Function Methods for Fast Detection of fold bifurcations in Power Systems",
        "year": "2002",
        "authors": "Anwar Hussein,Ke Chen,Haibin Wan",
        "venue": "I. J. Bifurcation and Chaos",
        "id": "1194953",
        "label": "11",
        "organization": "null"
    },
    {
        "title": "Trends in Neural Computation",
        "year": "2007",
        "authors": "Ke Chen,Lipo Wang",
        "venue": "null",
        "id": "1200937",
        "label": "7",
        "organization": "null"
    },
    {
        "title": "Combining Competitive Learning Networks of Various Representations for Sequential Data Clustering",
        "year": "2007",
        "authors": "Yun Yang,Ke Chen",
        "venue": "Trends in Neural Computation",
        "id": "1201144",
        "label": "7",
        "organization": "null"
    },
    {
        "title": "Sequence based residue depth prediction using evolutionary information and predicted secondary structure",
        "year": "2008",
        "authors": "Hua Zhang,Tuo Zhang,Ke Chen,Shiyi Shen,Jishou Ruan,Lukasz A. Kurgan",
        "venue": "BMC Bioinformatics",
        "id": "1221014",
        "label": "3",
        "organization": "null"
    },
    {
        "title": "SCPRED: Accurate prediction of protein structural class for sequences of twilight-zone similarity with predicting sequences",
        "year": "2008",
        "authors": "Lukasz A. Kurgan,Krzysztof J. Cios,Ke Chen",
        "venue": "BMC Bioinformatics",
        "id": "1221114",
        "label": "3",
        "organization": "null"
    },
    {
        "title": "Erratum to 'Adaptive Smoothing via Contextual and Local Discontinuities",
        "year": "2008",
        "authors": "Ke Chen",
        "venue": "IEEE Trans. Pattern Anal. Mach. Intell.",
        "id": "1226680",
        "label": "7",
        "organization": "The University of Manchester, Mancheter"
    },
    {
        "title": "Repetitive motion of redundant robots planned by three kinds of recurrent neural networks and illustrated with a four-link planar manipulator's straight-line example",
        "year": "2009",
        "authors": "Yunong Zhang,Zhiguo Tan,Ke Chen,Zhi Yang,Xuanjiao Lv",
        "venue": "Robotics and Autonomous Systems",
        "id": "1227262",
        "label": "9",
        "organization": "School of Information Science and Technology, Sun Yat-Sen University, Guangzhou 510275, China"
    },
    {
        "title": "Trends in Neural Computation",
        "year": "2007",
        "authors": "Ke Chen,Lipo Wang",
        "venue": "null",
        "id": "1234471",
        "label": "7",
        "organization": "null"
    },
    {
        "title": "Global exponential convergence and stability of gradient-based neural network for online matrix inversion",
        "year": "2009",
        "authors": "Yunong Zhang,Yanyan Shi,Ke Chen,Chaoli Wang",
        "venue": "Applied Mathematics and Computation",
        "id": "1283822",
        "label": "9",
        "organization": "null"
    },
    {
        "title": "HuMiTar: A sequence-based method for prediction of human microRNA targets",
        "year": "2008",
        "authors": "Jishou Ruan,Hanzhe Chen,Lukasz A. Kurgan,Ke Chen,Chunsheng Kang,Peiyu Pu",
        "venue": "Synthesis Lectures on Computer Science",
        "id": "1292237",
        "label": "3",
        "organization": "null"
    },
    {
        "title": "Trends in Neural Computation",
        "year": "2007",
        "authors": "Ke Chen,Lipo Wang",
        "venue": "null",
        "id": "1301111",
        "label": "7",
        "organization": "null"
    },
    {
        "title": "An adaptive load balancing framework for parallel database systems based on collaborative agents.",
        "year": "2005",
        "authors": "Tianlei Hu,Gang Chen,Ke Chen,Jinxiang Dong",
        "venue": "null",
        "id": "1304542",
        "label": "6",
        "organization": "Coll. of Comput. Sci. & Technol., Zhejiang Univ., Hangzhou, China"
    },
    {
        "title": "A logical replication-based intrusion detection approach for CSCW system.",
        "year": "2005",
        "authors": "Ke Chen,Gang Chen,Tianlei Hu,Jinxiang Dong",
        "venue": "null",
        "id": "1304653",
        "label": "6",
        "organization": "Zhejiang Univ., Hangzhou, China"
    },
    {
        "title": "Efficient Holistic Twig Join Algorithm on XML Documents with Optimization Rules and Index.",
        "year": "2008",
        "authors": "Jinhua Jiang,Gang Chen,Lidan Shou,Ke Chen",
        "venue": "null",
        "id": "1305253",
        "label": "6",
        "organization": "Colleage of Comput. Sci. & Technol., Zhejiang Univ., Hangzhou"
    },
    {
        "title": "OTJFast: Processing Ordered XML Twig Join Fast.",
        "year": "2008",
        "authors": "Jinhua Jiang,Gang Chen,Lidan Shou,Ke Chen",
        "venue": "null",
        "id": "1327441",
        "label": "6",
        "organization": "Colleage of Comput. Sci. & Technol., Zhejiang Univ., Hangzhou"
    },
    {
        "title": "Boundary-Based Feature Extraction and Recognition of Breast Tumors Using Support Vector Machine.",
        "year": "2009",
        "authors": "Jiangli Lin,Ke Chen,Yulan Peng",
        "venue": "null",
        "id": "1330851",
        "label": "15",
        "organization": "Dept. of Biomed. Eng., Sichuan Univ., Chengdu, China"
    },
    {
        "title": "On Coresets for k-Median and k-Means Clustering in Metric and Euclidean Spaces and Their Applications.",
        "year": "2009",
        "authors": "Ke Chen",
        "venue": "SIAM J. Comput.",
        "id": "1341458",
        "label": "8",
        "organization": "null"
    },
    {
        "title": "Trends in Neural Computation (Studies in Computational Intelligence)",
        "year": "2006",
        "authors": "Ke Chen,Lipo Wang",
        "venue": "null",
        "id": "1351945",
        "label": "7",
        "organization": "null"
    },
    {
        "title": "Advances in Natural Computation: First International Conference, ICNC 2005, Changsha, China, August 27-29, 2005, Proceedings, Part I (Lecture Notes in ... Science) (Lecture Notes in Computer Science)",
        "year": "2005",
        "authors": "Lipo Wang,Ke Chen,Yew Soon Ong",
        "venue": "null",
        "id": "1360157",
        "label": "7",
        "organization": "null"
    },
    {
        "title": "UBM-based incremental speaker adaptation",
        "year": "2003",
        "authors": "Yi-Wen Liu,Lie Lu,Ke Chen,Hong-Jiang Zhang",
        "venue": "Proceedings of the 2003 International Conference on Multimedia and Expo - Volume 1",
        "id": "1371515",
        "label": "7",
        "organization": "Inst. for Human-Comput. Commun., Technische Univ. Munchen, Germany"
    },
    {
        "title": "Multilevel algorithm for a Poisson noise removal model with total-variation regularization",
        "year": "2007",
        "authors": "Raymond H. Chan,Ke Chen",
        "venue": "International Journal of Computer Mathematics",
        "id": "1380860",
        "label": "8",
        "organization": "Department of Mathematical Sciences, University of Liverpool, Liverpool, UK"
    },
    {
        "title": "Application research of an LFB management and development model in ForCES router",
        "year": "2008",
        "authors": "Ke Chen,Ligang Dong,Weiming Wang",
        "venue": "Proceedings of the 2008 International Conference on Advanced Infocomm Technology",
        "id": "1387029",
        "label": "14",
        "organization": "Zhejiang Gongshang University, Hangzhou, P.R. China"
    },
    {
        "title": "An efficient method for evaluating the integral of a class of highly oscillatory functions",
        "year": "2009",
        "authors": "Paul J. Harris,Ke Chen",
        "venue": "Journal of Computational and Applied Mathematics",
        "id": "1391625",
        "label": "8",
        "organization": "Department of Mathematical Sciences, University of Liverpool, Peach Street, Liverpool L69 7ZL, UK"
    },
    {
        "title": "On efficient preconditioners for iterative solution of a Galerkin boundary element equation for the three-dimensional exterior Helmholtz problem",
        "year": "2003",
        "authors": "Paul J. Harris,Ke Chen",
        "venue": "Journal of Computational and Applied Mathematics",
        "id": "1423544",
        "label": "8",
        "organization": "Department of Mathematical Sciences, University of Liverpool, Peach Street, Liverpool L69 7ZL, UK"
    },
    {
        "title": "Bonding of Cu-based high aspect ratio microscale structures with Sn intermediate layers",
        "year": "2009",
        "authors": "Fanghua Mei,Ke Chen,B. Lu,Wen Jin Meng",
        "venue": "Microsystem Technologies",
        "id": "1433788",
        "label": "5",
        "organization": "Louisiana State University, Mechanical Engineering Department, 70803, Baton Rouge, LA, USA"
    },
    {
        "title": "An Analysis of Sparse Approximate Inverse Preconditioners for Boundary Integral Equations",
        "year": "2000",
        "authors": "Ke Chen",
        "venue": "SIAM Journal on Matrix Analysis and Applications",
        "id": "1518850",
        "label": "8",
        "organization": "null"
    },
    {
        "title": "On Two Variants of an Algebraic Wavelet Preconditioner",
        "year": "2002",
        "authors": "Tony F. Chan,Ke Chen",
        "venue": "SIAM Journal on Scientific Computing",
        "id": "1523441",
        "label": "8",
        "organization": "null"
    },
    {
        "title": "On a Class of Preconditioning Methods for Dense Linear Systems from Boundary Elements",
        "year": "1998",
        "authors": "Ke Chen",
        "venue": "SIAM Journal on Scientific Computing",
        "id": "1553450",
        "label": "8",
        "organization": "null"
    },
    {
        "title": "Perceiving without learning: from spirals to inside/outside relations",
        "year": "1999",
        "authors": "Ke Chen,DeLiang L. Wang",
        "venue": "Proceedings of the 1998 conference on Advances in neural information processing systems II",
        "id": "1554737",
        "label": "7",
        "organization": "null"
    },
    {
        "title": "MATLAB Simulation and Comparison of Zhang Neural Network and Gradient Neural Network for Online Solution of Linear Time-Varying Matrix Equation AXB - C = 0",
        "year": "2008",
        "authors": "Ke Chen,Shuai Yue,Yunong Zhang",
        "venue": "Proceedings of the 4th international conference on Intelligent Computing: Advanced Intelligent Computing Theories and Applications - with Aspects of Artificial Intelligence",
        "id": "1590557",
        "label": "9",
        "organization": "School of Software,"
    },
    {
        "title": "Efficient parallelization of the iterative solution of a coupled fluid&ndash;structure interaction problem: Research Articles",
        "year": "2007",
        "authors": "Martyn D. Hughes,Ke Chen",
        "venue": "Concurrency and Computation: Practice Experience",
        "id": "1610134",
        "label": "8",
        "organization": "Department of Mathematical Sciences, University of Liverpool, Liverpool L69 7ZL, U.K."
    },
    {
        "title": "Online Conflict-Free Coloring for Intervals",
        "year": "2006",
        "authors": "Ke Chen,Amos Fiat,Haim Kaplan,Meital Levy,Jir&caron;i  Matous&caron;ek,Elchanan Mossel,Ja nos Pach,Micha Sharir,Shakhar Smorodinsky,Uli Wagner,Emo Welzl",
        "venue": "SIAM Journal on Computing",
        "id": "1610658",
        "label": "4",
        "organization": "null"
    },
    {
        "title": "Simulink Modeling and Comparison of Zhang Neural Networks and Gradient Neural Networks for Time-Varying Lyapunov Equation Solving",
        "year": "2008",
        "authors": "Yunong Zhang,Ke Chen,Xuezhong Li,Chengfu Yi,Hong Zhu",
        "venue": "Proceedings of the 2008 Fourth International Conference on Natural Computation - Volume 03",
        "id": "1752154",
        "label": "9",
        "organization": "Sch. of Inf. Sci. & Technol., Sun Yat-Sen Univ., Guangzhou"
    }
]