[
    {
        "title": "An Algorithm for Finding Large Induced Planar Subgraphs",
        "year": "2001",
        "authors": "Keith Edwards,Graham Farr",
        "venue": "Graph Drawing",
        "id": "224785",
        "label": "0",
        "organization": "null"
    },
    {
        "title": "An Empirical Study of a Qualitative Systematic Approach to Requirements Analysis (QSARA)",
        "year": "2004",
        "authors": "Ban Al-Ani,Keith Edwards",
        "venue": "ISESE",
        "id": "435149",
        "label": "1",
        "organization": "University of Western Ontario"
    },
    {
        "title": "Detachments of Complete Graphs",
        "year": "2005",
        "authors": "Keith Edwards",
        "venue": "Combinatorics, Probability  Computing",
        "id": "830903",
        "label": "0",
        "organization": "null"
    },
    {
        "title": "The Harmonious Chromatic Number of Almost All Trees",
        "year": "1995",
        "authors": "Keith Edwards",
        "venue": "Combinatorics, Probability  Computing",
        "id": "830904",
        "label": "0",
        "organization": "null"
    },
    {
        "title": "The Harmonious Chromatic Number of Bounded Degree Trees",
        "year": "1996",
        "authors": "Keith Edwards",
        "venue": "Combinatorics, Probability  Computing",
        "id": "830905",
        "label": "0",
        "organization": "null"
    },
    {
        "title": "On monochromatic component size for improper colourings",
        "year": "2005",
        "authors": "Keith Edwards,Graham Farr",
        "venue": "Discrete Applied Mathematics",
        "id": "836674",
        "label": "0",
        "organization": "Division of Applied Computing, University of Dundee, Dundee DD1 4HN, UK"
    },
    {
        "title": "The Complexity of Harmonious Colouring for Trees",
        "year": "1995",
        "authors": "Keith Edwards,Colin McDiarmid",
        "venue": "Discrete Applied Mathematics",
        "id": "836675",
        "label": "0",
        "organization": "null"
    },
    {
        "title": "The complexity of some graph colouring problems",
        "year": "1992",
        "authors": "Keith Edwards",
        "venue": "Discrete Applied Mathematics",
        "id": "839252",
        "label": "0",
        "organization": "null"
    },
    {
        "title": "The computational complexity of cordial and equitable labelling",
        "year": "2000",
        "authors": "Niall Cairnie,Keith Edwards",
        "venue": "Discrete Mathematics",
        "id": "847173",
        "label": "0",
        "organization": "null"
    },
    {
        "title": "Edge decomposition of complete tripartite graphs",
        "year": "2003",
        "authors": "Keith Edwards",
        "venue": "Discrete Mathematics",
        "id": "847516",
        "label": "0",
        "organization": "null"
    },
    {
        "title": "The harmonious chromatic number of complete r-ary trees",
        "year": "1999",
        "authors": "Keith Edwards",
        "venue": "Discrete Mathematics",
        "id": "851489",
        "label": "0",
        "organization": "null"
    },
    {
        "title": "The achromatic number of bounded degree trees",
        "year": "1998",
        "authors": "Niall Cairnie,Keith Edwards",
        "venue": "Discrete Mathematics",
        "id": "852031",
        "label": "0",
        "organization": "null"
    },
    {
        "title": "On a problem concerning piles of counters",
        "year": "1996",
        "authors": "Keith Edwards",
        "venue": "Discrete Mathematics",
        "id": "854234",
        "label": "0",
        "organization": "null"
    },
    {
        "title": "Preface",
        "year": "2008",
        "authors": "Keith Edwards",
        "venue": "Discrete Mathematics",
        "id": "855152",
        "label": "0",
        "organization": "null"
    },
    {
        "title": "Planarization and fragmentability of some classes of graphs",
        "year": "2008",
        "authors": "Keith Edwards,Graham Farr",
        "venue": "Discrete Mathematics",
        "id": "855646",
        "label": "0",
        "organization": "null"
    },
    {
        "title": "On the Neighbour-Distinguishing Index of a Graph",
        "year": "2006",
        "authors": "Keith Edwards,Mirko Hornak,Mariusz Wozniak",
        "venue": "Graphs and Combinatorics",
        "id": "883356",
        "label": "0",
        "organization": "null"
    },
    {
        "title": "Fragmentability of Graphs",
        "year": "2001",
        "authors": "Keith Edwards,Graham Farr",
        "venue": "J. Comb. Theory, Ser. B",
        "id": "975456",
        "label": "0",
        "organization": "null"
    },
    {
        "title": "The Complexity of Colouring Problems on Dense Graphs",
        "year": "1986",
        "authors": "Keith Edwards",
        "venue": "Theor. Comput. Sci.",
        "id": "1090785",
        "label": "0",
        "organization": "null"
    },
    {
        "title": "A new upper bound for the harmonious chromatic number",
        "year": "1998",
        "authors": "Keith Edwards",
        "venue": "Journal of Graph Theory",
        "id": "1377672",
        "label": "0",
        "organization": "Department of Applied Computing, University of Dundee, Dundee, DD1 4HN, U.K."
    },
    {
        "title": "Real-time structured methods: systems analysis",
        "year": "1993",
        "authors": "Keith Edwards",
        "venue": "null",
        "id": "1510790",
        "label": "2",
        "organization": "RTSM Consultants Ltd., UK"
    },
    {
        "title": "Jini Example by Example",
        "year": "2001",
        "authors": "Keith Edwards,Tom Rodden",
        "venue": "null",
        "id": "1528220",
        "label": "3",
        "organization": "null"
    },
    {
        "title": "Smart homes or homes that smart?",
        "year": "2003",
        "authors": "Gregory Abowd,Keith Edwards,Beki Grinter",
        "venue": "ACM SIGCHI Bulletin - a supplement to interactions",
        "id": "1557688",
        "label": "3",
        "organization": "Palo Alto Research Center (PARC)"
    },
    {
        "title": "Intelligibility and accountability: human considerations in context-aware systems",
        "year": "2001",
        "authors": "Victoria Bellotti,Keith Edwards",
        "venue": "Human-computer interaction",
        "id": "1750383",
        "label": "3",
        "organization": "Xerox Palo Alto Research Center, Palo Alto, CA"
    }
]