[
    {
        "title": "Experimental Study of Semantic Contents Mining on Intra-university Enterprise Contents Management System for Knowledge Sharing",
        "year": "2006",
        "authors": "Keiko Shimazu,Isao Saito,Koichi Furukawa",
        "venue": "ASWC",
        "id": "54627",
        "label": "0",
        "organization": "null"
    },
    {
        "title": "Query Evaluation of Deductive Database by MGTP and its Application to Data Mining",
        "year": "1997",
        "authors": "Koichi Furukawa,Tomonobu Ozaki,Tomoko Murakami,Ken Ueno,Keiko Shimazu",
        "venue": "DDLP",
        "id": "148083",
        "label": "0",
        "organization": "null"
    },
    {
        "title": "On the Completion of the Most Specific Hypothesis Computation in Inverse Entailment for Mutual Recursion",
        "year": "1998",
        "authors": "Koichi Furukawa",
        "venue": "Discovery Science",
        "id": "156572",
        "label": "0",
        "organization": "null"
    },
    {
        "title": "A Model of Children's Vocabulary Acquisition Using Inductive Logic Programming",
        "year": "1999",
        "authors": "Koichi Furukawa,Ikuo Kobayashi,Tomonobu Ozaki,Mutsumi Imai",
        "venue": "Discovery Science",
        "id": "156577",
        "label": "0",
        "organization": "null"
    },
    {
        "title": "Discovering Exceptional Information from Customer Inquiry by Association Rule Miner",
        "year": "2003",
        "authors": "Keiko Shimazu,Atsuhito Momma,Koichi Furukawa",
        "venue": "Discovery Science",
        "id": "156910",
        "label": "0",
        "organization": "null"
    },
    {
        "title": "A Computational Model for Children's Language Acquisition Using Inductive Logic Programming",
        "year": "2002",
        "authors": "Ikuo Kobayashi,Koichi Furukawa,Tomonobu Ozaki,Mutsumi Imai",
        "venue": "Progress in Discovery Science",
        "id": "162343",
        "label": "0",
        "organization": "null"
    },
    {
        "title": "DAISY, an RER Model Based Interface for RDB to ILP",
        "year": "2003",
        "authors": "Keiko Shimazu,Atsuhito Momma,Koichi Furukawa",
        "venue": "ER",
        "id": "183897",
        "label": "0",
        "organization": "null"
    },
    {
        "title": "Summary of Basic Research Activities of the FGCS Project",
        "year": "1992",
        "authors": "Koichi Furukawa",
        "venue": "FGCS",
        "id": "204997",
        "label": "0",
        "organization": "null"
    },
    {
        "title": "Concurrent Logic Programming as a Basis for Large-Scale Knowledge Information Processing - Panel Position Paper",
        "year": "1992",
        "authors": "Koichi Furukawa",
        "venue": "FGCS",
        "id": "204999",
        "label": "0",
        "organization": "null"
    },
    {
        "title": "MANDELA: A LogicBased Knowledge Programming System",
        "year": "1984",
        "authors": "Koichi Furukawa,Akikazu Takeuchi,Susumu Kunifuji,Hideki Yasukawa,Masaru Ohki,Kazunori Ueda",
        "venue": "FGCS",
        "id": "205001",
        "label": "0",
        "organization": "null"
    },
    {
        "title": "Basic Software System",
        "year": "1984",
        "authors": "Koichi Furukawa,Toshio Yokoi",
        "venue": "FGCS",
        "id": "205003",
        "label": "0",
        "organization": "null"
    },
    {
        "title": "Transformation Rules for GHC Programs",
        "year": "1988",
        "authors": "Kazunori Ueda,Koichi Furukawa",
        "venue": "FGCS",
        "id": "205275",
        "label": "0",
        "organization": "null"
    },
    {
        "title": "Guarded Horn Clauses and Experience with Parallel Logic Programming",
        "year": "1986",
        "authors": "Jiro Tanaka,Kazunori Ueda,Tashihiko Miyazaki,Akikazu Takeuchi,Yuji Matsumoto,Koichi Furukawa",
        "venue": "FJCC",
        "id": "206916",
        "label": "0",
        "organization": "null"
    },
    {
        "title": "GHC - A Language for a New Age of Parallel Programming",
        "year": "1988",
        "authors": "Koichi Furukawa,Kazunori Ueda",
        "venue": "FSTTCS",
        "id": "219552",
        "label": "0",
        "organization": "null"
    },
    {
        "title": "The Role of Logic Programming in the Fifth Generation Computer Project",
        "year": "1986",
        "authors": "Kazuhiro Fuchi,Koichi Furukawa",
        "venue": "ICLP",
        "id": "328035",
        "label": "0",
        "organization": "null"
    },
    {
        "title": "Partial Evaluation of GHC Programs Based on the UR-set with Constraints",
        "year": "1988",
        "authors": "Hiroshi Fujita,Akira Okumura,Koichi Furukawa",
        "venue": "ICLP/SLP",
        "id": "328038",
        "label": "0",
        "organization": "null"
    },
    {
        "title": "Prolog Interpreter Based on Concurrent Programming",
        "year": "1982",
        "authors": "Koichi Furukawa,Katsumi Nitta,Yuji Matsumoto",
        "venue": "ICLP",
        "id": "328040",
        "label": "0",
        "organization": "null"
    },
    {
        "title": "Using Definite Clauses and Integrity Constraints as the Basis for a Theory Formation Approach to Diagnostic Reasoning",
        "year": "1986",
        "authors": "Randy Goebel,Koichi Furukawa,David Poole",
        "venue": "ICLP",
        "id": "328099",
        "label": "0",
        "organization": "null"
    },
    {
        "title": "Eager and Lazy Enumerations in Concurrent Prolog",
        "year": "1984",
        "authors": "Hideki Hirakawa,Takashi Chikayama,Koichi Furukawa",
        "venue": "ICLP",
        "id": "328135",
        "label": "0",
        "organization": "null"
    },
    {
        "title": "An Object-Oriented Programming Language Based on the Parallel Logic Programming Language KL1",
        "year": "1987",
        "authors": "Masaru Ohki,Akikazu Takeuchi,Koichi Furukawa",
        "venue": "ICLP",
        "id": "328507",
        "label": "0",
        "organization": "null"
    },
    {
        "title": "Parallel Logic Programming Languages",
        "year": "1986",
        "authors": "Akikazu Takeuchi,Koichi Furukawa",
        "venue": "ICLP",
        "id": "328702",
        "label": "0",
        "organization": "null"
    },
    {
        "title": "Respiration Reflecting Musical Expression: Analysis of Respiration during Musical Performance by Inductive Logic Programming",
        "year": "2002",
        "authors": "Soh Igarashi,Tomonobu Ozaki,Koichi Furukawa",
        "venue": "ICMAI",
        "id": "329040",
        "label": "0",
        "organization": "null"
    },
    {
        "title": "Specification Languages versus Programming Languages (Panel)",
        "year": "1986",
        "authors": "Koichi Furukawa",
        "venue": "IFIP Congress",
        "id": "376265",
        "label": "0",
        "organization": "null"
    },
    {
        "title": "Constraint Logic Programming as a New Vehicle for Knowledge Representation",
        "year": "1989",
        "authors": "Koichi Furukawa",
        "venue": "IFIP Congress",
        "id": "376267",
        "label": "0",
        "organization": "null"
    },
    {
        "title": "Partial Evaluation of Prolog Programs and its Application to Meta Programming",
        "year": "1986",
        "authors": "Akikazu Takeuchi,Koichi Furukawa",
        "venue": "IFIP Congress",
        "id": "377875",
        "label": "0",
        "organization": "null"
    },
    {
        "title": "A Deductive Question Answering System on Relational Data Bases",
        "year": "1977",
        "authors": "Koichi Furukawa",
        "venue": "IJCAI",
        "id": "388543",
        "label": "0",
        "organization": "null"
    },
    {
        "title": "Use of Data Representation Mapping in Automatic Generation of Data Base Access Procedures",
        "year": "1981",
        "authors": "Koichi Furukawa",
        "venue": "IJCAI",
        "id": "388544",
        "label": "0",
        "organization": "null"
    },
    {
        "title": "A New Design and Implementation of Progol by Bottom-Up Computation",
        "year": "1996",
        "authors": "Hiroshi Fujita,Naoki Yagi,Tomonobu Ozaki,Koichi Furukawa",
        "venue": "Inductive Logic Programming Workshop",
        "id": "395119",
        "label": "0",
        "organization": "null"
    },
    {
        "title": "On a Sufficient Condition for the Existence of Most Specific Hypothesis in Progol",
        "year": "1997",
        "authors": "Koichi Furukawa,Tomoko Murakami,Ken Ueno,Tomonobu Ozaki,Keiko Shimazu",
        "venue": "ILP",
        "id": "395126",
        "label": "0",
        "organization": "null"
    },
    {
        "title": "On the Completion of Inverse Entailment for Mutual Recursion and its Application to Self Recursion",
        "year": "2000",
        "authors": "Koichi Furukawa,Tomonobu Ozaki",
        "venue": "ILP Work-in-progress reports",
        "id": "395128",
        "label": "0",
        "organization": "null"
    },
    {
        "title": "Application of Pruning Techniques for Propositional Learning to Progol",
        "year": "2001",
        "authors": "Tomonobu Ozaki,Koichi Furukawa",
        "venue": "ILP",
        "id": "395310",
        "label": "0",
        "organization": "null"
    },
    {
        "title": "Realizing Progol by Forward Reasoning",
        "year": "1997",
        "authors": "Tomonobu Ozaki,Koichi Furukawa,Tomoko Murakami,Ken Ueno",
        "venue": "ILP",
        "id": "395312",
        "label": "0",
        "organization": "null"
    },
    {
        "title": "Experimental study of discovering essential information from customer inquiry",
        "year": "2003",
        "authors": "Keiko Shimazu,Atsuhito Momma,Koichi Furukawa",
        "venue": "KDD",
        "id": "473269",
        "label": "0",
        "organization": "Keio University, 5322 Endo Fujisawa-shi, Kanagawa, Japan"
    },
    {
        "title": "A Framework for Interactive Problem Solving Based on Interactive Query Revision",
        "year": "1986",
        "authors": "Masaru Ohki,Akikazu Takeuchi,Koichi Furukawa",
        "venue": "LP",
        "id": "486928",
        "label": "0",
        "organization": "null"
    },
    {
        "title": "A Framework for Verbalizing Unconscious Knowledge Based on Inductive Logic Programming",
        "year": "1995",
        "authors": "Koichi Furukawa",
        "venue": "Machine Intelligence 15",
        "id": "495661",
        "label": "0",
        "organization": "null"
    },
    {
        "title": "Object-Oriented Parser in the Logic Programming Language ESP",
        "year": "1984",
        "authors": "Hideo Miyoshi,Koichi Furukawa",
        "venue": "Natural Language Understanding and Natural Language Understanding Workshop",
        "id": "518948",
        "label": "0",
        "organization": "null"
    },
    {
        "title": "Curried least general generalization: A framework for higher order concept learning",
        "year": "1996",
        "authors": "Srinivas Padmanabhuni,Randy Goebel,Koichi Furukawa",
        "venue": "PRICAI Workshops",
        "id": "551745",
        "label": "0",
        "organization": "null"
    },
    {
        "title": "OR-Parallel Optimizing Prolog System: POPS. Its Design and Implementation in Concurrent Prolog",
        "year": "1984",
        "authors": "Hideki Hirakawa,Rikio Onai,Koichi Furukawa",
        "venue": "RIMS Symposia on Software Science and Engineering",
        "id": "559996",
        "label": "0",
        "organization": "null"
    },
    {
        "title": "Knowledge discovery in database by Progol-design, implementation and its application to expert system building",
        "year": "1997",
        "authors": "Keiko Shimazu,Koichi Furukawa",
        "venue": "SAC",
        "id": "568493",
        "label": "0",
        "organization": "Keio University, Endo 5322, Fujisawa, Kanagawa, Japan"
    },
    {
        "title": "Fifth Generation Computer Project: Towards Large-Scale Knowledge Information Processing",
        "year": "1991",
        "authors": "Koichi Furukawa",
        "venue": "ISLP",
        "id": "605425",
        "label": "0",
        "organization": "null"
    },
    {
        "title": "Deriving an Efficient Production System by Partial Evaluation",
        "year": "1989",
        "authors": "Koichi Furukawa,Hiroshi Fujita,Toramatsu Shintani",
        "venue": "NACLP",
        "id": "605426",
        "label": "0",
        "organization": "null"
    },
    {
        "title": "A Methodology for Implementation of a Knowledge Acquisition System",
        "year": "1984",
        "authors": "Hajime Kitakami,Susumu Kunifuji,Taizo Miyachi,Koichi Furukawa",
        "venue": "SLP",
        "id": "605523",
        "label": "0",
        "organization": "null"
    },
    {
        "title": "A Knowledge Assimilation Method for Logic Databases",
        "year": "1984",
        "authors": "Taizo Miyachi,Susumu Kunifuji,Hajime Kitakami,Koichi Furukawa,Akikazu Takeuchi,Haruo Yokota",
        "venue": "SLP",
        "id": "605656",
        "label": "0",
        "organization": "null"
    },
    {
        "title": "Notes on Transformation Techniques for Generate and Test Logic Programs",
        "year": "1987",
        "authors": "Hirohisa Seki,Koichi Furukawa",
        "venue": "SLP",
        "id": "605706",
        "label": "0",
        "organization": "null"
    },
    {
        "title": "Role of Logic Programming in the FGCS Project",
        "year": "1991",
        "authors": "Kazuhiro Fuchi,Koichi Furukawa",
        "venue": "TACS",
        "id": "625656",
        "label": "0",
        "organization": "null"
    },
    {
        "title": "Fifth Generation Computer Project: Current Research Activity and Future Plans",
        "year": "1987",
        "authors": "Koichi Furukawa",
        "venue": "TAPSOFT, Vol.2",
        "id": "626513",
        "label": "0",
        "organization": "null"
    },
    {
        "title": "Panel: Directions in Database Research",
        "year": "1977",
        "authors": "George Champine,Craig Fields,Koichi Furukawa,David Jefferson,Fritz Kruckeberg,Giora Pelled,Charles Purcell,John Rundell,Tadahiko Takahama",
        "venue": "VLDB",
        "id": "642255",
        "label": "0",
        "organization": "null"
    },
    {
        "title": "Prolog Interpreter and its Parallel Extension",
        "year": "1984",
        "authors": "Yuji Matsumoto,Katsumi Nitta,Koichi Furukawa",
        "venue": "VLSI Engineering",
        "id": "644427",
        "label": "0",
        "organization": "null"
    },
    {
        "title": "Logic Programming as the Integrator of the Fifth Generation Computer Systems Project",
        "year": "1992",
        "authors": "Koichi Furukawa",
        "venue": "Commun. ACM",
        "id": "771919",
        "label": "0",
        "organization": "null"
    },
    {
        "title": "The Fifth Generation Project: Personal Perspectives",
        "year": "1993",
        "authors": "Ehud Y. Shapiro,David H. D. Warren,Kazuhiro Fuchi,Robert A. Kowalski,Koichi Furukawa,Kazunori Ueda,Kenneth M. Kahn,Takashi Chikayama,Evan Tick",
        "venue": "Commun. ACM",
        "id": "775984",
        "label": "0",
        "organization": "null"
    },
    {
        "title": "Knowledge Engineering and Fifth Generation Computers",
        "year": "1983",
        "authors": "Koichi Furukawa,Kazuhiro Fuchi",
        "venue": "IEEE Database Eng. Bull.",
        "id": "844512",
        "label": "0",
        "organization": "null"
    },
    {
        "title": "Motor Skill as Dynamic Constraint Satisfaction",
        "year": "2000",
        "authors": "Ken Ueno,Koichi Furukawa,Michael Bain",
        "venue": "Electron. Trans. Artif. Intell.",
        "id": "873442",
        "label": "0",
        "organization": "null"
    },
    {
        "title": "A Bootstrapping Model for Children's Vocabulary Acquisition using Inductive Logic Programming",
        "year": "2001",
        "authors": "Ikuo Kobayashi,Koichi Furukawa,Tomonobu Ozaki,Mutsumi Imai",
        "venue": "Electron. Trans. Artif. Intell.",
        "id": "873453",
        "label": "0",
        "organization": "null"
    },
    {
        "title": "Fifth Generation Computer Systems (FGCS) Project in Japan",
        "year": "1993",
        "authors": "Koichi Furukawa",
        "venue": "Informatica (Slovenia)",
        "id": "923609",
        "label": "0",
        "organization": "null"
    },
    {
        "title": "The Role of Logic Programming in the Fifth Generation Computer Project",
        "year": "1987",
        "authors": "Kazuhiro Fuchi,Koichi Furukawa",
        "venue": "New Generation Comput.",
        "id": "1025004",
        "label": "0",
        "organization": "null"
    },
    {
        "title": "A Self-Applicable Partial Evaluator and Its Use in Incremental Compilation",
        "year": "1988",
        "authors": "Hiroshi Fujita,Koichi Furukawa",
        "venue": "New Generation Comput.",
        "id": "1025008",
        "label": "0",
        "organization": "null"
    },
    {
        "title": "Towards Cross Fertilization of Multiple Disciplines",
        "year": "2002",
        "authors": "Koichi Furukawa",
        "venue": "New Generation Comput.",
        "id": "1025018",
        "label": "0",
        "organization": "null"
    },
    {
        "title": "Modularization and Abstraction in Logic Programming",
        "year": "1983",
        "authors": "Koichi Furukawa,Reiji Nakajima,Akinori Yonezawa",
        "venue": "New Generation Comput.",
        "id": "1025020",
        "label": "0",
        "organization": "null"
    },
    {
        "title": "Unfolding Rules for GHC Programs",
        "year": "1988",
        "authors": "Koichi Furukawa,Akira Okumura,Masaki Murakami",
        "venue": "New Generation Comput.",
        "id": "1025022",
        "label": "0",
        "organization": "null"
    },
    {
        "title": "Special Issue on Algorithmic Learning Theory",
        "year": "1994",
        "authors": "Koichi Furukawa,Takeshi Shinohara,Yuji Takada",
        "venue": "New Generation Comput.",
        "id": "1025024",
        "label": "0",
        "organization": "null"
    },
    {
        "title": "Preface to the Special Issue",
        "year": "1987",
        "authors": "Kenneth M. Kahn,Koichi Furukawa",
        "venue": "New Generation Comput.",
        "id": "1025134",
        "label": "0",
        "organization": "IBM T.J. Watson Research Center, Yorktown Heights, NY, USA"
    },
    {
        "title": "A Knowledge Assimilation Method for Logic Databases",
        "year": "1984",
        "authors": "Taizo Miyachi,Susumu Kunifuji,Hajime Kitakami,Koichi Furukawa,Akikazu Takeuchi,Haruo Yokota",
        "venue": "New Generation Comput.",
        "id": "1025139",
        "label": "0",
        "organization": "null"
    },
    {
        "title": "Guest Editors' Preface",
        "year": "1985",
        "authors": "Fumio Mizoguchi,Koichi Furukawa",
        "venue": "New Generation Comput.",
        "id": "1025161",
        "label": "0",
        "organization": "Univ. of Kansas, Lawrence, KS, USA"
    },
    {
        "title": "Special Issue on Inductive Logic Programming",
        "year": "1995",
        "authors": "Stephen Muggleton,Fumio Mizoguchi,Koichi Furukawa",
        "venue": "New Generation Comput.",
        "id": "1025180",
        "label": "0",
        "organization": "null"
    },
    {
        "title": "Bounded Buffer Communication in Concurrent Prolog",
        "year": "1985",
        "authors": "Akikazu Takeuchi,Koichi Furukawa",
        "venue": "New Generation Comput.",
        "id": "1025324",
        "label": "0",
        "organization": "null"
    },
    {
        "title": "Philosophy of New Generation Computing -- In Remembrance of Professor Kazuhiro Fuchi",
        "year": "2006",
        "authors": "Koichi Furukawa",
        "venue": "New Generation Comput.",
        "id": "1025390",
        "label": "0",
        "organization": "null"
    },
    {
        "title": "Preface",
        "year": "2003",
        "authors": "Setsuo Arikawa,Koichi Furukawa,Shinichi Morishita,Hiroshi Motoda",
        "venue": "Theor. Comput. Sci.",
        "id": "1088918",
        "label": "0",
        "organization": "null"
    },
    {
        "title": "Design of Database Interface to ILP for Building Knowledge Base",
        "year": "1996",
        "authors": "Keiko Shimazu,Koichi Furukawa",
        "venue": "IEA/AIE",
        "id": "1210834",
        "label": "0",
        "organization": "null"
    },
    {
        "title": "Contents Sharing Framework Using CCCI Model for Intra-University Network",
        "year": "2006",
        "authors": "Keiko Shimazu,Isao Saito,Koichi Furukawa",
        "venue": "Proceedings of the Seventh International Conference on Web-Age Information Management Workshops",
        "id": "1369646",
        "label": "0",
        "organization": "Keio University, Japan"
    },
    {
        "title": "OR-parallel optimizing Prolog system: POPS its design and implementation in concurrent Prolog",
        "year": "1986",
        "authors": "Hideki Hirakawa,Rikio Onai,Koichi Furukawa",
        "venue": "Proceedings of the symposia 1983 and 1984 on RIMS symposia on software science and engineering II",
        "id": "1457782",
        "label": "0",
        "organization": "null"
    },
    {
        "title": "A framework for interactive problem solving based on interactive query revision",
        "year": "1987",
        "authors": "Masaru Ohki,Akikazu Takeuchi,Koichi Furukawa",
        "venue": "The 5th Conference on Logic programming '86",
        "id": "1457935",
        "label": "0",
        "organization": "null"
    },
    {
        "title": "Logic programming as the integrator of the fifth generation computer systems project",
        "year": "1993",
        "authors": "Koichi Furukawa",
        "venue": "Proceedings of the third international conference on Young computer scientists",
        "id": "1496319",
        "label": "0",
        "organization": "null"
    },
    {
        "title": "Launching the new era",
        "year": "1993",
        "authors": "Kazuhiro Fuchi,Robert Kowalski,Koichi Furukawa,Kazunori Ueda,Ken Kahn,Takashi Chikayama,Evan Tick",
        "venue": "Communications of the ACM",
        "id": "1501414",
        "label": "0",
        "organization": "Keio Univ., Kanagawa, Japan"
    },
    {
        "title": "On the number of securities which constitute an efficient portfolio",
        "year": "1993",
        "authors": "Munenori Nakasato,Koichi Furukawa",
        "venue": "Annals of Operations Research",
        "id": "1503334",
        "label": "1",
        "organization": "null"
    },
    {
        "title": "Logic Programming, 1989: Proceedings of the 8th Conference Tokyo, Japan, July 12-14, 1989",
        "year": "1991",
        "authors": "Koichi Furukawa,Hidehiko Tanaka,T. Fujisaki",
        "venue": "null",
        "id": "1532719",
        "label": "0",
        "organization": "null"
    },
    {
        "title": "Special issue on real world computing project",
        "year": "2000",
        "authors": "Hidehiko Tanaka,Koichi Furukawa,Taisuke Sato,Jyunichi Shimada,Yoshikuni Okada",
        "venue": "New Generation Computing",
        "id": "1555879",
        "label": "0",
        "organization": "Keio Univ."
    },
    {
        "title": "Proceedings of the Second International Conference on Discovery Science",
        "year": "1999",
        "authors": "Setsuo Arikawa,Koichi Furukawa",
        "venue": "Lecture Notes In Computer Science; Vol. 1721",
        "id": "1619836",
        "label": "0",
        "organization": "null"
    }
]