[
    {
        "title": "Weighted Ontology-Based Search Exploiting Semantic Similarity",
        "year": "2006",
        "authors": "Kuo Zhang,Jie Tang,MingCai Hong,Juan-Zi Li,Wei Wei",
        "venue": "APWeb",
        "id": "48550",
        "label": "0",
        "organization": "null"
    },
    {
        "title": "Adapting Prime Number Labeling Scheme for Directed Acyclic Graphs",
        "year": "2006",
        "authors": "Gang Wu,Kuo Zhang,Can Liu,Juan-Zi Li",
        "venue": "DASFAA",
        "id": "140970",
        "label": "0",
        "organization": "null"
    },
    {
        "title": "Feature-Correlation Based Multi-view Detection",
        "year": "2005",
        "authors": "Kuo Zhang,Jie Tang,Juan-Zi Li,Kehong Wang",
        "venue": "ICCSA (4)",
        "id": "292290",
        "label": "0",
        "organization": "null"
    },
    {
        "title": "Practical Application of FDC in Software Service Pricing",
        "year": "2006",
        "authors": "Yan Zheng,Wei Sun,Zhong Bo Jiang,Rongzeng Cao,Kuo Zhang",
        "venue": "ICEBE",
        "id": "304700",
        "label": "1",
        "organization": "IBM China Research Lab"
    },
    {
        "title": "Software as a Service: An Integration Perspective",
        "year": "2007",
        "authors": "Wei Sun,Kuo Zhang,Shyh-Kwei Chen,Xin Zhang,Haiqi Liang",
        "venue": "ICSOC",
        "id": "365350",
        "label": "1",
        "organization": "IBM China Research Lab,"
    },
    {
        "title": "A Component-Based Reflective Middleware Approach to Context-Aware Adaptive Systems",
        "year": "2005",
        "authors": "Kuo Zhang,Yanni Wu,Zhenkun Zheng,Xiaoge Wang,Yu Chen",
        "venue": "ICWE",
        "id": "369424",
        "label": "2",
        "organization": "null"
    },
    {
        "title": "Term Committee Based Event Identification within News Topics",
        "year": "2008",
        "authors": "Kuo Zhang,Juan-Zi Li,Gang Wu,Kehong Wang",
        "venue": "PAKDD",
        "id": "527428",
        "label": "0",
        "organization": "null"
    },
    {
        "title": "New event detection based on indexing-tree and named entity",
        "year": "2007",
        "authors": "Kuo Zhang,Juan Zi,Li Gang Wu",
        "venue": "SIGIR",
        "id": "596169",
        "label": "0",
        "organization": "Tsinghua University"
    },
    {
        "title": "Keyword Extraction Using Support Vector Machine",
        "year": "2006",
        "authors": "Kuo Zhang,Hui Xu,Jie Tang,Juan-Zi Li",
        "venue": "WAIM",
        "id": "652228",
        "label": "0",
        "organization": "null"
    },
    {
        "title": "The Stakeholder Matrix: Supporting the Modeling of Responsibility in Situation-Oriented Directories",
        "year": "2007",
        "authors": "Markus Stolze,Kuo Zhang,Ying Huang,Noi Sukaviriya,Brian White,Jim Laredo",
        "venue": "CEC/EEE",
        "id": "659095",
        "label": "1",
        "organization": "null"
    },
    {
        "title": "A Policy-Driven Approach for Software-as-Services Customization",
        "year": "2007",
        "authors": "Kuo Zhang,Xin Zhang,Wei Sun,Haiqi Liang,Ying Huang,Liangzhao Zeng,Xuanzhe Liu",
        "venue": "CEC/EEE",
        "id": "659196",
        "label": "1",
        "organization": "null"
    },
    {
        "title": "Logical structure based semantic relationship extraction from semi-structured documents",
        "year": "2006",
        "authors": "Kuo Zhang,Gang Wu,Juan-Zi Li",
        "venue": "WWW",
        "id": "674355",
        "label": "0",
        "organization": "null"
    },
    {
        "title": "PURPLE: A Reflective Middleware for Pervasive Computing",
        "year": "2005",
        "authors": "Kuo Zhang,Xiaoge Wang,Yanni Wu,Zhenkun Zheng",
        "venue": "ICITA (1)",
        "id": "679697",
        "label": "2",
        "organization": "null"
    },
    {
        "title": "Extending Metadata with Scenarios in Adaptive Distributed System",
        "year": "2005",
        "authors": "Yanni Wu,Kuo Zhang,Xiaoge Wang,Jinlan Tian",
        "venue": "ICITA (2)",
        "id": "679862",
        "label": "2",
        "organization": "null"
    },
    {
        "title": "Extending metadata with scenarios in adaptive distributed system",
        "year": "2007",
        "authors": "Yanni Wu,Kuo Zhang,Xiaoge Wang,Jinlan Tian",
        "venue": "J. Network and Computer Applications",
        "id": "1168001",
        "label": "2",
        "organization": "Department of Computer Science and Technology, Tsinghua University, Beijing 100084, PR China"
    },
    {
        "title": "Towards a Model Driven Service Engineering Process.",
        "year": "2008",
        "authors": "Ateret Anaby-Tavor,David Amid,Aviad Sela,Amit Fisher,Kuo Zhang,Ou Tie Jun",
        "venue": "null",
        "id": "1314633",
        "label": "3",
        "organization": "null"
    }
]