[
    {
        "title": "Density-based multipath secure communication over mobile ad hoc networks",
        "year": "2006",
        "authors": "Lei Chen,Chung-wei Lee,Jyh-haw Yeh",
        "venue": "ACM Southeast Regional Conference",
        "id": "6875",
        "label": "0",
        "organization": "Auburn University, Auburn, AL"
    },
    {
        "title": "Gene intrusion on a society of Hill-Climbers",
        "year": "2006",
        "authors": "Lei Chen,Chung-wei Lee,Wen-Chen Hu",
        "venue": "ACM Southeast Regional Conference",
        "id": "6910",
        "label": "0",
        "organization": "Auburn University, Auburn, AL"
    },
    {
        "title": "Multi-level secure video streaming over SRTP",
        "year": "2005",
        "authors": "Lei Chen,Chung-wei Lee",
        "venue": "ACM Southeast Regional Conference (2)",
        "id": "7057",
        "label": "0",
        "organization": "Auburn, AL"
    },
    {
        "title": "Recent Advances in CFD Grid Application Platform",
        "year": "2004",
        "authors": "Xinhua Lin,Xi-li Sun,Xinda Lu,Qianni Deng,Minglu Li,Hong Liu,Yang Qi,Lei Chen",
        "venue": "IEEE SCC",
        "id": "10048",
        "label": "1",
        "organization": "IBM China Software Development Lab, China"
    },
    {
        "title": "Algebraic Constructions of Quasi-cyclic LDPC Codes - Part I: For AWGN and Binary Random Erasure Channels",
        "year": "2006",
        "authors": "Lan Lan,Lingqi Zeng,Ying Yu Tai,Lei Chen,Shu Lin,Khaled A. S. Abdel-Ghaffar",
        "venue": "AAECC",
        "id": "16785",
        "label": "2",
        "organization": "null"
    },
    {
        "title": "The Effects of Mobility and Redundancy on Wireless Video Streaming over MANETs",
        "year": "2008",
        "authors": "Lei Chen,Chung-wei Lee",
        "venue": "AINA Workshops",
        "id": "36808",
        "label": "0",
        "organization": "null"
    },
    {
        "title": "Audio and Vision-Based Evaluation of Parkinson's Disease from Discourse Video",
        "year": "2001",
        "authors": "Francis K. H. Quek,Robert K. Bryll,Mary P. Harper,Lei Chen,Lorraine Ramig",
        "venue": "BIBE",
        "id": "63390",
        "label": "1",
        "organization": "null"
    },
    {
        "title": "Localized routing trees for query processing in sensor networks",
        "year": "2005",
        "authors": "Jie Lian,Lei Chen,Kshirasagar Naik,M. Tamer Ozsu,Gordon B. Agnew",
        "venue": "CIKM",
        "id": "95658",
        "label": "1",
        "organization": "null"
    },
    {
        "title": "Towards interactive indexing for large Chinese calligraphic character databases",
        "year": "2006",
        "authors": "Yi Zhuang,Yueting Zhuang,Qing Li,Lei Chen",
        "venue": "CIKM",
        "id": "96145",
        "label": "1",
        "organization": "HKUST, Kowloon, HKSAR, P. R. China"
    },
    {
        "title": "Probabilistic correlation-based similarity measure of unstructured records",
        "year": "2007",
        "authors": "Shaoxu Song,Lei Chen",
        "venue": "CIKM",
        "id": "96307",
        "label": "1",
        "organization": "Hong Kong University of Science and Technology, Hong Kong, Hong Kong"
    },
    {
        "title": "Optimal proactive caching in peer-to-peer network: analysis and application",
        "year": "2007",
        "authors": "Weixiong Rao,Lei Chen,Ada Wai-Chee Fu,Yingyi Bu",
        "venue": "CIKM",
        "id": "96347",
        "label": "1",
        "organization": "Hong Kong University of Science and Technology, Hong Kong, Hong Kong"
    },
    {
        "title": "Top-k subgraph matching query in a large graph",
        "year": "2007",
        "authors": "Lei Zou,Lei Chen,Yansheng Lu",
        "venue": "PIKM",
        "id": "96359",
        "label": "1",
        "organization": "Hong Kong University of Science and Technology, Hong Kong, Hong Kong"
    },
    {
        "title": "Speed up semantic search in p2p networks",
        "year": "2008",
        "authors": "Qiang Wang,Rui Li,Lei Chen,Jie Lian,M. Tamer Ozsu",
        "venue": "CIKM",
        "id": "96560",
        "label": "1",
        "organization": "null"
    },
    {
        "title": "In-network Outlier Cleaning for Data Collection in Sensor Networks",
        "year": "2006",
        "authors": "Yongzhen Zhuang,Lei Chen",
        "venue": "CleanDB",
        "id": "98919",
        "label": "1",
        "organization": "null"
    },
    {
        "title": "Compressed Pattern Matching in DNA Sequences",
        "year": "2004",
        "authors": "Lei Chen,Shiyong Lu,Jeffrey L. Ram",
        "venue": "CSB",
        "id": "120907",
        "label": "7",
        "organization": "Wayne State University"
    },
    {
        "title": "Heterogeneous CAD Hybrid Data Exchange Based on Feature Semantics and Geometry Representation",
        "year": "2006",
        "authors": "Lei Chen,Wei Peng,Xiuzi Ye",
        "venue": "CSCWD",
        "id": "122437",
        "label": "9",
        "organization": "null"
    },
    {
        "title": "Approximate Similarity Search over Multiple Stream Time Series",
        "year": "2007",
        "authors": "Xiang Lian,Lei Chen,Bin Wang",
        "venue": "DASFAA",
        "id": "141088",
        "label": "1",
        "organization": "null"
    },
    {
        "title": "Similarity Joins of Text with Incomplete Information Formats",
        "year": "2007",
        "authors": "Shaoxu Song,Lei Chen",
        "venue": "DASFAA",
        "id": "141127",
        "label": "1",
        "organization": "null"
    },
    {
        "title": "Continuously Maintaining Sliding Window Skylines in a Sensor Network",
        "year": "2007",
        "authors": "Junchang Xin,Guoren Wang,Lei Chen,Xiaoyi Zhang,Zhenhua Wang",
        "venue": "DASFAA",
        "id": "141138",
        "label": "1",
        "organization": "null"
    },
    {
        "title": "Summarization Graph Indexing: Beyond Frequent Structure-Based Approach",
        "year": "2008",
        "authors": "Lei Zou,Lei Chen,Huaming Zhang,Yansheng Lu,Qiang Lou",
        "venue": "DASFAA",
        "id": "141229",
        "label": "1",
        "organization": "null"
    },
    {
        "title": "Probabilistic Inverse Ranking Queries over Uncertain Data",
        "year": "2009",
        "authors": "Xiang Lian,Lei Chen",
        "venue": "DASFAA",
        "id": "141231",
        "label": "1",
        "organization": "Hong Kong University of Science and Technology, Hong Kong, China"
    },
    {
        "title": "Energy-Efficient Evaluation of Multiple Skyline Queries over a Wireless Sensor Network",
        "year": "2009",
        "authors": "Junchang Xin,Guoren Wang,Lei Chen,Vincent Oria",
        "venue": "DASFAA",
        "id": "141236",
        "label": "1",
        "organization": "Department of Computer Science and Engineering, HKUST, Hong Kong, China"
    },
    {
        "title": "A Unified Indexing Structure for Efficient Cross-Media Retrieval",
        "year": "2009",
        "authors": "Yi Zhuang,Qing Li,Lei Chen",
        "venue": "DASFAA",
        "id": "141237",
        "label": "1",
        "organization": "Dept of Computer Science & Engineering, HKUST, HKSAR, P.R.China"
    },
    {
        "title": "Top-K Correlation Sub-graph Search in Graph Databases",
        "year": "2009",
        "authors": "Lei Zou,Lei Chen,Yansheng Lu",
        "venue": "DASFAA",
        "id": "141241",
        "label": "1",
        "organization": "Hong Kong of Science and Technology, Hong Kong, China"
    },
    {
        "title": "Answering Constrained k-NN Queries in Unstructured P2P Systems",
        "year": "2006",
        "authors": "Bin Wang,Xiaochun Yang,Guoren Wang,Lei Chen,Xiaoyang Sean Wang,Xuemin Lin,Ge Yu",
        "venue": "DBISP2P",
        "id": "145002",
        "label": "1",
        "organization": "null"
    },
    {
        "title": "Dynamic skyline queries in metric spaces",
        "year": "2008",
        "authors": "Lei Chen,Xiang Lian",
        "venue": "EDBT",
        "id": "176684",
        "label": "1",
        "organization": "Hong Kong University of Science and Technology, Hong Kong, China"
    },
    {
        "title": "Indexing high-dimensional data in dual distance spaces: a symmetrical encoding approach",
        "year": "2008",
        "authors": "Yi Zhuang,Yueting Zhuang,Qing Li,Lei Chen,Yi Yu",
        "venue": "EDBT",
        "id": "176718",
        "label": "1",
        "organization": "Hong Kong University of Science and Technology, HKSAR, P.R.China"
    },
    {
        "title": "A novel spectral coding in a large graph database",
        "year": "2008",
        "authors": "Lei Zou,Lei Chen,Jeffrey Xu Yu,Yansheng Lu",
        "venue": "EDBT",
        "id": "176731",
        "label": "1",
        "organization": "Hong Kong Univ. of Sci. & Tech., Hong Kong, China"
    },
    {
        "title": "Probabilistic ranked queries in uncertain databases",
        "year": "2008",
        "authors": "Xiang Lian,Lei Chen",
        "venue": "EDBT",
        "id": "176737",
        "label": "1",
        "organization": "Hong Kong University of Science and Technology, Hong Kong, China"
    },
    {
        "title": "Evaluating probability threshold k-nearest-neighbor queries over uncertain data",
        "year": "2009",
        "authors": "Reynold Cheng,Lei Chen,Jinchuan Chen,Xike Xie",
        "venue": "EDBT",
        "id": "176783",
        "label": "1",
        "organization": "Hong Kong Univ. of Sci. & Tech."
    },
    {
        "title": "Top-k dominating queries in uncertain databases",
        "year": "2009",
        "authors": "Xiang Lian,Lei Chen",
        "venue": "EDBT",
        "id": "176904",
        "label": "1",
        "organization": "Hong Kong University of Science and Technology, Clear Water Bay, Kowloon, Hong Kong, China"
    },
    {
        "title": "Algebraic Laws for BSP Programming",
        "year": "1996",
        "authors": "Jifeng He,Quentin Miller,Lei Chen",
        "venue": "Euro-Par, Vol. II",
        "id": "196610",
        "label": "15",
        "organization": "null"
    },
    {
        "title": "Fabric Handle Clusters Based on Fuzzy Clustering Algorithm",
        "year": "2008",
        "authors": "Zhaoqun Du,Weidong Yu,Ye Yu,Lei Chen,Yan Ni,Jiaqi Luo,Xiaohan Yu",
        "venue": "FSKD (3)",
        "id": "218409",
        "label": "18",
        "organization": "null"
    },
    {
        "title": "Portlet-based Portal Design for Grid Systems",
        "year": "2006",
        "authors": "Yanli Cai,Jian Cao,Minglu Li,Lei Chen",
        "venue": "GCC Workshops",
        "id": "224425",
        "label": "1",
        "organization": "Shanghai Jiaotong University, China"
    },
    {
        "title": "A New Virtual Dynamic Dentomaxillofacial System for Analyzing Mandibular Movement, Occlusal Contact, and TMJ Condition",
        "year": "2007",
        "authors": "Chi Zhang,Lei Chen,Fengjun Zhang,Hao Zhang,Hailan Feng,Guozhong Dai",
        "venue": "HCI (12)",
        "id": "242533",
        "label": "16",
        "organization": "null"
    },
    {
        "title": "Dynamic Data Dependence Tracking and its Application to Branch Prediction",
        "year": "2003",
        "authors": "Lei Chen,Steve Dropsho,David H. Albonesi",
        "venue": "HPCA",
        "id": "252751",
        "label": "17",
        "organization": "null"
    },
    {
        "title": "HAND: An Overlay Optimization Algorithm in Peer-to-Peer Systems",
        "year": "2006",
        "authors": "Xiaoming Chen,Zhoujun Li,Yongzhen Zhuang,Jinsong Han,Lei Chen",
        "venue": "HPCC",
        "id": "253228",
        "label": "1",
        "organization": "null"
    },
    {
        "title": "E-government Web Mining Tool Design and Implementation Based on the Semantic Web",
        "year": "2008",
        "authors": "Chunhua Yin,Siming Liu,Lei Chen,Xin Ye",
        "venue": "Web Intelligence/IAT Workshops",
        "id": "261650",
        "label": "24",
        "organization": "null"
    },
    {
        "title": "Automated Planning of CPICH Power for Enhancing HSDPA Performance at Cell Edges with Preserved Control of R99 Soft Handover",
        "year": "2008",
        "authors": "Lei Chen,Di Yuan",
        "venue": "ICC",
        "id": "276074",
        "label": "20",
        "organization": "null"
    },
    {
        "title": "A Dependable Communication Network for e-Textiles",
        "year": "2006",
        "authors": "Nenggan Zheng,Zhaohui Wu,Lei Chen,Yanmiao Zhou,Qijia Wang",
        "venue": "International Conference on Computational Science (4)",
        "id": "280610",
        "label": "21",
        "organization": "null"
    },
    {
        "title": "Automated Design Approach for Analog Circuit Using Genetic Algorithm",
        "year": "2007",
        "authors": "Xuewen Xia,Yuanxiang Li,Weiqin Ying,Lei Chen",
        "venue": "International Conference on Computational Science (4)",
        "id": "280714",
        "label": "27",
        "organization": "School of Computer Science, Wuhan University, Wuhan 430079, China"
    },
    {
        "title": "The E-Textile Token Grid Network with Dual Rings",
        "year": "2006",
        "authors": "Nenggan Zheng,Zhaohui Wu,Lei Chen,Yanmiao Zhou",
        "venue": "ICCSA (2)",
        "id": "292297",
        "label": "21",
        "organization": "null"
    },
    {
        "title": "A Weighted Moving Average-based Approach for Cleaning Sensor Data",
        "year": "2007",
        "authors": "Yongzhen Zhuang,Lei Chen,Xiaoyang Sean Wang,Jie Lian",
        "venue": "ICDCS",
        "id": "298035",
        "label": "1",
        "organization": "Hong Kong University of Science and Technology"
    },
    {
        "title": "Non-Threshold based Event Detection for 3D Environment Monitoring in Sensor Networks",
        "year": "2007",
        "authors": "Mo Li,Yunhao Liu,Lei Chen",
        "venue": "ICDCS",
        "id": "298038",
        "label": "1",
        "organization": "Hong Kong University of Science and Technology"
    },
    {
        "title": "Multi-query Optimization for Distributed Similarity Query Processing",
        "year": "2008",
        "authors": "Yi Zhuang,Qing Li,Lei Chen",
        "venue": "ICDCS",
        "id": "298258",
        "label": "1",
        "organization": "null"
    },
    {
        "title": "Learning from Aggregate Views",
        "year": "2006",
        "authors": "Bee-Chung Chen,Lei Chen,Raghu Ramakrishnan,David R. Musicant",
        "venue": "ICDE",
        "id": "299614",
        "label": "1",
        "organization": "University of Wisconsin"
    },
    {
        "title": "Multi-Scale Histograms for Answering Queries over Time Series Data",
        "year": "2004",
        "authors": "Lei Chen,M. Tamer Ozsu",
        "venue": "ICDE",
        "id": "299684",
        "label": "1",
        "organization": "null"
    },
    {
        "title": "Similarity Match Over High Speed Time-Series Streams",
        "year": "2007",
        "authors": "Xiang Lian,Lei Chen,Jeffrey Xu Yu,Guoren Wang,Ge Yu",
        "venue": "ICDE",
        "id": "301662",
        "label": "1",
        "organization": "null"
    },
    {
        "title": "A General Cost Model for Dimensionality Reduction in High Dimensional Spaces",
        "year": "2007",
        "authors": "Xiang Lian,Lei Chen",
        "venue": "ICDE",
        "id": "301707",
        "label": "1",
        "organization": "null"
    },
    {
        "title": "Detection of Shape Anomalies: A Probabilistic Approach Using Hidden Markov Models",
        "year": "2008",
        "authors": "Zheng Liu,Jeffrey Xu Yu,Lei Chen,Di Wu",
        "venue": "ICDE",
        "id": "301898",
        "label": "1",
        "organization": "Hong Kong University of Science and Technology. leichen@cs.ust.hk"
    },
    {
        "title": "Dominant Graph: An Efficient Indexing Structure to Answer Top-K Queries",
        "year": "2008",
        "authors": "Lei Zou,Lei Chen",
        "venue": "ICDE",
        "id": "302009",
        "label": "1",
        "organization": "Hong Kong University of Science and Technology, Clear Water Bay, Kowloon, Hong Kong. leichen@cse.ust.hk"
    },
    {
        "title": "Pattern Matching over Cloaked Time Series",
        "year": "2008",
        "authors": "Xiang Lian,Lei Chen,Jeffrey Xu Yu",
        "venue": "ICDE",
        "id": "302092",
        "label": "1",
        "organization": "Dept. of Computer Science and Engineering, Hong Kong University of Sci. and Tech., Clear Water Bay, Hong Kong, China. leichen@cse.ust.hk"
    },
    {
        "title": "Parallel Evaluation of Composite Aggregate Queries",
        "year": "2008",
        "authors": "Lei Chen,Christopher Olston,Raghu Ramakrishnan",
        "venue": "ICDE",
        "id": "302130",
        "label": "1",
        "organization": "Computer Sciences Department, University of Wisconsin - Madison, 1210 West Dayton Street, Madison, WI, 53705, USA. chenl@cs.wisc.edu"
    },
    {
        "title": "Similarity Search in Arbitrary Subspaces Under Lp-Norm",
        "year": "2008",
        "authors": "Xiang Lian,Lei Chen",
        "venue": "ICDE",
        "id": "302150",
        "label": "1",
        "organization": "Department of Computer Science and Engineering, Hong Kong University of Science and Technology, Clear Water Bay, Kowloon, Hong Kong, China. leichen@cse.ust.hk"
    },
    {
        "title": "STAIRS: Towards Efficient Full-Text Filtering and Dissemination in a DHT Environment",
        "year": "2009",
        "authors": "Weixiong Rao,Ada Wai-Chee Fu,Lei Chen,Hanhua Chen",
        "venue": "ICDE",
        "id": "302340",
        "label": "1",
        "organization": "null"
    },
    {
        "title": "A Concise Representation of Range Queries",
        "year": "2009",
        "authors": "Ke Yi,Xiang Lian,Feifei Li,Lei Chen",
        "venue": "ICDE",
        "id": "302357",
        "label": "1",
        "organization": "null"
    },
    {
        "title": "Max Regional Aggregate over Sensor Networks",
        "year": "2009",
        "authors": "Yongzhen Zhuang,Lei Chen",
        "venue": "ICDE",
        "id": "302453",
        "label": "1",
        "organization": "null"
    },
    {
        "title": "Continuous Subgraph Pattern Search over Graph Streams",
        "year": "2009",
        "authors": "Changliang Wang,Lei Chen",
        "venue": "ICDE",
        "id": "302457",
        "label": "1",
        "organization": "null"
    },
    {
        "title": "Mass Spectrum Labeling: Theory and Practice",
        "year": "2004",
        "authors": "Zheng Huang,Lei Chen,Jin-yi Cai,Deborah S. Gross,David R. Musicant,Raghu Ramakrishnan,James J. Schauer,Stephen J. Wright",
        "venue": "ICDM",
        "id": "302703",
        "label": "1",
        "organization": "null"
    },
    {
        "title": "Spotting Significant Changing Subgraphs in Evolving Graphs",
        "year": "2008",
        "authors": "Zheng Liu,Jeffrey Xu Yu,Yiping Ke,Xuemin Lin,Lei Chen",
        "venue": "ICDM",
        "id": "303625",
        "label": "1",
        "organization": "null"
    },
    {
        "title": "Feedforward Neural Networks without Orthonormalization",
        "year": "2007",
        "authors": "Lei Chen,Hung Keng Pung,Fei Long",
        "venue": "ICEIS (2)",
        "id": "307812",
        "label": "39",
        "organization": "null"
    },
    {
        "title": "Rule-based scene extraction from video",
        "year": "2002",
        "authors": "Lei Chen,M. Tamer Ozsu",
        "venue": "ICIP (2)",
        "id": "316911",
        "label": "1",
        "organization": "null"
    },
    {
        "title": "Network architecture to support QoS in mobile ad hoc networks",
        "year": "2004",
        "authors": "Lei Chen,Wendi Rabiner Heinzelman",
        "venue": "ICME",
        "id": "329890",
        "label": "17",
        "organization": "null"
    },
    {
        "title": "Mixed Type Audio Classification with Support Vector Machine",
        "year": "2006",
        "authors": "Lei Chen,Sule Gunduz,M. Tamer Ozsu",
        "venue": "ICME",
        "id": "332037",
        "label": "1",
        "organization": "null"
    },
    {
        "title": "Analog Error-Control Coding Based on Dimension-Expanding Shannon Mapping for Robust Image Communication",
        "year": "2007",
        "authors": "Zhe Wang,Xiaolin Zhang,Lei Chen",
        "venue": "ICME",
        "id": "332578",
        "label": "24",
        "organization": "null"
    },
    {
        "title": "Utilizing gestures to better understand dynamic structure of human communication",
        "year": "2004",
        "authors": "Lei Chen",
        "venue": "ICMI",
        "id": "333990",
        "label": "1",
        "organization": "Purdue University, West Lafayette, IN"
    },
    {
        "title": "Gesture Patterns during Speech Repairs",
        "year": "2002",
        "authors": "Lei Chen,Mary P. Harper,Francis K. H. Quek",
        "venue": "ICMI",
        "id": "333996",
        "label": "1",
        "organization": "Purdue University"
    },
    {
        "title": "Using maximum entropy (ME) model to incorporate gesture cues for SU detection",
        "year": "2006",
        "authors": "Lei Chen,Mary P. Harper,Zhongqiang Huang",
        "venue": "ICMI",
        "id": "334221",
        "label": "1",
        "organization": "Purdue University, West Lafayette, IN"
    },
    {
        "title": "Virtual Surrounding Face Geocasting with Guaranteed Message Delivery for Ad Hoc and Sensor Networks",
        "year": "2006",
        "authors": "Jie Lian,Kshirasagar Naik,Yunhao Liu,Lei Chen",
        "venue": "ICNP",
        "id": "338594",
        "label": "1",
        "organization": "Department of CSE, Hong Kong University of Science and Technology, Hong Kong. leichen@cse.ust.hk"
    },
    {
        "title": "A push-based prefetching for cooperative caching RAM Grid",
        "year": "2007",
        "authors": "Rui Chu,Nong Xiao,Lei Chen,Xicheng Lu",
        "venue": "ICPADS",
        "id": "341993",
        "label": "1",
        "organization": "Hong Kong University of Science and Technology, Hongkong, China"
    },
    {
        "title": "Collaborative Search in Large-scale Unstructured Peer-to-Peer Networks",
        "year": "2007",
        "authors": "Yiming Zhang,Dongsheng Li,Lei Chen,Xicheng Lu",
        "venue": "ICPP",
        "id": "344930",
        "label": "1",
        "organization": "Hong Kong University of Science and Technology, Hong Kong"
    },
    {
        "title": "Enhancing Edit Distance on Real Sequences Filters using Histogram Distance on Fixed Reference Ordering",
        "year": "2006",
        "authors": "Prima Chairunnanda,Vivekanand Gopalkrishnan,Lei Chen",
        "venue": "ICPR (3)",
        "id": "346257",
        "label": "1",
        "organization": "Hong Kong University of Science and Technology, Hong Kong, China"
    },
    {
        "title": "Inclusion Test Algorithms for One-Unambiguous Regular Expressions",
        "year": "2008",
        "authors": "Haiming Chen,Lei Chen",
        "venue": "ICTAC",
        "id": "366712",
        "label": "4",
        "organization": "State Key Laboratory of Computer Science, Institute of Software, Chinese Academy of Sciences, Beijing, China 100080"
    },
    {
        "title": "Building an Adaptive Multimedia System using the Utility Model",
        "year": "1999",
        "authors": "Lei Chen,Shahadat Khan,Kin F. Li,Eric G. Manning",
        "venue": "IPPS/SPDP Workshops",
        "id": "408532",
        "label": "5",
        "organization": "null"
    },
    {
        "title": "Continuous answering holistic queries over sensor networks",
        "year": "2008",
        "authors": "Kebin Liu,Lei Chen,Minglu Li,Yunhao Liu",
        "venue": "IPDPS",
        "id": "412596",
        "label": "1",
        "organization": "null"
    },
    {
        "title": "SenCast: Scalable multicast in wireless sensor networks",
        "year": "2008",
        "authors": "Shaoliang Peng,Shanshan Li,Lei Chen,Nong Xiao,Yuxing Peng",
        "venue": "IPDPS",
        "id": "412667",
        "label": "1",
        "organization": "null"
    },
    {
        "title": "Using Exact Locality Sensitive Mapping to Group and Detect Audio-Based Cover Songs",
        "year": "2008",
        "authors": "Yi Yu,J. Stephen Downie,Fabian Morchen,Lei Chen,Kazuki Joe",
        "venue": "ISM",
        "id": "437685",
        "label": "1",
        "organization": "null"
    },
    {
        "title": "End-to-end diagnosis of QoS violations with neural network",
        "year": "2008",
        "authors": "Lifeng Zhou,Lei Chen,Hung Keng Pung,Lek Heng Ngoh",
        "venue": "LCN",
        "id": "482754",
        "label": "39",
        "organization": "null"
    },
    {
        "title": "Design of Multiple Classifier Systems for Time Series Data",
        "year": "2005",
        "authors": "Lei Chen,Mohamed S. Kamel",
        "venue": "Multiple Classifier Systems",
        "id": "490957",
        "label": "1",
        "organization": "null"
    },
    {
        "title": "A Modular System for the Classification of Time Series Data",
        "year": "2004",
        "authors": "Lei Chen,Mohamed Kamel,Ju Jiang",
        "venue": "Multiple Classifier Systems",
        "id": "490959",
        "label": "1",
        "organization": "null"
    },
    {
        "title": "Noninvasive Temperature Monitoring in a Wide Range Based on Textures of Ultrasound Images",
        "year": "2006",
        "authors": "Su Zhang,Wei Yang,Rongqian Yang,Bo Ye,Lei Chen,Weiyin Ma,Yazhu Chen",
        "venue": "MIAR",
        "id": "495773",
        "label": "11",
        "organization": "null"
    },
    {
        "title": "Symbolic representation and retrieval of moving object trajectories",
        "year": "2004",
        "authors": "Lei Chen,M. Tamer Ozsu,Vincent Oria",
        "venue": "Multimedia Information Retrieval",
        "id": "500390",
        "label": "1",
        "organization": "null"
    },
    {
        "title": "Searching musical audio datasets by a batch of multi-variant tracks",
        "year": "2008",
        "authors": "Yi Yu,J. Stephen Downie,Lei Chen,Vincent Oria,Kazuki Joe",
        "venue": "Multimedia Information Retrieval",
        "id": "500613",
        "label": "1",
        "organization": "Hong Kong University of Science and Technology, Hong Kong, China"
    },
    {
        "title": "A Multi-Level Index Structure for Video Databases",
        "year": "2002",
        "authors": "Lei Chen,Vincent Oria,M. Tamer Ozsu",
        "venue": "Multimedia Information Systems",
        "id": "500735",
        "label": "1",
        "organization": "null"
    },
    {
        "title": "VACE Multimodal Meeting Corpus",
        "year": "2005",
        "authors": "Lei Chen,R. Rose,Ying Qiao,Irene Kimbara,Fey Parrill,Haleema Welji,Tony X. Han,Jilin Tu,Zhongqiang Huang,Mary P. Harper,Francis K. H. Quek,Yingen Xiong,David McNeill,Ronald Tuttle,Thomas S. Huang",
        "venue": "MLMI",
        "id": "501534",
        "label": "1",
        "organization": "null"
    },
    {
        "title": "A Multimodal Analysis of Floor Control in Meetings",
        "year": "2006",
        "authors": "Lei Chen,Mary P. Harper,Amy Franklin,R. Travis Rose,Irene Kimbara,Zhongqiang Huang,Francis K. H. Quek",
        "venue": "MLMI",
        "id": "501549",
        "label": "1",
        "organization": "null"
    },
    {
        "title": "COSIN: content-based retrieval system for cover songs",
        "year": "2008",
        "authors": "Yi Yu,J. Stephen Downie,Fabian Morchen,Lei Chen,Kazuki Joe,Vincent Oria",
        "venue": "ACM Multimedia",
        "id": "503883",
        "label": "1",
        "organization": "Hong Kong University of Science and Technology, Hong Kong, China"
    },
    {
        "title": "Modeling Video Data for Content Based Queries: Extending the DISIMA Image Data Model",
        "year": "2003",
        "authors": "Lei Chen,M. Tamer Ozsu,Vincent Oria",
        "venue": "MMM",
        "id": "504593",
        "label": "1",
        "organization": "null"
    },
    {
        "title": "Performance comparisons of power allocation mechanisms for downlink handoff in the WCDMA system with microcellular environments",
        "year": "2003",
        "authors": "Li-Chun Wang,Ming-Chun Chiang,Lei Chen,Chung-Ju Chang,Ching Yu Liao",
        "venue": "MSWiM",
        "id": "509675",
        "label": "14",
        "organization": "National Chiao Tung University, Taiwan"
    },
    {
        "title": "Incorporating Gesture and Gaze into Multimodal Models of Human-to-Human Communication",
        "year": "2006",
        "authors": "Lei Chen",
        "venue": "HLT-NAACL",
        "id": "511166",
        "label": "1",
        "organization": "null"
    },
    {
        "title": "Flexible Routing in Grouped DHTs",
        "year": "2008",
        "authors": "Yiming Zhang,Dongsheng Li,Lei Chen,Xicheng Lu",
        "venue": "Peer-to-Peer Computing",
        "id": "525579",
        "label": "1",
        "organization": "null"
    },
    {
        "title": "Mining Frequent Trajectory Patterns for Activity Monitoring Using Radio Frequency Tag Arrays",
        "year": "2007",
        "authors": "Yunhao Liu,Lei Chen,Jian Pei,Qiuxia Chen,Yiyang Zhao",
        "venue": "PerCom",
        "id": "538900",
        "label": "1",
        "organization": "Hong Kong University of Science and Technology, Hong Kong"
    },
    {
        "title": "Cost-Based Labeling of Groups of Mass Spectra",
        "year": "2004",
        "authors": "Lei Chen,Zheng Huang,Raghu Ramakrishnan",
        "venue": "SIGMOD Conference",
        "id": "598359",
        "label": "1",
        "organization": "null"
    },
    {
        "title": "Robust and Fast Similarity Search for Moving Object Trajectories",
        "year": "2005",
        "authors": "Lei Chen,M. Tamer Ozsu,Vincent Oria",
        "venue": "SIGMOD Conference",
        "id": "598365",
        "label": "1",
        "organization": "null"
    },
    {
        "title": "Contour map matching for event detection in sensor networks",
        "year": "2006",
        "authors": "Wenwei Xue,Qiong Luo,Lei Chen,Yunhao Liu",
        "venue": "SIGMOD Conference",
        "id": "599983",
        "label": "1",
        "organization": "Hong Kong University of Science and Technology, Clear Water Bay, Kowloon, Hong Kong"
    },
    {
        "title": "Monochromatic and bichromatic reverse skyline search over uncertain databases",
        "year": "2008",
        "authors": "Xiang Lian,Lei Chen",
        "venue": "SIGMOD Conference",
        "id": "600307",
        "label": "1",
        "organization": "Hong Kong University of Science and Technology, Kowloon, Hong Kong"
    },
    {
        "title": "Reinforcement learning and aggregation",
        "year": "2004",
        "authors": "Ju Jiang,Mohamed S. Kamel,Lei Chen",
        "venue": "SMC (2)",
        "id": "606891",
        "label": "1",
        "organization": "null"
    },
    {
        "title": "A new design of multiple classifier system and its application to the classification of time series data",
        "year": "2007",
        "authors": "Lei Chen,Mohamed S. Kamel",
        "venue": "SMC",
        "id": "607605",
        "label": "1",
        "organization": "null"
    },
    {
        "title": "Using Multi-Scale Histograms to Answer Pattern Existence and Shape Match Queries",
        "year": "2005",
        "authors": "Lei Chen,M. Tamer Ozsu,Vincent Oria",
        "venue": "SSDBM",
        "id": "617782",
        "label": "1",
        "organization": "null"
    },
    {
        "title": "Efficient Methods on Predictions for Similarity Search over Stream Time Series",
        "year": "2006",
        "authors": "Xiang Lian,Lei Chen",
        "venue": "SSDBM",
        "id": "618414",
        "label": "1",
        "organization": "Hong Kong University of Science and Technology"
    },
    {
        "title": "Composite Subset Measures",
        "year": "2006",
        "authors": "Lei Chen,Raghu Ramakrishnan,Paul Barford,Bee-Chung Chen,Vinod Yegneswaran",
        "venue": "VLDB",
        "id": "641791",
        "label": "1",
        "organization": "null"
    },
    {
        "title": "On The Marriage of Lp-norms and Edit Distance",
        "year": "2004",
        "authors": "Lei Chen,Raymond T. Ng",
        "venue": "VLDB",
        "id": "642233",
        "label": "1",
        "organization": "null"
    },
    {
        "title": "Prediction Cubes",
        "year": "2005",
        "authors": "Bee-Chung Chen,Lei Chen,Yi Lin,Raghu Ramakrishnan",
        "venue": "VLDB",
        "id": "642352",
        "label": "1",
        "organization": "null"
    },
    {
        "title": "Indexable PLA for Efficient Similarity Search",
        "year": "2007",
        "authors": "Qiuxia Chen,Lei Chen,Xiang Lian,Yunhao Liu,Jeffrey Xu Yu",
        "venue": "VLDB",
        "id": "644133",
        "label": "1",
        "organization": "null"
    },
    {
        "title": "Efficient multi-keyword search over p2p web",
        "year": "2008",
        "authors": "Hanhua Chen,Hai Jin,Jiliang Wang,Lei Chen,Yunhao Liu,Lionel M. Ni",
        "venue": "WWW",
        "id": "675471",
        "label": "1",
        "organization": "Hong Kong University of Science and Technology, Hong Kong, Hong Kong"
    },
    {
        "title": "Parameterized Freeform Shape Design and Deformation",
        "year": "2007",
        "authors": "Hongzheng Liu,Lei Chen,Xiuzi Ye,Xiang Pan,Qiuer Xu",
        "venue": "MUE",
        "id": "691930",
        "label": "9",
        "organization": "null"
    },
    {
        "title": "Design of an Intelligent Controller for a Model Helicopter Using Neuro-Predictive Method with Fuzzy Compensation",
        "year": "2007",
        "authors": "Morteza Mohammadzaheri,Lei Chen",
        "venue": "World Congress on Engineering",
        "id": "710332",
        "label": "29",
        "organization": "null"
    },
    {
        "title": "Testing Technology of Torsional Vibration Spring Static Stiffness",
        "year": "2008",
        "authors": "Zhengfeng Jiang,Shaobo Xu,Lei Chen",
        "venue": "ICIRA (2)",
        "id": "722418",
        "label": "27",
        "organization": "School of Mechanical and Electronic Engineering, Wuhan University of Technology, Wuhan, China 430070"
    },
    {
        "title": "Study of Coupling Based on Genetic Neural Network Multivariable Nonlinear Complex System",
        "year": "2008",
        "authors": "Ruikun Gong,Jingyuan Li,Lei Chen",
        "venue": "CSSE (1)",
        "id": "728737",
        "label": "28",
        "organization": "null"
    },
    {
        "title": "Efficient Type Checking for a Subclass of Regular Expression Types",
        "year": "2008",
        "authors": "Lei Chen,Haiming Chen",
        "venue": "ICYCS",
        "id": "730268",
        "label": "4",
        "organization": "null"
    },
    {
        "title": "Cooperative Spectrum Sensing with Multi-Bits Local Sensing Decisions in Cognitive Radio Context",
        "year": "2008",
        "authors": "Lei Chen,Jun Wang,Shaoqian Li",
        "venue": "WCNC",
        "id": "735272",
        "label": "25",
        "organization": "null"
    },
    {
        "title": "Convergence analysis of convex incremental neural networks",
        "year": "2008",
        "authors": "Lei Chen,Hung Keng Pung",
        "venue": "Ann. Math. Artif. Intell.",
        "id": "752082",
        "label": "39",
        "organization": "Network Systems and Service Lab., Department of Computer Science, National University of Singapore, Kent Ridge, Singapore"
    },
    {
        "title": "Free-space nano-optical devices and integration: Design, fabrication, and manufacturing",
        "year": "2005",
        "authors": "Jian Jim Wang,Xuegong Deng,Lei Chen,Paul F. Sciortino Jr,Feng Liu,Stephen Tai,Xiaoming Liu,Anguel Nikolov,Barry J. Weinbaum",
        "venue": "Bell Labs Technical Journal",
        "id": "762078",
        "label": "36",
        "organization": "null"
    },
    {
        "title": "Reverse innovative design - an integrated product design methodology",
        "year": "2008",
        "authors": "Xiuzi Ye,Hongzheng Liu,Lei Chen,Zhiyang Chen,Xiang Pan,Sanyuan Zhang",
        "venue": "Computer-Aided Design",
        "id": "779908",
        "label": "9",
        "organization": "null"
    },
    {
        "title": "Discovering Matching Dependencies",
        "year": "2009",
        "authors": "Shaoxu Song,Lei Chen",
        "venue": "CoRR",
        "id": "830241",
        "label": "1",
        "organization": "null"
    },
    {
        "title": "Extremal problems on consecutive L(2, 1)-labelling",
        "year": "2007",
        "authors": "Changhong Lu,Lei Chen,Mingqing Zhai",
        "venue": "Discrete Applied Mathematics",
        "id": "838593",
        "label": "34",
        "organization": "Department of Mathematics, East China Normal University, Shanghai 200062, PR China"
    },
    {
        "title": "Aggregation of Multiple Reinforcement Learning Algorithms",
        "year": "2006",
        "authors": "Ju Jiang,Mohamed S. Kamel,Lei Chen",
        "venue": "International Journal on Artificial Intelligence Tools",
        "id": "903096",
        "label": "1",
        "organization": "null"
    },
    {
        "title": "The EDAM project: Mining atmospheric aerosol datasets",
        "year": "2005",
        "authors": "Raghu Ramakrishnan,James J. Schauer,Lei Chen,Zheng Huang,Martin M. Shafer,Deborah S. Gross",
        "venue": "Int. J. Intell. Syst.",
        "id": "910790",
        "label": "1",
        "organization": "null"
    },
    {
        "title": "A unified SWSI-KAMs framework and performance evaluation on face recognition",
        "year": "2005",
        "authors": "Songcan Chen,Lei Chen,Zhi-Hua Zhou",
        "venue": "Neurocomputing",
        "id": "915556",
        "label": "32",
        "organization": "Department of Computer Science & Engineering, Nanjing University of Aeronautics & Astronautics, 29 Yudao Street, Nanjing 210016, China"
    },
    {
        "title": "Convex incremental extreme learning machine",
        "year": "2007",
        "authors": "Guang-Bin Huang,Lei Chen",
        "venue": "Neurocomputing",
        "id": "917837",
        "label": "39",
        "organization": "null"
    },
    {
        "title": "Incremental extreme learning machine with fully complex hidden nodes",
        "year": "2008",
        "authors": "Guang-Bin Huang,Ming-Bin Li,Lei Chen,Chee Kheong Siew",
        "venue": "Neurocomputing",
        "id": "918100",
        "label": "39",
        "organization": "School of Computing, National University of Singapore, 3 Science Drive 2, Singapore 117543, Singapore"
    },
    {
        "title": "Systemical convergence rate analysis of convex incremental feedforward neural networks",
        "year": "2009",
        "authors": "Lei Chen,Guang-Bin Huang,Hung Keng Pung",
        "venue": "Neurocomputing",
        "id": "918258",
        "label": "39",
        "organization": "Network Systems and Service Lab, Department of Computer Science, National University of Singapore, Singapore"
    },
    {
        "title": "Continually Answering Constraint k - NN Queries in Unstructured P2P Systems",
        "year": "2008",
        "authors": "Bin Wang,Xiaochun Yang,Guoren Wang,Ge Yu,Lei Chen,Xiaoyang Sean Wang,Xuemin Lin",
        "venue": "J. Comput. Sci. Technol.",
        "id": "974156",
        "label": "1",
        "organization": "null"
    },
    {
        "title": "Scalable Base-Station Model-Based Multicast in Wireless Sensor Networks",
        "year": "2008",
        "authors": "Shaoliang Peng,Shan-Shan Li,Lei Chen,Yuxing Peng,Nong Xiao",
        "venue": "J. Comput. Sci. Technol.",
        "id": "974207",
        "label": "1",
        "organization": "null"
    },
    {
        "title": "QoS-aware routing based on bandwidth estimation for mobile ad hoc networks",
        "year": "2005",
        "authors": "Lei Chen,Wendi Rabiner Heinzelman",
        "venue": "IEEE Journal on Selected Areas in Communications",
        "id": "992850",
        "label": "17",
        "organization": "null"
    },
    {
        "title": "Analyzing software science data with partial repeatability",
        "year": "2002",
        "authors": "Kai-Yuan Cai,Lei Chen",
        "venue": "Journal of Systems and Software",
        "id": "995819",
        "label": "38",
        "organization": "Department of Automatic Control, Beijing University of Aeronautics and Astronautics, Beijing 100083, China"
    },
    {
        "title": "MINDEX: An efficient index structure for salient-object-based queries in video databases",
        "year": "2004",
        "authors": "Lei Chen,M. Tamer Ozsu,Vincent Oria",
        "venue": "Multimedia Syst.",
        "id": "1011124",
        "label": "1",
        "organization": "null"
    },
    {
        "title": "Robust and Efficient Aggregate Query Processing in Wireless Sensor Networks",
        "year": "2008",
        "authors": "Kebin Liu,Lei Chen,Yunhao Liu,Minglu Li",
        "venue": "MONET",
        "id": "1013067",
        "label": "1",
        "organization": "null"
    },
    {
        "title": "A Survey of Routing Protocols that Support QoS in Mobile Ad Hoc Networks",
        "year": "2007",
        "authors": "Lei Chen,Wendi B. Heinzelman",
        "venue": "IEEE Network",
        "id": "1024162",
        "label": "3",
        "organization": "null"
    },
    {
        "title": "Distance-Based Sparse Associative Memory Neural Network Algorithm for Pattern Recognition",
        "year": "2006",
        "authors": "Lei Chen,Songcan Chen",
        "venue": "Neural Processing Letters",
        "id": "1028332",
        "label": "32",
        "organization": "Aff1 Aff2"
    },
    {
        "title": "Universal Approximation and QoS Violation Application of Extreme Learning Machine",
        "year": "2008",
        "authors": "Lei Chen,Lifeng Zhou,Hung Keng Pung",
        "venue": "Neural Processing Letters",
        "id": "1028463",
        "label": "39",
        "organization": "Network Systems and Service Lab, Department of Computer Science, National University of Singapore, Singapore, Singapore"
    },
    {
        "title": "A combination of linear and nonlinear activation functions in neural networks for modeling a de-superheater",
        "year": "2009",
        "authors": "Morteza Mohammadzaheri,Lei Chen,Ali Ghaffari,John Willison",
        "venue": "Simulation Modelling Practice and Theory",
        "id": "1069057",
        "label": "29",
        "organization": "null"
    },
    {
        "title": "Interactive high-dimensional index for large Chinese calligraphic character databases",
        "year": "2007",
        "authors": "Yi Zhuang,Yueting Zhuang,Qing Li,Lei Chen",
        "venue": "ACM Trans. Asian Lang. Inf. Process.",
        "id": "1077482",
        "label": "1",
        "organization": "Hong Kong University of Science and Technology, HKSAR, P.R.China"
    },
    {
        "title": "Near-Shannon-limit quasi-cyclic low-density parity-check codes",
        "year": "2004",
        "authors": "Lei Chen,Jun Xu,Ivana Djurdjevic,Shu Lin",
        "venue": "IEEE Transactions on Communications",
        "id": "1087222",
        "label": "2",
        "organization": "Dept. of Electr. & Comput. Eng., Univ. of California, Davis, CA, USA"
    },
    {
        "title": "Efficient Encoding of Quasi-Cyclic Low-Density Parity-Check Codes",
        "year": "2005",
        "authors": "Zongwang Li,Lei Chen,Lingqi Zeng,Shu Lin,Wai H. Fong",
        "venue": "IEEE Transactions on Communications",
        "id": "1087408",
        "label": "2",
        "organization": "null"
    },
    {
        "title": "Efficient encoding of quasi-cyclic low-density parity-check codes",
        "year": "2006",
        "authors": "Zongwang Li,Lei Chen,Lingqi Zeng,Shu Lin,Wai H. Fong",
        "venue": "IEEE Transactions on Communications",
        "id": "1087525",
        "label": "2",
        "organization": "null"
    },
    {
        "title": "Construction of low-density parity-check codes by superposition",
        "year": "2005",
        "authors": "Jun Xu,Lei Chen,Lingqi Zeng,Lan Lan,Shu Lin",
        "venue": "IEEE Transactions on Communications",
        "id": "1087916",
        "label": "2",
        "organization": "Dept. of Electr. & Comput. Eng., Univ. of California, Davis, CA, USA"
    },
    {
        "title": "Construction of Regular and Irregular LDPC Codes: Geometry Decomposition and Masking",
        "year": "2007",
        "authors": "Jun Xu,Lei Chen,Ivana Djurdjevic,Shu Lin,Khaled A. S. Abdel-Ghaffar",
        "venue": "IEEE Transactions on Information Theory",
        "id": "1110111",
        "label": "2",
        "organization": "Marvell Semicond., Sunnyvale, CA"
    },
    {
        "title": "Construction of Quasi-Cyclic LDPC Codes for AWGN and Binary Erasure Channels: A Finite Field Approach",
        "year": "2007",
        "authors": "Lan Lan,Lingqi Zeng,Ying Yu Tai,Lei Chen,Shu Lin,Khaled A. S. Abdel-Ghaffar",
        "venue": "IEEE Transactions on Information Theory",
        "id": "1110375",
        "label": "2",
        "organization": "Keyeye Commun., Sacramento"
    },
    {
        "title": "Maximal Subspace Coregulated Gene Clustering",
        "year": "2008",
        "authors": "Yuhai Zhao,Jeffrey Xu Yu,Guoren Wang,Lei Chen,Bin Wang,Ge Yu",
        "venue": "IEEE Trans. Knowl. Data Eng.",
        "id": "1113895",
        "label": "1",
        "organization": "null"
    },
    {
        "title": "Efficient Similarity Search in Nonmetric Spaces with Local Constant Embedding",
        "year": "2008",
        "authors": "Lei Chen,Xiang Lian",
        "venue": "IEEE Trans. Knowl. Data Eng.",
        "id": "1113915",
        "label": "1",
        "organization": "null"
    },
    {
        "title": "Efficient Similarity Search over Future Stream Time Series",
        "year": "2008",
        "authors": "Xiang Lian,Lei Chen",
        "venue": "IEEE Trans. Knowl. Data Eng.",
        "id": "1113964",
        "label": "1",
        "organization": "null"
    },
    {
        "title": "Probabilistic Group Nearest Neighbor Queries in Uncertain Databases",
        "year": "2008",
        "authors": "Xiang Lian,Lei Chen",
        "venue": "IEEE Trans. Knowl. Data Eng.",
        "id": "1114062",
        "label": "1",
        "organization": "null"
    },
    {
        "title": "Nonthreshold-Based Event Detection for 3D Environment Monitoring in Sensor Networks",
        "year": "2008",
        "authors": "Mo Li,Yunhao Liu,Lei Chen",
        "venue": "IEEE Trans. Knowl. Data Eng.",
        "id": "1114136",
        "label": "1",
        "organization": "Hong Kong University of Science and Technology, Hong Kong"
    },
    {
        "title": "OPHMR: An Optimized Polymorphic Hybrid Multicast Routing Protocol for MANET",
        "year": "2007",
        "authors": "Adel Ben Mnaouer,Lei Chen,Chuan Heng Foh,Juki Wirawan Tantra",
        "venue": "IEEE Trans. Mob. Comput.",
        "id": "1114296",
        "label": "13",
        "organization": "null"
    },
    {
        "title": "Virtual surrounding face geocasting in wireless ad hoc and sensor networks",
        "year": "2009",
        "authors": "Jie Lian,Yunhao Liu,Kshirasagar Naik,Lei Chen",
        "venue": "IEEE/ACM Trans. Netw.",
        "id": "1123153",
        "label": "1",
        "organization": "Computer Science Department, Hong Kong University of Science and Technology, Hong Kong, China"
    },
    {
        "title": "Gradient Boundary Detection for Time Series Snapshot Construction in Sensor Networks",
        "year": "2007",
        "authors": "Jie Lian,Lei Chen,Kshirasagar Naik,Yunhao Liu,Gordon B. Agnew",
        "venue": "IEEE Trans. Parallel Distrib. Syst.",
        "id": "1126195",
        "label": "1",
        "organization": "null"
    },
    {
        "title": "Universal approximation using incremental constructive feedforward networks with random hidden nodes",
        "year": "2006",
        "authors": "Guang-Bin Huang,Lei Chen,Chee Kheong Siew",
        "venue": "IEEE Transactions on Neural Networks",
        "id": "1174391",
        "label": "39",
        "organization": "null"
    },
    {
        "title": "Sliding-window top-k queries on uncertain streams",
        "year": "2008",
        "authors": "Cheqing Jin,Ke Yi,Lei Chen,Jeffrey Xu Yu,Xuemin Lin",
        "venue": "PVLDB",
        "id": "1186012",
        "label": "1",
        "organization": "Hong Kong University of Science and Technology, Hong Kong, China"
    },
    {
        "title": "Privacy preserving serial data publishing by role composition",
        "year": "2008",
        "authors": "Yingyi Bu,Ada Wai-Chee Fu,Raymond Chi-Wing Wong,Lei Chen,Jiuyong Li",
        "venue": "PVLDB",
        "id": "1186026",
        "label": "1",
        "organization": "Hong Kong University of Science and Technology"
    },
    {
        "title": "BBS: An Energy Efficient Localized Routing Scheme for Query Processing in Wireless Sensor Networks",
        "year": "2006",
        "authors": "Jie Lian,Kshirasagar Naik,Gordon B. Agnew,Lei Chen,M. Tamer Ozsu",
        "venue": "IJDSN",
        "id": "1186837",
        "label": "1",
        "organization": "null"
    },
    {
        "title": "Efficient anomaly monitoring over moving object trajectory streams",
        "year": "2009",
        "authors": "Yingyi Bu,Lei Chen,Ada Wai-Chee Fu,Dawei Liu",
        "venue": "KDD",
        "id": "1212386",
        "label": "1",
        "organization": "Hong Kong University of Science and Technology, Hong Kong, Hong Kong"
    },
    {
        "title": "Fine-Grained Power Gating Based on the Controlling Value of Logic Elements",
        "year": "2008",
        "authors": "Lei Chen,Takashi Horiyama,Yuichi Nakamura,Shinji Kimura",
        "venue": "IEICE Transactions",
        "id": "1224400",
        "label": "10",
        "organization": "null"
    },
    {
        "title": "A generalized adaptive ensemble generation and aggregation approach for multiple classifier systems",
        "year": "2009",
        "authors": "Lei Chen,Mohamed S. Kamel",
        "venue": "Pattern Recognition",
        "id": "1226965",
        "label": "1",
        "organization": "Department of Electrical and Computer Engineering, University of Waterloo, 200 University Avenue West, Waterloo, Ontario, Canada N2L 3G1"
    },
    {
        "title": "Efficient processing of probabilistic reverse nearest neighbor queries over uncertain data",
        "year": "2009",
        "authors": "Xiang Lian,Lei Chen",
        "venue": "VLDB J.",
        "id": "1228058",
        "label": "1",
        "organization": "Department of Computer Science and Engineering, The Hong Kong University of Science and Technology, Kowloon, Hong Kong, China"
    },
    {
        "title": "Efficient join processing on uncertain data streams",
        "year": "2009",
        "authors": "Xiang Lian,Lei Chen",
        "venue": "CIKM",
        "id": "1239403",
        "label": "1",
        "organization": "The Hong Kong University of Science and Technology, Hong Kong, Hong Kong"
    },
    {
        "title": "Effective XML content and structure retrieval with relevance ranking",
        "year": "2009",
        "authors": "Xiping Liu,Changxuan Wan,Lei Chen",
        "venue": "CIKM",
        "id": "1239466",
        "label": "1",
        "organization": "Hong Kong University of Science and Technology, Hong Kong, Hong Kong"
    },
    {
        "title": "Discovering matching dependencies",
        "year": "2009",
        "authors": "Shaoxu Song,Lei Chen",
        "venue": "CIKM",
        "id": "1239474",
        "label": "1",
        "organization": "Hong Kong University of Science and Technology, Clear Water Bay, Hong Kong"
    },
    {
        "title": "Gender Recognition from Gait Using Radon Transform and Relevant Component Analysis",
        "year": "2009",
        "authors": "Lei Chen,Yunhong Wang,Yiding Wang,De Zhang",
        "venue": "ICIC (1)",
        "id": "1247382",
        "label": "12",
        "organization": "null"
    },
    {
        "title": "Multimodal floor control shift detection",
        "year": "2009",
        "authors": "Lei Chen,Mary P. Harper",
        "venue": "ICMI",
        "id": "1247961",
        "label": "1",
        "organization": "Purdue University, West Lafayette, IN, USA"
    },
    {
        "title": "Local summarization and multi-level LSH for retrieving multi-variant audio tracks",
        "year": "2009",
        "authors": "Yi Yu,Michel Crucianu,Vincent Oria,Lei Chen",
        "venue": "ACM Multimedia",
        "id": "1253152",
        "label": "1",
        "organization": "Hong Kong University of Science and Technology, Hong Kong, China"
    },
    {
        "title": "Auction-Based Congestion Management for Target Tracking in Wireless Sensor Networks",
        "year": "2009",
        "authors": "Lei Chen,Boleslaw K. Szymanski,Joel W. Branch",
        "venue": "PerCom",
        "id": "1254288",
        "label": "26",
        "organization": "null"
    },
    {
        "title": "Fast algorithm for large-scale UMTS coverage planning with soft handover consideration",
        "year": "2009",
        "authors": "Lei Chen,Di Yuan",
        "venue": "IWCMC",
        "id": "1259035",
        "label": "20",
        "organization": "Link ping University, Norrk ping"
    },
    {
        "title": "Equivalent Relationship of Feedforward Neural Networks and Real-Time Face Detection System",
        "year": "2009",
        "authors": "Shuzhi Sam Ge,Yaozhang Pan,Qun Zhang,Lei Chen",
        "venue": "Foundations and Trends in Robotics",
        "id": "1261933",
        "label": "39",
        "organization": "Social Robotics Lab, Interactive and Digital Media Institute, Department of Electrical and Computer Engineering, National University of Singapore 117576"
    },
    {
        "title": "Hybrid Neuro-Predictive-Fuzzy Algorithm for a Model Helicopter's Yaw Angle Control",
        "year": "2008",
        "authors": "Morteza Mohammadzaheri,Lei Chen",
        "venue": "Engineering Letters",
        "id": "1271005",
        "label": "29",
        "organization": "null"
    },
    {
        "title": "A linear-time algorithm for paired-domination problem in strongly chordal graphs",
        "year": "2009",
        "authors": "Lei Chen,Changhong Lu,Zhenbing Zeng",
        "venue": "Inf. Process. Lett.",
        "id": "1276259",
        "label": "34",
        "organization": "Shanghai Key Laboratory of Trustworthy Computing, East China Normal University, Shanghai, 200062, PR China"
    },
    {
        "title": "General Cost Models for Evaluating Dimensionality Reduction in High-Dimensional Spaces",
        "year": "2009",
        "authors": "Xiang Lian,Lei Chen",
        "venue": "IEEE Trans. Knowl. Data Eng.",
        "id": "1281923",
        "label": "1",
        "organization": "Hong Kong University of Science and Technology, Hong Kong"
    },
    {
        "title": "Efficient Processing of Metric Skyline Queries",
        "year": "2009",
        "authors": "Lei Chen,Xiang Lian",
        "venue": "IEEE Trans. Knowl. Data Eng.",
        "id": "1281929",
        "label": "1",
        "organization": "Hong Kong University of Science and Technology, Hong Kong"
    },
    {
        "title": "Multiscale Representations for Fast Pattern Matching in Stream Time Series",
        "year": "2009",
        "authors": "Xiang Lian,Lei Chen,Jeffrey Xu Yu,Jinsong Han,Jian Ma",
        "venue": "IEEE Trans. Knowl. Data Eng.",
        "id": "1281976",
        "label": "1",
        "organization": "Hong Kong University of Science and Technology, Hong Kong"
    },
    {
        "title": "Efficient Similarity Join over Multiple Stream Time Series",
        "year": "2009",
        "authors": "Xiang Lian,Lei Chen",
        "venue": "IEEE Trans. Knowl. Data Eng.",
        "id": "1281999",
        "label": "1",
        "organization": "Hong Kong University of Science and Technology, Hong Kong"
    },
    {
        "title": "K-Automorphism: A General Framework For Privacy Preserving Network Publication",
        "year": "2009",
        "authors": "Lei Zou,Lei Chen,M. Tamer Ozsu",
        "venue": "PVLDB",
        "id": "1286977",
        "label": "1",
        "organization": "null"
    },
    {
        "title": "DistanceJoin: Pattern Match Query In a Large Graph Database",
        "year": "2009",
        "authors": "Lei Zou,Lei Chen,M. Tamer Ozsu",
        "venue": "PVLDB",
        "id": "1287003",
        "label": "1",
        "organization": "null"
    },
    {
        "title": "Curse of Dimensionality",
        "year": "2009",
        "authors": "Lei Chen",
        "venue": "Theory of Computing Systems",
        "id": "1297128",
        "label": "23",
        "organization": "null"
    },
    {
        "title": "Two-Dimensional Shape Retrieval",
        "year": "2009",
        "authors": "Lei Chen",
        "venue": "Theory of Computing Systems",
        "id": "1299267",
        "label": "22",
        "organization": "null"
    },
    {
        "title": "Video Content Modeling",
        "year": "2009",
        "authors": "Lei Chen",
        "venue": "Theory of Computing Systems",
        "id": "1299532",
        "label": "22",
        "organization": "null"
    },
    {
        "title": "Research of Blind Images Separation Algorithm Based on Kernel Space.",
        "year": "2009",
        "authors": "Lei Chen,Liyi Zhang,Yanju Guo,Ting Liu",
        "venue": "null",
        "id": "1306330",
        "label": "19",
        "organization": "null"
    },
    {
        "title": "An Interference Free Data Aggregation Protocol for Clustered Wireless Sensor Networks.",
        "year": "2008",
        "authors": "Lei Chen,Bao-Hua Zhao",
        "venue": "null",
        "id": "1312231",
        "label": "37",
        "organization": "null"
    },
    {
        "title": "Stereo Vision Based Floor Plane Extraction and Camera Pose Estimation.",
        "year": "2009",
        "authors": "Lei Chen,Zhongli Wang,Yunde Jia",
        "venue": "null",
        "id": "1312676",
        "label": "27",
        "organization": "Beijing Laboratory of Intelligent Information Technology, School of Computer Science, Beijing Institute of Technology, Beijing, P.R. China 100081"
    },
    {
        "title": "Distance paired-domination problems on subclasses of chordal graphs.",
        "year": "2009",
        "authors": "Lei Chen,Changhong Lu,Zhenbing Zeng",
        "venue": "Theor. Comput. Sci.",
        "id": "1343040",
        "label": "34",
        "organization": "Shanghai Key Laboratory of Trustworthy Computing, East China Normal University, Shanghai, 200062, China"
    },
    {
        "title": "Hardness results and approximation algorithms for (weighted) paired-domination in graphs.",
        "year": "2009",
        "authors": "Lei Chen,Changhong Lu,Zhenbing Zeng",
        "venue": "Theor. Comput. Sci.",
        "id": "1343060",
        "label": "34",
        "organization": "Shanghai Key Laboratory of Trustworthy Computing, East China Normal University, Shanghai, 200062, China"
    },
    {
        "title": "Research on Distributed Data Mining Tool Used in Control System",
        "year": "2009",
        "authors": "Yuekun Ma,Zhigang Li,Shuli Yu,Lei Chen",
        "venue": "Proceedings of the 2009 International Conference on Advanced Computer Control",
        "id": "1391860",
        "label": "28",
        "organization": "null"
    },
    {
        "title": "The EDAM project: Mining atmospheric aerosol datasets: Research Articles",
        "year": "2005",
        "authors": "Raghu Ramakrishnan,James J. Schauer,Lei Chen,Zheng Huang,Martin M. Shafer,Deborah S. Gross,David R. Musicant",
        "venue": "International Journal of Intelligent Systems",
        "id": "1411192",
        "label": "1",
        "organization": "Computer Sciences Department, University of Wisconsin-Madison, Madison, WI 53706, USA"
    },
    {
        "title": "Letters: Convex incremental extreme learning machine",
        "year": "2007",
        "authors": "Guang-Bin Huang,Lei Chen",
        "venue": "Neurocomputing",
        "id": "1581648",
        "label": "39",
        "organization": "School of Electrical and Electronic Engineering, Nanyang Technological University, Nanyang Avenue, Singapore 639798, Singapore and School of Computing, National University of Singapore, 3 Science Drive 2, Singapore 117543, Singapore"
    },
    {
        "title": "Proceedings of the APWeb/WAIM 2007 DBMAN, WebETrends, PAIS and ASWAN international workshops on Advances in Web and Network Technologies, and Information Management",
        "year": "2007",
        "authors": "Kevin Chen-Chuan Chang,Wei Wang,Lei Chen,Clarence A. Ellis,Ching-Hsien Hsu,Ah Chung Tsoi,Haixun Wang",
        "venue": "Lecture Notes In Computer Science; Vol. 4537",
        "id": "1589919",
        "label": "1",
        "organization": "null"
    },
    {
        "title": "Tracking Articulated Hand Underlying Graphical Model with Depth Cue",
        "year": "2008",
        "authors": "Tangli Liu,Wei Liang,Xinxiao Wu,Lei Chen",
        "venue": "Proceedings of the 2008 Congress on Image and Signal Processing, Vol. 4 - Volume 04",
        "id": "1594862",
        "label": "33",
        "organization": "null"
    },
    {
        "title": "Enhanced random search based incremental extreme learning machine",
        "year": "2008",
        "authors": "Guang-Bin Huang,Lei Chen",
        "venue": "Neurocomputing",
        "id": "1595097",
        "label": "39",
        "organization": "School of Electrical and Electronic Engineering, Nanyang Technological University, Nanyang Avenue, Singapore 639798, Singapore and School of Computing, National University of Singapore, 3 Science Drive 2, Singapore 117543, Singapore"
    },
    {
        "title": "A TCP Based Performance Test Method and Its Application",
        "year": "2008",
        "authors": "Lei Chen,Lu Lu",
        "venue": "Proceedings of the 2008 Second International Conference on Genetic and Evolutionary Computing",
        "id": "1600371",
        "label": "30",
        "organization": "null"
    },
    {
        "title": "Automatic scoring of children's read-aloud text passages and word lists",
        "year": "2009",
        "authors": "Klaus Zechner,John Sabatini,Lei Chen",
        "venue": "Proceedings of the Fourth Workshop on Innovative Use of NLP for Building Educational Applications",
        "id": "1649401",
        "label": "31",
        "organization": "Educational Testing Service, Princeton, NJ"
    },
    {
        "title": "Improved pronunciation features for construct-driven assessment of non-native spontaneous speech",
        "year": "2009",
        "authors": "Lei Chen,Klaus Zechner,Xiaoming Xi",
        "venue": "Proceedings of Human Language Technologies: The 2009 Annual Conference of the North American Chapter of the Association for Computational Linguistics",
        "id": "1650019",
        "label": "31",
        "organization": "Educational Testing Service, Princeton, NJ"
    },
    {
        "title": "Research on Telerobotic System Based on ARM Core Processor",
        "year": "2009",
        "authors": "Xiaojun Zhao,Mingwei Ren,Yunfei Li,Haixia Su,Lei Chen,Fei Wang",
        "venue": "Proceedings of the 2009 WRI Global Congress on Intelligent Systems - Volume 01",
        "id": "1650044",
        "label": "35",
        "organization": "null"
    },
    {
        "title": "Database Systems for Advanced Applications: DASFAA 2009 International Workshops: BenchmarX, MCIS, WDPP, PPDA, MBC, PhD, Brisbane, Australia, April 20 - 23, 2009",
        "year": "2009",
        "authors": "Lei Chen,Chengfei Liu,Qing Liu,Ke Deng",
        "venue": "Lecture Notes In Computer Science; Vol. 5667",
        "id": "1650182",
        "label": "1",
        "organization": "Hong Kong University of Science and Technology,"
    },
    {
        "title": "Advances in Web and Network Technologies, and Information Management: APWeb/WAIM 2009 International Workshops: WCMT 2009, RTBI 2009, DBIR-ENQOIR 2009, PAIS 2009, Suzhou, China, April 2-4, 2009, Revised Selected Papers",
        "year": "2009",
        "authors": "Lei Chen,Chengfei Liu,Xiao Zhang,Shan Wang,Darijus Strasunskas,Stein L. Tomassen,Jinghai Rao,Wen-Syan Li,K. Sel uk Candan,Dickson K. Chiu,Yi Zhuang,Clarence A. Ellis,Kwang-Hoon Kim",
        "venue": "null",
        "id": "1653440",
        "label": "1",
        "organization": "Hong Kong University of Science and Technology,"
    },
    {
        "title": "Remote equipment monitoring system based on ARM9 and CAN bus",
        "year": "2009",
        "authors": "Xiaojun Zhao,Haixia Su,Mingwei Ren,Yong Cao,Lei Chen,Fei Wang",
        "venue": "Proceedings of the 2009 WRI Global Congress on Intelligent Systems - Volume 02",
        "id": "1656177",
        "label": "35",
        "organization": "null"
    },
    {
        "title": "Similarity search over time series and trajectory data",
        "year": "2005",
        "authors": "Lei Chen",
        "venue": "null",
        "id": "1708236",
        "label": "1",
        "organization": "University of Waterloo (Canada)"
    },
    {
        "title": "The Research and Application of Human Detection Based on Support Vector Machine Using in Intelligent Video Surveillance System",
        "year": "2008",
        "authors": "Xinnan Fan,Lizhong Xu,Xuewu Zhang,Lei Chen",
        "venue": "Proceedings of the 2008 Fourth International Conference on Natural Computation - Volume 02",
        "id": "1750448",
        "label": "8",
        "organization": "null"
    },
    {
        "title": "Design of Main Steam Temperature Cascade Control System Based on Fuzzy Self-Tuning PID Controller",
        "year": "2008",
        "authors": "Jing Zeng,Youcheng Xie,Lei Chen",
        "venue": "Proceedings of the 2008 International Conference on Intelligent Computation Technology and Automation - Volume 01",
        "id": "1750792",
        "label": "6",
        "organization": "null"
    }
]