[
    {
        "title": "A flexible data to L2 cache mapping approach for future multicore processors",
        "year": "2006",
        "authors": "Lei Jin,Hyunjin Lee,Sangyeun Cho",
        "venue": "Memory System Performance and Correctness",
        "id": "6323",
        "label": "0",
        "organization": "University of Pittsburgh"
    },
    {
        "title": "An Extensible Data Model with Security Support for Dataspace Management",
        "year": "2008",
        "authors": "Lei Jin,Yawei Zhang,Xiaojun Ye",
        "venue": "HPCC",
        "id": "253532",
        "label": "1",
        "organization": "Minist. of Educ. Sch. of Software, Tsinghua Univ., Beijing"
    },
    {
        "title": "Taming Single-Thread Program Performance on Many Distributed On-Chip L2 Caches",
        "year": "2008",
        "authors": "Lei Jin,Sangyeun Cho",
        "venue": "ICPP",
        "id": "345085",
        "label": "0",
        "organization": "Dept. of Comput. Sci., Pittsburgh Univ., Pittsburgh, PA"
    },
    {
        "title": "TPTS: A Novel Framework for Very Fast Manycore Processor Architecture Simulation",
        "year": "2008",
        "authors": "Sangyeun Cho,Socrates Demetriades,Shayne Evans,Lei Jin,Hyunjin Lee,Kiyeon Lee,Michael Moeng",
        "venue": "ICPP",
        "id": "345116",
        "label": "0",
        "organization": "null"
    },
    {
        "title": "Reducing cache traffic and energy with macro data load",
        "year": "2006",
        "authors": "Lei Jin,Sangyeun Cho",
        "venue": "ISLPED",
        "id": "437337",
        "label": "0",
        "organization": "University of Pittsburgh"
    },
    {
        "title": "Secure Dataspace with Access Policies",
        "year": "2008",
        "authors": "Lei Jin,Yawei Zhang,Xiaojun Ye",
        "venue": "ISPA",
        "id": "445478",
        "label": "1",
        "organization": "Minist. of Educ. Sch. of Software, Tsinghua Univ., Beijing, China"
    },
    {
        "title": "A Comparison of Search Patterns for Cooperative Robots Operating in Remote Environment",
        "year": "2001",
        "authors": "Ray R. Hashemi,Lei Jin,Gary T. Anderson,Edmund Wilson,Murray R. Clark",
        "venue": "ITCC",
        "id": "456915",
        "label": "2",
        "organization": "Dept. of Comput. Sci., Arkansas Univ., Little Rock, AR"
    },
    {
        "title": "A Rule-Based System for Localization of Water on the Surface of Mars",
        "year": "2001",
        "authors": "Ray R. Hashemi,Lei Jin,Steve Jones,Danny Owens,Gary T. Anderson",
        "venue": "ITCC",
        "id": "456916",
        "label": "2",
        "organization": "Dept. of Comput. Sci., Arkansas Univ., Little Rock, AR"
    },
    {
        "title": "Managing Distributed, Shared L2 Caches through OS-Level Page Allocation",
        "year": "2006",
        "authors": "Sangyeun Cho,Lei Jin",
        "venue": "MICRO",
        "id": "499621",
        "label": "0",
        "organization": "University of Pittsburgh"
    },
    {
        "title": "Achieving Predictable Performance with On-Chip Shared L2 Caches for Manycore-Based Real-Time Systems",
        "year": "2007",
        "authors": "Sangyeun Cho,Lei Jin,Kiyeon Lee",
        "venue": "RTCSA",
        "id": "564840",
        "label": "0",
        "organization": "University of Pittsburgh"
    },
    {
        "title": "A Multi-Dimensional K-Anonymity Model for Hierarchical Data",
        "year": "2008",
        "authors": "Xiaojun Ye,Lei Jin,Bin Li",
        "venue": "ISECS",
        "id": "720165",
        "label": "1",
        "organization": "null"
    },
    {
        "title": "Content-based blind compensation and shaping for streaming video",
        "year": "2009",
        "authors": "Jun Huang,Funmilayo Lawal,Lei Jin,Oliver Yang",
        "venue": "CCECE",
        "id": "1258618",
        "label": "3",
        "organization": "Comput. Commun. Network Res. Lab., Univ. of Ottawa, Ottawa, ON"
    },
    {
        "title": "SOS: A Software-Oriented Distributed Shared Cache Management Approach for Chip Multiprocessors.",
        "year": "2009",
        "authors": "Lei Jin,Sangyeun Cho",
        "venue": "null",
        "id": "1302102",
        "label": "0",
        "organization": "Dept. of Comput. Sci., Univ. of Pittsburgh, Pittsburgh, PA, USA"
    },
    {
        "title": "Two-phase trace-driven simulation (TPTS): a fast multicore processor architecture simulation approach.",
        "year": "2010",
        "authors": "Hyunjin Lee,Lei Jin,Kiyeon Lee,Socrates Demetriades,Michael Moeng,Sangyeun Cho",
        "venue": "Softw., Pract. Exper.",
        "id": "1342715",
        "label": "0",
        "organization": "Department of Computer Science, University of Pittsburgh, Pittsburgh, PA 15260, U.S.A."
    },
    {
        "title": "Simulation model of the LS-DRMTA adaptive algorithm for multiple antenna system for DS-CDMA",
        "year": "2002",
        "authors": "Lei Jin,Z. Salcic,C. F. Mecklenbrauker",
        "venue": "Proceedings of the The 8th International Conference on Communication Systems - Volume 01",
        "id": "1604928",
        "label": "4",
        "organization": "Dept. of Electr. & Electron. Eng., Auckland Univ., New Zealand"
    },
    {
        "title": "Electrical and compositional properties of TaSi2 films",
        "year": "2002",
        "authors": "N. M. Ravindra,Lei Jin,Dentcho Ivanov,Vishal R. Mehta,Lamine M. Dieng,Guerman Popov,Oktay H. Gokce,James Grow,Anthony T. Fiory",
        "venue": "Journal of Electronic Materials",
        "id": "1618423",
        "label": "5",
        "organization": "New Jersey Institute of Technology, University Heights, Newark, NJ"
    }
]