[
    {
        "title": "Efficient Photometric Stereo Technique for Three-Dimensional Surfaces with Unknown BRDF",
        "year": "2005",
        "authors": "Li Shen,Takashi Machida,Haruo Takemura",
        "venue": "3DIM",
        "id": "4155",
        "label": "0",
        "organization": "Osaka University"
    },
    {
        "title": "A Spatio-Temporal Modeling Method for Shape Representation",
        "year": "2006",
        "authors": "Heng Huang,Li Shen,Rong Zhang,Fillia Makedon,Justin D. Pearlman",
        "venue": "3DPVT",
        "id": "4443",
        "label": "0",
        "organization": "Univ. of Mass. Dartmouth, USA"
    },
    {
        "title": "Hemispherical Harmonic Surface Description and Applications to Medical Image Analysis",
        "year": "2006",
        "authors": "Heng Huang,Lei Zhang,Dimitris Samaras,Li Shen,Rong Zhang,Fillia Makedon,Justin D. Pearlman",
        "venue": "3DPVT",
        "id": "4475",
        "label": "0",
        "organization": "Univ. of Mass. Dartmouth, USA"
    },
    {
        "title": "Large-Scale Modeling of Parametric Surfaces Using Spherical Harmonics",
        "year": "2006",
        "authors": "Li Shen,Moo K. Chung",
        "venue": "3DPVT",
        "id": "4486",
        "label": "0",
        "organization": "University of Massachusetts Dartmouth, USA"
    },
    {
        "title": "Shape Analysis and Spatio-Temporal Tracking of Mesoscale Eddies in Miami Isopycnic Coordinate Ocean Model",
        "year": "2006",
        "authors": "Veena Moolani,Ramprasad Balasubramanian,Li Shen,Amit Tandon",
        "venue": "3DPVT",
        "id": "4511",
        "label": "0",
        "organization": "University of Massachusetts Dartmouth, USA"
    },
    {
        "title": "PLS and SVD based penalized logistic regression for cancer classification using microarray data",
        "year": "2005",
        "authors": "Li Shen,Eng Chong Tan",
        "venue": "APBC",
        "id": "43724",
        "label": "1",
        "organization": "null"
    },
    {
        "title": "A Generalized Output-Coding Scheme with SVM for Multiclass Microarray Classification",
        "year": "2006",
        "authors": "Li Shen,Eng Chong Tan",
        "venue": "APBC",
        "id": "43726",
        "label": "1",
        "organization": "null"
    },
    {
        "title": "Predicate Analysis Based on Path Information",
        "year": "2003",
        "authors": "Li Shen,Zhiying Wang,Jianzhuang Lu",
        "venue": "APPT",
        "id": "46775",
        "label": "4",
        "organization": "null"
    },
    {
        "title": "A New Architecture For Multiple-Precision Floating-Point Multiply-Add Fused Unit Design",
        "year": "2007",
        "authors": "Libo Huang,Li Shen,Kui Dai,Zhiying Wang",
        "venue": "IEEE Symposium on Computer Arithmetic",
        "id": "49697",
        "label": "4",
        "organization": "National University of Defense Technology"
    },
    {
        "title": "RTL Concurrent Fault Simulation",
        "year": "2003",
        "authors": "Li Shen",
        "venue": "Asian Test Symposium",
        "id": "58635",
        "label": "1",
        "organization": "null"
    },
    {
        "title": "Genetic Algorithm Based Test Generation for Sequential Circuits",
        "year": "1999",
        "authors": "Li Shen",
        "venue": "Asian Test Symposium",
        "id": "58636",
        "label": "7",
        "organization": "Inst. of Comput. Technol., Acad. Sinica, Beijing"
    },
    {
        "title": "Morphometric Analysis of Hippocampal Shape in Mild Cognitive Impairment: An Imaging Genetics Study",
        "year": "2007",
        "authors": "Li Shen,Andrew J. Saykin,Moo K. Chung,Heng Huang",
        "venue": "BIBE",
        "id": "63560",
        "label": "0",
        "organization": "null"
    },
    {
        "title": "Efficient Registration of 3D SPHARM Surfaces",
        "year": "2007",
        "authors": "Li Shen,Heng Huang,Fillia Makedon,Andrew J. Saykin",
        "venue": "CRV",
        "id": "119559",
        "label": "0",
        "organization": "University of Massachusetts"
    },
    {
        "title": "K-means+ Method for Improving Gene Selection for Classification of Microarray Data",
        "year": "2005",
        "authors": "Heng Huang,Rong Zhang,Fei Xiong,Fillia Makedon,Li Shen,Bruce Hettleman,Justin D. Pearlman",
        "venue": "CSB Workshops",
        "id": "121000",
        "label": "0",
        "organization": "null"
    },
    {
        "title": "Spatial Reflectance Recovery under Complex Illumination from Sparse Images",
        "year": "2006",
        "authors": "Li Shen,Haruo Takemura",
        "venue": "CVPR (2)",
        "id": "129042",
        "label": "0",
        "organization": "Osaka University"
    },
    {
        "title": "Intrinsic image decomposition with non-local texture cues",
        "year": "2008",
        "authors": "Li Shen,Ping Tan,Stephen Lin",
        "venue": "CVPR",
        "id": "130603",
        "label": "8",
        "organization": "null"
    },
    {
        "title": "Customizing computation accelerators for extensible multi-issue processors with effective optimization techniques",
        "year": "2008",
        "authors": "Ya-shuai Lu,Li Shen,Libo Huang,Zhiying Wang,Nong Xiao",
        "venue": "DAC",
        "id": "134879",
        "label": "4",
        "organization": "National University of Defense Technology, Changsha, Hunan, China"
    },
    {
        "title": "Mining Flexible Multiple-Level Association Rules in All Concept Hierarchies (Extended Abstract)",
        "year": "1998",
        "authors": "Li Shen,Hong Shen",
        "venue": "DEXA",
        "id": "150310",
        "label": "0",
        "organization": "null"
    },
    {
        "title": "MetaDL: A Digital Library of Metadata for Sensitive or Complex Research Data",
        "year": "2002",
        "authors": "Fillia Makedon,James Ford,Li Shen,Tilmann Steinberg,Andrew J. Saykin,Heather Wishart,Sarantos Kapidakis",
        "venue": "ECDL",
        "id": "184750",
        "label": "0",
        "organization": "null"
    },
    {
        "title": "A New Technique for Program Code Compression in Embedded Microprocessor",
        "year": "2004",
        "authors": "Ming-che Lai,Kui Dai,Li Shen,Zhiying Wang",
        "venue": "ICESS",
        "id": "308990",
        "label": "4",
        "organization": "null"
    },
    {
        "title": "VLSI functional testing using critical path traces at hardware description language level",
        "year": "1984",
        "authors": "Li Shen,Stephen Y. H. Su",
        "venue": "Fehlertolerierende Rechensysteme",
        "id": "310458",
        "label": "1",
        "organization": "null"
    },
    {
        "title": "Surface Harmonics for Shape Modeling",
        "year": "2007",
        "authors": "Heng Huang,Li Shen",
        "venue": "ICIP (2)",
        "id": "324759",
        "label": "0",
        "organization": "null"
    },
    {
        "title": "Nonlinear Kernel MSE Methods for Cancer Classification",
        "year": "2005",
        "authors": "Li Shen,Eng Chong Tan",
        "venue": "ICNC (1)",
        "id": "337854",
        "label": "1",
        "organization": "null"
    },
    {
        "title": "An Improved Sample Pairs Method for Detection of LSB Embedding",
        "year": "2004",
        "authors": "Peizhong Lu,Xiangyang Luo,Qingyang Tang,Li Shen",
        "venue": "Information Hiding",
        "id": "385587",
        "label": "2",
        "organization": "null"
    },
    {
        "title": "A Quick Method for Synthesizing Photorealistic Color Images under Various Illumination Conditions",
        "year": "2001",
        "authors": "Li Shen,Noboru Babaguchi,Tadahiro Kitahashi",
        "venue": "ISAR",
        "id": "438062",
        "label": "6",
        "organization": "null"
    },
    {
        "title": "A Simplified Algorithm for Testing Microprocessors",
        "year": "1983",
        "authors": "Kewal K. Saluja,Li Shen,Stephen Y. H. Su",
        "venue": "ITC",
        "id": "455760",
        "label": "1",
        "organization": "null"
    },
    {
        "title": "Equivalence of Punctured Convolutional Codes from Shift Equivalent Puncturing Patterns",
        "year": "2004",
        "authors": "Li Shen,Peizhong Lu,Xiangyang Luo,Yan Zou",
        "venue": "ITCC (1)",
        "id": "457328",
        "label": "2",
        "organization": "null"
    },
    {
        "title": "Spherical Parameterization for 3D Surface Analysis in Volumetric Images",
        "year": "2004",
        "authors": "Li Shen,Fillia Makedon",
        "venue": "ITCC (1)",
        "id": "457329",
        "label": "0",
        "organization": "null"
    },
    {
        "title": "Generating fuzzy semantic metadata describing spatial relations from images using the R-histogram",
        "year": "2004",
        "authors": "Yuhang Wang,Fillia Makedon,James Ford,Li Shen,Dina Q. Goldin",
        "venue": "JCDL",
        "id": "467822",
        "label": "0",
        "organization": "Dartmouth College, Hanover, NH"
    },
    {
        "title": "SCENS: A System for the Mediated Sharing of Sensitive Data",
        "year": "2003",
        "authors": "Song Ye,Fillia Makedon,Tilmann Steinberg,Li Shen,James Ford,Yuhang Wang,Yan Zhao,Sarantos Kapidakis",
        "venue": "JCDL",
        "id": "467888",
        "label": "0",
        "organization": "null"
    },
    {
        "title": "Multi-scale Voxel-Based Morphometry Via Weighted Spherical Harmonic Representation",
        "year": "2006",
        "authors": "Moo K. Chung,Li Shen,Kim M. Dalton,Richard J. Davidson",
        "venue": "MIAR",
        "id": "495787",
        "label": "0",
        "organization": "null"
    },
    {
        "title": "Surface Alignment of 3D Spherical Harmonic Models: Application to Cardiac MRI Analysis",
        "year": "2005",
        "authors": "Heng Huang,Li Shen,Rong Zhang,Fillia Makedon,Bruce Hettleman,Justin D. Pearlman",
        "venue": "MICCAI",
        "id": "497359",
        "label": "0",
        "organization": "null"
    },
    {
        "title": "A Prediction Framework for Cardiac Resynchronization Therapy Via 4D Cardiac Motion Analysis",
        "year": "2005",
        "authors": "Heng Huang,Li Shen,Rong Zhang,Fillia Makedon,Bruce Hettleman,Justin D. Pearlman",
        "venue": "MICCAI",
        "id": "497371",
        "label": "0",
        "organization": "null"
    },
    {
        "title": "Morphometric Analysis of Brain Structures for Improved Discrimination",
        "year": "2003",
        "authors": "Li Shen,James Ford,Fillia Makedon,Yuhang Wang,Tilmann Steinberg,Song Ye,Andrew J. Saykin",
        "venue": "MICCAI (2)",
        "id": "498110",
        "label": "0",
        "organization": "null"
    },
    {
        "title": "Classification of Facial Images Using Gaussian Mixture Models",
        "year": "2001",
        "authors": "Pin Liao,Wen Gao,Li Shen,Xilin Chen,Shiguang Shan,Wenbing Zeng",
        "venue": "IEEE Pacific Rim Conference on Multimedia",
        "id": "531691",
        "label": "1",
        "organization": "null"
    },
    {
        "title": "Illumination Brush: Interactive Design of All-Frequency Lighting",
        "year": "2007",
        "authors": "Makoto Okabe,Yasuyuki Matsushita,Li Shen,Takeo Igarashi",
        "venue": "Pacific Conference on Computer Graphics and Applications",
        "id": "540264",
        "label": "1",
        "organization": "null"
    },
    {
        "title": "A clustering-based approach for prediction of cardiac resynchronization therapy",
        "year": "2005",
        "authors": "Heng Huang,Li Shen,Fillia Makedon,Sheng Zhang,Mark Greenberg,Ling Gao,Justin D. Pearlman",
        "venue": "SAC",
        "id": "567463",
        "label": "0",
        "organization": "University of Massachusetts Dartmouth, MA"
    },
    {
        "title": "Application of Software Fault Tree Analysis to an Airport Ground Control System",
        "year": "2008",
        "authors": "Massood Towhidnejad,Li Shen,Thomas B. Hilburn",
        "venue": "Software Engineering Research and Practice",
        "id": "585782",
        "label": "3",
        "organization": "null"
    },
    {
        "title": "Data Brokers: Building Collections through Automated Negotiation",
        "year": "2004",
        "authors": "Fillia Makedon,Song Ye,Sheng Zhang,James Ford,Li Shen,Sarantos Kapidakis",
        "venue": "SETN",
        "id": "585980",
        "label": "0",
        "organization": "null"
    },
    {
        "title": "A Spatio-temporal Multi-modal Data Management and Analysis Environment for Tracking MS Lesions",
        "year": "2003",
        "authors": "Tilmann Steinberg,Yuhang Wang,Fillia Makedon,Li Shen,Andrew J. Saykin,Heather Wishart",
        "venue": "SSDBM",
        "id": "618368",
        "label": "0",
        "organization": "null"
    },
    {
        "title": "Mining the Most Interesting Web Access Associations",
        "year": "2000",
        "authors": "Li Shen,Ling Cheng,James Ford,Fillia Makedon,Vasileios Megalooikonomou,Tilmann Steinberg",
        "venue": "WebNet",
        "id": "658048",
        "label": "0",
        "organization": "null"
    },
    {
        "title": "Hardware Support for Arithmetic Units of Processor with Multimedia Extension",
        "year": "2007",
        "authors": "Libo Huang,Ming-che Lai,Kui Dai,Hong Yue,Li Shen",
        "venue": "MUE",
        "id": "692046",
        "label": "4",
        "organization": "null"
    },
    {
        "title": "A New CORDIC Algorithm and Software Implementation Based on Synchronized Data Triggering Architecture",
        "year": "2008",
        "authors": "Xinbiao Gan,Kui Dai,Libo Huang,Li Shen,Zhiying Wang",
        "venue": "MUE",
        "id": "692120",
        "label": "4",
        "organization": "null"
    },
    {
        "title": "A Novel Hardware Assisted Full Virtualization Technique",
        "year": "2008",
        "authors": "Wei Chen,Hongyi Lu,Li Shen,Zhiying Wang,Nong Xiao,Dan Chen",
        "venue": "ICYCS",
        "id": "730702",
        "label": "4",
        "organization": "null"
    },
    {
        "title": "Reducing multiclass cancer classification to binary by output coding and SVM",
        "year": "2006",
        "authors": "Li Shen,Eng Chong Tan",
        "venue": "Computational Biology and Chemistry",
        "id": "782592",
        "label": "1",
        "organization": "null"
    },
    {
        "title": "A surface-based approach for classification of 3D neuroanatomic structures",
        "year": "2004",
        "authors": "Li Shen,James Ford,Fillia Makedon,Andrew J. Saykin",
        "venue": "Intell. Data Anal.",
        "id": "893297",
        "label": "0",
        "organization": "(Correspd. Tel.: +1 508 910 6691; Fax: +1 508 999 9144; lshen@umassd.edu) Dartmouth Exp. Vis. Lab., Dept. of Comp. Sci., Dartmouth Coll., Hanover, NH 03755, USA and Dept. of Comp. and Info. Sci., Umass Dartmouth, MA 02747, USA"
    },
    {
        "title": "New Algorithms for Efficient Mining of Association Rules",
        "year": "1999",
        "authors": "Li Shen,Hong Shen,Ling Cheng",
        "venue": "Inf. Sci.",
        "id": "941746",
        "label": "0",
        "organization": "Sch. of Comput. Inf. Technol., Griffith Univ., Nathan, Qld."
    },
    {
        "title": "Spherical mapping for processing of 3D closed surfaces",
        "year": "2006",
        "authors": "Li Shen,Fillia Makedon",
        "venue": "Image Vision Comput.",
        "id": "947448",
        "label": "0",
        "organization": "null"
    },
    {
        "title": "Unified Probabilistic Models for Face Recognition from a Single Example Image per Person",
        "year": "2004",
        "authors": "Pin Liao,Li Shen",
        "venue": "J. Comput. Sci. Technol.",
        "id": "973637",
        "label": "1",
        "organization": "null"
    },
    {
        "title": "Unified Model in Identity Subspace for Face Recognition",
        "year": "2004",
        "authors": "Pin Liao,Li Shen,Yi-Qiang Chen,Shu-Chang Liu",
        "venue": "J. Comput. Sci. Technol.",
        "id": "973640",
        "label": "1",
        "organization": "null"
    },
    {
        "title": "VFSim: Concurrent Fault Simulation at Register Transfer Level",
        "year": "2005",
        "authors": "Li Shen",
        "venue": "J. Comput. Sci. Technol.",
        "id": "973742",
        "label": "1",
        "organization": "null"
    },
    {
        "title": "Fast Association Discovery in Derivative Transaction Collections",
        "year": "2000",
        "authors": "Li Shen,Hong Shen,Ling Cheng,Paul Pritchard",
        "venue": "Knowl. Inf. Syst.",
        "id": "1003533",
        "label": "0",
        "organization": "null"
    },
    {
        "title": "The Design and Implementation of a Program Development System Based on Rewriting Method",
        "year": "1997",
        "authors": "Yongqiang Sun,Kai Lin,Li Shen",
        "venue": "SIGPLAN Notices",
        "id": "1068282",
        "label": "0",
        "organization": "null"
    },
    {
        "title": "A Functional Testing Method for Microprocessors",
        "year": "1988",
        "authors": "Li Shen,Stephen Y. H. Su",
        "venue": "IEEE Trans. Computers",
        "id": "1081979",
        "label": "1",
        "organization": "null"
    },
    {
        "title": "Dimension Reduction-Based Penalized Logistic Regression for Cancer Classification Using Microarray Data",
        "year": "2005",
        "authors": "Li Shen,Eng Chong Tan",
        "venue": "IEEE/ACM Trans. Comput. Biology Bioinform.",
        "id": "1087048",
        "label": "1",
        "organization": "null"
    },
    {
        "title": "A Novel Surface Registration Algorithm With Biomedical Modeling Applications",
        "year": "2007",
        "authors": "Heng Huang,Li Shen,Rong Zhang,Fillia Makedon,Andrew J. Saykin,Justin D. Pearlman",
        "venue": "IEEE Transactions on Information Technology in Biomedicine",
        "id": "1111674",
        "label": "0",
        "organization": "null"
    },
    {
        "title": "Weighted Fourier Series Representation and Its Application to Quantifying the Amount of Gray Matter",
        "year": "2007",
        "authors": "Moo K. Chung,Kim M. Dalton,Li Shen,Alan C. Evans,Richard J. Davidson",
        "venue": "IEEE Trans. Med. Imaging",
        "id": "1115977",
        "label": "0",
        "organization": "null"
    },
    {
        "title": "GBNet: Deciphering regulatory rules in the co-regulated genes using a Gibbs sampler enhanced Bayesian network approach",
        "year": "2008",
        "authors": "Li Shen,Jie Liu,Wei Wang",
        "venue": "BMC Bioinformatics",
        "id": "1220810",
        "label": "1",
        "organization": "null"
    },
    {
        "title": "Dynamically utilizing computation accelerators for extensible processors in a software approach",
        "year": "2009",
        "authors": "Ya-shuai Lu,Li Shen,Zhiying Wang,Nong Xiao",
        "venue": "CODES+ISSS",
        "id": "1239846",
        "label": "4",
        "organization": "National University of Defense Technology, Changsha, China"
    },
    {
        "title": "Fast Shape-Simplifying Image Abstraction Using Graphics Hardware",
        "year": "2009",
        "authors": "Hanli Zhao,Xiaogang Jin,Jianbing Shen,Li Shen,Ruifang Pan",
        "venue": "Edutainment",
        "id": "1242429",
        "label": "5",
        "organization": "State Key Lab of CAD & CG, Zhejiang University, China"
    },
    {
        "title": "DBTIM: An Advanced Hardware Assisted Full Virtualization Architecture",
        "year": "2008",
        "authors": "Wei Chen,Hongyi Lu,Li Shen,Zhiying Wang,Nong Xiao",
        "venue": "Advanced Information Processing",
        "id": "1243195",
        "label": "4",
        "organization": "null"
    },
    {
        "title": "Three-dimensional Models for Cardiac Bioelectricity Simulation: Cell to Organ",
        "year": "2007",
        "authors": "Heng Huang,Li Shen,Nha Nguyen",
        "venue": "Simulation",
        "id": "1280657",
        "label": "0",
        "organization": "Center for Neuroimaging, Dept. of Radiology Center forComputational Biology & Bioinformatics Indiana University School of MedicineIndianapolis, IN 46202"
    },
    {
        "title": "A Hardware Approach for Reducing Interpretation Overhead.",
        "year": "2009",
        "authors": "Wei Chen,Zhiying Wang,Hongyi Lu,Li Shen,Nong Xiao,Zhong Zheng",
        "venue": "null",
        "id": "1301918",
        "label": "4",
        "organization": "null"
    },
    {
        "title": "Photometric stereo and weather estimation using internet images.",
        "year": "2009",
        "authors": "Li Shen,Ping Tan",
        "venue": "null",
        "id": "1305021",
        "label": "8",
        "organization": "null"
    },
    {
        "title": "Fourier method for large-scale surface modeling and registration.",
        "year": "2009",
        "authors": "Li Shen,Sungeun Kim,Andrew J. Saykin",
        "venue": "Computers & Graphics",
        "id": "1333578",
        "label": "0",
        "organization": "null"
    },
    {
        "title": "Parallel simulation of chip-multiprocessor by using multi-threading",
        "year": "2007",
        "authors": "Ya-shuai L ,Li Shen,Zhi-ying Wang,Kui Dai",
        "venue": "Proceedings of the IASTED Asian Conference on Modelling and Simulation",
        "id": "1365520",
        "label": "4",
        "organization": "National University of Defense Technology"
    },
    {
        "title": "Technical Section: Fourier method for large-scale surface modeling and registration",
        "year": "2009",
        "authors": "Li Shen,Sungeun Kim,Andrew J. Saykin",
        "venue": "Computers and Graphics",
        "id": "1431896",
        "label": "0",
        "organization": "Center for Neuroimaging, Division of Imaging Sciences, Department of Radiology, Center for Computational Biology and Bioinformatics, Indiana University School of Medicine, 950 W Walnut St, R2 E124, Indianapolis, IN 46074, USA"
    },
    {
        "title": "Optimal Matrix Computing Using Vector Division with Sub-word Parallel",
        "year": "2008",
        "authors": "Xin-biao Gan,Kui Dai,Li Shen,Zhi-ying Wang",
        "venue": "Proceedings of the 2008 International Symposium on Ubiquitous Multimedia Computing",
        "id": "1755063",
        "label": "4",
        "organization": "null"
    }
]