[
    {
        "title": "A monolithic CMOS L band DAB receiver",
        "year": "2005",
        "authors": "Ziqiang Wang,Baoyong Chi,Min Lin,Shuguang Han,Lu Liu,Jinke Yao,Zhihua Wang",
        "venue": "ASP-DAC",
        "id": "53050",
        "label": "0",
        "organization": "Tsinghua University, Beijing"
    },
    {
        "title": "Mining Condensed and Lossless Association Rules by Pruning Redundancy",
        "year": "2008",
        "authors": "Lu Liu,Yin Chen,Siqing Shan,Lu Yin",
        "venue": "FSKD (2)",
        "id": "218214",
        "label": "1",
        "organization": "null"
    },
    {
        "title": "An automatic approach to integrate routing-relevant information from different resources",
        "year": "2008",
        "authors": "Meng Zhang,Lu Liu,Hongbo Gong,Liqiu Meng",
        "venue": "GIS",
        "id": "233168",
        "label": "2",
        "organization": "Technische Universit t M nchen, Munich, Germany"
    },
    {
        "title": "Does Familiarity Breed Content? Taking Account of Familiarity with a Topic in Personalizing Information Retrieval",
        "year": "2006",
        "authors": "Gheorghe Muresan,Michael Cole,Catherine L. Smith,Lu Liu,Nicholas J. Belkin",
        "venue": "HICSS",
        "id": "246915",
        "label": "3",
        "organization": "null"
    },
    {
        "title": "Detecting Document Genre for Personalization of Information Retrieval",
        "year": "2006",
        "authors": "Gheorghe Muresan,Catherine L. Smith,Michael Cole,Lu Liu,Nicholas J. Belkin",
        "venue": "HICSS",
        "id": "246918",
        "label": "3",
        "organization": "null"
    },
    {
        "title": "Small World Architecture for Peer-to-Peer Networks",
        "year": "2006",
        "authors": "Lu Liu,Stephen Mackin,Nick Antonopoulos",
        "venue": "IAT Workshops",
        "id": "261258",
        "label": "4",
        "organization": "University of Surrey, United Kingdom"
    },
    {
        "title": "Asymmetric Demand Information and Channel Profits When Retailers Compete",
        "year": "2004",
        "authors": "Bin Xiao,Lu Liu,Aling Zhang",
        "venue": "ICEB",
        "id": "304471",
        "label": "6",
        "organization": "null"
    },
    {
        "title": "A Decentralized Resource Discovery Based on Keywords Combinations and Node Clusters in Knowledge Grid",
        "year": "2007",
        "authors": "Hong Li,Lu Liu",
        "venue": "ICIC (1)",
        "id": "313889",
        "label": "1",
        "organization": "null"
    },
    {
        "title": "Fast and robust detection of near-duplicates in web video database",
        "year": "2008",
        "authors": "Hui Xu,Lu Liu,Li-Feng Sun,Shi-Qiang Yang",
        "venue": "ICME",
        "id": "333339",
        "label": "8",
        "organization": "null"
    },
    {
        "title": "Small-World Peer-to-Peer for Resource Discovery",
        "year": "2007",
        "authors": "Lu Liu,Nick Antonopoulos,Stephen Mackin",
        "venue": "ICOIN",
        "id": "339367",
        "label": "4",
        "organization": "null"
    },
    {
        "title": "A Research on Dissipative Structure of the Information Resource Organization of E-Government",
        "year": "2007",
        "authors": "Na Wang,Wenyi Zhang,Xiaofang Wang,Lu Liu",
        "venue": "CONFENIS (2)",
        "id": "384296",
        "label": "1",
        "organization": "null"
    },
    {
        "title": "The Development and Status of Automobile E-Commerce in China",
        "year": "2007",
        "authors": "Lingli Gan,Lu Liu",
        "venue": "CONFENIS (2)",
        "id": "384301",
        "label": "10",
        "organization": "null"
    },
    {
        "title": "Knowledge Inventory Management Using Actuarial Method",
        "year": "2007",
        "authors": "Yunpeng Wu,Lu Liu,Yin Guo",
        "venue": "CONFENIS (2)",
        "id": "384314",
        "label": "1",
        "organization": "null"
    },
    {
        "title": "An Object-Dependent and Context Constraints-Aware Access Control Approach Based on RBAC",
        "year": "2007",
        "authors": "Xiaoli Ren,Lu Liu,Chenggong Lv",
        "venue": "CONFENIS (2)",
        "id": "384317",
        "label": "1",
        "organization": "null"
    },
    {
        "title": "An Approach to Enterprise Application Integration Based on Ontology Semantic Description",
        "year": "2007",
        "authors": "Lu Liu,Deyu Kong,Yi Li,Zhe Liu",
        "venue": "CONFENIS (2)",
        "id": "384354",
        "label": "1",
        "organization": "null"
    },
    {
        "title": "An Online Personalized Recommendation Model Based on Bayesian Networks",
        "year": "2007",
        "authors": "Shaozhong Zhang,Lu Liu",
        "venue": "CONFENIS (2)",
        "id": "384371",
        "label": "1",
        "organization": "null"
    },
    {
        "title": "The Impacts of Enterprise Resource Planning Systems on Firm Performance: An Empirical Analysis of Chinese Chemical Firms",
        "year": "2007",
        "authors": "Lu Liu,Rui Miao,Chengzhi Li",
        "venue": "CONFENIS (1)",
        "id": "384415",
        "label": "1",
        "organization": "null"
    },
    {
        "title": "A Case Study of Enterprise Application Integration Based on Workflow Management System",
        "year": "2007",
        "authors": "Baosen Yang,Lu Liu",
        "venue": "CONFENIS (1)",
        "id": "384440",
        "label": "1",
        "organization": "null"
    },
    {
        "title": "A new high gain low voltage 1.45 GHz CMOS mixer",
        "year": "2005",
        "authors": "Lu Liu,Zhihua Wang",
        "venue": "ISCAS (5)",
        "id": "422642",
        "label": "0",
        "organization": "null"
    },
    {
        "title": "Calculation of intermodulation distortion in CMOS transconductance stage",
        "year": "2005",
        "authors": "Lu Liu,Zhihua Wang,Guolin Li",
        "venue": "ISCAS (4)",
        "id": "430816",
        "label": "0",
        "organization": "null"
    },
    {
        "title": "Reduce Feature Based NN for Transient Stability Analysis of Large-Scale Power Systems",
        "year": "2007",
        "authors": "Youping Fan,Min Xiong,Lu Liu,Jiguan Men,Cheng Tan,Yunping Chen",
        "venue": "ISNN (3)",
        "id": "443762",
        "label": "13",
        "organization": "Faculty of Electrical Engineering, Wuhan University, Hubei, Wuhan 430072, China"
    },
    {
        "title": "Service-Oriented Integration of Systems for Military Capability",
        "year": "2008",
        "authors": "Duncan Russell,Nik Looker,Lu Liu,Jie Xu",
        "venue": "ISORC",
        "id": "444616",
        "label": "4",
        "organization": "null"
    },
    {
        "title": "Selecting books: a performance-based study",
        "year": "2006",
        "authors": "Nina Wacholder,Lu Liu,Ying-Hsang Liu",
        "venue": "JCDL",
        "id": "467806",
        "label": "3",
        "organization": "Rutgers University, New Brunswick, NJ"
    },
    {
        "title": "Interactive Separation of Segmented Bones in CT Volumes Using Graph Cut",
        "year": "2008",
        "authors": "Lu Liu,David Raber,David Nopachai,Paul Commean,David Sinacore,Fred Prior,Robert Pless,Tao Ju",
        "venue": "MICCAI (1)",
        "id": "498850",
        "label": "14",
        "organization": "Washington University in St. Louis, St. Louis, USA MO 63130"
    },
    {
        "title": "Video Histogram: A Novel Video Signature for Efficient Web Video Duplicate Detection",
        "year": "2007",
        "authors": "Lu Liu,Wei Lai,Xian-Sheng Hua,Shi-Qiang Yang",
        "venue": "MMM (2)",
        "id": "504999",
        "label": "8",
        "organization": "null"
    },
    {
        "title": "Social Peer-to-Peer for Resource Discovery",
        "year": "2007",
        "authors": "Lu Liu,Nick Antonopoulos,Stephen Mackin",
        "venue": "PDP",
        "id": "534639",
        "label": "4",
        "organization": "University of Surrey, United Kingdom"
    },
    {
        "title": "The Separation of Duty with Privilege Calculus",
        "year": "2008",
        "authors": "Chenggong Lv,Jun Wang,Lu Liu,Weijia You",
        "venue": "RSKT",
        "id": "562426",
        "label": "1",
        "organization": "null"
    },
    {
        "title": "An interactive tool for fitting surfaces to volume data",
        "year": "2008",
        "authors": "Ross T. Sowell,Lu Liu,Tao Ju,Cindy M. Grimm",
        "venue": "SIGGRAPH Posters",
        "id": "594319",
        "label": "14",
        "organization": "null"
    },
    {
        "title": "Surface reconstruction from point set using projection operator",
        "year": "2008",
        "authors": "Ly Phan,Lu Liu,Sasakthi S. Abeysinghe,Tao Ju,Cindy M. Grimm",
        "venue": "SIGGRAPH Posters",
        "id": "594326",
        "label": "14",
        "organization": "Washington University in St. Louis"
    },
    {
        "title": "Web video topic discovery and tracking via bipartite graph reinforcement model",
        "year": "2008",
        "authors": "Lu Liu,Lifeng Sun,Yong Rui,Yao Shi,Shiqiang Yang",
        "venue": "WWW",
        "id": "675383",
        "label": "8",
        "organization": "Tsinghua University, Beijing, China"
    },
    {
        "title": "Self-Organization of Autonomous Peers with Human Strategies",
        "year": "2008",
        "authors": "Lu Liu,Jie Xu,Duncan Russell,Nick Antonopoulos",
        "venue": "ICIW",
        "id": "711588",
        "label": "4",
        "organization": "null"
    },
    {
        "title": "Surface Reconstruction From Non-parallel Curve Networks",
        "year": "2008",
        "authors": "Lu Liu,C. Bajaj,Joseph Deasy,Daniel A. Low,Tao Ju",
        "venue": "Comput. Graph. Forum",
        "id": "788570",
        "label": "14",
        "organization": "null"
    },
    {
        "title": "Efficient resource discovery in self-organized unstructured peer-to-peer networks",
        "year": "2009",
        "authors": "Lu Liu,Nick Antonopoulos,Stephen Mackin,Jie Xu,Duncan Russell",
        "venue": "Concurrency and Computation: Practice and Experience",
        "id": "811497",
        "label": "4",
        "organization": "School of Computing, University of Leeds, Leeds, West Yorkshire, U.K."
    },
    {
        "title": "The Separation of Duty with Privilege Calculus",
        "year": "2008",
        "authors": "Chenggong Lv,Jun Wang,Lu Liu,Weijia You",
        "venue": "CoRR",
        "id": "827525",
        "label": "1",
        "organization": "null"
    },
    {
        "title": "Fault-tolerant peer-to-peer search on small-world networks",
        "year": "2007",
        "authors": "Lu Liu,Nick Antonopoulos,Stephen Mackin",
        "venue": "Future Generation Comp. Syst.",
        "id": "877563",
        "label": "4",
        "organization": "Surrey Space Centre, University of Surrey, Surrey, United Kingdom"
    },
    {
        "title": "Assessing term effectiveness in the interactive information access process",
        "year": "2008",
        "authors": "Nina Wacholder,Lu Liu",
        "venue": "Inf. Process. Manage.",
        "id": "937323",
        "label": "3",
        "organization": "null"
    },
    {
        "title": "Three-objective fuzzy chance-constrained programming model for multiproject and multi-item investment combination",
        "year": "2009",
        "authors": "Bin Xu,Weiguo Fang,Ruifeng Shi,Jing Yu,Lu Liu",
        "venue": "Inf. Sci.",
        "id": "943151",
        "label": "7",
        "organization": "School of Economics and Management, Beihang University, Beijing 100083, China"
    },
    {
        "title": "User preference: A measure of query-term quality",
        "year": "2006",
        "authors": "Nina Wacholder,Lu Liu",
        "venue": "JASIST",
        "id": "957213",
        "label": "3",
        "organization": "Rutgers University School of Communication, Information and Library Studies, 4 Huntington, New Brunswick, NJ 08901"
    },
    {
        "title": "Managing peer-to-peer networks with human tactics in social interactions",
        "year": "2008",
        "authors": "Lu Liu,Nick Antonopoulos,Stephen Mackin",
        "venue": "The Journal of Supercomputing",
        "id": "1112253",
        "label": "4",
        "organization": "Surrey Space Centre, University of Surrey, Guildford, UK GU2 7XH and School of Computing, University of Leeds, Leeds, UK LS2 9JT"
    },
    {
        "title": "Global robust output regulation of lower triangular systems with unknown control direction",
        "year": "2008",
        "authors": "Lu Liu,Jie Huang",
        "venue": "Automatica",
        "id": "1181122",
        "label": "5",
        "organization": "null"
    },
    {
        "title": "Rutgers' HARD Track Experiences at TREC 2004",
        "year": "2004",
        "authors": "Nicholas J. Belkin,I. Chaleva,Michael Cole,Y.-L. Li,Lu Liu,Ying-Hsang Liu,Gheorghe Muresan,Catherine L. Smith,Ying Sun,Xiao-Jun Yuan,Xiao-Min Zhang",
        "venue": "TREC",
        "id": "1214785",
        "label": "3",
        "organization": "null"
    },
    {
        "title": "Parameter convergence and minimal internal model with an adaptive output regulation problem",
        "year": "2009",
        "authors": "Lu Liu,Zhiyong Chen,Jie Huang",
        "venue": "Automatica",
        "id": "1231169",
        "label": "5",
        "organization": "null"
    },
    {
        "title": "High Performance Support of Lustre over Customized HSNI for HPC",
        "year": "2009",
        "authors": "Yufeng Guo,Xuejun Yang,Li Luo,Qiong Li,Lu Liu",
        "venue": "APPT",
        "id": "1237759",
        "label": "9",
        "organization": "School of Computer, National University of Defense Technology, Changsha, China 410073"
    },
    {
        "title": "A Scenario-Based Architecture Evaluation Framework for Network Enabled Capability",
        "year": "2009",
        "authors": "Colin C. Venters,Duncan Russell,Lu Liu,Zongyang Luo,David Webster,Jie Xu",
        "venue": "COMPSAC (2)",
        "id": "1240057",
        "label": "4",
        "organization": "null"
    },
    {
        "title": "A Simulation Platform for Intelligent Scheduling In Automated Container Terminal",
        "year": "2009",
        "authors": "Lu Liu,Zaizhou Ma,Mingsen Guo",
        "venue": "MSV",
        "id": "1253414",
        "label": "11",
        "organization": "null"
    },
    {
        "title": "User studies on the feasibility of oblique contouring",
        "year": "2009",
        "authors": "Ross T. Sowell,Lu Liu,Tao Ju,Cindy Grimm,Christopher Abraham,Garima Gokhroo,Daniel A. Low",
        "venue": "SIGGRAPH Posters",
        "id": "1255910",
        "label": "14",
        "organization": "Washington University in St. Louis"
    },
    {
        "title": "Defining and computing multi-dimensional skeletons",
        "year": "2009",
        "authors": "Lu Liu,Tao Ju",
        "venue": "SIGGRAPH Posters",
        "id": "1255965",
        "label": "14",
        "organization": "Washington University in St. Louis"
    },
    {
        "title": "Modelling and simulation of Network Enabled Capability on service-oriented architecture",
        "year": "2009",
        "authors": "Lu Liu,Duncan Russell,Jie Xu,David Webster,Zongyang Luo,Colin C. Venters,John K. Davies",
        "venue": "Simulation Modelling Practice and Theory",
        "id": "1280568",
        "label": "4",
        "organization": "null"
    },
    {
        "title": "Dependable Dynamic Service Integration on Service-Oriented Peer-to-Peer Networks.",
        "year": "2009",
        "authors": "Lu Liu,Jie Xu,Duncan Russell,K. P. Lam,Zongyang Luo,Kaigui Wu,Dave Collins",
        "venue": "null",
        "id": "1316792",
        "label": "4",
        "organization": "null"
    },
    {
        "title": "Challenges for End-to-End Quality of Service in Heterogeneous Networks.",
        "year": "2009",
        "authors": "Wen-an Zhou,Lu Liu,Jun-de Song",
        "venue": "null",
        "id": "1316892",
        "label": "12",
        "organization": "null"
    },
    {
        "title": "Delivering Sustainable Capability on Evolutionary Service-oriented Architecture.",
        "year": "2009",
        "authors": "Lu Liu,Duncan Russell,David Webster,Zongyang Luo,Colin C. Venters,Jie Xu,John K. Davies",
        "venue": "null",
        "id": "1324655",
        "label": "4",
        "organization": "null"
    },
    {
        "title": "Topic mining on web-shared videos.",
        "year": "2008",
        "authors": "Lu Liu,Yong Rui,Lifeng Sun,Bo Yang,Jianwei Zhang,Shi-Qiang Yang",
        "venue": "null",
        "id": "1329982",
        "label": "8",
        "organization": "null"
    },
    {
        "title": "The Vector Data Management of GIS Based on PDA.",
        "year": "2009",
        "authors": "Lu Liu",
        "venue": "null",
        "id": "1331106",
        "label": "15",
        "organization": "null"
    },
    {
        "title": "Tarsal and Metatarsal Bone Mineral Density Measurement Using Volumetric Quantitative Computed Tomography.",
        "year": "2009",
        "authors": "Paul K. Commean,Tao Ju,Lu Liu,David R. Sinacore,Mary K. Hastings,Michael J. Mueller",
        "venue": "J. Digital Imaging",
        "id": "1344620",
        "label": "14",
        "organization": "null"
    },
    {
        "title": "Efficient and scalable search on scale-free P2P networks.",
        "year": "2009",
        "authors": "Lu Liu,Jie Xu,Duncan Russell,Paul Townend,David Webster",
        "venue": "Peer-to-Peer Networking and Applications",
        "id": "1345625",
        "label": "4",
        "organization": "null"
    },
    {
        "title": "Investigation of Research towards Efficient Social Peer-to-Peer Networks",
        "year": "2008",
        "authors": "Lu Liu,Nick Antonopoulos,Jie Xu,Duncan Russell",
        "venue": "Proceedings of the 2008 The Third International Multi-Conference on Computing in the Global Information Technology (iccgi 2008)",
        "id": "1590417",
        "label": "4",
        "organization": "null"
    },
    {
        "title": "Research on System Architecture and Interfaces in Heterogeneous Network Platform",
        "year": "2009",
        "authors": "Fei Ma,Wen-an Zhou,Lu Liu,Jun-de Song",
        "venue": "Proceedings of the 2009 Asia-Pacific Conference on Information Processing - Volume 01",
        "id": "1649960",
        "label": "12",
        "organization": "null"
    },
    {
        "title": "Airport Internal Safety Risk Assessment using Fuzzy Hierarchy Process Approach",
        "year": "2008",
        "authors": "Zhenwu Zhao,Lu Liu,Fang Liu",
        "venue": "Proceedings of the 2008 International Symposium on Computational Intelligence and Design - Volume 01",
        "id": "1747634",
        "label": "16",
        "organization": "null"
    }
]