[
    {
        "title": "Petri Nets and Manufacturing Systems: An Examples-Driven Tour",
        "year": "2003",
        "authors": "Laura Recalde,Manuel Silva,Joaquin Ezpeleta,Enrique Teruel",
        "venue": "Lectures on Concurrency and Petri Nets",
        "id": "17719",
        "label": "0",
        "organization": "null"
    },
    {
        "title": "Linear Algebraic and Linear Programming Techniques for the Analysis of Place or Transition Net Systems",
        "year": "1996",
        "authors": "Manuel Silva,Enrique Teruel,Jose Manuel Colom",
        "venue": "Petri Nets",
        "id": "17765",
        "label": "0",
        "organization": "null"
    },
    {
        "title": "Petri Nets and Production Systems",
        "year": "1996",
        "authors": "Manuel Silva,Enrique Teruel,Robert Valette,Herve Pingaud",
        "venue": "Petri Nets (2)",
        "id": "17766",
        "label": "0",
        "organization": "null"
    },
    {
        "title": "Structural techniques and performance bounds of stochastic Petri net models",
        "year": "1992",
        "authors": "Javier Campos,Manuel Silva",
        "venue": "Advances in Petri Nets: The DEMON Project",
        "id": "45022",
        "label": "0",
        "organization": "null"
    },
    {
        "title": "Circuits, handles, bridges and nets",
        "year": "1989",
        "authors": "Javier Esparza,Manuel Silva",
        "venue": "Applications and Theory of Petri Nets",
        "id": "45158",
        "label": "0",
        "organization": "null"
    },
    {
        "title": "On the analysis and synthesis of free choice systems",
        "year": "1989",
        "authors": "Javier Esparza,Manuel Silva",
        "venue": "Applications and Theory of Petri Nets",
        "id": "45160",
        "label": "0",
        "organization": "null"
    },
    {
        "title": "Top-down synthesis of live and bounded free choice nets",
        "year": "1990",
        "authors": "Javier Esparza,Manuel Silva",
        "venue": "Applications and Theory of Petri Nets",
        "id": "45183",
        "label": "0",
        "organization": "null"
    },
    {
        "title": "A New Technique for Finding a Generating Family of Siphons, Traps and st-Components. Application to Colored Petri Nets",
        "year": "1991",
        "authors": "Joaquin Ezpeleta,Jean-Michel Couvreur,Manuel Silva",
        "venue": "Applications and Theory of Petri Nets",
        "id": "45193",
        "label": "0",
        "organization": "null"
    },
    {
        "title": "Convex geometry and semiflows in P/T nets. A comparative study of algorithms for computation of minimal P-semiflows",
        "year": "1989",
        "authors": "Jose Manuel Colom,Manuel Silva",
        "venue": "Applications and Theory of Petri Nets",
        "id": "45206",
        "label": "0",
        "organization": "null"
    },
    {
        "title": "Improving the linearly based characterization of P/T nets",
        "year": "1989",
        "authors": "Jose Manuel Colom,Manuel Silva",
        "venue": "Applications and Theory of Petri Nets",
        "id": "45208",
        "label": "0",
        "organization": "null"
    },
    {
        "title": "Structural Characterization and Qualitative Properties of Product Form Stochastic Petri Nets",
        "year": "2001",
        "authors": "Serge Haddad,Patrice Moreaux,Matteo Sereno,Manuel Silva",
        "venue": "ICATPN",
        "id": "45311",
        "label": "0",
        "organization": "null"
    },
    {
        "title": "On Reachability in Autonomous Continuous Petri Net Systems",
        "year": "2003",
        "authors": "Jorge Julvez,Laura Recalde,Manuel Silva",
        "venue": "ICATPN",
        "id": "45373",
        "label": "0",
        "organization": "null"
    },
    {
        "title": "A Simple and Fast Algorithm to Obtain All Invariants of a Generalized Petri Net",
        "year": "1981",
        "authors": "J. Martinez,Manuel Silva",
        "venue": "Selected Papers from the First and the Second European Workshop on Application and Theory of Petri Nets",
        "id": "45463",
        "label": "0",
        "organization": "null"
    },
    {
        "title": "{SC}*ECS: A Class of Modular and Hierarchical Cooperating Systems",
        "year": "1996",
        "authors": "Laura Recalde,Enrique Teruel,Manuel Silva",
        "venue": "Application and Theory of Petri Nets",
        "id": "45478",
        "label": "0",
        "organization": "null"
    },
    {
        "title": "Autonomous Continuous P/T Systems",
        "year": "1999",
        "authors": "Laura Recalde,Enrique Teruel,Manuel Silva",
        "venue": "ICATPN",
        "id": "45480",
        "label": "0",
        "organization": "null"
    },
    {
        "title": "Interleaving Functional and Performance Structural Analysis of Net Models",
        "year": "1993",
        "authors": "Manuel Silva",
        "venue": "Application and Theory of Petri Nets",
        "id": "45580",
        "label": "0",
        "organization": "null"
    },
    {
        "title": "On the Computation of Structural Synchronic Invariants in P/T Nets",
        "year": "1987",
        "authors": "Manuel Silva,Jose Manuel Colom",
        "venue": "European Workshop on Applications and Theory of Petri Nets",
        "id": "45582",
        "label": "0",
        "organization": "null"
    },
    {
        "title": "Continuization of Timed Petri Nets: From Performance Evaluation to Observation and Control",
        "year": "2005",
        "authors": "Manuel Silva,Laura Recalde",
        "venue": "ICATPN",
        "id": "45584",
        "label": "0",
        "organization": "null"
    },
    {
        "title": "Petri nets and flexible manufacturing",
        "year": "1988",
        "authors": "Manuel Silva,Robert Valette",
        "venue": "European Workshop on Applications and Theory in Petri Nets",
        "id": "45586",
        "label": "0",
        "organization": "null"
    },
    {
        "title": "On Weighted T-Systems",
        "year": "1992",
        "authors": "Enrique Teruel,Piotr Chrzastowski-Wachtel,Jose Manuel Colom,Manuel Silva",
        "venue": "Application and Theory of Petri Nets",
        "id": "45613",
        "label": "0",
        "organization": "null"
    },
    {
        "title": "Liveness and Home States in Equal Conflict Systems",
        "year": "1993",
        "authors": "Enrique Teruel,Manuel Silva",
        "venue": "Application and Theory of Petri Nets",
        "id": "45614",
        "label": "0",
        "organization": "null"
    },
    {
        "title": "Well-Formedness of Equal Conflict Systems",
        "year": "1994",
        "authors": "Enrique Teruel,Manuel Silva",
        "venue": "Application and Theory of Petri Nets",
        "id": "45615",
        "label": "0",
        "organization": "null"
    },
    {
        "title": "Continuous Petri Nets: Expressive Power and Decidability Issues",
        "year": "2007",
        "authors": "Laura Recalde,Serge Haddad,Manuel Silva",
        "venue": "ATVA",
        "id": "59011",
        "label": "0",
        "organization": "null"
    },
    {
        "title": "Compositional Synthesis of Live and Bounded Free Choice Petri Nets",
        "year": "1991",
        "authors": "Javier Esparza,Manuel Silva",
        "venue": "CONCUR",
        "id": "114188",
        "label": "0",
        "organization": "null"
    },
    {
        "title": "A two steps method: non linear regression and pruning neural network for analyzing multicomponent mixtures",
        "year": "2001",
        "authors": "Cesar Hervas-Martinez,Jose Antonio Martinez Heras,Sebastian Ventura,Manuel Silva",
        "venue": "ESANN",
        "id": "187088",
        "label": "1",
        "organization": "null"
    },
    {
        "title": "On the Computational Power of Timed Differentiable Petri Nets",
        "year": "2006",
        "authors": "Serge Haddad,Laura Recalde,Manuel Silva",
        "venue": "FORMATS",
        "id": "212831",
        "label": "0",
        "organization": "null"
    },
    {
        "title": "On Controllability of Timed Continuous Petri Nets",
        "year": "2008",
        "authors": "C. Renato Vazquez,Antonio Ramirez,Laura Recalde,Manuel Silva",
        "venue": "HSCC",
        "id": "258003",
        "label": "0",
        "organization": "Dep. de Inform tica e Ingenier a de Sistemas, Centro Polit cnico Superior, Universidad de Zaragoza, Zaragoza, Spain E-50018"
    },
    {
        "title": "On Optimal Scheduling in DEDS",
        "year": "1993",
        "authors": "Antonio Ramirez,Javier Campos,Manuel Silva",
        "venue": "ICRA (3)",
        "id": "354543",
        "label": "0",
        "organization": "Dpto. Ingenieria Electrica e Inf., Zaragoza Univ."
    },
    {
        "title": "Modelling and Analysis of Deterministic Concurrent Systems with Bulk Services and Arrivals",
        "year": "1993",
        "authors": "Enrique Teruel,Jose Manuel Colom,Manuel Silva",
        "venue": "Decentralized and Distributed Systems",
        "id": "378480",
        "label": "0",
        "organization": "null"
    },
    {
        "title": "Understanding Users' Response To Ontology Based Systems In The Context Of An Enterprise Sponsored Virtual Community",
        "year": "2007",
        "authors": "Carla Pereira,Manuel Silva,Joana Fernandes,Antonio Lucas Soares",
        "venue": "Virtual Enterprises and Collaborative Networks",
        "id": "381734",
        "label": "3",
        "organization": "null"
    },
    {
        "title": "A Genetic Algorithm for Sex-Fair Stable Marriage Problem",
        "year": "1995",
        "authors": "Morikazu Nakamura,Kenji Onaga,Seiki Kyan,Manuel Silva",
        "venue": "ISCAS",
        "id": "423099",
        "label": "0",
        "organization": "null"
    },
    {
        "title": "Developing Enterprise Sponsored Virtual Communities: The Case of a SME's Knowledge Community",
        "year": "2006",
        "authors": "Antonio Lucas Soares,Dora Simoes,Manuel Silva,Ricardo Madureira",
        "venue": "OTM Workshops (1)",
        "id": "524555",
        "label": "3",
        "organization": "null"
    },
    {
        "title": "On Periodic Schedules for Deterministically Timed Petri Net Systems",
        "year": "1991",
        "authors": "Kenji Onaga,Manuel Silva,Toshimasa Watanabe",
        "venue": "PNPM",
        "id": "543465",
        "label": "0",
        "organization": "Dept. of Circuits & Syst., Hiroshima Univ."
    },
    {
        "title": "Tight Polynomial Bounds for Steady-State Performance of Marked Graphs",
        "year": "1989",
        "authors": "Javier Campos,Giovanni Chiola,Jose Manuel Colom,Manuel Silva",
        "venue": "PNPM",
        "id": "543466",
        "label": "0",
        "organization": "Dept. de Ingenieria Electr. e Inf., Zaragoza Univ."
    },
    {
        "title": "Properties and Steady-State Performance Bounds for Petri Nets with Unique Repetitive Firing Count Vector",
        "year": "1989",
        "authors": "Javier Campos,Giovanni Chiola,Manuel Silva",
        "venue": "PNPM",
        "id": "543468",
        "label": "0",
        "organization": "Dept. de Ingenieria Electr. e Inf., Zaragoza Univ."
    },
    {
        "title": "Througput Upper Bounds for Markovian Petri Nets: Embedded Subnets and Queueing Networks",
        "year": "1991",
        "authors": "Javier Campos,Manuel Silva",
        "venue": "PNPM",
        "id": "543470",
        "label": "0",
        "organization": "null"
    },
    {
        "title": "Througput Lower Bounds for Markovian Petri Nets: Transformation Techniques",
        "year": "1991",
        "authors": "Javier Campos,Beatriz Sanchez,Manuel Silva",
        "venue": "PNPM",
        "id": "543472",
        "label": "0",
        "organization": "null"
    },
    {
        "title": "Unforced Continuous Petri Nets and Positive Systems",
        "year": "2003",
        "authors": "Manuel Silva,Laura Recalde",
        "venue": "POSTA",
        "id": "547408",
        "label": "0",
        "organization": "null"
    },
    {
        "title": "On Observability in Timed Continuous Petri Net Systems",
        "year": "2004",
        "authors": "Jorge Julvez,Emilio Jimenez,Laura Recalde,Manuel Silva",
        "venue": "QEST",
        "id": "556566",
        "label": "0",
        "organization": "Universidad de Zaragoza, Spain"
    },
    {
        "title": "Design of observers for timed continuous Petri net systems",
        "year": "2004",
        "authors": "Jorge Julvez,Emilio Jimenez,Laura Recalde,Manuel Silva",
        "venue": "SMC (2)",
        "id": "606783",
        "label": "0",
        "organization": "Dep. de Informatica e Ingenieria de Sistemas, Zaragoza Univ., Spain"
    },
    {
        "title": "Relaxed continuous views of discrete event systems: considerations on Forrester diagrams and Petri nets",
        "year": "2004",
        "authors": "Emilio Jimenez,Jorge Julvez,Laura Recalde,Manuel Silva",
        "venue": "SMC (5)",
        "id": "606905",
        "label": "0",
        "organization": "Dept. Ingenieria Eloctrica, Universidad de La Rioja, Spain"
    },
    {
        "title": "Two heuristics for the improvement of a two-phase optimization method for manufacturing systems",
        "year": "2004",
        "authors": "Diego Rodriguez,Armin Zimmermann,Manuel Silva",
        "venue": "SMC (2)",
        "id": "607174",
        "label": "0",
        "organization": "Zaragoza Univ., Spain"
    },
    {
        "title": "Improving the Quantification of Highly Overlapping Chromatographic Peaks by Using Product Unit Neural Networks Modeled by an Evolutionary Algorithm",
        "year": "2005",
        "authors": "Cesar Hervas-Martinez,Alfonso Carlos Martinez,Manuel Silva,Juan Manuel Serrano",
        "venue": "Journal of Chemical Information and Modeling",
        "id": "966909",
        "label": "1",
        "organization": "null"
    },
    {
        "title": "Heuristic Extraction of Rules in Pruned Artificial Neural Networks Models Used for Quantifying Highly Overlapping Chromatographic Peaks",
        "year": "2004",
        "authors": "Cesar Hervas-Martinez,Manuel Silva,Juan Manuel Serrano,Eva Orejuela",
        "venue": "Journal of Chemical Information and Modeling",
        "id": "966910",
        "label": "1",
        "organization": "null"
    },
    {
        "title": "Correction of Temperature Variations in Kinetic-Based Determinations by Use of Pruning Computational Neural Networks in Conjunction with Genetic Algorithms",
        "year": "2000",
        "authors": "Cesar Hervas,Jose Antonio Algar,Manuel Silva",
        "venue": "Journal of Chemical Information and Computer Sciences",
        "id": "966911",
        "label": "1",
        "organization": "null"
    },
    {
        "title": "Use of Pruned Computational Neural Networks for Processing the Response of Oscillating Chemical Reactions with a View to Analyzing Nonlinear Multicomponent Mixtures",
        "year": "2001",
        "authors": "Cesar Hervas,Rocio Toledo,Manuel Silva",
        "venue": "Journal of Chemical Information and Computer Sciences",
        "id": "966912",
        "label": "1",
        "organization": "null"
    },
    {
        "title": "Computational Neural Networks for Resolving Nonlinear Multicomponent Systems Based on Chemiluminescence Methods",
        "year": "1998",
        "authors": "Cesar Hervas,Sebastian Ventura,Manuel Silva,Dolores Perez-Bendito",
        "venue": "Journal of Chemical Information and Computer Sciences",
        "id": "966913",
        "label": "1",
        "organization": "null"
    },
    {
        "title": "Computational Neural Networks in Conjunction with Principal Component Analysis for Resolving Highly Nonlinear Kinetics",
        "year": "1997",
        "authors": "Sebastian Ventura,Manuel Silva,Dolores Perez-Bendito,Cesar Hervas",
        "venue": "Journal of Chemical Information and Computer Sciences",
        "id": "968870",
        "label": "1",
        "organization": "null"
    },
    {
        "title": "Estimation of Parameters of Kinetic Compartmental Models by Use of Computational Neural Networks",
        "year": "1997",
        "authors": "Sebastian Ventura,Manuel Silva,Dolores Perez-Bendito,Cesar Hervas",
        "venue": "Journal of Chemical Information and Computer Sciences",
        "id": "968872",
        "label": "1",
        "organization": "null"
    },
    {
        "title": "On Linear Algebraic Techniques for Liveness Analysis of P/T Systems",
        "year": "1998",
        "authors": "Laura Recalde,Enrique Teruel,Manuel Silva",
        "venue": "Journal of Circuits, Systems, and Computers",
        "id": "971017",
        "label": "0",
        "organization": "null"
    },
    {
        "title": "B-Fairness and Structural B-Fairness in Petri Net Models of Concurrent Systems",
        "year": "1992",
        "authors": "Manuel Silva,Tadao Murata",
        "venue": "J. Comput. Syst. Sci.",
        "id": "972968",
        "label": "0",
        "organization": "null"
    },
    {
        "title": "Approximate Throughput Computation of Stohastic Marked Graphs",
        "year": "1992",
        "authors": "Hauke Jungnitz,Beatriz Sanchez,Manuel Silva",
        "venue": "J. Parallel Distrib. Comput.",
        "id": "989013",
        "label": "0",
        "organization": "null"
    },
    {
        "title": "Embedded Product-Form Queueing Networks and the Improvement of Performance Bounds for Petri Net Systems",
        "year": "1993",
        "authors": "Javier Campos,Manuel Silva",
        "venue": "Perform. Eval.",
        "id": "1036526",
        "label": "0",
        "organization": "null"
    },
    {
        "title": "Product-form and stochastic Petri nets: a structural approach",
        "year": "2005",
        "authors": "Serge Haddad,Patrice Moreaux,Matteo Sereno,Manuel Silva",
        "venue": "Perform. Eval.",
        "id": "1036760",
        "label": "0",
        "organization": "null"
    },
    {
        "title": "A Polynomial-Time Algorithm to Decide Liveness of Bounded Free Choice Nets",
        "year": "1992",
        "authors": "Javier Esparza,Manuel Silva",
        "venue": "Theor. Comput. Sci.",
        "id": "1090964",
        "label": "0",
        "organization": "null"
    },
    {
        "title": "Structure theory of multi-level deterministically synchronized sequential processes",
        "year": "2001",
        "authors": "Laura Recalde,Enrique Teruel,Manuel Silva",
        "venue": "Theor. Comput. Sci.",
        "id": "1094177",
        "label": "0",
        "organization": "Univ. de Zaragoza, Zaragoza, Spain"
    },
    {
        "title": "Structure Theory of Equal Conflict Systems",
        "year": "1996",
        "authors": "Enrique Teruel,Manuel Silva",
        "venue": "Theor. Comput. Sci.",
        "id": "1094904",
        "label": "0",
        "organization": "null"
    },
    {
        "title": "Words avoiding repetitions in arithmetic progressions",
        "year": "2008",
        "authors": "Jui-Yi Kao,Narad Rampersad,Jeffrey Shallit,Manuel Silva",
        "venue": "Theor. Comput. Sci.",
        "id": "1095963",
        "label": "2",
        "organization": "Departamento de Matem tica, Universidade Nova de Lisboa, Quinta da Torre, 2829-516 Caparica, Portugal"
    },
    {
        "title": "Approximate Throughput Computation of Stochastic Marked Graphs",
        "year": "1994",
        "authors": "Javier Campos,Jose Manuel Colom,Hauke Jungnitz,Manuel Silva",
        "venue": "IEEE Trans. Software Eng.",
        "id": "1127675",
        "label": "0",
        "organization": "Dept. de Ingenieria Electr. e Inf., Zaragoza Univ."
    },
    {
        "title": "Ergodicity and Throughput Bounds of Petri Nets with Unique Consistent Firing Count Vector",
        "year": "1991",
        "authors": "Javier Campos,Giovanni Chiola,Manuel Silva",
        "venue": "IEEE Trans. Software Eng.",
        "id": "1127676",
        "label": "0",
        "organization": "Univ. de Zaragoza, Zaragoza, Spain"
    },
    {
        "title": "Structured Solution of Asynchronously Communicating Stochastic Modules",
        "year": "1999",
        "authors": "Javier Campos,Susanna Donatelli,Manuel Silva",
        "venue": "IEEE Trans. Software Eng.",
        "id": "1127677",
        "label": "0",
        "organization": "Dept. de Inf. & Ingenieria de Sistemas, Zaragoza Univ."
    },
    {
        "title": "Petri nets and integrality relaxations: A view of continuous Petri net models",
        "year": "2002",
        "authors": "Manuel Silva,Laura Recalde",
        "venue": "IEEE Transactions on Systems, Man, and Cybernetics, Part C",
        "id": "1132101",
        "label": "0",
        "organization": "Dept. de Informatica e Ingenieria de Sistemas, Univ. de Zaragoza, Spain"
    },
    {
        "title": "Tracking Control of Join-Free Timed Continuous Petri Net Systems under Infinite Servers Semantics",
        "year": "2008",
        "authors": "Jing Xu,Laura Recalde,Manuel Silva",
        "venue": "Discrete Event Dynamic Systems",
        "id": "1164832",
        "label": "0",
        "organization": "Instituto de Investigaci n en Ingenier a de Arag n (I3A), Departamento de Inform tica e Ingenier a de Sistemas, Centro Polit cnico Superior, Universidad de Zaragoza, Saragossa, Spain"
    },
    {
        "title": "Steady-state performance evaluation of continuous mono-T-semiflow Petri nets",
        "year": "2005",
        "authors": "Jorge Julvez,Laura Recalde,Manuel Silva",
        "venue": "Automatica",
        "id": "1181893",
        "label": "0",
        "organization": "null"
    },
    {
        "title": "Stochastic continuous-state approximation of Markovian Petri net systems",
        "year": "2008",
        "authors": "Carlos Renato Vazquez,Laura Recalde,Manuel Silva",
        "venue": "CDC",
        "id": "1218486",
        "label": "0",
        "organization": "Dep. de Inf. e Ing. de Sist., Univ. de Zaragoza, Zaragoza, Spain"
    },
    {
        "title": "Formal analysis of timed continuous Petri nets",
        "year": "2008",
        "authors": "Marius Kloetzer,Cristian Mahulea,Calin Belta,Laura Recalde,Manuel Silva",
        "venue": "CDC",
        "id": "1218576",
        "label": "0",
        "organization": "Center for Inf. & Syst. Eng., Boston Univ., Brookline, MA, USA"
    },
    {
        "title": "Petri Nets applied to the modelling and analysis of computer architecture problems",
        "year": "1993",
        "authors": "Manuel Silva,Jose Manuel Colom",
        "venue": "Advances in Information Security",
        "id": "1278413",
        "label": "0",
        "organization": "null"
    },
    {
        "title": "Steady-State Control Reference and Token Conservation Laws in Continuous Petri Net Systems",
        "year": "2008",
        "authors": "Cristian Mahulea,Antonio Ramirez-Trevino,Laura Recalde,Manuel Silva",
        "venue": "it+ti - Informationstechnik und Technische Informatik",
        "id": "1292533",
        "label": "0",
        "organization": "Univ. de Zaragoza, Zaragoza"
    },
    {
        "title": "On Observability and Design of Observers inTimed Continuous Petri Net Systems",
        "year": "2008",
        "authors": "Jorge Julvez,Emilio Jimenez,Laura Recalde,Manuel Silva",
        "venue": "it+ti - Informationstechnik und Technische Informatik",
        "id": "1292547",
        "label": "0",
        "organization": "Dept. de Inf. e Ing. de Sist., Univ. de Zaragoza, Zaragoza"
    },
    {
        "title": "Basic Server Semantics and Performance Monotonicity of Continuous Petri Nets.",
        "year": "2009",
        "authors": "Cristian Mahulea,Laura Recalde,Manuel Silva",
        "venue": "Discrete Event Dynamic Systems",
        "id": "1344529",
        "label": "0",
        "organization": "Instituto de Investigaci n en Ingenier a de Arag n (I3A), Universidad de Zaragoza, Zaragoza, Spain 50018"
    },
    {
        "title": "Closed-loop Live Marked Graphs under Generalized Mutual Exclusion Constraint Enforcement.",
        "year": "2009",
        "authors": "Francesco Basile,Laura Recalde,Pasquale Chiacchio,Manuel Silva",
        "venue": "Discrete Event Dynamic Systems",
        "id": "1344530",
        "label": "0",
        "organization": "Dep. de Inform tica e Ingenier a de Sistemas, Zaragoza, Spain 50015"
    },
    {
        "title": "Embedded product-form queueing networks and the improvement of performance bounds for the Petri net systems",
        "year": "1993",
        "authors": "Javier Campos,Manuel Silva",
        "venue": "Performance Evaluation",
        "id": "1502018",
        "label": "0",
        "organization": "null"
    },
    {
        "title": "Circuits, handles, bridges and nets",
        "year": "1991",
        "authors": "Javier Esparza,Manuel Silva",
        "venue": "Proceedings on Advances in Petri nets 1990",
        "id": "1666376",
        "label": "0",
        "organization": "null"
    },
    {
        "title": "On the analysis and synthesis of free choice systems",
        "year": "1991",
        "authors": "Javier Esparza,Manuel Silva",
        "venue": "Proceedings on Advances in Petri nets 1990",
        "id": "1684687",
        "label": "0",
        "organization": "null"
    }
]