[
    {
        "title": "RARE - Resource Aware Routing for mEsh",
        "year": "2007",
        "authors": "Karol Kowalik,Brian Keegan,Mark Davis",
        "venue": "ICC",
        "id": "277586",
        "label": "1",
        "organization": "Dublin Inst. of Technol., Dublin"
    },
    {
        "title": "An Experimental Investigation of Parallel Multimedia Streams Over IEEE 802.11e WLAN Networks Using TXOP",
        "year": "2007",
        "authors": "Nicola Cranley,Tanmoy Debnath,Mark Davis",
        "venue": "ICC",
        "id": "277878",
        "label": "1",
        "organization": "Commun. Network Res. Inst., Dublin"
    },
    {
        "title": "A Network-Based Architecture for Storing Digital Evidence",
        "year": "2005",
        "authors": "Mark Davis,Gavin Manes,Sujeet Shenoi",
        "venue": "IFIP Int. Conf. Digital Forensics",
        "id": "378761",
        "label": "2",
        "organization": "null"
    },
    {
        "title": "Extracting Concealed Data from BIOS Chips",
        "year": "2005",
        "authors": "Pavel Gershteyn,Mark Davis,Gavin Manes,Sujeet Shenoi",
        "venue": "IFIP Int. Conf. Digital Forensics",
        "id": "378765",
        "label": "2",
        "organization": "null"
    },
    {
        "title": "Detecting Data Concealment Programs Using File System Analysis",
        "year": "2006",
        "authors": "Mark Davis,Richard Kennedy,Kristina Pyles,Amanda Strickler,Sujeet Shenoi",
        "venue": "IFIP Int. Conf. Digital Forensics",
        "id": "378768",
        "label": "2",
        "organization": "null"
    },
    {
        "title": "Detecting Hidden Data in Ext2/Ext3 File Systems",
        "year": "2005",
        "authors": "Scott Piper,Mark Davis,Gavin Manes,Sujeet Shenoi",
        "venue": "IFIP Int. Conf. Digital Forensics",
        "id": "378782",
        "label": "2",
        "organization": "null"
    },
    {
        "title": "Forensic Analysis of BIOS Chips",
        "year": "2006",
        "authors": "Pavel Gershteyn,Mark Davis,Sujeet Shenoi",
        "venue": "IFIP Int. Conf. Digital Forensics",
        "id": "378838",
        "label": "2",
        "organization": "null"
    },
    {
        "title": "Countering Hostile Forensic Techniques",
        "year": "2006",
        "authors": "Scott Piper,Mark Davis,Sujeet Shenoi",
        "venue": "IFIP Int. Conf. Digital Forensics",
        "id": "378853",
        "label": "2",
        "organization": "null"
    },
    {
        "title": "The capability of the EDCA mechanism to support voice traffic in a mixed voice/data transmission over 802.11e WLANs - an experimental investigation",
        "year": "2007",
        "authors": "Miroslaw Narbutt,Mark Davis",
        "venue": "LCN",
        "id": "482492",
        "label": "1",
        "organization": "Dublin Institute of Technology, Ireland"
    },
    {
        "title": "Experimental investigation on VoIP performance and the resource utilization in 802.11b WLANs",
        "year": "2006",
        "authors": "Miroslaw Narbutt,Mark Davis",
        "venue": "LCN",
        "id": "482819",
        "label": "1",
        "organization": "Sch. of Electron. & Commun. Eng., Dublin Inst. of Technol."
    },
    {
        "title": "An Assessment of the Audio Codec Performance in Voice over WLAN (VoWLAN) Systems",
        "year": "2005",
        "authors": "Miroslaw Narbutt,Mark Davis",
        "venue": "MobiQuitous",
        "id": "506709",
        "label": "1",
        "organization": "Dublin Institute of Technology"
    },
    {
        "title": "A wireless traffic probe for radio resource management and QoS provisioning in IEEE 802.11 WLANs",
        "year": "2004",
        "authors": "Mark Davis",
        "venue": "MSWiM",
        "id": "509614",
        "label": "1",
        "organization": "Dublin Institute of Technology, IRELAND"
    },
    {
        "title": "Performance evaluation of video streaming with background traffic over IEEE 802.11 WLAN networks",
        "year": "2005",
        "authors": "Nicola Cranley,Mark Davis",
        "venue": "WMuNeP",
        "id": "509865",
        "label": "1",
        "organization": "Dublin Institute of Technology, Dublin, Ireland"
    },
    {
        "title": "A Novel Framework for Radio Resource Management in IEEE 802.11 Wireless LANs",
        "year": "2005",
        "authors": "Mark Davis,Tristan Raimondi",
        "venue": "WiOpt",
        "id": "662716",
        "label": "1",
        "organization": "Dublin Institute of Technology"
    },
    {
        "title": "Gauging VoIP Call Quality from 802.11 WLAN Resource Usage",
        "year": "2006",
        "authors": "Miroslaw Narbutt,Mark Davis",
        "venue": "WOWMOM",
        "id": "666854",
        "label": "1",
        "organization": "Dublin Institute of Technology, Ireland"
    },
    {
        "title": "Experimental tuning of AIFSN and CWmin parameters to prioritize voice over data transmission in 802.11e WLAN networks",
        "year": "2007",
        "authors": "Miroslaw Narbutt,Mark Davis",
        "venue": "IWCMC",
        "id": "699476",
        "label": "1",
        "organization": "Dublin Institute of Technology, Dublin, Ireland"
    },
    {
        "title": "An Experimental Investigation of IEEE 802.11e TXOP Facility for Real-Time Video Streaming",
        "year": "2007",
        "authors": "Nicola Cranley,Mark Davis",
        "venue": "GLOBECOM",
        "id": "704139",
        "label": "1",
        "organization": "CNRI, Dublin"
    },
    {
        "title": "A Noice Whitening approach to Multiple-Access Noise Rejection - Part II: Implementation Issues",
        "year": "1996",
        "authors": "Mark Davis,Anton M. Monk,Laurence B. Milstein",
        "venue": "IEEE Journal on Selected Areas in Communications",
        "id": "991421",
        "label": "0",
        "organization": "null"
    },
    {
        "title": "Experimental Evaluation of the Hewlett-Packard Exemplar File System",
        "year": "1997",
        "authors": "Rajesh Bordawekar,Steven Landherr,Don Capps,Mark Davis",
        "venue": "SIGMETRICS Performance Evaluation Review",
        "id": "1063868",
        "label": "3",
        "organization": "null"
    },
    {
        "title": "An Evaluation of a Conservative Transmit Power Control Mechanism on an Indoor 802.11 Wireless Mesh Testbed",
        "year": "2008",
        "authors": "Karol Kowalik,Marek Bykowski,Brian Keegan,Mark Davis",
        "venue": "Computers & Chemical Engineering",
        "id": "1262730",
        "label": "1",
        "organization": "null"
    },
    {
        "title": "MeshScan: fast and efficient handoff in IEEE802.11 mesh networks.",
        "year": "2009",
        "authors": "Yin Chen,Karol Kowalik,Mark Davis",
        "venue": "null",
        "id": "1311688",
        "label": "1",
        "organization": "Dublin Institute of Technology, Dublin, Ireland"
    },
    {
        "title": "The Unicode standard version 3.0",
        "year": "1999",
        "authors": "Joan Aliprand,Julie Allen,Joe Becker,Mark Davis,Michael Everson,Asmus Freytag,John H. Jenkins,Mike Ksar,Rick McGowan,Lisa Moore,Michel Suignard,Ken Whistler",
        "venue": "null",
        "id": "1544594",
        "label": "4",
        "organization": "The Unicode Consortium"
    },
    {
        "title": "International text in JDK 1.2",
        "year": "2000",
        "authors": "Mark Davis,Doug Felt,John Raley",
        "venue": "More Java gems",
        "id": "1548374",
        "label": "3",
        "organization": "null"
    },
    {
        "title": "Classical optimizations in Ada",
        "year": "1981",
        "authors": "Mark Davis",
        "venue": "ACM SIGAda Ada Letters",
        "id": "1564772",
        "label": "5",
        "organization": "Intermetrics, Inc., Cambridge, Mass."
    }
]