[
    {
        "title": "Rule-Based Anomaly Pattern Detection for Detecting Disease Outbreaks",
        "year": "2002",
        "authors": "Weng-Keen Wong,Andrew W. Moore,Gregory F. Cooper,Michael Wagner",
        "venue": "AAAI/IAAI",
        "id": "15485",
        "label": "0",
        "organization": "null"
    },
    {
        "title": "Face-Voice Authentication Based on 3D Face Models",
        "year": "2006",
        "authors": "Girija Chetty,Michael Wagner",
        "venue": "ACCV (1)",
        "id": "17995",
        "label": "1",
        "organization": "null"
    },
    {
        "title": "Fuzzy C-Means Clustering-Based Speaker Verification",
        "year": "2002",
        "authors": "Dat Tran,Michael Wagner",
        "venue": "AFSS",
        "id": "29434",
        "label": "1",
        "organization": "null"
    },
    {
        "title": "Noise Clustering-Based Speaker Verification",
        "year": "2002",
        "authors": "Dat Tran,Michael Wagner",
        "venue": "AFSS",
        "id": "29435",
        "label": "1",
        "organization": "null"
    },
    {
        "title": "Generalised Fuzzy Hidden Markov Models for Speech Recognition",
        "year": "2002",
        "authors": "Dat Tran,Michael Wagner",
        "venue": "AFSS",
        "id": "29436",
        "label": "1",
        "organization": "null"
    },
    {
        "title": "Anatomische Abbildung elektrischer Aktivitat des ZNS",
        "year": "1996",
        "authors": "R. Beckmann,Helmut Buchner,G. Knoll,A. Rienacker,Manfred Fuchs,Michael Wagner,Jiri Silny,J. Pesch",
        "venue": "Bildverarbeitung fur die Medizin",
        "id": "64004",
        "label": "4",
        "organization": "null"
    },
    {
        "title": "Model-based EEG and MEG Source Reconstruction Methods",
        "year": "1996",
        "authors": "Michael Wagner,Manfred Fuchs,Hans-Aloys Wischmann,Ralf Drenckhahn,Thomas Kohler",
        "venue": "Bildverarbeitung fur die Medizin",
        "id": "64575",
        "label": "4",
        "organization": "null"
    },
    {
        "title": "Restoration of the Sphere-Cortex Homeomorphism",
        "year": "2006",
        "authors": "Andreas Mang,Michael Wagner,Jan Muller,Manfred Fuchs,Thorsten M. Buzug",
        "venue": "Bildverarbeitung fur die Medizin",
        "id": "64716",
        "label": "4",
        "organization": "null"
    },
    {
        "title": "Interaction in a collaborative augmented reality environment",
        "year": "2002",
        "authors": "Holger Regenbrecht,Michael Wagner",
        "venue": "CHI Extended Abstracts",
        "id": "89984",
        "label": "6",
        "organization": "null"
    },
    {
        "title": "A Comprehensive Context Modeling Framework for Pervasive Computing Systems",
        "year": "2008",
        "authors": "Roland Reichle,Michael Wagner,Mohammad Ullah Khan,Kurt Geihs,Jorge Lorenzo,Massimo Valla,Cristina Fra,Nearchos Paspallis,George A. Papadopoulos",
        "venue": "DAIS",
        "id": "139745",
        "label": "7",
        "organization": "null"
    },
    {
        "title": "Audio-Video Person Authentication Based on 3D Facial Feature Warping",
        "year": "2005",
        "authors": "Girija Chetty,Michael Wagner",
        "venue": "DICTA",
        "id": "155535",
        "label": "1",
        "organization": "University of Canberra"
    },
    {
        "title": "A Robust Speaking Face Modelling Approach Based on Multilevel Fusion",
        "year": "2007",
        "authors": "Girija Chetty,Michael Wagner",
        "venue": "DICTA",
        "id": "155766",
        "label": "1",
        "organization": "null"
    },
    {
        "title": "An e-Learning Tool for the Austrian Citizen Card",
        "year": "2004",
        "authors": "Peter Parycek,Johannes Schneider,Michael Wagner",
        "venue": "EGOV",
        "id": "179274",
        "label": "8",
        "organization": "null"
    },
    {
        "title": "Exploiting Spatial and Temporal Locality of Accesses: A New Hardware-Based Monitoring Approach for DSM Systems",
        "year": "1998",
        "authors": "Robert Hockauf,Wolfgang Karl,Markus Leberecht,Michael Oberhuber,Michael Wagner",
        "venue": "Euro-Par",
        "id": "196641",
        "label": "10",
        "organization": "null"
    },
    {
        "title": "A Proposed Fuzzy Pattern Verification System",
        "year": "2001",
        "authors": "Dat Tran,Michael Wagner",
        "venue": "FUZZ-IEEE",
        "id": "221560",
        "label": "1",
        "organization": "null"
    },
    {
        "title": "Re-inventing icons: using animation as cues in icons for the visually impaired",
        "year": "2001",
        "authors": "Stephanie Ludi,Michael Wagner",
        "venue": "HCI",
        "id": "240447",
        "label": "8",
        "organization": "null"
    },
    {
        "title": "Image Restoration by Fuzzy Convex Ordinary Kriging",
        "year": "2000",
        "authors": "Tuan D. Pham,Michael Wagner",
        "venue": "ICIP",
        "id": "320468",
        "label": "1",
        "organization": "Sch. of Comput., Canberra Univ., ACT"
    },
    {
        "title": "Bayesian Network Anomaly Pattern Detection for Disease Outbreaks",
        "year": "2003",
        "authors": "Weng-Keen Wong,Andrew W. Moore,Gregory F. Cooper,Michael Wagner",
        "venue": "ICML",
        "id": "335961",
        "label": "0",
        "organization": "null"
    },
    {
        "title": "Information based Speaker Verification",
        "year": "2000",
        "authors": "Tuan D. Pham,Michael Wagner",
        "venue": "ICPR",
        "id": "348329",
        "label": "1",
        "organization": "Sch. of Comput., Univ. of Canberra, ACT"
    },
    {
        "title": "EventScope: Bringing Remote Experience of Mars to the Public through Telepresence",
        "year": "2004",
        "authors": "Eben Myers,Peter Coppin,Michael Wagner,Karl Fischer,Luisa Lu,W. Ronald McCloskey,David Seneker",
        "venue": "INFOVIS",
        "id": "404800",
        "label": "1",
        "organization": "Carnegie Mellon University"
    },
    {
        "title": "An Augmented Virtuality Approach to 3D Videoconferencing",
        "year": "2003",
        "authors": "Holger Regenbrecht,Claudia Ott,Michael Wagner,Tim Lum,Petra Kohler,Wilhelm Wilke,Erich Mueller",
        "venue": "ISMAR",
        "id": "438125",
        "label": "6",
        "organization": "DaimlerChrysler AG, Stuttgart, Germany"
    },
    {
        "title": "Testing Voice Mimicry with the YOHO Speaker Verification Corpus",
        "year": "2005",
        "authors": "Yee W. Lau,Dat Tran,Michael Wagner",
        "venue": "KES (4)",
        "id": "474997",
        "label": "1",
        "organization": "null"
    },
    {
        "title": "A Context Query Language for Pervasive Computing Environments",
        "year": "2008",
        "authors": "Roland Reichle,Michael Wagner,Mohammad Ullah Khan,Kurt Geihs,Massimo Valla,Cristina Fra,Nearchos Paspallis,George A. Papadopoulos",
        "venue": "PerCom",
        "id": "539100",
        "label": "7",
        "organization": "Distrib. Syst. Group, Kassel Univ., Kassel"
    },
    {
        "title": "pPCx: Parallel Software for Linear Programming",
        "year": "1997",
        "authors": "Thomas F. Coleman,Joseph Czyzyk,Chunguang Sun,Michael Wagner,Stephen J. Wright",
        "venue": "PPSC",
        "id": "548894",
        "label": "11",
        "organization": "null"
    },
    {
        "title": "Audio Visual Speaker Verification Based on Hybrid Fusion of Cross Modal Features",
        "year": "2007",
        "authors": "Girija Chetty,Michael Wagner",
        "venue": "PReMI",
        "id": "551223",
        "label": "1",
        "organization": "null"
    },
    {
        "title": "Mapping visual notations to MOF compliant models with QVT relations",
        "year": "2007",
        "authors": "Matthias Erche,Michael Wagner,Christian Hein",
        "venue": "SAC",
        "id": "569058",
        "label": "12",
        "organization": "IKV++ Technologies AG, Berlin, Germany"
    },
    {
        "title": "Bayesian Biosurveillance of Disease Outbreaks",
        "year": "2004",
        "authors": "Gregory F. Cooper,Denver Dash,John Levander,Weng-Keen Wong,William R. Hogan,Michael Wagner",
        "venue": "UAI",
        "id": "633143",
        "label": "0",
        "organization": "null"
    },
    {
        "title": "The EventScope Remote Science Operations Tool: Using a Visualization of a Remote Location as an Interface for Robotic Exploration",
        "year": "2005",
        "authors": "Eben Myers,Peter Coppin,Michael Wagner,Luisa Lu,W. Ronald McCloskey,David Seneker,Kevin McCloskey",
        "venue": "IEEE Visualization",
        "id": "640099",
        "label": "1",
        "organization": "null"
    },
    {
        "title": "Outpatient Clinic Scheduling - A Simulation Approach",
        "year": "2004",
        "authors": "Ming Guo,Michael Wagner,Constance E. West",
        "venue": "Winter Simulation Conference",
        "id": "668851",
        "label": "11",
        "organization": "null"
    },
    {
        "title": "Early Outbreak Detection Using an Automated Data Feed of Test Orders from a Veterinary Diagnostic Laboratory",
        "year": "2007",
        "authors": "Loren Shaffer,Julie Funk,Paivi Rajala-Schultz,Garrick L. Wallstrom,Thomas Wittum,Michael Wagner,William Saville",
        "venue": "BioSurveillance",
        "id": "694338",
        "label": "0",
        "organization": "null"
    },
    {
        "title": "Computational protein biomarker prediction: a case study for prostate cancer",
        "year": "2004",
        "authors": "Michael Wagner,Dayanand N. Naik,Alex Pothen,Srinivas Kasukurti,Raghu Ram Devineni,Bao-Ling Adam,John O. Semmes,George L. Wright Jr",
        "venue": "BMC Bioinformatics",
        "id": "769141",
        "label": "11",
        "organization": "null"
    },
    {
        "title": "A tangible AR desktop environment",
        "year": "2001",
        "authors": "Holger Regenbrecht,Gregory Baratoff,Michael Wagner",
        "venue": "Computers  Graphics",
        "id": "785772",
        "label": "6",
        "organization": "null"
    },
    {
        "title": "Performance Evaluation Methodologies for Abstract Data Type Implementation Techniques",
        "year": "1987",
        "authors": "Ray Ford,Michael Wagner",
        "venue": "Comput. Lang.",
        "id": "792386",
        "label": "2",
        "organization": "null"
    },
    {
        "title": "Geschaftsprozesgestaltung durch Kommunikation und Information",
        "year": "1998",
        "authors": "Michael Wagner",
        "venue": "HMD - Praxis Wirtschaftsinform.",
        "id": "886334",
        "label": "3",
        "organization": "null"
    },
    {
        "title": "User verification through pointing characteristics: an exploration examination",
        "year": "1996",
        "authors": "Kate Barrelle,William Laverty,Ron Henderson,Jon Gough,Michael Wagner,Michael Hiron",
        "venue": "Int. J. Hum.-Comput. Stud.",
        "id": "911832",
        "label": "1",
        "organization": "null"
    },
    {
        "title": "Optimizing digraph-latency based biometric typist verification systems: inter and intra typist differences in digraph latency distributions",
        "year": "1995",
        "authors": "Doug Mahar,Renee Napier,Michael Wagner,William Laverty,Ron Henderson,Michael Hiron",
        "venue": "Int. J. Hum.-Comput. Stud.",
        "id": "912841",
        "label": "1",
        "organization": "null"
    },
    {
        "title": "Keyboard user verification: toward an accurate, efficient, and ecologically valid algorithm",
        "year": "1995",
        "authors": "Renee Napier,William Laverty,Doug Mahar,Ron Henderson,Michael Hiron,Michael Wagner",
        "venue": "Int. J. Hum.-Comput. Stud.",
        "id": "912973",
        "label": "1",
        "organization": "null"
    },
    {
        "title": "Image Enhancement by Kriging and Fuzzy Sets",
        "year": "2000",
        "authors": "Tuan D. Pham,Michael Wagner",
        "venue": "IJPRAI",
        "id": "919313",
        "label": "1",
        "organization": "null"
    },
    {
        "title": "A Fuzzy Approach to Speaker Verification",
        "year": "2002",
        "authors": "Dat Tran,Michael Wagner",
        "venue": "IJPRAI",
        "id": "919453",
        "label": "1",
        "organization": "null"
    },
    {
        "title": "Verteilte Suche nach digitalen Wasserzeichen in eMule",
        "year": "2007",
        "authors": "Michael Wagner",
        "venue": "Informatik Spektrum",
        "id": "926746",
        "label": "5",
        "organization": "null"
    },
    {
        "title": "Robust face-voice based speaker identity verification using multilevel fusion",
        "year": "2008",
        "authors": "Girija Chetty,Michael Wagner",
        "venue": "Image Vision Comput.",
        "id": "947753",
        "label": "1",
        "organization": "Human Computer Communication Laboratory, School of Information Sciences and Engineering, University of Canberra, LPO Box 340, Building 11, UC, Bruce, ACT 2601, Australia"
    },
    {
        "title": "Speaker Verification with Fuzzy Fusion and Genetic Optimization",
        "year": "1999",
        "authors": "Tuan D. Pham,Michael Wagner",
        "venue": "JACIII",
        "id": "949062",
        "label": "1",
        "organization": "null"
    },
    {
        "title": "Linear Regression Models for Solvent Accessibility Prediction in Proteins",
        "year": "2005",
        "authors": "Michael Wagner,Rafal Adamczak,Aleksey A. Porollo,Jaroslaw Meller",
        "venue": "Journal of Computational Biology",
        "id": "962261",
        "label": "11",
        "organization": "null"
    },
    {
        "title": "Maximum feasibility guideline in the design and analysis of protein folding potentials",
        "year": "2002",
        "authors": "Jaroslaw Meller,Michael Wagner,Ron Elber",
        "venue": "Journal of Computational Chemistry",
        "id": "963756",
        "label": "11",
        "organization": "null"
    },
    {
        "title": "What's Strange About Recent Events (WSARE): An Algorithm for the Early Detection of Disease Outbreaks",
        "year": "2005",
        "authors": "Weng-Keen Wong,Andrew W. Moore,Gregory F. Cooper,Michael Wagner",
        "venue": "Journal of Machine Learning Research",
        "id": "985172",
        "label": "0",
        "organization": "null"
    },
    {
        "title": "Large-scale linear programming techniques for the design of protein folding potentials",
        "year": "2004",
        "authors": "Michael Wagner,Jaroslaw Meller,Ron Elber",
        "venue": "Math. Program.",
        "id": "1014329",
        "label": "11",
        "organization": "Cincinnati Children&#x2019;s Hospital Research Foundation, University of Cincinnati, Biomedical Informatics, OH 45229-3039, Cincinnati, USA"
    },
    {
        "title": "probeBase: an online resource for rRNA-targeted oligonucleotide probes",
        "year": "2003",
        "authors": "Alexander Loy,Matthias Horn,Michael Wagner",
        "venue": "Nucleic Acids Research",
        "id": "1019096",
        "label": "9",
        "organization": "null"
    },
    {
        "title": "probeBase - an online resource for rRNA-targeted oligonucleotide probes: new features 2007",
        "year": "2007",
        "authors": "Alexander Loy,Frank Maixner,Michael Wagner,Matthias Horn",
        "venue": "Nucleic Acids Research",
        "id": "1021056",
        "label": "9",
        "organization": "null"
    },
    {
        "title": "Similarity normalization for speaker verification by fuzzy fusion",
        "year": "2000",
        "authors": "Tuan D. Pham,Michael Wagner",
        "venue": "Pattern Recognition",
        "id": "1040921",
        "label": "1",
        "organization": "null"
    },
    {
        "title": "A geostatistical model for linear prediction analysis of speech",
        "year": "1998",
        "authors": "Tuan D. Pham,Michael Wagner",
        "venue": "Pattern Recognition",
        "id": "1040923",
        "label": "1",
        "organization": "null"
    },
    {
        "title": "Ambiguity reduction in speaker identification by the relaxation labeling process",
        "year": "1999",
        "authors": "Tuan D. Pham,Michael Wagner",
        "venue": "Pattern Recognition",
        "id": "1040925",
        "label": "1",
        "organization": "null"
    },
    {
        "title": "Using Augmented Virtuality for Remote Collaboration",
        "year": "2004",
        "authors": "Holger Regenbrecht,Tim Lum,Petra Kohler,Claudia Ott,Michael Wagner,Wilhelm Wilke,Erich Mueller",
        "venue": "Presence",
        "id": "1043346",
        "label": "6",
        "organization": "null"
    },
    {
        "title": "State mixture modelling applied to speech recognition",
        "year": "1999",
        "authors": "Dat Tran,Michael Wagner,Tongtao Zheng",
        "venue": "Pattern Recognition Letters",
        "id": "1046044",
        "label": "1",
        "organization": "null"
    },
    {
        "title": "MagicMeeting: A Collaborative Tangible Augmented Reality System",
        "year": "2002",
        "authors": "Holger Regenbrecht,Michael Wagner,Gregory Baratoff",
        "venue": "Virtual Reality",
        "id": "1138472",
        "label": "6",
        "organization": "null"
    },
    {
        "title": "Preface",
        "year": "2008",
        "authors": "Romain Rouvoy,Mauro Caporuscio,Michael Wagner",
        "venue": "ECEASST",
        "id": "1186355",
        "label": "7",
        "organization": "null"
    },
    {
        "title": "Modeling of Context-Aware Self-Adaptive Applications in Ubiquitous and Service-Oriented Environments",
        "year": "2009",
        "authors": "Kurt Geihs,Roland Reichle,Michael Wagner,Mohammad Ullah Khan",
        "venue": "Software Engineering for Self-Adaptive Systems",
        "id": "1206727",
        "label": "7",
        "organization": "Universit t Kassel, Kassel, Germany 34121"
    },
    {
        "title": "Context Inference of Users' Social Relationships and Distributed Policy Management",
        "year": "2009",
        "authors": "Alisa Devlic,Roland Reichle,Michael Wagner,Manuele Kirsch-Pinheiro,Yves Vanrompay,Yolande Berbers,Massimo Valla",
        "venue": "PerCom Workshops",
        "id": "1254387",
        "label": "7",
        "organization": "Appear Networks, Kista"
    },
    {
        "title": "Hierarchical data access in structured P2P-networks",
        "year": "2009",
        "authors": "Dirk Bradler,Lachezar Krumov,Michael Wagner,Jussi Kangasharju",
        "venue": "SpringSim",
        "id": "1260654",
        "label": "13",
        "organization": "University of Technology Darmstadt, Darmstadt, Germany"
    },
    {
        "title": "Service-Oriented Adaptation in Ubiquitous Computing Environments",
        "year": "2009",
        "authors": "Kurt Geihs,Roland Reichle,Michael Wagner,Mohammad Ullah Khan",
        "venue": "IEEE Transactions on Audio, Speech & Language Processing",
        "id": "1260908",
        "label": "7",
        "organization": "Universitdt Kassel, Kassel, Germany"
    },
    {
        "title": "Fusion of Acoustic and Linguistic Features for Emotion Detection",
        "year": "2009",
        "authors": "Florian Metze,Tim Polzehl,Michael Wagner",
        "venue": "ICSC",
        "id": "1261261",
        "label": "1",
        "organization": "SCS/LTI, Carnegie Mellon Univ., Pittsburgh, PA, USA"
    },
    {
        "title": "Preface",
        "year": "2009",
        "authors": "Michael Wagner,Dieter Hogrefe,Kurt Geihs,Klaus David",
        "venue": "ECEASST",
        "id": "1287069",
        "label": "7",
        "organization": "null"
    },
    {
        "title": "An Adaptation Reasoning Approach for Large Scale Component-based Applications",
        "year": "2009",
        "authors": "Mohammad Ullah Khan,Roland Reichle,Michael Wagner,Kurt Geihs,Ulrich Scholz,Konstantinos Kakousis,George A. Papadopoulos",
        "venue": "ECEASST",
        "id": "1287080",
        "label": "7",
        "organization": "null"
    },
    {
        "title": "Preface",
        "year": "2009",
        "authors": "Romain Rouvoy,Michael Wagner",
        "venue": "ECEASST",
        "id": "1287081",
        "label": "7",
        "organization": "null"
    },
    {
        "title": "Liveness Assurance in Voice Authentication",
        "year": "2009",
        "authors": "Michael Wagner",
        "venue": "Journal of Computational Physics",
        "id": "1300558",
        "label": "1",
        "organization": "null"
    },
    {
        "title": "Liveness Assurance in Face Authentication",
        "year": "2009",
        "authors": "Michael Wagner,Girija Chetty",
        "venue": "Journal of Computational Physics",
        "id": "1300567",
        "label": "1",
        "organization": "null"
    },
    {
        "title": "Towards a Comprehensive Teamwork Model for Highly Dynamic Domains.",
        "year": "2010",
        "authors": "Hendrik Skubch,Michael Wagner,Roland Reichle,Stefan Triller,Kurt Geihs",
        "venue": "null",
        "id": "1327052",
        "label": "7",
        "organization": "null"
    },
    {
        "title": "Outpatient clinic scheduling: a simulation approach",
        "year": "2004",
        "authors": "Ming Guo,Michael Wagner,Constance West",
        "venue": "Proceedings of the 36th conference on Winter simulation",
        "id": "1371068",
        "label": "11",
        "organization": "Cincinnati Children's Hospital, Medical Center, Cincinnati, OH"
    },
    {
        "title": "Audio-visual multimodal fusion for biometric person authentication and liveness verification",
        "year": "2006",
        "authors": "Girija Chetty,Michael Wagner",
        "venue": "Proceedings of the 2005 NICTA-HCSNet Multimodal User Interaction Workshop - Volume 57",
        "id": "1372890",
        "label": "1",
        "organization": "Human Computer Communication Laboratory, School of Information Sciences and Engineering, University of Canberra, Australia"
    },
    {
        "title": "A speech recognition experiment with the entire syllable inventory of standard Chinese",
        "year": "1987",
        "authors": "Michael Wagner",
        "venue": "Speech Communication",
        "id": "1448530",
        "label": "1",
        "organization": "Univ. of N.S.W., Canberra, Australia"
    },
    {
        "title": "Reliability score based multimodal fusion for biometric person authentication",
        "year": "2008",
        "authors": "Girija Chetty,Michael Wagner",
        "venue": "Proceedings of the American Conference on Applied Mathematics",
        "id": "1597534",
        "label": "1",
        "organization": "School of Information Sciences and Engineering, University of Canberra, Australia"
    },
    {
        "title": "Video to the rescue",
        "year": "2006",
        "authors": "Girija Chetty,Michael Wagner",
        "venue": "Proceedings of the HCSNet workshop on Use of vision in human-computer interaction - Volume 56",
        "id": "1602999",
        "label": "1",
        "organization": "University of Canberra, Australia"
    }
]