[
    {
        "title": "Aristotle: a system for development of program analysis based tools",
        "year": "1995",
        "authors": "Mary Jean Harrold,Loren Larsen,John Lloyd,David Nedved,Melanie Page,Gregg Rothermel,Manvinder Singh,Michael Smith",
        "venue": "ACM Southeast Regional Conference",
        "id": "6553",
        "label": "0",
        "organization": "Clemson University, Clemson, South Carolina"
    },
    {
        "title": "Running the Table: An AI for Computer Billiards",
        "year": "2006",
        "authors": "Michael Smith",
        "venue": "AAAI",
        "id": "15003",
        "label": "1",
        "organization": "null"
    },
    {
        "title": "Muscular Effects of VDT Work",
        "year": "1984",
        "authors": "Michael Smith",
        "venue": "COMPCON",
        "id": "110318",
        "label": "3",
        "organization": "null"
    },
    {
        "title": "Mental and Emotional Issues in VDT Work",
        "year": "1984",
        "authors": "Michael Smith",
        "venue": "COMPCON",
        "id": "110320",
        "label": "3",
        "organization": "null"
    },
    {
        "title": "A Flexible Hardware Encoder for Low-Density Parity-Check Codes",
        "year": "2004",
        "authors": "Dong-U Lee,Wayne Luk,Connie Wang,Christopher Jones,Michael Smith,John D. Villasenor",
        "venue": "FCCM",
        "id": "203297",
        "label": "4",
        "organization": "University of California, Los Angeles, USA"
    },
    {
        "title": "Digital Signal Processing in Predicting Secondary Structures of Proteins",
        "year": "2004",
        "authors": "Debasis Mitra,Michael Smith",
        "venue": "IEA/AIE",
        "id": "374481",
        "label": "5",
        "organization": "null"
    },
    {
        "title": "E-RACE, A Hardware-Assisted Approach to Lockset-Based Data Race Detection for Embedded Products",
        "year": "2008",
        "authors": "Lily Huang,Michael Smith,Albert Tran,James Miller",
        "venue": "ISSRE",
        "id": "450415",
        "label": "6",
        "organization": "null"
    },
    {
        "title": "A Hardware-Assisted Tool for Fast, Full Code Coverage Analysis",
        "year": "2008",
        "authors": "Albert Tran,Michael Smith,James Miller",
        "venue": "ISSRE",
        "id": "450445",
        "label": "6",
        "organization": "Univ. of Calgary, Calgary, AB"
    },
    {
        "title": "Broadening participation in computing with the k-gray engineering pathway digital library",
        "year": "2008",
        "authors": "Alice M. Agogino,Michael Smith",
        "venue": "JCDL",
        "id": "468121",
        "label": "7",
        "organization": "University of Trinidad and Tobago, Trinidad, WI"
    },
    {
        "title": "Towards context-aware face recognition",
        "year": "2005",
        "authors": "Marc Davis,Michael Smith,John F. Canny,Nathan Good,Simon King,Rajkumar Janakiraman",
        "venue": "ACM Multimedia",
        "id": "502116",
        "label": "8",
        "organization": "France Telecom R&D, South San Francisco, CA"
    },
    {
        "title": "Engineering with logic: HOL specification and symbolic-evaluation testing for TCP implementations",
        "year": "2006",
        "authors": "Steve Bishop,Matthew Fairbairn,Michael Norrish,Peter Sewell,Michael Smith,Keith Wansbrough",
        "venue": "POPL",
        "id": "545943",
        "label": "9",
        "organization": "University of Cambridge Computer Laboratory"
    },
    {
        "title": "Formal Methods Fact vs. Fiction",
        "year": "1994",
        "authors": "C. Michael Holloway,Ben L. Di Vito,David Guaspari,Michael Smith",
        "venue": "TRI-Ada",
        "id": "588050",
        "label": "10",
        "organization": "null"
    },
    {
        "title": "Rigorous specification and conformance testing techniques for network protocols, as applied to TCP, UDP, and sockets",
        "year": "2005",
        "authors": "Steve Bishop,Matthew Fairbairn,Michael Norrish,Peter Sewell,Michael Smith,Keith Wansbrough",
        "venue": "SIGCOMM",
        "id": "588458",
        "label": "9",
        "organization": "University of Cambridge Computer Laboratory"
    },
    {
        "title": "Empirical Analysis of the Correlation between Amount-of-Reuse Metrics in the C Programming Language",
        "year": "1999",
        "authors": "William Curry,Giancarlo Succi,Michael R. Smith,Eric Liu,Raymond Wong",
        "venue": "SSR",
        "id": "619407",
        "label": "6",
        "organization": "null"
    },
    {
        "title": "Architecture Design for Globally Distributed Projects",
        "year": "2007",
        "authors": "Matthew Bass,Raghvinder S. Sangwan,Michael Smith",
        "venue": "WICSA",
        "id": "661825",
        "label": "11",
        "organization": "null"
    },
    {
        "title": "A TDD approach to introducing students to embedded programming",
        "year": "2007",
        "authors": "James Miller,Michael Smith",
        "venue": "ITiCSE",
        "id": "698612",
        "label": "6",
        "organization": "University of Calgary"
    },
    {
        "title": "Mother, May I? OWL-based Policy Management at NASA",
        "year": "2007",
        "authors": "Michael Smith,Andrew Schain,Kendall Clark,Arlen Griffey,Vladimir Kolovski",
        "venue": "OWLED",
        "id": "716257",
        "label": "12",
        "organization": "null"
    },
    {
        "title": "Owlgres: A Scalable OWL Reasoner",
        "year": "2008",
        "authors": "Markus Stocker,Michael Smith",
        "venue": "OWLED",
        "id": "716309",
        "label": "12",
        "organization": "null"
    },
    {
        "title": "Managing Change: An Ontology Version Control System",
        "year": "2008",
        "authors": "Timothy Redmond,Michael Smith,Nick Drummond,Tania Tudorache",
        "venue": "OWLED",
        "id": "716318",
        "label": "12",
        "organization": "null"
    },
    {
        "title": "Opening, Closing Worlds - On Integrity Constraints",
        "year": "2008",
        "authors": "Evren Sirin,Michael Smith,Evan Wallace",
        "venue": "OWLED",
        "id": "716334",
        "label": "12",
        "organization": "null"
    },
    {
        "title": "PickPocket: A computer billiards shark",
        "year": "2007",
        "authors": "Michael Smith",
        "venue": "Artif. Intell.",
        "id": "746195",
        "label": "1",
        "organization": "Department of Computing Science, University of Alberta, Edmonton, Canada, T6G 2E8"
    },
    {
        "title": "Cryptographic Information Recovery Using Key Recover",
        "year": "2000",
        "authors": "Michael Smith,Paul C. van Oorschot,Michael Willett",
        "venue": "Computers  Security",
        "id": "805140",
        "label": "13",
        "organization": "null"
    },
    {
        "title": "Combining spatial and scale-space techniques for edge detection to provide a spatially adaptive wavelet-based noise filtering algorithm",
        "year": "2002",
        "authors": "Farshad Faghih,Michael Smith",
        "venue": "IEEE Transactions on Image Processing",
        "id": "1100775",
        "label": "14",
        "organization": "Dept. of Electr. & Comput. Eng., Calgary Univ., Alta."
    },
    {
        "title": "Performance and Capacity Analysis of UWB Networks over 60GHz WPAN Channel",
        "year": "2008",
        "authors": "Wei Li,Jun Wei,Michael Smith",
        "venue": "JCM",
        "id": "1184883",
        "label": "8",
        "organization": "null"
    },
    {
        "title": "A Scalable Testing Framework for Location-Based Services",
        "year": "2009",
        "authors": "Jiang Yu,Andrew Tappenden,James Miller,Michael R. Smith",
        "venue": "J. Comput. Sci. Technol.",
        "id": "1225893",
        "label": "6",
        "organization": "null"
    },
    {
        "title": "The CORC experience: survey of founding libraries. Part I",
        "year": "2001",
        "authors": "Ingrid Hsieh-Yee,Michael Smith",
        "venue": "Decision Analysis",
        "id": "1293707",
        "label": "15",
        "organization": "null"
    },
    {
        "title": "The CORC experience: survey of founding libraries. Part II",
        "year": "2001",
        "authors": "Ingrid Hsieh-Yee,Michael Smith",
        "venue": "Decision Analysis",
        "id": "1293719",
        "label": "15",
        "organization": "null"
    },
    {
        "title": "Killer Elite: The Inside Story of America's Most Secret Special Operations Team",
        "year": "2007",
        "authors": "Michael Smith",
        "venue": "null",
        "id": "1353741",
        "label": "16",
        "organization": "null"
    },
    {
        "title": "Nonparametric regression using linear combinations of basis functions",
        "year": "2001",
        "authors": "Robert Kohn,Michael Smith,David Chan",
        "venue": "Statistics and Computing",
        "id": "1528746",
        "label": "18",
        "organization": "Econometrics and Business Statistics Group, Faculty of Economics and Business, University of Sydney, NSW 2006, Australia"
    },
    {
        "title": "The Official DataCAD User's Guide (Starburst 9.0)",
        "year": "2000",
        "authors": "Michael Smith,Richard Morse",
        "venue": "null",
        "id": "1528812",
        "label": "17",
        "organization": "null"
    },
    {
        "title": "The Physical, Mental, and Emotional Stress Effects of VDT Work",
        "year": "1984",
        "authors": "Michael Smith",
        "venue": "IEEE Computer Graphics and Applications",
        "id": "1582756",
        "label": "3",
        "organization": "National Institute for Occupational Safety and Health"
    },
    {
        "title": "Risk Mitigation Tactics for Planning and Monitoring Global Software Development Projects",
        "year": "2007",
        "authors": "Mathew Bass,Michael Smith,Raghvinder S. Sangwan",
        "venue": "Proceedings of the International Conference on Global Software Engineering",
        "id": "1583810",
        "label": "11",
        "organization": "Siemens Corporate Research"
    },
    {
        "title": "Promoting health and productivity in the computerized office",
        "year": "1991",
        "authors": "Steven Sauter,Marvin Dainoff,Michael Smith",
        "venue": "null",
        "id": "1676446",
        "label": "2",
        "organization": "null"
    }
]