[
    {
        "title": "Rule Discovery for Query Optimization",
        "year": "1991",
        "authors": "Michael Siegel,Edward Sciore,Sharon C. Salveter",
        "venue": "Knowledge Discovery in Databases",
        "id": "2058",
        "label": "1",
        "organization": "null"
    },
    {
        "title": "Hierarchical Automata as Model for Statecharts",
        "year": "1997",
        "authors": "Erich Mikk,Yassine Lakhnech,Michael Siegel",
        "venue": "ASIAN",
        "id": "51550",
        "label": "2",
        "organization": "null"
    },
    {
        "title": "Translation Validation: From SIGNAL to C",
        "year": "1999",
        "authors": "Amir Pnueli,Ofer Strichman,Michael Siegel",
        "venue": "Correct System Design",
        "id": "66326",
        "label": "3",
        "organization": "null"
    },
    {
        "title": "Deciding Equality Formulas by Small Domains Instantiations",
        "year": "1999",
        "authors": "Amir Pnueli,Yoav Rodeh,Ofer Strichman,Michael Siegel",
        "venue": "CAV",
        "id": "79727",
        "label": "3",
        "organization": "null"
    },
    {
        "title": "Context Interchange: Overcoming the Challenges of Large-Scale Interoperable Database Systems in a Dynamic Environment",
        "year": "1994",
        "authors": "Cheng Hian Goh,Stuart E. Madnick,Michael Siegel",
        "venue": "CIKM",
        "id": "95373",
        "label": "1",
        "organization": "null"
    },
    {
        "title": "Information Integration with Attributio Support for Corporate Profiles",
        "year": "1999",
        "authors": "Thomas Lee,Melanie Chams,Robert Nado,Michael Siegel,Stuart E. Madnick",
        "venue": "CIKM",
        "id": "95569",
        "label": "1",
        "organization": "null"
    },
    {
        "title": "A Refinement Theory that Supports both 'Decrease of Nondeterminism' and 'Increase of Parallelism",
        "year": "1995",
        "authors": "Michael Siegel",
        "venue": "CONCUR",
        "id": "114610",
        "label": "2",
        "organization": "null"
    },
    {
        "title": "Context Mediation on Wall Street",
        "year": "1998",
        "authors": "Allen Moulton,Stuart E. Madnick,Michael Siegel",
        "venue": "CoopIS",
        "id": "116077",
        "label": "1",
        "organization": "Sloan Sch. of Manage., MIT, Cambridge, MA"
    },
    {
        "title": "Knowledge Representation Architecture for Context Interchange Mediation: Fixed Income Securities Investment Examples",
        "year": "2001",
        "authors": "Allen Moulton,Stuart E. Madnick,Michael Siegel",
        "venue": "DEXA Workshop",
        "id": "151928",
        "label": "1",
        "organization": "Sloan Sch. of Manage., MIT, Cambridge, MA"
    },
    {
        "title": "Semantic Interoperability in the Securities Industry: Context Interchange Mediation of Semantic Differences in Enumerated Data Types",
        "year": "2002",
        "authors": "Allen Moulton,Stuart E. Madnick,Michael Siegel",
        "venue": "DEXA Workshops",
        "id": "151929",
        "label": "1",
        "organization": "MIT Sloan School of Management"
    },
    {
        "title": "Data Integration using Web Services",
        "year": "2002",
        "authors": "Mark Hansen,Stuart E. Madnick,Michael Siegel",
        "venue": "DIWeb",
        "id": "157311",
        "label": "1",
        "organization": "null"
    },
    {
        "title": "The Context Interchange Network Prototype",
        "year": "1995",
        "authors": "Adil Daruwala,Cheng Hian Goh,Scott Hofmeister,Karim Hussein,Stuart E. Madnick,Michael Siegel",
        "venue": "DS-6",
        "id": "160626",
        "label": "1",
        "organization": "null"
    },
    {
        "title": "Automatic Rule Derivation For Semantic Query Optimization",
        "year": "1988",
        "authors": "Michael Siegel",
        "venue": "Expert Database Conf.",
        "id": "177844",
        "label": "1",
        "organization": "null"
    },
    {
        "title": "Data Integration Using Web Services",
        "year": "2002",
        "authors": "Mark Hansen,Stuart E. Madnick,Michael Siegel",
        "venue": "EEXTT",
        "id": "178548",
        "label": "1",
        "organization": "null"
    },
    {
        "title": "An Active Conceptual Model for Fixed Income Securities Analysis for Multiple Financial Institutions",
        "year": "1998",
        "authors": "Allen Moulton,Stephane Bressan,Stuart E. Madnick,Michael Siegel",
        "venue": "ER",
        "id": "183696",
        "label": "1",
        "organization": "null"
    },
    {
        "title": "From Testing Theory to Test Driver Implementation",
        "year": "1996",
        "authors": "Jan Peleska,Michael Siegel",
        "venue": "FME",
        "id": "208928",
        "label": "2",
        "organization": "null"
    },
    {
        "title": "Translation Validation: From DC+ to C*",
        "year": "1998",
        "authors": "Amir Pnueli,Ofer Strichman,Michael Siegel",
        "venue": "FM-Trends",
        "id": "208937",
        "label": "3",
        "organization": "null"
    },
    {
        "title": "Extending the Limits of Sequentially Phased Reasoning",
        "year": "1994",
        "authors": "Michael Siegel,Frank A. Stomp",
        "venue": "FSTTCS",
        "id": "219979",
        "label": "2",
        "organization": "null"
    },
    {
        "title": "Formal Verification of Stabilizing Systems",
        "year": "1998",
        "authors": "Michael Siegel",
        "venue": "FTRTFT",
        "id": "221146",
        "label": "2",
        "organization": "null"
    },
    {
        "title": "Semantic Interoperability in the Fixed Income Securities Industry: A Knowledge Representation Architecture for Dynamic Integration of Web-Based Information",
        "year": "2003",
        "authors": "Allen Moulton,Stuart E. Madnick,Michael Siegel",
        "venue": "HICSS",
        "id": "246839",
        "label": "1",
        "organization": "MIT Sloan Sch. of Manage., Cambridge, MA, USA"
    },
    {
        "title": "Framework for the Analysis of the Adaptability, Extensibility, and Scalability of Semantic Information Integration and the Context Mediation Approach",
        "year": "2009",
        "authors": "Thomas Gannon,Stuart E. Madnick,Allen Moulton,Michael Siegel,Marwan Sabbouh,Hongwei Zhu",
        "venue": "HICSS",
        "id": "250234",
        "label": "1",
        "organization": "null"
    },
    {
        "title": "Translation Validation for Synchronous Languages",
        "year": "1998",
        "authors": "Amir Pnueli,Ofer Strichman,Michael Siegel",
        "venue": "ICALP",
        "id": "268864",
        "label": "3",
        "organization": "null"
    },
    {
        "title": "Correctness Conditions for Highly Available Replicated Databases",
        "year": "1986",
        "authors": "Nancy A. Lynch,Barbara T. Blaustein,Michael Siegel",
        "venue": "PODC",
        "id": "544250",
        "label": "1",
        "organization": "null"
    },
    {
        "title": "Reasoning About Temporal Context Using Ontology and Abductive Constraint Logic Programming",
        "year": "2004",
        "authors": "Hongwei Zhu,Stuart E. Madnick,Michael Siegel",
        "venue": "PPSWR",
        "id": "550641",
        "label": "1",
        "organization": "null"
    },
    {
        "title": "Towards an Active Schema Integration Architecture for Heterogeneous Database Systems",
        "year": "1993",
        "authors": "M. P. Reddy,Michael Siegel,Amar Gupta",
        "venue": "RIDE-IMS",
        "id": "559870",
        "label": "1",
        "organization": "Sloan Sch. of Manage., MIT, Cambridge, MA"
    },
    {
        "title": "Representation and Reasoning About Changing Semantics in Heterogeneous Data Sources",
        "year": "2004",
        "authors": "Hongwei Zhu,Stuart E. Madnick,Michael Siegel",
        "venue": "SWDB",
        "id": "583844",
        "label": "1",
        "organization": "null"
    },
    {
        "title": "Mobile, dexterous, social robots for mobile manipulation and human-robot interaction",
        "year": "2008",
        "authors": "Cynthia Breazeal,Michael Siegel,Matt Berlin,Jesse Gray,Roderic A. Grupen,Patrick Deegan,Jeff Weber,Kailas Narendran,John McBean",
        "venue": "SIGGRAPH New Tech Demos",
        "id": "594373",
        "label": "1",
        "organization": "null"
    },
    {
        "title": "The COntext INterchange Mediator Prototype",
        "year": "1997",
        "authors": "Stephane Bressan,Cheng Hian Goh,Kofi Fynn,Marta Jessica Jakobisiak,Karim Hussein,Henry B. Kon,Thomas Lee,Stuart E. Madnick,Tito Pena,Jessica Qu,Annie W. Shum,Michael Siegel",
        "venue": "SIGMOD Conference",
        "id": "598204",
        "label": "1",
        "organization": "null"
    },
    {
        "title": "A Procedure for Mediation of Queries to Sources in Disparate Contexts",
        "year": "1997",
        "authors": "Stephane Bressan,Cheng Hian Goh,Thomas Lee,Stuart E. Madnick,Michael Siegel",
        "venue": "ILPS",
        "id": "605361",
        "label": "1",
        "organization": "null"
    },
    {
        "title": "Translation Validation",
        "year": "1998",
        "authors": "Amir Pnueli,Michael Siegel,Eli Singerman",
        "venue": "TACAS",
        "id": "625363",
        "label": "3",
        "organization": "null"
    },
    {
        "title": "The Camaleon Web Wrapper Engine",
        "year": "2000",
        "authors": "Aykut Firat,Stuart E. Madnick,Michael Siegel",
        "venue": "TES",
        "id": "627821",
        "label": "1",
        "organization": "null"
    },
    {
        "title": "Effective Data Integration in the Presence of Temporal Semantic Conflicts",
        "year": "2004",
        "authors": "Hongwei Zhu,Stuart E. Madnick,Michael Siegel",
        "venue": "TIME",
        "id": "628514",
        "label": "1",
        "organization": "null"
    },
    {
        "title": "A Metadata Approach to Resolving Semantic Conflicts",
        "year": "1991",
        "authors": "Michael Siegel,Stuart E. Madnick",
        "venue": "VLDB",
        "id": "643769",
        "label": "1",
        "organization": "null"
    },
    {
        "title": "The COntext INterchange (COIN) Project: Data Extraction and Interpretation from Semi-Structured Web Sources",
        "year": "1998",
        "authors": "Stuart E. Madnick,Michael Siegel",
        "venue": "QL",
        "id": "650143",
        "label": "1",
        "organization": "null"
    },
    {
        "title": "Process Aggregation Using Web Services",
        "year": "2002",
        "authors": "Mark Hansen,Stuart E. Madnick,Michael Siegel",
        "venue": "WES",
        "id": "659453",
        "label": "1",
        "organization": "null"
    },
    {
        "title": "Implementing Statecharts in PROMELA/SPIN",
        "year": "1998",
        "authors": "Erich Mikk,Yassine Lakhnech,Michael Siegel,Gerard J. Holzmann",
        "venue": "WIFT",
        "id": "662120",
        "label": "2",
        "organization": "Inst. fur Inf. und Praktische Math., Kiel Univ."
    },
    {
        "title": "Deductive verification of stabilizing systems",
        "year": "1997",
        "authors": "Yassine Lakhnech,Michael Siegel",
        "venue": "WSS",
        "id": "673349",
        "label": "2",
        "organization": "null"
    },
    {
        "title": "Context Knowledge Representation and Reasoning in the Context Interchange System",
        "year": "2000",
        "authors": "Stephane Bressan,Cheng Hian Goh,Natalia Levina,Stuart E. Madnick,Ahmed Shah,Michael Siegel",
        "venue": "Appl. Intell.",
        "id": "754809",
        "label": "1",
        "organization": "Massachusetts Institute of Technology, Cambridge, MA 02139, USA"
    },
    {
        "title": "The Composite Information System Laboratory (CISL) Project at MIT",
        "year": "1990",
        "authors": "Stuart E. Madnick,Michael Siegel,Y. Richard Wang",
        "venue": "IEEE Data Eng. Bull.",
        "id": "844818",
        "label": "1",
        "organization": "null"
    },
    {
        "title": "Erratum ('The small model property: how small can it be?' Volume 178, Number 1 [2002], pages 279-293)",
        "year": "2003",
        "authors": "Amir Pnueli,Yoav Rodeh,Ofer Strichman,Michael Siegel",
        "venue": "Inf. Comput.",
        "id": "889094",
        "label": "3",
        "organization": "null"
    },
    {
        "title": "The Small Model Property: How Small Can It Be?",
        "year": "2002",
        "authors": "Amir Pnueli,Yoav Rodeh,Ofer Strichman,Michael Siegel",
        "venue": "Inf. Comput.",
        "id": "889232",
        "label": "3",
        "organization": "null"
    },
    {
        "title": "Conceptualizing Semantic Interoperability: A Perspective From the Knowledge Level",
        "year": "1996",
        "authors": "J. L. Lee,Stuart E. Madnick,Michael Siegel",
        "venue": "Int. J. Cooperative Inf. Syst.",
        "id": "906161",
        "label": "1",
        "organization": "null"
    },
    {
        "title": "Context interchange in a client-server architecture",
        "year": "1994",
        "authors": "Michael Siegel,Stuart E. Madnick,Edward Sciore",
        "venue": "Journal of Systems and Software",
        "id": "997185",
        "label": "1",
        "organization": "null"
    },
    {
        "title": "Seizing the Opportunity: Exploiting Web Aggregation",
        "year": "2002",
        "authors": "Stuart E. Madnick,Michael Siegel",
        "venue": "MIS Quarterly Executive",
        "id": "1009191",
        "label": "1",
        "organization": "null"
    },
    {
        "title": "A Study of Singularity Formation in the Kelvin-Helmholtz Instability with Surface Tension",
        "year": "1995",
        "authors": "Michael Siegel",
        "venue": "SIAM Journal of Applied Mathematics",
        "id": "1057462",
        "label": "4",
        "organization": "null"
    },
    {
        "title": "Exact Solutions for the Evolution of a Bubble in Stokes Flow: A Cauchy Transform Approach",
        "year": "2005",
        "authors": "Darren Crowdy,Michael Siegel",
        "venue": "SIAM Journal of Applied Mathematics",
        "id": "1057738",
        "label": "5",
        "organization": "null"
    },
    {
        "title": "Context Interchange: Sharing the Meaning of Data",
        "year": "1991",
        "authors": "Michael Siegel,Stuart E. Madnick",
        "venue": "SIGMOD Record",
        "id": "1065656",
        "label": "1",
        "organization": "null"
    },
    {
        "title": "The Code Validation Tool CVT: Automatic Verification of a Compilation Process",
        "year": "1998",
        "authors": "Amir Pnueli,Ofer Strichman,Michael Siegel",
        "venue": "STTT",
        "id": "1076616",
        "label": "3",
        "organization": "null"
    },
    {
        "title": "Using Semantic Values to Falilitate Interoperability Among Heterogeneous Information Systems",
        "year": "1994",
        "authors": "Edward Sciore,Michael Siegel,Arnon Rosenthal",
        "venue": "ACM Trans. Database Syst.",
        "id": "1118664",
        "label": "1",
        "organization": "null"
    },
    {
        "title": "A Method for Automatic Rule Derivation to Support Semantic Query Optimization",
        "year": "1992",
        "authors": "Michael Siegel,Edward Sciore,Sharon C. Salveter",
        "venue": "ACM Trans. Database Syst.",
        "id": "1118682",
        "label": "1",
        "organization": "null"
    },
    {
        "title": "Context Interchange: New Features and Formalisms for the Intelligent Integration of Information",
        "year": "1999",
        "authors": "Cheng Hian Goh,Stephane Bressan,Stuart E. Madnick,Michael Siegel",
        "venue": "ACM Trans. Inf. Syst.",
        "id": "1120146",
        "label": "1",
        "organization": "null"
    },
    {
        "title": "Untwist your brain: efficient debugging and diagnosis of complex assertions",
        "year": "2009",
        "authors": "Michael Siegel,Adriana Maggiore,Christian Pichler",
        "venue": "DAC",
        "id": "1241055",
        "label": "0",
        "organization": "OneSpin Solutions, Munich, Germany"
    },
    {
        "title": "A WELL-POSED NUMERICAL METHOD TO TRACK ISOLATED CONFORMAL MAP SINGULARITIES IN HELE-SHAW FLOW",
        "year": "1995",
        "authors": "Gregory Baker,Michael Siegel,Saleh Tanveer",
        "venue": "null",
        "id": "1416564",
        "label": "4",
        "organization": "null"
    },
    {
        "title": "Data Integration Using Web Services",
        "year": "2003",
        "authors": "Mark Hansen,Stuart E. Madnick,Michael Siegel",
        "venue": "Proceedings of the VLDB 2002 Workshop EEXTT and CAiSE 2002 Workshop DTWeb on Efficiency and Effectiveness of XML Tools and Techniques and Data Integration over the Web-Revised Papers",
        "id": "1588851",
        "label": "1",
        "organization": "null"
    }
]