[
    {
        "title": "An empirical performance analysis of commodity memories in commodity servers",
        "year": "2004",
        "authors": "Darren J. Kerbyson,Michael Lang,Gene Patino,Hossein Amidi",
        "venue": "Memory System Performance",
        "id": "6328",
        "label": "0",
        "organization": "null"
    },
    {
        "title": "The Hugin Tool for Learning Bayesian Networks",
        "year": "2003",
        "authors": "Anders L. Madsen,Michael Lang,Uffe Kjarulff,Frank Jensen",
        "venue": "ECSQARU",
        "id": "175252",
        "label": "2",
        "organization": "null"
    },
    {
        "title": "Reconsidering the 'Software Crisis': A Study of Hypermedia Systems Development",
        "year": "2003",
        "authors": "Michael Lang",
        "venue": "ICWI",
        "id": "259125",
        "label": "3",
        "organization": "null"
    },
    {
        "title": "Techniques and Methodologies for Multimedia Systems Development: A Survey of Industrial Practice",
        "year": "2001",
        "authors": "Michael Lang,Chris Barry",
        "venue": "Realigning Research and Practice in Information Systems Development",
        "id": "383784",
        "label": "3",
        "organization": "null"
    },
    {
        "title": "Hugin - The Tool for Bayesian Networks and Influence Diagrams",
        "year": "2002",
        "authors": "Frank Jensen,Uffe Kjarulff,Michael Lang,Anders L. Madsen",
        "venue": "Probabilistic Graphical Models",
        "id": "540303",
        "label": "2",
        "organization": "null"
    },
    {
        "title": "A Performance and Scalability Analysis of the BlueGene/L Architecture",
        "year": "2004",
        "authors": "Kei Davis,Adolfy Hoisie,Greg Johnson,Darren J. Kerbyson,Michael Lang,Scott Pakin,Fabrizio Petrini",
        "venue": "SC",
        "id": "574858",
        "label": "0",
        "organization": "null"
    },
    {
        "title": "Architecture - A performance comparison through benchmarking and modeling of three leading supercomputers: blue Gene/L, Red Storm, and Purple",
        "year": "2006",
        "authors": "Adolfy Hoisie,Greg Johnson,Darren J. Kerbyson,Michael Lang,Scott Pakin",
        "venue": "SC",
        "id": "575788",
        "label": "0",
        "organization": "null"
    },
    {
        "title": "A Survey of Multimedia and Web Development Techniques and Methodology Usage",
        "year": "2001",
        "authors": "Chris Barry,Michael Lang",
        "venue": "IEEE MultiMedia",
        "id": "893713",
        "label": "3",
        "organization": "Nat. Univ. of Ireland, Galway"
    },
    {
        "title": "The Hugin Tool for Probabilistic Graphical Models",
        "year": "2005",
        "authors": "Anders L. Madsen,Frank Jensen,Uffe Kjarulff,Michael Lang",
        "venue": "International Journal on Artificial Intelligence Tools",
        "id": "903190",
        "label": "2",
        "organization": "null"
    },
    {
        "title": "A comparison of 'traditional' and multimedia information systems development practices",
        "year": "2003",
        "authors": "Chris Barry,Michael Lang",
        "venue": "Information  Software Technology",
        "id": "924401",
        "label": "3",
        "organization": "null"
    },
    {
        "title": "A Tool to Support Collaborative Software Requirements Management",
        "year": "2001",
        "authors": "Michael Lang,Jim Duggan",
        "venue": "Requir. Eng.",
        "id": "1051149",
        "label": "3",
        "organization": "null"
    },
    {
        "title": "Web-based systems design: a study of contemporary practices and an explanatory framework based on 'method-in-action",
        "year": "2007",
        "authors": "Michael Lang,Brian Fitzgerald",
        "venue": "Requir. Eng.",
        "id": "1051278",
        "label": "3",
        "organization": "null"
    },
    {
        "title": "Hypermedia Systems Development Practices: A Survey",
        "year": "2005",
        "authors": "Michael Lang,Brian Fitzgerald",
        "venue": "IEEE Software",
        "id": "1071208",
        "label": "3",
        "organization": "National University of Ireland, Galway"
    },
    {
        "title": "New Branches, Old Roots: A Study of Methods and Techniques in Web/Hypermedia Systems Design",
        "year": "2006",
        "authors": "Michael Lang,Brian Fitzgerald",
        "venue": "IS Management",
        "id": "1183343",
        "label": "3",
        "organization": "null"
    },
    {
        "title": "Using Performance Modeling to Design Large-Scale Systems",
        "year": "2009",
        "authors": "Kevin J. Barker,Kei Davis,Adolfy Hoisie,Darren J. Kerbyson,Michael Lang,Scott Pakin,Jose Carlos Sancho",
        "venue": "IEEE Computer",
        "id": "1268103",
        "label": "0",
        "organization": "Los Alamos National Laboratory"
    },
    {
        "title": "Implementation and performance modeling of deterministic particle transport (Sweep3D) on the IBM Cell/B.E",
        "year": "2009",
        "authors": "Olaf M. Lubeck,Michael Lang,Ram Srinivasan,Greg Johnson",
        "venue": "Scientific Programming",
        "id": "1281233",
        "label": "0",
        "organization": "(Corresponding author: Michael Lang, Los Alamos National Laboratory, TA3 Bldg 2011, Los Alamos, NM 87545, USA. Tel.: +1 505 665 5756; Fax: +1 505 665 4939; E-mail: mlang@lanl.gov) Los Alamos National Laboratory, Los Alamos, NM, USA"
    },
    {
        "title": "Analysis of trapped entanglements in polymer networks",
        "year": "2003",
        "authors": "Michael Lang,Wolfgang Michalke,Stefan Kreitmeier",
        "venue": "Journal of Computational Physics",
        "id": "1700535",
        "label": "1",
        "organization": "Institute for Experimental and Applied Physics, Polymer Physics, University of Regensburg, 93040 Regensburg, Germany"
    }
]