[
    {
        "title": "Security Issues in an EDI Environment",
        "year": "1996",
        "authors": "Ning Zhang,Qi Shi",
        "venue": "ACSAC",
        "id": "24462",
        "label": "0",
        "organization": "af.affilation"
    },
    {
        "title": "C3: A New Learning Scheme to Improve Classification of Rare Category Emails",
        "year": "2003",
        "authors": "Jie Yang,Joshua Zhexue Huang,Ning Zhang,Zhuoqun Xu",
        "venue": "Australian Conference on Artificial Intelligence",
        "id": "60050",
        "label": "2",
        "organization": "null"
    },
    {
        "title": "Pseudo-Randomness of Discrete-Log Sequences from Elliptic Curves",
        "year": "2007",
        "authors": "Zhixiong Chen,Ning Zhang,Guozhen Xiao",
        "venue": "Inscrypt",
        "id": "97591",
        "label": "3",
        "organization": "Ministry of Education Key Lab of Computer Networks and Information Security, Xidian University, Xi'an, China 710071"
    },
    {
        "title": "A General Approach to Evaluation of Secure Systems",
        "year": "1995",
        "authors": "Qi Shi,Ning Zhang",
        "venue": "COMPSAC",
        "id": "112669",
        "label": "0",
        "organization": "null"
    },
    {
        "title": "Applying Composable Security Properties to Assessment of Information Systems",
        "year": "1996",
        "authors": "Qi Shi,Ning Zhang",
        "venue": "COMPSAC",
        "id": "112670",
        "label": "0",
        "organization": "Sch. of Comput. & Math. Sci., Liverpool Univ."
    },
    {
        "title": "Towards an Authentication Middleware to Support Ubiquitous Web Access",
        "year": "2004",
        "authors": "Ning Zhang,Jay Chin,Alan L. Rector,Carole A. Goble,Y. Li",
        "venue": "COMPSAC Workshops",
        "id": "112907",
        "label": "0",
        "organization": "null"
    },
    {
        "title": "Towards Context Constrained Authorisation for Pervasive Grid Computing",
        "year": "2007",
        "authors": "Jay Chin,Ning Zhang,Aleksandra Nenadic,Li Yao,J. M. Brooke",
        "venue": "COMSWARE",
        "id": "113825",
        "label": "0",
        "organization": "Manchester Univ., Manchester"
    },
    {
        "title": "A Fast Algorithm for the Chirp Rate Estimation",
        "year": "2008",
        "authors": "Jihai Cao,Ning Zhang,Lin Song",
        "venue": "DELTA",
        "id": "148965",
        "label": "4",
        "organization": "Harbin Inst. of Technol., Harbin"
    },
    {
        "title": "FAME: Adding Multi-Level Authentication to Shibboleth",
        "year": "2006",
        "authors": "Aleksandra Nenadic,Ning Zhang,Jay Chin,Carole A. Goble",
        "venue": "e-Science",
        "id": "163115",
        "label": "0",
        "organization": "University of Manchester, UK"
    },
    {
        "title": "XML Query Processing and Optimization",
        "year": "2004",
        "authors": "Ning Zhang",
        "venue": "EDBT Workshops",
        "id": "176906",
        "label": "6",
        "organization": "null"
    },
    {
        "title": "A Distributed Reputation Management Scheme for Mobile Agent-Based E-Commerce Applications",
        "year": "2005",
        "authors": "Omaima Bamasak,Ning Zhang",
        "venue": "EEE",
        "id": "178289",
        "label": "0",
        "organization": "Dept. of Comput. Sci., Manchester Univ., UK"
    },
    {
        "title": "DSA-Based Verifiable and Recoverable Encryption of Signatures and Its Application in Certified E-Goods Delivery",
        "year": "2005",
        "authors": "Aleksandra Nenadic,Ning Zhang,Qi Shi,Carole A. Goble",
        "venue": "EEE",
        "id": "178405",
        "label": "0",
        "organization": "University of Manchester"
    },
    {
        "title": "CRM Method for Power Supply Enterprises Based on Analysis of Utility and Customers_ Credit and Multistage Fuzzy Evaluation",
        "year": "2007",
        "authors": "Yuansheng Huang,Ning Zhang,Lei Yu",
        "venue": "FSKD (3)",
        "id": "219009",
        "label": "7",
        "organization": "North China Electric Power University"
    },
    {
        "title": "Fuzzy Comprehensive Evaluation for Power Network Operating Schemes",
        "year": "2007",
        "authors": "Ning Zhang,Hua Ye,Yutian Liu",
        "venue": "FSKD (4)",
        "id": "219254",
        "label": "8",
        "organization": "Shandong Univ., Jinan"
    },
    {
        "title": "On Miquel's Five-Circle Theorem",
        "year": "2004",
        "authors": "Hongbo Li,Ronghua Xu,Ning Zhang",
        "venue": "IWMM/GIAE",
        "id": "232357",
        "label": "9",
        "organization": "null"
    },
    {
        "title": "Finding Shortest Paths in Large Network Systems",
        "year": "2001",
        "authors": "Edward P. F. Chan,Ning Zhang",
        "venue": "ACM-GIS",
        "id": "232849",
        "label": "6",
        "organization": "null"
    },
    {
        "title": "A general approach to secure components composition",
        "year": "1996",
        "authors": "Qi Shi,Ning Zhang",
        "venue": "HASE",
        "id": "239297",
        "label": "0",
        "organization": "Sch. of Comput. & Math., Liverpool John Moores Univ."
    },
    {
        "title": "Generators Bidding Behavior in the NYISO Day-Ahead Wholesale Electricity Market",
        "year": "2007",
        "authors": "Ning Zhang,Timothy Mount,Richard Boisvert",
        "venue": "HICSS",
        "id": "249350",
        "label": "10",
        "organization": "Cornell University"
    },
    {
        "title": "Odaies: Ontology-driven Adaptive Web Information Extraction System",
        "year": "2003",
        "authors": "Ning Zhang,Hong Chen,Yu Wang,Shi-Jun Cheng,Ming-Feng Xiong",
        "venue": "IAT",
        "id": "261066",
        "label": "2",
        "organization": "Dept. of Comput. Sci. & Technol., Peking Univ., Beijing, China"
    },
    {
        "title": "Compact Access Control Labeling for Efficient Secure XML Query Evaluation",
        "year": "2005",
        "authors": "Huaxin Zhang,Ning Zhang,Kenneth Salem,Donghui Zhuo",
        "venue": "ICDE Workshops",
        "id": "301481",
        "label": "6",
        "organization": "University of Waterloo, Canada"
    },
    {
        "title": "BlossomTree: Evaluating XPaths in FLWOR Expressions",
        "year": "2005",
        "authors": "Ning Zhang,Shishir Agrawal,M. Tamer Ozsu",
        "venue": "ICDE",
        "id": "301483",
        "label": "6",
        "organization": "University of Waterloo"
    },
    {
        "title": "A Succinct Physical Storage Scheme for Efficient Evaluation of Path Queries in XML",
        "year": "2004",
        "authors": "Ning Zhang,Varun Kacholia,M. Tamer Ozsu",
        "venue": "ICDE",
        "id": "301491",
        "label": "6",
        "organization": "null"
    },
    {
        "title": "XSEED: Accurate and Fast Cardinality Estimation for XPath Queries",
        "year": "2006",
        "authors": "Ning Zhang,M. Tamer Ozsu,Ashraf Aboulnaga,Ihab F. Ilyas",
        "venue": "ICDE",
        "id": "301499",
        "label": "6",
        "organization": "University of Waterloo"
    },
    {
        "title": "Towards a Secure Mobile Agent Based M-Commerce System",
        "year": "2003",
        "authors": "Omaima Bamasak,Ning Zhang",
        "venue": "ICEIS (4)",
        "id": "305787",
        "label": "0",
        "organization": "null"
    },
    {
        "title": "Non-Repudiation and Fairness in Electronic Data Exchange",
        "year": "2003",
        "authors": "Aleksandra Nenadic,Ning Zhang",
        "venue": "ICEIS (4)",
        "id": "306935",
        "label": "0",
        "organization": "null"
    },
    {
        "title": "Concurrent Garbage Collection Implementation in a Standard JVM for Real-Time Purposes",
        "year": "2004",
        "authors": "Yuqiang Xian,Ning Zhang,Guangze Xiong",
        "venue": "ICESS",
        "id": "308997",
        "label": "12",
        "organization": "null"
    },
    {
        "title": "Primary-consistent soft-decision color demosaic for digital cameras",
        "year": "2003",
        "authors": "Xiaolin Wu,Ning Zhang",
        "venue": "ICIP (1)",
        "id": "322292",
        "label": "14",
        "organization": "Dept. of Electr. & Comput. Eng., McMaster Univ., Hamilton, Ont., Canada"
    },
    {
        "title": "Lossless compression of color mosaic images",
        "year": "2004",
        "authors": "Ning Zhang,Xiaolin Wu",
        "venue": "ICIP",
        "id": "322655",
        "label": "14",
        "organization": "Dept. of Electr. & Comput. Eng., McMaster Univ., Hamilton, Canada"
    },
    {
        "title": "A Study of Fairness for ATM ABR Service Based on Cell Delay",
        "year": "2001",
        "authors": "Ning Zhang,Manhee Jo,Shigetomo Kimura,Yoshihiko Ebihara",
        "venue": "ICOIN",
        "id": "339234",
        "label": "15",
        "organization": "Tsukuba Univ., Ibaraki"
    },
    {
        "title": "DiSigncryption: An Integration of Agent-Based Signature Delegation with Distributed Reputation Management Schem",
        "year": "2005",
        "authors": "Omaima Bamasak,Ning Zhang,Doug Edwards",
        "venue": "IPDPS",
        "id": "408074",
        "label": "0",
        "organization": "null"
    },
    {
        "title": "Certified E-Mail Delivery with DSA Receipts",
        "year": "2005",
        "authors": "Aleksandra Nenadic,Ning Zhang,Qi Shi,Carole A. Goble",
        "venue": "IPDPS",
        "id": "410241",
        "label": "0",
        "organization": "University of Manchester"
    },
    {
        "title": "Context-based Arithmetic Coding Reexamined for DCT Video Compression",
        "year": "2007",
        "authors": "Li Zhang,Xiaolin Wu,Ning Zhang,Wen Gao,Qiang Wang,Debin Zhao",
        "venue": "ISCAS",
        "id": "428940",
        "label": "14",
        "organization": "Inst. of Comput. Technol., Chinese Acad. of Sci., Beijing"
    },
    {
        "title": "An Asymmetric Authentication Protocol for M-Commerce Applications",
        "year": "2003",
        "authors": "Li-Sha He,Ning Zhang",
        "venue": "ISCC",
        "id": "431880",
        "label": "0",
        "organization": "Dept. of Comput. Sci., Manchester Univ., UK"
    },
    {
        "title": "A secure proxy signature protocol for agent-based M-commerce applications",
        "year": "2004",
        "authors": "Omaima Bamasak,Ning Zhang",
        "venue": "ISCC",
        "id": "431928",
        "label": "0",
        "organization": "Dept. of Comput. Sci., Manchester Univ., UK"
    },
    {
        "title": "Revocation invocation for accountable anonymous PKI certificate trees",
        "year": "2004",
        "authors": "D. Critchlow,Ning Zhang",
        "venue": "ISCC",
        "id": "432127",
        "label": "0",
        "organization": "null"
    },
    {
        "title": "A secure and fair DSA-based signature exchange protocol",
        "year": "2004",
        "authors": "Aleksandra Nenadic,Ning Zhang,Stephen Barton",
        "venue": "ISCC",
        "id": "432643",
        "label": "0",
        "organization": "Dept. of Comput. Sci., Manchester Univ., UK"
    },
    {
        "title": "Prediction of Helix, Strand Segments from Primary Protein Sequences by a Set of Neural Networks",
        "year": "2007",
        "authors": "Zhuo Song,Ning Zhang,Zhuo Yang,Tao Zhang",
        "venue": "ISNN (2)",
        "id": "443630",
        "label": "17",
        "organization": "Key Lab. of Bioactive Materials, Ministry of Education and College of life science, Nankai University, Tianjin, 300071, P.R.China"
    },
    {
        "title": "A General Fuzzified CMAC Controller with Eligibility",
        "year": "2008",
        "authors": "Zhipeng Shen,Ning Zhang,Chen Guo",
        "venue": "ISNN (2)",
        "id": "443983",
        "label": "0",
        "organization": "College of Information Science and Technology, Dalian Maritime University, Dalian, China 116026"
    },
    {
        "title": "Achieving Distributed Trusted Services",
        "year": "2004",
        "authors": "Omaima Bamasak,Ning Zhang",
        "venue": "ITCC (1)",
        "id": "456534",
        "label": "0",
        "organization": "Dept. of Comput. Sci., Manchester Univ., UK"
    },
    {
        "title": "A Security Protocol for Certified E-Goods Delivery",
        "year": "2004",
        "authors": "Aleksandra Nenadic,Ning Zhang,Stephen Barton",
        "venue": "ITCC (1)",
        "id": "457227",
        "label": "0",
        "organization": "Dept. of Comput. Sci., Manchester Univ., UK"
    },
    {
        "title": "An Analysis Framework of Factors Influencing China Software and Information Service Offshore Outsourcing",
        "year": "2008",
        "authors": "Ning Zhang",
        "venue": "ITNG",
        "id": "458129",
        "label": "19",
        "organization": "Central Univ. of Finance & Econ., Beijing"
    },
    {
        "title": "Dynamic output feedback Hinfinity controller design of fuzzy dynamic systems using LMI techniques",
        "year": "1998",
        "authors": "Zhixiu Han,Gang Feng,Ning Zhang",
        "venue": "KES (2)",
        "id": "476820",
        "label": "20",
        "organization": "null"
    },
    {
        "title": "Trade-off scheme for fault tolerant connected dominating sets on size and diameter",
        "year": "2008",
        "authors": "Ning Zhang,Incheol Shin,Feng Zou,Weili Wu,My T. Thai",
        "venue": "FOWANC",
        "id": "506600",
        "label": "0",
        "organization": "University of Florida, Gainesville, FL, USA"
    },
    {
        "title": "A mobility monitoring based advance reservation protocol",
        "year": "2006",
        "authors": "Ian Featherstone,Ning Zhang",
        "venue": "Q2SWinet",
        "id": "509826",
        "label": "0",
        "organization": "University of Manchester, Manchester, UK"
    },
    {
        "title": "Characteristics of the Group Interest Network",
        "year": "2008",
        "authors": "Ning Zhang",
        "venue": "NAA",
        "id": "510875",
        "label": "23",
        "organization": "null"
    },
    {
        "title": "Graph Cuts in Content-Based Image Classification and Retrieval with Relevance Feedback",
        "year": "2007",
        "authors": "Ning Zhang,Ling Guan",
        "venue": "PCM",
        "id": "532236",
        "label": "25",
        "organization": "null"
    },
    {
        "title": "A new signature scheme: joint-signature",
        "year": "2004",
        "authors": "Li-Sha He,Ning Zhang",
        "venue": "SAC",
        "id": "566465",
        "label": "0",
        "organization": "The University of Manchester, Manchester, UK"
    },
    {
        "title": "A secure method for signature delegation to mobile agents",
        "year": "2004",
        "authors": "Omaima Bamasak,Ning Zhang",
        "venue": "SAC",
        "id": "566595",
        "label": "0",
        "organization": "University of Manchester, Manchester, UK"
    },
    {
        "title": "Fair certified e-mail delivery",
        "year": "2004",
        "authors": "Aleksandra Nenadic,Ning Zhang,Stephen Barton",
        "venue": "SAC",
        "id": "568038",
        "label": "0",
        "organization": "University of Manchester, UK"
    },
    {
        "title": "An Insight Into User Privacy and Accountable Anonymity for Mobile E-Commerce Transactions",
        "year": "2002",
        "authors": "D. Critchlow,Ning Zhang",
        "venue": "SEC",
        "id": "580723",
        "label": "0",
        "organization": "null"
    },
    {
        "title": "A New End-to-End Authentication Protocol for Mobile Users to Access Internet Services",
        "year": "2002",
        "authors": "Li-Sha He,Ning Zhang,Li-Rong He",
        "venue": "SEC",
        "id": "580853",
        "label": "0",
        "organization": "null"
    },
    {
        "title": "Research on Visualization Techniques for Web Usability Analysis",
        "year": "2007",
        "authors": "Jianli Duan,Ning Zhang",
        "venue": "SNPD (2)",
        "id": "609325",
        "label": "0",
        "organization": "Dalian Maritime University, China"
    },
    {
        "title": "Analysis of Sidelobe Elevation for Polyphase Complementary Codes through the Non-ideal System",
        "year": "2007",
        "authors": "Debin Pang,Ning Zhang",
        "venue": "SNPD (3)",
        "id": "609619",
        "label": "30",
        "organization": "Harbin Institute of Technology, China"
    },
    {
        "title": "InterJoin: Exploiting Indexes and Materialized Views in XPath Evaluation",
        "year": "2006",
        "authors": "Derek Phillips,Ning Zhang,Ihab F. Ilyas,M. Tamer Ozsu",
        "venue": "SSDBM",
        "id": "618501",
        "label": "6",
        "organization": "University of Waterloo, Canada"
    },
    {
        "title": "Distributed Supercomputing for Graphics Applications: A Case Study on an Implementation of the Radiosity Approach",
        "year": "1989",
        "authors": "Jose L. Encarnacao,Geory Koberle,Ning Zhang",
        "venue": "Supercomputer",
        "id": "623659",
        "label": "28",
        "organization": "null"
    },
    {
        "title": "L-8 constrained micronoise filtering for high-fidelity image compression",
        "year": "2000",
        "authors": "Ning Zhang,Xinggang Lin,Yujin Zhang",
        "venue": "VCIP",
        "id": "637763",
        "label": "27",
        "organization": "null"
    },
    {
        "title": "FIX: Feature-based Indexing Technique for XML Documents",
        "year": "2006",
        "authors": "Ning Zhang,M. Tamer Ozsu,Ihab F. Ilyas,Ashraf Aboulnaga",
        "venue": "VLDB",
        "id": "641789",
        "label": "6",
        "organization": "null"
    },
    {
        "title": "Statistical Learning Techniques for Costing XML Queries",
        "year": "2005",
        "authors": "Ning Zhang,Peter J. Haas,Vanja Josifovski,Guy M. Lohman,Chun Zhang",
        "venue": "VLDB",
        "id": "644121",
        "label": "6",
        "organization": "null"
    },
    {
        "title": "Building Domain Ontology Based on Web Data and Generic Ontology",
        "year": "2004",
        "authors": "Jie Yang,Lei Wang,Song Zhang,Xin Sui,Ning Zhang,Zhuoqun Xu",
        "venue": "Web Intelligence",
        "id": "655201",
        "label": "2",
        "organization": "Peking Univ., Beijing, China"
    },
    {
        "title": "Offer Group Generation and Delayed Processing in Multi-Issue Negotiation",
        "year": "2004",
        "authors": "Ning Zhang,Song Zhang,Lei Wang,Jie Yang,Zhuoqun Xu",
        "venue": "Web Intelligence",
        "id": "655228",
        "label": "2",
        "organization": "Peking University, Beijing"
    },
    {
        "title": "An Ant Colony Optimization Algorithm for Learning Classification Rules",
        "year": "2006",
        "authors": "Junzhong Ji,Ning Zhang,Chunnian Liu,Ning Zhong",
        "venue": "Web Intelligence",
        "id": "655372",
        "label": "32",
        "organization": "Beijing University of Technology, China"
    },
    {
        "title": "Assisting Seller Pricing Strategy Selection for Electronic Auctions",
        "year": "2004",
        "authors": "Jia Zhang,Ning Zhang,Jen-Yao Chung",
        "venue": "CEC",
        "id": "659001",
        "label": "10",
        "organization": "Cornell University"
    },
    {
        "title": "Plugging a Scalable Authentication Framework into Shibboleth",
        "year": "2005",
        "authors": "Ning Zhang,Li Yao,Jay Chin,Aleksandra Nenadic,A. McNab,Alan L. Rector,Carole A. Goble,Qi Shi",
        "venue": "WETICE",
        "id": "660115",
        "label": "0",
        "organization": "null"
    },
    {
        "title": "New Approximation for Minimum-Weight Routing Backbone in Wireless Sensor Network",
        "year": "2008",
        "authors": "Ning Zhang,Incheol Shin,Bo Li,Cem Boyaci,Ravi Tiwari,My T. Thai",
        "venue": "WASA",
        "id": "677759",
        "label": "0",
        "organization": "Dept. of Computer and Information Science and Engineering, University of Florida, Gainesville FL 32611"
    },
    {
        "title": "Levels of Authentication Assurance: an Investigation",
        "year": "2007",
        "authors": "Aleksandra Nenadic,Ning Zhang,Li Yao,Terry Morrow",
        "venue": "IAS",
        "id": "716897",
        "label": "0",
        "organization": "University of Manchester, UK"
    },
    {
        "title": "A Purpose-Based Access Control Model",
        "year": "2007",
        "authors": "Naikuo Yang,Howard Barringer,Ning Zhang",
        "venue": "IAS",
        "id": "716902",
        "label": "0",
        "organization": "University of Manchester, UK"
    },
    {
        "title": "Secure M-commerce Transactions: A Third Party Based Signature Protocol",
        "year": "2007",
        "authors": "Li-Sha He,Ning Zhang,Li-Rong He,Ian Rogers",
        "venue": "IAS",
        "id": "716922",
        "label": "0",
        "organization": "University of Mancester, UK"
    },
    {
        "title": "E-learning and Its Information Technology",
        "year": "2008",
        "authors": "Ning Zhang,Hong Bao",
        "venue": "CSSE (5)",
        "id": "729946",
        "label": "5",
        "organization": "Inst. of Inf. Technol., Beijing Union Univ., Beijing"
    },
    {
        "title": "MS-BID: a Java package for label-free LC-MS-based comparative proteomic analysis",
        "year": "2008",
        "authors": "Daehee Hwang,Ning Zhang,Hookeun Lee,Eugene Yi,Hui Zhang,Inyoul Y. Lee,Leroy Hood,Ruedi Aebersold",
        "venue": "Bioinformatics",
        "id": "768011",
        "label": "1",
        "organization": "null"
    },
    {
        "title": "Achieving Non-Repudiation of Receipt",
        "year": "1996",
        "authors": "Ning Zhang,Qi Shi",
        "venue": "Comput. J.",
        "id": "792008",
        "label": "0",
        "organization": "null"
    },
    {
        "title": "A Flexible Approach to Secure and Fair Document Exchange",
        "year": "1999",
        "authors": "Ning Zhang,Qi Shi,Madjid Merabti",
        "venue": "Comput. J.",
        "id": "792009",
        "label": "0",
        "organization": "null"
    },
    {
        "title": "Security enhanced accountable anonymous PKI certificates for mobile e-commerce",
        "year": "2004",
        "authors": "D. Critchlow,Ning Zhang",
        "venue": "Computer Networks",
        "id": "793823",
        "label": "0",
        "organization": "null"
    },
    {
        "title": "An efficient protocol for anonymous and fair document exchange",
        "year": "2003",
        "authors": "Ning Zhang,Qi Shi,Madjid Merabti",
        "venue": "Computer Networks",
        "id": "795830",
        "label": "0",
        "organization": "null"
    },
    {
        "title": "Autonomous mobile agent based fair exchange",
        "year": "2004",
        "authors": "Ning Zhang,Qi Shi,Madjid Merabti,Robert Askwith",
        "venue": "Computer Networks",
        "id": "795865",
        "label": "0",
        "organization": "Department of Computer Science, The University of Manchester, Oxford Road, Manchester, UK M13 9PL"
    },
    {
        "title": "Achieving fine-grained access control in virtual organizations",
        "year": "2007",
        "authors": "Ning Zhang,Li Yao,Aleksandra Nenadic,Jay Chin,Carole A. Goble,Alan L. Rector,David W. Chadwick,Sassa Otenko,Qi Shi",
        "venue": "Concurrency and Computation: Practice and Experience",
        "id": "810936",
        "label": "0",
        "organization": "null"
    },
    {
        "title": "SHEETSPAIR: A Database of Amino Acid Pairs in Protein Sheet Structures",
        "year": "2007",
        "authors": "Ning Zhang,Jishou Ruan,Jie Wu,Tao Zhang",
        "venue": "Data Science Journal",
        "id": "839865",
        "label": "17",
        "organization": "null"
    },
    {
        "title": "ERPDB: An Integrated Database of ERP Data for Neuroinformatics Research",
        "year": "2007",
        "authors": "QingHong Yan,Ning Zhang,Jie Wu,Tao Zhang",
        "venue": "Data Science Journal",
        "id": "840011",
        "label": "17",
        "organization": "null"
    },
    {
        "title": "Compact access control labeling for efficient secure XML query evaluation",
        "year": "2007",
        "authors": "Huaxin Zhang,Ning Zhang,Kenneth Salem,Donghui Zhuo",
        "venue": "Data Knowl. Eng.",
        "id": "846334",
        "label": "6",
        "organization": "Computer Science Department, University of Waterloo, Waterloo, ON, Canada"
    },
    {
        "title": "Reputation management and signature delegation: A distributed approach",
        "year": "2006",
        "authors": "Omaima Bamasak,Ning Zhang",
        "venue": "Electronic Commerce Research",
        "id": "862508",
        "label": "0",
        "organization": "School of Computer Science, The University of Manchester, Manchester, United Kingdom M13 9PL"
    },
    {
        "title": "Efficient elliptic curve scalar multiplication algorithms resistant to power analysis",
        "year": "2007",
        "authors": "Ning Zhang,Zhixiong Chen,Guozhen Xiao",
        "venue": "Inf. Sci.",
        "id": "942573",
        "label": "3",
        "organization": "National Key Laboratory of ISN, Xidian University, Xi'an, Shaanxi 710071, PR China"
    },
    {
        "title": "RSA-based Verifiable and Recoverable Encryption of Signatures and its application in certified e-mail delivery",
        "year": "2005",
        "authors": "Aleksandra Nenadic,Ning Zhang,Qi Shi",
        "venue": "Journal of Computer Security",
        "id": "970596",
        "label": "0",
        "organization": "null"
    },
    {
        "title": "H2 Control design for fuzzy dynamic systems via LMI",
        "year": "2000",
        "authors": "Ning Zhang,Gang Feng",
        "venue": "Journal of Intelligent and Fuzzy Systems",
        "id": "981861",
        "label": "20",
        "organization": "null"
    },
    {
        "title": "An effective model for composition of secure systems",
        "year": "1998",
        "authors": "Qi Shi,Ning Zhang",
        "venue": "Journal of Systems and Software",
        "id": "997154",
        "label": "0",
        "organization": "null"
    },
    {
        "title": "A unified approach to a fair document exchange system",
        "year": "2004",
        "authors": "Ning Zhang,Qi Shi,Madjid Merabti",
        "venue": "Journal of Systems and Software",
        "id": "997532",
        "label": "0",
        "organization": "null"
    },
    {
        "title": "Revocation of privacy-enhanced public-key certificates",
        "year": "2005",
        "authors": "Ning Zhang,Qi Shi,Madjid Merabti",
        "venue": "Journal of Systems and Software",
        "id": "997534",
        "label": "0",
        "organization": "null"
    },
    {
        "title": "RSA-based Certified Delivery of E-Goods Using Verifiable and Recoverable Signature Encryption",
        "year": "2005",
        "authors": "Aleksandra Nenadic,Ning Zhang,Barry M. G. Cheetham,Carole A. Goble",
        "venue": "J. UCS",
        "id": "1002080",
        "label": "0",
        "organization": "null"
    },
    {
        "title": "Auction-Based Pricing Model for Web Service Providers",
        "year": "2006",
        "authors": "Jia Zhang,Ning Zhang,Liang-Jie Zhang",
        "venue": "Int. J. Web Service Res.",
        "id": "1003330",
        "label": "10",
        "organization": "null"
    },
    {
        "title": "Automated regression testing using DBT and Sleuth",
        "year": "1999",
        "authors": "Anneliese von Mayrhauser,Ning Zhang",
        "venue": "Journal of Software Maintenance",
        "id": "1069267",
        "label": "11",
        "organization": "null"
    },
    {
        "title": "On approximation algorithms of k-connected m-dominating sets in disk graphs",
        "year": "2007",
        "authors": "My T. Thai,Ning Zhang,Ravi Tiwari,Xiaochun Xu",
        "venue": "Theor. Comput. Sci.",
        "id": "1095730",
        "label": "0",
        "organization": "Department of Computer and Information Science and Engineering, University of Florida, Gainesville, FL 32611, United States"
    },
    {
        "title": "Primary-consistent soft-decision color demosaicking for digital cameras (patent pending)",
        "year": "2004",
        "authors": "Xiaolin Wu,Ning Zhang",
        "venue": "IEEE Transactions on Image Processing",
        "id": "1101762",
        "label": "14",
        "organization": "Dept. of Electr. & Comput. Eng., McMaster Univ., Hamilton, Ont., Canada"
    },
    {
        "title": "On multirate optimality of JPEG2000 code stream",
        "year": "2005",
        "authors": "Xiaolin Wu,Sorina Dumitrescu,Ning Zhang",
        "venue": "IEEE Transactions on Image Processing",
        "id": "1102232",
        "label": "14",
        "organization": "Dept. of Electr. & Comput. Eng., McMaster Univ., Hamilton, Ont., Canada"
    },
    {
        "title": "Lossless compression of color mosaic images",
        "year": "2006",
        "authors": "Ning Zhang,Xiaolin Wu",
        "venue": "IEEE Transactions on Image Processing",
        "id": "1102347",
        "label": "14",
        "organization": "Dept. of Electr. & Comput. Eng., McMaster Univ., Hamilton, Canada"
    },
    {
        "title": "Sixty-phase generalized Barker sequences",
        "year": "1989",
        "authors": "Ning Zhang,Solomon W. Golomb",
        "venue": "IEEE Transactions on Information Theory",
        "id": "1109813",
        "label": "13",
        "organization": "Dept. of Sci. & Tech., Pacific Bell, Sam Ramon, CA"
    },
    {
        "title": "A limit theorem for n-phase Barker sequences (corresp.)",
        "year": "1990",
        "authors": "Ning Zhang,Solomon W. Golomb",
        "venue": "IEEE Transactions on Information Theory",
        "id": "1109814",
        "label": "13",
        "organization": "null"
    },
    {
        "title": "Uniqueness of the generalized Barker sequence of length 6",
        "year": "1990",
        "authors": "Ning Zhang,Solomon W. Golomb",
        "venue": "IEEE Transactions on Information Theory",
        "id": "1109815",
        "label": "13",
        "organization": "Pacific Bell Broadband Network Res., San Ramon, CA"
    },
    {
        "title": "On the crosscorrelation of generalized Barker sequences",
        "year": "1990",
        "authors": "Ning Zhang,Solomon W. Golomb",
        "venue": "IEEE Transactions on Information Theory",
        "id": "1109816",
        "label": "13",
        "organization": "Pacific Bell, San Ramon, CA"
    },
    {
        "title": "Polyphase sequence with low autocorrelations",
        "year": "1993",
        "authors": "Ning Zhang,Solomon W. Golomb",
        "venue": "IEEE Transactions on Information Theory",
        "id": "1109817",
        "label": "13",
        "organization": "Pacific Bell, San Ramon, CA"
    },
    {
        "title": "Practical and efficient fair document exchange over networks",
        "year": "2006",
        "authors": "Ning Zhang,Qi Shi,Madjid Merabti,Robert Askwith",
        "venue": "J. Network and Computer Applications",
        "id": "1168040",
        "label": "0",
        "organization": "null"
    },
    {
        "title": "The Bipartite Network Study of the Library Book Lending System",
        "year": "2009",
        "authors": "Nan-nan Li,Ning Zhang",
        "venue": "Complex (1)",
        "id": "1217852",
        "label": "23",
        "organization": "null"
    },
    {
        "title": "Topological Structure and Interest Spectrum of the Group Interest Network",
        "year": "2009",
        "authors": "Ning Zhang",
        "venue": "Complex (1)",
        "id": "1217916",
        "label": "23",
        "organization": "null"
    },
    {
        "title": "Corra: Computational framework and tools for LC-MS discovery and targeted mass spectrometry-based proteomics",
        "year": "2008",
        "authors": "Mi-Youn Brusniak,Bernd Bodenmiller,David Campbell,Kelly Cooke,James Eddes,Andrew Garbutt,Hollis Lau,Simon Letarte,Lukas N. Mueller,Vagisha Sharma,Olga Vitek,Ning Zhang,Ruedi Aebersold,Julian D. Watts",
        "venue": "BMC Bioinformatics",
        "id": "1220928",
        "label": "1",
        "organization": "null"
    },
    {
        "title": "A tag recommendation system for folksonomy",
        "year": "2009",
        "authors": "Ning Zhang,Yuan Zhang,Jie Tang",
        "venue": "Mathematics and Its Applications",
        "id": "1239571",
        "label": "16",
        "organization": "Tsinghua University, Beijing, China"
    },
    {
        "title": "Automatic sports genre categorization and view-type classification over large-scale dataset",
        "year": "2009",
        "authors": "Lingfang Li,Ning Zhang,Ling-Yu Duan,Qingming Huang,Jun Du,Ling Guan",
        "venue": "ACM Multimedia",
        "id": "1253076",
        "label": "25",
        "organization": "Ryerson Multimedia Research Laboratory, Ryerson University, Toronto, Ontario, Toronto, Canada"
    },
    {
        "title": "A Generic Authentication LoA Derivation Model",
        "year": "2009",
        "authors": "Li Yao,Ning Zhang",
        "venue": "SEC",
        "id": "1255161",
        "label": "0",
        "organization": "null"
    },
    {
        "title": "A comprehensive simulation study of SWAN QoS model in MANETs with proactive and reactive routing",
        "year": "2009",
        "authors": "Ning Zhang,Alagan Anpalagan",
        "venue": "CCECE",
        "id": "1258574",
        "label": "25",
        "organization": "Dept. of Electr. & Comput. Eng., Ryerson Univ., Toronto, ON"
    },
    {
        "title": "An Efficient Cloud Computing-Based Architecture for Freight System Application in China Railway",
        "year": "2009",
        "authors": "Baopeng Zhang,Ning Zhang,Honghui Li,Feng Liu,Kai Miao",
        "venue": "BRICS Dissertation Series",
        "id": "1265940",
        "label": "24",
        "organization": "Beijing JiaoTong University"
    },
    {
        "title": "Under Development - UCD in Chinese IT enterprises",
        "year": "2008",
        "authors": "Zhengjie Liu,Zhiwei Guo,Kai Qian,Huiling Wei,Ning Zhang",
        "venue": "Interactions",
        "id": "1275861",
        "label": "21",
        "organization": "null"
    },
    {
        "title": "Binary XML Storage and Query Processing in Oracle 11g",
        "year": "2009",
        "authors": "Ning Zhang,Nipun Agarwal,Sivasankaran Chandrasekar,Sam Idicula,Vijay Medi,Sabina Petride,Balasubramanyam Sthanikam",
        "venue": "PVLDB",
        "id": "1286869",
        "label": "22",
        "organization": "null"
    },
    {
        "title": "A New Secure Binding Management Protocol for Mobile IPv6 Networks.",
        "year": "2008",
        "authors": "Osama Elshakankiry,Andy Carpenter,Ning Zhang",
        "venue": "null",
        "id": "1311997",
        "label": "0",
        "organization": "Sch. of Comput. Sci., Univ. of Manchester, Manchester"
    },
    {
        "title": "Research on Distributed Data Mining Technology Based on Grid.",
        "year": "2009",
        "authors": "Ning Zhang,Hong Bao",
        "venue": "null",
        "id": "1314246",
        "label": "5",
        "organization": "Inst. of Inf. Technol., Beijing Union Univ., Beijing, China"
    },
    {
        "title": "Fuzzy Comprehensive Evaluation for Electromagnetic Loop in China Ultra-high Voltage Grid.",
        "year": "2009",
        "authors": "Dong Yang,Yutian Liu,Ning Zhang",
        "venue": "null",
        "id": "1322579",
        "label": "8",
        "organization": "Shandong Univ., Jinan, China"
    },
    {
        "title": "Analysis and Simulation Protocols Based on Slotted ALOHA for Plastic Optical Fiber Network.",
        "year": "2008",
        "authors": "Ning Zhang,Ronghua Liu",
        "venue": "null",
        "id": "1328264",
        "label": "18",
        "organization": "Dept. of Inf. Eng., Beijing Inst. of Petro-Chem. Technol., Beijing, China"
    },
    {
        "title": "A Flexible Routing Decision Framework to Support Diversified Application-Level Data Types in MANETs.",
        "year": "2009",
        "authors": "Kitisak Osathanunkul,Ning Zhang",
        "venue": "null",
        "id": "1331239",
        "label": "0",
        "organization": "Sch. of Comput. Sci., Univ. of Manchester, Manchester, UK"
    },
    {
        "title": "Self-Protection Model Based on Intelligent Agent",
        "year": "2009",
        "authors": "Bing Sun,Ya-Ping Zhang,Ning Zhang",
        "venue": "Proceedings of the 2009 Third International Conference on Network and System Security",
        "id": "1365468",
        "label": "29",
        "organization": "Sch. of Manage., Tianjin Univ., Tianjin, China"
    },
    {
        "title": "FIX: feature-based indexing technique for XML documents",
        "year": "2006",
        "authors": "Ning Zhang,M. Tamer  zsu,Ihab F. Ilyas,Ashraf Aboulnaga",
        "venue": "Proceedings of the 32nd international conference on Very large data bases",
        "id": "1368124",
        "label": "6",
        "organization": "University of Waterloo"
    },
    {
        "title": "Effective hole-injection layer for non-doped inverted top-emitting organic light-emitting devices",
        "year": "2008",
        "authors": "Yanlong Meng,Wenfa Xie,Ning Zhang,Shufen Chen,Jiang Li,Wei Hu,Yi Zhao,Jingying Hou,Shiyong Liu",
        "venue": "Microelectronics Journal",
        "id": "1374965",
        "label": "26",
        "organization": "State Key Laboratory on Integrated Optoelectronics, College of Electronic Science and Engineering, Jilin University, Changchun 130012, PR China"
    },
    {
        "title": "Characteristics of the Group Interest Network",
        "year": "2009",
        "authors": "Ning Zhang",
        "venue": "Numerical Analysis and Its Applications: 4th International Conference, NAA 2008, Lozenetz, Bulgaria, June 16-20, 2008. Revised Selected Papers",
        "id": "1388550",
        "label": "23",
        "organization": "Business School, University of Shanghai for Science and Technology, Shanghai, P.R. China 200093"
    },
    {
        "title": "Marker-Controlled Perception-Based Mesh Segmentation",
        "year": "2004",
        "authors": "Chi Zhang,Ning Zhang,Chengjun Li,Guoping Wang",
        "venue": "Proceedings of the Third International Conference on Image and Graphics",
        "id": "1413954",
        "label": "2",
        "organization": "Peking University"
    },
    {
        "title": "Fuzzy Comprehensive Evaluation for Power Network Operating Schemes",
        "year": "2007",
        "authors": "Ning Zhang,Hua Ye,Yutian Liu,Xinsheng Niu",
        "venue": "Proceedings of the Fourth International Conference on Fuzzy Systems and Knowledge Discovery - Volume 04",
        "id": "1579168",
        "label": "8",
        "organization": "Shandong University"
    },
    {
        "title": "H_2 Control design for fuzzy dynamic systems via LMI",
        "year": "2000",
        "authors": "Ning Zhang,Gang Feng",
        "venue": "Journal of Intelligent Fuzzy Systems: Applications in Engineering and Technology",
        "id": "1579791",
        "label": "20",
        "organization": "Department of Systems and Control, School of Electrical Engineering, University of New South Wales, Sydney, NSW 2052, Australia. Tel.&colon; +61 2 93855701&semi; Fax&colon; +61 2 93855993&semi; E-mail&colon; ningz@alpha2.ee.unsw.edu.au"
    },
    {
        "title": "Analysis on Routing Convergence in Optical Network",
        "year": "2007",
        "authors": "Ning ZHANG,Hong BAO,Aibo LIU",
        "venue": "Proceedings of the 2007 IFIP International Conference on Network and Parallel Computing Workshops",
        "id": "1582251",
        "label": "5",
        "organization": "Beijing Union University, Beijing 100101, China"
    },
    {
        "title": "Segmentation of Spectrum Map for HFSWR Based on Feature Extraction",
        "year": "2008",
        "authors": "Yang Li,Ning Zhang,Qiang Yang",
        "venue": "Proceedings of the 2008 Congress on Image and Signal Processing, Vol. 5 - Volume 05",
        "id": "1592155",
        "label": "0",
        "organization": "null"
    },
    {
        "title": "A New Method in Multi-Issue Negotiation",
        "year": "2004",
        "authors": "Ning Zhang,Lei Wang,Jie Yang",
        "venue": "Proceedings of the E-Commerce Technology for Dynamic E-Business, IEEE International Conference",
        "id": "1613361",
        "label": "2",
        "organization": "Peking University, Beijing"
    },
    {
        "title": "Distributed supercomputing to achieve real-time representation and manipulation of complex scenes",
        "year": "1990",
        "authors": "Jos  Encarna ao,G. K berle,Ning Zhang",
        "venue": "Computers in Industry",
        "id": "1623315",
        "label": "28",
        "organization": "null"
    },
    {
        "title": "A New Time-domain Detection Approach with Blind Separation Based on Neural Network",
        "year": "2009",
        "authors": "Guan Nan Li,Feng Zheng,Li Yang,Ning Zhang",
        "venue": "Proceedings of the 2009 Second International Symposium on Electronic Commerce and Security - Volume 01",
        "id": "1654365",
        "label": "0",
        "organization": "PLA Commun. & Command Inst., Wuhan, China"
    },
    {
        "title": "Interference Temperature Estimation Based on the Detection and Estimation of Angles of Arrival of Multiple Wide-Band Sources in Cognitive Radio Sensor Networks",
        "year": "2009",
        "authors": "Wei Ma,Mu Qing Wu,Guan Nan Li,Ning Zhang",
        "venue": "Proceedings of the 2009 Second International Symposium on Electronic Commerce and Security - Volume 02",
        "id": "1656552",
        "label": "0",
        "organization": "Sch. of Inf. & Telecommun. Eng., Beijing Univ. of Posts & Telecommun., Beijing, China"
    },
    {
        "title": "VISSIM-Based Simulation of the Left-Turn Waiting Zone at Signalized Intersection",
        "year": "2008",
        "authors": "Hui Chen,Ning Zhang,Zhendong Qian",
        "venue": "Proceedings of the 2008 International Conference on Intelligent Computation Technology and Automation - Volume 01",
        "id": "1747810",
        "label": "31",
        "organization": "ITS Inst. of Minist. of Educ., Southeast Univ., Nanjing"
    }
]