[
    {
        "title": "User-Driven Design of a Tangible Awareness Landscape",
        "year": "2000",
        "authors": "Simon Lock,Jennifer Allanson,Peter Phillips",
        "venue": "Symposium on Designing Interactive Systems",
        "id": "5648",
        "label": "0",
        "organization": "null"
    },
    {
        "title": "Exponential Cluster Smearing",
        "year": "2005",
        "authors": "Peter Phillips,John MacIntyre,Alfredo Moscardini",
        "venue": "Artificial Intelligence and Applications",
        "id": "31986",
        "label": "1",
        "organization": "null"
    },
    {
        "title": "In Search of Salience: A Response-time and Eye-movement Analysis of Bookmark Recognition",
        "year": "2004",
        "authors": "Alex Poole,Linden J. Ball,Peter Phillips",
        "venue": "BCS HCI",
        "id": "62266",
        "label": "0",
        "organization": "null"
    },
    {
        "title": "A New Technique for Improving the Classification Ability of a Neural Network",
        "year": "2003",
        "authors": "John MacIntyre,Alfredo Moscardini,Peter Phillips",
        "venue": "IC-AI",
        "id": "265516",
        "label": "1",
        "organization": "null"
    },
    {
        "title": "Areal Aggregated Crime Reasoning through Density Tracing",
        "year": "2007",
        "authors": "Ickjai Lee,Peter Phillips",
        "venue": "ICDM Workshops",
        "id": "303609",
        "label": "2",
        "organization": "null"
    },
    {
        "title": "Mining Positive Associations of Urban Criminal Activities Using Hierarchical Crime Hot Spots",
        "year": "2006",
        "authors": "Peter Phillips,Ickjai Lee",
        "venue": "WISI",
        "id": "664315",
        "label": "2",
        "organization": "null"
    },
    {
        "title": "What-if Emergency Management System: A Generalized Voronoi Diagram Approach",
        "year": "2007",
        "authors": "Ickjai Lee,Reece Pershouse,Peter Phillips,Chris Christensen",
        "venue": "PAISI",
        "id": "696621",
        "label": "2",
        "organization": "null"
    },
    {
        "title": "Criminal Cross Correlation Mining and Visualization",
        "year": "2009",
        "authors": "Peter Phillips,Ickjai Lee",
        "venue": "PAISI",
        "id": "696655",
        "label": "2",
        "organization": "Discipline of IT, James Cook University, Australia"
    },
    {
        "title": "Urban Crime Analysis through Areal Categorized Multivariate Associations Mining",
        "year": "2008",
        "authors": "Ickjai Lee,Peter Phillips",
        "venue": "Applied Artificial Intelligence",
        "id": "738532",
        "label": "2",
        "organization": "null"
    },
    {
        "title": "No Source Code? No Problem!",
        "year": "2003",
        "authors": "Peter Phillips,George Phillips",
        "venue": "ACM Queue",
        "id": "1048926",
        "label": "1",
        "organization": "Digital Eclipse"
    },
    {
        "title": "The conductor interaction method",
        "year": "2007",
        "authors": "Dorothy Rachovides,James Walkerdine,Peter Phillips",
        "venue": "TOMCCAP",
        "id": "1120992",
        "label": "0",
        "organization": "Lancaster University, Lancaster, UK"
    },
    {
        "title": "Architecting secure mobile P2P systems",
        "year": "2008",
        "authors": "James Walkerdine,Peter Phillips,Simon Lock",
        "venue": "Proceedings of the 1st international workshop on Software architectures and mobility",
        "id": "1376847",
        "label": "0",
        "organization": "Lancaster University, Lancaster, UK"
    },
    {
        "title": "Gaming, Fine Art, and Familiar Strangers",
        "year": "2004",
        "authors": "Nuno Correia,Luis Romero,Jorge Santiago,Kalle Jegers,Mikael Wiberg,Eric Paulos,Robert Wechsler,Frieder Weiss,Duncan McCaffery,Joe Finney,Stefan Schmid,Andrew Scott,Simon Lock,Jennifer G. Sheridan,Adam T. Lindsay,Stewart Kember,Peter Phillips,Jen Allanson",
        "venue": "IEEE Pervasive Computing",
        "id": "1595020",
        "label": "0",
        "organization": "Lancaster University, UK"
    }
]