[
    {
        "title": "EP-X: A Knowledge-Based System to Aid in Searches of the Environmental Pollution Literature",
        "year": "1985",
        "authors": "D. A. Krawczak,Philip J. Smith,Steven J. Shute,Mark H. Chignell",
        "venue": "CAIA",
        "id": "72516",
        "label": "0",
        "organization": "null"
    },
    {
        "title": "Teaching problem-solving through a cooperative learning environment",
        "year": "1995",
        "authors": "Rebecca Denning,Philip J. Smith",
        "venue": "CHI 95 Conference Companion",
        "id": "88061",
        "label": "0",
        "organization": "Cognitive Systems Engineering Laboratory, 1971 Neil Avenue, The Ohio State University, Columbus, Ohio"
    },
    {
        "title": "Design Concepts for an Instructional Tool: Teaching Abductive Reasoning in Antibody Identification",
        "year": "1996",
        "authors": "Jodi Heintz Obradovich,Philip J. Smith,Stephanie Guerlain,Jack W. Smith,Sally Rudmann,Larry Sachs,John Svirbley,Melanie Kennedy,Patricia Strohm",
        "venue": "CHI Conference Companion",
        "id": "89740",
        "label": "0",
        "organization": "null"
    },
    {
        "title": "The Transfusion Medicine Tutor: Using Expert Systems Technology to Teach Domain-Specific Problem-Solving Skills",
        "year": "1996",
        "authors": "Jodi Heintz Obradovich,Philip J. Smith,Stephanie Guerlain,Sally Rudmann,Patricia Strohm,Jack W. Smith,Larry Sachs,Rebecca Denning",
        "venue": "Intelligent Tutoring Systems",
        "id": "458883",
        "label": "0",
        "organization": "null"
    },
    {
        "title": "Successful Use of an Expert System to Teach Diagnostic Reasoning for Antibody Identification",
        "year": "1998",
        "authors": "Philip J. Smith,Jodi Heintz Obradovich,Stephanie Guerlain,Sally Rudmann,Patricia Strohm,Jack W. Smith,John Svirbley,Larry Sachs",
        "venue": "Intelligent Tutoring Systems",
        "id": "458934",
        "label": "0",
        "organization": "null"
    },
    {
        "title": "Parallelization and integration of fire simulations in the Uintah PSE",
        "year": "2001",
        "authors": "Rajesh Rawat,Steven G. Parker,Philip J. Smith,Christopher R. Johnson",
        "venue": "PPSC",
        "id": "549446",
        "label": "1",
        "organization": "null"
    },
    {
        "title": "ELSA: An Electronic Library Search Assistant (Demo)",
        "year": "1993",
        "authors": "Bekka Denning,Philip J. Smith",
        "venue": "SIGIR",
        "id": "594812",
        "label": "2",
        "organization": "null"
    },
    {
        "title": "EP-X: A Demonstration of Semantically-Based Search of Bibliographic Databases",
        "year": "1987",
        "authors": "Deb Krawczak,Philip J. Smith,Steven J. Shute",
        "venue": "SIGIR",
        "id": "595280",
        "label": "0",
        "organization": "null"
    },
    {
        "title": "In Search of Knowledge-Based Search Tactics",
        "year": "1989",
        "authors": "Philip J. Smith,Steven J. Shute,Deb Galdes,Mark H. Chignell",
        "venue": "SIGIR",
        "id": "595756",
        "label": "0",
        "organization": "null"
    },
    {
        "title": "Document Retrieval: Expertise in Identifying Relevant Documents",
        "year": "1990",
        "authors": "Philip J. Smith",
        "venue": "IEEE Data Eng. Bull.",
        "id": "845027",
        "label": "0",
        "organization": "null"
    },
    {
        "title": "A Catalog of Errors",
        "year": "1992",
        "authors": "Jane M. Fraser,Philip J. Smith,Jack W. Smith",
        "venue": "International Journal of Man-Machine Studies",
        "id": "912290",
        "label": "0",
        "organization": "null"
    },
    {
        "title": "Online Library Catalog Systems: An Analysis of User Errors",
        "year": "1986",
        "authors": "Beverly Janosky,Philip J. Smith,Charles R. Hildreth",
        "venue": "International Journal of Man-Machine Studies",
        "id": "912611",
        "label": "0",
        "organization": "null"
    },
    {
        "title": "Coping with the Complexities of Multiple-Solution Problems: A Case Study",
        "year": "1991",
        "authors": "Philip J. Smith,Deb Galdes,Jane M. Fraser,Thomas Miller,Jack W. Smith,John R. Svirbely,Janice Blazina,Melanie Kennedy,Sally Rudmann,Donna L. Thomas",
        "venue": "International Journal of Man-Machine Studies",
        "id": "913428",
        "label": "0",
        "organization": "null"
    },
    {
        "title": "Knowledge-Based Search Tactics",
        "year": "1993",
        "authors": "Steven J. Shute,Philip J. Smith",
        "venue": "Inf. Process. Manage.",
        "id": "936743",
        "label": "0",
        "organization": "null"
    },
    {
        "title": "Knowledge-Based Search Tactics for an Intelligent Intermediary System",
        "year": "1989",
        "authors": "Philip J. Smith,Steven J. Shute,Deb Galdes,Mark H. Chignell",
        "venue": "ACM Trans. Inf. Syst.",
        "id": "1120339",
        "label": "0",
        "organization": "null"
    },
    {
        "title": "Strategies for designing distributed systems: case studies in the design of an air traffic management system",
        "year": "2007",
        "authors": "Philip J. Smith,Amy L. Spencer,Charles E. Billings",
        "venue": "Commun. CACM",
        "id": "1292310",
        "label": "0",
        "organization": "The Ohio State University, Cognitive Systems Engineering Laboratory, 210 BE 1971 Neil Ave, 43210, Columbus, OH, USA"
    },
    {
        "title": "Adaptive teaching strategies to improve individual student achievement in problem-based learning environments",
        "year": "1996",
        "authors": "Rebecca Dennin,Philip J. Smith",
        "venue": "Proceedings of the 1996 international conference on Learning sciences",
        "id": "1370264",
        "label": "0",
        "organization": "The Ohio State University"
    },
    {
        "title": "Adaptive teaching strategies to improve student learning in problem-based learning environments",
        "year": "1996",
        "authors": "Rebecca Denning,Philip J. Smith",
        "venue": "Proceedings of the 1996 international conference on Learning sciences",
        "id": "1370633",
        "label": "0",
        "organization": "The Ohio State University"
    },
    {
        "title": "The transfusion medicine tutor: the use of expert-systems technology to teach students and provide support to practitioners in antibody identification",
        "year": "1996",
        "authors": "Jodi Heintz Obradovich,Stephanie Guerlain,Philip J. Smith,Jack W. Smith, Jr.,Sally Rudmann,Larry Sachs,John Svirbley,Melanie Kennedy,Patricia L. Strohm",
        "venue": "Proceedings of the 1996 international conference on Learning sciences",
        "id": "1371764",
        "label": "0",
        "organization": "The Ohio State University, Columbus, OH"
    },
    {
        "title": "Design concepts for an instructional tool: teaching abductive reasoning in antibody identification",
        "year": "1996",
        "authors": "Jodi Heintz Obradovich,Philip J. Smith,Stephanie Guerlain,Jack W. Smith, Jr.,Sally Rudmann,Larry Sachs,John Svirbley,Melanie Kennedy,Patricia L. Strohm",
        "venue": "Conference companion on Human factors in computing systems: common ground",
        "id": "1396156",
        "label": "0",
        "organization": "null"
    },
    {
        "title": "VISUALIZING TURBULENT MIXING OF GASES AND PARTICLES",
        "year": "1995",
        "authors": "Liu Kwan-Ma,Philip J. Smith,Sandeep Jain",
        "venue": "null",
        "id": "1416483",
        "label": "1",
        "organization": "null"
    },
    {
        "title": "Searching for information on occupational accidents",
        "year": "2008",
        "authors": "Philip J. Smith",
        "venue": "null",
        "id": "1435041",
        "label": "0",
        "organization": "The Ohio State University"
    },
    {
        "title": "Bibliographic information retrieval systems: increasing cognitive compatibility",
        "year": "1987",
        "authors": "Philip J. Smith,Deborah Krawczak,Steven J. Shute,Mark H. Chignell",
        "venue": "Information Services and Use",
        "id": "1450416",
        "label": "0",
        "organization": "Ohio State Univ., Columbus"
    },
    {
        "title": "Modeling fault diagnosis as the activation and use of a frame system",
        "year": "1986",
        "authors": "Philip J. Smith,Walter C. Giffin,Thomas H. Rockwell,Mark Thomas",
        "venue": "Human Factors",
        "id": "1457959",
        "label": "0",
        "organization": "null"
    },
    {
        "title": "Cloud tracing in convection-diffusion systems",
        "year": "1993",
        "authors": "Kwan-Liu Ma,Philip J. Smith",
        "venue": "Proceedings of the 4th conference on Visualization '93",
        "id": "1477984",
        "label": "1",
        "organization": "University of Utah, Salt Lake City, Utah"
    },
    {
        "title": "Virtual smoke: an interactive 3D flow visualization technique",
        "year": "1992",
        "authors": "Kwan-Liu Ma,Philip J. Smith",
        "venue": "Proceedings of the 3rd conference on Visualization '92",
        "id": "1488710",
        "label": "1",
        "organization": "University of Utah, Salt Lake City, Utah"
    },
    {
        "title": "An empirical study of human tutors: the implications for intelligent tutoring systems",
        "year": "1990",
        "authors": "Philip J. Smith",
        "venue": "null",
        "id": "1492007",
        "label": "0",
        "organization": "null"
    },
    {
        "title": "ELSA (abstract): an electronic library search assistant",
        "year": "1993",
        "authors": "Bekka Denning,Philip J. Smith",
        "venue": "Proceedings of the 16th annual international ACM SIGIR conference on Research and development in information retrieval",
        "id": "1511589",
        "label": "2",
        "organization": "null"
    },
    {
        "title": "Challenges in Indexing Electronic Text and Images",
        "year": "1994",
        "authors": "Raya Fidel,Philip J. Smith,Trudi B. Hahn,Edie M. Rasmussen",
        "venue": "null",
        "id": "1516524",
        "label": "2",
        "organization": "null"
    },
    {
        "title": "Knowledge-based search tactics for an intelligent intermediary system",
        "year": "1989",
        "authors": "Philip J. Smith,Steven J. Shute,Beb Galdes,Mark H. Chignell",
        "venue": "ACM Transactions on Information Systems (TOIS)",
        "id": "1622425",
        "label": "0",
        "organization": "Ohio State Univ., Columbus"
    },
    {
        "title": "Coping with the complexities of multiple-solution problems: a case study",
        "year": "1991",
        "authors": "Philip J. Smith,Deborah Galdes,Jane Fraser,Thomas Miller,Jack W. Smith, Jr.,John R. Svirbely,Janice Blazina,Melanie Kennedy,Sally Rudmann,Donna L. Thomas",
        "venue": "International Journal of Man-Machine Studies",
        "id": "1680964",
        "label": "0",
        "organization": "null"
    },
    {
        "title": "A cognitive systems engineering approach to the design of decision support systems",
        "year": "2002",
        "authors": "Philip J. Smith,Norman D. Geddes",
        "venue": "The human-computer interaction handbook: fundamentals, evolving technologies and emerging applications",
        "id": "1701724",
        "label": "0",
        "organization": "Institute for Ergonomics, Ohio State University"
    },
    {
        "title": "Using Critical Incidents to Understand the Interactions of Airline Dispatchers with the Traffic Management System",
        "year": "1998",
        "authors": "Philip J. Smith,Rebecca Denning,Jodi Heintz Obradovich,Steve Caisse,Carla Beck,C. Elaine McCoy,Judith Orasanu",
        "venue": "Proceedings of the Fourth Symposium on Human Interaction with Complex Systems",
        "id": "1702167",
        "label": "0",
        "organization": "null"
    }
]