[
    {
        "title": "Speeding up the learning of equivalence classes of bayesian network structures",
        "year": "2006",
        "authors": "Ronan Daly,Qiang Shen,J. Stuart Aitken",
        "venue": "Artificial Intelligence and Soft Computing",
        "id": "50575",
        "label": "0",
        "organization": "null"
    },
    {
        "title": "Flexible Graphplan",
        "year": "2000",
        "authors": "Ian Miguel,Peter Jarvis,Qiang Shen",
        "venue": "ECAI",
        "id": "165646",
        "label": "0",
        "organization": "null"
    },
    {
        "title": "Towards Temporal Linguistic Variables",
        "year": "2001",
        "authors": "Joe Halliwell,Qiang Shen",
        "venue": "FUZZ-IEEE",
        "id": "221285",
        "label": "0",
        "organization": "Div. of Informatics, Edinburgh Univ."
    },
    {
        "title": "Selection of Features in Transparent Fuzzy Modelling",
        "year": "2001",
        "authors": "Qiang Shen,Alexios Chouchoulas",
        "venue": "FUZZ-IEEE",
        "id": "221443",
        "label": "0",
        "organization": "Div. of Informatics, Edinburgh Univ."
    },
    {
        "title": "Linguistic Hedges on Tradezoidal Fuzzy Sets: A Revisit",
        "year": "2001",
        "authors": "Javier G. Marin-Blazquez,Qiang Shen",
        "venue": "FUZZ-IEEE",
        "id": "221467",
        "label": "0",
        "organization": "null"
    },
    {
        "title": "Tolerance-based and Fuzzy-Rough Feature Selection",
        "year": "2007",
        "authors": "Richard Jensen,Qiang Shen",
        "venue": "FUZZ-IEEE",
        "id": "221887",
        "label": "0",
        "organization": "Univ. of Wales, Aberystwyth"
    },
    {
        "title": "Towards Fuzzy Compositional Modelling",
        "year": "2007",
        "authors": "Xin Fu,Qiang Shen,Ruiqing Zhao",
        "venue": "FUZZ-IEEE",
        "id": "221936",
        "label": "0",
        "organization": "Wales Univ., Aberystwyth"
    },
    {
        "title": "Distance Measure Assisted Rough Set Feature Selection",
        "year": "2007",
        "authors": "Neil MacParthalain,Qiang Shen,Richard Jensen",
        "venue": "FUZZ-IEEE",
        "id": "221954",
        "label": "0",
        "organization": "Wales Univ., Aberystwyth"
    },
    {
        "title": "Linguistic Bayesian Networks for Reasoning will Objective Probabilities in Forensic Statistics",
        "year": "2003",
        "authors": "Joe Halliwell,Jeroen Keppens,Qiang Shen",
        "venue": "ICAIL",
        "id": "266414",
        "label": "0",
        "organization": "null"
    },
    {
        "title": "Probabilistic Abductive Computation of Evidence Collection Strategies in Crime Investigation",
        "year": "2005",
        "authors": "Jeroen Keppens,Qiang Shen,Burkhard Schafer",
        "venue": "ICAIL",
        "id": "266435",
        "label": "0",
        "organization": "null"
    },
    {
        "title": "Admission Control for Providing QoS in Wireless Mesh Networks",
        "year": "2008",
        "authors": "Qiang Shen,Xuming Fang,Pan Li,Yuguang Fang",
        "venue": "ICC",
        "id": "276204",
        "label": "1",
        "organization": "Provincial Key Lab. of Inf. Coding & Transm., Southwest Jiaotong Univ., Chengdu"
    },
    {
        "title": "Prioritising Behaviours in Qualitative Simulation",
        "year": "1993",
        "authors": "Roy Leitch,Qiang Shen",
        "venue": "IJCAI",
        "id": "389468",
        "label": "0",
        "organization": "null"
    },
    {
        "title": "Semantics-Preserving Dimensionality Reduction in Intelligent Modelling",
        "year": "2003",
        "authors": "Qiang Shen",
        "venue": "Modelling with Words",
        "id": "510563",
        "label": "0",
        "organization": "null"
    },
    {
        "title": "Rough Set-Based Dimensionality Reduction for Multivariate Adaptive Regression Splines",
        "year": "2000",
        "authors": "Alexios Chouchoulas,Qiang Shen",
        "venue": "Rough Sets and Current Trends in Computing",
        "id": "561359",
        "label": "0",
        "organization": "null"
    },
    {
        "title": "Webpage Classification with ACO-Enhanced Fuzzy-Rough Feature Selection",
        "year": "2006",
        "authors": "Richard Jensen,Qiang Shen",
        "venue": "RSCTC",
        "id": "561449",
        "label": "0",
        "organization": "null"
    },
    {
        "title": "Using Fuzzy Dependency-Guided Attribute Grouping in Feature Selection",
        "year": "2003",
        "authors": "Richard Jensen,Qiang Shen",
        "venue": "RSFDGrC",
        "id": "561848",
        "label": "0",
        "organization": "null"
    },
    {
        "title": "Finding Rough Set Reducts with SAT",
        "year": "2005",
        "authors": "Richard Jensen,Qiang Shen,Andrew Tuson",
        "venue": "RSFDGrC (1)",
        "id": "561850",
        "label": "0",
        "organization": "null"
    },
    {
        "title": "A Rough Set-Based Approach to Text Classification",
        "year": "1999",
        "authors": "Alexios Chouchoulas,Qiang Shen",
        "venue": "RSFDGrC",
        "id": "561866",
        "label": "0",
        "organization": "null"
    },
    {
        "title": "A Rough Set-Aided System for Sorting WWW Bookmarks",
        "year": "2001",
        "authors": "Richard Jensen,Qiang Shen",
        "venue": "Web Intelligence",
        "id": "654918",
        "label": "0",
        "organization": "null"
    },
    {
        "title": "Rough Set-Aided Keyword Reduction for Text Categorization",
        "year": "2001",
        "authors": "Alexios Chouchoulas,Qiang Shen",
        "venue": "Applied Artificial Intelligence",
        "id": "737950",
        "label": "0",
        "organization": "null"
    },
    {
        "title": "Selecting tools and techniques for model-based diagnosis",
        "year": "1998",
        "authors": "Mike J. Chantler,George Macleod Coghill,Qiang Shen,Roy Leitch",
        "venue": "AI in Engineering",
        "id": "743446",
        "label": "0",
        "organization": "null"
    },
    {
        "title": "FuREAP: a Fuzzy-Rough Estimator of Algae Populations",
        "year": "2001",
        "authors": "Qiang Shen,Alexios Chouchoulas",
        "venue": "AI in Engineering",
        "id": "743810",
        "label": "0",
        "organization": "null"
    },
    {
        "title": "On extending the quantity space in qualitative reasoning",
        "year": "1992",
        "authors": "Qiang Shen,Roy Leitch",
        "venue": "AI in Engineering",
        "id": "743824",
        "label": "0",
        "organization": "null"
    },
    {
        "title": "Diagnosing continuous systems with qualitative dynamic models",
        "year": "1995",
        "authors": "Qiang Shen,Roy Leitch",
        "venue": "AI in Engineering",
        "id": "743826",
        "label": "0",
        "organization": "null"
    },
    {
        "title": "Fuzzy rrDFCSP and planning",
        "year": "2003",
        "authors": "Ian Miguel,Qiang Shen",
        "venue": "Artif. Intell.",
        "id": "745518",
        "label": "0",
        "organization": "School of Informatics, University of Edinburgh, Edinburgh EH8 9LE, UK"
    },
    {
        "title": "On the specification of multiple models for diagnosis of dynamic systems",
        "year": "2001",
        "authors": "George Macleod Coghill,Qiang Shen",
        "venue": "AI Commun.",
        "id": "746509",
        "label": "0",
        "organization": "Division of Informatics, University of Edinburgh, 80 South Bridge, Edinburgh EH1 1HN, UK E&dash;mail: qiangs&commat;dai.ed.ac.uk"
    },
    {
        "title": "Solution Techniques for Constraint Satisfaction Problems: Foundations",
        "year": "2001",
        "authors": "Ian Miguel,Qiang Shen",
        "venue": "Artif. Intell. Rev.",
        "id": "748667",
        "label": "0",
        "organization": "null"
    },
    {
        "title": "Solution Techniques for Constraint Satisfaction Problems: Advanced Approaches",
        "year": "2001",
        "authors": "Ian Miguel,Qiang Shen",
        "venue": "Artif. Intell. Rev.",
        "id": "748669",
        "label": "0",
        "organization": "null"
    },
    {
        "title": "A Preliminary Specification Methodology for Model-based Diagnosis",
        "year": "1994",
        "authors": "Roy Leitch,Mike J. Chantler,Qiang Shen,George Macleod Coghill",
        "venue": "Ann. Math. Artif. Intell.",
        "id": "751778",
        "label": "0",
        "organization": "null"
    },
    {
        "title": "Dynamic Flexible Constraint Satisfaction",
        "year": "2000",
        "authors": "Ian Miguel,Qiang Shen",
        "venue": "Appl. Intell.",
        "id": "754927",
        "label": "0",
        "organization": "Institute for Representation and Reasoning, Division of Informatics, University of Edinburgh, 80 South Bridge, Edinburgh, EH1, 1HN qiangs@dai.ed.ac.uk"
    },
    {
        "title": "Granularity and disaggregation in compositional modelling with applications to ecological systems",
        "year": "2006",
        "authors": "Jeroen Keppens,Qiang Shen",
        "venue": "Appl. Intell.",
        "id": "755067",
        "label": "0",
        "organization": "Department of Computer Science, University of Wales, Aberystwyth, UK SY23 3DB"
    },
    {
        "title": "Data-driven fuzzy rule generation and its application for student academic performance evaluation",
        "year": "2006",
        "authors": "Khairul A. Rasmani,Qiang Shen",
        "venue": "Appl. Intell.",
        "id": "755081",
        "label": "0",
        "organization": "Department of Computer Science, University of Wales, Aberystwyth, United Kingdom SY23 3DB"
    },
    {
        "title": "Approximation-based feature selection and application for algae population estimation",
        "year": "2008",
        "authors": "Qiang Shen,Richard Jensen",
        "venue": "Appl. Intell.",
        "id": "755175",
        "label": "0",
        "organization": "Department of Computer Science, The University of Wales, Aberystwyth, UK"
    },
    {
        "title": "Fuzzy-rough attribute reduction with application to web categorization",
        "year": "2004",
        "authors": "Richard Jensen,Qiang Shen",
        "venue": "Fuzzy Sets and Systems",
        "id": "879903",
        "label": "0",
        "organization": "null"
    },
    {
        "title": "Fuzzy-rough data reduction with ant colony optimization",
        "year": "2005",
        "authors": "Richard Jensen,Qiang Shen",
        "venue": "Fuzzy Sets and Systems",
        "id": "879904",
        "label": "0",
        "organization": "Department of Computer Science, The University of Wales, Aberystwyth, Penglais, Aberystwyth, Ceredigion, Wales, UK"
    },
    {
        "title": "Rough Feature Selection for Neural Network Based Image Classification",
        "year": "2002",
        "authors": "Changjing Shang,Qiang Shen",
        "venue": "Int. J. Image Graphics",
        "id": "910398",
        "label": "0",
        "organization": "null"
    },
    {
        "title": "Compositional Model Repositories via Dynamic Constraint Satisfaction with Order-of-Magnitude Preferences",
        "year": "2004",
        "authors": "Jeroen Keppens,Qiang Shen",
        "venue": "J. Artif. Intell. Res. (JAIR)",
        "id": "952189",
        "label": "0",
        "organization": "null"
    },
    {
        "title": "A rough-fuzzy approach for generating classification rules",
        "year": "2002",
        "authors": "Qiang Shen,Alexios Chouchoulas",
        "venue": "Pattern Recognition",
        "id": "1041319",
        "label": "0",
        "organization": "null"
    },
    {
        "title": "Combining rough sets and data-driven fuzzy learning for generation of classification rules",
        "year": "1999",
        "authors": "Qiang Shen,Alexios Chouchoulas",
        "venue": "Pattern Recognition",
        "id": "1041320",
        "label": "0",
        "organization": "null"
    },
    {
        "title": "Selecting informative features with fuzzy-rough sets and its application for complex systems monitoring",
        "year": "2004",
        "authors": "Qiang Shen,Richard Jensen",
        "venue": "Pattern Recognition",
        "id": "1041324",
        "label": "0",
        "organization": "null"
    },
    {
        "title": "Linguistic probabilities: theory and application",
        "year": "2009",
        "authors": "Joe Halliwell,Qiang Shen",
        "venue": "Soft Comput.",
        "id": "1070236",
        "label": "0",
        "organization": "null"
    },
    {
        "title": "Random fuzzy alternating renewal processes",
        "year": "2009",
        "authors": "Qiang Shen,Ruiqing Zhao,Wansheng Tang",
        "venue": "Soft Comput.",
        "id": "1070237",
        "label": "0",
        "organization": "null"
    },
    {
        "title": "Fuzzy Interpolative Reasoning via Scale and Move Transformations",
        "year": "2006",
        "authors": "Zhiheng Huang,Qiang Shen",
        "venue": "IEEE T. Fuzzy Systems",
        "id": "1099798",
        "label": "0",
        "organization": "Sch. of Informatics, Edinburgh Univ."
    },
    {
        "title": "Fuzzy-Rough Sets Assisted Attribute Selection",
        "year": "2007",
        "authors": "Richard Jensen,Qiang Shen",
        "venue": "IEEE T. Fuzzy Systems",
        "id": "1099888",
        "label": "0",
        "organization": "Dept. of Comput. Sci., Univ. of Wales, Aberystwyth"
    },
    {
        "title": "Modeling Random Fuzzy Renewal Reward Processes",
        "year": "2008",
        "authors": "Qiang Shen,Ruiqing Zhao,Wansheng Tang",
        "venue": "IEEE T. Fuzzy Systems",
        "id": "1100041",
        "label": "0",
        "organization": "Dept. of Comput. Sci., Aberystwyth Univ., Aberystwyth"
    },
    {
        "title": "Fuzzy Interpolation and Extrapolation: A Practical Approach",
        "year": "2008",
        "authors": "Zhiheng Huang,Qiang Shen",
        "venue": "IEEE T. Fuzzy Systems",
        "id": "1100064",
        "label": "0",
        "organization": "Univ. of California at Berkeley, Berkeley"
    },
    {
        "title": "Semantics-Preserving Dimensionality Reduction: Rough and Fuzzy-Rough-Based Approaches",
        "year": "2004",
        "authors": "Richard Jensen,Qiang Shen",
        "venue": "IEEE Trans. Knowl. Data Eng.",
        "id": "1112985",
        "label": "0",
        "organization": "Sch. of Informatics, Edinburgh Univ., UK"
    },
    {
        "title": "Rough Feature Selection for Intelligent Classifiers",
        "year": "2007",
        "authors": "Qiang Shen",
        "venue": "T. Rough Sets",
        "id": "1127191",
        "label": "0",
        "organization": "null"
    },
    {
        "title": "Exhibiting the behavior of time-delayed systems via an extension to qualitative simulation",
        "year": "2005",
        "authors": "Ian Miguel,Qiang Shen",
        "venue": "IEEE Transactions on Systems, Man, and Cybernetics, Part A",
        "id": "1131688",
        "label": "0",
        "organization": "Artificial Intelligence Group, Univ. of York, UK"
    },
    {
        "title": "Fault identification through the combination of symbolic conflict recognition and Markov chain-aided belief revision",
        "year": "2004",
        "authors": "F. S. Smith,Qiang Shen",
        "venue": "IEEE Transactions on Systems, Man, and Cybernetics, Part A",
        "id": "1132121",
        "label": "0",
        "organization": "Dept. of Inf. Technol., Nat. Univ. of Ireland, Galway, Ireland"
    },
    {
        "title": "The evaluation of evidence for exponentially distributed data",
        "year": "2007",
        "authors": "C. G. G. Aitken,Qiang Shen,Richard Jensen,B. Hayes",
        "venue": "Computational Statistics  Data Analysis",
        "id": "1157233",
        "label": "0",
        "organization": "null"
    },
    {
        "title": "Fuzzy diagnosis of turbomachines",
        "year": "2008",
        "authors": "Meijun Yang,Qiang Shen",
        "venue": "KES Journal",
        "id": "1184301",
        "label": "0",
        "organization": "Department of Computer Sciences, Aberystwyth University, Wales, UK"
    },
    {
        "title": "Reinforcing fuzzy rule-based diagnosis of turbomachines with case-based reasoning",
        "year": "2008",
        "authors": "Meijun Yang,Qiang Shen",
        "venue": "KES Journal",
        "id": "1184305",
        "label": "0",
        "organization": "Department of Computer Science, Aberystwyth University, Wales, UK"
    },
    {
        "title": "Simultaneous Ant Colony Optimization Algorithms for Learning Linguistic Fuzzy Rules",
        "year": "2006",
        "authors": "Michelle Galea,Qiang Shen",
        "venue": "Swarm Intelligence in Data Mining",
        "id": "1201140",
        "label": "0",
        "organization": "null"
    },
    {
        "title": "Intelligent hybrid approach to false identity detection",
        "year": "2009",
        "authors": "Tossapon Boongoen,Qiang Shen",
        "venue": "ICAIL",
        "id": "1209524",
        "label": "0",
        "organization": "Aberystwyth University, Aberystwyth, UK"
    },
    {
        "title": "Exploring the boundary region of tolerance rough sets for feature selection",
        "year": "2009",
        "authors": "Neil MacParthalain,Qiang Shen",
        "venue": "Pattern Recognition",
        "id": "1226912",
        "label": "0",
        "organization": "null"
    },
    {
        "title": "Feature selection for aiding glass forensic evidence analysis",
        "year": "2009",
        "authors": "Richard Jensen,Qiang Shen",
        "venue": "Intell. Data Anal.",
        "id": "1273167",
        "label": "0",
        "organization": "Department of Computer Science, Aberystwyth University, Wales, UK"
    },
    {
        "title": "Power controlled network protocols for Multi-Rate ad hoc networks",
        "year": "2009",
        "authors": "Pan Li,Qiang Shen,Yuguang Fang,Hailin Zhang",
        "venue": "IEEE Transactions on Wireless Communications",
        "id": "1285324",
        "label": "1",
        "organization": "Dept. of Electr. & Comput. Eng., Univ. of Florida, Gainesville, FL"
    },
    {
        "title": "Fuzzy Sets and Rough Sets for Scenario Modelling and Analysis.",
        "year": "2009",
        "authors": "Qiang Shen",
        "venue": "null",
        "id": "1309307",
        "label": "0",
        "organization": "Dept. of Computer Science, Aberystwyth University, Wales, UK"
    },
    {
        "title": "Taking Fuzzy-Rough Application to Mars.",
        "year": "2009",
        "authors": "Changjing Shang,Dave Barnes,Qiang Shen",
        "venue": "null",
        "id": "1309341",
        "label": "0",
        "organization": "Dept. of Computer Science, Aberystwyth University, Wales, UK"
    },
    {
        "title": "Effective Feature Selection for Mars McMurdo Terrain Image Classification.",
        "year": "2009",
        "authors": "Changjing Shang,Dave Barnes,Qiang Shen",
        "venue": "null",
        "id": "1320996",
        "label": "0",
        "organization": "Dept. of Comput. Sci., Aberystwyth Univ., Aberystwyth, UK"
    },
    {
        "title": "Intelligent Systems for Decision Support.",
        "year": "2009",
        "authors": "Qiang Shen",
        "venue": "null",
        "id": "1331606",
        "label": "0",
        "organization": "null"
    },
    {
        "title": "Random fuzzy delayed renewal processes.",
        "year": "2009",
        "authors": "Shunqin Li,Qiang Shen,Wansheng Tang,Ruiqing Zhao",
        "venue": "Soft Comput.",
        "id": "1342450",
        "label": "0",
        "organization": "Aberystwyth University, Department of Computer Science, SY23 3DB, Wales, UK"
    },
    {
        "title": "A Cluster Warhead Projection-Time Self-Adaptive Algorithm and Simulation",
        "year": "2009",
        "authors": "Qiang Shen,Mian Ge,Jie Li",
        "venue": "Proceedings of the 2009 International Conference on Advanced Computer Control",
        "id": "1391979",
        "label": "2",
        "organization": "Sch. of Astronaut. Sci. & Technol., Beijing Inst. of Technol., Beijing"
    },
    {
        "title": "Design of Range Correction Fuze Trajectory Calculation and Control Device",
        "year": "2009",
        "authors": "Qiang Shen,Dongguang Li",
        "venue": "Proceedings of the 2009 International Conference on Advanced Computer Control",
        "id": "1392024",
        "label": "2",
        "organization": "Sch. of Astronaut. Sci. & Technol., Beijing Inst. of Technol., Beijing"
    },
    {
        "title": "Evolutionary approaches to fuzzy modelling for classification",
        "year": "2004",
        "authors": "Michelle Galea,Qiang Shen,John Levine",
        "venue": "The Knowledge Engineering Review",
        "id": "1411576",
        "label": "0",
        "organization": "Department of Computer Science, University of Wales, Aberystwyth SY23 3DB, UK; e-mail: qqs&commat;aber.ac.uk"
    },
    {
        "title": "Combining Dimensional Analysis and Heuristics for Causal Ordering--In Memory of Dr Rob Milne --",
        "year": "2006",
        "authors": "Qiang Shen,Taoxin Peng",
        "venue": "Proceeding of the 2006 conference on Rob Milne: A Tribute to a Pioneering AI Scientist, Entrepreneur and Mountaineer",
        "id": "1428845",
        "label": "0",
        "organization": "Department of Computer Science, University of Wales, Aberystwyth SY23 3DB"
    },
    {
        "title": "Improving throughput by tuning carrier sensing in 802.11 wireless networks",
        "year": "2009",
        "authors": "Qiang Shen,Xuming Fang,Rongsheng Huang,Pan Li,Yuguang Fang",
        "venue": "Computer Communications",
        "id": "1434480",
        "label": "1",
        "organization": "Provincial Key Lab of Information Coding and Transmission, Southwest Jiaotong University, Chengdu, Sichuan 610031, PR China"
    },
    {
        "title": "Combining qualitative simulation and fuzzy sets",
        "year": "1993",
        "authors": "Qiang Shen,Roy Leitch",
        "venue": "Recent advances in qualitative physics",
        "id": "1512582",
        "label": "0",
        "organization": "null"
    },
    {
        "title": "Optimum Power Assignment for Maximum Throughput in CDMA Personal Communication Systems with Integrated Voice/Data Traffic",
        "year": "1998",
        "authors": "Qiang Shen,Witold A. Krzymien",
        "venue": "Wireless Personal Communications: An International Journal",
        "id": "1615497",
        "label": "1",
        "organization": "Telecommunications Research Laboratories (TRLabs), University of Alberta, 800 Park Plaza, 10611-98th Ave., Edmonton, Alberta, Canada T5K 2P7 E-mail: wak@edm.trlabs.ca"
    }
]