[
    {
        "title": "Path Balance Heuristic for Self-Adjusting Binary Search Trees",
        "year": "1995",
        "authors": "R. Balasubramanian,Venkatesh Raman",
        "venue": "FSTTCS",
        "id": "219330",
        "label": "0",
        "organization": "null"
    },
    {
        "title": "Colorimetric modeling of binary color printers",
        "year": "1995",
        "authors": "R. Balasubramanian",
        "venue": "ICIP",
        "id": "316259",
        "label": "2",
        "organization": "Xerox Digital Imaging Technol. Center, Webster, NY"
    },
    {
        "title": "The Least Witness of a Composite Number",
        "year": "1997",
        "authors": "R. Balasubramanian,S. V. Nagaraj",
        "venue": "ISW",
        "id": "452717",
        "label": "0",
        "organization": "null"
    },
    {
        "title": "Tight Bounds for Finding Degrees from the Adjacency Matrix",
        "year": "1995",
        "authors": "R. Balasubramanian,Venkatesh Raman,G. Srinivasaraghavan",
        "venue": "LATIN",
        "id": "481117",
        "label": "0",
        "organization": "null"
    },
    {
        "title": "Local and Global Tree Graph Structures for Fingerprint Verification",
        "year": "2006",
        "authors": "S. Nalin Pradeep,Mayur D. Jain,Raman Balasubramanian,Rama Bhargava",
        "venue": "SPPRA",
        "id": "619356",
        "label": "4",
        "organization": "null"
    },
    {
        "title": "The Complexity of Finding Certain Trees in Tournaments",
        "year": "1993",
        "authors": "R. Balasubramanian,Venkatesh Raman,G. Srinivasaraghavan",
        "venue": "WADS",
        "id": "651089",
        "label": "0",
        "organization": "null"
    },
    {
        "title": "Maximal Sets of Integers with Distinct Divisors",
        "year": "1995",
        "authors": "R. Balasubramanian,K. Soundararajan",
        "venue": "Electr. J. Comb.",
        "id": "798915",
        "label": "0",
        "organization": "null"
    },
    {
        "title": "A new Contrast Based Image Fusion using Wavelet Packets",
        "year": "2008",
        "authors": "R. Balasubramanian,Gaurav Bhatnagar",
        "venue": "CoRR",
        "id": "829145",
        "label": "4",
        "organization": "null"
    },
    {
        "title": "On Sampling Colorings of Bipartite Graphs",
        "year": "2006",
        "authors": "R. Balasubramanian,C. R. Subramanian",
        "venue": "Discrete Mathematics  Theoretical Computer Science",
        "id": "855944",
        "label": "0",
        "organization": "null"
    },
    {
        "title": "On the pseudoachromatic number of join of graphs",
        "year": "2003",
        "authors": "R. Balasubramanian,Venkatesh Raman,V. Yegnanarayanan",
        "venue": "Int. J. Comput. Math.",
        "id": "906387",
        "label": "0",
        "organization": "null"
    },
    {
        "title": "An Improved Fixed-Parameter Algorithm for Vertex Cover",
        "year": "1998",
        "authors": "R. Balasubramanian,Michael R. Fellows,Venkatesh Raman",
        "venue": "Inf. Process. Lett.",
        "id": "929855",
        "label": "0",
        "organization": "null"
    },
    {
        "title": "Perfect Power Testing",
        "year": "1996",
        "authors": "R. Balasubramanian,S. V. Nagaraj",
        "venue": "Inf. Process. Lett.",
        "id": "929857",
        "label": "0",
        "organization": "null"
    },
    {
        "title": "Finding Scores in Tournaments",
        "year": "1997",
        "authors": "R. Balasubramanian,Venkatesh Raman,G. Srinivasaragavan",
        "venue": "J. Algorithms",
        "id": "952583",
        "label": "0",
        "organization": "null"
    },
    {
        "title": "The Improbability That an Elliptic Curve Has Subexponential Discrete Log Problem under the Menezes - Okamoto - Vanstone Algorithm",
        "year": "1998",
        "authors": "R. Balasubramanian,Neal Koblitz",
        "venue": "J. Cryptology",
        "id": "985846",
        "label": "0",
        "organization": "null"
    },
    {
        "title": "Soft-output detection of CPM signals in frequency flat, Rayleigh fading channels",
        "year": "2000",
        "authors": "R. Balasubramanian,Michael P. Fitz",
        "venue": "IEEE Journal on Selected Areas in Communications",
        "id": "991326",
        "label": "5",
        "organization": "COMSAT Lab., Clarksburg, MD"
    },
    {
        "title": "Density of Carmichael numbers with three prime factors",
        "year": "1997",
        "authors": "R. Balasubramanian,S. V. Nagaraj",
        "venue": "Math. Comput.",
        "id": "1011624",
        "label": "0",
        "organization": "null"
    },
    {
        "title": "Blended Learning - A Trend in e-Learning",
        "year": "2009",
        "authors": "R. Murugan,R. Balasubramanian",
        "venue": "Lecture Notes in Computer Science",
        "id": "1240713",
        "label": "1",
        "organization": "null"
    },
    {
        "title": "Error estimation in reconstruction of quadratic curves in 3D space",
        "year": "2007",
        "authors": "N. Sukavanam,R. Balasubramanian,Sanjeev Kumar",
        "venue": "International Journal of Computer Mathematics",
        "id": "1379402",
        "label": "4",
        "organization": "Department of Mathematics, Indian Institute of Technology Roorkee, Roorkee, India"
    },
    {
        "title": "On ideal-function-like functions",
        "year": "2003",
        "authors": "R. Balasubramanian,S. Kanemitsu,K. Ramachandra",
        "venue": "Journal of Computational and Applied Mathematics",
        "id": "1558773",
        "label": "0",
        "organization": "Director, The Institute of Mathematical Sciences, C.I.T. Campus, Taramani, Chennai 600 113, India"
    },
    {
        "title": "A comparison of techniques for nondestructive composition measurements in CdZnTe substrates",
        "year": "1995",
        "authors": "S. P. Tobin,J. P. Tower,P. W. Norton,D. Chandler-Horowitz,P. M. Amirtharaj,V. C. Lopes,W. M. Duncan,A. J. Syllaios,C. K. Ard,N. C. Giles,R. Balasubramanian,A. B. Bollong,T. W. Steiner,M. L. W. Thewalt,D. K. Bowen,B. K. Tanner",
        "venue": "Journal of Electronic Materials",
        "id": "1709354",
        "label": "3",
        "organization": "null"
    }
]