[
    {
        "title": "Optimal Parallel Algorithms for Expression Tree Evaluation and List Ranking",
        "year": "1988",
        "authors": "Richard Cole,Uzi Vishkin",
        "venue": "AWOC",
        "id": "61828",
        "label": "0",
        "organization": "null"
    },
    {
        "title": "Optimal Parallel Algorithms for Polygon and Point-Set Problems",
        "year": "1988",
        "authors": "Richard Cole,Michael T. Goodrich",
        "venue": "Symposium on Computational Geometry",
        "id": "110889",
        "label": "0",
        "organization": "null"
    },
    {
        "title": "A Prototype System for Transnational Information Sharing and Process Coordination",
        "year": "2004",
        "authors": "S. Su,Jose A. B. Fortes,T. R. Kasad,M. Patil,Andrea M. Matsunaga,Mauricio O. Tsugawa,Violetta Cavalli-Sforza,Jaime G. Carbonell,Peter J. Jansen,W. Ward,R. Cole,Donald F. Towsley,Weifeng Chen,Annie I. Anton,Qingfeng He,C. McSweeney,L. deBrens,J. Ventura,P. Taveras,R. Connolly,C. Ortega,B. Pineres,O. Brooks,M. Herrera",
        "venue": "DG.O",
        "id": "154823",
        "label": "1",
        "organization": "null"
    },
    {
        "title": "A Prototype System for Transnational Information Sharing and Process Coordination: System Demo",
        "year": "2004",
        "authors": "S. Su,Jose A. B. Fortes,T. R. Kasad,M. Patil,Andrea M. Matsunaga,Mauricio O. Tsugawa,Violetta Cavalli-Sforza,Jaime G. Carbonell,Peter J. Jansen,W. Ward,R. Cole,Donald F. Towsley,Weifeng Chen,Annie I. Anton,Qingfeng He,C. McSweeney,L. deBrens,J. Ventura,P. Taveras,R. Connolly,C. Ortega,B. Pineres,O. Brooks,M. Herrera",
        "venue": "DG.O",
        "id": "154826",
        "label": "1",
        "organization": "null"
    },
    {
        "title": "Routing on Butterfly Networks with Random Faults",
        "year": "1995",
        "authors": "Richard Cole,Bruce M. Maggs,Ramesh K. Sitaraman",
        "venue": "FOCS",
        "id": "210386",
        "label": "0",
        "organization": "null"
    },
    {
        "title": "The Distributed Real-Time Control System of a Tokamak Fusion Device",
        "year": "1995",
        "authors": "Harald H. Richter,R. Cole,M. Fitzek,K. Luddecke,G. Neu,Gerhard Raupp,W. Woyke,D. Zasche,T. Zehetbauer",
        "venue": "ICPP (3)",
        "id": "344199",
        "label": "2",
        "organization": "null"
    },
    {
        "title": "The APRAM: Incorporating Asynchrony into the PRAM Model",
        "year": "1989",
        "authors": "Richard Cole,Ofer Zajicek",
        "venue": "SPAA",
        "id": "614189",
        "label": "0",
        "organization": "null"
    },
    {
        "title": "The Expected Advantage of Asynchrony",
        "year": "1990",
        "authors": "Richard Cole,Ofer Zajicek",
        "venue": "SPAA",
        "id": "614190",
        "label": "0",
        "organization": "null"
    },
    {
        "title": "An Experiment in Clock Synchronisation",
        "year": "1988",
        "authors": "R. Cole,Clare Foxcroft",
        "venue": "Comput. J.",
        "id": "790128",
        "label": "0",
        "organization": "null"
    },
    {
        "title": "New Upper Bounds for Neighbor Searching",
        "year": "1986",
        "authors": "Bernard Chazelle,R. Cole,Franco P. Preparata,Chee-Keng Yap",
        "venue": "Information and Control",
        "id": "887478",
        "label": "3",
        "organization": "null"
    },
    {
        "title": "Cascading Divide-and-Conquer: A Technique for Designing Parallel Algorithms",
        "year": "1989",
        "authors": "Mikhail J. Atallah,Richard Cole,Michael T. Goodrich",
        "venue": "SIAM J. Comput.",
        "id": "1058462",
        "label": "0",
        "organization": "null"
    },
    {
        "title": "A Method for Interconnecting Heterogeneous Computer Networks",
        "year": "1987",
        "authors": "Robert Cole",
        "venue": "Softw., Pract. Exper.",
        "id": "1073763",
        "label": "4",
        "organization": "null"
    },
    {
        "title": "Partitioning Point Sets in Arbitrary Dimension",
        "year": "1987",
        "authors": "Richard Cole",
        "venue": "Theor. Comput. Sci.",
        "id": "1090209",
        "label": "0",
        "organization": "null"
    },
    {
        "title": "Optimally fast parallel algorithms for preprocessing and pattern matching in one and two dimensions",
        "year": "1993",
        "authors": "R. Cole",
        "venue": "Proceedings of the 1993 IEEE 34th Annual Foundations of Computer Science",
        "id": "1374724",
        "label": "0",
        "organization": "Courant Inst. of Math. Sci., New York, NY, USA"
    },
    {
        "title": "River Routing Every Which Way, But Loose",
        "year": "1984",
        "authors": "R. Cole",
        "venue": "Proceedings of the 25th Annual Symposium onFoundations of Computer Science, 1984",
        "id": "1375226",
        "label": "0",
        "organization": "New York University"
    },
    {
        "title": "Slowing Down Sorting Networks To Obtain Faster Sorting Algorithm",
        "year": "1984",
        "authors": "R. Cole",
        "venue": "Proceedings of the 25th Annual Symposium onFoundations of Computer Science, 1984",
        "id": "1378557",
        "label": "0",
        "organization": "New York University"
    },
    {
        "title": "Online algorithms for finger searching",
        "year": "1990",
        "authors": "R. Cole,A. Raghunathan",
        "venue": "Proceedings of the 31st Annual Symposium on Foundations of Computer Science",
        "id": "1379960",
        "label": "0",
        "organization": "Courant Inst., New York Univ., NY, USA"
    },
    {
        "title": "Tighter bounds on the exact complexity of string matching",
        "year": "1992",
        "authors": "R. Cole,R. Hariharan",
        "venue": "Proceedings of the 33rd Annual Symposium on Foundations of Computer Science",
        "id": "1379971",
        "label": "0",
        "organization": "Courant Inst., New York Univ., NY, USA"
    },
    {
        "title": "University of Colorado dialog systems for travel and navigation",
        "year": "2001",
        "authors": "B. Pellom,W. Ward,J. Hansen,R. Cole,K. Hacioglu,J. Zhang,X. Yu,S. Pradhan",
        "venue": "Proceedings of the first international conference on Human language technology research",
        "id": "1410152",
        "label": "1",
        "organization": "University of Colorado, Boulder, Colorado"
    },
    {
        "title": "An experiment on clock synchronisation",
        "year": "1988",
        "authors": "R. Cole,Clare Foxcroft",
        "venue": "The Computer Journal",
        "id": "1643670",
        "label": "0",
        "organization": "null"
    },
    {
        "title": "On the dynamic finger conjecture for splay trees",
        "year": "1990",
        "authors": "R. Cole",
        "venue": "Proceedings of the twenty-second annual ACM symposium on Theory of computing",
        "id": "1666723",
        "label": "0",
        "organization": "Courant Institute, New York University and Laboratoire d'Informatique, Ecole Normale Sup drieure"
    },
    {
        "title": "On the detection of robust curves",
        "year": "1991",
        "authors": "Richard Cole,Uzi Vishkin",
        "venue": "null",
        "id": "1669981",
        "label": "0",
        "organization": "null"
    }
]