[
    {
        "title": "Profile-Based Security Against Malicious Mobile Agents",
        "year": "2006",
        "authors": "Hua Li,Glena Greene,Rafael Alonso",
        "venue": "ADMA",
        "id": "27405",
        "label": "0",
        "organization": "null"
    },
    {
        "title": "Lessons from the implementation of an adaptive parts acquisition ePortal",
        "year": "2003",
        "authors": "Rafael Alonso,Jeffrey A. Bloom,Hua Li",
        "venue": "CIKM",
        "id": "95130",
        "label": "0",
        "organization": "Sarnoff Corporation, Princeton, NJ"
    },
    {
        "title": "Model-guided information discovery for intelligence analysis",
        "year": "2005",
        "authors": "Rafael Alonso,Hua Li",
        "venue": "CIKM",
        "id": "95132",
        "label": "0",
        "organization": "null"
    },
    {
        "title": "Quasi-Copies: Efficient Data Sharing for Information Retrieval Systems",
        "year": "1988",
        "authors": "Rafael Alonso,Daniel Barbara,Hector Garcia-Molina,Soraya Abad",
        "venue": "EDBT",
        "id": "176218",
        "label": "0",
        "organization": "null"
    },
    {
        "title": "Query Optimization for Energy Efficiency in Mobile Environments",
        "year": "1993",
        "authors": "Rafael Alonso,Sumit Ganguly",
        "venue": "FMLDO",
        "id": "209421",
        "label": "0",
        "organization": "null"
    },
    {
        "title": "Altruistic Locking: A Strategy for Coping with Long Lived Transactions",
        "year": "1987",
        "authors": "Kenneth Salem,Hector Garcia-Molina,Rafael Alonso",
        "venue": "HPTS",
        "id": "255843",
        "label": "0",
        "organization": "null"
    },
    {
        "title": "Sharing Jobs Among Independently Owned Processors",
        "year": "1988",
        "authors": "Rafael Alonso,Luis L. Cova",
        "venue": "ICDCS",
        "id": "296387",
        "label": "0",
        "organization": "Dept. of Comput. Sci., Princeton Univ., NJ"
    },
    {
        "title": "Dynamic Hierarchical Caching for Large-Scale Distributed File Systems",
        "year": "1992",
        "authors": "Matt Blaze,Rafael Alonso",
        "venue": "ICDCS",
        "id": "296486",
        "label": "0",
        "organization": "null"
    },
    {
        "title": "Negotiating Data Access in Federated Database Systems",
        "year": "1989",
        "authors": "Rafael Alonso,Daniel Barbara",
        "venue": "ICDE",
        "id": "299302",
        "label": "0",
        "organization": "Dept. of Comput. Sci., Princeton Univ., NJ"
    },
    {
        "title": "Data Sharing in a Large Heterogeneous Environment",
        "year": "1991",
        "authors": "Rafael Alonso,Daniel Barbara,Steve Chon",
        "venue": "ICDE",
        "id": "299304",
        "label": "0",
        "organization": "Dept. of Comput. Sci., Princeton Univ., NJ"
    },
    {
        "title": "The computational requirements of mobile machines",
        "year": "1995",
        "authors": "Swarup Acharya,Rafael Alonso",
        "venue": "ICECCS",
        "id": "305173",
        "label": "0",
        "organization": "Dept. of Comput. Sci., Brown Univ., Providence, RI"
    },
    {
        "title": "Integrated Image and Speech Analysis for Content-Based Video Indexing",
        "year": "1996",
        "authors": "Yuh-Lin Chang,Wenjun Zeng,Ibrahim Kamel,Rafael Alonso",
        "venue": "ICMCS",
        "id": "329861",
        "label": "0",
        "organization": "null"
    },
    {
        "title": "An adaptive nearest neighbor search for a parts acquisition ePortal",
        "year": "2003",
        "authors": "Rafael Alonso,Jeffrey A. Bloom,Hua Li,Chumki Basu",
        "venue": "KDD",
        "id": "472442",
        "label": "0",
        "organization": "Sarnoff Corporation, Princeton, NJ"
    },
    {
        "title": "A Mobile Computer Interface for Heterogeneous Databases",
        "year": "1993",
        "authors": "Rafael Alonso,Eben M. Haber,Henry F. Korth",
        "venue": "RIDE-IMS",
        "id": "559714",
        "label": "0",
        "organization": "Matsushita Inf. Technol. Lab., Princeton, NJ"
    },
    {
        "title": "Data Caching in Information Retrieval Systems",
        "year": "1987",
        "authors": "Patricia Simpson,Rafael Alonso",
        "venue": "SIGIR",
        "id": "595733",
        "label": "0",
        "organization": "null"
    },
    {
        "title": "An Advisor for Flexible Working Sets",
        "year": "1990",
        "authors": "Rafael Alonso,Andrew W. Appel",
        "venue": "SIGMETRICS",
        "id": "596860",
        "label": "0",
        "organization": "null"
    },
    {
        "title": "Database System Issues in Nomadic Computing",
        "year": "1993",
        "authors": "Rafael Alonso,Henry F. Korth",
        "venue": "SIGMOD Conference",
        "id": "597882",
        "label": "0",
        "organization": "null"
    },
    {
        "title": "Broadcast Disks: Data Management for Asymmetric Communications Environments",
        "year": "1995",
        "authors": "Swarup Acharya,Rafael Alonso,Michael J. Franklin,Stanley B. Zdonik",
        "venue": "SIGMOD Conference",
        "id": "597952",
        "label": "0",
        "organization": "null"
    },
    {
        "title": "Resource sharing in a distributed environment",
        "year": "1988",
        "authors": "Rafael Alonso,Luis L. Cova",
        "venue": "ACM SIGOPS European Workshop",
        "id": "600343",
        "label": "0",
        "organization": "Princeton University, Princeton, N.J."
    },
    {
        "title": "Stashing as a fault-tolerant mechanism for distributed systems",
        "year": "1990",
        "authors": "Luis L. Cova,Rafael Alonso,Daniel Barbara",
        "venue": "ACM SIGOPS European Workshop",
        "id": "600373",
        "label": "0",
        "organization": "Princeton University, Princeton, NJ"
    },
    {
        "title": "Using Stashing to Increase Node Autonomy in Distributed File Systems",
        "year": "1990",
        "authors": "Rafael Alonso,Daniel Barbara,Luis L. Cova",
        "venue": "SRDS",
        "id": "616823",
        "label": "0",
        "organization": "null"
    },
    {
        "title": "A Process Migration Implementation for a Unix System",
        "year": "1988",
        "authors": "Rafael Alonso,Kriton Kyrimis",
        "venue": "USENIX Winter",
        "id": "635895",
        "label": "0",
        "organization": "null"
    },
    {
        "title": "Long-Term Caching Strategies for Very Large Distributed File Systems",
        "year": "1991",
        "authors": "Matt Blaze,Rafael Alonso",
        "venue": "USENIX Summer",
        "id": "635987",
        "label": "0",
        "organization": "null"
    },
    {
        "title": "Managing Replicated Copies in Very Large Distributed Systems",
        "year": "1990",
        "authors": "Rafael Alonso,Luis L. Cova",
        "venue": "Workshop on the Management of Replicated Data",
        "id": "665216",
        "label": "0",
        "organization": "Dept. of Comput. Sci., Princeton Univ., NJ"
    },
    {
        "title": "Hybrid Multi-agent Systems: Integrating Swarming and BDI Agents",
        "year": "2006",
        "authors": "H. Van Dyke Parunak,Paul Nielsen,Sven Brueckner,Rafael Alonso",
        "venue": "ESOA",
        "id": "699811",
        "label": "0",
        "organization": "null"
    },
    {
        "title": "Distributed Computing Research at Princeton",
        "year": "1985",
        "authors": "Rafael Alonso,Daniel Barbara,Ricardo Cordon,Hector Garcia-Molina,Jack Kent,Frank M. Pittelli",
        "venue": "IEEE Database Eng. Bull.",
        "id": "844305",
        "label": "0",
        "organization": "null"
    },
    {
        "title": "Concurrency Control and Recovery for Global Procedures in Federated Database Systems",
        "year": "1987",
        "authors": "Rafael Alonso,Hector Garcia-Molina,Kenneth Salem",
        "venue": "IEEE Data Eng. Bull.",
        "id": "844308",
        "label": "0",
        "organization": "null"
    },
    {
        "title": "Integration of Commit Protocols in Hetergeneous Databases",
        "year": "1994",
        "authors": "Ayellet Tal,Rafael Alonso",
        "venue": "Distributed and Parallel Databases",
        "id": "856202",
        "label": "0",
        "organization": "null"
    },
    {
        "title": "Bit-Sequences: An Adaptive Cache Invalidation Method in Mobile Client/Server Environments",
        "year": "1997",
        "authors": "Jin Jing,Ahmed K. Elmagarmid,Abdelsalam Helal,Rafael Alonso",
        "venue": "MONET",
        "id": "1012684",
        "label": "0",
        "organization": "null"
    },
    {
        "title": "Trade Press News",
        "year": "1994",
        "authors": "Rafael Alonso",
        "venue": "SIGMOD Record",
        "id": "1064605",
        "label": "1",
        "organization": "null"
    },
    {
        "title": "Trade Press News",
        "year": "1994",
        "authors": "Rafael Alonso",
        "venue": "SIGMOD Record",
        "id": "1064607",
        "label": "1",
        "organization": "null"
    },
    {
        "title": "Trade Press News - Announcement and Preface",
        "year": "1994",
        "authors": "Rafael Alonso",
        "venue": "SIGMOD Record",
        "id": "1064609",
        "label": "1",
        "organization": "null"
    },
    {
        "title": "Trade Press News",
        "year": "1995",
        "authors": "Rafael Alonso",
        "venue": "SIGMOD Record",
        "id": "1064611",
        "label": "1",
        "organization": "null"
    },
    {
        "title": "Trade Press News",
        "year": "1995",
        "authors": "Rafael Alonso",
        "venue": "SIGMOD Record",
        "id": "1064613",
        "label": "1",
        "organization": "null"
    },
    {
        "title": "Managing Video Data in a Mobile Environment",
        "year": "1995",
        "authors": "Rafael Alonso,Yuh-Lin Chang,Liviu Iftode,V. S. Mani",
        "venue": "SIGMOD Record",
        "id": "1064615",
        "label": "0",
        "organization": "null"
    },
    {
        "title": "Data Caching Issues in an Information Retrieval System",
        "year": "1990",
        "authors": "Rafael Alonso,Daniel Barbara,Hector Garcia-Molina",
        "venue": "ACM Trans. Database Syst.",
        "id": "1118188",
        "label": "0",
        "organization": "null"
    },
    {
        "title": "Spatial Event Prediction by Combining Value Function Approximation and Case-Based Reasoning",
        "year": "2009",
        "authors": "Hua Li,Hector Munoz-Avila,Diane Bramsen,Chad Hogg,Rafael Alonso",
        "venue": "ICCBR",
        "id": "1210002",
        "label": "0",
        "organization": "SET Corporation, Arlington VA 22201"
    },
    {
        "title": "Broadcast Disks: Data Management for Asymmetric Communication Environments",
        "year": "1994",
        "authors": "Swarup Acharya,Rafael Alonso,Michael Franklin,Stanley Zdonik",
        "venue": "null",
        "id": "1420221",
        "label": "0",
        "organization": "null"
    },
    {
        "title": "Query optimization in distributed database systems through load balancing",
        "year": "1986",
        "authors": "Rafael Alonso",
        "venue": "null",
        "id": "1495118",
        "label": "0",
        "organization": "null"
    },
    {
        "title": "Broadcast disks: data management for asymmetric communication environments",
        "year": "1995",
        "authors": "Swarup Acharya,Rafael Alonso,Michael Franklin,Stanley Zdonik",
        "venue": "Proceedings of the 1995 ACM SIGMOD international conference on Management of data",
        "id": "1722537",
        "label": "0",
        "organization": "MITL"
    }
]