[
    {
        "title": "Core architecture optimization for heterogeneous chip multiprocessors",
        "year": "2006",
        "authors": "Rakesh Kumar,Dean M. Tullsen,Norman P. Jouppi",
        "venue": "PACT",
        "id": "9746",
        "label": "1",
        "organization": "University of California, San Diego, La Jolla, CA"
    },
    {
        "title": "A QoS routing protocol for delay-sensitive applications in mobile ad hoc networks",
        "year": "2008",
        "authors": "Pradeep Macharla,Rakesh Kumar,Anil Kumar Sarje,Manoj Misra",
        "venue": "COMSWARE",
        "id": "113945",
        "label": "3",
        "organization": "Dept. of Electron. & Comput. Eng., Indian Inst. of Technol. Roorkee, Roorkee"
    },
    {
        "title": "Multi-View 3D Analysis with Applications for Augmented Reality and Enhanced Video Visualization",
        "year": "2000",
        "authors": "Yanlin Guo,Steven C. Hsu,Supun Samarasekera,Harpreet S. Sawhney,Rakesh Kumar",
        "venue": "CVPR",
        "id": "127983",
        "label": "5",
        "organization": "Sarnoff Corp., Princeton, NJ"
    },
    {
        "title": "Vehicle Fingerprinting for Reacquisition and Tracking in Videos",
        "year": "2005",
        "authors": "Yanlin Guo,Steven C. Hsu,Ying Shan,Harpreet S. Sawhney,Rakesh Kumar",
        "venue": "CVPR (2)",
        "id": "127985",
        "label": "5",
        "organization": "Sarnoff Corporation"
    },
    {
        "title": "Learning-Based Building Outline Detection from Multiple Aerial Images",
        "year": "2001",
        "authors": "Yanlin Guo,Harpreet S. Sawhney,Rakesh Kumar,Steven C. Hsu",
        "venue": "CVPR (2)",
        "id": "127989",
        "label": "5",
        "organization": "null"
    },
    {
        "title": "Pose Estimation, Model Refinement, and Enhanced Visualization Using Video",
        "year": "2000",
        "authors": "Stephen C. Hsu,Supun Samarasekera,Rakesh Kumar,Harpreet S. Sawhney",
        "venue": "CVPR",
        "id": "128206",
        "label": "5",
        "organization": "Sarnoff Corp., Princeton, NJ"
    },
    {
        "title": "True Multi-Image Alignment and its Application to Mosaicing and Lens Distortion Correction",
        "year": "1997",
        "authors": "Harpreet S. Sawhney,Rakesh Kumar",
        "venue": "CVPR",
        "id": "128979",
        "label": "5",
        "organization": "David Sarnoff Res. Center, Princeton, NJ"
    },
    {
        "title": "Learning Exemplar-Based Categorization for the Detection of Multi-View Multi-Pose Objects",
        "year": "2006",
        "authors": "Ying Shan,Feng Han,Harpreet S. Sawhney,Rakesh Kumar",
        "venue": "CVPR (2)",
        "id": "129026",
        "label": "5",
        "organization": "Sarnoff Corporation 201 Washington Road Princeton, NJ"
    },
    {
        "title": "Linear Model Hashing and Batch RANSAC for Rapid and Accurate Object Recognition",
        "year": "2004",
        "authors": "Ying Shan,Bogdan Matei,Harpreet S. Sawhney,Rakesh Kumar,Daniel F. Huber,Martial Hebert",
        "venue": "CVPR (2)",
        "id": "129028",
        "label": "5",
        "organization": "Sarnoff Corp., Princeton, NJ, USA"
    },
    {
        "title": "Unsupervised Learning of Discriminative Edge Measures for Vehicle Matching between Non-Overlapping Cameras",
        "year": "2005",
        "authors": "Ying Shan,Harpreet S. Sawhney,Rakesh Kumar",
        "venue": "CVPR (1)",
        "id": "129029",
        "label": "5",
        "organization": "null"
    },
    {
        "title": "Dynamic Layer Representation with Applications to Tracking",
        "year": "2000",
        "authors": "Hai Tao,Harpreet S. Sawhney,Rakesh Kumar",
        "venue": "CVPR",
        "id": "129201",
        "label": "5",
        "organization": "null"
    },
    {
        "title": "Dynamic Depth Recovery from Multiple Synchronized Video Streams",
        "year": "2001",
        "authors": "Hai Tao,Harpreet S. Sawhney,Rakesh Kumar",
        "venue": "CVPR (1)",
        "id": "129202",
        "label": "5",
        "organization": "null"
    },
    {
        "title": "3D Building Detection and Modeling from Aerial LIDAR Data",
        "year": "2006",
        "authors": "Vivek Verma,Rakesh Kumar,Stephen C. Hsu",
        "venue": "CVPR (2)",
        "id": "129323",
        "label": "5",
        "organization": "Sarnoff Corporation"
    },
    {
        "title": "Real-Time Wide Area Multi-Camera Stereo Tracking",
        "year": "2005",
        "authors": "Tao Zhao,Manoj Aggarwal,Rakesh Kumar,Harpreet S. Sawhney",
        "venue": "CVPR (1)",
        "id": "129684",
        "label": "5",
        "organization": "Sarnoff Corporation"
    },
    {
        "title": "PEET: Prototype Embedding and Embedding Transition for Matching Vehicles over Disparate Viewpoints",
        "year": "2007",
        "authors": "Yanlin Guo,Ying Shan,Harpreet S. Sawhney,Rakesh Kumar",
        "venue": "CVPR",
        "id": "129802",
        "label": "5",
        "organization": "null"
    },
    {
        "title": "Visual Odometry System Using Multiple Stereo Cameras and Inertial Measurement Unit",
        "year": "2007",
        "authors": "Taragay Oskiper,Zhiwei Zhu,Supun Samarasekera,Rakesh Kumar",
        "venue": "CVPR",
        "id": "130187",
        "label": "5",
        "organization": "null"
    },
    {
        "title": "Real-time global localization with a pre-built visual landmark database",
        "year": "2008",
        "authors": "Zhiwei Zhu,Taragay Oskiper,Supun Samarasekera,Rakesh Kumar,Harpreet S. Sawhney",
        "venue": "CVPR",
        "id": "130280",
        "label": "5",
        "organization": "null"
    },
    {
        "title": "Discovering class specific composite features through discriminative sampling with Swendsen-Wang Cut",
        "year": "2008",
        "authors": "Feng Han,Ying Shan,Harpreet S. Sawhney,Rakesh Kumar",
        "venue": "CVPR",
        "id": "130408",
        "label": "5",
        "organization": "null"
    },
    {
        "title": "Building segmentation for densely built urban regions using aerial LIDAR data",
        "year": "2008",
        "authors": "Bodgan C. Matei,Harpreet S. Sawhney,Supun Samarasekera,Janet Kim,Rakesh Kumar",
        "venue": "CVPR",
        "id": "130516",
        "label": "5",
        "organization": "Sarnoff Corp., Princeton, NJ"
    },
    {
        "title": "Matching vehicles under large pose transformations using approximate 3D models and piecewise MRF model",
        "year": "2008",
        "authors": "Yanlin Guo,Cen Rao,Supun Samarasekera,Janet Kim,Rakesh Kumar,Harpreet S. Sawhney",
        "venue": "CVPR",
        "id": "130673",
        "label": "5",
        "organization": "null"
    },
    {
        "title": "Magellan: A Search and Machine Learning-based Framework for Fast Multi-core Design Space Exploration and Optimization",
        "year": "2008",
        "authors": "Sukhun Kang,Rakesh Kumar",
        "venue": "DATE",
        "id": "143852",
        "label": "1",
        "organization": "null"
    },
    {
        "title": "Robust Video Mosaicing through Topology Inference and Local to Global Alignment",
        "year": "1998",
        "authors": "Harpreet S. Sawhney,Steven C. Hsu,Rakesh Kumar",
        "venue": "ECCV (2)",
        "id": "169210",
        "label": "5",
        "organization": "null"
    },
    {
        "title": "Partial Object Matching with Shapeme Histograms",
        "year": "2004",
        "authors": "Ying Shan,Harpreet S. Sawhney,Bogdan Matei,Rakesh Kumar",
        "venue": "ECCV (3)",
        "id": "169232",
        "label": "5",
        "organization": "null"
    },
    {
        "title": "Learning Actions Using Robust String Kernels",
        "year": "2007",
        "authors": "Changjiang Yang,Yanlin Guo,Harpreet S. Sawhney,Rakesh Kumar",
        "venue": "Workshop on Human Motion",
        "id": "257352",
        "label": "5",
        "organization": "null"
    },
    {
        "title": "Application-specific customization of parameterized FPGA soft-core processors",
        "year": "2006",
        "authors": "David Sheldon,Rakesh Kumar,Roman L. Lysecky,Frank Vahid,Dean M. Tullsen",
        "venue": "ICCAD",
        "id": "283514",
        "label": "1",
        "organization": "University of California, San Diego"
    },
    {
        "title": "Conjoining soft-core FPGA processors",
        "year": "2006",
        "authors": "David Sheldon,Rakesh Kumar,Frank Vahid,Dean M. Tullsen,Roman L. Lysecky",
        "venue": "ICCAD",
        "id": "283572",
        "label": "1",
        "organization": "University of California, San Diego"
    },
    {
        "title": "Vehicle Identification between Non-Overlapping Cameras without Direct Feature Matching",
        "year": "2005",
        "authors": "Ying Shan,Harpreet S. Sawhney,Rakesh Kumar",
        "venue": "ICCV",
        "id": "293587",
        "label": "5",
        "organization": "Sarnoff Corporation"
    },
    {
        "title": "Independent Motion Detection in 3D Scenes",
        "year": "1999",
        "authors": "Harpreet S. Sawhney,Yanlin Guo,Jane C. Asmuth,Rakesh Kumar",
        "venue": "ICCV",
        "id": "293673",
        "label": "5",
        "organization": "Sarnoff Corp., Princeton, NJ, USA"
    },
    {
        "title": "A Global Matching Framework for Stereo Computation",
        "year": "2001",
        "authors": "Hai Tao,Harpreet S. Sawhney,Rakesh Kumar",
        "venue": "ICCV",
        "id": "293763",
        "label": "5",
        "organization": "Sarnoff Corp., Princeton, NJ"
    },
    {
        "title": "Video Georegistration: Algorithm and Quantitative Evaluation",
        "year": "2001",
        "authors": "Richard P. Wildes,David J. Hirvonen,Steven C. Hsu,Rakesh Kumar,W. Brian Lehman,Bogdan Matei,Wen-Yi Zhao",
        "venue": "ICCV",
        "id": "293879",
        "label": "5",
        "organization": "Sarnoff Corp., Princeton, NJ"
    },
    {
        "title": "Multiple Cue Integrated Action Detection",
        "year": "2007",
        "authors": "Sang-Hack Jung,Yanlin Guo,Harpreet S. Sawhney,Rakesh Kumar",
        "venue": "ICCV-HCI",
        "id": "293950",
        "label": "5",
        "organization": "null"
    },
    {
        "title": "Ten-fold Improvement in Visual Odometry Using Landmark Matching",
        "year": "2007",
        "authors": "Zhiwei Zhu,Taragay Oskiper,Supun Samarasekera,Rakesh Kumar,Harpreet S. Sawhney",
        "venue": "ICCV",
        "id": "294221",
        "label": "5",
        "organization": "null"
    },
    {
        "title": "Annotation of Video by Alignment to Reference Imagery",
        "year": "1999",
        "authors": "Keith J. Hanna,Harpreet S. Sawhney,Rakesh Kumar,Yanlin Guo,Supun Samarasekera",
        "venue": "Workshop on Vision Algorithms",
        "id": "294396",
        "label": "5",
        "organization": "null"
    },
    {
        "title": "A Sampling Algorithm for Tracking Multiple Objects",
        "year": "1999",
        "authors": "Hai Tao,Harpreet S. Sawhney,Rakesh Kumar",
        "venue": "Workshop on Vision Algorithms",
        "id": "294409",
        "label": "5",
        "organization": "null"
    },
    {
        "title": "Video as an image data source: efficient representations and applications",
        "year": "1995",
        "authors": "P. Anandan,Michal Irani,Rakesh Kumar,James R. Bergen",
        "venue": "ICIP",
        "id": "316142",
        "label": "5",
        "organization": "null"
    },
    {
        "title": "3D Manipulation of Motion Imagery",
        "year": "2000",
        "authors": "Rakesh Kumar,Harpreet S. Sawhney,Yanlin Guo,Steven C. Hsu,Supun Samarasekera",
        "venue": "ICIP",
        "id": "318873",
        "label": "5",
        "organization": "Sarnoff Corp., Princeton, NJ"
    },
    {
        "title": "Annotation of Video by Alignment to Reference Imagery",
        "year": "1999",
        "authors": "Keith J. Hanna,Harpreet S. Sawhney,Rakesh Kumar,Yanlin Guo,Supun Samarasekera",
        "venue": "ICMCS, Vol. 1",
        "id": "330191",
        "label": "5",
        "organization": "Sarnoff Corporation"
    },
    {
        "title": "Registration of Highly-Oblique and Zoomed in Aerial Video to Reference Imagery",
        "year": "2000",
        "authors": "Rakesh Kumar,Supun Samarasekera,Steven C. Hsu,Keith J. Hanna",
        "venue": "ICPR",
        "id": "347470",
        "label": "5",
        "organization": "Sarnoff Corp., Princeton, NJ"
    },
    {
        "title": "A Heterogeneous Feature-based Image Alignment Method",
        "year": "2006",
        "authors": "Cen Rao,Yanlin Guo,Harpreet S. Sawhney,Rakesh Kumar",
        "venue": "ICPR (2)",
        "id": "348417",
        "label": "5",
        "organization": "Sarnoff Corporation, 201 Washington Road, Princeton, NJ 08534"
    },
    {
        "title": "Optimal peer selection for P2P downloading and streaming",
        "year": "2005",
        "authors": "Micah Adler,Rakesh Kumar,Keith W. Ross,Dan Rubenstein,Torsten Suel,David D. Yao",
        "venue": "INFOCOM",
        "id": "399828",
        "label": "6",
        "organization": "Dept. of Comput. Sci., Massachusetts Univ., Amherst, MA, USA"
    },
    {
        "title": "Pollution in P2P file sharing systems",
        "year": "2005",
        "authors": "Jian Liang,Rakesh Kumar,Y. Xi,Keith W. Ross",
        "venue": "INFOCOM",
        "id": "401582",
        "label": "6",
        "organization": "null"
    },
    {
        "title": "Stochastic Fluid Theory for P2P Streaming Systems",
        "year": "2007",
        "authors": "Rakesh Kumar,Yong Liu,Keith W. Ross",
        "venue": "INFOCOM",
        "id": "403159",
        "label": "6",
        "organization": "null"
    },
    {
        "title": "Exploiting unbalanced thread scheduling for energy and performance on a CMP of SMT processors",
        "year": "2006",
        "authors": "M. De Vuyst,Rakesh Kumar,Dean M. Tullsen",
        "venue": "IPDPS",
        "id": "411477",
        "label": "1",
        "organization": "null"
    },
    {
        "title": "Single-ISA Heterogeneous Multi-Core Architectures for Multithreaded Workload Performance",
        "year": "2004",
        "authors": "Rakesh Kumar,Dean M. Tullsen,Parthasarathy Ranganathan,Norman P. Jouppi,Keith I. Farkas",
        "venue": "ISCA",
        "id": "419097",
        "label": "1",
        "organization": "University of California, San Diego"
    },
    {
        "title": "Interconnections in Multi-Core Architectures: Understanding Mechanisms, Overheads and Scaling",
        "year": "2005",
        "authors": "Rakesh Kumar,Victor V. Zyuban,Dean M. Tullsen",
        "venue": "ISCA",
        "id": "419101",
        "label": "1",
        "organization": "Dept. of Comput. Sci. & Eng., California Univ., San Diego, CA, USA"
    },
    {
        "title": "Software Energy Optimization of Real Time Preemptive Tasks by Minimizing Cache-Related Preemption Costs",
        "year": "2002",
        "authors": "Rakesh Kumar,Tusar Kanti Patra,Anupam Basu",
        "venue": "ISHPC",
        "id": "435414",
        "label": "1",
        "organization": "null"
    },
    {
        "title": "Single-ISA Heterogeneous Multi-Core Architectures: The Potential for Processor Power Reduction",
        "year": "2003",
        "authors": "Rakesh Kumar,Keith I. Farkas,Norman P. Jouppi,Parthasarathy Ranganathan,Dean M. Tullsen",
        "venue": "MICRO",
        "id": "499291",
        "label": "1",
        "organization": "Department of Computer Science and Engineering University of California,San Diego La Jolla,CA"
    },
    {
        "title": "Conjoined-Core Chip Multiprocessing",
        "year": "2004",
        "authors": "Rakesh Kumar,Norman P. Jouppi,Dean M. Tullsen",
        "venue": "MICRO",
        "id": "499293",
        "label": "1",
        "organization": "University of California, San Diego"
    },
    {
        "title": "Compiling for instruction cache performance on a multithreaded architecture",
        "year": "2002",
        "authors": "Rakesh Kumar,Dean M. Tullsen",
        "venue": "MICRO",
        "id": "499295",
        "label": "1",
        "organization": "University of California, San Diego"
    },
    {
        "title": "Balanced Multithreading: Increasing Throughput via a Low Cost Multithreading Hierarchy",
        "year": "2004",
        "authors": "Eric Tune,Rakesh Kumar,Dean M. Tullsen,Brad Calder",
        "venue": "MICRO",
        "id": "499517",
        "label": "1",
        "organization": "University of California at San Diego"
    },
    {
        "title": "Action video retrieval based on atomic action vocabulary",
        "year": "2008",
        "authors": "Sang-Hack Jung,Yanlin Guo,Harpreet S. Sawhney,Rakesh Kumar",
        "venue": "Multimedia Information Retrieval",
        "id": "500537",
        "label": "5",
        "organization": "null"
    },
    {
        "title": "Composition Trust Bindings in Pervasive Computing Service Composition",
        "year": "2006",
        "authors": "John Buford,Rakesh Kumar,Greg Perkins",
        "venue": "PerCom Workshops",
        "id": "538476",
        "label": "6",
        "organization": "Polytechnic University, Brooklyn, NY"
    },
    {
        "title": "Video Flashlights: Real Time Rendering of Multiple Videosfor Immersive Model Visualization",
        "year": "2002",
        "authors": "Harpreet S. Sawhney,Aydin Arpa,Rakesh Kumar,Supun Samarasekera,Manoj Aggarwal,Steven C. Hsu,David Nister,Keith J. Hanna",
        "venue": "Rendering Techniques",
        "id": "563076",
        "label": "5",
        "organization": "null"
    },
    {
        "title": "Hybrid stereo camera: an IBR approach for synthesis of very high resolution stereoscopic image sequences",
        "year": "2001",
        "authors": "Harpreet S. Sawhney,Yanlin Guo,Keith J. Hanna,Rakesh Kumar,Sean Adkins,Samuel Zhou",
        "venue": "SIGGRAPH",
        "id": "593924",
        "label": "5",
        "organization": "Vision Technologies Lab., Sarnoff Corp., CN 5300, Princeton, NJ"
    },
    {
        "title": "Fluid modeling of pollution proliferation in P2P networks",
        "year": "2006",
        "authors": "Rakesh Kumar,David D. Yao,Amitabha Bagchi,Keith W. Ross,Dan Rubenstein",
        "venue": "SIGMETRICS/Performance",
        "id": "597284",
        "label": "6",
        "organization": "Polytechnic University, New York, NY"
    },
    {
        "title": "Proximity-aware directory-based coherence for multi-core processor architectures",
        "year": "2007",
        "authors": "Jeffery A. Brown,Rakesh Kumar,Dean M. Tullsen",
        "venue": "SPAA",
        "id": "614693",
        "label": "1",
        "organization": "University of Illinois at Urbana-Champaign, Urbana, IL"
    },
    {
        "title": "Translator Design to Model Cpp Files",
        "year": "2005",
        "authors": "Satwinder Singh,K. S. Kahlon,Rakesh Kumar,Gurjeet Singh",
        "venue": "WEC (5)",
        "id": "658617",
        "label": "8",
        "organization": "null"
    },
    {
        "title": "The architecture of Efficient Multi-Core Processors: A Holistic Approach",
        "year": "2007",
        "authors": "Rakesh Kumar,Dean M. Tullsen",
        "venue": "Advances in Computers",
        "id": "739224",
        "label": "1",
        "organization": "null"
    },
    {
        "title": "Processor Power Reduction Via Single-ISA Heterogeneous Multi-Core Architectures",
        "year": "2003",
        "authors": "Rakesh Kumar,Keith I. Farkas,Norman P. Jouppi,Parthasarathy Ranganathan,Dean M. Tullsen",
        "venue": "Computer Architecture Letters",
        "id": "781408",
        "label": "1",
        "organization": "null"
    },
    {
        "title": "The Danger of Interval-Based Power Efficiency Metrics: When Worst Is Best",
        "year": "2005",
        "authors": "Yiannakis Sazeides,Rakesh Kumar,Dean M. Tullsen,Theofanis Constantinou",
        "venue": "Computer Architecture Letters",
        "id": "781447",
        "label": "1",
        "organization": "null"
    },
    {
        "title": "Automated Mosaics via Topology Inference",
        "year": "2002",
        "authors": "Steven C. Hsu,Harpreet S. Sawhney,Rakesh Kumar",
        "venue": "IEEE Computer Graphics and Applications",
        "id": "786703",
        "label": "5",
        "organization": "David Sarnoff Res. Center, Princeton, NJ"
    },
    {
        "title": "The FastTrack overlay: A measurement study",
        "year": "2006",
        "authors": "Jian Liang,Rakesh Kumar,Keith W. Ross",
        "venue": "Computer Networks",
        "id": "794706",
        "label": "6",
        "organization": "Department of Electrical and Computer Engineering, Polytechnic University, Brooklyn, NY 11201, United States"
    },
    {
        "title": "Heterogeneous Chip Multiprocessors",
        "year": "2005",
        "authors": "Rakesh Kumar,Dean M. Tullsen,Norman P. Jouppi,Parthasarathy Ranganathan",
        "venue": "IEEE Computer",
        "id": "807039",
        "label": "1",
        "organization": "University of California, San Diego"
    },
    {
        "title": "Toward a sentient environment: real-time wide area multiple human tracking with identities",
        "year": "2008",
        "authors": "Tao Zhao,Manoj Aggarwal,Thomas Germano,Ian Roth,Alexandar Knowles,Rakesh Kumar,Harpreet S. Sawhney,Supun Samarasekera",
        "venue": "Mach. Vis. Appl.",
        "id": "1017614",
        "label": "5",
        "organization": "Sarnoff Corporation, 201 Washington Rd, 08543, Princeton, NJ, USA"
    },
    {
        "title": "Rapid Object Indexing Using Locality Sensitive Hashing and Joint 3D-Signature Space Estimation",
        "year": "2006",
        "authors": "Bogdan Matei,Ying Shan,Harpreet S. Sawhney,Yi Tan,Rakesh Kumar,Daniel F. Huber,Martial Hebert",
        "venue": "IEEE Trans. Pattern Anal. Mach. Intell.",
        "id": "1032459",
        "label": "5",
        "organization": "IEEE"
    },
    {
        "title": "Independent Motion Detection in 3D Scenes",
        "year": "2000",
        "authors": "Harpreet S. Sawhney,Yanlin Guo,Rakesh Kumar",
        "venue": "IEEE Trans. Pattern Anal. Mach. Intell.",
        "id": "1032905",
        "label": "5",
        "organization": "Sarnoff Corp., Princeton, NJ, USA"
    },
    {
        "title": "True Multi-Image Alignment and Its Application to Mosaicing and Lens Distortion Correction",
        "year": "1999",
        "authors": "Harpreet S. Sawhney,Rakesh Kumar",
        "venue": "IEEE Trans. Pattern Anal. Mach. Intell.",
        "id": "1032906",
        "label": "5",
        "organization": "Sarnoff Corp., Princeton, NJ"
    },
    {
        "title": "Shapeme Histogram Projection and Matching for Partial Object Recognition",
        "year": "2006",
        "authors": "Ying Shan,Harpreet S. Sawhney,Bogdan Matei,Rakesh Kumar",
        "venue": "IEEE Trans. Pattern Anal. Mach. Intell.",
        "id": "1032947",
        "label": "5",
        "organization": "IEEE"
    },
    {
        "title": "Object Tracking with Bayesian Estimation of Dynamic Layer Representations",
        "year": "2002",
        "authors": "Hai Tao,Harpreet S. Sawhney,Rakesh Kumar",
        "venue": "IEEE Trans. Pattern Anal. Mach. Intell.",
        "id": "1033145",
        "label": "5",
        "organization": "Sarnoff Corp., Princeton, NJ"
    },
    {
        "title": "Robust Object Matching for Persistent Tracking with Heterogeneous Features",
        "year": "2007",
        "authors": "Yanlin Guo,Steven C. Hsu,Harpreet S. Sawhney,Rakesh Kumar,Ying Shan",
        "venue": "IEEE Trans. Pattern Anal. Mach. Intell.",
        "id": "1033738",
        "label": "5",
        "organization": "Sarnoff Corp., Princeton, NJ"
    },
    {
        "title": "Unsupervised Learning of Discriminative Edge Measures for Vehicle Matching between Nonoverlapping Cameras",
        "year": "2008",
        "authors": "Ying Shan,Harpreet S. Sawhney,Rakesh Kumar",
        "venue": "IEEE Trans. Pattern Anal. Mach. Intell.",
        "id": "1033885",
        "label": "5",
        "organization": "IEEE"
    },
    {
        "title": "Introduction to the special issue on the 2005 workshop on design, analysis, and simulation of chip multiprocessors (dasCMP'05)",
        "year": "2005",
        "authors": "Norman P. Jouppi,Rakesh Kumar,Dean M. Tullsen",
        "venue": "SIGARCH Computer Architecture News",
        "id": "1062426",
        "label": "1",
        "organization": "University of California, San Diego"
    },
    {
        "title": "Two optimal peer selection problems",
        "year": "2004",
        "authors": "Micah Adler,Rakesh Kumar,Keith W. Ross,Dan Rubenstein,David A. Turner,David D. Yao",
        "venue": "SIGMETRICS Performance Evaluation Review",
        "id": "1063763",
        "label": "6",
        "organization": "Polytechnic University, NY"
    },
    {
        "title": "Validation of an Optical Flow Method for Tag Displacement Estimation",
        "year": "1999",
        "authors": "Lawrence Dougherty,Jane C. Asmuth,Aaron S. Blom,Leon Axel,Rakesh Kumar",
        "venue": "IEEE Trans. Med. Imaging",
        "id": "1114791",
        "label": "5",
        "organization": "Dept. of Radiol., Pennsylvania Univ., Philadelphia, PA, USA"
    },
    {
        "title": "Effect of test condition and stress free temperature on the electromigration failure of Cu dual damascene submicron interconnect line-via test structures",
        "year": "2005",
        "authors": "Arijit Roy,Cher Ming Tan,Rakesh Kumar,Xian Tong Chen",
        "venue": "Microelectronics Reliability",
        "id": "1154191",
        "label": "9",
        "organization": "null"
    },
    {
        "title": "Enhancement of adhesion strength of Cu layer with low dielectric constant SiC: H liners in Cu interconnects",
        "year": "2005",
        "authors": "Grace Wang,S. Balakumar,S. C. Hwee,Rakesh Kumar,T. Hara",
        "venue": "Microelectronics Journal",
        "id": "1155136",
        "label": "9",
        "organization": "null"
    },
    {
        "title": "Placement of scattering bars in binary and attenuated phase shift mask for damascene trench patterning",
        "year": "2004",
        "authors": "Sohan Singh Mehta,Navab Singh,Moitreyee Mukherjee-Roy,Rakesh Kumar",
        "venue": "Microelectronics Journal",
        "id": "1155200",
        "label": "9",
        "organization": "null"
    },
    {
        "title": "Resist pattern peeling assessment in DUV chemically amplified resist",
        "year": "2004",
        "authors": "Sohan Singh Mehta,Sun Hai Qin,Moitreyee Mukherjee-Roy,Navab Singh,Rakesh Kumar",
        "venue": "Microelectronics Journal",
        "id": "1155339",
        "label": "9",
        "organization": "null"
    },
    {
        "title": "A method for deep etching in dielectric films for 3D-chip and photonics applications",
        "year": "2004",
        "authors": "B. Ramana Murthy,Rakesh Kumar",
        "venue": "Microelectronics Journal",
        "id": "1155380",
        "label": "9",
        "organization": "null"
    },
    {
        "title": "Towards scalable reliability frameworks for error prone CMPs",
        "year": "2009",
        "authors": "Joseph Sloan,Rakesh Kumar",
        "venue": "CASES",
        "id": "1238788",
        "label": "1",
        "organization": "Coordinated Science Laboratory, University of Illinois, Urbana, IL, USA"
    },
    {
        "title": "Distributed peak power management for many-core architectures",
        "year": "2009",
        "authors": "John Sartori,Rakesh Kumar",
        "venue": "DATE",
        "id": "1241270",
        "label": "1",
        "organization": "Coordinated Sci. Lab., Urbana, IL"
    },
    {
        "title": "VideoTrek: A vision system for a tag-along robot.",
        "year": "2009",
        "authors": "Oleg Naroditsky,Zhiwei Zhu,Aveek Das,Supun Samarasekera,Taragay Oskiper,Rakesh Kumar",
        "venue": "null",
        "id": "1305113",
        "label": "5",
        "organization": "null"
    },
    {
        "title": "Workload adaptive shared memory multicore processors with reconfigurable interconnects.",
        "year": "2009",
        "authors": "Shoaib Akram,Rakesh Kumar,Deming Chen",
        "venue": "null",
        "id": "1313859",
        "label": "1",
        "organization": "null"
    },
    {
        "title": "Register Multimapping: A technique for reducing register bank conflicts in processors with large register files.",
        "year": "2009",
        "authors": "Nam Duong,Rakesh Kumar",
        "venue": "null",
        "id": "1313866",
        "label": "1",
        "organization": "null"
    },
    {
        "title": "A Comparative Study of Different Sensors for Smart Car Park Management.",
        "year": "2007",
        "authors": "Rakesh Kumar,Naveen K. Chilamkurti,Ben Soh",
        "venue": "null",
        "id": "1314933",
        "label": "2",
        "organization": "null"
    },
    {
        "title": "Replication of Biomolecular Techniques for Implementing Intelligent Systems.",
        "year": "2008",
        "authors": "Sanjeev Dhawan,Rakesh Kumar",
        "venue": "null",
        "id": "1315110",
        "label": "0",
        "organization": "null"
    },
    {
        "title": "Analyzing Performance of Web-Based Metrics for Evaluating Reliability and Maintainability of Hypermedia Applications.",
        "year": "2008",
        "authors": "Sanjeev Dhawan,Rakesh Kumar",
        "venue": "null",
        "id": "1315126",
        "label": "0",
        "organization": "Fac. of Comput. Eng., Kurukshetra Univ., Kurukshetra"
    },
    {
        "title": "Panel: Realistic low power design: Let errors occur and correct them later or mitigate errors via design guardbanding and process control?.",
        "year": "2009",
        "authors": "Abhijit Chatterjee,Jacob A. Abraham,Adit D. Singh,Elie Maricau,Rakesh Kumar,Chris Papachristou",
        "venue": "null",
        "id": "1320877",
        "label": "4",
        "organization": "Georgia Tech., USA"
    },
    {
        "title": "Low-Overhead, High-Speed Multi-core Barrier Synchronization.",
        "year": "2010",
        "authors": "John Sartori,Rakesh Kumar",
        "venue": "null",
        "id": "1323041",
        "label": "1",
        "organization": "null"
    },
    {
        "title": "Reducing peak power with a table-driven adaptive processor core.",
        "year": "2009",
        "authors": "Vasileios Kontorinis,Amirali Shayan,Dean M. Tullsen,Rakesh Kumar",
        "venue": "null",
        "id": "1325044",
        "label": "1",
        "organization": "University of Illinois, Urbana-Champaign"
    },
    {
        "title": "Servo: a programming model for many-core computing",
        "year": "2008",
        "authors": "Nicolas Zea,John Sartori,Rakesh Kumar",
        "venue": "ACM SIGARCH Computer Architecture News",
        "id": "1379305",
        "label": "1",
        "organization": "Coordinated Science Laboratory, Urbana, IL"
    },
    {
        "title": "Introduction to the special issue on the 2007 workshop on design, analysis, and simulation of chip multiprocessors (dasCMP'07)",
        "year": "2008",
        "authors": "Norman P. Jouppi,Rakesh Kumar,Dean Tullsen",
        "venue": "ACM SIGARCH Computer Architecture News",
        "id": "1380520",
        "label": "1",
        "organization": "University of Illinois at Urbana-Champaign"
    },
    {
        "title": "Software Energy Optimization of Real Time Preemptive Tasks by Minimizing Cache-Related Preemption Costs",
        "year": "2009",
        "authors": "Rakesh Kumar,Tusar Kanti Patra,Anupam Basu",
        "venue": "Proceedings of the 4th International Symposium on High Performance Computing",
        "id": "1436071",
        "label": "1",
        "organization": "Department of Computer Science and Engineering, University of California, San Diego La Jolla, USA 92093-0114"
    },
    {
        "title": "Determination of the hardness and elastic modulus of low-k thin films and their barrier layer for microelectronic applications",
        "year": "2003",
        "authors": "Lu Shen,Kaiyang Zeng,Yihua Wang,Babu Narayanan,Rakesh Kumar",
        "venue": "Microelectronic Engineering",
        "id": "1561928",
        "label": "9",
        "organization": "Institute of Microelectronics, 11 Science Park Road, Science Park II, Singapore 117685, Singapore"
    },
    {
        "title": "Model dependent inference of three-dimensional information from a sequence of two-dimensional images",
        "year": "1992",
        "authors": "Rakesh Kumar",
        "venue": "null",
        "id": "1676758",
        "label": "7",
        "organization": "Univ. of Massachusetts, Boston"
    },
    {
        "title": "Representation of Scenes from Collections of Images",
        "year": "1995",
        "authors": "Rakesh Kumar,P. Anandan,michal Irani,James Bergen,Keith Hanna",
        "venue": "Proceedings of the IEEE Workshop on Representation of Visual Scenes",
        "id": "1693346",
        "label": "5",
        "organization": "null"
    }
]