[
    {
        "title": "Effective Prediction and its Computational Complexity",
        "year": "2007",
        "authors": "Richard Taylor",
        "venue": "CATS",
        "id": "79040",
        "label": "1",
        "organization": "null"
    },
    {
        "title": "Automated data cache placement for embedded VLIW ASIPs",
        "year": "2005",
        "authors": "Paul Morgan,Richard Taylor,Japheth Hossell,George Bruce,Barry O'Rourke",
        "venue": "CODES+ISSS",
        "id": "106181",
        "label": "2",
        "organization": "CriticalBlue Ltd, Edinburgh, UK"
    },
    {
        "title": "An Integrity Check Value Algorithm for Stream Ciphers",
        "year": "1993",
        "authors": "Richard Taylor",
        "venue": "CRYPTO",
        "id": "120508",
        "label": "4",
        "organization": "null"
    },
    {
        "title": "ASIP Instruction Encoding for Energy and Area Reduction",
        "year": "2007",
        "authors": "Paul Morgan,Richard Taylor",
        "venue": "DAC",
        "id": "134729",
        "label": "2",
        "organization": "Critical Blue, San Jose"
    },
    {
        "title": "Co-Processor Synthesis: A New Methodology for Embedded Software Acceleration",
        "year": "2004",
        "authors": "Ben I. Hounsell,Richard Taylor",
        "venue": "DATE",
        "id": "142099",
        "label": "2",
        "organization": "Critical Blue Ltd., Edinburgh, UK"
    },
    {
        "title": "Taking a RaSP to Enterprise Stakeholder Dissonance",
        "year": "2008",
        "authors": "Richard Taylor,Chris Tofts",
        "venue": "EDOC",
        "id": "177723",
        "label": "5",
        "organization": "HP Labs., Bristol"
    },
    {
        "title": "Near Optimal Unconditionally Secure Authentication",
        "year": "1994",
        "authors": "Richard Taylor",
        "venue": "EUROCRYPT",
        "id": "193529",
        "label": "4",
        "organization": "null"
    },
    {
        "title": "Software engineering for adaptive and self-managing systems",
        "year": "2006",
        "authors": "Betty H. C. Cheng,David Garlan,Rogerio de Lemos,Jeff Magee,Richard Taylor,Stephen Fickas,Hausi A. Muller",
        "venue": "ICSE",
        "id": "361619",
        "label": "6",
        "organization": "University of California, Irvine, CA"
    },
    {
        "title": "SEAMS 2007: Software Engineering for Adaptive and Self-Managing Systems",
        "year": "2007",
        "authors": "Betty H. C. Cheng,Rogerio de Lemos,Stephen Fickas,David Garlan,Marin Litoiu,Jeff Magee,Hausi A. Muller,Richard Taylor",
        "venue": "ICSE Companion",
        "id": "363643",
        "label": "6",
        "organization": "University of California, Irvine, USA"
    },
    {
        "title": "Design for Test and the Cost of Quality",
        "year": "1988",
        "authors": "Chris Salzmann,Martin Funcell,Richard Taylor",
        "venue": "ITC",
        "id": "455761",
        "label": "7",
        "organization": "Nat. Semicond. Corp., Santa Clara, CA"
    },
    {
        "title": "Maritxu: Generic Visualization of Highly Parallel Processing",
        "year": "1992",
        "authors": "Eugenio Zabala,Richard Taylor",
        "venue": "Programming Environments for Parallel Computing",
        "id": "538098",
        "label": "8",
        "organization": "null"
    },
    {
        "title": "Concurrency in the Data Warehouse",
        "year": "2000",
        "authors": "Richard Taylor",
        "venue": "VLDB",
        "id": "643888",
        "label": "9",
        "organization": "null"
    },
    {
        "title": "3D S.O.M. - A Commercial Software Solution to 3D Scanning",
        "year": "2003",
        "authors": "Adam Baumberg,Alex Lyons,Richard Taylor",
        "venue": "VVG",
        "id": "649717",
        "label": "10",
        "organization": "null"
    },
    {
        "title": "An Algorithm for Calculating the Availability and Mean Time to Restore for Communication Through a Network",
        "year": "1990",
        "authors": "Richard Taylor,Ron Addie",
        "venue": "Computer Networks and ISDN Systems",
        "id": "795600",
        "label": "4",
        "organization": "null"
    },
    {
        "title": "3D S.O.M. - A commercial software solution to 3D scanning",
        "year": "2005",
        "authors": "Adam Baumberg,Alex Lyons,Richard Taylor",
        "venue": "Graphical Models",
        "id": "833718",
        "label": "10",
        "organization": "null"
    },
    {
        "title": "Reconstructing degree sequences from k-vertex-deleted subgraphs",
        "year": "1990",
        "authors": "Richard Taylor",
        "venue": "Discrete Mathematics",
        "id": "851351",
        "label": "11",
        "organization": "null"
    },
    {
        "title": "Small World Dynamics and The Process of Knowledge Diffusion: The Case of The Metropolitan Area of Greater Santiago De Chile",
        "year": "2004",
        "authors": "Piergiuseppe Morone,Richard Taylor",
        "venue": "J. Artificial Societies and Social Simulation",
        "id": "958241",
        "label": "12",
        "organization": "null"
    },
    {
        "title": "SEAMS 2009: Software engineering for adaptive and self-managing systems",
        "year": "2009",
        "authors": "Betty H. C. Cheng,Rogerio de Lemos,David Garlan,Holger Giese,Marin Litoiu,Jeff Magee,Hausi A. Muller,Richard Taylor",
        "venue": "ICSE Companion",
        "id": "1210601",
        "label": "6",
        "organization": "University of California, Irvine, USA"
    },
    {
        "title": "ICSE 97 program update",
        "year": "1997",
        "authors": "Richard Taylor",
        "venue": "ACM SIGSOFT Software Engineering Notes",
        "id": "1406804",
        "label": "6",
        "organization": "null"
    },
    {
        "title": "Transputer communication link",
        "year": "1986",
        "authors": "Richard Taylor",
        "venue": "Microprocessors Microsystems",
        "id": "1454004",
        "label": "13",
        "organization": "null"
    },
    {
        "title": "Process and processor interaction: architecture independent visualisation schema",
        "year": "1993",
        "authors": "Eugenio Zabala,Richard Taylor",
        "venue": "Environments and tools for parallel scientific computing",
        "id": "1507500",
        "label": "8",
        "organization": "null"
    },
    {
        "title": "MCSE Windows 2000 Network: Exam Cram Personal Trainer with CD-ROM",
        "year": "2001",
        "authors": "CIP Author Team,Richard Taylor,Derek Melber",
        "venue": "null",
        "id": "1517128",
        "label": "14",
        "organization": "null"
    },
    {
        "title": "MCSE Windows 2000 Network: Exam Cram",
        "year": "2000",
        "authors": "Hank Carbeck,Richard Taylor,Derek Melber",
        "venue": "null",
        "id": "1522657",
        "label": "14",
        "organization": "null"
    },
    {
        "title": "Professional Java Mobile Programming",
        "year": "2001",
        "authors": "Bill Ray,Danny Ayers,Richard Taylor,Ronald Ashri",
        "venue": "null",
        "id": "1538134",
        "label": "15",
        "organization": "null"
    },
    {
        "title": "WebDAV",
        "year": "2000",
        "authors": "Richard Taylor,David Redmiles",
        "venue": "ACM SIGSOFT Software Engineering Notes",
        "id": "1546768",
        "label": "6",
        "organization": "University of California, Irvine"
    },
    {
        "title": "Knowledge depot",
        "year": "2000",
        "authors": "Richard Taylor,David Redmiles",
        "venue": "ACM SIGSOFT Software Engineering Notes",
        "id": "1547350",
        "label": "6",
        "organization": "University of California, Irvine"
    },
    {
        "title": "Chimera",
        "year": "2000",
        "authors": "Richard Taylor,David Redmiles",
        "venue": "ACM SIGSOFT Software Engineering Notes",
        "id": "1550438",
        "label": "6",
        "organization": "University of California, Irvine"
    },
    {
        "title": "Expectation-driven event monitoring",
        "year": "2000",
        "authors": "Richard Taylor,David Redmiles",
        "venue": "ACM SIGSOFT Software Engineering Notes",
        "id": "1552001",
        "label": "6",
        "organization": "University of California, Irvine"
    },
    {
        "title": "ArchStudio",
        "year": "2000",
        "authors": "Richard Taylor,David Redmiles",
        "venue": "ACM SIGSOFT Software Engineering Notes",
        "id": "1552675",
        "label": "6",
        "organization": "University of California, Irvine"
    },
    {
        "title": "Argo/UML",
        "year": "2000",
        "authors": "Richard Taylor,David Redmiles",
        "venue": "ACM SIGSOFT Software Engineering Notes",
        "id": "1553142",
        "label": "6",
        "organization": "University of California, Irvine"
    },
    {
        "title": "Endeavors",
        "year": "2000",
        "authors": "Richard Taylor,David Redmiles",
        "venue": "ACM SIGSOFT Software Engineering Notes",
        "id": "1556180",
        "label": "6",
        "organization": "University of California, Irvine"
    },
    {
        "title": "Arabica",
        "year": "2000",
        "authors": "Richard Taylor,David Redmiles",
        "venue": "ACM SIGSOFT Software Engineering Notes",
        "id": "1556187",
        "label": "6",
        "organization": "University of California, Irvine"
    },
    {
        "title": "Communications coprocessor for the Acorn RISC machine",
        "year": "1990",
        "authors": "Don Goodeve,Richard Taylor",
        "venue": "Microprocessors Microsystems",
        "id": "1623510",
        "label": "3",
        "organization": "Univ. of York, Heslington, UK"
    },
    {
        "title": "A metaphor and conceptual architecture for software development environments",
        "year": "1990",
        "authors": "Izhar Shy,Richard Taylor,Leon Osterweil",
        "venue": "Proceedings of the international workshop on environments on Software engineering environments",
        "id": "1663577",
        "label": "6",
        "organization": "null"
    },
    {
        "title": "Concurrent programming in Occam",
        "year": "1989",
        "authors": "Richard Taylor",
        "venue": "Major advances in parallel processing",
        "id": "1663795",
        "label": "0",
        "organization": "null"
    }
]