[
    {
        "title": "Large-Scale Parallel Collaborative Filtering for the Netflix Prize",
        "year": "2008",
        "authors": "Yunhong Zhou,Dennis Wilkinson,Robert Schreiber,Rong Pan",
        "venue": "AAIM",
        "id": "17128",
        "label": "0",
        "organization": "HP Labs, Palo Alto, 94304"
    },
    {
        "title": "An Introduction to HPF",
        "year": "1996",
        "authors": "Robert Schreiber",
        "venue": "The Data Parallel Programming Model",
        "id": "17746",
        "label": "0",
        "organization": "null"
    },
    {
        "title": "High-Level Synthesis of Nonprogrammable Hardware Accelerators",
        "year": "2000",
        "authors": "Robert Schreiber,Shail Aditya,B. Ramakrishna Rau,Vinod Kathail,Scott A. Mahlke,Santosh G. Abraham,Greg Snider",
        "venue": "ASAP",
        "id": "50246",
        "label": "0",
        "organization": "null"
    },
    {
        "title": "Lattice-based memory allocation",
        "year": "2003",
        "authors": "Alain Darte,Robert Schreiber,Gilles Villard",
        "venue": "CASES",
        "id": "77536",
        "label": "0",
        "organization": "null"
    },
    {
        "title": "Manycores in the Future",
        "year": "2007",
        "authors": "Robert Schreiber",
        "venue": "HPCC",
        "id": "253373",
        "label": "0",
        "organization": "HP Labs,"
    },
    {
        "title": "A Constructive Solution to the Juggling Problem in Processor Array Synthesis",
        "year": "2000",
        "authors": "Alain Darte,Robert Schreiber,B. Ramakrishna Rau,Frederic Vivien",
        "venue": "IPDPS",
        "id": "408675",
        "label": "0",
        "organization": "null"
    },
    {
        "title": "Support for Irregular Computation in High Performance Fortran (Abstract)",
        "year": "1996",
        "authors": "Robert Schreiber",
        "venue": "IRREGULAR",
        "id": "414981",
        "label": "0",
        "organization": "null"
    },
    {
        "title": "Corona: System Implications of Emerging Nanophotonic Technology",
        "year": "2008",
        "authors": "Dana Vantrease,Robert Schreiber,Matteo Monchiero,Moray McLaren,Norman P. Jouppi,Marco Fiorentino,Al Davis,Nathan L. Binkert,Raymond G. Beausoleil,Jung Ho Ahn",
        "venue": "ISCA",
        "id": "419684",
        "label": "0",
        "organization": "Univ. of Wisconsin - Madison, Madison, WI"
    },
    {
        "title": "The Alignment-Distribution Graph",
        "year": "1993",
        "authors": "Siddhartha Chatterjee,John R. Gilbert,Robert Schreiber",
        "venue": "LCPC",
        "id": "482983",
        "label": "0",
        "organization": "null"
    },
    {
        "title": "Array Distribution in Data-Parallel Programs",
        "year": "1994",
        "authors": "Siddhartha Chatterjee,Robert Schreiber,Thomas J. Sheffler,John R. Gilbert",
        "venue": "LCPC",
        "id": "482985",
        "label": "0",
        "organization": "null"
    },
    {
        "title": "Efficient Distribution Analysis via Graph Contraction",
        "year": "1995",
        "authors": "Thomas J. Sheffler,Robert Schreiber,William Pugh,John R. Gilbert,Siddhartha Chatterjee",
        "venue": "LCPC",
        "id": "483274",
        "label": "0",
        "organization": "null"
    },
    {
        "title": "Automatic Array Alignment in Data-Parallel Programs",
        "year": "1993",
        "authors": "Siddhartha Chatterjee,John R. Gilbert,Robert Schreiber,Shang-Hua Teng",
        "venue": "POPL",
        "id": "546078",
        "label": "0",
        "organization": "null"
    },
    {
        "title": "Generating Local Address and Communication Sets for Data-Parallel Programs",
        "year": "1993",
        "authors": "Siddhartha Chatterjee,John R. Gilbert,Fred J. E. Long,Robert Schreiber,Shang-Hua Teng",
        "venue": "PPOPP",
        "id": "548343",
        "label": "0",
        "organization": "null"
    },
    {
        "title": "A linear-time algorithm for optimal barrier placement",
        "year": "2005",
        "authors": "Alain Darte,Robert Schreiber",
        "venue": "PPOPP",
        "id": "548378",
        "label": "0",
        "organization": "null"
    },
    {
        "title": "Optimal Data Placement for Distributed Memory Architectures",
        "year": "1991",
        "authors": "John R. Gilbert,Robert Schreiber",
        "venue": "PPSC",
        "id": "549090",
        "label": "0",
        "organization": "null"
    },
    {
        "title": "Efficient Parallel Sparse Cholesky Factorization",
        "year": "1995",
        "authors": "Edward Rothberg,Robert Schreiber",
        "venue": "PPSC",
        "id": "549489",
        "label": "0",
        "organization": "null"
    },
    {
        "title": "Fast exact and heuristic methods for role minimization problems",
        "year": "2008",
        "authors": "Alina Ene,William Horne,Nikola Milosavljevic,Prasad Rao,Robert Schreiber,Robert Endre Tarjan",
        "venue": "SACMAT",
        "id": "570313",
        "label": "0",
        "organization": "Hewlett-Packard, Princeton, NJ"
    },
    {
        "title": "The NAS parallel benchmarks - summary and preliminary results",
        "year": "1991",
        "authors": "David H. Bailey,E. Barszcz,J. T. Barton,D. S. Browning,Robert L. Carter,Leonardo Dagum,Rod Fatoohi,Paul O. Frederickson,T. A. Lasinski,Robert Schreiber,Horst D. Simon,V. Venkatakrishnan,Sisira Weeratunga",
        "venue": "SC",
        "id": "574687",
        "label": "0",
        "organization": "Numerical Aerodynamic Simulation (NAS) Syst. Div., NASA Ames Res. Center, Moffett Field, CA, USA"
    },
    {
        "title": "Mobile and replicated alignment of arrays in data-parallel programs",
        "year": "1993",
        "authors": "Siddhartha Chatterjee,John R. Gilbert,Robert Schreiber",
        "venue": "SC",
        "id": "574853",
        "label": "0",
        "organization": "NASA Ames Res. Center, Moffett Field, CA, USA"
    },
    {
        "title": "Improved load distribution in parallel sparse Cholesky factorization",
        "year": "1994",
        "authors": "Edward Rothberg,Robert Schreiber",
        "venue": "SC",
        "id": "575398",
        "label": "0",
        "organization": "Research Institute for Advanced Computer Science, NASA Ames Research Center, Moffett Field, CA"
    },
    {
        "title": "Spatial Scan Statistics for Graph Clustering",
        "year": "2008",
        "authors": "Bei Wang,Jeff M. Phillips,Robert Schreiber,Dennis Wilkinson",
        "venue": "SDM",
        "id": "579226",
        "label": "0",
        "organization": "null"
    },
    {
        "title": "Clustering Social Networks",
        "year": "2007",
        "authors": "Nina Mishra,Robert Schreiber,Isabelle Stanton,Robert Endre Tarjan",
        "venue": "WAW",
        "id": "652728",
        "label": "0",
        "organization": "null"
    },
    {
        "title": "On Systolic Array Methods for Band Matrix Factorizations",
        "year": "1986",
        "authors": "Robert Schreiber",
        "venue": "BIT",
        "id": "768287",
        "label": "0",
        "organization": "null"
    },
    {
        "title": "On On Systolic Arrays for Updating the Cholesky Factorization",
        "year": "1986",
        "authors": "Robert Schreiber,Wei-Pai Tang",
        "venue": "BIT",
        "id": "768288",
        "label": "0",
        "organization": "null"
    },
    {
        "title": "PICO: Automatically Designing Custom Computers",
        "year": "2002",
        "authors": "Vinod Kathail,Shail Aditya,Robert Schreiber,B. Ramakrishna Rau,Darren C. Cronquist,Mukund Sivaraman",
        "venue": "IEEE Computer",
        "id": "806937",
        "label": "0",
        "organization": "null"
    },
    {
        "title": "Efficient ICCG on a Shared Memory Multiprocessor",
        "year": "1992",
        "authors": "Steven W. Hammond,Robert Schreiber",
        "venue": "International Journal of High Speed Computing",
        "id": "910094",
        "label": "0",
        "organization": "null"
    },
    {
        "title": "An Assessment of the Connection Machine",
        "year": "1993",
        "authors": "Robert Schreiber",
        "venue": "International Journal of High Speed Computing",
        "id": "910133",
        "label": "0",
        "organization": "null"
    },
    {
        "title": "Generating Local Address and Communication Sets for Data-Parallel Programs",
        "year": "1995",
        "authors": "Siddhartha Chatterjee,John R. Gilbert,Fred J. E. Long,Robert Schreiber,Shang-Hua Teng",
        "venue": "J. Parallel Distrib. Comput.",
        "id": "988487",
        "label": "0",
        "organization": "null"
    },
    {
        "title": "Algorithms for Automatic Alignment of Arrays",
        "year": "1996",
        "authors": "Siddhartha Chatterjee,John R. Gilbert,Leonid Oliker,Robert Schreiber,Thomas J. Sheffler",
        "venue": "J. Parallel Distrib. Comput.",
        "id": "988488",
        "label": "0",
        "organization": "null"
    },
    {
        "title": "Optimal Expression Evaluation for Data Parallel Architectures",
        "year": "1991",
        "authors": "John R. Gilbert,Robert Schreiber",
        "venue": "J. Parallel Distrib. Comput.",
        "id": "988827",
        "label": "0",
        "organization": "null"
    },
    {
        "title": "High Performance Fortran, Version 2",
        "year": "1997",
        "authors": "Robert Schreiber",
        "venue": "Parallel Processing Letters",
        "id": "1038154",
        "label": "0",
        "organization": "null"
    },
    {
        "title": "High Performance Fortran Comes of Age: Guest Editors' Introduction",
        "year": "1997",
        "authors": "Robert Schreiber,Piyush Mehrotra",
        "venue": "Scientific Programming",
        "id": "1073300",
        "label": "0",
        "organization": "null"
    },
    {
        "title": "Lattice-Based Memory Allocation",
        "year": "2005",
        "authors": "Alain Darte,Robert Schreiber,Gilles Villard",
        "venue": "IEEE Trans. Computers",
        "id": "1078852",
        "label": "0",
        "organization": "LIP, Ecole Normale Superieure de Lyon, France"
    },
    {
        "title": "Bitwidth cognizant architecture synthesis of custom hardwareaccelerators",
        "year": "2001",
        "authors": "Scott A. Mahlke,Rajiv A. Ravindran,Michael S. Schlansker,Robert Schreiber,Timothy Sherwood",
        "venue": "IEEE Trans. on CAD of Integrated Circuits and Systems",
        "id": "1085057",
        "label": "0",
        "organization": "null"
    },
    {
        "title": "Constructing and exploiting linear schedules with prescribed parallelism",
        "year": "2002",
        "authors": "Alain Darte,Robert Schreiber,B. Ramakrishna Rau,Frederic Vivien",
        "venue": "ACM Trans. Design Autom. Electr. Syst.",
        "id": "1117745",
        "label": "0",
        "organization": "Hewlett-Packard Company, Palo Alto, CA"
    },
    {
        "title": "Optimal Evaluation of Array Expressions on Massively Parallel Machines",
        "year": "1995",
        "authors": "Siddhartha Chatterjee,John R. Gilbert,Robert Schreiber,Shang-Hua Teng",
        "venue": "ACM Trans. Program. Lang. Syst.",
        "id": "1123417",
        "label": "0",
        "organization": "null"
    },
    {
        "title": "Guest Editorial",
        "year": "2005",
        "authors": "Michael J. Schulte,Shuvra S. Bhattacharyya,Robert Schreiber",
        "venue": "VLSI Signal Processing",
        "id": "1165510",
        "label": "0",
        "organization": "null"
    },
    {
        "title": "PICO-NPA: High-Level Synthesis of Nonprogrammable Hardware Accelerators",
        "year": "2002",
        "authors": "Robert Schreiber,Shail Aditya,Scott A. Mahlke,Vinod Kathail,B. Ramakrishna Rau,Darren C. Cronquist,Mukund Sivaraman",
        "venue": "VLSI Signal Processing",
        "id": "1165879",
        "label": "0",
        "organization": "Hewlett-Packard Laboratories, Palo Alto, California 94304-1126, USA"
    },
    {
        "title": "Defining and Measuring the Productivity of Programming Languages",
        "year": "2004",
        "authors": "Ken Kennedy,Charles Koelbel,Robert Schreiber",
        "venue": "IEEE/ACM Transactions on Networking (TON)",
        "id": "1295506",
        "label": "0",
        "organization": "Advanced Computer Systems Laboratory at Hewlett Packard Laboratories"
    },
    {
        "title": "Light speed arbitration and flow control for nanophotonic interconnects.",
        "year": "2009",
        "authors": "Dana Vantrease,Nathan L. Binkert,Robert Schreiber,Mikko H. Lipasti",
        "venue": "null",
        "id": "1325038",
        "label": "0",
        "organization": "HP Laboratories"
    },
    {
        "title": "Robust Software for Computing Camera Motion Parameters.",
        "year": "2009",
        "authors": "Robert Schreiber,Zeyu Li,Harlyn Baker",
        "venue": "Journal of Mathematical Imaging and Vision",
        "id": "1339036",
        "label": "0",
        "organization": "null"
    },
    {
        "title": "The Saxpy Matrix-1: A General-Purpose Systolic Computer",
        "year": "1987",
        "authors": "David E. Foulser,Robert Schreiber",
        "venue": "Computer",
        "id": "1446006",
        "label": "0",
        "organization": "Saxpy Computer Corporation"
    },
    {
        "title": "Block reflectors: theory and computation",
        "year": "1988",
        "authors": "Robert Schreiber,Beresford Parlett",
        "venue": "SIAM Journal on Numerical Analysis",
        "id": "1447316",
        "label": "0",
        "organization": "Rensselaer Polytechnic Institute, Troy, NY"
    },
    {
        "title": "An aplicaiton of systolic arrays to linear discrete Ill posed problems",
        "year": "1986",
        "authors": "Lars Eld n,Robert Schreiber",
        "venue": "SIAM Journal on Scientific and Statistical Computing",
        "id": "1453683",
        "label": "0",
        "organization": "null"
    },
    {
        "title": "Computing generalized inverses and eigenvalues of symmetric matrices using sytolic arrays",
        "year": "1985",
        "authors": "Robert Schreiber",
        "venue": "Proc. of the sixth int'l. symposium on Computing methods in applied sciences and engineering, VI",
        "id": "1453813",
        "label": "0",
        "organization": "Stanford Univ., Stanford, CA"
    },
    {
        "title": "On systolic arrays for updating the Cholesky factorization",
        "year": "1986",
        "authors": "Robert Schreiber,Wei-Pai Tang",
        "venue": "BIT",
        "id": "1467721",
        "label": "0",
        "organization": "The Royal Institute of Technology, Stockholm, Sweden"
    },
    {
        "title": "Efficient massively parallel eigenvalue computation",
        "year": "1993",
        "authors": "Yan Huo,Robert Schreiber",
        "venue": "International Journal of Supercomputer Applications and High Performance Engineering",
        "id": "1498685",
        "label": "0",
        "organization": "null"
    },
    {
        "title": "Optimal evaluation of array expressions on massively parallel machines (extended abstract)",
        "year": "1993",
        "authors": "Siddhartha Chatterjee,John R. Gilbert,Robert Schreiber,Shang-Hua Teng",
        "venue": "ACM SIGPLAN Notices",
        "id": "1504820",
        "label": "0",
        "organization": "null"
    },
    {
        "title": "Generating local addresses and communication sets for data-parallel programs",
        "year": "1993",
        "authors": "Siddhartha Chatterjee,John R. Gilbert,Fred J. E. Long,Robert Schreiber,Shang-Hua Teng",
        "venue": "ACM SIGPLAN Notices",
        "id": "1507075",
        "label": "0",
        "organization": "Research Institute for Advanced Computer Science (RIACS, NASA Ames Research Center, Moffett Field, CA"
    },
    {
        "title": "Optimal parallel solution of sparse triangular systems",
        "year": "1993",
        "authors": "Fernando L. Alvarado,Robert Schreiber",
        "venue": "SIAM Journal on Scientific Computing",
        "id": "1510627",
        "label": "0",
        "organization": "null"
    },
    {
        "title": "Efficient Methods for Out-of-Core Sparse Cholesky Factorization",
        "year": "1999",
        "authors": "Edward Rothberg,Robert Schreiber",
        "venue": "SIAM Journal on Scientific Computing",
        "id": "1545461",
        "label": "0",
        "organization": "null"
    },
    {
        "title": "A New Implementation of Sparse Gaussian Elimination",
        "year": "1982",
        "authors": "Robert Schreiber",
        "venue": "ACM Transactions on Mathematical Software (TOMS)",
        "id": "1576010",
        "label": "0",
        "organization": "Department of Computer Science, Stanford University, Stanford, CA"
    },
    {
        "title": "On the convergence of the cyclic Jacobi method for parallel block orderings",
        "year": "1989",
        "authors": "Gautham Shroff,Robert Schreiber",
        "venue": "SIAM Journal on Matrix Analysis and Applications",
        "id": "1645702",
        "label": "0",
        "organization": "null"
    },
    {
        "title": "Highly parallel sparse Cholesky factorization",
        "year": "1992",
        "authors": "John R. Gilbert,Robert Schreiber",
        "venue": "SIAM Journal on Scientific and Statistical Computing",
        "id": "1670021",
        "label": "0",
        "organization": "null"
    },
    {
        "title": "An improved Newton interaction for the generalized inverse of a Matrix, with applications",
        "year": "1991",
        "authors": "Victor Pan,Robert Schreiber",
        "venue": "SIAM Journal on Scientific and Statistical Computing",
        "id": "1675233",
        "label": "0",
        "organization": "null"
    },
    {
        "title": "Towards the Teraflops capability for CFD",
        "year": "1992",
        "authors": "Robert Schreiber,Horst D. Simon",
        "venue": "Parallel computational fluid dynamics: implementations and results",
        "id": "1683612",
        "label": "0",
        "organization": "null"
    },
    {
        "title": "Sparse matrices in matlab: design and implementation",
        "year": "1992",
        "authors": "John R. Gilbert,Cleve Moler,Robert Schreiber",
        "venue": "SIAM Journal on Matrix Analysis and Applications",
        "id": "1684055",
        "label": "0",
        "organization": "null"
    },
    {
        "title": "Generating local addresses and communication sets for data-parallel programs",
        "year": "1995",
        "authors": "Siddhartha Chatterjee,John R. Gilbert,Fred J. E. Long,Robert Schreiber,Shang-Hua Teng",
        "venue": "Journal of Parallel and Distributed Computing",
        "id": "1713221",
        "label": "0",
        "organization": "null"
    }
]