[
    {
        "title": "Running an NSF REU program: observations, comments and suggestions",
        "year": "1992",
        "authors": "David Cordes,Robert Allen",
        "venue": "ACM Southeast Regional Conference",
        "id": "6387",
        "label": "0",
        "organization": "University of Alabama, Tuscaloosa, Alabama"
    },
    {
        "title": "Specifying and Analyzing Dynamic Software Architectures",
        "year": "1998",
        "authors": "Robert Allen,Remi Douence,David Garlan",
        "venue": "FASE",
        "id": "202092",
        "label": "1",
        "organization": "null"
    },
    {
        "title": "Formalizing Architectural Connection",
        "year": "1994",
        "authors": "Robert J. Allen,David Garlan",
        "venue": "ICSE",
        "id": "361282",
        "label": "1",
        "organization": "null"
    },
    {
        "title": "Architectural Mismatch or Why It's Hard to Build Systems Out Of Existing Parts",
        "year": "1995",
        "authors": "David Garlan,Robert Allen,John Ockerbloom",
        "venue": "ICSE",
        "id": "362018",
        "label": "1",
        "organization": "Carnegie Mellon University, Pittsburgh, PA"
    },
    {
        "title": "Beyond Definition/Use: Architectural Interconnection",
        "year": "1994",
        "authors": "Robert J. Allen,David Garlan",
        "venue": "Workshop on Interface Definition Languages",
        "id": "373151",
        "label": "1",
        "organization": "null"
    },
    {
        "title": "Using Style to Understand Descriptions of Software Architecture",
        "year": "1993",
        "authors": "Gregory D. Abowd,Robert Allen,David Garlan",
        "venue": "SIGSOFT FSE",
        "id": "601053",
        "label": "1",
        "organization": "null"
    },
    {
        "title": "Formal Modeling and Analysis of the HLA Component Integration Standard",
        "year": "1998",
        "authors": "Robert Allen,David Garlan",
        "venue": "SIGSOFT FSE",
        "id": "601061",
        "label": "1",
        "organization": "null"
    },
    {
        "title": "Exploiting Style in Architectural Design Environments",
        "year": "1994",
        "authors": "David Garlan,Robert Allen,John Ockerbloom",
        "venue": "SIGSOFT FSE",
        "id": "601089",
        "label": "1",
        "organization": "null"
    },
    {
        "title": "Using an architecture description language for quantitative analysis of real-time systems",
        "year": "2002",
        "authors": "Robert Allen,Steve Vestal,Dennis Cornhill,Bruce Lewis",
        "venue": "Workshop on Software and Performance",
        "id": "666414",
        "label": "4",
        "organization": "Boeing, Seattle, WA"
    },
    {
        "title": "Neuro-fuzzy closed-loop control of depth of anaesthesia",
        "year": "2001",
        "authors": "Robert Allen,David Smith",
        "venue": "Artificial Intelligence in Medicine",
        "id": "759551",
        "label": "5",
        "organization": "null"
    },
    {
        "title": "The Web: Interactive and Multimedia Education",
        "year": "1998",
        "authors": "Robert Allen",
        "venue": "Computer Networks",
        "id": "793283",
        "label": "1",
        "organization": "null"
    },
    {
        "title": "RAVE: Real-Time Services for the Web",
        "year": "1996",
        "authors": "Paul England,Robert B. Allen,Ron Underwood",
        "venue": "Computer Networks",
        "id": "793951",
        "label": "6",
        "organization": "null"
    },
    {
        "title": "An improved algorithm for relational distance graph matching",
        "year": "1996",
        "authors": "Luigi Cinque,Dean Yasuda,Linda G. Shapiro,Steven L. Tanimoto,Robert Allen",
        "venue": "Pattern Recognition",
        "id": "1039031",
        "label": "7",
        "organization": "null"
    },
    {
        "title": "Architectural Mismatch: Why Reuse Is So Hard",
        "year": "1995",
        "authors": "David Garlan,Robert Allen,John Ockerbloom",
        "venue": "IEEE Software",
        "id": "1070805",
        "label": "1",
        "organization": "Sch. of Comput. Sci., Carnegie Mellon Univ., Pittsburgh, PA"
    },
    {
        "title": "Automated segmentation of lumbar vertebrae in digital videofluoroscopic images",
        "year": "2004",
        "authors": "Yalin Zheng,Mark S. Nixon,Robert Allen",
        "venue": "IEEE Trans. Med. Imaging",
        "id": "1115830",
        "label": "8",
        "organization": "null"
    },
    {
        "title": "A Formal Basis for Architectural Connection",
        "year": "1997",
        "authors": "Robert Allen,David Garlan",
        "venue": "ACM Trans. Softw. Eng. Methodol.",
        "id": "1124189",
        "label": "1",
        "organization": "null"
    },
    {
        "title": "Errata: A Formal Basis for Architectural Connection",
        "year": "1998",
        "authors": "Robert Allen,David Garlan",
        "venue": "ACM Trans. Softw. Eng. Methodol.",
        "id": "1124191",
        "label": "1",
        "organization": "null"
    },
    {
        "title": "A Parallel Algorithm for Graph Matching and Its MasPar Implementation",
        "year": "1997",
        "authors": "Robert Allen,Luigi Cinque,Steven L. Tanimoto,Linda G. Shapiro,Dean Yasuda",
        "venue": "IEEE Trans. Parallel Distrib. Syst.",
        "id": "1124637",
        "label": "7",
        "organization": "Hewlett-Packard Company, Palo Alto, CA"
    },
    {
        "title": "Automated tracking in digitized videofluoroscopy sequences for spine kinematic analysis",
        "year": "2009",
        "authors": "Shing Chun Benny Lam,Brendan McCane,Robert Allen",
        "venue": "Image Vision Comput.",
        "id": "1276997",
        "label": "2",
        "organization": "Institute of Sound and Vibration Research, University of Southampton, Southampton SO17 1BJ, UK"
    },
    {
        "title": "Architectural Mismatch: Why Reuse Is Still So Hard.",
        "year": "2009",
        "authors": "David Garlan,Robert Allen,John Ockerbloom",
        "venue": "IEEE Software",
        "id": "1342563",
        "label": "1",
        "organization": "IBM"
    },
    {
        "title": "Towards Formalized Software Architectures",
        "year": "1992",
        "authors": "Robert Allen,David Garlan",
        "venue": "null",
        "id": "1415167",
        "label": "1",
        "organization": "null"
    },
    {
        "title": "A Case Study in Architectural Modelling: The AEGIS System",
        "year": "1996",
        "authors": "Robert Allen,David Garlan",
        "venue": "Proceedings of the 8th International Workshop on Software Specification and Design",
        "id": "1416206",
        "label": "1",
        "organization": "Computer Science Department, Carnegie Mellon University, Pittsburgh, PA"
    },
    {
        "title": "Formal Connectors",
        "year": "1994",
        "authors": "Robert Allen,David Garlan",
        "venue": "null",
        "id": "1426360",
        "label": "1",
        "organization": "null"
    },
    {
        "title": "Writing device drivers with Turbo C",
        "year": "1990",
        "authors": "Robert Allen",
        "venue": "MS-DOS system programming (2nd ed.)",
        "id": "1503954",
        "label": "3",
        "organization": "null"
    }
]