[
    {
        "title": "A Robust and Efficient Algorithm for Image Registration",
        "year": "1997",
        "authors": "Baba C. Vemuri,S. Huang,Sartaj Sahni,Christiana Morison Leonard,C. Mohr,T. Lucas,R. L. Gilmore,J. Fitzsimmons",
        "venue": "IPMI",
        "id": "407397",
        "label": "0",
        "organization": "null"
    },
    {
        "title": "Modeling and analysis of power in multicore network processors",
        "year": "2008",
        "authors": "S. Huang,Y. Luo,W. Feng",
        "venue": "IPDPS",
        "id": "412479",
        "label": "1",
        "organization": "Dept. of Comput. Sci., Virginia Tech, Blacksburg, VA"
    },
    {
        "title": "Phatpackets for Data Transport within an HPC Network",
        "year": "2002",
        "authors": "S. Huang,Robert D. McLeod",
        "venue": "IASTED PDCS",
        "id": "533546",
        "label": "2",
        "organization": "null"
    },
    {
        "title": "Information optimization for Monte Carlo data and application to high-temperature quantum chromodynamics",
        "year": "1990",
        "authors": "S. Huang,K. J. M. Moriarty,E. Ann Myers,J. Potvin",
        "venue": "SC",
        "id": "575075",
        "label": "3",
        "organization": "Boston University"
    },
    {
        "title": "Visual Hierarchical Dimension Reduction for Exploration of High Dimensional Datasets",
        "year": "2003",
        "authors": "Jing Yang,Matthew O. Ward,Elke A. Rundensteiner,Shiping Huang",
        "venue": "VisSym",
        "id": "639055",
        "label": "4",
        "organization": "null"
    },
    {
        "title": "Model-driven business process integration and management: A case study with the Bank SinoPac regional service platform",
        "year": "2004",
        "authors": "Jun Zhu,Zhong Tian,Thomas Li,Wei Sun,Sheng Ye,Wei Ding,C. C. Wang,Gerland Wu,Leo Weng,Simon Huan,Bill Liu,Daniel Chou",
        "venue": "IBM Journal of Research and Development",
        "id": "890930",
        "label": "5",
        "organization": "null"
    },
    {
        "title": "Heuristic Approach to Sparse Approximation of Gene Regulatory Networks",
        "year": "2008",
        "authors": "M. Andrecut,S. Huang,Stuart A. Kauffman",
        "venue": "Journal of Computational Biology",
        "id": "962291",
        "label": "6",
        "organization": "null"
    },
    {
        "title": "BITS: A Binary Tree Based Web Service Composition System",
        "year": "2007",
        "authors": "A. Zhou,S. Huang,X. Wang",
        "venue": "Int. J. Web Service Res.",
        "id": "1003318",
        "label": "7",
        "organization": "null"
    },
    {
        "title": "Near boundary behavior of primal-dual potential reduction algorithms for linear programming",
        "year": "1993",
        "authors": "Yinyu Ye,Kenneth O. Kortanek,J. Kaliski,S. Huang",
        "venue": "Math. Program.",
        "id": "1014394",
        "label": "8",
        "organization": "null"
    },
    {
        "title": "An Enhanced Multiplicative Spread Spectrum Watermarking Scheme",
        "year": "2006",
        "authors": "J. Zhong,S. Huang",
        "venue": "IEEE Trans. Circuits Syst. Video Techn.",
        "id": "1097579",
        "label": "9",
        "organization": "Dept. of Comput. Sci. & Eng., Shanghai Jiaotong Univ."
    },
    {
        "title": "Optical Watermarking for Printed Document Authentication",
        "year": "2007",
        "authors": "S. Huang,J. K. Wu",
        "venue": "IEEE Transactions on Information Forensics and Security",
        "id": "1185727",
        "label": "10",
        "organization": "BearingPoint, Inc., Shanghai"
    },
    {
        "title": "Energy-Efficient Cluster Computing via Accurate Workload Characterization.",
        "year": "2009",
        "authors": "S. Huang,W. Feng",
        "venue": "null",
        "id": "1303594",
        "label": "1",
        "organization": "Dept. of Comput. Sci., Virginia Tech, Blacksburg, VA"
    },
    {
        "title": "3D Segmentation and Quantification of a Masticatory Muscle from MR Data Using Patient-Specific Models and Matching Distributions.",
        "year": "2009",
        "authors": "Hsiao Piau Ng,Sim Heng Ong,J. Liu,S. Huang,Kelvin Weng Chiong Foong,Poh-Sun Goh,Wieslaw Lucjan Nowinski",
        "venue": "J. Digital Imaging",
        "id": "1344655",
        "label": "11",
        "organization": "null"
    },
    {
        "title": "A novel methodology for transistor-level power estimation",
        "year": "1996",
        "authors": "S. Huang,K. Cheng,K. Chen,T. Lee",
        "venue": "Proceedings of the 1996 international symposium on Low power electronics and design",
        "id": "1402217",
        "label": "12",
        "organization": "Dept. of Electrical & Computer Engrineering, Univ. of California, Santa Barbara, Santa Barbara, CA"
    },
    {
        "title": "On the business value and technical challenges of adopting web services",
        "year": "2004",
        "authors": "S. Tilley,J. Gerdes,T. Hamilton,S. Huang,H. M ller,D. Smith,K. Wong",
        "venue": "Journal of Software Maintenance and Evolution: Research and Practice",
        "id": "1565532",
        "label": "13",
        "organization": "Department of Computer Science, University of California, Riverside, CA"
    },
    {
        "title": "Predictor-corrector method for linear complementarity problems with polynomial complexity and superlinear convergence",
        "year": "1995",
        "authors": "J. Ji,F. A. Potra,S. Huang",
        "venue": "Journal of Optimization Theory and Applications",
        "id": "1715503",
        "label": "14",
        "organization": "null"
    }
]