[
    {
        "title": "Learning from Multiple Sources of Inaccurate Data",
        "year": "1992",
        "authors": "Ganesh Baliga,Sanjay Jain,Arun Sharma",
        "venue": "AII",
        "id": "33498",
        "label": "0",
        "organization": "null"
    },
    {
        "title": "Strong Separation of Learning Classes",
        "year": "1992",
        "authors": "John Case,Keh-Jiann Chen,Sanjay Jain",
        "venue": "AII",
        "id": "33512",
        "label": "0",
        "organization": "null"
    },
    {
        "title": "Approximate Inference and Scientific Method",
        "year": "1990",
        "authors": "Mark A. Fulk,Sanjay Jain",
        "venue": "ALT",
        "id": "39179",
        "label": "0",
        "organization": "null"
    },
    {
        "title": "Non U-Shaped Vacillatory and Team Learning",
        "year": "2005",
        "authors": "Lorenzo Carlucci,John Case,Sanjay Jain,Frank Stephan",
        "venue": "ALT",
        "id": "39193",
        "label": "0",
        "organization": "null"
    },
    {
        "title": "Synthesizing Learners Tolerating Computable Noisy Data",
        "year": "1998",
        "authors": "John Case,Sanjay Jain",
        "venue": "ALT",
        "id": "39201",
        "label": "0",
        "organization": "null"
    },
    {
        "title": "Predictive Learning Models for Concept Drift",
        "year": "1998",
        "authors": "John Case,Sanjay Jain,Susanne Kaufmann,Arun Sharma,Frank Stephan",
        "venue": "ALT",
        "id": "39203",
        "label": "0",
        "organization": "null"
    },
    {
        "title": "Learning a Subclass of Regular Patterns in Polynomial Time",
        "year": "2003",
        "authors": "John Case,Sanjay Jain,Rudiger Reischuk,Frank Stephan,Thomas Zeugmann",
        "venue": "ALT",
        "id": "39205",
        "label": "0",
        "organization": "null"
    },
    {
        "title": "Anomalous Learning Helps Succinctness (Extended Abstract)",
        "year": "1990",
        "authors": "John Case,Sanjay Jain,Arun Sharma",
        "venue": "ALT",
        "id": "39213",
        "label": "0",
        "organization": "null"
    },
    {
        "title": "Machine Induction Without Revolutionary Paradigm Shifts",
        "year": "1995",
        "authors": "John Case,Sanjay Jain,Arun Sharma",
        "venue": "ALT",
        "id": "39215",
        "label": "0",
        "organization": "null"
    },
    {
        "title": "Vacillatory and BC Learning on Noisy Data",
        "year": "1996",
        "authors": "John Case,Sanjay Jain,Frank Stephan",
        "venue": "ALT",
        "id": "39217",
        "label": "0",
        "organization": "null"
    },
    {
        "title": "Synthesizing Noise-Tolerant Language Learners",
        "year": "1997",
        "authors": "John Case,Sanjay Jain,Arun Sharma",
        "venue": "ALT",
        "id": "39219",
        "label": "0",
        "organization": "null"
    },
    {
        "title": "Program Synthesis in the Presence of Infinite Number of Inaccuracies",
        "year": "1994",
        "authors": "Sanjay Jain",
        "venue": "AII/ALT",
        "id": "39369",
        "label": "0",
        "organization": "null"
    },
    {
        "title": "Learning with Refutation",
        "year": "1998",
        "authors": "Sanjay Jain",
        "venue": "ALT",
        "id": "39370",
        "label": "0",
        "organization": "null"
    },
    {
        "title": "Learning Languages from Positive Data and Negative Counterexamples",
        "year": "2004",
        "authors": "Sanjay Jain,Efim B. Kinber",
        "venue": "ALT",
        "id": "39371",
        "label": "0",
        "organization": "null"
    },
    {
        "title": "Learning Multiple Languages in Groups",
        "year": "2005",
        "authors": "Sanjay Jain,Efim B. Kinber",
        "venue": "ALT",
        "id": "39372",
        "label": "0",
        "organization": "null"
    },
    {
        "title": "Learning and Extending Sublanguages",
        "year": "2006",
        "authors": "Sanjay Jain,Efim B. Kinber",
        "venue": "ALT",
        "id": "39373",
        "label": "0",
        "organization": "null"
    },
    {
        "title": "Iterative Learning from Positive Data and Negative Counterexamples",
        "year": "2006",
        "authors": "Sanjay Jain,Efim B. Kinber",
        "venue": "ALT",
        "id": "39374",
        "label": "0",
        "organization": "null"
    },
    {
        "title": "On Learning and Co-learning of Minimal Programs",
        "year": "1996",
        "authors": "Sanjay Jain,Efim B. Kinber,Rolf Wiehagen",
        "venue": "ALT",
        "id": "39375",
        "label": "0",
        "organization": "null"
    },
    {
        "title": "Learning Recursive Functions Refutably",
        "year": "2001",
        "authors": "Sanjay Jain,Efim B. Kinber,Rolf Wiehagen,Thomas Zeugmann",
        "venue": "ALT",
        "id": "39376",
        "label": "0",
        "organization": "null"
    },
    {
        "title": "Learning of R.E. Languages from Good Examples",
        "year": "1997",
        "authors": "Sanjay Jain,Steffen Lange,Jochen Nessel",
        "venue": "ALT",
        "id": "39377",
        "label": "0",
        "organization": "null"
    },
    {
        "title": "Gold-Style and Query Learning Under Various Constraints on the Target Class",
        "year": "2005",
        "authors": "Sanjay Jain,Steffen Lange,Sandra Zilles",
        "venue": "ALT",
        "id": "39378",
        "label": "0",
        "organization": "null"
    },
    {
        "title": "Towards a Better Understanding of Incremental Learning",
        "year": "2006",
        "authors": "Sanjay Jain,Steffen Lange,Sandra Zilles",
        "venue": "ALT",
        "id": "39379",
        "label": "0",
        "organization": "null"
    },
    {
        "title": "Classes with Easily Learnable Subclasses",
        "year": "2002",
        "authors": "Sanjay Jain,Wolfram Menzel,Frank Stephan",
        "venue": "ALT",
        "id": "39380",
        "label": "0",
        "organization": "null"
    },
    {
        "title": "Absolute Versus Probabilistic Classification in a Logical Setting",
        "year": "2005",
        "authors": "Sanjay Jain,Eric Martin,Frank Stephan",
        "venue": "ALT",
        "id": "39381",
        "label": "0",
        "organization": "null"
    },
    {
        "title": "Learning Languages in a Union",
        "year": "2001",
        "authors": "Sanjay Jain,Yen Kaow Ng,Tiong Seng Tay",
        "venue": "ALT",
        "id": "39382",
        "label": "0",
        "organization": "null"
    },
    {
        "title": "Learning by Switching Type of Information",
        "year": "2001",
        "authors": "Sanjay Jain,Frank Stephan",
        "venue": "ALT",
        "id": "39383",
        "label": "0",
        "organization": "null"
    },
    {
        "title": "Learning How to Separate",
        "year": "2001",
        "authors": "Sanjay Jain,Frank Stephan",
        "venue": "ALT",
        "id": "39384",
        "label": "0",
        "organization": "null"
    },
    {
        "title": "Prudence in Vacillatory Language Identification (Extended Abstract)",
        "year": "1992",
        "authors": "Sanjay Jain,Arun Sharma",
        "venue": "ALT",
        "id": "39385",
        "label": "0",
        "organization": "null"
    },
    {
        "title": "On Aggregating Teams of Learning Machines",
        "year": "1993",
        "authors": "Sanjay Jain,Arun Sharma",
        "venue": "ALT",
        "id": "39386",
        "label": "0",
        "organization": "null"
    },
    {
        "title": "On Monotonic Strategies for Learning r.e. Languages",
        "year": "1994",
        "authors": "Sanjay Jain,Arun Sharma",
        "venue": "AII/ALT",
        "id": "39387",
        "label": "0",
        "organization": "null"
    },
    {
        "title": "Editors' Introduction",
        "year": "2005",
        "authors": "Sanjay Jain,Hans-Ulrich Simon,Etsuji Tomita",
        "venue": "ALT",
        "id": "39388",
        "label": "0",
        "organization": "null"
    },
    {
        "title": "One-Shot Learners Using Negative Counterexamples and Nearest Positive Examples",
        "year": "2007",
        "authors": "Sanjay Jain,Efim B. Kinber",
        "venue": "ALT",
        "id": "39666",
        "label": "0",
        "organization": "School of Computing, National University of Singapore, 117590, Singapore"
    },
    {
        "title": "Learning in Friedberg Numberings",
        "year": "2007",
        "authors": "Sanjay Jain,Frank Stephan",
        "venue": "ALT",
        "id": "39667",
        "label": "0",
        "organization": "Department of Computer Science, National University of Singapore, Singapore 117590, Republic of Singapore"
    },
    {
        "title": "Prescribed Learning of R.E. Classes",
        "year": "2007",
        "authors": "Sanjay Jain,Frank Stephan,Ye Nan",
        "venue": "ALT",
        "id": "39683",
        "label": "0",
        "organization": "null"
    },
    {
        "title": "Iterative Learning of Simple External Contextual Languages",
        "year": "2008",
        "authors": "Leonor Becerra-Bonache,John Case,Sanjay Jain,Frank Stephan",
        "venue": "ALT",
        "id": "39703",
        "label": "0",
        "organization": "Department of Computer Science, National University of Singapore, Singapore, Republic of Singapore 117590"
    },
    {
        "title": "Numberings Optimal for Learning",
        "year": "2008",
        "authors": "Sanjay Jain,Frank Stephan",
        "venue": "ALT",
        "id": "39713",
        "label": "0",
        "organization": "Department of Computer Science, National University of Singapore, Singapore, Republic of Singapore 117543"
    },
    {
        "title": "Input-Dependence in Function-Learning",
        "year": "2007",
        "authors": "Sanjay Jain,Eric Martin,Frank Stephan",
        "venue": "CiE",
        "id": "94962",
        "label": "0",
        "organization": "Department of Computer Science, National University of Singapore, Singapore 117543, Republic of Singapore"
    },
    {
        "title": "Synthesizing Enumeration Techniques for Language Learning",
        "year": "1996",
        "authors": "Ganesh Baliga,John Case,Sanjay Jain",
        "venue": "COLT",
        "id": "108618",
        "label": "0",
        "organization": "null"
    },
    {
        "title": "Memory-Limited U-Shaped Learning",
        "year": "2006",
        "authors": "Lorenzo Carlucci,John Case,Sanjay Jain,Frank Stephan",
        "venue": "COLT",
        "id": "108778",
        "label": "0",
        "organization": "null"
    },
    {
        "title": "Variations on U-Shaped Learning",
        "year": "2005",
        "authors": "Lorenzo Carlucci,Sanjay Jain,Efim B. Kinber,Frank Stephan",
        "venue": "COLT",
        "id": "108779",
        "label": "0",
        "organization": "null"
    },
    {
        "title": "Generality's Price: Inescapable Deficiencies in Machine-Learned Programs",
        "year": "2003",
        "authors": "John Case,Keh-Jiann Chen,Sanjay Jain,Wolfgang Merkle,James S. Royer",
        "venue": "COLT",
        "id": "108781",
        "label": "0",
        "organization": "null"
    },
    {
        "title": "On Learning to Coordinate: Random Bits Help, Insightful Normal Forms, and Competency Isomorphisms",
        "year": "2003",
        "authors": "John Case,Sanjay Jain,Franco Montagna,Giulia Simi,Andrea Sorbi",
        "venue": "COLT",
        "id": "108782",
        "label": "0",
        "organization": "null"
    },
    {
        "title": "Robust Learning Aided by Context",
        "year": "1998",
        "authors": "John Case,Sanjay Jain,Matthias Ott,Arun Sharma,Frank Stephan",
        "venue": "COLT",
        "id": "108783",
        "label": "0",
        "organization": "null"
    },
    {
        "title": "On Learning Limiting Programs",
        "year": "1992",
        "authors": "John Case,Sanjay Jain,Arun Sharma",
        "venue": "COLT",
        "id": "108784",
        "label": "0",
        "organization": "null"
    },
    {
        "title": "Robust Learning - Rich and Poor",
        "year": "2001",
        "authors": "John Case,Sanjay Jain,Frank Stephan,Rolf Wiehagen",
        "venue": "COLT/EuroCOLT",
        "id": "108785",
        "label": "0",
        "organization": "null"
    },
    {
        "title": "Learning in the Presence of Inaccurate Information",
        "year": "1989",
        "authors": "Mark A. Fulk,Sanjay Jain",
        "venue": "COLT",
        "id": "108909",
        "label": "0",
        "organization": "null"
    },
    {
        "title": "Intrinsic Complexity of Learning Geometrical Concepts from Positive Data",
        "year": "2001",
        "authors": "Sanjay Jain,Efim B. Kinber",
        "venue": "COLT/EuroCOLT",
        "id": "109004",
        "label": "0",
        "organization": "null"
    },
    {
        "title": "On Learning Languages from Positive Data and a Limited Number of Short Counterexamples",
        "year": "2006",
        "authors": "Sanjay Jain,Efim B. Kinber",
        "venue": "COLT",
        "id": "109005",
        "label": "0",
        "organization": "null"
    },
    {
        "title": "Language Learning From Texts: Degrees of Instrinsic Complexity and Their Characterizations",
        "year": "2000",
        "authors": "Sanjay Jain,Efim B. Kinber,Rolf Wiehagen",
        "venue": "COLT",
        "id": "109006",
        "label": "0",
        "organization": "null"
    },
    {
        "title": "Learning All Subfunctions of a Function",
        "year": "2003",
        "authors": "Sanjay Jain,Efim B. Kinber,Rolf Wiehagen",
        "venue": "COLT",
        "id": "109007",
        "label": "0",
        "organization": "null"
    },
    {
        "title": "Finite Learning by a ``Team'",
        "year": "1990",
        "authors": "Sanjay Jain,Arun Sharma",
        "venue": "COLT",
        "id": "109008",
        "label": "0",
        "organization": "null"
    },
    {
        "title": "Probability is More Powerful Than Team for Language Identification from Positive Data",
        "year": "1993",
        "authors": "Sanjay Jain,Arun Sharma",
        "venue": "COLT",
        "id": "109009",
        "label": "0",
        "organization": "null"
    },
    {
        "title": "On the Intrinsic Complexity of Language Identification",
        "year": "1994",
        "authors": "Sanjay Jain,Arun Sharma",
        "venue": "COLT",
        "id": "109010",
        "label": "0",
        "organization": "null"
    },
    {
        "title": "Elementary Formal Systems, Intrinsic Complexity, and Procrastination",
        "year": "1996",
        "authors": "Sanjay Jain,Arun Sharma",
        "venue": "COLT",
        "id": "109011",
        "label": "0",
        "organization": "null"
    },
    {
        "title": "On a Generalized Notion of Mistake Bounds",
        "year": "1999",
        "authors": "Sanjay Jain,Arun Sharma",
        "venue": "COLT",
        "id": "109012",
        "label": "0",
        "organization": "null"
    },
    {
        "title": "Convergence to Nearly Minimal Size Grammars by Vacillating Learning Machines",
        "year": "1989",
        "authors": "Sanjay Jain,Arun Sharma,John Case",
        "venue": "COLT",
        "id": "109013",
        "label": "0",
        "organization": "null"
    },
    {
        "title": "On the Power of Learning Robustly",
        "year": "1998",
        "authors": "Sanjay Jain,Carl H. Smith,Rolf Wiehagen",
        "venue": "COLT",
        "id": "109014",
        "label": "0",
        "organization": "null"
    },
    {
        "title": "Mitotic Classes",
        "year": "2007",
        "authors": "Sanjay Jain,Frank Stephan",
        "venue": "COLT",
        "id": "109382",
        "label": "0",
        "organization": "null"
    },
    {
        "title": "Learning Correction Grammars",
        "year": "2007",
        "authors": "Lorenzo Carlucci,John Case,Sanjay Jain",
        "venue": "COLT",
        "id": "109403",
        "label": "0",
        "organization": "null"
    },
    {
        "title": "Ordinal Mind Change Complexity of Language Identification",
        "year": "1997",
        "authors": "Andris Ambainis,Sanjay Jain,Arun Sharma",
        "venue": "EuroCOLT",
        "id": "192564",
        "label": "0",
        "organization": "null"
    },
    {
        "title": "Control Structures in Hypothesis Spaces: The Influence on Learning",
        "year": "1997",
        "authors": "John Case,Sanjay Jain,Mandayam Suraj",
        "venue": "EuroCOLT",
        "id": "192590",
        "label": "0",
        "organization": "null"
    },
    {
        "title": "Kolmogorov numberings and minimal identification",
        "year": "1995",
        "authors": "Rusins Freivalds,Sanjay Jain",
        "venue": "EuroCOLT",
        "id": "192598",
        "label": "0",
        "organization": "null"
    },
    {
        "title": "The structure of intrinsic complexity of learning",
        "year": "1995",
        "authors": "Sanjay Jain,Arun Sharma",
        "venue": "EuroCOLT",
        "id": "192612",
        "label": "0",
        "organization": "null"
    },
    {
        "title": "Mind Change Complexity of Learning Logic Programs",
        "year": "1999",
        "authors": "Sanjay Jain,Arun Sharma",
        "venue": "EuroCOLT",
        "id": "192613",
        "label": "0",
        "organization": "null"
    },
    {
        "title": "Complexity Issues for Vacillatory Function Identification",
        "year": "1991",
        "authors": "John Case,Sanjay Jain,Arun Sharma",
        "venue": "FSTTCS",
        "id": "219437",
        "label": "0",
        "organization": "null"
    },
    {
        "title": "On the Limitations of Locally Robust Positive Reductions",
        "year": "1989",
        "authors": "Lane A. Hemachandra,Sanjay Jain",
        "venue": "FSTTCS",
        "id": "219632",
        "label": "0",
        "organization": "null"
    },
    {
        "title": "Branch and Bound on the Network Model",
        "year": "1995",
        "authors": "Sanjay Jain",
        "venue": "FSTTCS",
        "id": "219664",
        "label": "0",
        "organization": "null"
    },
    {
        "title": "Learning Languages from Positive Data and a Finite Number of Queries",
        "year": "2004",
        "authors": "Sanjay Jain,Efim B. Kinber",
        "venue": "FSTTCS",
        "id": "219666",
        "label": "0",
        "organization": "null"
    },
    {
        "title": "Not-So-Nearly-Minimal-Size Program Inference",
        "year": "1995",
        "authors": "John Case,Mandayam Suraj,Sanjay Jain",
        "venue": "GOSLER Final Report",
        "id": "235368",
        "label": "0",
        "organization": "null"
    },
    {
        "title": "On Identification by Teams and Probabilistic Machines",
        "year": "1995",
        "authors": "Sanjay Jain,Arun Sharma",
        "venue": "GOSLER Final Report",
        "id": "235377",
        "label": "0",
        "organization": "null"
    },
    {
        "title": "Language Learning by a 'Team' (Extended Abstract)",
        "year": "1990",
        "authors": "Sanjay Jain,Arun Sharma",
        "venue": "ICALP",
        "id": "268324",
        "label": "0",
        "organization": "null"
    },
    {
        "title": "Identifying Clusters from Positive Data",
        "year": "2004",
        "authors": "John Case,Sanjay Jain,Eric Martin,Arun Sharma,Frank Stephan",
        "venue": "ICGI",
        "id": "311057",
        "label": "0",
        "organization": "null"
    },
    {
        "title": "Crowd Control: Coordinating Processes in Parallel",
        "year": "1987",
        "authors": "Thomas J. LeBlanc,Sanjay Jain",
        "venue": "ICPP",
        "id": "343558",
        "label": "0",
        "organization": "null"
    },
    {
        "title": "Machine Learning of Higher Order Programs",
        "year": "1992",
        "authors": "Ganesh Baliga,John Case,Sanjay Jain,Mandayam Suraj",
        "venue": "LFCS",
        "id": "483927",
        "label": "0",
        "organization": "null"
    },
    {
        "title": "Banishing Robust Turing Completeness",
        "year": "1992",
        "authors": "Lane A. Hemachandra,Sanjay Jain,Nikolai K. Vereshchagin",
        "venue": "LFCS",
        "id": "484009",
        "label": "0",
        "organization": "null"
    },
    {
        "title": "Performance Prediction Tools for Parallel Discrete-Event Simulation",
        "year": "1999",
        "authors": "Chu-Cheow Lim,Yoke-Hean Low,Boon-Ping Gan,Sanjay Jain,Wentong Cai,Wen-Jing Hsu,Shell-Ying Huang",
        "venue": "Workshop on Parallel and Distributed Simulation",
        "id": "526454",
        "label": "4",
        "organization": "null"
    },
    {
        "title": "Load balancing for conservative simulation on shared memory multiprocessor systems",
        "year": "2000",
        "authors": "Boon-Ping Gan,Yoke-Hean Low,Sanjay Jain,Stephen John Turner,Wentong Cai,Wen-Jing Hsu,Shell-Ying Huang",
        "venue": "PADS",
        "id": "526477",
        "label": "4",
        "organization": "Gintic Institute of Manufacturing Technology, 71 Nanyang Drive, Singapore 638075"
    },
    {
        "title": "Topology Independent Models for Parallel Computation",
        "year": "1994",
        "authors": "Chee-Kong Chui,Sanjay Jain,Raghu Raghavan",
        "venue": "Parcella",
        "id": "529009",
        "label": "1",
        "organization": "null"
    },
    {
        "title": "Team Learning of Recursive Languages",
        "year": "1996",
        "authors": "Sanjay Jain,Arun Sharma",
        "venue": "PRICAI",
        "id": "551516",
        "label": "0",
        "organization": "null"
    },
    {
        "title": "Language Learning With Some Negative Information",
        "year": "1993",
        "authors": "Ganesh Baliga,John Case,Sanjay Jain",
        "venue": "STACS",
        "id": "619840",
        "label": "0",
        "organization": "null"
    },
    {
        "title": "Costs of General Purpose Learning",
        "year": "1999",
        "authors": "John Case,Keh-Jiann Chen,Sanjay Jain",
        "venue": "STACS",
        "id": "620043",
        "label": "0",
        "organization": "null"
    },
    {
        "title": "Invertible Classes",
        "year": "2006",
        "authors": "Sanjay Jain,Jochen Nessel,Frank Stephan",
        "venue": "TAMC",
        "id": "625959",
        "label": "0",
        "organization": "null"
    },
    {
        "title": "Some Recent Results in U-Shaped Learning",
        "year": "2006",
        "authors": "Sanjay Jain,Frank Stephan",
        "venue": "TAMC",
        "id": "625961",
        "label": "0",
        "organization": "null"
    },
    {
        "title": "Hypothesis Formation and Language Acquisition with an Infinitely-Often Correct Teacher",
        "year": "1990",
        "authors": "Sanjay Jain,Arun Sharma",
        "venue": "TARK",
        "id": "626800",
        "label": "0",
        "organization": "null"
    },
    {
        "title": "Supply chain opportunities: panel session: opportunities for simulation in supply chain management",
        "year": "2002",
        "authors": "Jerry Banks,Sanjay Jain,Stephen J. Buckley,Peter Lendermann,Mani S. Manivannan",
        "venue": "Winter Simulation Conference",
        "id": "667715",
        "label": "4",
        "organization": "Virginia Tech, Alexandria, VA"
    },
    {
        "title": "Manufacturing sypply chain management: distributed supply chain simulation across enterprise boundaries",
        "year": "2000",
        "authors": "Boon-Ping Gan,Li Liu,Sanjay Jain,Stephen John Turner,Wentong Cai,Wen-Jing Hsu",
        "venue": "Winter Simulation Conference",
        "id": "668672",
        "label": "4",
        "organization": "Gintic Institute of Manufacturing Technology, SINGAPORE 638075"
    },
    {
        "title": "Supply Chain Management Tradeoffs Analysis",
        "year": "2004",
        "authors": "Sanjay Jain",
        "venue": "Winter Simulation Conference",
        "id": "669170",
        "label": "4",
        "organization": "null"
    },
    {
        "title": "Simulation in the next millennium",
        "year": "1999",
        "authors": "Sanjay Jain",
        "venue": "Winter Simulation Conference",
        "id": "669172",
        "label": "4",
        "organization": "Gintic Institute of Manufacturing Technology, 71 Nanyang Drive, Singapore 638075"
    },
    {
        "title": "Expert simulation for on-line scheduling",
        "year": "1989",
        "authors": "Sanjay Jain,Karon Barber,David Osterfeld",
        "venue": "Winter Simulation Conference",
        "id": "669173",
        "label": "4",
        "organization": "null"
    },
    {
        "title": "Experiences with Backward Simulation Based Approach for Lot Release Planning",
        "year": "1997",
        "authors": "Sanjay Jain,Stephen Chan",
        "venue": "Winter Simulation Conference",
        "id": "669174",
        "label": "4",
        "organization": "Gintic Institute of Manufacturing Technology"
    },
    {
        "title": "Manufacturing supply chain applications: modeling computer assembly operations for supply chain integration",
        "year": "2002",
        "authors": "Sanjay Jain,Ngai Fong Choong,William G. K. Lee",
        "venue": "Winter Simulation Conference",
        "id": "669175",
        "label": "4",
        "organization": "Virginia Polytechnic Institute and State University, Alexandria, VA"
    },
    {
        "title": "Analyzing the supply chain for a large logistics operation using simulation",
        "year": "2001",
        "authors": "Sanjay Jain,Eric C. Ervin,Andrew P. Lathrop,Russell W. Workman,Lisa M. Collins",
        "venue": "Winter Simulation Conference",
        "id": "669176",
        "label": "4",
        "organization": "null"
    },
    {
        "title": "Stress testing a supply chain using simulation",
        "year": "2005",
        "authors": "Sanjay Jain,Swee Leong",
        "venue": "Winter Simulation Conference",
        "id": "669177",
        "label": "4",
        "organization": "The George Washington University, NW Washington, DC"
    },
    {
        "title": "Criticality of detailed modeling in semiconductor supply chain simulation",
        "year": "1999",
        "authors": "Sanjay Jain,Chu-Cheow Lim,Boon-Ping Gan,Yoke-Hean Low",
        "venue": "Winter Simulation Conference",
        "id": "669178",
        "label": "4",
        "organization": "Gintic Institute of Manufacturing Technology, 71 Nanyang Drive, Singapore 638075"
    },
    {
        "title": "Simulation for emergency response: a framework for modeling and simulation for emergency response",
        "year": "2003",
        "authors": "Sanjay Jain,Charles McLean",
        "venue": "Winter Simulation Conference",
        "id": "669179",
        "label": "4",
        "organization": "Virginia Polytechnic Institute and State University, Falls Church, VA"
    },
    {
        "title": "Integrated simulation and gaming architecture for incident management training",
        "year": "2005",
        "authors": "Sanjay Jain,Charles R. McLean",
        "venue": "Winter Simulation Conference",
        "id": "669180",
        "label": "4",
        "organization": "The George Washington University, Washington, DC"
    },
    {
        "title": "Supply chain applications II: development of a high-level supply chain simulation model",
        "year": "2001",
        "authors": "Sanjay Jain,Russell W. Workman,Lisa M. Collins,Eric C. Ervin,Andrew P. Lathrop",
        "venue": "Winter Simulation Conference",
        "id": "669181",
        "label": "4",
        "organization": "null"
    },
    {
        "title": "Implementations of Dispatch Rules in Parallel Manufacturing Simulation",
        "year": "1998",
        "authors": "Chu-Cheow Lim,Yoke-Hean Low,Boon-Ping Gan,Sanjay Jain",
        "venue": "Winter Simulation Conference",
        "id": "669652",
        "label": "4",
        "organization": "null"
    },
    {
        "title": "A concept prototype for integrated gaming and simulation for incident management",
        "year": "2006",
        "authors": "Sanjay Jain,Charles R. McLean",
        "venue": "Winter Simulation Conference",
        "id": "671703",
        "label": "4",
        "organization": "The George Washington University, Funger Hall, Washington, DC"
    },
    {
        "title": "Distributed simulation for interoperability testing along the supply chain",
        "year": "2007",
        "authors": "Sanjay Jain,Frank Riddick,Andreas Craens,Deogratias Kibira",
        "venue": "Winter Simulation Conference",
        "id": "671980",
        "label": "4",
        "organization": "null"
    },
    {
        "title": "Tradeoffs in building a generic supply chain simulation capability",
        "year": "2008",
        "authors": "Sanjay Jain",
        "venue": "Winter Simulation Conference",
        "id": "672152",
        "label": "4",
        "organization": "The George Washington University, Washington, DC"
    },
    {
        "title": "A simulation architecture for manufacturing interoperability testing",
        "year": "2007",
        "authors": "Charles McLean,Sanjay Jain,Frank Riddick,Y. Tina Lee",
        "venue": "SCSC",
        "id": "718831",
        "label": "4",
        "organization": "National Institute of Standards and Technology, Gaithersburg, MD"
    },
    {
        "title": "Towards standards for integrated gaming and simulation for incident management",
        "year": "2007",
        "authors": "Sanjay Jain,Charles R. McLean,Y. Tina Lee",
        "venue": "SCSC",
        "id": "718898",
        "label": "4",
        "organization": "The George Washington University, Washington, DC"
    },
    {
        "title": "Hypothesis Spaces for Learning",
        "year": "2009",
        "authors": "Sanjay Jain",
        "venue": "LATA",
        "id": "722687",
        "label": "0",
        "organization": "Department of Computer Science, National University of Singapore, Singapore, Republic of Singapore 117590"
    },
    {
        "title": "Generalization and Specialization Strategies for Learning r.e. Languages",
        "year": "1998",
        "authors": "Sanjay Jain,Arun Sharma",
        "venue": "Ann. Math. Artif. Intell.",
        "id": "751716",
        "label": "0",
        "organization": "null"
    },
    {
        "title": "Extremes in the Degrees of Inferability",
        "year": "1994",
        "authors": "Lance Fortnow,William I. Gasarch,Sanjay Jain,Efim B. Kinber,Martin Kummer,Stuart A. Kurtz,Mark Pleszkovich,Theodore A. Slaman,Robert Solovay,Frank Stephan",
        "venue": "Ann. Pure Appl. Logic",
        "id": "753821",
        "label": "0",
        "organization": "null"
    },
    {
        "title": "Characterizing Language Identification in Terms of Computable Numberings",
        "year": "1997",
        "authors": "Sanjay Jain,Arun Sharma",
        "venue": "Ann. Pure Appl. Logic",
        "id": "753993",
        "label": "0",
        "organization": "null"
    },
    {
        "title": "Generality's price: Inescapable deficiencies in machine-learned programs",
        "year": "2006",
        "authors": "John Case,Keh-Jiann Chen,Sanjay Jain,Wolfgang Merkle,James S. Royer",
        "venue": "Ann. Pure Appl. Logic",
        "id": "754513",
        "label": "0",
        "organization": "null"
    },
    {
        "title": "Low degree metabolites explain essential reactions and enhance modularity in biological networks",
        "year": "2006",
        "authors": "Areejit Samal,Shalini Singh,Varun Giri,Sandeep Krishna,Nandula Raghuram,Sanjay Jain",
        "venue": "BMC Bioinformatics",
        "id": "768999",
        "label": "2",
        "organization": "null"
    },
    {
        "title": "Expert Simulation for On-Line Scheduling",
        "year": "1990",
        "authors": "Sanjay Jain,Karon Barber,David Osterfeld",
        "venue": "Commun. ACM",
        "id": "773097",
        "label": "4",
        "organization": "General Motors Technical Center"
    },
    {
        "title": "A Polynomial Time Learner for a Subclass of Regular Patterns",
        "year": "2004",
        "authors": "John Case,Sanjay Jain,Rudiger Reischuk,Frank Stephan,Thomas Zeugmann",
        "venue": "Electronic Colloquium on Computational Complexity (ECCC)",
        "id": "861433",
        "label": "0",
        "organization": "null"
    },
    {
        "title": "Identifying Clusters from Positive Data",
        "year": "2004",
        "authors": "John Case,Sanjay Jain,Eric Martin,Arun Sharma,Frank Stephan",
        "venue": "Electronic Colloquium on Computational Complexity (ECCC)",
        "id": "861453",
        "label": "0",
        "organization": "null"
    },
    {
        "title": "The Intrinsic Complexity of Learning: A Survey",
        "year": "2003",
        "authors": "Sanjay Jain",
        "venue": "Fundam. Inform.",
        "id": "881953",
        "label": "0",
        "organization": "School of Computing, National University of Singapore, Singapore 119260, Republic of Singapore"
    },
    {
        "title": "Prescribed Learning of Indexed Families",
        "year": "2008",
        "authors": "Sanjay Jain,Frank Stephan,Ye Nan",
        "venue": "Fundam. Inform.",
        "id": "882968",
        "label": "0",
        "organization": "School of Computing, National University of Singapore, Singapore 117590, Republic of Singapore. E-mails: sanjay@comp.nus.edu.sg; g0701171@nus.edu.sg"
    },
    {
        "title": "The Synthesis of Language Learners",
        "year": "1999",
        "authors": "Ganesh Baliga,John Case,Sanjay Jain",
        "venue": "Inf. Comput.",
        "id": "887112",
        "label": "0",
        "organization": "null"
    },
    {
        "title": "Incremental Concept Learning for Bounded Data Mining",
        "year": "1999",
        "authors": "John Case,Sanjay Jain,Steffen Lange,Thomas Zeugmann",
        "venue": "Inf. Comput.",
        "id": "887399",
        "label": "0",
        "organization": "null"
    },
    {
        "title": "Complexity Issues for Vacillatory Function Identification",
        "year": "1995",
        "authors": "John Case,Sanjay Jain,Arun Sharma",
        "venue": "Inf. Comput.",
        "id": "887405",
        "label": "0",
        "organization": "null"
    },
    {
        "title": "Machine Induction Without Revolutionary Changes in Hypothesis Size",
        "year": "1996",
        "authors": "John Case,Sanjay Jain,Arun Sharma",
        "venue": "Inf. Comput.",
        "id": "887407",
        "label": "0",
        "organization": "null"
    },
    {
        "title": "Approximate Inference and Scientific Method",
        "year": "1994",
        "authors": "Mark A. Fulk,Sanjay Jain",
        "venue": "Inf. Comput.",
        "id": "887908",
        "label": "0",
        "organization": "null"
    },
    {
        "title": "Robust Behaviorally Correct Learning",
        "year": "1999",
        "authors": "Sanjay Jain",
        "venue": "Inf. Comput.",
        "id": "888352",
        "label": "0",
        "organization": "null"
    },
    {
        "title": "Learning languages from positive data and a finite number of queries",
        "year": "2006",
        "authors": "Sanjay Jain,Efim B. Kinber",
        "venue": "Inf. Comput.",
        "id": "888353",
        "label": "0",
        "organization": "School of Computing, National University of Singapore, Singapore, Singapore"
    },
    {
        "title": "On the intrinsic complexity of learning recursive functions",
        "year": "2003",
        "authors": "Sanjay Jain,Efim B. Kinber,Christophe Papazian,Carl H. Smith,Rolf Wiehagen",
        "venue": "Inf. Comput.",
        "id": "888354",
        "label": "0",
        "organization": "School of Computing, National University of Singapore, 119260 Singapore"
    },
    {
        "title": "Learning all subfunctions of a function",
        "year": "2004",
        "authors": "Sanjay Jain,Efim B. Kinber,Rolf Wiehagen",
        "venue": "Inf. Comput.",
        "id": "888355",
        "label": "0",
        "organization": "School of Computing, National University of Singapore, 3 Science Drive 2, Singapore 117543, Singapore"
    },
    {
        "title": "Classes with easily learnable subclasses",
        "year": "2004",
        "authors": "Sanjay Jain,Wolfram Menzel,Frank Stephan",
        "venue": "Inf. Comput.",
        "id": "888356",
        "label": "0",
        "organization": "School of Computing, National University of Singapore, Singapore 119260, Singapore"
    },
    {
        "title": "Learning by switching type of information",
        "year": "2003",
        "authors": "Sanjay Jain,Frank Stephan",
        "venue": "Inf. Comput.",
        "id": "888357",
        "label": "0",
        "organization": "School of Computing, National University of Singapore, 3 Science Drive 2, Singapore 117543, Singapore"
    },
    {
        "title": "Learning in the Presence of Partial Explanations",
        "year": "1991",
        "authors": "Sanjay Jain,Arun Sharma",
        "venue": "Inf. Comput.",
        "id": "888358",
        "label": "0",
        "organization": "null"
    },
    {
        "title": "Learning with the Knowledge of an Upper Bound on Program Size",
        "year": "1993",
        "authors": "Sanjay Jain,Arun Sharma",
        "venue": "Inf. Comput.",
        "id": "888359",
        "label": "0",
        "organization": "null"
    },
    {
        "title": "Computational Limits on Team Identification of Languages",
        "year": "1996",
        "authors": "Sanjay Jain,Arun Sharma",
        "venue": "Inf. Comput.",
        "id": "888360",
        "label": "0",
        "organization": "null"
    },
    {
        "title": "Elementary Formal Dystems, Intrinsic Complexity, and Procrastination",
        "year": "1997",
        "authors": "Sanjay Jain,Arun Sharma",
        "venue": "Inf. Comput.",
        "id": "888361",
        "label": "0",
        "organization": "null"
    },
    {
        "title": "Counting extensional differences in BC-learning",
        "year": "2004",
        "authors": "Sanjay Jain,Frank Stephan,Sebastiaan Terwijn",
        "venue": "Inf. Comput.",
        "id": "888362",
        "label": "0",
        "organization": "null"
    },
    {
        "title": "Finite Identification of Functions by Teams with Success Ratio 1\\over2 and Above",
        "year": "1995",
        "authors": "Sanjay Jain,Arun Sharma,Mahendran Velauthapillai",
        "venue": "Inf. Comput.",
        "id": "888363",
        "label": "0",
        "organization": "null"
    },
    {
        "title": "Variations on U-shaped learning",
        "year": "2006",
        "authors": "Lorenzo Carlucci,Sanjay Jain,Efim B. Kinber,Frank Stephan",
        "venue": "Inf. Comput.",
        "id": "889905",
        "label": "0",
        "organization": "School of Computing, National University of Singapore, Singapore, Republic of Singapore"
    },
    {
        "title": "Learning in Friedberg numberings",
        "year": "2008",
        "authors": "Sanjay Jain,Frank Stephan",
        "venue": "Inf. Comput.",
        "id": "889986",
        "label": "0",
        "organization": "Department of Computer Science, National University of Singapore, Singapore 117590, Republic of Singapore"
    },
    {
        "title": "Results on memory-limited U-shaped learning",
        "year": "2007",
        "authors": "Lorenzo Carlucci,John Case,Sanjay Jain,Frank Stephan",
        "venue": "Inf. Comput.",
        "id": "890008",
        "label": "0",
        "organization": "School of Computing, National University of Singapore, Singapore 117543, Republic of Singapore"
    },
    {
        "title": "Some natural conditions on incremental learning",
        "year": "2007",
        "authors": "Sanjay Jain,Steffen Lange,Sandra Zilles",
        "venue": "Inf. Comput.",
        "id": "890011",
        "label": "0",
        "organization": "School of Computing, National University of Singapore, Singapore 117590, Singapore"
    },
    {
        "title": "Iterative learning from positive data and negative counterexamples",
        "year": "2007",
        "authors": "Sanjay Jain,Efim B. Kinber",
        "venue": "Inf. Comput.",
        "id": "890012",
        "label": "0",
        "organization": "School of Computing, National University of Singapore, Singapore 117590, Singapore"
    },
    {
        "title": "On Learning Limiting Programs",
        "year": "1992",
        "authors": "John Case,Sanjay Jain,Arun Sharma",
        "venue": "Int. J. Found. Comput. Sci.",
        "id": "908962",
        "label": "0",
        "organization": "null"
    },
    {
        "title": "On the Limitations of Locally Robust Positive Reductions",
        "year": "1991",
        "authors": "Lane A. Hemachandra,Sanjay Jain",
        "venue": "Int. J. Found. Comput. Sci.",
        "id": "909135",
        "label": "0",
        "organization": "null"
    },
    {
        "title": "Banishing Robust Turing Completeness",
        "year": "1993",
        "authors": "Lane A. Hemaspaandra,Sanjay Jain,Nikolai K. Vereshchagin",
        "venue": "Int. J. Found. Comput. Sci.",
        "id": "909146",
        "label": "0",
        "organization": "null"
    },
    {
        "title": "An Infinite Class of Functions Identifiable Using Minimal Programs in all Kolmogorov Numberings",
        "year": "1995",
        "authors": "Sanjay Jain",
        "venue": "Int. J. Found. Comput. Sci.",
        "id": "909211",
        "label": "0",
        "organization": "null"
    },
    {
        "title": "Minimal Concept Identification and Reliability",
        "year": "1998",
        "authors": "Sanjay Jain",
        "venue": "Int. J. Found. Comput. Sci.",
        "id": "909212",
        "label": "0",
        "organization": "null"
    },
    {
        "title": "On a Question About Learning Nearly Minimal Programs",
        "year": "1995",
        "authors": "Sanjay Jain",
        "venue": "Inf. Process. Lett.",
        "id": "931927",
        "label": "0",
        "organization": "null"
    },
    {
        "title": "On a Question of Nearly Minimal Identification of Functions",
        "year": "1999",
        "authors": "Sanjay Jain",
        "venue": "Inf. Process. Lett.",
        "id": "931928",
        "label": "0",
        "organization": "null"
    },
    {
        "title": "On the Non-Existence of Maximal Inference Degrees for Language Identification",
        "year": "1993",
        "authors": "Sanjay Jain,Arun Sharma",
        "venue": "Inf. Process. Lett.",
        "id": "931929",
        "label": "0",
        "organization": "null"
    },
    {
        "title": "On some open problems in reflective inductive inference",
        "year": "2009",
        "authors": "Sanjay Jain",
        "venue": "Inf. Process. Lett.",
        "id": "935214",
        "label": "0",
        "organization": "School of Computing, National University of Singapore, Singapore 117590"
    },
    {
        "title": "Analytic evaluation of the expectation and variance of different performance measures of a schedule on a single machine under processing time variability",
        "year": "2009",
        "authors": "Subhash C. Sarin,Balaji Nagarajan,Sanjay Jain,Lingrui Liao",
        "venue": "J. Comb. Optim.",
        "id": "970373",
        "label": "4",
        "organization": "null"
    },
    {
        "title": "Language Learning with Some Negative Information",
        "year": "1995",
        "authors": "Ganesh Baliga,John Case,Sanjay Jain",
        "venue": "J. Comput. Syst. Sci.",
        "id": "971443",
        "label": "0",
        "organization": "null"
    },
    {
        "title": "Synthesizing Learners Tolerating Computable Noisy Data",
        "year": "2001",
        "authors": "John Case,Sanjay Jain",
        "venue": "J. Comput. Syst. Sci.",
        "id": "971658",
        "label": "0",
        "organization": "null"
    },
    {
        "title": "On learning to coordinate: random bits help, insightful normal forms, and competency isomorphisms",
        "year": "2005",
        "authors": "John Case,Sanjay Jain,Franco Montagna,Giulia Simi,Andrea Sorbi",
        "venue": "J. Comput. Syst. Sci.",
        "id": "971659",
        "label": "0",
        "organization": "Department of Computer Science, School of Computing, National University of Singapore, Singapore 117543, Republic of Singapore"
    },
    {
        "title": "Robust Learning Aided by Context",
        "year": "2000",
        "authors": "John Case,Sanjay Jain,Matthias Ott,Arun Sharma,Frank Stephan",
        "venue": "J. Comput. Syst. Sci.",
        "id": "971660",
        "label": "0",
        "organization": "null"
    },
    {
        "title": "Vacillatory Learning of Nearly Minimal Size Grammars",
        "year": "1994",
        "authors": "John Case,Sanjay Jain,Arun Sharma",
        "venue": "J. Comput. Syst. Sci.",
        "id": "971661",
        "label": "0",
        "organization": "null"
    },
    {
        "title": "Robust learning--rich and poor",
        "year": "2004",
        "authors": "John Case,Sanjay Jain,Frank Stephan,Rolf Wiehagen",
        "venue": "J. Comput. Syst. Sci.",
        "id": "971662",
        "label": "0",
        "organization": "null"
    },
    {
        "title": "Open Problems in 'Systems That Learn",
        "year": "1994",
        "authors": "Mark A. Fulk,Sanjay Jain,Daniel N. Osherson",
        "venue": "J. Comput. Syst. Sci.",
        "id": "971971",
        "label": "0",
        "organization": "null"
    },
    {
        "title": "Program Synthesis in the Presence of Infinite Number of Inaccuracies",
        "year": "1996",
        "authors": "Sanjay Jain",
        "venue": "J. Comput. Syst. Sci.",
        "id": "972297",
        "label": "0",
        "organization": "null"
    },
    {
        "title": "Learning with Refutation",
        "year": "1998",
        "authors": "Sanjay Jain",
        "venue": "J. Comput. Syst. Sci.",
        "id": "972299",
        "label": "0",
        "organization": "null"
    },
    {
        "title": "Intrinsic complexity of learning geometrical concepts from positive data",
        "year": "2003",
        "authors": "Sanjay Jain,Efim B. Kinber",
        "venue": "J. Comput. Syst. Sci.",
        "id": "972301",
        "label": "0",
        "organization": "Department of Computer Science, School of Computing, National University of Singapore, Lower Kent Ridge Road, Singapore 119260, Singapore"
    },
    {
        "title": "Language Learning from Texts: Degrees of Intrinsic Complexity and Their Characterizations",
        "year": "2001",
        "authors": "Sanjay Jain,Efim B. Kinber,Rolf Wiehagen",
        "venue": "J. Comput. Syst. Sci.",
        "id": "972303",
        "label": "0",
        "organization": "null"
    },
    {
        "title": "Characterizing Language Identification by Standardizing Operations",
        "year": "1994",
        "authors": "Sanjay Jain,Arun Sharma",
        "venue": "J. Comput. Syst. Sci.",
        "id": "972305",
        "label": "0",
        "organization": "null"
    },
    {
        "title": "The Intrinsic Complexity of Language Identification",
        "year": "1996",
        "authors": "Sanjay Jain,Arun Sharma",
        "venue": "J. Comput. Syst. Sci.",
        "id": "972307",
        "label": "0",
        "organization": "null"
    },
    {
        "title": "Robust Learning Is Rich",
        "year": "2001",
        "authors": "Sanjay Jain,Carl H. Smith,Rolf Wiehagen",
        "venue": "J. Comput. Syst. Sci.",
        "id": "972309",
        "label": "0",
        "organization": "null"
    },
    {
        "title": "Learning languages in a union",
        "year": "2007",
        "authors": "Sanjay Jain,Yen Kaow Ng,Tiong Seng Tay",
        "venue": "J. Comput. Syst. Sci.",
        "id": "973188",
        "label": "0",
        "organization": "School of Computing, National University of Singapore, Singapore 119260, Singapore"
    },
    {
        "title": "Non-U-shaped vacillatory and team learning",
        "year": "2008",
        "authors": "Lorenzo Carlucci,John Case,Sanjay Jain,Frank Stephan",
        "venue": "J. Comput. Syst. Sci.",
        "id": "973255",
        "label": "0",
        "organization": "School of Computing, National University of Singapore, 3 Science Drive 2, Singapore 117543, Republic of Singapore"
    },
    {
        "title": "Learning languages from positive data and negative counterexamples",
        "year": "2008",
        "authors": "Sanjay Jain,Efim B. Kinber",
        "venue": "J. Comput. Syst. Sci.",
        "id": "973327",
        "label": "0",
        "organization": "School of Computing, National University of Singapore, Singapore 117543, Singapore"
    },
    {
        "title": "Strong separation of learning classes",
        "year": "1992",
        "authors": "John Case,Keh-Jiann Chen,Sanjay Jain",
        "venue": "J. Exp. Theor. Artif. Intell.",
        "id": "980352",
        "label": "0",
        "organization": "null"
    },
    {
        "title": "On an open problem in classification of languages",
        "year": "2001",
        "authors": "Sanjay Jain",
        "venue": "J. Exp. Theor. Artif. Intell.",
        "id": "980388",
        "label": "0",
        "organization": "null"
    },
    {
        "title": "Strong monotonic and set-driven inductive inference",
        "year": "1997",
        "authors": "Sanjay Jain",
        "venue": "J. Exp. Theor. Artif. Intell.",
        "id": "980390",
        "label": "0",
        "organization": "null"
    },
    {
        "title": "Machine Learning of Higher-Order Programs",
        "year": "1994",
        "authors": "Ganesh Baliga,John Case,Sanjay Jain,Mandayam Suraj",
        "venue": "J. Symb. Log.",
        "id": "998211",
        "label": "0",
        "organization": "null"
    },
    {
        "title": "Some Independence Results for Control Structures in Complete Numberings",
        "year": "2001",
        "authors": "Sanjay Jain,Jochen Nessel",
        "venue": "J. Symb. Log.",
        "id": "999575",
        "label": "0",
        "organization": "null"
    },
    {
        "title": "The Structure of Intrinsic Complexity of Learning",
        "year": "1997",
        "authors": "Sanjay Jain,Arun Sharma",
        "venue": "J. Symb. Log.",
        "id": "999577",
        "label": "0",
        "organization": "null"
    },
    {
        "title": "Team Learning of Computable Languages",
        "year": "2000",
        "authors": "Sanjay Jain,Arun Sharma",
        "venue": "Theory Comput. Syst.",
        "id": "1015648",
        "label": "0",
        "organization": "null"
    },
    {
        "title": "Prudence in Vacillatory Language Identification",
        "year": "1995",
        "authors": "Sanjay Jain,Arun Sharma",
        "venue": "Mathematical Systems Theory",
        "id": "1015649",
        "label": "0",
        "organization": "null"
    },
    {
        "title": "Learning from Multiple Sources of Inaccurate Data",
        "year": "1997",
        "authors": "Ganesh Baliga,Sanjay Jain,Arun Sharma",
        "venue": "SIAM J. Comput.",
        "id": "1058514",
        "label": "0",
        "organization": "null"
    },
    {
        "title": "Identifying Clusters from Positive Data",
        "year": "2006",
        "authors": "John Case,Sanjay Jain,Eric Martin,Arun Sharma,Frank Stephan",
        "venue": "SIAM J. Comput.",
        "id": "1058793",
        "label": "0",
        "organization": "null"
    },
    {
        "title": "Mitotic Classes in Inductive Inference",
        "year": "2008",
        "authors": "Sanjay Jain,Frank Stephan",
        "venue": "SIAM J. Comput.",
        "id": "1060860",
        "label": "0",
        "organization": "null"
    },
    {
        "title": "Ordinal Mind Change Complexity of Language Identification",
        "year": "1999",
        "authors": "Andris Ambainis,Sanjay Jain,Arun Sharma",
        "venue": "Theor. Comput. Sci.",
        "id": "1088841",
        "label": "0",
        "organization": "null"
    },
    {
        "title": "Preface",
        "year": "2005",
        "authors": "Hiroki Arimura,Sanjay Jain",
        "venue": "Theor. Comput. Sci.",
        "id": "1088921",
        "label": "0",
        "organization": "null"
    },
    {
        "title": "Costs of general purpose learning",
        "year": "2001",
        "authors": "John Case,Keh-Jiann Chen,Sanjay Jain",
        "venue": "Theor. Comput. Sci.",
        "id": "1089922",
        "label": "0",
        "organization": "null"
    },
    {
        "title": "Predictive learning models for concept drift",
        "year": "2001",
        "authors": "John Case,Sanjay Jain,Susanne Kaufmann,Arun Sharma,Frank Stephan",
        "venue": "Theor. Comput. Sci.",
        "id": "1089923",
        "label": "0",
        "organization": "Univ. of Singapore, Singapore"
    },
    {
        "title": "Vacillatory and BC learning on noisy data",
        "year": "2000",
        "authors": "John Case,Sanjay Jain,Frank Stephan",
        "venue": "Theor. Comput. Sci.",
        "id": "1089924",
        "label": "0",
        "organization": "National Univ. of Singapore, Singapore"
    },
    {
        "title": "Synthesizing noise-tolerant language learners",
        "year": "2001",
        "authors": "John Case,Sanjay Jain,Arun Sharma",
        "venue": "Theor. Comput. Sci.",
        "id": "1089925",
        "label": "0",
        "organization": "National Univ. of Singapore, Singapore"
    },
    {
        "title": "Control structures in hypothesis spaces: the influence on learning",
        "year": "2002",
        "authors": "John Case,Sanjay Jain,Mandayam Suraj",
        "venue": "Theor. Comput. Sci.",
        "id": "1089926",
        "label": "0",
        "organization": "National Univ. of Signapore, Singapore, Republic of Singapore"
    },
    {
        "title": "Anomalous Learning Helps Succinctness",
        "year": "1996",
        "authors": "John Case,Sanjay Jain,Arun Sharma",
        "venue": "Theor. Comput. Sci.",
        "id": "1089927",
        "label": "0",
        "organization": "null"
    },
    {
        "title": "Kolmogorov Numberings and Minimal Identification",
        "year": "1997",
        "authors": "Rusins Freivalds,Sanjay Jain",
        "venue": "Theor. Comput. Sci.",
        "id": "1091264",
        "label": "0",
        "organization": "null"
    },
    {
        "title": "Learning in the Presence of Inaccurate Information",
        "year": "1996",
        "authors": "Mark A. Fulk,Sanjay Jain",
        "venue": "Theor. Comput. Sci.",
        "id": "1091310",
        "label": "0",
        "organization": "null"
    },
    {
        "title": "Branch and bound on the network model",
        "year": "2001",
        "authors": "Sanjay Jain",
        "venue": "Theor. Comput. Sci.",
        "id": "1092297",
        "label": "0",
        "organization": "National Univ. of Singapore, Singapore, Singapore"
    },
    {
        "title": "Learning languages and functions by erasing",
        "year": "2000",
        "authors": "Sanjay Jain,Efim B. Kinber,Steffen Lange,Rolf Wiehagen,Thomas Zeugmann",
        "venue": "Theor. Comput. Sci.",
        "id": "1092298",
        "label": "0",
        "organization": "National Univ. of Singapore, Singapore"
    },
    {
        "title": "On learning of functions refutably",
        "year": "2003",
        "authors": "Sanjay Jain,Efim B. Kinber,Rolf Wiehagen,Thomas Zeugmann",
        "venue": "Theor. Comput. Sci.",
        "id": "1092299",
        "label": "0",
        "organization": "null"
    },
    {
        "title": "On the learnability of recursively enumerable languages from good examples",
        "year": "2001",
        "authors": "Sanjay Jain,Steffen Lange,Jochen Nessel",
        "venue": "Theor. Comput. Sci.",
        "id": "1092300",
        "label": "0",
        "organization": "National Univ. of Singapore, Singapore"
    },
    {
        "title": "Mind change complexity of learning logic programs",
        "year": "2002",
        "authors": "Sanjay Jain,Arun Sharma",
        "venue": "Theor. Comput. Sci.",
        "id": "1092301",
        "label": "0",
        "organization": "School of Computing, National University of Singapore, Singapore 119260, Republic of Singapore"
    },
    {
        "title": "Learning how to separate",
        "year": "2004",
        "authors": "Sanjay Jain,Frank Stephan",
        "venue": "Theor. Comput. Sci.",
        "id": "1092302",
        "label": "0",
        "organization": "School of Computing, National University of Singapore, Singapore 119260, Singapore"
    },
    {
        "title": "Program Size Restrictions in Computational Learning",
        "year": "1994",
        "authors": "Sanjay Jain,Arun Sharma",
        "venue": "Theor. Comput. Sci.",
        "id": "1092303",
        "label": "0",
        "organization": "null"
    },
    {
        "title": "On Aggregating Teams of Learning Machines",
        "year": "1995",
        "authors": "Sanjay Jain,Arun Sharma",
        "venue": "Theor. Comput. Sci.",
        "id": "1092304",
        "label": "0",
        "organization": "null"
    },
    {
        "title": "Learning a subclass of regular patterns in polynomial time",
        "year": "2006",
        "authors": "John Case,Sanjay Jain,Rudiger Reischuk,Frank Stephan,Thomas Zeugmann",
        "venue": "Theor. Comput. Sci.",
        "id": "1095557",
        "label": "0",
        "organization": "School of Computing, National University of Singapore, Singapore, Singapore"
    },
    {
        "title": "Invertible classes",
        "year": "2007",
        "authors": "Sanjay Jain,Jochen Nessel,Frank Stephan",
        "venue": "Theor. Comput. Sci.",
        "id": "1095815",
        "label": "0",
        "organization": "null"
    },
    {
        "title": "Learning multiple languages in groups",
        "year": "2007",
        "authors": "Sanjay Jain,Efim B. Kinber",
        "venue": "Theor. Comput. Sci.",
        "id": "1095864",
        "label": "0",
        "organization": "School of Computing, National University of Singapore, Singapore 117590, Singapore"
    },
    {
        "title": "A general comparison of language learning from examples and from queries",
        "year": "2007",
        "authors": "Sanjay Jain,Steffen Lange,Sandra Zilles",
        "venue": "Theor. Comput. Sci.",
        "id": "1095877",
        "label": "0",
        "organization": "School of Computing, National University of Singapore, Singapore 117590, Singapore"
    },
    {
        "title": "Learning languages from positive data and a limited number of short counterexamples",
        "year": "2007",
        "authors": "Sanjay Jain,Efim B. Kinber",
        "venue": "Theor. Comput. Sci.",
        "id": "1095922",
        "label": "0",
        "organization": "School of Computing, National University of Singapore, Singapore 117590, Singapore"
    },
    {
        "title": "Learning and extending sublanguages",
        "year": "2008",
        "authors": "Sanjay Jain,Efim B. Kinber",
        "venue": "Theor. Comput. Sci.",
        "id": "1096072",
        "label": "0",
        "organization": "School of Computing, National University of Singapore, 3 Science Drive 2, Singapore 117543, Singapore"
    },
    {
        "title": "Absolute versus probabilistic classification in a logical setting",
        "year": "2008",
        "authors": "Sanjay Jain,Eric Martin,Frank Stephan",
        "venue": "Theor. Comput. Sci.",
        "id": "1096079",
        "label": "0",
        "organization": "School of Computing, National University of Singapore, Singapore 117590, Republic of Singapore"
    },
    {
        "title": "Prescribed learning of r.e. classes",
        "year": "2009",
        "authors": "Sanjay Jain,Frank Stephan,Ye Nan",
        "venue": "Theor. Comput. Sci.",
        "id": "1096552",
        "label": "0",
        "organization": "null"
    },
    {
        "title": "One-shot learners using negative counterexamples and nearest positive examples",
        "year": "2009",
        "authors": "Sanjay Jain,Efim B. Kinber",
        "venue": "Theor. Comput. Sci.",
        "id": "1227594",
        "label": "0",
        "organization": "School of Computing, National University of Singapore, Singapore 117417, Singapore"
    },
    {
        "title": "Uncountable Automatic Classes and Learning",
        "year": "2009",
        "authors": "Sanjay Jain,Qinglong Luo,Pavel Semukhin,Frank Stephan",
        "venue": "ALT",
        "id": "1237536",
        "label": "0",
        "organization": "null"
    },
    {
        "title": "Iterative Learning from Texts and Counterexamples Using Additional Information",
        "year": "2009",
        "authors": "Sanjay Jain,Efim B. Kinber",
        "venue": "ALT",
        "id": "1237540",
        "label": "0",
        "organization": "null"
    },
    {
        "title": "Learning from Streams",
        "year": "2009",
        "authors": "Sanjay Jain,Frank Stephan,Nan Ye",
        "venue": "ALT",
        "id": "1237546",
        "label": "0",
        "organization": "null"
    },
    {
        "title": "Index Sets and Universal Numberings",
        "year": "2009",
        "authors": "Sanjay Jain,Frank Stephan,Jason Teutsch",
        "venue": "CiE",
        "id": "1239195",
        "label": "0",
        "organization": "Department of Computer Science, National University of Singapore, Singapore, Republic of Singapore 117417"
    },
    {
        "title": "On some open problems in monotonic and conservative learning",
        "year": "2009",
        "authors": "Sanjay Jain",
        "venue": "Inf. Process. Lett.",
        "id": "1276130",
        "label": "0",
        "organization": "School of Computing, National University of Singapore, Singapore 117417"
    },
    {
        "title": "Components of an Incident Management Simulation and Gaming Framework and Related Developments",
        "year": "2008",
        "authors": "Sanjay Jain,Charles R. McLean",
        "venue": "Simulation",
        "id": "1280724",
        "label": "4",
        "organization": "Department of Decision Sciences School of Business GeorgeWashington University Washington, DC 20052, USA"
    },
    {
        "title": "Input-Dependence in Function-Learning.",
        "year": "2009",
        "authors": "Sanjay Jain,Eric Martin,Frank Stephan",
        "venue": "Theory Comput. Syst.",
        "id": "1340782",
        "label": "0",
        "organization": "National University of Singapore, Department of Computer Science, 117417, Singapore, Republic of Singapore"
    },
    {
        "title": "Joint Bidding in the Name-Your-Own-Price Channel: A Strategic Analysis.",
        "year": "2008",
        "authors": "Wilfred Amaldoss,Sanjay Jain",
        "venue": "Management Science",
        "id": "1347884",
        "label": "3",
        "organization": "null"
    },
    {
        "title": "Elementary formal systems, intrinsic complexity, and procrastination",
        "year": "1997",
        "authors": "Sanjay Jain,Arun Sharma",
        "venue": "Information and Computation",
        "id": "1397352",
        "label": "0",
        "organization": "null"
    },
    {
        "title": "Evolutionary games with two timescales",
        "year": "1999",
        "authors": "Vivek S. Borkar,Sanjay Jain,Govindan Rangarajan",
        "venue": "Physica D",
        "id": "1550187",
        "label": "2",
        "organization": "null"
    },
    {
        "title": "David vs. Goliath: An Analysis of Asymmetric Mixed-Strategy Games and Experimental Evidence",
        "year": "2002",
        "authors": "Wilfred Amaldoss,Sanjay Jain",
        "venue": "Management Science",
        "id": "1560270",
        "label": "3",
        "organization": "null"
    },
    {
        "title": "Pricing of Information Products on Online Servers: Issues, Models, and Analysis",
        "year": "2002",
        "authors": "Sanjay Jain,P. K. Kannan",
        "venue": "Management Science",
        "id": "1565714",
        "label": "3",
        "organization": "null"
    },
    {
        "title": "Prescribed Learning of R.E. Classes",
        "year": "2007",
        "authors": "Sanjay Jain,Frank Stephan,Nan Ye",
        "venue": "Proceedings of the 18th international conference on Algorithmic Learning Theory",
        "id": "1596224",
        "label": "0",
        "organization": "Department of Computer Science, National University of Singapore, Singapore 117590, Republic of, Singapore"
    },
    {
        "title": "Learning in the presence of additional information and inaccurate information",
        "year": "1991",
        "authors": "Sanjay Jain",
        "venue": "null",
        "id": "1661807",
        "label": "0",
        "organization": "null"
    },
    {
        "title": "Finite identification of functions by teams with success ratio 1/2 and above",
        "year": "1995",
        "authors": "Sanjay Jain,Arun Sharma,Mahendran Velauthapillai",
        "venue": "Information and Computation",
        "id": "1711503",
        "label": "0",
        "organization": "null"
    },
    {
        "title": "Using simulation generators for modeling flexible manufacturing systems",
        "year": "1994",
        "authors": "William J. Foley,Sanjay Jain,Jorge Haddock",
        "venue": "Progress in simulation (vol. 2)",
        "id": "1719033",
        "label": "4",
        "organization": "null"
    }
]