[
    {
        "title": "Locality, Reversibility, and Beyond: Learning Languages from Positive Data",
        "year": "1998",
        "authors": "Tom Head,Satoshi Kobayashi,Takashi Yokomori",
        "venue": "ALT",
        "id": "39343",
        "label": "0",
        "organization": "null"
    },
    {
        "title": "Learning Strategies Using Decision Lists",
        "year": "1993",
        "authors": "Satoshi Kobayashi",
        "venue": "ALT",
        "id": "39414",
        "label": "0",
        "organization": "null"
    },
    {
        "title": "Learning Concatenations of Locally Testable Languages from Positive Data",
        "year": "1994",
        "authors": "Satoshi Kobayashi,Takashi Yokomori",
        "venue": "AII/ALT",
        "id": "39415",
        "label": "0",
        "organization": "null"
    },
    {
        "title": "On Approximately Identifying Concept Classes in the Limit",
        "year": "1995",
        "authors": "Satoshi Kobayashi,Takashi Yokomori",
        "venue": "ALT",
        "id": "39416",
        "label": "0",
        "organization": "null"
    },
    {
        "title": "Identifiability of Subspaces and Homomorphic Images of Zero-Reversible Languages",
        "year": "1997",
        "authors": "Satoshi Kobayashi,Takashi Yokomori",
        "venue": "ALT",
        "id": "39417",
        "label": "0",
        "organization": "null"
    },
    {
        "title": "Semantic Wiki as a Lightweight Knowledge Management System",
        "year": "2006",
        "authors": "Hendry Muljadi,Hideaki Takeda,Aman Shakya,Shoko Kawamoto,Satoshi Kobayashi,Asao Fujiyama,Koichi Ando",
        "venue": "ASWC",
        "id": "54612",
        "label": "2",
        "organization": "null"
    },
    {
        "title": "An Algorithm for Testing Structure Freeness of Biomolecular Sequences",
        "year": "2004",
        "authors": "Satoshi Kobayashi,Takashi Yokomori,Yasubumi Sakakibara",
        "venue": "Aspects of Molecular Computing",
        "id": "66087",
        "label": "0",
        "organization": "null"
    },
    {
        "title": "A Magic Pot : Self-assembly Computation Revisited",
        "year": "2002",
        "authors": "Takashi Yokomori,Yasubumi Sakakibara,Satoshi Kobayashi",
        "venue": "Formal and Natural Computing",
        "id": "66552",
        "label": "0",
        "organization": "null"
    },
    {
        "title": "Testing Structure Freeness of Regular Sets of Biomolecular Sequences",
        "year": "2004",
        "authors": "Satoshi Kobayashi",
        "venue": "DNA",
        "id": "159133",
        "label": "0",
        "organization": "null"
    },
    {
        "title": "On Template Method for DNA Sequence Design",
        "year": "2002",
        "authors": "Satoshi Kobayashi,Tomohiro Kondo,Masanori Arita",
        "venue": "DNA",
        "id": "159150",
        "label": "0",
        "organization": "null"
    },
    {
        "title": "Horn Clause Computation by Self-assembly of DNA Molecules",
        "year": "2001",
        "authors": "Hiroki Uejima,Masami Hagiya,Satoshi Kobayashi",
        "venue": "DNA",
        "id": "159255",
        "label": "0",
        "organization": "null"
    },
    {
        "title": "Efficient Algorithm for Testing Structure Freeness of Finite Set of Biomolecular Sequences",
        "year": "2005",
        "authors": "Atsushi Kijima,Satoshi Kobayashi",
        "venue": "DNA",
        "id": "159344",
        "label": "0",
        "organization": "null"
    },
    {
        "title": "A New Translation for Semi-classical Theories - Backtracking without CPS",
        "year": "2008",
        "authors": "Satoshi Kobayashi",
        "venue": "FLOPS",
        "id": "208395",
        "label": "3",
        "organization": "null"
    },
    {
        "title": "Learning Local Languages and its Application to Protein \\alpha-Chain Identification",
        "year": "1994",
        "authors": "Takashi Yokomori,Nobuyuki Ishida,Satoshi Kobayashi",
        "venue": "HICSS (5)",
        "id": "249016",
        "label": "0",
        "organization": "null"
    },
    {
        "title": "Iterated Transductions and Efficient Learning from Positive Data: A Unifying View",
        "year": "2000",
        "authors": "Satoshi Kobayashi",
        "venue": "ICGI",
        "id": "311062",
        "label": "0",
        "organization": "null"
    },
    {
        "title": "Efficient Learning of k-Reversible Context-Free Grammars from Positive Structural Examples",
        "year": "2004",
        "authors": "Shinnosuke Seki,Satoshi Kobayashi",
        "venue": "ICGI",
        "id": "311135",
        "label": "0",
        "organization": "null"
    },
    {
        "title": "Learning Decision Lists over Tree Patterns and Its Application",
        "year": "1993",
        "authors": "Satoshi Kobayashi,Koichi Hori,Setsuo Ohsuga",
        "venue": "IJCAI",
        "id": "389238",
        "label": "0",
        "organization": "null"
    },
    {
        "title": "On the Universality of Post and Splicing Systems",
        "year": "1998",
        "authors": "Claudio Ferretti,Giancarlo Mauri,Satoshi Kobayashi,Takashi Yokomori",
        "venue": "MCU (2)",
        "id": "491230",
        "label": "0",
        "organization": "null"
    },
    {
        "title": "A Characterization of the Language Classes Learnable with Correction Queries",
        "year": "2007",
        "authors": "Cristina Tirnauca,Satoshi Kobayashi",
        "venue": "TAMC",
        "id": "625956",
        "label": "0",
        "organization": "null"
    },
    {
        "title": "Towards a Semantic Wiki-Based Japanese Biodictionary",
        "year": "2006",
        "authors": "Hendry Muljadi,Hideaki Takeda,Shoko Kawamoto,Satoshi Kobayashi,Asao Fujiyama",
        "venue": "SemWiki",
        "id": "706428",
        "label": "2",
        "organization": "null"
    },
    {
        "title": "Two Extensions of PX system",
        "year": "1996",
        "authors": "Susumu Hayashi,Masakazu Ishikawa,Satoshi Kobayashi,Hiroshi Nakano,Syuichi Nakazaki",
        "venue": "Electr. Notes Theor. Comput. Sci.",
        "id": "867645",
        "label": "1",
        "organization": "null"
    },
    {
        "title": "A Grammatical Approach to the Alignment of Structure-Annotated Strings",
        "year": "2005",
        "authors": "Shinnosuke Seki,Satoshi Kobayashi",
        "venue": "IEICE Transactions",
        "id": "897512",
        "label": "0",
        "organization": "The authors are with the Department of Computer Science, University of Electro-Communications, Chofu-shi, 182--8585 Japan. E-mail: shinnosuke@comp.cs.uec.ac.jp"
    },
    {
        "title": "Families of Noncounting Languages and Their Learnability from Positive Data",
        "year": "1996",
        "authors": "Satoshi Kobayashi,Takashi Yokomori",
        "venue": "Int. J. Found. Comput. Sci.",
        "id": "909247",
        "label": "0",
        "organization": "null"
    },
    {
        "title": "Horn Clause Computation with DNA Molecules",
        "year": "1999",
        "authors": "Satoshi Kobayashi",
        "venue": "J. Comb. Optim.",
        "id": "970123",
        "label": "0",
        "organization": "null"
    },
    {
        "title": "DNA Sequence Design Using Templates",
        "year": "2002",
        "authors": "Masanori Arita,Satoshi Kobayashi",
        "venue": "New Generation Comput.",
        "id": "1024987",
        "label": "0",
        "organization": "null"
    },
    {
        "title": "Learning Local Languages and Their Application to DNA Sequence Analysis",
        "year": "1998",
        "authors": "Takashi Yokomori,Satoshi Kobayashi",
        "venue": "IEEE Trans. Pattern Anal. Mach. Intell.",
        "id": "1033423",
        "label": "0",
        "organization": "Tokyo Denki Univ., Saitama, Japan"
    },
    {
        "title": "Sticker systems with complex structures",
        "year": "2001",
        "authors": "Yasubumi Sakakibara,Satoshi Kobayashi",
        "venue": "Soft Comput.",
        "id": "1069796",
        "label": "0",
        "organization": "null"
    },
    {
        "title": "On the universality of Post and splicing systems",
        "year": "2000",
        "authors": "Claudio Ferretti,Giancarlo Mauri,Satoshi Kobayashi,Takashi Yokomori",
        "venue": "Theor. Comput. Sci.",
        "id": "1091071",
        "label": "0",
        "organization": "null"
    },
    {
        "title": "Monad as Modality",
        "year": "1997",
        "authors": "Satoshi Kobayashi",
        "venue": "Theor. Comput. Sci.",
        "id": "1092653",
        "label": "1",
        "organization": "null"
    },
    {
        "title": "Formal properties of PA-matching",
        "year": "2001",
        "authors": "Satoshi Kobayashi,Victor Mitrana,Gheorghe Paun,Grzegorz Rozenberg",
        "venue": "Theor. Comput. Sci.",
        "id": "1092656",
        "label": "0",
        "organization": "null"
    },
    {
        "title": "Multiple splicing systems and the universal computability",
        "year": "2001",
        "authors": "Satoshi Kobayashi,Yasubumi Sakakibara",
        "venue": "Theor. Comput. Sci.",
        "id": "1092658",
        "label": "0",
        "organization": "null"
    },
    {
        "title": "Realizability Interpretation of Generalized Inductive Definitions",
        "year": "1994",
        "authors": "Satoshi Kobayashi,Makoto Tatsuta",
        "venue": "Theor. Comput. Sci.",
        "id": "1092660",
        "label": "1",
        "organization": "null"
    },
    {
        "title": "Learning Approximately Regular Languages with Reversible Languages",
        "year": "1997",
        "authors": "Satoshi Kobayashi,Takashi Yokomori",
        "venue": "Theor. Comput. Sci.",
        "id": "1092662",
        "label": "0",
        "organization": "null"
    },
    {
        "title": "Tree Adjoining Grammars for RNA Structure Prediction",
        "year": "1999",
        "authors": "Yasuo Uemura,Aki Hasegawa,Satoshi Kobayashi,Takashi Yokomori",
        "venue": "Theor. Comput. Sci.",
        "id": "1095006",
        "label": "0",
        "organization": "null"
    },
    {
        "title": "Mathematical Foundations of Learning Theory",
        "year": "2006",
        "authors": "Satoshi Kobayashi",
        "venue": "Recent Advances in Formal Languages and Applications",
        "id": "1201739",
        "label": "0",
        "organization": "null"
    },
    {
        "title": "Necessary and sufficient conditions for learning with correction queries.",
        "year": "2009",
        "authors": "Cristina T rnauca,Satoshi Kobayashi",
        "venue": "Theor. Comput. Sci.",
        "id": "1343002",
        "label": "0",
        "organization": "Department of Computer Science, University of Electro-Communications, Chofugaoka 1-5-1, Chofu, Tokyo 182-8585, Japan"
    },
    {
        "title": "Grammatical Inference: Algorithms and Applications: 8th International Colloquium, ICGI 2006, Tokyo, Japan, September 20-22, 2006, Proceedings (Lecture Notes in Computer Science)",
        "year": "2006",
        "authors": "Yasibumi Sakaibara,Satoshi Kobayashi,Kengo Sato,Tetsuro Nishino,Etsuji Tomita",
        "venue": "null",
        "id": "1358126",
        "label": "0",
        "organization": "null"
    },
    {
        "title": "The Power of Sequence Design in DNA Computing",
        "year": "2001",
        "authors": "Masanori Arita,Satoshi Kobayashi",
        "venue": "Proceedings of the Fourth International Conference on Computational Intelligence and Multimedia Applications",
        "id": "1420780",
        "label": "0",
        "organization": "null"
    }
]