[
    {
        "title": "A Class of Low-Density Parity-Check Codes Constructed Based on Reed-Solomon Codes with Two Information Symbols",
        "year": "2003",
        "authors": "Ivana Djurdjevic,Jun Xu,Khaled A. S. Abdel-Ghaffar,Shu Lin",
        "venue": "AAECC",
        "id": "16653",
        "label": "0",
        "organization": "Dept. of Electr. & Comput. Eng., Univ. of California, Davis, CA, USA"
    },
    {
        "title": "New Constructions of Quasi-cyclic LDPC Codes Based on Two Classes of Balanced Incomplete Block Designs: For AWGN and Binary Erasure Channels",
        "year": "2006",
        "authors": "Lan Lan,Ying Yu Tai,Shu Lin,Behshad Memari,Bahram Honary",
        "venue": "AAECC",
        "id": "16784",
        "label": "0",
        "organization": "null"
    },
    {
        "title": "Algebraic Constructions of Quasi-cyclic LDPC Codes - Part I: For AWGN and Binary Random Erasure Channels",
        "year": "2006",
        "authors": "Lan Lan,Lingqi Zeng,Ying Yu Tai,Lei Chen,Shu Lin,Khaled A. S. Abdel-Ghaffar",
        "venue": "AAECC",
        "id": "16785",
        "label": "0",
        "organization": "null"
    },
    {
        "title": "Some Results on Linear Unequal-Error-Protection Codes Specified by their Generator Matrix",
        "year": "1991",
        "authors": "Robert Morelos-Zaragoza,Shu Lin",
        "venue": "AAECC",
        "id": "16831",
        "label": "0",
        "organization": "null"
    },
    {
        "title": "Algebraic Construction of Quasi-cyclic LDPC Codes - Part II: For AWGN and Binary Random and Burst Erasure Channels",
        "year": "2006",
        "authors": "Ying Yu Tai,Lingqi Zeng,Lan Lan,Shumei Song,Shu Lin,Khaled A. S. Abdel-Ghaffar",
        "venue": "AAECC",
        "id": "16932",
        "label": "0",
        "organization": "null"
    },
    {
        "title": "Impact of Manufacturing Practices on Adoption of Plant Information Systems",
        "year": "2003",
        "authors": "Rajiv D. Banker,Indranil Bardhan,Hsihui Chang,Shu Lin",
        "venue": "ICIS",
        "id": "326310",
        "label": "1",
        "organization": "null"
    },
    {
        "title": "Low-complexity and high-performance multilevel coded modulation for the AWGN and Rayleigh fading channels",
        "year": "1993",
        "authors": "Shu Lin,Sandeep Rajpal,Dojun Rhee",
        "venue": "Information Theory and Applications",
        "id": "453476",
        "label": "0",
        "organization": "null"
    },
    {
        "title": "Similarity queries in the DISIMA image DBMS",
        "year": "2001",
        "authors": "Vincent Oria,M. Tamer Ozsu,Shu Lin,Paul Iglinski",
        "venue": "ACM Multimedia",
        "id": "502699",
        "label": "0",
        "organization": "null"
    },
    {
        "title": "DISIMA: A Distributed and Interoperable Image Database System",
        "year": "2000",
        "authors": "Vincent Oria,M. Tamer Ozsu,Paul Iglinski,Shu Lin,Benjamin Bin Yao",
        "venue": "SIGMOD Conference",
        "id": "599470",
        "label": "0",
        "organization": "null"
    },
    {
        "title": "An Extendible Hash for Multi-Precision Similarity Querying of Image Databases",
        "year": "2001",
        "authors": "Shu Lin,M. Tamer Ozsu,Vincent Oria,Raymond T. Ng",
        "venue": "VLDB",
        "id": "643461",
        "label": "0",
        "organization": "null"
    },
    {
        "title": "Construction of High Performance and Efficiently Encodable Nonbinary Quasi-Cyclic LDPC Codes",
        "year": "2006",
        "authors": "Bo Zhou,Ying Yu Tai,Lan Lan,Shumei Song,Lingqi Zeng,Shu Lin",
        "venue": "GLOBECOM",
        "id": "703183",
        "label": "0",
        "organization": "null"
    },
    {
        "title": "Cyclic Codes for Correcting Bursts of Errors or Erasures With Iterative Decoding",
        "year": "2006",
        "authors": "Shumei Song,Shu Lin,Khaled A. S. Abdel-Ghaffar,Zhi Ding,Marc P. C. Fossorier",
        "venue": "GLOBECOM",
        "id": "703217",
        "label": "0",
        "organization": "null"
    },
    {
        "title": "A Two-Stage Iterative Decoding of LDPC Codes for Lowering Error Floors",
        "year": "2008",
        "authors": "Jingyu Kang,Li Zhang,Zhi Ding,Shu Lin",
        "venue": "GLOBECOM",
        "id": "705660",
        "label": "0",
        "organization": "Dept. of Electr. & Comput. Eng., Univ. of California, Davis, CA"
    },
    {
        "title": "Block coded modulation and concatenated coding schemes for error control on fading channels",
        "year": "1991",
        "authors": "Branka Vucetic,Shu Lin",
        "venue": "Discrete Applied Mathematics",
        "id": "839180",
        "label": "0",
        "organization": "null"
    },
    {
        "title": "Codes with multi-level error-correcting capabilities",
        "year": "1990",
        "authors": "Mao Chao Lin,Shu Lin",
        "venue": "Discrete Mathematics",
        "id": "852736",
        "label": "0",
        "organization": "null"
    },
    {
        "title": "Long BCH Codes Are Bad",
        "year": "1967",
        "authors": "Shu Lin,E. J. Weldon Jr",
        "venue": "Information and Control",
        "id": "888746",
        "label": "0",
        "organization": "null"
    },
    {
        "title": "An Improvement to Multifold Euclidean Geometry Codes",
        "year": "1975",
        "authors": "Shu Lin,Kai-Ping Yiu",
        "venue": "Information and Control",
        "id": "888748",
        "label": "0",
        "organization": "null"
    },
    {
        "title": "On a Class of One-Step Majority-Logic Decodable Cyclic Codes",
        "year": "1980",
        "authors": "Shu Lin,George Markowsky",
        "venue": "IBM Journal of Research and Development",
        "id": "890573",
        "label": "0",
        "organization": "IBM Thomas J. Watson Research Center, Yorktown Heights, New York, USA"
    },
    {
        "title": "Near-Shannon-limit quasi-cyclic low-density parity-check codes",
        "year": "2004",
        "authors": "Lei Chen,Jun Xu,Ivana Djurdjevic,Shu Lin",
        "venue": "IEEE Transactions on Communications",
        "id": "1087222",
        "label": "0",
        "organization": "Dept. of Electr. & Comput. Eng., Univ. of California, Davis, CA, USA"
    },
    {
        "title": "Efficient Encoding of Quasi-Cyclic Low-Density Parity-Check Codes",
        "year": "2005",
        "authors": "Zongwang Li,Lei Chen,Lingqi Zeng,Shu Lin,Wai H. Fong",
        "venue": "IEEE Transactions on Communications",
        "id": "1087408",
        "label": "0",
        "organization": "null"
    },
    {
        "title": "Efficient encoding of quasi-cyclic low-density parity-check codes",
        "year": "2006",
        "authors": "Zongwang Li,Lei Chen,Lingqi Zeng,Shu Lin,Wai H. Fong",
        "venue": "IEEE Transactions on Communications",
        "id": "1087525",
        "label": "0",
        "organization": "null"
    },
    {
        "title": "Turbo encoding and decoding of Reed-Solomon codes through binary decomposition and self-concatenation",
        "year": "2004",
        "authors": "Cathy Ye Liu,Shu Lin",
        "venue": "IEEE Transactions on Communications",
        "id": "1087582",
        "label": "0",
        "organization": "LSI Logic Corp., Milpitas, CA, USA"
    },
    {
        "title": "Construction of low-density parity-check codes by superposition",
        "year": "2005",
        "authors": "Jun Xu,Lei Chen,Lingqi Zeng,Lan Lan,Shu Lin",
        "venue": "IEEE Transactions on Communications",
        "id": "1087916",
        "label": "0",
        "organization": "Dept. of Electr. & Comput. Eng., Univ. of California, Davis, CA, USA"
    },
    {
        "title": "New Constructions of Quasi-Cyclic LDPC Codes Based on Special Classes of BIBDs for the AWGN and Binary Erasure Channels",
        "year": "2007",
        "authors": "Lan Lan,Ying Yu Tai,Shu Lin,Behshad Memari,Bahram Honary",
        "venue": "IEEE Transactions on Communications",
        "id": "1088389",
        "label": "0",
        "organization": "null"
    },
    {
        "title": "Algebraic Construction of Quasi-Cyclic LDPC Codes for the AWGN and Erasure Channels",
        "year": "2006",
        "authors": "Ying Yu Tai,Lan Lan,Lingqi Zeng,Shu Lin,Khaled A. S. Abdel-Ghaffar",
        "venue": "IEEE Transactions on Communications",
        "id": "1088410",
        "label": "0",
        "organization": "null"
    },
    {
        "title": "New constructions of quasi-cyclic LDPC codes based on special classes of BIDBs for the AWGN and binary erasure channels",
        "year": "2008",
        "authors": "Lan Lan,Ying Yu Tai,Shu Lin,Behshad Memari,Bahram Honary",
        "venue": "IEEE Transactions on Communications",
        "id": "1088418",
        "label": "0",
        "organization": "null"
    },
    {
        "title": "Transactions Papers - Constructions of Nonbinary Quasi-Cyclic LDPC Codes: A Finite Field Approach",
        "year": "2008",
        "authors": "Lingqi Zeng,Lan Lan,Ying Yu Tai,Shumei Song,Shu Lin,Khaled A. S. Abdel-Ghaffar",
        "venue": "IEEE Transactions on Communications",
        "id": "1088463",
        "label": "0",
        "organization": "null"
    },
    {
        "title": "Construction of nonbinary cyclic, quasi-cyclic and regular LDPC codes: a finite geometry approach",
        "year": "2008",
        "authors": "Lingqi Zeng,Lan Lan,Ying Yu Tai,Bo Zhou,Shu Lin,Khaled A. S. Abdel-Ghaffar",
        "venue": "IEEE Transactions on Communications",
        "id": "1088525",
        "label": "0",
        "organization": "null"
    },
    {
        "title": "Construction of Low-Density Parity-Check Codes Based on Balanced Incomplete Block Designs",
        "year": "2004",
        "authors": "Bassem Ammar,Bahram Honary,Yu Kou,Jun Xu,Shu Lin",
        "venue": "IEEE Transactions on Information Theory",
        "id": "1103951",
        "label": "0",
        "organization": "null"
    },
    {
        "title": "Error and erasure control (d, k) block codes",
        "year": "1991",
        "authors": "Hendrik C. Ferreira,Shu Lin",
        "venue": "IEEE Transactions on Information Theory",
        "id": "1105570",
        "label": "0",
        "organization": "Lab. for Cybern., Rand Afrikaans Univ., Johannesburg"
    },
    {
        "title": "Differential trellis decoding of convolutional codes",
        "year": "2000",
        "authors": "Marc P. C. Fossorier,Shu Lin",
        "venue": "IEEE Transactions on Information Theory",
        "id": "1105643",
        "label": "0",
        "organization": "null"
    },
    {
        "title": "Error performance analysis for reliability-based decoding algorithms",
        "year": "2002",
        "authors": "Marc P. C. Fossorier,Shu Lin",
        "venue": "IEEE Transactions on Information Theory",
        "id": "1105644",
        "label": "0",
        "organization": "Dept. of Electr. Eng., Hawaii Univ., Honolulu, HI"
    },
    {
        "title": "Soft-decision decoding of linear block codes based on ordered statistics",
        "year": "1995",
        "authors": "Marc P. C. Fossorier,Shu Lin",
        "venue": "IEEE Transactions on Information Theory",
        "id": "1105645",
        "label": "0",
        "organization": "null"
    },
    {
        "title": "Correction to 'Soft decision decoding of linear block codes based on ordered statistics' (Sep 95 1379-1396)",
        "year": "1996",
        "authors": "Marc P. C. Fossorier,Shu Lin",
        "venue": "IEEE Transactions on Information Theory",
        "id": "1105646",
        "label": "0",
        "organization": "null"
    },
    {
        "title": "Computationally efficient soft-decision decoding of linear block codes based on ordered statistics",
        "year": "1996",
        "authors": "Marc P. C. Fossorier,Shu Lin",
        "venue": "IEEE Transactions on Information Theory",
        "id": "1105647",
        "label": "0",
        "organization": "Dept. of Electr. Eng., Hawaii Univ., Honolulu, HI"
    },
    {
        "title": "First-order approximation of the ordered binary-symmetric channel",
        "year": "1996",
        "authors": "Marc P. C. Fossorier,Shu Lin",
        "venue": "IEEE Transactions on Information Theory",
        "id": "1105648",
        "label": "0",
        "organization": "Dept. of Electr. Eng., Hawaii Univ., Honolulu, HI"
    },
    {
        "title": "Weight distribution for closest coset decoding of |u|u+v| constructed codes",
        "year": "1997",
        "authors": "Marc P. C. Fossorier,Shu Lin",
        "venue": "IEEE Transactions on Information Theory",
        "id": "1105649",
        "label": "0",
        "organization": "null"
    },
    {
        "title": "Complementary reliability-based decodings of binary linear block codes",
        "year": "1997",
        "authors": "Marc P. C. Fossorier,Shu Lin",
        "venue": "IEEE Transactions on Information Theory",
        "id": "1105650",
        "label": "0",
        "organization": "null"
    },
    {
        "title": "Some decomposable codes: the |a+x|b+x|a+b+x| construction",
        "year": "1997",
        "authors": "Marc P. C. Fossorier,Shu Lin",
        "venue": "IEEE Transactions on Information Theory",
        "id": "1105651",
        "label": "0",
        "organization": "null"
    },
    {
        "title": "A Unified Method for Evaluating the Error-Correction Radius of Reliability-Based Soft-Decision Algorithms for Linear Block Codes",
        "year": "1998",
        "authors": "Marc P. C. Fossorier,Shu Lin",
        "venue": "IEEE Transactions on Information Theory",
        "id": "1105652",
        "label": "0",
        "organization": "null"
    },
    {
        "title": "On the weight distribution of terminated convolutional codes",
        "year": "1999",
        "authors": "Marc P. C. Fossorier,Shu Lin,Daniel J. Costello Jr",
        "venue": "IEEE Transactions on Information Theory",
        "id": "1105653",
        "label": "0",
        "organization": "null"
    },
    {
        "title": "Bit-Error Probability for Maximum-Likelihood Decoding of Linear Block Codes and Related Soft-Decision Decoding Methods",
        "year": "1998",
        "authors": "Marc P. C. Fossorier,Shu Lin,Dojun Rhee",
        "venue": "IEEE Transactions on Information Theory",
        "id": "1105654",
        "label": "0",
        "organization": "Dept. of Electr. Eng., Hawaii Univ., Honolulu, HI"
    },
    {
        "title": "Reliability-Based Syndrome Decoding of Linear Block Codes",
        "year": "1998",
        "authors": "Marc P. C. Fossorier,Shu Lin,Jakov Snyders",
        "venue": "IEEE Transactions on Information Theory",
        "id": "1105655",
        "label": "0",
        "organization": "null"
    },
    {
        "title": "An approximation to the weight distribution of binary primitive BCH codes with designed distances 9 and 11",
        "year": "1986",
        "authors": "Toru Fujiwara,Toyoo Takata,Tadao Kasami,Shu Lin",
        "venue": "IEEE Transactions on Information Theory",
        "id": "1105736",
        "label": "0",
        "organization": "null"
    },
    {
        "title": "A Trellis-Based Recursive Maximum-Likelihood Decoding Algorithm for Binary Linear Block Codes",
        "year": "1998",
        "authors": "Toru Fujiwara,Hiroshi Yamamoto,Tadao Kasami,Shu Lin",
        "venue": "IEEE Transactions on Information Theory",
        "id": "1105738",
        "label": "0",
        "organization": "Graduate Sch. of Eng. Sci., Osaka Univ."
    },
    {
        "title": "Coding for the binary symmetric broadcast channel with two receivers",
        "year": "1985",
        "authors": "Tadao Kasami,Shu Lin,Victor K.-W. Wei,Saburo Yamamura",
        "venue": "IEEE Transactions on Information Theory",
        "id": "1106651",
        "label": "0",
        "organization": "null"
    },
    {
        "title": "On linear structure and phase rotation invariant properties of block M-PSK modulation codes",
        "year": "1991",
        "authors": "Tadao Kasami,Toyoo Takata,Toru Fujiwara,Shu Lin",
        "venue": "IEEE Transactions on Information Theory",
        "id": "1106653",
        "label": "0",
        "organization": "null"
    },
    {
        "title": "On multilevel block modulation codes",
        "year": "1991",
        "authors": "Tadao Kasami,Toyoo Takata,Toru Fujiwara,Shu Lin",
        "venue": "IEEE Transactions on Information Theory",
        "id": "1106655",
        "label": "0",
        "organization": "null"
    },
    {
        "title": "On the optimum bit orders with respect to the state complexity of trellis diagrams for binary linear codes",
        "year": "1993",
        "authors": "Tadao Kasami,Toyoo Takata,Toru Fujiwara,Shu Lin",
        "venue": "IEEE Transactions on Information Theory",
        "id": "1106657",
        "label": "0",
        "organization": "Dept. of Inf. & Comput. Sci., Osaka Univ."
    },
    {
        "title": "Linear block codes for error detection",
        "year": "1983",
        "authors": "Tadao Kasami,Torleiv Klove,Shu Lin",
        "venue": "IEEE Transactions on Information Theory",
        "id": "1106659",
        "label": "0",
        "organization": "null"
    },
    {
        "title": "On complexity of trellis structure of linear block codes",
        "year": "1993",
        "authors": "Tadao Kasami,Toyoo Takata,Toru Fujiwara,Shu Lin",
        "venue": "IEEE Transactions on Information Theory",
        "id": "1106662",
        "label": "0",
        "organization": "null"
    },
    {
        "title": "Graph theoretic approaches to the code construction for the two-user multiple- access binary adder channel",
        "year": "1983",
        "authors": "Tadao Kasami,Shu Lin,Victor K.-W. Wei,Saburo Yamamura",
        "venue": "IEEE Transactions on Information Theory",
        "id": "1106728",
        "label": "0",
        "organization": "null"
    },
    {
        "title": "An approximation to the weight distribution of binary linear codes",
        "year": "1985",
        "authors": "Tadao Kasami,Toru Fujiwara,Shu Lin",
        "venue": "IEEE Transactions on Information Theory",
        "id": "1106784",
        "label": "0",
        "organization": "Univ. of Hawaii at Manoa, Honolulu, HI"
    },
    {
        "title": "A cascaded coding scheme for error control and its performance analysis",
        "year": "1988",
        "authors": "Tadao Kasami,Toru Fujiwara,Toyoo Takata,Shu Lin",
        "venue": "IEEE Transactions on Information Theory",
        "id": "1106786",
        "label": "0",
        "organization": "Dept. of Inf. & Comput. Sci., Osaka Univ."
    },
    {
        "title": "Low-density parity-check codes based on finite geometries: A rediscovery and new results",
        "year": "2001",
        "authors": "Yu Kou,Shu Lin,Marc P. C. Fossorier",
        "venue": "IEEE Transactions on Information Theory",
        "id": "1106962",
        "label": "0",
        "organization": "Dept. of Electr. & Comput. Eng., California Univ., Davis, CA"
    },
    {
        "title": "A Low-Weight Trellis-Based Iterative Soft-Decision Decoding Algorithm for Binary Linear Block Codes",
        "year": "1999",
        "authors": "Takuya Koumoto,Toyoo Takata,Tadao Kasami,Shu Lin",
        "venue": "IEEE Transactions on Information Theory",
        "id": "1106967",
        "label": "0",
        "organization": "Graduate Sch. of Inf. Sci., Nara Inst. of Sci. & Technol."
    },
    {
        "title": "Cyclic unequal error protection codes constructed from cyclic codes of composite length",
        "year": "1988",
        "authors": "Mao Chao Lin,Shu Lin",
        "venue": "IEEE Transactions on Information Theory",
        "id": "1107252",
        "label": "0",
        "organization": "null"
    },
    {
        "title": "Computer search for binary cyclic UEP codes of odd length up to 65",
        "year": "1990",
        "authors": "Mao Chao Lin,Chi-Chang Lin,Shu Lin",
        "venue": "IEEE Transactions on Information Theory",
        "id": "1107256",
        "label": "0",
        "organization": "Dept. of Electr. Eng., Nat. Taiwan Univ., Taipei"
    },
    {
        "title": "Nonhomogeneous Trellis codes for the Quasi-Synchronous Multiple-Access Binary adder channel with Two Users",
        "year": "1986",
        "authors": "Shu Lin,Victor K.-W. Wei",
        "venue": "IEEE Transactions on Information Theory",
        "id": "1107268",
        "label": "0",
        "organization": "null"
    },
    {
        "title": "Soft-decision decoding of binary linear block codes based on an iterative search algorithm",
        "year": "1997",
        "authors": "H. T. Moorthy,Shu Lin,Tadao Kasami",
        "venue": "IEEE Transactions on Information Theory",
        "id": "1107737",
        "label": "0",
        "organization": "null"
    },
    {
        "title": "Constructions of Generalized Concatenated Codes and Their Trellis-Based Decoding Complexity",
        "year": "1999",
        "authors": "Robert Morelos-Zaragoza,Toru Fujiwara,Tadao Kasami,Shu Lin",
        "venue": "IEEE Transactions on Information Theory",
        "id": "1107741",
        "label": "0",
        "organization": "null"
    },
    {
        "title": "On a class of optimal nonbinary linear unequal-error-protection codes for two sets of messages",
        "year": "1994",
        "authors": "Robert Morelos-Zaragoza,Shu Lin",
        "venue": "IEEE Transactions on Information Theory",
        "id": "1107742",
        "label": "0",
        "organization": "null"
    },
    {
        "title": "QPSK block-modulation codes for unequal error protection",
        "year": "1995",
        "authors": "Robert Morelos-Zaragoza,Shu Lin",
        "venue": "IEEE Transactions on Information Theory",
        "id": "1107743",
        "label": "0",
        "organization": "Fac. of Eng., Osaka Univ."
    },
    {
        "title": "On primitive BCH codes with unequal error protection capabilities",
        "year": "1995",
        "authors": "Robert Morelos-Zaragoza,Shu Lin",
        "venue": "IEEE Transactions on Information Theory",
        "id": "1107744",
        "label": "0",
        "organization": "null"
    },
    {
        "title": "Multistage decoding of multilevel block M-PSK modulation codes and its performance analysis",
        "year": "1993",
        "authors": "Toyoo Takata,Satoshi Ujita,Tadao Kasami,Shu Lin",
        "venue": "IEEE Transactions on Information Theory",
        "id": "1108984",
        "label": "0",
        "organization": "null"
    },
    {
        "title": "Suboptimum decoding of decomposable block codes",
        "year": "1994",
        "authors": "Toyoo Takata,Y. Yamashita,Toru Fujiwara,Tadao Kasami,Shu Lin",
        "venue": "IEEE Transactions on Information Theory",
        "id": "1108985",
        "label": "0",
        "organization": "null"
    },
    {
        "title": "On Algebraic Construction of Gallager and Circulant Low-Density Parity-Check Codes",
        "year": "2004",
        "authors": "Heng Tang,Jun Xu,Yu Kou,Shu Lin,Khaled A. S. Abdel-Ghaffar",
        "venue": "IEEE Transactions on Information Theory",
        "id": "1109012",
        "label": "0",
        "organization": "null"
    },
    {
        "title": "Codes on finite geometries",
        "year": "2005",
        "authors": "Heng Tang,Jun Xu,Shu Lin,Khaled A. S. Abdel-Ghaffar",
        "venue": "IEEE Transactions on Information Theory",
        "id": "1109013",
        "label": "0",
        "organization": "null"
    },
    {
        "title": "Construction of Regular and Irregular LDPC Codes: Geometry Decomposition and Masking",
        "year": "2007",
        "authors": "Jun Xu,Lei Chen,Ivana Djurdjevic,Shu Lin,Khaled A. S. Abdel-Ghaffar",
        "venue": "IEEE Transactions on Information Theory",
        "id": "1110111",
        "label": "0",
        "organization": "Marvell Semicond., Sunnyvale, CA"
    },
    {
        "title": "Construction of Quasi-Cyclic LDPC Codes for AWGN and Binary Erasure Channels: A Finite Field Approach",
        "year": "2007",
        "authors": "Lan Lan,Lingqi Zeng,Ying Yu Tai,Lei Chen,Shu Lin,Khaled A. S. Abdel-Ghaffar",
        "venue": "IEEE Transactions on Information Theory",
        "id": "1110375",
        "label": "0",
        "organization": "Keyeye Commun., Sacramento"
    },
    {
        "title": "Accelerating FPGA-based emulation of quasi-cyclic LDPC codes with vector processing",
        "year": "2009",
        "authors": "Xiaoheng Chen,Jingyu Kang,Shu Lin,Venkatesh Akella",
        "venue": "DATE",
        "id": "1241314",
        "label": "0",
        "organization": "Dept. of Electr. & Comput. Eng., Univ. of California, Davis, CA"
    },
    {
        "title": "A unified approach to the construction of binary and nonbinary quasi-cyclic LDPC codes based on finite fields",
        "year": "2009",
        "authors": "Shumei Song,Bo Zhou,Shu Lin,Khaled Abdel-Ghaffar",
        "venue": "IEEE Transactions on Communications",
        "id": "1364755",
        "label": "0",
        "organization": "Department of Electrical and Computer Engineering, University of California at Davis, Davis, CA"
    },
    {
        "title": "High performance non-binary quasi-cyclic LDPC codes on euclidean geometries",
        "year": "2009",
        "authors": "Bo Zhou,Jingyu Kang,Ying Yu Tai,Shu Lin,Zhi Ding",
        "venue": "IEEE Transactions on Communications",
        "id": "1364882",
        "label": "0",
        "organization": "Department of Electrical and Computer Engineering, University of California at Davis, Davis, CA"
    },
    {
        "title": "Trellises and Trellis-Based Decoding Algorithms for Linear Block Codes",
        "year": "1998",
        "authors": "Shu Lin,Tadao Kasami,Marc Fossorier",
        "venue": "null",
        "id": "1535626",
        "label": "0",
        "organization": "null"
    },
    {
        "title": "DISIMA: a distributed and interoperable image database system",
        "year": "2000",
        "authors": "Vincent Oria,M. Tamer  zsu,Paul J. Iglinski,Shu Lin,Bin Yao",
        "venue": "ACM SIGMOD Record",
        "id": "1550339",
        "label": "0",
        "organization": "Department of Computing Science, University of Alberta, Edmonton, Alberta, Canada"
    },
    {
        "title": "Error Control Coding, Second Edition",
        "year": "2004",
        "authors": "Shu Lin,Daniel J. Costello",
        "venue": "null",
        "id": "1558189",
        "label": "0",
        "organization": "null"
    }
]