[
    {
        "title": "Extending Ravenscar with CSP Channels",
        "year": "2005",
        "authors": "Diyaa-Addein Atiya,Steve King",
        "venue": "Ada-Europe",
        "id": "25296",
        "label": "0",
        "organization": "null"
    },
    {
        "title": "Using the SPARK Toolset for Showing the Absence of Run-Time Errors in Safety-Critical Software",
        "year": "2001",
        "authors": "Darren Foulger,Steve King",
        "venue": "Ada-Europe",
        "id": "25405",
        "label": "0",
        "organization": "null"
    },
    {
        "title": "Software iSCSI over iWARP on a General Purpose CPU",
        "year": "2006",
        "authors": "Abhijeet Joglekar,Steve King",
        "venue": "CLUSTER",
        "id": "100054",
        "label": "0",
        "organization": "null"
    },
    {
        "title": "A Circus Semantics for Ravenscar Protected Objects",
        "year": "2003",
        "authors": "Diyaa-Addein Atiya,Steve King,Jim Woodcock",
        "venue": "FME",
        "id": "208509",
        "label": "0",
        "organization": "null"
    },
    {
        "title": "CICS Project Report: Experiences and Results from the use of Z in IBM",
        "year": "1991",
        "authors": "Ian Houston,Steve King",
        "venue": "VDM Europe (1)",
        "id": "208736",
        "label": "0",
        "organization": "null"
    },
    {
        "title": "Towards an Integrated Model Checker for Railway Signalling Data",
        "year": "2002",
        "authors": "Michael Huber,Steve King",
        "venue": "FME",
        "id": "208737",
        "label": "0",
        "organization": "null"
    },
    {
        "title": "Z and the Refinement Calculus",
        "year": "1990",
        "authors": "Steve King",
        "venue": "VDM Europe",
        "id": "208796",
        "label": "0",
        "organization": "null"
    },
    {
        "title": "The Value of Verification: Positive Experience of Industrial Proof",
        "year": "1999",
        "authors": "Steve King,Jonathan Hammond,Roderick Chapman,Andy Pryor",
        "venue": "World Congress on Formal Methods",
        "id": "208798",
        "label": "0",
        "organization": "null"
    },
    {
        "title": "Predictable Memory Utilization in the Ravenscar-Java Profile",
        "year": "2003",
        "authors": "Jagun Kwon,Andy J. Wellings,Steve King",
        "venue": "ISORC",
        "id": "444356",
        "label": "0",
        "organization": "Dept. of Comput. Sci., York Univ., UK"
    },
    {
        "title": "An Iterator Construct for the Refinement Calculus",
        "year": "2000",
        "authors": "Steve King,Carroll Morgan",
        "venue": "IWFM",
        "id": "464498",
        "label": "0",
        "organization": "null"
    },
    {
        "title": "Ravenscar-Java: a high integrity profile for real-time Java",
        "year": "2002",
        "authors": "Jagun Kwon,Andy J. Wellings,Steve King",
        "venue": "Java Grande",
        "id": "466825",
        "label": "0",
        "organization": "University of York, UK"
    },
    {
        "title": "Typechecking Z",
        "year": "2000",
        "authors": "Ian Toyn,Samuel H. Valentine,Susan Stepney,Steve King",
        "venue": "ZB",
        "id": "676751",
        "label": "0",
        "organization": "null"
    },
    {
        "title": "Type-Constrained Generics for Z",
        "year": "2000",
        "authors": "Samuel H. Valentine,Ian Toyn,Susan Stepney,Steve King",
        "venue": "ZB",
        "id": "676765",
        "label": "0",
        "organization": "null"
    },
    {
        "title": "Ravenscar-Java: a high-integrity profile for real-time Java",
        "year": "2005",
        "authors": "Jagun Kwon,Andy J. Wellings,Steve King",
        "venue": "Concurrency - Practice and Experience",
        "id": "810576",
        "label": "0",
        "organization": "null"
    },
    {
        "title": "Simpler Reasoning About System Properties: a Proof-by-Refinement Technique",
        "year": "2005",
        "authors": "Diyaa-Addein Atiya,Steve King,Jim Woodcock",
        "venue": "Electr. Notes Theor. Comput. Sci.",
        "id": "866380",
        "label": "0",
        "organization": "null"
    },
    {
        "title": "`The Standard Logic for Z': A Clarification",
        "year": "1999",
        "authors": "Steve King",
        "venue": "Formal Asp. Comput.",
        "id": "876320",
        "label": "0",
        "organization": "null"
    },
    {
        "title": "Exits in the Refinement Calculus",
        "year": "1995",
        "authors": "Steve King,Carroll Morgan",
        "venue": "Formal Asp. Comput.",
        "id": "876321",
        "label": "0",
        "organization": "null"
    },
    {
        "title": "Assessment of the Java programming language for use in high integrity systems",
        "year": "2003",
        "authors": "Jagun Kwon,Andy J. Wellings,Steve King",
        "venue": "SIGPLAN Notices",
        "id": "1067694",
        "label": "0",
        "organization": "University of York, UK"
    },
    {
        "title": "Is Proof More Cost-Effective Than Testing?",
        "year": "2000",
        "authors": "Steve King,Jonathan Hammond,Roderick Chapman,Andy Pryor",
        "venue": "IEEE Trans. Software Eng.",
        "id": "1128624",
        "label": "0",
        "organization": "null"
    },
    {
        "title": "Catch A Falling Knife?: Strategic Thinking About the Web for Mid-Market Executives",
        "year": "2006",
        "authors": "Steve King",
        "venue": "null",
        "id": "1353063",
        "label": "1",
        "organization": "null"
    },
    {
        "title": "Ravenscar-Java: a high-integrity profile for real-time Java: Research Articles",
        "year": "2005",
        "authors": "Jagun Kwon,Andy Wellings,Steve King",
        "venue": "Concurrency and Computation: Practice Experience",
        "id": "1410734",
        "label": "0",
        "organization": "Real-Time Systems Research Group, Department of Computer Science, University of York, Heslington, York YO10 5DD, U.K."
    },
    {
        "title": "Paradox 1.1: more power and less pain",
        "year": "1986",
        "authors": "Jay Alperson,Steve King",
        "venue": "Data Based Advisor",
        "id": "1437111",
        "label": "2",
        "organization": "null"
    },
    {
        "title": "The DBMS watcher's field guide to COMDEX",
        "year": "1988",
        "authors": "Juan Jimenez,Steve King",
        "venue": "Data Based Advisor",
        "id": "1442603",
        "label": "2",
        "organization": "null"
    },
    {
        "title": "Dress for success&mdash;Paradox 2.0",
        "year": "1988",
        "authors": "Mark Cook,Steve King",
        "venue": "Data Based Advisor",
        "id": "1450068",
        "label": "2",
        "organization": "null"
    },
    {
        "title": "High-speed thrills",
        "year": "1986",
        "authors": "Mike Elkins,Steve King",
        "venue": "Dr. Dobb's Journal",
        "id": "1451598",
        "label": "3",
        "organization": "null"
    },
    {
        "title": "What's new in DataFlex 2.2",
        "year": "1987",
        "authors": "Juan Jimenez,Steve King",
        "venue": "Data Based Advisor",
        "id": "1452047",
        "label": "2",
        "organization": "null"
    },
    {
        "title": "Dataflex multi-user features",
        "year": "1987",
        "authors": "Juan Jimenez,Steve King",
        "venue": "Data Based Advisor",
        "id": "1460494",
        "label": "2",
        "organization": "null"
    },
    {
        "title": "A database program generator for Turbo Pascal",
        "year": "1987",
        "authors": "Steve King,Jay Alperson",
        "venue": "Data Based Advisor",
        "id": "1461103",
        "label": "2",
        "organization": "null"
    },
    {
        "title": "Having it all",
        "year": "1988",
        "authors": "Steve King",
        "venue": "Data Based Advisor",
        "id": "1462461",
        "label": "2",
        "organization": "null"
    },
    {
        "title": "Back-ups, part 1",
        "year": "1989",
        "authors": "Steve King",
        "venue": "Data Based Advisor",
        "id": "1624746",
        "label": "2",
        "organization": "null"
    },
    {
        "title": "Workgroup kingpin",
        "year": "1988",
        "authors": "Steve King",
        "venue": "Data Based Advisor",
        "id": "1644537",
        "label": "2",
        "organization": "null"
    }
]