[
    {
        "title": "Secure Communication in Distributed Ada",
        "year": "1996",
        "authors": "Jorg Kienzle,Thomas Wolf,Alfred Strohmeier",
        "venue": "Ada-Europe",
        "id": "25459",
        "label": "0",
        "organization": "null"
    },
    {
        "title": "Object-Oriented Programming and Protected Objects in Ada 95",
        "year": "2000",
        "authors": "Andy J. Wellings,Bob Johnson,Bo Sanden,Jorg Kienzle,Thomas Wolf,Stephen Michell",
        "venue": "Ada-Europe",
        "id": "25705",
        "label": "0",
        "organization": "null"
    },
    {
        "title": "Fault Tolerance by Transparent Replication for Distributed Ada 95",
        "year": "1999",
        "authors": "Thomas Wolf,Alfred Strohmeier",
        "venue": "Ada-Europe",
        "id": "25712",
        "label": "0",
        "organization": "null"
    },
    {
        "title": "Analytical Decoupling, Decision of Compatibility and Partial Integration of Systems of Non-Linear Ordinary and Partial Differential Equations",
        "year": "1985",
        "authors": "Thomas Wolf",
        "venue": "European Conference on Computer Algebra (2)",
        "id": "191844",
        "label": "1",
        "organization": "null"
    },
    {
        "title": "A package for the analytic investigation and exact solution of differential equations",
        "year": "1987",
        "authors": "Thomas Wolf",
        "venue": "EUROCAL",
        "id": "191846",
        "label": "1",
        "organization": "null"
    },
    {
        "title": "Global Biclustering of Microarray Data",
        "year": "2006",
        "authors": "Thomas Wolf,Benedikt Brors,Thomas Hofmann,Elisabeth Georgii",
        "venue": "ICDM Workshops",
        "id": "303275",
        "label": "3",
        "organization": "TU Darmstadt, Germany"
    },
    {
        "title": "Programs for Applying Symmetries",
        "year": "1995",
        "authors": "Thomas Wolf",
        "venue": "ISSAC",
        "id": "449704",
        "label": "1",
        "organization": "null"
    },
    {
        "title": "Vom Rechenzentrum zum Zentrum fur Informations- und Kommunikationstechnik",
        "year": "1995",
        "authors": "Thomas Wolf,Peter Noelle",
        "venue": "GI-Fachtagung uber Rechenzentren",
        "id": "566182",
        "label": "5",
        "organization": "null"
    },
    {
        "title": "Transparent Filtering of Streams in GLADE",
        "year": "1997",
        "authors": "Laurent Pautet,Thomas Wolf",
        "venue": "TRI-Ada",
        "id": "588138",
        "label": "0",
        "organization": "null"
    },
    {
        "title": "Optimizing GoTools' Search Heuristics using Genetic Algorithms",
        "year": "2003",
        "authors": "Matthew Pratola,Thomas Wolf",
        "venue": "CoRR",
        "id": "818736",
        "label": "1",
        "organization": "null"
    },
    {
        "title": "A comparison of four approaches to the calculation of conservation laws",
        "year": "2003",
        "authors": "Thomas Wolf",
        "venue": "CoRR",
        "id": "819252",
        "label": "1",
        "organization": "null"
    },
    {
        "title": "The integration of systems of linear PDEs using conservation laws of syzygies",
        "year": "2003",
        "authors": "Thomas Wolf",
        "venue": "CoRR",
        "id": "819253",
        "label": "1",
        "organization": "null"
    },
    {
        "title": "Size reduction and partial decoupling of systems of equations",
        "year": "2003",
        "authors": "Thomas Wolf",
        "venue": "CoRR",
        "id": "819254",
        "label": "1",
        "organization": "null"
    },
    {
        "title": "Model Checking (Grundlagen und Praxiserfahrungen)",
        "year": "2004",
        "authors": "Ralf Buschermohle,Mark Brorkens,Ingo Bruckner,Werner Damm,Wilhelm Hasselbring,Bernhard Josko,Christoph Schulte,Thomas Wolf",
        "venue": "Informatik Spektrum",
        "id": "925608",
        "label": "7",
        "organization": "null"
    },
    {
        "title": "Forward Pruning and Other Heuristic Search Techniques in Tsume Go",
        "year": "2000",
        "authors": "Thomas Wolf",
        "venue": "Inf. Sci.",
        "id": "942102",
        "label": "1",
        "organization": "null"
    },
    {
        "title": "The Symbolic Integration of Exact PDEs",
        "year": "2000",
        "authors": "Thomas Wolf",
        "venue": "J. Symb. Comput.",
        "id": "994764",
        "label": "1",
        "organization": "null"
    },
    {
        "title": "Size Reduction and Partial Decoupling of Systems of Equations",
        "year": "2002",
        "authors": "Thomas Wolf",
        "venue": "J. Symb. Comput.",
        "id": "994766",
        "label": "1",
        "organization": "null"
    },
    {
        "title": "The integration of systems of linear PDEs using conservation laws of syzygies",
        "year": "2003",
        "authors": "Thomas Wolf",
        "venue": "J. Symb. Comput.",
        "id": "994768",
        "label": "1",
        "organization": "Department of Mathematics, Brock University, 500 Glenridge Avenue, St. Catharines, Ontario, Canada L2S 3A1"
    },
    {
        "title": "Computer Algebra Algorithms and Routines for the Computation of Conservation Laws and Fixing of Gauge in Differential Expressions",
        "year": "1999",
        "authors": "Thomas Wolf,A. Brand,M. Mohammadzadeh",
        "venue": "J. Symb. Comput.",
        "id": "994770",
        "label": "1",
        "organization": "null"
    },
    {
        "title": "Integrating object-oriented programming and protected objects in Ada 95",
        "year": "2000",
        "authors": "Andy J. Wellings,Bob Johnson,Bo Sanden,Jorg Kienzle,Thomas Wolf,Stephen Michell",
        "venue": "ACM Trans. Program. Lang. Syst.",
        "id": "1123975",
        "label": "0",
        "organization": "null"
    },
    {
        "title": "VIRTAB - Ein Programmsystem zur Generierung groser und reich strukturierter virtueller Tabellen und deren Aufteilung auf beschrankte Ausgabemedien",
        "year": "1986",
        "authors": "Wolffried Stucky,Hans Dieter Unkelbach,Wolfgang Weber,Thomas Wolf,Thomas Zeh",
        "venue": "Angewandte Informatik",
        "id": "1139875",
        "label": "2",
        "organization": "null"
    },
    {
        "title": "Checking Life-and Death Problems in Go.",
        "year": "2007",
        "authors": "Thomas Wolf,Lei Shen",
        "venue": "ICGA Journal",
        "id": "1344782",
        "label": "1",
        "organization": "null"
    },
    {
        "title": "On solving large systems of polynomial equations appearing In discrete differential geometry",
        "year": "2009",
        "authors": "Thomas Wolf",
        "venue": "ACM Communications in Computer Algebra",
        "id": "1385543",
        "label": "1",
        "organization": "Brock University, Ontario, Canada"
    },
    {
        "title": "Computers and Crafts: A Practical Guide",
        "year": "1986",
        "authors": "Mark Goldring,Thomas Wolf,Pat Doran",
        "venue": "null",
        "id": "1530863",
        "label": "4",
        "organization": "null"
    },
    {
        "title": "On exceptions as first-class objects in Ada 95",
        "year": "2001",
        "authors": "Thomas Wolf",
        "venue": "ACM SIGAda Ada Letters",
        "id": "1539175",
        "label": "0",
        "organization": "Paranor AG, Switzerland"
    },
    {
        "title": "Transparent replication for fault tolerance in distributed Ada 95",
        "year": "1999",
        "authors": "Thomas Wolf",
        "venue": "Proceedings of the ninth international workshop on Real-time Ada",
        "id": "1546991",
        "label": "0",
        "organization": "Software Engineering Laboratory, Swiss Federal Institute of Technology, CH--1015 Lausanne, Switzerland"
    },
    {
        "title": "The symbolic integration of exact PDE's",
        "year": "2000",
        "authors": "Thomas Wolf",
        "venue": "Journal of Symbolic Computation",
        "id": "1574861",
        "label": "1",
        "organization": "Queen Mary and Westfield College, London, U.K."
    },
    {
        "title": "Automatic determination of dynamical symmetries of ordinary differential equations",
        "year": "1989",
        "authors": "Hans-J rgen Pohle,Thomas Wolf",
        "venue": "Computing",
        "id": "1628897",
        "label": "1",
        "organization": "Friedrich-Schiller-Univ. Jena, Jena, E. Germany"
    },
    {
        "title": "Ein neuer Ansatz zur L&ouml;sung der Phasenentfaltungsproblematik",
        "year": "1996",
        "authors": "Thomas Wolf, II,Andreas Wicker,Bernd Gutmann,Herbert Weber, II",
        "venue": "Mustererkennung 1996, 18. DAGM-Symposium",
        "id": "1699194",
        "label": "6",
        "organization": "null"
    },
    {
        "title": "Ein optisches Me&szlig;system zur Echtzeitanalyse von Konturen mit der PLL-Schaltung",
        "year": "1996",
        "authors": "Thomas Wolf, II,Ralf Lichtenberger,Herbert Weber, II",
        "venue": "Mustererkennung 1996, 18. DAGM-Symposium",
        "id": "1701049",
        "label": "6",
        "organization": "null"
    },
    {
        "title": "Ein Fuzzy geregeltes optisches Me&szlig;system zur Messung von 3D-Verformungn",
        "year": "1995",
        "authors": "Thomas Wolf, II,Bernd Gutmann,Herbert Weber, II",
        "venue": "Mustererkennung 1995, 17. DAGM-Symposium",
        "id": "1702741",
        "label": "6",
        "organization": "null"
    },
    {
        "title": "Investigating DEs with CRACK and related programs",
        "year": "1995",
        "authors": "Thomas Wolf,Andreas Brand",
        "venue": "ACM SIGSAM Bulletin",
        "id": "1714312",
        "label": "1",
        "organization": "School of Mathematical Sciences, QMW, University of London, London"
    },
    {
        "title": "Size reduction and partial decoupling of sytems of equations",
        "year": "2002",
        "authors": "Thomas Wolf",
        "venue": "Journal of Symbolic Computation",
        "id": "1745134",
        "label": "1",
        "organization": "Brock Univ., St. Catherines, Ont., Canada"
    }
]