[
    {
        "title": "Sonic interaction design: sound, information and experience",
        "year": "2008",
        "authors": "Davide Rocchesso,Stefania Serafin,Frauke Behrendt,Nicola Bernardini,Roberto Bresin,Gerhard Eckel,Karmen Franinovic,Thomas Hermann,Sandra Pauletto,Patrick Susini,Yon Visell",
        "venue": "CHI Extended Abstracts",
        "id": "91842",
        "label": "1",
        "organization": "University of Bielefeld, Bielefeld, Germany"
    },
    {
        "title": "Mensch-Computer-Interaktion: Vorstellungen der Benutzer",
        "year": "1983",
        "authors": "Thomas Hermann",
        "venue": "GI Jahrestagung",
        "id": "230068",
        "label": "3",
        "organization": "null"
    },
    {
        "title": "Grenzen der Software-Ergonomie bei betrieblichen ISDN-Anlagen",
        "year": "1988",
        "authors": "Thomas Hermann",
        "venue": "GI Jahrestagung (1)",
        "id": "230069",
        "label": "3",
        "organization": "null"
    },
    {
        "title": "Gesture Desk - An Integrated Multi-modal Gestural Workplace for Sonification",
        "year": "2003",
        "authors": "Thomas Hermann,Thomas Henning,Helge Ritter",
        "venue": "Gesture Workshop",
        "id": "238207",
        "label": "1",
        "organization": "null"
    },
    {
        "title": "AcouMotion - An Interactive Sonification System for Acoustic Motion Control",
        "year": "2005",
        "authors": "Thomas Hermann,Oliver Honer,Helge Ritter",
        "venue": "Gesture Workshop",
        "id": "238209",
        "label": "1",
        "organization": "null"
    },
    {
        "title": "Hand Postures for Sonification Control",
        "year": "2001",
        "authors": "Thomas Hermann,Claudia Nolker,Helge Ritter",
        "venue": "Gesture Workshop",
        "id": "238211",
        "label": "1",
        "organization": "null"
    },
    {
        "title": "Gestural Interactions for Multi-parameter Audio Control and Audification",
        "year": "2005",
        "authors": "Thomas Hermann,Stella Paschalidou,Dirk Beckmann,Helge Ritter",
        "venue": "Gesture Workshop",
        "id": "238213",
        "label": "1",
        "organization": "null"
    },
    {
        "title": "Holistic Body Tracking for Gestural Interfaces",
        "year": "2003",
        "authors": "Christian Lange,Thomas Hermann,Helge Ritter",
        "venue": "Gesture Workshop",
        "id": "238268",
        "label": "1",
        "organization": "null"
    },
    {
        "title": "The Sonification of Rhythms in Human Electroencephalogram",
        "year": "2004",
        "authors": "Gerold Baier,Thomas Hermann",
        "venue": "ICAD",
        "id": "264425",
        "label": "1",
        "organization": "null"
    },
    {
        "title": "Polyrhythm in the Human Brain",
        "year": "2004",
        "authors": "Thomas Hermann,Gerold Baier,Markus Muller",
        "venue": "ICAD",
        "id": "264450",
        "label": "1",
        "organization": "null"
    },
    {
        "title": "The Importance of Interaction in Sonification",
        "year": "2004",
        "authors": "Andy Hunt,Thomas Hermann",
        "venue": "ICAD",
        "id": "264453",
        "label": "1",
        "organization": "null"
    },
    {
        "title": "Subdivision of n-sided Regions into Four-sided Patches",
        "year": "1988",
        "authors": "Thomas Hermann,Gabor Renner",
        "venue": "IMA Conference on the Mathematics of Surfaces",
        "id": "396044",
        "label": "6",
        "organization": "null"
    },
    {
        "title": "Best Fit Surface Curvature at Vertices of Topologically Irregular Curve Networks",
        "year": "1994",
        "authors": "Tamas Varady,Thomas Hermann",
        "venue": "IMA Conference on the Mathematics of Surfaces",
        "id": "396064",
        "label": "7",
        "organization": "null"
    },
    {
        "title": "Polyrhythmic Organization of Coupled Nonlinear Oscillators",
        "year": "2005",
        "authors": "Gerold Baier,Thomas Hermann,Markus Muller",
        "venue": "IV",
        "id": "460132",
        "label": "1",
        "organization": "Bielefeld University"
    },
    {
        "title": "Neural Gas Sonification - Growing Adaptive Interfaces for Interacting with Data",
        "year": "2004",
        "authors": "Thomas Hermann,Helge Ritter",
        "venue": "IV",
        "id": "460334",
        "label": "1",
        "organization": "Bielefeld University, Germany"
    },
    {
        "title": "Interacting with Sonification Systems: Closing the Loop",
        "year": "2004",
        "authors": "Andy Hunt,Thomas Hermann,Sandra Pauletto",
        "venue": "IV",
        "id": "460347",
        "label": "1",
        "organization": "Bielefeld University, Germany"
    },
    {
        "title": "Improving and Extending the Lim/Lee Exponentiation Algorithm",
        "year": "1999",
        "authors": "Biljana Cubaleska,Andreas Rieke,Thomas Hermann",
        "venue": "Selected Areas in Cryptography",
        "id": "570413",
        "label": "2",
        "organization": "null"
    },
    {
        "title": "tacTilesfor Ambient Intelligence and Interactive Sonification",
        "year": "2008",
        "authors": "Thomas Hermann,Risto Koiva",
        "venue": "HAID",
        "id": "678106",
        "label": "1",
        "organization": "null"
    },
    {
        "title": "Experts' Systems Instead of Expert Systems",
        "year": "1995",
        "authors": "Thomas Hermann,Katharina Just",
        "venue": "AI Soc.",
        "id": "749101",
        "label": "5",
        "organization": "null"
    },
    {
        "title": "NURBS for curve and surface design: G. Farin(Ed.) SIAM, 1991, 161 pp, ISBN 0-89871-286-6",
        "year": "1993",
        "authors": "Thomas Hermann,Gabor Renner",
        "venue": "Computer-Aided Design",
        "id": "778611",
        "label": "6",
        "organization": "null"
    },
    {
        "title": "Curve and surface design: H. Hagen (Ed.) SIAM, USA (1992), 219 pp, ISBN 089871-281-5",
        "year": "1993",
        "authors": "Thomas Hermann,Gabor Renner",
        "venue": "Computer-Aided Design",
        "id": "778612",
        "label": "6",
        "organization": "null"
    },
    {
        "title": "Geometrical criteria on the higher order smoothness of composite surfaces",
        "year": "1999",
        "authors": "Thomas Hermann,Gabor Lukacs,Franz-Erich Wolter",
        "venue": "Computer Aided Geometric Design",
        "id": "780335",
        "label": "6",
        "organization": "null"
    },
    {
        "title": "Note on the RGB-patch concept",
        "year": "1992",
        "authors": "Thomas Hermann,Gabor Renner",
        "venue": "Computer Aided Geometric Design",
        "id": "780344",
        "label": "6",
        "organization": "null"
    },
    {
        "title": "Degree elevation for generalized Poisson functions",
        "year": "2002",
        "authors": "Thomas Hermann",
        "venue": "Computer Aided Geometric Design",
        "id": "780407",
        "label": "6",
        "organization": "null"
    },
    {
        "title": "On a tolerance problem of parametric curves and surfaces",
        "year": "1992",
        "authors": "Thomas Hermann",
        "venue": "Computer Aided Geometric Design",
        "id": "780409",
        "label": "6",
        "organization": "null"
    },
    {
        "title": "G2 interpolation of free form curve networks by biquintic Gregory patches",
        "year": "1996",
        "authors": "Thomas Hermann",
        "venue": "Computer Aided Geometric Design",
        "id": "780411",
        "label": "6",
        "organization": "null"
    },
    {
        "title": "On the smoothness of offset surfaces",
        "year": "1998",
        "authors": "Thomas Hermann",
        "venue": "Computer Aided Geometric Design",
        "id": "780413",
        "label": "6",
        "organization": "null"
    },
    {
        "title": "On the derivatives of second and third degree rational Bezier curves",
        "year": "1999",
        "authors": "Thomas Hermann",
        "venue": "Computer Aided Geometric Design",
        "id": "780415",
        "label": "6",
        "organization": "null"
    },
    {
        "title": "On higher order derivatives of blending functions",
        "year": "2000",
        "authors": "Thomas Hermann,Gabor Lukacs",
        "venue": "Computer Aided Geometric Design",
        "id": "780417",
        "label": "6",
        "organization": "null"
    },
    {
        "title": "A new insight into the Gn continuity of polynomial surfaces",
        "year": "1996",
        "authors": "Thomas Hermann,Gabor Lukacs",
        "venue": "Computer Aided Geometric Design",
        "id": "780419",
        "label": "6",
        "organization": "null"
    },
    {
        "title": "Proof of the nonintersection conjecture of Hoffmann and Peters",
        "year": "1998",
        "authors": "Thomas Hermann,Gabor Lukacs",
        "venue": "Computer Aided Geometric Design",
        "id": "780421",
        "label": "6",
        "organization": "null"
    },
    {
        "title": "Identification of discriminative features in the EEG",
        "year": "2004",
        "authors": "Peter Meinicke,Thomas Hermann,Holger Bekel,H. M. Muller,S. Weiss,Helge Ritter",
        "venue": "Intell. Data Anal.",
        "id": "893268",
        "label": "1",
        "organization": "null"
    },
    {
        "title": "Guest Editors' Introduction: An Introduction to Interactive Sonification",
        "year": "2005",
        "authors": "Thomas Hermann,Andy Hunt",
        "venue": "IEEE MultiMedia",
        "id": "893912",
        "label": "1",
        "organization": "null"
    },
    {
        "title": "Das Verbundprojekt ``Veranderungen der Wissensproduktion und -verteilung durch Expertensysteme'",
        "year": "1990",
        "authors": "Armin B. Cremers,Thomas Hermann",
        "venue": "KI",
        "id": "1004926",
        "label": "4",
        "organization": "null"
    },
    {
        "title": "The guide RNA database",
        "year": "1997",
        "authors": "Augustine E. Souza,Thomas Hermann,H. Ulrich Goringer",
        "venue": "Nucleic Acids Research",
        "id": "1019869",
        "label": "0",
        "organization": "null"
    },
    {
        "title": "Crystallization sonification of high-dimensional datasets",
        "year": "2005",
        "authors": "Thomas Hermann,Helge Ritter",
        "venue": "TAP",
        "id": "1077644",
        "label": "1",
        "organization": "Bielefeld University, Bielefeld, Germany"
    },
    {
        "title": "Model-based sonification revisited---authors' comments on Hermann and Ritter, ICAD 2002",
        "year": "2005",
        "authors": "Thomas Hermann,Helge Ritter",
        "venue": "TAP",
        "id": "1077646",
        "label": "1",
        "organization": "Bielefeld University, Bielefeld, Germany"
    },
    {
        "title": "Mediated attention with multimodal augmented reality",
        "year": "2009",
        "authors": "Angelika Dierker,Christian Mertes,Thomas Hermann,Marc Hanheide,Gerhard Sagerer",
        "venue": "ICMI",
        "id": "1247955",
        "label": "1",
        "organization": "Bielefeld University, Bielefeld, Germany"
    },
    {
        "title": "Augmented Haptics - An Interactive Feedback System for Musicians",
        "year": "2009",
        "authors": "Tobias Grosshauser,Thomas Hermann",
        "venue": "HAID",
        "id": "1258017",
        "label": "1",
        "organization": "null"
    },
    {
        "title": "Note on the RBG-patch concept",
        "year": "1992",
        "authors": "Thomas Hermann,G bor Renner",
        "venue": "Computer Aided Geometric Design",
        "id": "1501114",
        "label": "6",
        "organization": "null"
    },
    {
        "title": "On the derivatives of second and third degree rational B&eacute;zier curves",
        "year": "1999",
        "authors": "Thomas Hermann",
        "venue": "Computer Aided Geometric Design",
        "id": "1549587",
        "label": "6",
        "organization": "null"
    },
    {
        "title": "Geometric criteria on the higher order smoothness of composite surfaces",
        "year": "1999",
        "authors": "Thomas Hermann,G bor Luk cs,Franz-Erich Wolter",
        "venue": "Computer Aided Geometric Design",
        "id": "1553936",
        "label": "6",
        "organization": "null"
    },
    {
        "title": "tacTiles for Ambient Intelligence and Interactive Sonification",
        "year": "2008",
        "authors": "Thomas Hermann,Risto K iva",
        "venue": "Proceedings of the 3rd international workshop on Haptic and Audio Interaction Design",
        "id": "1599514",
        "label": "1",
        "organization": "Ambient Intelligence Group, CITEC, Bielefeld University, and Neuroinformatics Group, Faculty of Technology, Bielefeld University, Bielefeld, Germany D-33501"
    },
    {
        "title": "Augmented Haptics --- An Interactive Feedback System for Musicians",
        "year": "2009",
        "authors": "Tobias Grosshauser,Thomas Hermann",
        "venue": "Proceedings of the 4th International Conference on Haptic and Audio Interaction Design",
        "id": "1650089",
        "label": "1",
        "organization": "Ambient Intelligence Group CITEC --- Center of Excellence in Cognitive Interaction Technology, Bielefeld University, Bielefeld, Germany"
    }
]