[
    {
        "title": "Designing recommender systems for e-commerce: an integration approach",
        "year": "2006",
        "authors": "Thomas Tran",
        "venue": "ICEC",
        "id": "6120",
        "label": "0",
        "organization": "University of Ottawa, Ottawa, Ontario, Canada"
    },
    {
        "title": "Modeling trust in e-commerce: an approach based on user requirements",
        "year": "2007",
        "authors": "Alireza Pourshahid,Thomas Tran",
        "venue": "ICEC",
        "id": "6188",
        "label": "0",
        "organization": "University of Ottawa, Ottawa, ON, Canada"
    },
    {
        "title": "A Reputation-Oriented Reinforcement Learning Approach for Agents in Electronic Marketplaces",
        "year": "2002",
        "authors": "Thomas Tran",
        "venue": "AAAI/IAAI",
        "id": "15254",
        "label": "0",
        "organization": "null"
    },
    {
        "title": "A Learning Algorithm for Buying and Selling Agents in Electronic Marketplaces",
        "year": "2002",
        "authors": "Thomas Tran,Robin Cohen",
        "venue": "Canadian Conference on AI",
        "id": "31621",
        "label": "0",
        "organization": "null"
    },
    {
        "title": "A Learning Algorithm for Buying and Selling Agents in Electronic Marketplaces",
        "year": "2002",
        "authors": "Thomas Tran,Robin Cohen",
        "venue": "Canadian Conference on AI",
        "id": "31623",
        "label": "0",
        "organization": "null"
    },
    {
        "title": "A Strategy for Improved Satisfaction of Selling Software Agents in E-Commerce",
        "year": "2003",
        "authors": "Thomas Tran,Robin Cohen",
        "venue": "Canadian Conference on AI",
        "id": "31625",
        "label": "0",
        "organization": "null"
    },
    {
        "title": "Improving User Satisfaction in Agent-Based Electronic Marketplaces by Reputation Modelling and Adjustable Product Quality",
        "year": "2004",
        "authors": "Thomas Tran,Robin Cohen",
        "venue": "AAMAS",
        "id": "56833",
        "label": "0",
        "organization": "University of Waterloo"
    },
    {
        "title": "An Intelligent Agent-Based Framework for Mobile Business",
        "year": "2007",
        "authors": "Zhiyong Weng,Thomas Tran",
        "venue": "ICMB",
        "id": "329572",
        "label": "0",
        "organization": "University of Ottawa"
    },
    {
        "title": "Learning Algorithms for Software Agents in Uncertain and Untrusted Market Environments",
        "year": "2003",
        "authors": "Thomas Tran,Robin Cohen",
        "venue": "IJCAI",
        "id": "390912",
        "label": "0",
        "organization": "null"
    },
    {
        "title": "Modelling Reputation in Agent-Based Marketplaces to Improve the Performance of Buying Agents",
        "year": "2003",
        "authors": "Thomas Tran,Robin Cohen",
        "venue": "User Modeling",
        "id": "634886",
        "label": "0",
        "organization": "null"
    },
    {
        "title": "A Reputation-Oriented Reinforcement Learning Strategy for Agents in Electronic Marketplaces",
        "year": "2002",
        "authors": "Thomas Tran,Robin Cohen",
        "venue": "Computational Intelligence",
        "id": "789193",
        "label": "0",
        "organization": "null"
    },
    {
        "title": "Equilibrium of E-Markets Populated with Reputation Oriented Learning Agents",
        "year": "2004",
        "authors": "Thomas Tran,Robin Cohen",
        "venue": "New Generation Comput.",
        "id": "1025441",
        "label": "0",
        "organization": "null"
    },
    {
        "title": "Design and Implementation of Davis Social Links OSN Kernel",
        "year": "2009",
        "authors": "Thomas Tran,Kelcey Chan,Shaozhi Ye,Prantik Bhattacharyya,Ankush Garg,Xiaoming Lu,Shyhtsun Felix Wu",
        "venue": "WASA",
        "id": "1257973",
        "label": "1",
        "organization": "Department of Computer Science, University of California, Davis"
    },
    {
        "title": "The Advantages of Designing Adaptive Business Agents Using Reputation Modeling Compared to the Approach of Recursive Modeling.",
        "year": "2004",
        "authors": "Thomas Tran,Robin Cohen",
        "venue": "Computational Intelligence",
        "id": "1333987",
        "label": "0",
        "organization": "null"
    },
    {
        "title": "Protecting buying agents in e-marketplaces by direct experience trust modelling.",
        "year": "2010",
        "authors": "Thomas Tran",
        "venue": "Knowl. Inf. Syst.",
        "id": "1340006",
        "label": "0",
        "organization": "University of Ottawa, School of Information Technology and Engineering, 800 King Edward Avenue, Ottawa, ON, Canada"
    }
]