[
    {
        "title": "Extending OBDD Graphs for Composite Event Matching in Content-Based Pub/Sub Systems",
        "year": "2005",
        "authors": "Gang Xu,Wei Xu,Tao Huang",
        "venue": "ACIS-ICIS",
        "id": "4675",
        "label": "0",
        "organization": "null"
    },
    {
        "title": "Research on Models of Concept and Relation between Concepts Adapted for Semantic Disambiguation of Natural Language",
        "year": "2006",
        "authors": "Ke Zhao,Gangwei Hu,Wei Xu,Yatao Li",
        "venue": "IEEE ICCI",
        "id": "9155",
        "label": "3",
        "organization": "null"
    },
    {
        "title": "Extractive Summarization using Inter- and Intra- Event Relevance",
        "year": "2006",
        "authors": "Wenjie Li,Mingli Wu,Qin Lu,Wei Xu,Chunfa Yuan",
        "venue": "ACL",
        "id": "20779",
        "label": "4",
        "organization": "null"
    },
    {
        "title": "CCSMOMS: A Composite Communication Scheme for Mobile Object Management System",
        "year": "2006",
        "authors": "Xiaobo Fan,Wei Xu,Hong Chen,Lei Liu",
        "venue": "AINA (2)",
        "id": "35250",
        "label": "5",
        "organization": "U.C. Berkeley"
    },
    {
        "title": "The Distance Between Randomly Constructed Genomes",
        "year": "2007",
        "authors": "Wei Xu",
        "venue": "APBC",
        "id": "43654",
        "label": "8",
        "organization": "null"
    },
    {
        "title": "A Framework for Application Server Based Web Services Management",
        "year": "2005",
        "authors": "Heqing Guan,Beihong Jin,Jun Wei,Wei Xu,Ningjiang Chen",
        "venue": "APSEC",
        "id": "47157",
        "label": "0",
        "organization": "Graduate School, Chinese Academy of Sciences, Beijing, China"
    },
    {
        "title": "Deriving Event Relevance from the Ontology Constructed with Formal Concept Analysis",
        "year": "2006",
        "authors": "Wei Xu,Wenjie Li,Mingli Wu,Wei Li,Chunfa Yuan",
        "venue": "CICLing",
        "id": "94382",
        "label": "4",
        "organization": "null"
    },
    {
        "title": "Category-Based Web Personalization System",
        "year": "2001",
        "authors": "Ching-Cheng Lee,Wei Xu",
        "venue": "COMPSAC",
        "id": "112314",
        "label": "13",
        "organization": "null"
    },
    {
        "title": "Towards Dynamic Process with Variable Structure by Reflection",
        "year": "2003",
        "authors": "Shaohua Liu,Jun Wei,Wei Xu",
        "venue": "COMPSAC",
        "id": "112378",
        "label": "0",
        "organization": "null"
    },
    {
        "title": "SOWAC: A Service-Oriented Workflow Access Control Model",
        "year": "2004",
        "authors": "Wei Xu,Jun Wei,Yu Liu,Jing Li",
        "venue": "COMPSAC",
        "id": "112938",
        "label": "0",
        "organization": "Chinese Academy of Sciences"
    },
    {
        "title": "An Algorithm for Solving Scaled Total Least Squares Problems",
        "year": "2008",
        "authors": "Sanzheng Qiao,Wei Xu,Yimin Wei",
        "venue": "CSC",
        "id": "121473",
        "label": "16",
        "organization": "null"
    },
    {
        "title": "An Algorithm for Multiple Object Trajectory Tracking",
        "year": "2004",
        "authors": "Mei Han,Wei Xu,Hai Tao,Yihong Gong",
        "venue": "CVPR (1)",
        "id": "128040",
        "label": "17",
        "organization": "NEC Labs. America, Cupertino, CA, USA"
    },
    {
        "title": "A Multi-Channel Algorithm for Edge Detection Under Varying Lighting",
        "year": "2006",
        "authors": "Wei Xu,Michael Jenkin,Yves Lesperance",
        "venue": "CVPR (2)",
        "id": "129487",
        "label": "19",
        "organization": "University of Colorado at Boulder"
    },
    {
        "title": "Soft Edge Smoothness Prior for Alpha Channel Super Resolution",
        "year": "2007",
        "authors": "Shengyang Dai,Mei Han,Wei Xu,Ying Wu,Yihong Gong",
        "venue": "CVPR",
        "id": "129819",
        "label": "17",
        "organization": "null"
    },
    {
        "title": "Discriminative learning of visual words for 3D human pose estimation",
        "year": "2008",
        "authors": "Huazhong Ning,Wei Xu,Yihong Gong,Thomas S. Huang",
        "venue": "CVPR",
        "id": "130233",
        "label": "17",
        "organization": "Dept. of ECE, Illinois Univ., Urbana, IL"
    },
    {
        "title": "Control Considerations for Scalable Event Processing",
        "year": "2005",
        "authors": "Wei Xu,Joseph L. Hellerstein,Bill Kramer,David A. Patterson",
        "venue": "DSOM",
        "id": "162289",
        "label": "5",
        "organization": "null"
    },
    {
        "title": "Latent Pose Estimator for Continuous Action Recognition",
        "year": "2008",
        "authors": "Huazhong Ning,Wei Xu,Yihong Gong,Thomas S. Huang",
        "venue": "ECCV (2)",
        "id": "169652",
        "label": "17",
        "organization": "NEC Laboratories America, Inc., USA"
    },
    {
        "title": "Training Hierarchical Feed-Forward Visual Recognition Models Using Transfer Learning from Pseudo-Tasks",
        "year": "2008",
        "authors": "Amr Ahmed,Kai Yu,Wei Xu,Yihong Gong,Eric P. Xing",
        "venue": "ECCV (3)",
        "id": "169724",
        "label": "17",
        "organization": "NEC Labs America, Cupertino, CA 95014"
    },
    {
        "title": "An Extended Event Matching Approach in Content-based Pub/Sub Systems for EAI",
        "year": "2005",
        "authors": "Gang Xu,Wei Xu,Tao Huang",
        "venue": "EDOC",
        "id": "177651",
        "label": "0",
        "organization": "Chinese Academy of Sciences"
    },
    {
        "title": "Zum Einsatzpotenzial von Wetterderivaten in der Landwirtschaft - dargestellt am Beispiel einer Niederschlagsoption",
        "year": "2006",
        "authors": "Oliver Mushoff,Martin Odening,Wei Xu",
        "venue": "GIL Jahrestagung",
        "id": "232416",
        "label": "23",
        "organization": "null"
    },
    {
        "title": "Design of a nanosensor array architecture",
        "year": "2004",
        "authors": "Wei Xu,Narayanan Vijaykrishnan,Yuan Xie,Mary Jane Irwin",
        "venue": "ACM Great Lakes Symposium on VLSI",
        "id": "234319",
        "label": "25",
        "organization": "The Pennsylvania State University, University Park, PA"
    },
    {
        "title": "A Component-Based Analytical Performance Model of IP-Based SAN",
        "year": "2008",
        "authors": "Min Wang,Wei Xu,Lu Xu",
        "venue": "GPC",
        "id": "235542",
        "label": "0",
        "organization": "null"
    },
    {
        "title": "Comparative Hypertext Approaches to Ergonomic Training",
        "year": "1997",
        "authors": "Wei Xu,Marvin J. Dainoff",
        "venue": "HCI (2)",
        "id": "240884",
        "label": "28",
        "organization": "null"
    },
    {
        "title": "Research on the Status Quo and System Architecture of the Web Information Resource Evaluation",
        "year": "2007",
        "authors": "Wei Xu,Ji Liu,Xiangxing Shen",
        "venue": "I3E (2)",
        "id": "258502",
        "label": "26",
        "organization": "null"
    },
    {
        "title": "Efficient user Scheduling under Low Rate Feedback for Correlated MIMO Broadcast Channels",
        "year": "2008",
        "authors": "Wei Xu,Chunming Zhao,Zhi Ding",
        "venue": "ICC",
        "id": "276323",
        "label": "30",
        "organization": "Nat. Mobile Commun. Res. Lab., Southeast Univ., Nanjing"
    },
    {
        "title": "Error Probability of OFDM Systems Impaired by Carrier Frequency Offset in Frequency Selective Rayleigh Fading Channels",
        "year": "2007",
        "authors": "Peng Zhou,Ming Jiang,Chunming Zhao,Wei Xu",
        "venue": "ICC",
        "id": "277629",
        "label": "30",
        "organization": "null"
    },
    {
        "title": "Efficient Adaptive Resource Allocation for Multiuser OFDM Systems with Minimum Rate Constraints",
        "year": "2007",
        "authors": "Wei Xu,Chunming Zhao,Peng Zhou,Yijin Yang",
        "venue": "ICC",
        "id": "277787",
        "label": "30",
        "organization": "null"
    },
    {
        "title": "A New Hybrid Approach for Analysis of Factors Affecting Crude Oil Price",
        "year": "2007",
        "authors": "Wei Xu,Jue Wang,Xun Zhang,Wen Zhang,Shouyang Wang",
        "venue": "International Conference on Computational Science (3)",
        "id": "280801",
        "label": "31",
        "organization": "School of Management, Graduate University of Chinese Academy of Sciences, Chinese Academy of Sciences, Beijing, 100080, China"
    },
    {
        "title": "Building Document Graphs for Multiple News Articles Summarization: An Event-Based Approach",
        "year": "2006",
        "authors": "Wei Xu,Chunfa Yuan,Wenjie Li,Mingli Wu,Kam-Fai Wong",
        "venue": "ICCPOL",
        "id": "289806",
        "label": "4",
        "organization": "null"
    },
    {
        "title": "Provably Correct Runtime Enforcement of Non-interference Properties",
        "year": "2006",
        "authors": "V. N. Venkatakrishnan,Wei Xu,Daniel C. DuVarney,R. Sekar",
        "venue": "ICICS",
        "id": "314958",
        "label": "32",
        "organization": "null"
    },
    {
        "title": "Improving Speaker Diarization by Cross EM Refinement",
        "year": "2006",
        "authors": "Huazhong Ning,Wei Xu,Yihong Gong,Thomas S. Huang",
        "venue": "ICME",
        "id": "331828",
        "label": "17",
        "organization": "Beckman Inst., Univ. of Illinois at Urbana-Champaign, Urbana, IL"
    },
    {
        "title": "Efficient Video Object Segmentation by Graph-Cut",
        "year": "2007",
        "authors": "Jinjun Wang,Wei Xu,Shenghuo Zhu,Yihong Gong",
        "venue": "ICME",
        "id": "332993",
        "label": "17",
        "organization": "NEC Lab. America, Cupertino"
    },
    {
        "title": "Detecting Unsafe Driving Patterns using Discriminative Learning",
        "year": "2007",
        "authors": "Yue Zhou,Wei Xu,Huazhong Ning,Yihong Gong,Thomas S. Huang",
        "venue": "ICME",
        "id": "333109",
        "label": "17",
        "organization": "Univ. of Illinois, Urbana"
    },
    {
        "title": "Interfacial Behavior of Complex Hydrocarbon Fluids at Elevated Pressures and Temperatures",
        "year": "2005",
        "authors": "Subhash C. Ayirala,Wei Xu,Dandina N. Rao",
        "venue": "ICMENS",
        "id": "333595",
        "label": "34",
        "organization": "The Craft and Hawkins Department of Petroleum Engineering Louisiana State University Baton Rouge, LA 70803-6417, USA"
    },
    {
        "title": "Compositional Dependence of Wetting and Contact Angles in Solid-Liquid-Liquid Systems under Realistic Environments",
        "year": "2005",
        "authors": "Wei Xu,Subhash C. Ayirala,Dandina N. Rao",
        "venue": "ICMENS",
        "id": "333894",
        "label": "34",
        "organization": "Dept. of Pet. Eng., Louisiana State Univ., Baton Rouge, LA, USA"
    },
    {
        "title": "Exploration and Exploitation in Adaptive Filtering Based on Bayesian Active Learning",
        "year": "2003",
        "authors": "Yi Zhang,Wei Xu,James P. Callan",
        "venue": "ICML",
        "id": "336046",
        "label": "17",
        "organization": "null"
    },
    {
        "title": "Video Foreground Segmentation Based on Sequential Feature Clustering",
        "year": "2006",
        "authors": "Mei Han,Wei Xu,Yihong Gong",
        "venue": "ICPR (1)",
        "id": "346940",
        "label": "17",
        "organization": "NEC Laboratories America Cupertino, CA, USA"
    },
    {
        "title": "A Conditional Random Field Model for Video Super-resolution",
        "year": "2006",
        "authors": "Dan Kong,Mei Han,Wei Xu,Hai Tao,Yihong Gong",
        "venue": "ICPR (3)",
        "id": "347421",
        "label": "17",
        "organization": "NEC Labs America, Cupertino, CA"
    },
    {
        "title": "Robust relative pose estimation with integrated cheirality constraint",
        "year": "2008",
        "authors": "Wei Xu,Jane Mulligan",
        "venue": "ICPR",
        "id": "349682",
        "label": "19",
        "organization": "Dept. of Comput. Sci., Univ. of Colorado, Boulder, CO"
    },
    {
        "title": "Temporal difference learning to detect unsafe system states",
        "year": "2008",
        "authors": "Huazhong Ning,Wei Xu,Yue Zhou,Yihong Gong,Thomas S. Huang",
        "venue": "ICPR",
        "id": "349707",
        "label": "17",
        "organization": "ECE Dept., U. of Illinois at Urbana-Champaign, Urbana, IL"
    },
    {
        "title": "Lights and Camera: Intelligently Controlled Multi-channel Pose Estimation System",
        "year": "2006",
        "authors": "Olena Borzenko,Wei Xu,Mark Obsniuk,Arjun Chopra,Piotr Jasiobedzki,Michael R. M. Jenkin,Yves Lesperance",
        "venue": "ICVS",
        "id": "368789",
        "label": "19",
        "organization": "York University, Toronto, Canada."
    },
    {
        "title": "A Framework for Building Privacy-Conscious Composite Web Services",
        "year": "2006",
        "authors": "Wei Xu,V. N. Venkatakrishnan,R. Sekar,I. V. Ramakrishnan",
        "venue": "ICWS",
        "id": "370930",
        "label": "32",
        "organization": "Stony Brook University"
    },
    {
        "title": "Spin-transfer torque magnetoresistive content addressable memory (CAM) cell structure design with enhanced search noise margin",
        "year": "2008",
        "authors": "Wei Xu,Tong Zhang,Yiran Chen",
        "venue": "ISCAS",
        "id": "431521",
        "label": "36",
        "organization": "ECSE Dept., Rensselaer Polytech. Inst., Troy, NY"
    },
    {
        "title": "Extending OBDD Graphs for Composite Event Matching in Content-based Pub/Sub Systems",
        "year": "2005",
        "authors": "Gang Xu,Wei Xu,Tao Huang",
        "venue": "ISPDC",
        "id": "446948",
        "label": "0",
        "organization": "Chinese Academy of Sciences, Beijing, China"
    },
    {
        "title": "An integrated baseball digest system using maximum entropy method",
        "year": "2002",
        "authors": "Mei Han,Wei Hua,Wei Xu,Yihong Gong",
        "venue": "ACM Multimedia",
        "id": "502291",
        "label": "17",
        "organization": "C & C Research Laboratories, NEC USA, Inc."
    },
    {
        "title": "Video object segmentation by motion-based sequential feature clustering",
        "year": "2006",
        "authors": "Mei Han,Wei Xu,Yihong Gong",
        "venue": "ACM Multimedia",
        "id": "503485",
        "label": "17",
        "organization": "NEC Laboratories America"
    },
    {
        "title": "Deep Learning with Kernel Regularization for Visual Recognition",
        "year": "2008",
        "authors": "Kai Yu,Wei Xu,Yihong Gong",
        "venue": "NIPS",
        "id": "518121",
        "label": "17",
        "organization": "null"
    },
    {
        "title": "Mining Console Logs for Large-Scale System Problem Detection",
        "year": "2008",
        "authors": "Wei Xu,Ling Huang,Armando Fox,David A. Patterson,Michael I. Jordan",
        "venue": "SysML",
        "id": "523930",
        "label": "5",
        "organization": "null"
    },
    {
        "title": "Parallelism in Structured Newton Computations",
        "year": "2007",
        "authors": "Thomas F. Coleman,Wei Xu",
        "venue": "PARCO",
        "id": "529521",
        "label": "42",
        "organization": "null"
    },
    {
        "title": "Diversifying and Improving Business Process Management Systems by Service Cooperation Middleware",
        "year": "2003",
        "authors": "Shaohua Liu,Jun Wei,Wei Xu",
        "venue": "QSIC",
        "id": "557152",
        "label": "0",
        "organization": "Inst. of Software, Chinese Acad. of Sci., Beijing, China"
    },
    {
        "title": "Information Concept Lattice and Its Reductions",
        "year": "2007",
        "authors": "Wei Xu,Ping Xu,Wen-Xiu Zhang",
        "venue": "RSKT",
        "id": "562320",
        "label": "0",
        "organization": "null"
    },
    {
        "title": "A hierarchical naive Bayes mixture model for name disambiguation in author citations",
        "year": "2005",
        "authors": "Hui Han,Wei Xu,Hongyuan Zha,C. Lee Giles",
        "venue": "SAC",
        "id": "567362",
        "label": "17",
        "organization": "NEC Laboratories America, Inc., Cupertino, CA"
    },
    {
        "title": "Incremental Spectral Clustering With Application to Monitoring of Evolving Blog Communities",
        "year": "2007",
        "authors": "Huazhong Ning,Wei Xu,Yun Chi,Yihong Gong,Thomas S. Huang",
        "venue": "SDM",
        "id": "579283",
        "label": "17",
        "organization": "null"
    },
    {
        "title": "Literature-based Alignment of Ontologies",
        "year": "2008",
        "authors": "Patrick Lambrix,He Tan,Wei Xu",
        "venue": "OM",
        "id": "584209",
        "label": "43",
        "organization": "null"
    },
    {
        "title": "Document clustering with prior knowledge",
        "year": "2006",
        "authors": "Xiang Ji,Wei Xu",
        "venue": "SIGIR",
        "id": "594592",
        "label": "17",
        "organization": "null"
    },
    {
        "title": "Document clustering with cluster refinement and model selection capabilities",
        "year": "2002",
        "authors": "Xin Liu,Yihong Gong,Wei Xu,Shenghuo Zhu",
        "venue": "SIGIR",
        "id": "595360",
        "label": "17",
        "organization": "NEC USA, Inc, Cupertino, CA"
    },
    {
        "title": "Document clustering by concept factorization",
        "year": "2004",
        "authors": "Wei Xu,Yihong Gong",
        "venue": "SIGIR",
        "id": "595994",
        "label": "17",
        "organization": "NEC Laboratories America, Inc., Cupertino, CA"
    },
    {
        "title": "Document clustering based on non-negative matrix factorization",
        "year": "2003",
        "authors": "Wei Xu,Xin Liu,Yihong Gong",
        "venue": "SIGIR",
        "id": "595996",
        "label": "17",
        "organization": "NEC Laboratories America, Inc., Cupertino, CA"
    },
    {
        "title": "Multi-labelled classification using maximum entropy method",
        "year": "2005",
        "authors": "Shenghuo Zhu,Xiang Ji,Wei Xu,Yihong Gong",
        "venue": "SIGIR",
        "id": "596001",
        "label": "17",
        "organization": "NEC Laboratories America, Inc., Cupertino, CA"
    },
    {
        "title": "Fast exact maximum likelihood estimation for mixture of language models",
        "year": "2007",
        "authors": "Yi Zhang,Wei Xu",
        "venue": "SIGIR",
        "id": "596089",
        "label": "17",
        "organization": "NEC Lab America, Cupertino, CA"
    },
    {
        "title": "trNon-greedy active learning for text categorization using convex ansductive experimental design",
        "year": "2008",
        "authors": "Kai Yu,Shenghuo Zhu,Wei Xu,Yihong Gong",
        "venue": "SIGIR",
        "id": "596458",
        "label": "17",
        "organization": "NEC Laboratories America, Cupertino, USA"
    },
    {
        "title": "An efficient and backwards-compatible transformation to ensure memory safety of C programs",
        "year": "2004",
        "authors": "Wei Xu,Daniel C. DuVarney,R. Sekar",
        "venue": "SIGSOFT FSE",
        "id": "601157",
        "label": "32",
        "organization": "Stony Brook University"
    },
    {
        "title": "A Shared-Path-Protection Based Heuristic Algorithm for the Capacity Placement Problem in Mesh Networks",
        "year": "2007",
        "authors": "Wei Xu,Xingming Li",
        "venue": "SNPD (1)",
        "id": "608858",
        "label": "47",
        "organization": "University of Electronic Science and Technology of China Chengdu, China"
    },
    {
        "title": "BUPT at TREC 2006: Spam Track",
        "year": "2006",
        "authors": "Zhen Yang,Wei Xu,Bo Chen,Weiran Xu,Jun Guo",
        "venue": "TREC",
        "id": "630689",
        "label": "46",
        "organization": "null"
    },
    {
        "title": "A Nanosensor Array-Based VLSI Gas Discriminator",
        "year": "2005",
        "authors": "Kevin M. Irick,Wei Xu,Narayanan Vijaykrishnan,Mary Jane Irwin",
        "venue": "VLSI Design",
        "id": "645297",
        "label": "25",
        "organization": "null"
    },
    {
        "title": "Background Segmentation Using Spatial-Temporal Multi-Resolution MRF",
        "year": "2005",
        "authors": "Yue Zhou,Wei Xu,Hai Tao,Yihong Gong",
        "venue": "WACV/MOTION",
        "id": "651025",
        "label": "17",
        "organization": "NEC Laboratories America, Inc."
    },
    {
        "title": "A Transaction-Aware Coordination Protocol for Web Services Composition",
        "year": "2006",
        "authors": "Wei Xu,Wenqing Cheng,Wei Liu",
        "venue": "WISE",
        "id": "663914",
        "label": "11",
        "organization": "null"
    },
    {
        "title": "An approach for realizing privacy-preserving web-based services",
        "year": "2005",
        "authors": "Wei Xu,R. Sekar,I. V. Ramakrishnan,V. N. Venkatakrishnan",
        "venue": "WWW (Special interest tracks and posters)",
        "id": "674945",
        "label": "32",
        "organization": "Stony Brook University"
    },
    {
        "title": "Research and Application of Spatio-temporal Data Mining Based on Ontology",
        "year": "2006",
        "authors": "Wei Xu,Hou-Kuan Huang",
        "venue": "ICICIC (2)",
        "id": "679308",
        "label": "1",
        "organization": "Sch. of Comput. & Inf. Technol., Beijing Jiaotong Univ."
    },
    {
        "title": "An Analytical Performance Model of IP-SAN",
        "year": "2008",
        "authors": "Min Wang,Liu Liu,Wei Xu,Lu Xu",
        "venue": "NAS",
        "id": "680893",
        "label": "0",
        "organization": "Inst. of Comput. Technol., Chinese Acad. of Sci., Beijing"
    },
    {
        "title": "Predictive Control for Dynamic Resource Allocation in Enterprise Data Centers",
        "year": "2006",
        "authors": "Wei Xu,Xiaoyun Zhu,Sharad Singhal,Zhikui Wang",
        "venue": "NOMS",
        "id": "726393",
        "label": "5",
        "organization": "California Univ., Berkeley, CA"
    },
    {
        "title": "Instrumentation and experiment design for in-vitro interface temperature measurement during the insertion of an orthopaedic implant",
        "year": "2008",
        "authors": "Wei Xu",
        "venue": "ICARCV",
        "id": "733241",
        "label": "6",
        "organization": "Centre for Biomed. Eng., Univ. of Surrey, Guildford"
    },
    {
        "title": "Tikhonov regularization for weighted total least squares problems",
        "year": "2007",
        "authors": "Yimin Wei,Naimin Zhang,Michael K. Ng,Wei Xu",
        "venue": "Appl. Math. Lett.",
        "id": "756356",
        "label": "16",
        "organization": "null"
    },
    {
        "title": "The termination criterion for subdivision of the rational Bezier curves",
        "year": "1991",
        "authors": "Guojin Wang,Wei Xu",
        "venue": "CVGIP: Graphical Model and Image Processing",
        "id": "834642",
        "label": "20",
        "organization": "null"
    },
    {
        "title": "Maximum entropy model-based baseball highlight detection and classification",
        "year": "2004",
        "authors": "Yihong Gong,Mei Han,Wei Hua,Wei Xu",
        "venue": "Computer Vision and Image Understanding",
        "id": "834972",
        "label": "17",
        "organization": "NEC Laboratories America, Inc., 10080 North Wolfe Road, SW3-350 Cupertino, CA"
    },
    {
        "title": "Fuzzy inference based on fuzzy concept lattice",
        "year": "2006",
        "authors": "Shi-Qing Fan,Wen-Xiu Zhang,Wei Xu",
        "venue": "Fuzzy Sets and Systems",
        "id": "880831",
        "label": "0",
        "organization": "Institute for Information and System Sciences, Faculty of Science, Xi'an Jiaotong University, Xi'an, Shaan'xi 710049, PR China"
    },
    {
        "title": "Lossless Subdivision-Based Multiresolution Representation of Arbitrary Triangle Meshes Using Kite Trees",
        "year": "2002",
        "authors": "Wei Xu,Richard Hammersley,Karen Lu,Donald S. Fussell",
        "venue": "Int. J. Found. Comput. Sci.",
        "id": "909498",
        "label": "14",
        "organization": "null"
    },
    {
        "title": "Fast exact maximum likelihood estimation for mixture of language model",
        "year": "2008",
        "authors": "Yi Zhang,Wei Xu",
        "venue": "Inf. Process. Manage.",
        "id": "937281",
        "label": "17",
        "organization": "null"
    },
    {
        "title": "Design fuzzy controllers for complex systems with an application to 3-stage inverted pendulums",
        "year": "1993",
        "authors": "Hongmin Zhang,Xiwen Ma,Wei Xu,Peizhuang Wang",
        "venue": "Inf. Sci.",
        "id": "942298",
        "label": "15",
        "organization": "null"
    },
    {
        "title": "Paths and Cycles in Breakpoint Graph of Random Multichromosomal Genomes",
        "year": "2007",
        "authors": "Wei Xu,Chunfang Zheng,David Sankoff",
        "venue": "Journal of Computational Biology",
        "id": "962404",
        "label": "8",
        "organization": "null"
    },
    {
        "title": "Multi-object trajectory tracking",
        "year": "2007",
        "authors": "Mei Han,Wei Xu,Hai Tao,Yihong Gong",
        "venue": "Mach. Vis. Appl.",
        "id": "1017574",
        "label": "17",
        "organization": "NEC Laboratories America, Cupertino, CA, USA"
    },
    {
        "title": "The design and characteristics of piezomotors using flexure-hinged displacement amplifiers",
        "year": "1996",
        "authors": "Tim King,Wei Xu",
        "venue": "Robotics and Autonomous Systems",
        "id": "1049729",
        "label": "24",
        "organization": "null"
    },
    {
        "title": "Neuroscience output of China: A MEDLINE-based bibliometric study",
        "year": "2003",
        "authors": "Wei Xu,Yi-Zhang Chen,Zhi-Chao Shen",
        "venue": "Scientometrics",
        "id": "1054740",
        "label": "27",
        "organization": "null"
    },
    {
        "title": "SoftCuts: A Soft Edge Smoothness Prior for Color Image Super-Resolution",
        "year": "2009",
        "authors": "Shengyang Dai,Mei Han,Wei Xu,Ying Wu,Yihong Gong,Aggelos K. Katsaggelos",
        "venue": "IEEE Transactions on Image Processing",
        "id": "1102944",
        "label": "17",
        "organization": "Dept. of Electr. Eng. & Comput. Sci., Northwestern Univ., Evanston, IL"
    },
    {
        "title": "Bifurcations of travelling wave solutions in a model of the hydrogen-bonded systems",
        "year": "2005",
        "authors": "Jianwei Shen,Jibin Li,Wei Xu",
        "venue": "Applied Mathematics and Computation",
        "id": "1144719",
        "label": "22",
        "organization": "null"
    },
    {
        "title": "Responses of strongly non-linear oscillator parametrically excited by random narrow-band noise",
        "year": "2005",
        "authors": "Xiaoli Yang,Wei Xu,Zhongkui Sun,Yong Xu",
        "venue": "Applied Mathematics and Computation",
        "id": "1144764",
        "label": "22",
        "organization": "null"
    },
    {
        "title": "Bifurcation method and traveling wave solution to Whitham-Broer-Kaup equation",
        "year": "2005",
        "authors": "Jianwei Shen,Wei Xu,Yanfei Jin",
        "venue": "Applied Mathematics and Computation",
        "id": "1144768",
        "label": "22",
        "organization": "null"
    },
    {
        "title": "Bifurcations of traveling wave solutions for a class of the generalized Benjamin-Bona-Mahony equation",
        "year": "2006",
        "authors": "Xiaoshan Zhao,Wei Xu,Shuang Li,Jianwei Shen",
        "venue": "Applied Mathematics and Computation",
        "id": "1145151",
        "label": "22",
        "organization": "null"
    },
    {
        "title": "Chaos controlling of extended nonlinear Lienard system based on the Melnikov theory",
        "year": "2006",
        "authors": "Ruihong Li,Wei Xu,Shuang Li",
        "venue": "Applied Mathematics and Computation",
        "id": "1145327",
        "label": "22",
        "organization": "null"
    },
    {
        "title": "Smooth and non-smooth travelling wave solutions of generalized Degasperis-Procesi equation",
        "year": "2006",
        "authors": "Jianwei Shen,Wei Xu",
        "venue": "Applied Mathematics and Computation",
        "id": "1145769",
        "label": "22",
        "organization": "null"
    },
    {
        "title": "Analysis of chaotic behavior in the extended Duffing-Van der Pol system subject to additive non-symmetry biharmonical excitation",
        "year": "2006",
        "authors": "Zhan-guo Li,Wei Xu,Xiao-yan Zhang",
        "venue": "Applied Mathematics and Computation",
        "id": "1145867",
        "label": "22",
        "organization": "null"
    },
    {
        "title": "A series of explicit and exact travelling wave solutions of the B(m, n) equations",
        "year": "2007",
        "authors": "Wei Xu,Liang Gao,Yaning Tang,Jianwei Shen",
        "venue": "Applied Mathematics and Computation",
        "id": "1146008",
        "label": "22",
        "organization": "null"
    },
    {
        "title": "Bifurcations of limit cycles for a perturbed quintic Hamiltonian system with four infinite singular points",
        "year": "2007",
        "authors": "Hongxian Zhou,Wei Xu,Xiaoshan Zhao,Bingchang Zhou",
        "venue": "Applied Mathematics and Computation",
        "id": "1146366",
        "label": "22",
        "organization": "null"
    },
    {
        "title": "Stochastic Hopf bifurcation and chaos of stochastic Bonhoeffer-van der Pol system via Chebyshev polynomial approximation",
        "year": "2007",
        "authors": "Ying Zhang,Wei Xu,Tong Fang",
        "venue": "Applied Mathematics and Computation",
        "id": "1146982",
        "label": "22",
        "organization": "null"
    },
    {
        "title": "On the number of limit cycles of a cubic polynomials Hamiltonian system under quintic perturbation",
        "year": "2007",
        "authors": "Hongxian Zhou,Wei Xu,Shuang Li,Ying Zhang",
        "venue": "Applied Mathematics and Computation",
        "id": "1147026",
        "label": "22",
        "organization": "null"
    },
    {
        "title": "Detection function method and its application to a class of quintic Hamiltonian systems with quintic perturbations",
        "year": "2007",
        "authors": "Hongxian Zhou,Wei Xu,Xiaoshan Zhao,Shuang Li",
        "venue": "Applied Mathematics and Computation",
        "id": "1147058",
        "label": "22",
        "organization": "null"
    },
    {
        "title": "Travelling wave solutions for a class of the generalized Benjamin-Bona-Mahoney equations",
        "year": "2007",
        "authors": "Xiaoshan Zhao,Wei Xu",
        "venue": "Applied Mathematics and Computation",
        "id": "1147103",
        "label": "22",
        "organization": "null"
    },
    {
        "title": "Numerical meshfree path integration method for non-linear dynamic systems",
        "year": "2008",
        "authors": "Wen-Xian Xie,Wei Xu,Li Cai",
        "venue": "Applied Mathematics and Computation",
        "id": "1147508",
        "label": "22",
        "organization": "null"
    },
    {
        "title": "Bifurcations of traveling wave solutions for a class of the nonlinear equations",
        "year": "2008",
        "authors": "Xiaoshan Zhao,Mingchun Wang,Wei Xu",
        "venue": "Applied Mathematics and Computation",
        "id": "1147529",
        "label": "22",
        "organization": "null"
    },
    {
        "title": "Travelling wave solutions in the generalized Hirota-Satsuma coupled KdV system",
        "year": "2005",
        "authors": "Jianwei Shen,Wei Xu,Yong Xu",
        "venue": "Applied Mathematics and Computation",
        "id": "1148399",
        "label": "22",
        "organization": "null"
    },
    {
        "title": "Computations of shallow water equations with high-order central-upwind schemes on triangular meshes",
        "year": "2005",
        "authors": "Wen-Xian Xie,Li Cai,Jian-Hu Feng,Wei Xu",
        "venue": "Applied Mathematics and Computation",
        "id": "1149132",
        "label": "22",
        "organization": "null"
    },
    {
        "title": "Thirteen limit cycles for a class of cubic Hamiltonian system with higher-order perturbed terms",
        "year": "2008",
        "authors": "Hongxian Zhou,Wei Xu",
        "venue": "Applied Mathematics and Computation",
        "id": "1149327",
        "label": "22",
        "organization": "null"
    },
    {
        "title": "Towards an Efficient Self-organizing Reconfiguration Method for Self-reconfigurable Robots",
        "year": "2003",
        "authors": "Wei Xu,Shigang Wang,An-Lin Wang,Guobao Wang",
        "venue": "Journal of Intelligent and Robotic Systems",
        "id": "1152666",
        "label": "33",
        "organization": "School of Mechanical Engineering, Shanghai Jiaotong University, Shanghai 200030, P. R. of China; e-mail: njxw2000@yahoo.com"
    },
    {
        "title": "3D finite element mesh generation of complicated tooth model based on CT slices",
        "year": "2006",
        "authors": "Jianxin Gao,Wei Xu,Zuquan Ding",
        "venue": "Computer Methods and Programs in Biomedicine",
        "id": "1163279",
        "label": "6",
        "organization": "Centre for Biomedical Engineering, School of Engineering, University of Surrey, Guildford, Surrey GU2 7XH, UK"
    },
    {
        "title": "GCS-MA: A group communication system for mobile agents",
        "year": "2007",
        "authors": "Wei Xu,Jiannong Cao,Beihong Jin,Jing Li,Liang Zhang",
        "venue": "J. Network and Computer Applications",
        "id": "1168025",
        "label": "0",
        "organization": "Technology Center of Software Engineering, Institute of Software, Chinese Academy of Sciences, Beijing 100080, China and Graduate School, Chinese Academy of Sciences, Beijing 100039, China"
    },
    {
        "title": "Effect of Gaussian White Noise on the Dynamical Behaviors of an Extended Duffing-van der Pol oscillator",
        "year": "2006",
        "authors": "Xiaoli Yang,Wei Xu,Zhongkui Sun",
        "venue": "I. J. Bifurcation and Chaos",
        "id": "1193522",
        "label": "22",
        "organization": "null"
    },
    {
        "title": "Global Analysis of Stochastic bifurcation in Duffing System",
        "year": "2003",
        "authors": "Wei Xu,Qun He,Tong Fang,Haiwu Rong",
        "venue": "I. J. Bifurcation and Chaos",
        "id": "1194687",
        "label": "22",
        "organization": "null"
    },
    {
        "title": "On using flexure-hinge five-bar linkages to develop novel walking mechanisms and small-scale grippers for microrobots",
        "year": "2004",
        "authors": "Guobao Wang,Shigang Wang,Wei Xu",
        "venue": "J. Field Robotics",
        "id": "1195873",
        "label": "33",
        "organization": "School of Mechanical Engineering, Shanghai Jiaotong University, Shanghai 200030, People's Republic of China"
    },
    {
        "title": "A hybrid particle swarm optimization approach with prior crossover differential evolution",
        "year": "2009",
        "authors": "Wei Xu,Xingsheng Gu",
        "venue": "GEC Summit",
        "id": "1207543",
        "label": "38",
        "organization": "East China University of Science and Technology, Shanghai, China"
    },
    {
        "title": "The Periodic Solution of a Class of Two Neurons Hopfield Network with Distributed Delay",
        "year": "2009",
        "authors": "Zhaogang Xiong,Wei Xu,Boshan Chen",
        "venue": "ISNN (1)",
        "id": "1211180",
        "label": "39",
        "organization": "School of Mathematics and Statistics, Hubei Normal University, Huangshi, Hubei, China 435002"
    },
    {
        "title": "Fusion Algorithm Based on the Intuitionistic Fuzzy Set and Multiple Neural Network",
        "year": "2009",
        "authors": "Jun Zhi,Jianyong Liu,Wei Xu,Limin Zhi",
        "venue": "ISNN (2)",
        "id": "1211404",
        "label": "35",
        "organization": "PLA University of Science and Technology, Nanjing, China 210007"
    },
    {
        "title": "EzArray: A web-based highly automated Affymetrix expression array data management and analysis system",
        "year": "2008",
        "authors": "Yuerong Zhu,Yuelin Zhu,Wei Xu",
        "venue": "BMC Bioinformatics",
        "id": "1220616",
        "label": "37",
        "organization": "null"
    },
    {
        "title": "Improving STT MRAM storage density through smaller-than-worst-case transistor sizing",
        "year": "2009",
        "authors": "Wei Xu,Yiran Chen,Xiaobin Wang,Tong Zhang",
        "venue": "DAC",
        "id": "1240985",
        "label": "36",
        "organization": "Rensselaer Polytechnic Institute, Troy, NY"
    },
    {
        "title": "Data manipulation techniques to reduce phase change memory write energy",
        "year": "2009",
        "authors": "Wei Xu,Jibang Liu,Tong Zhang",
        "venue": "ISLPED",
        "id": "1250890",
        "label": "36",
        "organization": "Rensselaer Polytechnic Institute, Troy, NY, USA"
    },
    {
        "title": "Detecting video events based on action recognition in complex scenes using spatio-temporal descriptor",
        "year": "2009",
        "authors": "Guangyu Zhu,Ming Yang,Kai Yu,Wei Xu,Yihong Gong",
        "venue": "ACM Multimedia",
        "id": "1252998",
        "label": "17",
        "organization": "NEC Laboratories America, Cupertino, CA, USA"
    },
    {
        "title": "Detecting large-scale system problems by mining console logs",
        "year": "2009",
        "authors": "Wei Xu,Ling Huang,Armando Fox,David A. Patterson,Michael I. Jordan",
        "venue": "SOSP",
        "id": "1256307",
        "label": "5",
        "organization": "University of California at Berkeley, Berkeley, CA, USA"
    },
    {
        "title": "Surveillance Event Detection",
        "year": "2008",
        "authors": "Mert Dikmen,Huazhong Ning,Dennis Lin,Liangliang Cao,Vuong Le,Shen-Fu Tsai,Kai-Hsiang Lin,Zhen Li,Jianchao Yang,Thomas S. Huang,Fengjun Lv,Wei Xu,Ming Yang,Kai Yu,Guangyu Zhu,Yihong Gong",
        "venue": "IJHPCA",
        "id": "1265640",
        "label": "17",
        "organization": "null"
    },
    {
        "title": "A generalization of Sperner's theorem and an application to graph orientations",
        "year": "2009",
        "authors": "Jianguo Qian,Konrad Engel,Wei Xu",
        "venue": "Discrete Applied Mathematics",
        "id": "1270206",
        "label": "41",
        "organization": "School of Mathematical Sciences, Xiamen University, Xiamen 361005, Fujian, PR China"
    },
    {
        "title": "Feature - Bridging the gaps between enterprise software and end users",
        "year": "2009",
        "authors": "Kraig Finstad,Wei Xu,Shibani Kapoor,Sri Canakapalli,John Gladding",
        "venue": "Interactions",
        "id": "1275889",
        "label": "40",
        "organization": "null"
    },
    {
        "title": "Incremental spectral clustering by efficiently updating the eigen-system",
        "year": "2010",
        "authors": "Huazhong Ning,Wei Xu,Yun Chi,Yihong Gong,Thomas S. Huang",
        "venue": "Pattern Recognition",
        "id": "1280375",
        "label": "17",
        "organization": "NEC Laboratories America, Inc., USA"
    },
    {
        "title": "Adaptive complete synchronization of the noise-perturbed two bi-directionally coupled chaotic systems with time-delay and unknown parametric mismatch",
        "year": "2009",
        "authors": "Yuzhu Xiao,Wei Xu,Sufang Tang,Xiuchun Li",
        "venue": "Applied Mathematics and Computation",
        "id": "1283583",
        "label": "22",
        "organization": "null"
    },
    {
        "title": "Analysis of bifurcations for non-linear stochastic non-smooth vibro-impact system via top Lyapunov exponent",
        "year": "2009",
        "authors": "Jinqian Feng,Wei Xu",
        "venue": "Applied Mathematics and Computation",
        "id": "1283594",
        "label": "22",
        "organization": "null"
    },
    {
        "title": "Parametric inference for progressive Type-I hybrid censored data on a simple step-stress accelerated life test model",
        "year": "2009",
        "authors": "Li Ling,Wei Xu,Minghai Li",
        "venue": "Mathematics and Computers in Simulation",
        "id": "1284067",
        "label": "22",
        "organization": "Department of Applied Mathematics, Northwestern Polytechnical University, Xi'an 710072, China"
    },
    {
        "title": "Limited feedback design for MIMO broadcast channels with ARQ mechanism",
        "year": "2009",
        "authors": "Wei Xu,Chunming Zhao,Zhi Ding",
        "venue": "IEEE Transactions on Wireless Communications",
        "id": "1285211",
        "label": "30",
        "organization": "National Mobile Communications Research Lab., Southeast University, Nanjing, China"
    },
    {
        "title": "View Synthesis for Virtual Walk through in Real Scene Based on Catadioptric Omnidirectional Images.",
        "year": "2008",
        "authors": "Wang Chen,Wei Xu,Zhihui Xiong,Maojun Zhang",
        "venue": "null",
        "id": "1305141",
        "label": "45",
        "organization": "Sch. of Inf. Syst. & Manage., Nat. Univ. of Defense Technol., Changsha"
    },
    {
        "title": "Feature Matching under Region-Based Constraints for Robust Epipolar Geometry Estimation.",
        "year": "2009",
        "authors": "Wei Xu,Jane Mulligan",
        "venue": "null",
        "id": "1308046",
        "label": "19",
        "organization": "Department of Computer Science, University of Colorado at Boulder, Boulder, USA 80309-0430"
    },
    {
        "title": "Augmenting Exercise Systems with Virtual Exercise Environment.",
        "year": "2009",
        "authors": "Wei Xu,Jaeheon Jeong,Jane Mulligan",
        "venue": "null",
        "id": "1308133",
        "label": "19",
        "organization": "Department of Computer Science, University of Colorado at Boulder, Boulder, USA 80309-0430"
    },
    {
        "title": "Segment Clustering Radar Signal Sorting.",
        "year": "2009",
        "authors": "Qiang Guo,Wei Xu,Changhong Wang,Di Guan",
        "venue": "null",
        "id": "1316375",
        "label": "44",
        "organization": "Space Control & Inertial Technol. Res. Center, Harbin Inst. of Technol., Harbin, China"
    },
    {
        "title": "Sequential Experimental Approach for Congestion Pricing with Multiple Vehicle Types and Multiple Time Periods.",
        "year": "2009",
        "authors": "Wei Xu,Hai Yang,Deren Han",
        "venue": "null",
        "id": "1316584",
        "label": "31",
        "organization": "Sch. of Manage. & Eng., Nanjing Univ., Nanjing, China"
    },
    {
        "title": "Online System Problem Detection by Mining Patterns of Console Logs.",
        "year": "2009",
        "authors": "Wei Xu,Ling Huang,Armando Fox,David Patterson,Michael I. Jordan",
        "venue": "null",
        "id": "1319478",
        "label": "5",
        "organization": "EECS Dept., UC Berkeley, Berkeley, CA, USA"
    },
    {
        "title": "Fast (Structured) Newton Computations.",
        "year": "2008",
        "authors": "Thomas F. Coleman,Wei Xu",
        "venue": "SIAM J. Scientific Computing",
        "id": "1344507",
        "label": "42",
        "organization": "null"
    },
    {
        "title": "EBM Metadata Based on Dublin Core Better Presenting Validity of Clinical Trials.",
        "year": "2007",
        "authors": "Wei Xu,Mihoko Okada",
        "venue": "J. Medical Systems",
        "id": "1346625",
        "label": "27",
        "organization": "Department of Health Informatics, Kawasaki University of Medical Welfare, Kurashiki, Japan 701-0193 and Library, The Second Military Medical University, Yangpu District, China 200433"
    },
    {
        "title": "Subdivision Tree Representation of Arbitrary Triangle Meshes",
        "year": "1998",
        "authors": "Wei Xu,Don Fussell",
        "venue": "null",
        "id": "1424143",
        "label": "14",
        "organization": "null"
    },
    {
        "title": "Externalizing a work domain structure on a hypertext interface using an abstraction hierarchy: supporting complex search tasks and problem-solving activities",
        "year": "1996",
        "authors": "Wei Xu",
        "venue": "null",
        "id": "1471971",
        "label": "18",
        "organization": "null"
    },
    {
        "title": "Thermoelastic plastic metals with mass diffusion",
        "year": "1999",
        "authors": "Joseph Genin,Wei Xu",
        "venue": "Zeitschrift f&uuml;r Angewandte Mathematik und Physik (ZAMP)",
        "id": "1543570",
        "label": "21",
        "organization": "null"
    },
    {
        "title": "A Stability Property of T. Chan's Preconditioner",
        "year": "2003",
        "authors": "Xiao-Qing Jin,Yi-Min Wei,Wei XU",
        "venue": "SIAM Journal on Matrix Analysis and Applications",
        "id": "1562097",
        "label": "16",
        "organization": "null"
    },
    {
        "title": "New Travel Demand Models with Back-Propagation Network",
        "year": "2007",
        "authors": "Qian Zhou,Hua-pu Lu,Wei Xu",
        "venue": "Proceedings of the Third International Conference on Natural Computation - Volume 03",
        "id": "1580182",
        "label": "2",
        "organization": "University of Virginia, USA"
    },
    {
        "title": "Accelerating regularized iterative CT reconstruction on commodity graphics hardware (GPU)",
        "year": "2009",
        "authors": "Wei Xu,Klaus Mueller",
        "venue": "Proceedings of the Sixth IEEE international conference on Symposium on Biomedical Imaging: From Nano to Macro",
        "id": "1586939",
        "label": "32",
        "organization": "Center for Visual Computing, Computer Science Department, Stony Brook University"
    },
    {
        "title": "Taint-enhanced policy enforcement: a practical approach to defeat a wide range of attacks",
        "year": "2006",
        "authors": "Wei Xu,Sandeep Bhatkar,R. Sekar",
        "venue": "Proceedings of the 15th conference on USENIX Security Symposium - Volume 15",
        "id": "1608172",
        "label": "32",
        "organization": "Stony Brook University"
    },
    {
        "title": "Elastostatic inverse formulation",
        "year": "2002",
        "authors": "Wei Xu,Joseph Genin",
        "venue": "Zeitschrift f&uuml;r Angewandte Mathematik und Physik (ZAMP)",
        "id": "1620354",
        "label": "21",
        "organization": "Department of Mechanical Engineering, New Mexico State University, Las Cruses, NM"
    },
    {
        "title": "Task-based dialog management using an agenda",
        "year": "2000",
        "authors": "Wei Xu,Alexander I. Rudnicky",
        "venue": "Proceedings of the ANLP-NAACL 2000 Workshop on Conversational Systems",
        "id": "1650558",
        "label": "9",
        "organization": "Carnegie Mellon University, Pittsburgh, PA"
    },
    {
        "title": "An Improved and Efficient Tool for Analyzing Industrial Security Protocols",
        "year": "2009",
        "authors": "Nan Liu,Yuefei Zhu,Zhongquan Mao,Wei Xu",
        "venue": "Proceedings of the 2009 IITA International Conference on Control, Automation and Systems Engineering (case 2009)",
        "id": "1651214",
        "label": "7",
        "organization": "Zhengzhou Inf. Sci. & Technol. Inst., Zhengzhou, China"
    },
    {
        "title": "Automatic recognition of logical relations for English, Chinese and Japanese in the GLARF framework",
        "year": "2009",
        "authors": "Adam Meyers,Michiko Kosaka,Nianwen Xue,Heng Ji,Ang Sun,Shasha Liao,Wei Xu",
        "venue": "Proceedings of the Workshop on Semantic Evaluations: Recent Achievements and Future Directions",
        "id": "1651797",
        "label": "12",
        "organization": "New York University"
    },
    {
        "title": "Application of Synthetic Neural Network for Fault Diagnosis of Steam Turbine Flow Passage",
        "year": "2009",
        "authors": "Lihua Cao,Yunlong Zhou,Wei Xu,Yong Li",
        "venue": "Proceedings of the 2009 International Conference on Computational Intelligence and Natural Computing - Volume 01",
        "id": "1652248",
        "label": "10",
        "organization": "Sch. of Energy & Power Eng., North China Univ. of Electr. Power, Beijing, China"
    },
    {
        "title": "Internal Resistance Identification in Vehicle Power Lithium-Ion Battery and Application in Lifetime Evaluation",
        "year": "2009",
        "authors": "Xuezhe Wei,Bing Zhu,Wei Xu",
        "venue": "Proceedings of the 2009 International Conference on Measuring Technology and Mechatronics Automation - Volume 03",
        "id": "1654818",
        "label": "29",
        "organization": "New Clean Energy Automotive Eng. Center, Tongji Univ., Shanghai, China"
    },
    {
        "title": "Automatic Analysis of Fair Exchange Protocols in TLA",
        "year": "2009",
        "authors": "Nan Liu,Wei Xu,Yue-fei Zhu",
        "venue": "Proceedings of the 2009 Second International Symposium on Electronic Commerce and Security - Volume 02",
        "id": "1657602",
        "label": "7",
        "organization": "Network Eng. Dept., Zhengzhou Inf. Sci. & Technol. Inst., Zhengzhou, China"
    },
    {
        "title": "The termination criterion for subdivision of the rational Be&acute;zier curves",
        "year": "1991",
        "authors": "Guojin Wang,Wei Xu",
        "venue": "CVGIP: Graphical Models and Image Processing",
        "id": "1668305",
        "label": "20",
        "organization": "null"
    },
    {
        "title": "Pad-analysis of fuzzy control stability",
        "year": "1990",
        "authors": "Pei-Zhuang Wang,Hong-Min Zhang,Wei Xu",
        "venue": "Fuzzy Sets and Systems",
        "id": "1672653",
        "label": "15",
        "organization": "null"
    },
    {
        "title": "Considerations for linking seatpan and backrest angles",
        "year": "1995",
        "authors": "Douglas L. Gardner,Leonard S. Mark,Marvin J. Dainoff,Wei Xu",
        "venue": "International Journal of Human-Computer Interaction",
        "id": "1717051",
        "label": "28",
        "organization": "null"
    },
    {
        "title": "A fast solver of radiosity equation systems",
        "year": "1995",
        "authors": "Wei Xu,Don Fussell",
        "venue": "Proceedings of the second Pacific conference on Fundamentals of computer graphics",
        "id": "1721609",
        "label": "14",
        "organization": "null"
    },
    {
        "title": "Hydrodynamic modelling and CFD simulation of ferrofluids flow in magnetic targeting drug delivery",
        "year": "2008",
        "authors": "Shigang Wang,Handan Liu,Wei Xu",
        "venue": "International Journal of Computational Fluid Dynamics",
        "id": "1746642",
        "label": "33",
        "organization": "School of Mechanical Engineering, Shanghai Jiaotong University, Shanghai, China"
    },
    {
        "title": "An operator splitting method for variational inequalities with partially unknown mappings",
        "year": "2008",
        "authors": "Deren Han,Wei Xu,Hai Yang",
        "venue": "Numerische Mathematik",
        "id": "1747120",
        "label": "31",
        "organization": "Nanjing University, School of Management and Engineering, 210093, Nanjing, People&#x2019;s Republic of China"
    },
    {
        "title": "Poisson adjacency distributions in genome comparison",
        "year": "2008",
        "authors": "Wei Xu,Beno t Alain,David Sankoff",
        "venue": "Bioinformatics",
        "id": "1754865",
        "label": "8",
        "organization": "null"
    }
]