[
    {
        "title": "Probabilistic Learning in Bayesian and Stochastic Neural Networks",
        "year": "1997",
        "authors": "William H. Hsu",
        "venue": "AAAI/IAAI",
        "id": "11821",
        "label": "0",
        "organization": "null"
    },
    {
        "title": "Probabilistic Prediction of Protein Secondary Structure Using Causal Networks (Extended Abstract)",
        "year": "1993",
        "authors": "Arthur L. Delcher,Simon Kasif,Harry R. Goldberg,William H. Hsu",
        "venue": "AAAI",
        "id": "12491",
        "label": "0",
        "organization": "null"
    },
    {
        "title": "Bayesian Network Models for Generation of Crisis Management Training Scenarios",
        "year": "1998",
        "authors": "Eugene Grois,William H. Hsu,Mikhail Voloshin,David C. Wilkins",
        "venue": "AAAI/IAAI",
        "id": "13029",
        "label": "0",
        "organization": "null"
    },
    {
        "title": "A Genetic Algorithm for Tuning Variable Orderings in Bayesian Network Structure Learning",
        "year": "2002",
        "authors": "Haipeng Guo,Benjamin B. Perry,Julie A. Stilson,William H. Hsu",
        "venue": "AAAI/IAAI",
        "id": "13046",
        "label": "0",
        "organization": "null"
    },
    {
        "title": "An ACO Algorithm for the Most Probable Explanation Problem",
        "year": "2004",
        "authors": "Haipeng Guo,Prashanth R. Boddhireddy,William H. Hsu",
        "venue": "Australian Conference on Artificial Intelligence",
        "id": "59374",
        "label": "0",
        "organization": "null"
    },
    {
        "title": "A Learning-Based Algorithm Selection Meta-reasoner for the Real-Time MPE Problem",
        "year": "2004",
        "authors": "Haipeng Guo,William H. Hsu",
        "venue": "Australian Conference on Artificial Intelligence",
        "id": "59378",
        "label": "0",
        "organization": "null"
    },
    {
        "title": "Structural Prediction of Protein-Protein Interactions in Saccharomyces cerevisiae",
        "year": "2007",
        "authors": "Martin S. R. Paradesi,Doina Caragea,William H. Hsu",
        "venue": "BIBE",
        "id": "63539",
        "label": "0",
        "organization": "null"
    },
    {
        "title": "Text Extraction from the Web via Text-to-Tag Ratio",
        "year": "2008",
        "authors": "Tim Weninger,William H. Hsu",
        "venue": "DEXA Workshops",
        "id": "152781",
        "label": "0",
        "organization": "Comput. & Inf. Sci., Kansas State Univ., Manhattan, KS"
    },
    {
        "title": "Layered Learning in Genetic Programming for a Cooperative Robot Soccer Problem",
        "year": "2001",
        "authors": "Steven M. Gustafson,William H. Hsu",
        "venue": "EuroGP",
        "id": "194177",
        "label": "0",
        "organization": "null"
    },
    {
        "title": "Evolutionary tree genetic programming",
        "year": "2005",
        "authors": "Jan Antolik,William H. Hsu",
        "venue": "GECCO",
        "id": "225452",
        "label": "0",
        "organization": "Kansas State University, Manhattan, KS"
    },
    {
        "title": "An Ant Colony Approach For The Steiner Tree Problem",
        "year": "2002",
        "authors": "Sanjoy Das,Shekhar V. Gosavi,William H. Hsu,Shilpa A. Vaze",
        "venue": "GECCO",
        "id": "225762",
        "label": "0",
        "organization": "null"
    },
    {
        "title": "An Ant Colony Algorithm for Steiner Trees: New Results",
        "year": "2002",
        "authors": "Sanjoy Das,Shekhar V. Gosavi,William H. Hsu,Shilpa A. Vaze",
        "venue": "GECCO Late Breaking Papers",
        "id": "225763",
        "label": "0",
        "organization": "null"
    },
    {
        "title": "GA-Hardness Revisited",
        "year": "2003",
        "authors": "Haipeng Guo,William H. Hsu",
        "venue": "GECCO",
        "id": "226027",
        "label": "0",
        "organization": "null"
    },
    {
        "title": "Genetic Algorithms for Reformulation of Large-Scale KDD Problems with Many Irrelevant Attributes",
        "year": "2000",
        "authors": "William H. Hsu,Yuhong Cheng,Haipeng Guo,Steven M. Gustafson",
        "venue": "GECCO",
        "id": "226122",
        "label": "0",
        "organization": "null"
    },
    {
        "title": "Genetic Programming And Multi-agent Layered Learning By Reinforcements",
        "year": "2002",
        "authors": "William H. Hsu,Steven M. Gustafson",
        "venue": "GECCO",
        "id": "226123",
        "label": "0",
        "organization": "null"
    },
    {
        "title": "A Permutation Genetic Algorithm For Variable Ordering In Learning Bayesian Networks From Data",
        "year": "2002",
        "authors": "William H. Hsu,Haipeng Guo,Benjamin B. Perry,Julie A. Stilson",
        "venue": "GECCO",
        "id": "226124",
        "label": "0",
        "organization": "null"
    },
    {
        "title": "Genetic Algorithm Wrappers For Feature Subset Selection In Supervised Inductive Learning",
        "year": "2002",
        "authors": "William H. Hsu,Cecil P. Schmidt,James A. Louis",
        "venue": "GECCO",
        "id": "226125",
        "label": "0",
        "organization": "null"
    },
    {
        "title": "Genetic Wrappers for Constructive Induction in High-Performance Data Mining",
        "year": "2000",
        "authors": "William H. Hsu,Michael Welge,Thomas Redman,David Clutter",
        "venue": "GECCO",
        "id": "226126",
        "label": "0",
        "organization": "null"
    },
    {
        "title": "Dynamic System Prediction using Temporal Artificial Neural Networks and Multi-Objective Genetic Algorithms",
        "year": "2005",
        "authors": "Praveen Koduru,William H. Hsu,Sanjoy Das,Stephen Welch,Judith L. Roe",
        "venue": "Computational Intelligence",
        "id": "260308",
        "label": "0",
        "organization": "null"
    },
    {
        "title": "Relational Graphical Models of Computational Workflows for Data Mining",
        "year": "2004",
        "authors": "William H. Hsu",
        "venue": "ICSNW",
        "id": "365072",
        "label": "0",
        "organization": "null"
    },
    {
        "title": "Protein Secondary-Structure Modeling with Probabilistic Networks",
        "year": "1993",
        "authors": "Arthur L. Delcher,Simon Kasif,Harry R. Goldberg,William H. Hsu",
        "venue": "ISMB",
        "id": "438322",
        "label": "0",
        "organization": "null"
    },
    {
        "title": "High-Performance Commercial Data Mining: A Multistrategy Machine Learning Application",
        "year": "2002",
        "authors": "William H. Hsu,Michael Welge,Thomas Redman,David Clutter",
        "venue": "Data Min. Knowl. Discov.",
        "id": "839498",
        "label": "0",
        "organization": "Department of Computing and Information Sciences, Kansas State University, Manhattan, KS 66506&semi; Automated Learning Group, National Center for Supercomputing Applications (NCSA), Champaign, IL 61820. bhsu@cis.ksu.edu"
    },
    {
        "title": "Self-Organized-Expert Modular Network for Classification of Spatiotemporal Sequences",
        "year": "1998",
        "authors": "Sylvian R. Ray,William H. Hsu",
        "venue": "Intell. Data Anal.",
        "id": "893320",
        "label": "0",
        "organization": "null"
    },
    {
        "title": "The Clusnet Algorithm And Time Series Prediction",
        "year": "1993",
        "authors": "William H. Hsu,Loke-Soo Hsu,Manoel Fernando Tenorio",
        "venue": "Int. J. Neural Syst.",
        "id": "914708",
        "label": "1",
        "organization": "null"
    },
    {
        "title": "Genetic wrappers for feature selection in decision tree induction and variable ordering in Bayesian network structure learning",
        "year": "2004",
        "authors": "William H. Hsu",
        "venue": "Inf. Sci.",
        "id": "940458",
        "label": "0",
        "organization": "Department of Computing and Information Sciences, Kansas State University, Manhattan, KS and National Center for Supercomputing Applications (NCSA), University of Illinois, Champaign, IL"
    },
    {
        "title": "A Multistrategy Approach to Classifier Learning from Time Series",
        "year": "2000",
        "authors": "William H. Hsu,Sylvian R. Ray,David C. Wilkins",
        "venue": "Machine Learning",
        "id": "1009547",
        "label": "0",
        "organization": "null"
    },
    {
        "title": "Parameter Significance Estimation and Financial Prediction",
        "year": "1993",
        "authors": "William H. Hsu,Loke-Soo Hsu,Manoel Fernando Tenorio",
        "venue": "Neural Computing and Applications",
        "id": "1021740",
        "label": "1",
        "organization": "null"
    },
    {
        "title": "Automatic Synthesis of Compression Techniques for Heterogeneous",
        "year": "1995",
        "authors": "William H. Hsu,Amy E. Zwarico",
        "venue": "Softw., Pract. Exper.",
        "id": "1074316",
        "label": "0",
        "organization": "null"
    },
    {
        "title": "A machine learning approach to algorithm selection for NP\\mathcal{NP} -hard optimization problems: a case study on the MPE problem",
        "year": "2007",
        "authors": "Haipeng Guo,William H. Hsu",
        "venue": "Annals OR",
        "id": "1189777",
        "label": "0",
        "organization": "null"
    },
    {
        "title": "An evolutionary approach to constructive induction for link discovery",
        "year": "2009",
        "authors": "Tim Weninger,William H. Hsu,Jing Xia,Waleed Aljandal",
        "venue": "GECCO",
        "id": "1207716",
        "label": "0",
        "organization": "null"
    },
    {
        "title": "An evolutionary approach to constructive induction for link discovery",
        "year": "2009",
        "authors": "Tim Weninger,William H. Hsu,Jing Xia,Waleed Aljandal",
        "venue": "GECCO (Companion)",
        "id": "1208120",
        "label": "0",
        "organization": "Kansas State University, Manhattan, KS, USA"
    },
    {
        "title": "Graph Drawing Heuristics for Path Finding in Large Dimensionless Graphs",
        "year": "2009",
        "authors": "Tim Weninger,Rodney Howell,William H. Hsu",
        "venue": "IC-AI",
        "id": "1245295",
        "label": "0",
        "organization": "null"
    },
    {
        "title": "Bi-relational Network Analysis Using a Fast Random Walk with Restart.",
        "year": "2009",
        "authors": "Jing Xia,Doina Caragea,William H. Hsu",
        "venue": "null",
        "id": "1319537",
        "label": "0",
        "organization": "null"
    },
    {
        "title": "Control of inductive bias in supervised learning using evolutionary computation: a wrapper-based approach",
        "year": "2003",
        "authors": "William H. Hsu",
        "venue": "Data mining: opportunities and challenges",
        "id": "1492306",
        "label": "0",
        "organization": "Kansas State University"
    }
]