[
    {
        "title": "An Analytic Model Predicting the Optimal Range for Maximizing 1-Hop Broadcast Coverage in Dense Wireless Networks",
        "year": "2004",
        "authors": "Xiaoyan Li,Thu D. Nguyen,Richard P. Martin",
        "venue": "ADHOC-NOW",
        "id": "26986",
        "label": "0",
        "organization": "null"
    },
    {
        "title": "Time-based language models",
        "year": "2003",
        "authors": "Xiaoyan Li,W. Bruce Croft",
        "venue": "CIKM",
        "id": "95338",
        "label": "1",
        "organization": "University of Massachusetts, MA"
    },
    {
        "title": "Novelty detection based on sentence level patterns",
        "year": "2005",
        "authors": "Xiaoyan Li,W. Bruce Croft",
        "venue": "CIKM",
        "id": "95624",
        "label": "1",
        "organization": "null"
    },
    {
        "title": "Improving novelty detection for general topics using sentence level information patterns",
        "year": "2006",
        "authors": "Xiaoyan Li,W. Bruce Croft",
        "venue": "CIKM",
        "id": "96043",
        "label": "1",
        "organization": "University of Massachusetts, Amherst, MA"
    },
    {
        "title": "An Image-Semantic Ontological Framework for Large Image Databases",
        "year": "2007",
        "authors": "Xiaoyan Li,Lidan Shou,Gang Chen,Kian-Lee Tan",
        "venue": "DASFAA",
        "id": "141056",
        "label": "4",
        "organization": "null"
    },
    {
        "title": "The Robustness of Localization Algorithms to Signal Strength Attacks: A Comparative Study",
        "year": "2006",
        "authors": "Yingying Chen,Konstantinos Kleisouris,Xiaoyan Li,Wade Trappe,Richard P. Martin",
        "venue": "DCOSS",
        "id": "147357",
        "label": "0",
        "organization": "null"
    },
    {
        "title": "Enhancing Relevance Models with Adaptive Passage Retrieval",
        "year": "2008",
        "authors": "Xiaoyan Li,Zhigang Zhu",
        "venue": "ECIR",
        "id": "170205",
        "label": "1",
        "organization": "null"
    },
    {
        "title": "An Adaptive Image Segmentation Method Based on a Modified Pulse Coupled Neural Network",
        "year": "2006",
        "authors": "Min Li,Wei Cai,Xiaoyan Li",
        "venue": "ICNC (1)",
        "id": "337702",
        "label": "5",
        "organization": "null"
    },
    {
        "title": "A Novel Pixel-Level and Feature-Level Combined Multisensor Image Fusion Scheme",
        "year": "2008",
        "authors": "Min Li,Gang Li,Wei Cai,Xiaoyan Li",
        "venue": "ISNN (2)",
        "id": "443894",
        "label": "5",
        "organization": "null"
    },
    {
        "title": "Adaptive Image Segmentation Using Modified Pulse Coupled Neural Network",
        "year": "2008",
        "authors": "Wei Cai,Gang Li,Min Li,Xiaoyan Li",
        "venue": "ISNN (2)",
        "id": "443921",
        "label": "5",
        "organization": "Academy of Armored Force Engineering Department of Information Engineering, Beijing, China 100858"
    },
    {
        "title": "Active Tapes: Bus-Based Sensor Networks",
        "year": "2004",
        "authors": "Andrew Tjang,Michael Pagliorola,Hiral Patel,Xiaoyan Li,Richard P. Martin",
        "venue": "LCN",
        "id": "482356",
        "label": "0",
        "organization": "Rutgers University, Pisacataway, NJ"
    },
    {
        "title": "Using adaptive range control to optimize 1-hop broadcast coverage in dense wireless networks",
        "year": "2003",
        "authors": "Xiaoyan Li,Thu D. Nguyen,Richard P. Martin",
        "venue": "SenSys",
        "id": "584308",
        "label": "0",
        "organization": "null"
    },
    {
        "title": "The limits of localization using RSS",
        "year": "2004",
        "authors": "Eiman Elnahrawy,Xiaoyan Li,Richard P. Martin",
        "venue": "SenSys",
        "id": "584369",
        "label": "0",
        "organization": "Rutgers University, Piscataway, NJ"
    },
    {
        "title": "GRAIL: general real-time adaptable indoor localization",
        "year": "2006",
        "authors": "Yingying Chen,John-Austen Francisco,Konstantinos Kleisouris,Hongyi Xue,Richard P. Martin,Eiman Elnahrawy,Xiaoyan Li",
        "venue": "SenSys",
        "id": "584452",
        "label": "0",
        "organization": "Lafayette College"
    },
    {
        "title": "Syntactic features in question answering",
        "year": "2003",
        "authors": "Xiaoyan Li",
        "venue": "SIGIR",
        "id": "595150",
        "label": "1",
        "organization": "University of Massachusetts Amherst, MA"
    },
    {
        "title": "INQUERY and TREC-9",
        "year": "2000",
        "authors": "James Allan,Margaret E. Connell,W. Bruce Croft,Fangfang Feng,David Fisher,Xiaoyan Li",
        "venue": "TREC",
        "id": "629755",
        "label": "1",
        "organization": "null"
    },
    {
        "title": "Using Fault Injection and Modeling to Evaluate the Performability of Cluster-Based Services",
        "year": "2003",
        "authors": "Kiran Nagaraja,Xiaoyan Li,Ricardo Bianchini,Richard P. Martin,Thu D. Nguyen",
        "venue": "USENIX Symposium on Internet Technologies and Systems",
        "id": "636715",
        "label": "0",
        "organization": "null"
    },
    {
        "title": "HISA: A Query System Bridging The Semantic Gap For Large Image Databases",
        "year": "2006",
        "authors": "Gang Chen,Xiaoyan Li,Lidan Shou,Jinxiang Dong,Chun Chen",
        "venue": "VLDB",
        "id": "642368",
        "label": "4",
        "organization": "null"
    },
    {
        "title": "Design and Implementation of GeoBrain Online Analysis System (GeOnAS)",
        "year": "2008",
        "authors": "Weiguo Han,Liping Di,Peisheng Zhao,Yaxing Wei,Xiaoyan Li",
        "venue": "W2GIS",
        "id": "649917",
        "label": "2",
        "organization": "Center for Spatial Information Science and System, George Mason University, Greenbelt, USA MD 20770"
    },
    {
        "title": "A Latent Image Semantic Indexing Scheme for Image Retrieval on the Web",
        "year": "2006",
        "authors": "Xiaoyan Li,Lidan Shou,Gang Chen,Lujiang Ou",
        "venue": "WISE",
        "id": "663701",
        "label": "4",
        "organization": "null"
    },
    {
        "title": "Pivotbrowser: a tag-space image searching prototype",
        "year": "2008",
        "authors": "Xiaoyan Li,Lidan Shou,Gang Chen,Xiaolong Zhang,Tianlei Hu,Jinxiang Dong",
        "venue": "WWW",
        "id": "675342",
        "label": "4",
        "organization": "Zhejiang University, Hangzhou, China"
    },
    {
        "title": "Modeling of Grey Neural Network and Its Applications",
        "year": "2008",
        "authors": "Jingling Yuan,Luo Zhong,Xiaoyan Li,Jie Li",
        "venue": "ISICA",
        "id": "700619",
        "label": "3",
        "organization": "Computer Science and Technology School, Wuhan University of Technology, Wuhan, China 430070"
    },
    {
        "title": "Optimized Grey RBF Prediction Model Based on Genetic Algorithm",
        "year": "2008",
        "authors": "Jingling Yuan,Xiaoyan Li,Luo Zhong",
        "venue": "CSSE (1)",
        "id": "728800",
        "label": "3",
        "organization": "null"
    },
    {
        "title": "A new robust relevance model in the language model framework",
        "year": "2008",
        "authors": "Xiaoyan Li",
        "venue": "Inf. Process. Manage.",
        "id": "937292",
        "label": "1",
        "organization": "null"
    },
    {
        "title": "An information-pattern-based approach to novelty detection",
        "year": "2008",
        "authors": "Xiaoyan Li,W. Bruce Croft",
        "venue": "Inf. Process. Manage.",
        "id": "937313",
        "label": "1",
        "organization": "null"
    },
    {
        "title": "Bottom-up discovery of frequent rooted unordered subtrees",
        "year": "2009",
        "authors": "Yijun Bei,Gang Chen,Lidan Shou,Xiaoyan Li,Jinxiang Dong",
        "venue": "Inf. Sci.",
        "id": "943199",
        "label": "4",
        "organization": "College of Computer Science, Zhejiang University, Yuquan Campus, Hangzhou 310027, China"
    },
    {
        "title": "Modeling Image Data for Effective Indexing and Retrieval in Large General Image Databases",
        "year": "2008",
        "authors": "Xiaoyan Li,Lidan Shou,Gang Chen,Tianlei Hu,Jinxiang Dong",
        "venue": "IEEE Trans. Knowl. Data Eng.",
        "id": "1114092",
        "label": "4",
        "organization": "Zhejing University , HangZhou"
    },
    {
        "title": "A security and robustness performance analysis of localization algorithms to signal strength attacks",
        "year": "2009",
        "authors": "Yingying Chen,Konstantinos Kleisouris,Xiaoyan Li,Wade Trappe,Richard P. Martin",
        "venue": "TOSN",
        "id": "1124502",
        "label": "0",
        "organization": "Lafayette College, Easton, PA"
    },
    {
        "title": "UMass at TREC 2004: Novelty and HARD",
        "year": "2004",
        "authors": "Nasreen Abdul Jaleel,James Allan,W. Bruce Croft,Fernando Diaz,Leah S. Larkey,Xiaoyan Li,Mark D. Smucker,Courtney Wade",
        "venue": "TREC",
        "id": "1214791",
        "label": "1",
        "organization": "null"
    },
    {
        "title": "Building an On-line Geospatial Analysis System with AJAX and Web Services.",
        "year": "2009",
        "authors": "Weiguo Han,Liping Di,Peisheng Zhao,Xiaoyan Li",
        "venue": "null",
        "id": "1314525",
        "label": "2",
        "organization": "Center for Spatial Inf. Sci. & Syst., George Mason Univ., Greenbelt, MD, USA"
    },
    {
        "title": "A Novel Image Fusion Method Based on Contourlet Decomposition.",
        "year": "2009",
        "authors": "Min Li,Wei Cai,Jian-she Song,Xiaoyan Li,Yun Sun",
        "venue": "null",
        "id": "1316372",
        "label": "5",
        "organization": "null"
    },
    {
        "title": "Evaluating question-answering techniques in Chinese",
        "year": "2001",
        "authors": "Xiaoyan Li,W. Bruce Croft",
        "venue": "Proceedings of the first international conference on Human language technology research",
        "id": "1413612",
        "label": "1",
        "organization": "University of Massachusetts, Amherst, MA"
    },
    {
        "title": "Poster abstract: using adaptive range control to optimize 1-hop broadcast coverage in dense wireless networks",
        "year": "2003",
        "authors": "Xiaoyan Li,Thu D. Nguyen,Richard P. Martin",
        "venue": "Proceedings of the 1st international conference on Embedded networked sensor systems",
        "id": "1564119",
        "label": "0",
        "organization": "Rutgers University, Piscataway, NJ"
    }
]