[
    {
        "title": "On Internal Cardinal Direction Relations",
        "year": "2005",
        "authors": "Yu Liu,Xiaoming Wang,Xin Jin,Lun Wu",
        "venue": "COSIT",
        "id": "116656",
        "label": "0",
        "organization": "null"
    },
    {
        "title": "A Novel Privacy and Copyright Protection Enforced Peer-to-Peer Network",
        "year": "2005",
        "authors": "Xiaoming Wang,Bin Zhu,Shipeng Li",
        "venue": "DRMTICS",
        "id": "160453",
        "label": "1",
        "organization": "null"
    },
    {
        "title": "Layered access control for MPEG-4 FGS video",
        "year": "2003",
        "authors": "Chun Yuan,Bin B. Zhu,Ming Su,Xiaoming Wang,Shipeng Li,Yuzhuo Zhong",
        "venue": "ICIP (1)",
        "id": "322608",
        "label": "1",
        "organization": "Dept. of Comput. Sci., Tsinghua Univ., Beijing, China"
    },
    {
        "title": "On Static and Dynamic Partitioning Behavior of Large-Scale Networks",
        "year": "2005",
        "authors": "Derek Leonard,Zhongmei Yao,Xiaoming Wang,Dmitri Loguinov",
        "venue": "ICNP",
        "id": "338423",
        "label": "3",
        "organization": "Texas A&M University, College Station"
    },
    {
        "title": "Modeling Heterogeneous User Churn and Local Resilience of Unstructured P2P Networks",
        "year": "2006",
        "authors": "Zhongmei Yao,Derek Leonard,Xiaoming Wang,Dmitri Loguinov",
        "venue": "ICNP",
        "id": "338596",
        "label": "3",
        "organization": "Department of Computer Science, Texas A&M University, College Station, TX 77802 USA. xmwang@cs.tamu.edu"
    },
    {
        "title": "On Node Isolation Under Churn in Unstructured P2P Networks with Heavy-Tailed Lifetimes",
        "year": "2007",
        "authors": "Zhongmei Yao,Xiaoming Wang,Derek Leonard,Dmitri Loguinov",
        "venue": "INFOCOM",
        "id": "403085",
        "label": "3",
        "organization": "Texas A&M Univ., College Station"
    },
    {
        "title": "Residual-Based Measurement of Peer and Link Lifetimes in Gnutella Networks",
        "year": "2007",
        "authors": "Xiaoming Wang,Zhongmei Yao,Dmitri Loguinov",
        "venue": "INFOCOM",
        "id": "403227",
        "label": "3",
        "organization": "Texas A&M Univ., College Station"
    },
    {
        "title": "Wealth-Based Evolution Model for the Internet AS-Level Topology",
        "year": "2006",
        "authors": "Xiaoming Wang,Dmitri Loguinov",
        "venue": "INFOCOM",
        "id": "403428",
        "label": "3",
        "organization": "null"
    },
    {
        "title": "Modeling the Evolution of Degree Correlation in Scale-Free Topology Generators",
        "year": "2008",
        "authors": "Xiaoming Wang,Xiliang Liu,Dmitri Loguinov",
        "venue": "INFOCOM",
        "id": "403939",
        "label": "3",
        "organization": "Texas A&M Univ., College Station, TX"
    },
    {
        "title": "An Intelligent Software-Integrated Environment of IC Testing",
        "year": "1994",
        "authors": "Yuning Sun,Xiaoming Wang,Wanchun Shi",
        "venue": "ITC",
        "id": "456084",
        "label": "6",
        "organization": "null"
    },
    {
        "title": "On zone-balancing of peer-to-peer networks: analysis of random node join",
        "year": "2004",
        "authors": "Xiaoming Wang,Yueping Zhang,Xiafeng Li,Dmitri Loguinov",
        "venue": "SIGMETRICS",
        "id": "597669",
        "label": "3",
        "organization": "Texas A&M University, College Station, TX"
    },
    {
        "title": "IRLbot: scaling to 6 billion pages and beyond",
        "year": "2008",
        "authors": "Hsin-Tsang Lee,Derek Leonard,Xiaoming Wang,Dmitri Loguinov",
        "venue": "WWW",
        "id": "675170",
        "label": "3",
        "organization": "Texas A&M University, College Station, TX, USA"
    },
    {
        "title": "A Random Key Management Scheme for Wireless Sensor Networks",
        "year": "2008",
        "authors": "Qing Yang,Qiaoliang Li,Xiaoming Wang,Naixue Xiong,Yi Pan",
        "venue": "WASA",
        "id": "677700",
        "label": "7",
        "organization": "School of Computer Science, Shanxi Normal University, Xi'an, China 710062 and Department of Computer Science, Georgia State University, Atlanta, USA 30319"
    },
    {
        "title": "Ant Colony Optimization-Based Location-Aware Routing for Wireless Sensor Networks",
        "year": "2008",
        "authors": "Xiaoming Wang,Qiaoliang Li,Naixue Xiong,Yi Pan",
        "venue": "WASA",
        "id": "677790",
        "label": "7",
        "organization": "School of Computer Science, Shaanxi Normal University, Xi'an, China 710062 and Department of Computer Science, Georgia State University, Atlanta, USA 30319"
    },
    {
        "title": "An Optimal Algorithm for Minimizing Cluster Overlap of ACE",
        "year": "2008",
        "authors": "Qiang Hu,Qiaoliang Li,Xiaoming Wang,Naixue Xiong,Yi Pan",
        "venue": "WASA",
        "id": "677794",
        "label": "7",
        "organization": "School of Computer Science, Shanxi Normal University, Xi'an, China 710062 and Department of Computer Science, Georgia State University, Atlanta, USA 30319"
    },
    {
        "title": "Study on Embedded System Grid",
        "year": "2005",
        "authors": "Huifu Zhang,Zude Zhou,Fangmin Li,Xiaoming Wang",
        "venue": "SKG",
        "id": "681126",
        "label": "8",
        "organization": "Wuhan Univ. of Technol., Wuhan"
    },
    {
        "title": "Large Prandtl number behavior of the Boussinesq system of Rayleigh-Benard convection",
        "year": "2004",
        "authors": "Xiaoming Wang",
        "venue": "Appl. Math. Lett.",
        "id": "756304",
        "label": "9",
        "organization": "null"
    },
    {
        "title": "Boundary layers in channel flow with injection and suction",
        "year": "2001",
        "authors": "Roger Temam,Xiaoming Wang",
        "venue": "Appl. Math. Lett.",
        "id": "756369",
        "label": "9",
        "organization": "null"
    },
    {
        "title": "A uniformly dissipative scheme for stationary statistical properties of the infinite Prandtl number model",
        "year": "2008",
        "authors": "Wenfang (Wendy) Cheng,Xiaoming Wang",
        "venue": "Appl. Math. Lett.",
        "id": "756931",
        "label": "9",
        "organization": "null"
    },
    {
        "title": "A level-set based variational method for design and optimization of heterogeneous objects",
        "year": "2005",
        "authors": "Michael Yu Wang,Xiaoming Wang",
        "venue": "Computer-Aided Design",
        "id": "779523",
        "label": "10",
        "organization": "null"
    },
    {
        "title": "An efficient and scalable pairwise key pre-distribution scheme for sensor networks using deployment knowledge",
        "year": "2009",
        "authors": "Boqing Zhou,Sujun Li,Qiaoliang Li,Xingming Sun,Xiaoming Wang",
        "venue": "Computer Communications",
        "id": "803379",
        "label": "7",
        "organization": "School of Computer Science, Shanxi Normal University, Shanxi Xian 710062, China"
    },
    {
        "title": "Graph-theoretic analysis of structured peer-to-peer systems: routing distances and fault resilience",
        "year": "2005",
        "authors": "Dmitri Loguinov,Juan Casas,Xiaoming Wang",
        "venue": "IEEE/ACM Trans. Netw.",
        "id": "1122386",
        "label": "3",
        "organization": "Department of Computer Science, Texas A&M University, College Station, TX"
    },
    {
        "title": "Load-balancing performance of consistent hashing: asymptotic analysis of random node join",
        "year": "2007",
        "authors": "Xiaoming Wang,Dmitri Loguinov",
        "venue": "IEEE/ACM Trans. Netw.",
        "id": "1122975",
        "label": "3",
        "organization": "Department of Computer Science, Texas A&M University, College Station, TX"
    },
    {
        "title": "On static and dynamic partitioning behavior of large-scale P2P networks",
        "year": "2008",
        "authors": "Derek Leonard,Zhongmei Yao,Xiaoming Wang,Dmitri Loguinov",
        "venue": "IEEE/ACM Trans. Netw.",
        "id": "1123199",
        "label": "3",
        "organization": "Department of Computer Science, Texas A&M University, College Station, TX"
    },
    {
        "title": "Node isolation model and age-based neighbor selection in unstructured P2P networks",
        "year": "2009",
        "authors": "Zhongmei Yao,Xiaoming Wang,Derek Leonard,Dmitri Loguinov",
        "venue": "IEEE/ACM Trans. Netw.",
        "id": "1123210",
        "label": "3",
        "organization": "Department of Computer Science, Texas A&M University, College Station, TX"
    },
    {
        "title": "Optimal harvesting problems for an age-dependent n-dimensional food chain model with diffusion",
        "year": "2007",
        "authors": "Dianchen Lu,Jianjun Gu,Xiaoming wang",
        "venue": "Applied Mathematics and Computation",
        "id": "1145972",
        "label": "11",
        "organization": "null"
    },
    {
        "title": "A feature-based topological optimization for structure design",
        "year": "2008",
        "authors": "Yulin Mei,Xiaoming Wang,Gengdong Cheng",
        "venue": "Advances in Engineering Software",
        "id": "1169561",
        "label": "10",
        "organization": "Mechanical Engineering Department, Dalian University of Technology, Dalian 116024, China"
    },
    {
        "title": "Residual-based estimation of peer and link lifetimes in P2P networks",
        "year": "2009",
        "authors": "Xiaoming Wang,Zhongmei Yao,Dmitri Loguinov",
        "venue": "IEEE/ACM Trans. Netw.",
        "id": "1227969",
        "label": "3",
        "organization": "Department of Computer Science, Texas A&M University, College Station, TX"
    },
    {
        "title": "IRLbot: Scaling to 6 billion pages and beyond",
        "year": "2009",
        "authors": "Hsin-Tsang Lee,Derek Leonard,Xiaoming Wang,Dmitri Loguinov",
        "venue": "TWEB",
        "id": "1230129",
        "label": "3",
        "organization": "Texas A&M University, College Station, TX"
    },
    {
        "title": "p-Percent Coverage Schedule in Wireless Sensor Networks",
        "year": "2008",
        "authors": "Shan Gao,Xiaoming Wang,Yingshu Li",
        "venue": "ICCCN",
        "id": "1245888",
        "label": "7",
        "organization": "Dept. of Comput. Sci., Georgia State Univ., Atlanta, GA"
    },
    {
        "title": "Translational integrity and continuity: Personalized biomedical data integration",
        "year": "2009",
        "authors": "Xiaoming Wang,Lili Liu,James Fackenthal,Shelly Cummings,Oluwatobi I. Olopade,Kisha Hope,Jonathan C. Silverstein,Olufunmilayo I. Olopade",
        "venue": "Journal of Biomedical Informatics",
        "id": "1277403",
        "label": "13",
        "organization": "Biomedical Informatics Core, Computation Institute, University of Chicago, 950 E 61st Street, Room 334, Chicago, IL 60637, USA and Computation Institute, University of Chicago, 5801 S Ellis Avenue Suite 400, Chicago, IL 60637, USA"
    },
    {
        "title": "Threshold Proxy Signature Scheme with Strong Real-Time Efficiency.",
        "year": "2008",
        "authors": "Xiaoming Wang,Huoyan Chen",
        "venue": "null",
        "id": "1312009",
        "label": "12",
        "organization": "Dept. of Comput. Sci., Jinan Univ., Guangzhou"
    },
    {
        "title": "General Method to Build Deterministic Small-World Networks Based on Cayley Graph",
        "year": "2009",
        "authors": "Zhen Zhang,Wenjun Xiao,Xiaoming Wang",
        "venue": "Proceedings of the 2009 Second International Workshop on Computer Science and Engineering - Volume 01",
        "id": "1366368",
        "label": "2",
        "organization": "Dept. of Comput. Sci., South China Univ. of Technol., Guanghzou, China"
    },
    {
        "title": "Time averaged energy dissipation rate for shear driven flows in Rn",
        "year": "1997",
        "authors": "Xiaoming Wang",
        "venue": "Physica D",
        "id": "1395324",
        "label": "4",
        "organization": "null"
    },
    {
        "title": "Attractor dimension estimates for two-dimensional shear flows",
        "year": "1998",
        "authors": "Charles R. Doering,Xiaoming Wang",
        "venue": "Physica D",
        "id": "1548673",
        "label": "4",
        "organization": "null"
    },
    {
        "title": "Effect of tangential derivative in the boundary layer on time averaged energy dissipation rate",
        "year": "2000",
        "authors": "Xiaoming Wang",
        "venue": "Physica D",
        "id": "1574590",
        "label": "4",
        "organization": "null"
    },
    {
        "title": "Resonance Characteristic Analysis for Spur Gear Servo Mechanism",
        "year": "2009",
        "authors": "Zirong Luo,Dapeng Fan,Jianzhong Shang,Shaoshuai Miao,Zheng Yang,Xiaoming Wang",
        "venue": "Proceedings of the 2009 International Conference on Measuring Technology and Mechatronics Automation - Volume 02",
        "id": "1649100",
        "label": "5",
        "organization": "Sch. of Mechatron. Eng. & Autom., Nat. Univ. of Defense Technol., Changsha, China"
    },
    {
        "title": "An energy equation for the weakly damped driven nonlinear Schro&uml;dinger equations and its application to their attractors",
        "year": "1995",
        "authors": "Xiaoming Wang",
        "venue": "Physica D",
        "id": "1715510",
        "label": "4",
        "organization": "null"
    }
]