[
    {
        "title": "A Novel Stroke Extraction Model for Chinese Characters based on Steerable Filters",
        "year": "2006",
        "authors": "Rui Chen,Yan Tang,Yuhui Qiu",
        "venue": "IEEE ICCI",
        "id": "9215",
        "label": "0",
        "organization": "null"
    },
    {
        "title": "A Practical Peer-Performance-Aware DHT",
        "year": "2004",
        "authors": "Yan Tang,Zhengguo Hu,Yang Zhang,Lin Zhang,Changquan Ai",
        "venue": "AP2PC",
        "id": "43510",
        "label": "1",
        "organization": "null"
    },
    {
        "title": "Zero-Efficient Buffer Design for Reliable Network-on-Chip in Tiled Chip-Multi-Processor",
        "year": "2008",
        "authors": "Jun Wang,Hongbo Zeng,Kun Huang,Ge Zhang,Yan Tang",
        "venue": "DATE",
        "id": "143842",
        "label": "2",
        "organization": "null"
    },
    {
        "title": "On Constructing Semantic Decision Tables",
        "year": "2007",
        "authors": "Yan Tang,Robert Meersman",
        "venue": "DEXA",
        "id": "150710",
        "label": "3",
        "organization": "null"
    },
    {
        "title": "Semantic Decision Tables: Self-organizing and Reorganizable Decision Tables",
        "year": "2008",
        "authors": "Yan Tang,Robert Meersman,Jan Vanthienen",
        "venue": "DEXA",
        "id": "150749",
        "label": "3",
        "organization": "Semantic Technology and Application Research Laboratory (STARLab), Department of Computer Science, Vrije Universiteit Brussel, Brussels, Belgium B-1050"
    },
    {
        "title": "A Wavelet Approach to Extracting Contours of Document Images",
        "year": "1999",
        "authors": "L. Feng,Yan Tang,L. Yang",
        "venue": "ICDAR",
        "id": "294750",
        "label": "2",
        "organization": "null"
    },
    {
        "title": "Accelerating the 2-D Mallat Decomposition Algorithm with Cyclical Convolution and FNTT",
        "year": "1999",
        "authors": "Yuan Yan Tang,Qi Sun,Hong Ma,De B. Ren,Yan Tang,Zhi K. Chen",
        "venue": "ICDAR",
        "id": "295581",
        "label": "5",
        "organization": "null"
    },
    {
        "title": "EIRS: An Intelligent E-Commerce Application System for Small Retailers in China",
        "year": "2007",
        "authors": "Liyi Zhang,Yan Tang,Jian Meng",
        "venue": "CONFENIS (2)",
        "id": "384320",
        "label": "6",
        "organization": "null"
    },
    {
        "title": "Judicial Support Systems: Ideas for a Privacy Ontology-Based Case Analyzer",
        "year": "2005",
        "authors": "Yan Tang,Robert Meersman",
        "venue": "OTM Workshops",
        "id": "524287",
        "label": "3",
        "organization": "null"
    },
    {
        "title": "Organizing Meaning Evolution Supporting Systems Using Semantic Decision Tables",
        "year": "2007",
        "authors": "Yan Tang,Robert Meersman",
        "venue": "OTM Conferences (1)",
        "id": "524751",
        "label": "3",
        "organization": "null"
    },
    {
        "title": "On Conducting a Decision Group to Construct Semantic Decision Tables",
        "year": "2007",
        "authors": "Yan Tang",
        "venue": "OTM Workshops (1)",
        "id": "524864",
        "label": "3",
        "organization": "null"
    },
    {
        "title": "Defining Re-usable Composite Aspect Patterns: An FDAF Based Approach",
        "year": "2008",
        "authors": "Kun Tian,Kendra M. L. Cooper,Kunwu Feng,Yan Tang",
        "venue": "OTM Workshops",
        "id": "525136",
        "label": "7",
        "organization": "Department of Computer Science, The University of Texas at Dallas, Richardson, USA"
    },
    {
        "title": "Model Ontological Commitments Using ORM+ in T-Lex",
        "year": "2008",
        "authors": "Yan Tang,Damien Trog",
        "venue": "OTM Workshops",
        "id": "525262",
        "label": "3",
        "organization": "Semantic Technology and Application Research Laboratory (STARLab), Department of Computer Science, Vrije Universiteit Brussel, Brussel, Belgium 1050"
    },
    {
        "title": "DRC-BK: Mining Classification Rules with Help of SVM",
        "year": "2004",
        "authors": "Yang Zhang,Zhanhuai Li,Yan Tang,Kebin Cui",
        "venue": "PAKDD",
        "id": "527272",
        "label": "1",
        "organization": "null"
    },
    {
        "title": "Towards Ontological Commitments with Omega -RIDL Markup Language",
        "year": "2007",
        "authors": "Damien Trog,Yan Tang,Robert Meersman",
        "venue": "RuleML",
        "id": "565789",
        "label": "3",
        "organization": "null"
    },
    {
        "title": "Towards Semantically Grounded Decision Rules Using ORM +",
        "year": "2007",
        "authors": "Yan Tang,Peter Spyns,Robert Meersman",
        "venue": "RuleML",
        "id": "565824",
        "label": "3",
        "organization": "null"
    },
    {
        "title": "Efficient checkpointing of java software using context-sensitive capture and replay",
        "year": "2007",
        "authors": "Guoqing Xu,Atanas Rountev,Yan Tang,Feng Qin",
        "venue": "ESEC/SIGSOFT FSE",
        "id": "601479",
        "label": "2",
        "organization": "Ohio State University, Columbus, OH"
    },
    {
        "title": "Use Semantic Decision Tables to Improve Meaning Evolution Support Systems",
        "year": "2008",
        "authors": "Yan Tang,Robert Meersman",
        "venue": "UIC",
        "id": "633843",
        "label": "3",
        "organization": "Semantic Technology and Application Research Laboratory (STARLab), Department of Computer Science, Vrije Universiteit Brussel, Brussels, Belgium B-1050"
    },
    {
        "title": "LeakSurvivor: Towards Safely Tolerating Memory Leaks for Garbage-Collected Languages",
        "year": "2008",
        "authors": "Yan Tang,Qi Gao,Feng Qin",
        "venue": "USENIX Annual Technical Conference",
        "id": "636695",
        "label": "2",
        "organization": "null"
    },
    {
        "title": "PROFILE COMPILER: Ontology-based, community-grounded, multilingual online services to support collaborative decision making",
        "year": "2008",
        "authors": "Yan Tang,Stijn Christiaens,Koen Kerremans,Robert Meersman",
        "venue": "RCIS",
        "id": "691064",
        "label": "3",
        "organization": "null"
    },
    {
        "title": "3D Model Simplification Method Based on ROI",
        "year": "2008",
        "authors": "Yan Tang,Xin Fu,Rui Chen",
        "venue": "CSSE (6)",
        "id": "730168",
        "label": "0",
        "organization": "null"
    },
    {
        "title": "The design and implementation of LilyTask in shared memory",
        "year": "2005",
        "authors": "Yan Tang,Tao Wang,Xiaoming Li",
        "venue": "Operating Systems Review",
        "id": "1066677",
        "label": "4",
        "organization": "Institute of Computing Technology"
    },
    {
        "title": "An ontology engineering methodology for DOGMA",
        "year": "2008",
        "authors": "Peter Spyns,Yan Tang,Robert Meersman",
        "venue": "Applied Ontology",
        "id": "1168217",
        "label": "3",
        "organization": "STAR Lab, Vrije Universiteit Brussel, B-1050 Brussel, Belgium. E-mail: {first_name.second_name}@vub.ac.be"
    },
    {
        "title": "Auction-Based Resource Reservation Game in Small World",
        "year": "2007",
        "authors": "Zhixing Huang,Yan Tang,Yuhui Qiu",
        "venue": "Emergent Intelligence of Networked Agents",
        "id": "1201397",
        "label": "0",
        "organization": "null"
    },
    {
        "title": "Towards a Pattern-Driven Topical Ontology Modeling Methodology in Elderly Care Homes",
        "year": "2009",
        "authors": "Yan Tang,Peter De Baer,Gang Zhao,Robert Meersman,Kevin Pudkey",
        "venue": "OTM Workshops",
        "id": "1253739",
        "label": "3",
        "organization": "VUB STARLab 10G731, Vrije Universiteit Brussel, Elesene Brussels, Belgium 1050"
    },
    {
        "title": "On Constructing, Grouping and Using Topical Ontology for Semantic Matching",
        "year": "2009",
        "authors": "Yan Tang,Peter De Baer,Gang Zhao,Robert Meersman",
        "venue": "OTM Workshops",
        "id": "1253837",
        "label": "3",
        "organization": "VUB STARLab 10G731, Vrije Universiteit Brussel, Elesene Brussels, Belgium 1050"
    },
    {
        "title": "First-aid: surviving and preventing memory management bugs during production runs",
        "year": "2009",
        "authors": "Qi Gao,Wenbin Zhang,Yan Tang,Feng Qin",
        "venue": "EuroSys",
        "id": "1258296",
        "label": "2",
        "organization": "Ohio State University, Columbus, OH, USA"
    },
    {
        "title": "An Expert System Based Approach to Modeling and Selecting Requirement Engineering Techniques",
        "year": "2009",
        "authors": "Yan Tang,Kunwu Feng",
        "venue": "WISM",
        "id": "1266064",
        "label": "7",
        "organization": "Department of Computer Science, The University of Texas at Dallas, Richardson 75080-3021"
    },
    {
        "title": "The Data Scales in Multi-valued Context Based on Formal Concept Analysis.",
        "year": "2009",
        "authors": "Shao-chun Wu,Ming-dong Li,Yan Tang,Ling-yu Xu,Da-ming Wei",
        "venue": "null",
        "id": "1301927",
        "label": "8",
        "organization": "null"
    },
    {
        "title": "An Ontology-based Data Matching Framework: use Case Competency-based HRM.",
        "year": "2009",
        "authors": "Peter De Baer,Yan Tang,Pieter De Leenheer",
        "venue": "null",
        "id": "1309649",
        "label": "3",
        "organization": "null"
    },
    {
        "title": "The Parameter Optimization of Human-Simulated Intelligent Controller Based on Improved Genetic Algorithm",
        "year": "2009",
        "authors": "Guiqiang Chen,Linjian Tang,Yan Tang",
        "venue": "Proceedings of the 2009 International Conference on Measuring Technology and Mechatronics Automation - Volume 02",
        "id": "1652433",
        "label": "10",
        "organization": "null"
    },
    {
        "title": "The Algorithm of R Peak Detection in ECG Based on Empirical Mode Decomposition",
        "year": "2008",
        "authors": "Jing-tian Tang,Xiao-li Yang,Jun-chao Xu,Yan Tang,Qing Zou,Xiao-kai Zhang",
        "venue": "Proceedings of the 2008 Fourth International Conference on Natural Computation - Volume 05",
        "id": "1747976",
        "label": "9",
        "organization": "null"
    }
]