[
    {
        "title": "A New Approach to Estimating the Expected First Hitting Time of Evolutionary Algorithms",
        "year": "2006",
        "authors": "Yang Yu,Zhi-Hua Zhou",
        "venue": "AAAI",
        "id": "15509",
        "label": "0",
        "organization": "null"
    },
    {
        "title": "Automated and Safe Vulnerability Assessment",
        "year": "2005",
        "authors": "Fanglu Guo,Yang Yu,Tzi-cker Chiueh",
        "venue": "ACSAC",
        "id": "24051",
        "label": "2",
        "organization": "Stony Brook University, NY"
    },
    {
        "title": "Learning the Semantic Meaning of a Concept from the Web",
        "year": "2007",
        "authors": "Yang Yu,Yun Peng",
        "venue": "Canadian Conference on AI",
        "id": "31646",
        "label": "4",
        "organization": "Department of Computer Science and Electrical Engineering, University of Maryland Baltimore County, Baltimore, MD 21250, USA"
    },
    {
        "title": "Design of an agent-based middleware for job matchmaking in teleworking community",
        "year": "2003",
        "authors": "Kenji Sugawara,Yang Yu,Brian Ragsdale,Hideki Hara,Tetsuo Kinoshita",
        "venue": "AAMAS",
        "id": "56780",
        "label": "6",
        "organization": "Chiba Institute of Technology, Narashino, Japan"
    },
    {
        "title": "Simulations of Protein Folding Process",
        "year": "2007",
        "authors": "Jing Zhang,Maozu Guo,Yang Yu",
        "venue": "BIOCOMP",
        "id": "65209",
        "label": "7",
        "organization": "null"
    },
    {
        "title": "Methods and Simulations for the Protein Folding",
        "year": "2007",
        "authors": "Jing Zhang,Maozu Guo,Yang Yu",
        "venue": "BIOCOMP",
        "id": "65373",
        "label": "7",
        "organization": "null"
    },
    {
        "title": "Display-only file server: a solution against information theft due to insider attack",
        "year": "2004",
        "authors": "Yang Yu,Tzi-cker Chiueh",
        "venue": "Digital Rights Management Workshop",
        "id": "160333",
        "label": "2",
        "organization": "Stony Brook University, Stony Brook, NY"
    },
    {
        "title": "A Meta-model of Temporal Workflow and Its Formalization",
        "year": "2004",
        "authors": "Yang Yu,Yong Tang,Na Tang,Xiao-ping Ye,Lu Liang",
        "venue": "GCC",
        "id": "224167",
        "label": "10",
        "organization": "null"
    },
    {
        "title": "Research on Dynamic Task Assignment in Grid Workflow System",
        "year": "2006",
        "authors": "Teng Zhang,Yang Yu,Zejian Lin,Yiyu Tang,Weibin Zhang",
        "venue": "GCC Workshops",
        "id": "224431",
        "label": "10",
        "organization": "Sun Yat-sen University, China"
    },
    {
        "title": "A Workflow Model with Temporal Logic Constraints and Its Automated Verification",
        "year": "2007",
        "authors": "Yang Yu,Xiaohui Li",
        "venue": "GCC",
        "id": "224441",
        "label": "10",
        "organization": "Sun Yat-sen University"
    },
    {
        "title": "A Clustering Approach to Planning Base Station and Relay Station Locations in IEEE 802.16j Multi-Hop Relay Networks",
        "year": "2008",
        "authors": "Yang Yu,Sean Murphy,Liam Murphy",
        "venue": "ICC",
        "id": "276127",
        "label": "12",
        "organization": "Dept. of Comput. Sci. & Inf., Univ. Coll. Dublin, Dublin"
    },
    {
        "title": "A Framework for Querying Sensor Networks Using Mobile Devices",
        "year": "2007",
        "authors": "Shourui Tian,Sol M. Shatz,Yang Yu",
        "venue": "ICCCN",
        "id": "285449",
        "label": "13",
        "organization": "Illinois Univ., Chicago"
    },
    {
        "title": "Network-Aware State Update For Large Scale Mobile Games",
        "year": "2007",
        "authors": "Yang Yu,Zhu Li,Larry Shi,Yi-Chiun Chen,Hua Xu",
        "venue": "ICCCN",
        "id": "285588",
        "label": "13",
        "organization": "Motorola Labs., Schaumburg"
    },
    {
        "title": "Representing Wholes by Structure",
        "year": "2006",
        "authors": "Yang Yu,Ji Wang,Ting Wang,Huowang Chen",
        "venue": "ICCS",
        "id": "290226",
        "label": "14",
        "organization": "null"
    },
    {
        "title": "Cocktail Ensemble for Regression",
        "year": "2007",
        "authors": "Yang Yu,Zhi-Hua Zhou,Kai Ming Ting",
        "venue": "ICDM",
        "id": "303413",
        "label": "0",
        "organization": "Nanjing Univ., Nanjing"
    },
    {
        "title": "TEFE: A Time-Efficient Approach to Feature Extraction",
        "year": "2008",
        "authors": "Li-Ping Liu,Yang Yu,Yuan Jiang,Zhi-Hua Zhou",
        "venue": "ICDM",
        "id": "303634",
        "label": "0",
        "organization": "Nat. Key Lab. for Novel Software Technol., Nanjing Univ., Nanjing"
    },
    {
        "title": "Power-Aware Resource Allocation for Independent Tasks in Heterogeneous Real-Time Systems",
        "year": "2002",
        "authors": "Yang Yu,Viktor K. Prasanna",
        "venue": "ICPADS",
        "id": "341733",
        "label": "13",
        "organization": "null"
    },
    {
        "title": "Energy-Latency Tradeoffs for Data Gathering in Wireless Sensor Networks",
        "year": "2004",
        "authors": "Yang Yu,Bhaskar Krishnamachari,Viktor K. Prasanna",
        "venue": "INFOCOM",
        "id": "402880",
        "label": "13",
        "organization": "Dept. of Electr. Eng., Univ. of Southern California, Los Angeles, CA, USA"
    },
    {
        "title": "Utility-Driven Spatiotemporal Sampling Using Mobile Sensors",
        "year": "2008",
        "authors": "Yang Yu,Loren J. Rittle",
        "venue": "INFOCOM",
        "id": "403950",
        "label": "13",
        "organization": "Pervasive Platforms & Archit. Lab., Applic. Res. Center, Motorola Labs., Bangalore"
    },
    {
        "title": "Utilization-Based Heuristics for Statically Mapping Real-Time Applications onto the HiPer-D Heterogeneous Computing System",
        "year": "2002",
        "authors": "Shoukat Ali,Jong-Kook Kim,Yang Yu,Shriram B. Gundala,Sethavidh Gertphol,Howard Jay Siegel,Anthony A. Maciejewski,Viktor K. Prasanna",
        "venue": "IPDPS",
        "id": "407850",
        "label": "13",
        "organization": "Purdue University"
    },
    {
        "title": "An integer programming approach for static mapping onto heterogeneous real-time systems",
        "year": "2001",
        "authors": "Sethavidh Gertphol,Yang Yu,Ammar H. Alhusaini,Viktor K. Prasanna",
        "venue": "IPDPS",
        "id": "409016",
        "label": "13",
        "organization": "null"
    },
    {
        "title": "A Metric and Mixed-Integer-Programming-Based Approach for Resource Allocation in Dynamic Real-Time Systems",
        "year": "2002",
        "authors": "Sethavidh Gertphol,Yang Yu,Shriram B. Gundala,Viktor K. Prasanna,Shoukat Ali,Jong-Kook Kim,Anthony A. Maciejewski,Howard Jay Siegel",
        "venue": "IPDPS",
        "id": "409018",
        "label": "13",
        "organization": "null"
    },
    {
        "title": "Communication Models for Algorithm Design in Networked Sensor Systems",
        "year": "2005",
        "authors": "Yang Yu,Viktor K. Prasanna,Bo Hong",
        "venue": "IPDPS",
        "id": "411365",
        "label": "13",
        "organization": "University of Southern California, Los Angeles"
    },
    {
        "title": "Practical Routing and Torus Assignment for RDT",
        "year": "2004",
        "authors": "Tao Li,Yang Yu,Peng Li,Jingpeng Xu,Xirong Ma,Yulu Yang",
        "venue": "ISPAN",
        "id": "445880",
        "label": "16",
        "organization": "Dept. of Comput. Sci., Nankai Univ., China"
    },
    {
        "title": "Performance analysis of practical RDT interconnection networks with SINOMP",
        "year": "2005",
        "authors": "Yang Yu,Yulu Yang",
        "venue": "ISPAN",
        "id": "445979",
        "label": "16",
        "organization": "Nankai University, Tianjin, China"
    },
    {
        "title": "Fault-Tolerant Routing Algorithm for RDT Structure",
        "year": "2005",
        "authors": "Yang Yu,Tao Li,Yulu Yang,Xiaoshe Dong",
        "venue": "ISPAN",
        "id": "446150",
        "label": "16",
        "organization": "Nankai Univ., Tianjin,China"
    },
    {
        "title": "A RDT-Based Interconnection Network for Scalable Network-on-Chip Designs",
        "year": "2005",
        "authors": "Yang Yu,Mei Yang,Yulu Yang,Yingtao Jiang",
        "venue": "ITCC (2)",
        "id": "457526",
        "label": "16",
        "organization": "Dept. of Comput. Sci., Nankai Univ., Tianjin, China"
    },
    {
        "title": "RDT Properties and Evaluations",
        "year": "2006",
        "authors": "Yulu Yang,Yang Yu",
        "venue": "ITNG",
        "id": "457733",
        "label": "16",
        "organization": "Nankai University, China"
    },
    {
        "title": "Energy-balanced task allocation for collaborative processing in networked embedded systems",
        "year": "2003",
        "authors": "Yang Yu,Viktor K. Prasanna",
        "venue": "LCTES",
        "id": "483622",
        "label": "13",
        "organization": "University of Southern California, Los Angeles, CA"
    },
    {
        "title": "Secure Mobile Code Execution Service",
        "year": "2006",
        "authors": "Lap-Chung Lam,Yang Yu,Tzi-cker Chiueh",
        "venue": "LISA",
        "id": "486032",
        "label": "2",
        "organization": "null"
    },
    {
        "title": "Computer Simulation for Protein Folding",
        "year": "2007",
        "authors": "Jing Zhang,Yang Yu,Maozu Guo",
        "venue": "MSV",
        "id": "509479",
        "label": "7",
        "organization": "null"
    },
    {
        "title": "A Framework for Modeling Positive Class Expansion with Single Snapshot",
        "year": "2008",
        "authors": "Yang Yu,Zhi-Hua Zhou",
        "venue": "PAKDD",
        "id": "527424",
        "label": "0",
        "organization": "null"
    },
    {
        "title": "Dynamic Multi-reference Prediction in Video Coding for Improved Error Resilience over Internet",
        "year": "2001",
        "authors": "Yang Yu,Xuelong Zhu",
        "venue": "IEEE Pacific Rim Conference on Multimedia",
        "id": "532058",
        "label": "5",
        "organization": "null"
    },
    {
        "title": "Greedy Heuristics for Resource Allocation in Dynamic Distributed Real-Time Heterogeneous Computing Systems",
        "year": "2002",
        "authors": "Shoukat Ali,Jong-Kook Kim,Howard Jay Siegel,Anthony A. Maciejewski,Yang Yu,Shriram B. Gundala,Sethavidh Gertphol,Viktor K. Prasanna",
        "venue": "PDPTA",
        "id": "535024",
        "label": "13",
        "organization": "null"
    },
    {
        "title": "A Bayesian Network Approach to Ontology Mapping",
        "year": "2005",
        "authors": "Rong Pan,Zhongli Ding,Yang Yu,Yun Peng",
        "venue": "International Semantic Web Conference",
        "id": "583622",
        "label": "4",
        "organization": "null"
    },
    {
        "title": "Supporting concurrent applications in wireless sensor networks",
        "year": "2006",
        "authors": "Yang Yu,Loren J. Rittle,Vartika Bhandari,Jason B. LeBrun",
        "venue": "SenSys",
        "id": "584567",
        "label": "13",
        "organization": "Motorola Labs"
    },
    {
        "title": "MetaData Pro: Ontology-Based Metadata Processing for Web Resources",
        "year": "2004",
        "authors": "Ting Wang,Ji Wang,Yang Yu,Rui Shen,Jinhong Liu,Huowang Chen",
        "venue": "WISE Workshops",
        "id": "663962",
        "label": "14",
        "organization": "null"
    },
    {
        "title": "A feather-weight virtual machine for windows applications",
        "year": "2006",
        "authors": "Yang Yu,Fanglu Guo,Susanta Nanda,Lap-Chung Lam,Tzi-cker Chiueh",
        "venue": "VEE",
        "id": "677984",
        "label": "2",
        "organization": "Stony Brook University"
    },
    {
        "title": "Applications of a feather-weight virtual machine",
        "year": "2008",
        "authors": "Yang Yu,Hariharan Kolam,Lap-Chung Lam,Tzi-cker Chiueh",
        "venue": "VEE",
        "id": "678061",
        "label": "2",
        "organization": "Stony Brook University, Stony Brook, NY"
    },
    {
        "title": "The Dynamic Grey Radial Basis Function Prediction Model and its Applications",
        "year": "2006",
        "authors": "Jingling Yuan,Luo Zhong,Yang Yu",
        "venue": "ICICIC (2)",
        "id": "679259",
        "label": "9",
        "organization": "Comput. Sch., Wuhan Univ. of Technol."
    },
    {
        "title": "Workflow scheduling in grids: an ant colony optimization approach",
        "year": "2007",
        "authors": "Wei-neng Chen,Jun Zhang,Yang Yu",
        "venue": "IEEE Congress on Evolutionary Computation",
        "id": "697715",
        "label": "10",
        "organization": "Sun-yat Sen Univ., Guangzhou"
    },
    {
        "title": "On the usefulness of infeasible solutions in evolutionary search: A theoretical study",
        "year": "2008",
        "authors": "Yang Yu,Zhi-Hua Zhou",
        "venue": "IEEE Congress on Evolutionary Computation",
        "id": "697917",
        "label": "0",
        "organization": "Nat. Key Lab. for Novel Software Technol., Nanjing Univ., Nanjing"
    },
    {
        "title": "Query privacy in wireless sensor networks",
        "year": "2007",
        "authors": "Bogdan Carbunar,Yang Yu,Weidong Shi,Michael Pearce,Venu Vasudevan",
        "venue": "SECON",
        "id": "727850",
        "label": "13",
        "organization": "Motorola Labs, Schaumburg"
    },
    {
        "title": "3D Simulation of Real-Time Infrared Scene Based on DSP",
        "year": "2008",
        "authors": "Yang Yu,Xinyi Tang,Haijiao Cai,Yuanlin Chen,Sili Gao",
        "venue": "CSSE (2)",
        "id": "729011",
        "label": "11",
        "organization": "null"
    },
    {
        "title": "A new approach to estimating the expected first hitting time of evolutionary algorithms",
        "year": "2008",
        "authors": "Yang Yu,Zhi-Hua Zhou",
        "venue": "Artif. Intell.",
        "id": "746299",
        "label": "0",
        "organization": "National Key Laboratory for Novel Software Technology, Nanjing University, Nanjing 210093, China"
    },
    {
        "title": "Log-Concave Functions And Poset Probabilities",
        "year": "1998",
        "authors": "Jeff Kahn,Yang Yu",
        "venue": "Combinatorica",
        "id": "798309",
        "label": "15",
        "organization": "null"
    },
    {
        "title": "Adapt Bagging to Nearest Neighbor Classifiers",
        "year": "2005",
        "authors": "Zhi-Hua Zhou,Yang Yu",
        "venue": "J. Comput. Sci. Technol.",
        "id": "973942",
        "label": "0",
        "organization": "null"
    },
    {
        "title": "The Permanent Rank of a Matrix",
        "year": "1999",
        "authors": "Yang Yu",
        "venue": "J. Comb. Theory, Ser. A",
        "id": "978495",
        "label": "0",
        "organization": "null"
    },
    {
        "title": "Resource Allocation for Independent Real-Time Tasks in Heterogeneous Systems for Energy Minimization",
        "year": "2003",
        "authors": "Yang Yu,Viktor K. Prasanna",
        "venue": "J. Inf. Sci. Eng.",
        "id": "983795",
        "label": "13",
        "organization": "null"
    },
    {
        "title": "Energy-Balanced Task Allocation for Collaborative Processing in Wireless Sensor Networks",
        "year": "2005",
        "authors": "Yang Yu,Viktor K. Prasanna",
        "venue": "MONET",
        "id": "1012949",
        "label": "13",
        "organization": "null"
    },
    {
        "title": "Human appearance modeling for matching across video sequences",
        "year": "2007",
        "authors": "Yang Yu,David Harwood,Kyongil Yoon,Larry S. Davis",
        "venue": "Mach. Vis. Appl.",
        "id": "1017580",
        "label": "4",
        "organization": "University of Maryland, Institute for Advanced Computer Studies (UMIACS), 20742, College Park, MD, USA"
    },
    {
        "title": "Issues in Designing Middleware for Wireless Sensor Networks",
        "year": "2004",
        "authors": "Yang Yu,Bhaskar Krishnamachari,Viktor K. Prasanna",
        "venue": "IEEE Network",
        "id": "1024018",
        "label": "13",
        "organization": "Univ. of Southern California, Los Angeles, CA, USA"
    },
    {
        "title": "Data Gathering with Tunable Compression in Sensor Networks",
        "year": "2008",
        "authors": "Yang Yu,Bhaskar Krishnamachari,Viktor K. Prasanna",
        "venue": "IEEE Trans. Parallel Distrib. Syst.",
        "id": "1126379",
        "label": "13",
        "organization": "IEEE"
    },
    {
        "title": "Ensembling local learners ThroughMultimodal perturbation",
        "year": "2005",
        "authors": "Zhi-Hua Zhou,Yang Yu",
        "venue": "IEEE Transactions on Systems, Man, and Cybernetics, Part B",
        "id": "1132581",
        "label": "0",
        "organization": "Nat. Lab. for Novel Software Technol., Nanjing Univ., China"
    },
    {
        "title": "Energy Minimization for Real-Time Data Gathering in Wireless Sensor Networks",
        "year": "2006",
        "authors": "Yang Yu,Viktor K. Prasanna,Bhaskar Krishnamachari",
        "venue": "IEEE Transactions on Wireless Communications",
        "id": "1176362",
        "label": "13",
        "organization": "Application Res. Center, Motorola Labs., Schaumburg, IL"
    },
    {
        "title": "On communication models for algorithm design in networked sensor systems: A case study,",
        "year": "2005",
        "authors": "Yang Yu,Bo Hong,Viktor K. Prasanna",
        "venue": "Pervasive and Mobile Computing",
        "id": "1185329",
        "label": "13",
        "organization": "Department of Electrical Engineering, University of Southern California, Los Angeles, CA 90089-2562, United States"
    },
    {
        "title": "Weak Evolvability Equals Strong Evolvability",
        "year": "2009",
        "authors": "Yang Yu,Zhi-Hua Zhou",
        "venue": "CoRR",
        "id": "1222633",
        "label": "0",
        "organization": "null"
    },
    {
        "title": "Spectrum of Variable-Random Trees",
        "year": "2008",
        "authors": "Fei Tony Liu,Kai Ming Ting,Yang Yu,Zhi-Hua Zhou",
        "venue": "J. Artif. Intell. Res. (JAIR)",
        "id": "1225840",
        "label": "0",
        "organization": "null"
    },
    {
        "title": "Predicting Future Customers via Ensembling Gradually Expanded Trees",
        "year": "2007",
        "authors": "Yang Yu,De-Chuan Zhan,Xu-Ying Liu,Ming Li,Zhi-Hua Zhou",
        "venue": "IJDWM",
        "id": "1231679",
        "label": "0",
        "organization": "null"
    },
    {
        "title": "An Improved Two-Stage Camera Calibration Method Based on Particle Swarm Optimization",
        "year": "2009",
        "authors": "Hongwei Gao,Ben Niu,Yang Yu,Liang Chen",
        "venue": "ICIC (2)",
        "id": "1247513",
        "label": "17",
        "organization": "null"
    },
    {
        "title": "A Case Study in Integrating Multiple E-commerce Standards via Semantic Web Technology",
        "year": "2009",
        "authors": "Yang Yu,Donald Hillman,Basuki Setio,Jeff Heflin",
        "venue": "International Semantic Web Conference",
        "id": "1255426",
        "label": "4",
        "organization": "Department of Computer Science and Engineering, Lehigh University, Bethlehem 18015"
    },
    {
        "title": "Querying sensor networks using ad hoc mobile devices: A two-layer networking approach",
        "year": "2009",
        "authors": "Shourui Tian,Sol M. Shatz,Yang Yu,Juzheng Li",
        "venue": "Ad Hoc Networks",
        "id": "1266399",
        "label": "13",
        "organization": "GainSpan, Inc., Los Gatos, California 95032, United States"
    },
    {
        "title": "FEM Based Numerical Analysis on the Temperature Field in Grind-hardening.",
        "year": "2009",
        "authors": "Jianhua Zhang,Hongsheng Xu,Yang Yu,Zhi Wei",
        "venue": "null",
        "id": "1304104",
        "label": "18",
        "organization": "Sch. of Mech. Eng., Hebei Univ. of Technol., Tianjin, China"
    },
    {
        "title": "A workflow model based on fuzzy-timing Petri nets.",
        "year": "2005",
        "authors": "Yan Pan,Yong Tang,Na Tang,Yang Yu,Wei Dao",
        "venue": "null",
        "id": "1304557",
        "label": "10",
        "organization": "Dept. of Comput. Sci., Sun Yat-sen Univ., China"
    },
    {
        "title": "Semi-naive Exploitation of One-Dependence Estimators.",
        "year": "2009",
        "authors": "Nan Li,Yang Yu,Zhi-Hua Zhou",
        "venue": "null",
        "id": "1319494",
        "label": "0",
        "organization": "Nat. Key Lab. for Novel Software Technol., Nanjing Univ., Nanjing, China"
    },
    {
        "title": "Shedding New Light on Sequence Design Criteria for Multipath Channels.",
        "year": "2009",
        "authors": "Xiaoming Dai,Yang Yu,Changguo Sun,Shaohui Sun,Yingming Wang",
        "venue": "null",
        "id": "1324123",
        "label": "8",
        "organization": "Datang Mobile Commun. Equip. Com., Ltd., China"
    },
    {
        "title": "Information Processing and Routing in Wireless Sensor Networks",
        "year": "2007",
        "authors": "Yang Yu",
        "venue": "null",
        "id": "1361884",
        "label": "13",
        "organization": "null"
    },
    {
        "title": "Confining windows inter-process communications for OS-level virtual machine",
        "year": "2009",
        "authors": "Zhiyong Shan,Yang Yu,Tzi-cker Chiueh",
        "venue": "Proceedings of the 1st EuroSys Workshop on Virtualization Technology for Dependable Systems",
        "id": "1385434",
        "label": "2",
        "organization": "Stony Brook University"
    },
    {
        "title": "SVM Based Classification Mapping for User Navigation",
        "year": "2009",
        "authors": "Jing-Ling Yuan,Yang Yu,Xuan Xiao,Xiao-Yan Li",
        "venue": "International Journal of Distributed Sensor Networks",
        "id": "1390770",
        "label": "9",
        "organization": "School of Computer Science and Technology, Wuhan University of Technology, Wuhan, Hubei, China"
    },
    {
        "title": "Cotton Variety Selection Model and Application Design",
        "year": "2009",
        "authors": "Yang Yu,Yan Zhang",
        "venue": "Proceedings of the 2009 Second International Symposium on Intelligent Information Technology and Security Informatics",
        "id": "1391548",
        "label": "1",
        "organization": "Sch. of Econ. & Manage., Beijing Univ. of Aeronaut. & Astronaut., Beijing"
    },
    {
        "title": "Medical Segmentation Using Sobolev Optical Flow",
        "year": "2007",
        "authors": "Yang Yu,Hong Zhao",
        "venue": "Proceedings of the Fourth International Conference on Image and Graphics",
        "id": "1586130",
        "label": "3",
        "organization": "Northeastern University, China"
    }
]