[
    {
        "title": "A Resource Access Decision Service for CORBA-Based Distributed Systems",
        "year": "1999",
        "authors": "Konstantin Beznosov,Yi Deng,Bob Blakley,C. Burt,John F. Barkley",
        "venue": "ACSAC",
        "id": "24134",
        "label": "0",
        "organization": "null"
    },
    {
        "title": "Integrating Software Engineering Methods and Petri Nets for the Specification and Prototyping of Complex Information Systems",
        "year": "1993",
        "authors": "Yi Deng,Shi-Kuo Chang,Jorge C. A. de Figueiredo,Angelo Perkusich",
        "venue": "Application and Theory of Petri Nets",
        "id": "45248",
        "label": "0",
        "organization": "null"
    },
    {
        "title": "Communication Model to Support Rapid Application Development",
        "year": "2006",
        "authors": "Yingbo Wang,Peter J. Clarke,Yi Deng",
        "venue": "Communications in Computing",
        "id": "93977",
        "label": "0",
        "organization": "null"
    },
    {
        "title": "Resettable Zero Knowledge with Concurrent Soundness in the Bare Public-Key Model under Standard Assumption",
        "year": "2007",
        "authors": "Yi Deng,Dongdai Lin",
        "venue": "Inscrypt",
        "id": "97503",
        "label": "2",
        "organization": "The state key laboratory of information security, Institute of software, Chinese Academy of sciences, Beijing, China 100080 and Graduate School of Chinese Academy of Sciences,"
    },
    {
        "title": "Performance Analysis of Traffic Control System Based on Stochastic Timed Petri Net Models",
        "year": "1999",
        "authors": "Jiacun Wang,Chun Jin,Yi Deng",
        "venue": "COMPSAC",
        "id": "112833",
        "label": "0",
        "organization": "Sch. of Comput. Sci., Florida Int. Univ., Miami, FL"
    },
    {
        "title": "Architecture-Centered Enterprise System Development and Integration Based on Distributed Object Technology Standard",
        "year": "1999",
        "authors": "Kent Wreder,Yi Deng",
        "venue": "COMPSAC",
        "id": "112870",
        "label": "0",
        "organization": "Object Technol. Group, Baptist Health Syst. of Florida, Miami, FL"
    },
    {
        "title": "A Formal Method for Analyzing Software Architecture Models in SAM",
        "year": "2002",
        "authors": "Huiqun Yu,Xudong He,Yi Deng,Lian Mo",
        "venue": "COMPSAC",
        "id": "112986",
        "label": "0",
        "organization": "Sch. of Comput. Sci., Florida Int. Univ., Miami, FL"
    },
    {
        "title": "A Communication Virtual Machine",
        "year": "2006",
        "authors": "Yi Deng,Seyed Masoud Sadjadi,Peter J. Clarke,Chi Zhang,Vagelis Hristidis,Raju Rangaswami,Nagarajan Prabakar",
        "venue": "COMPSAC (1)",
        "id": "113059",
        "label": "0",
        "organization": "Florida International University, USA"
    },
    {
        "title": "A HyperNet Model for Large Hypertext Systems",
        "year": "1991",
        "authors": "Yi Deng,Shi-Kuo Chang",
        "venue": "DASFAA",
        "id": "140496",
        "label": "0",
        "organization": "null"
    },
    {
        "title": "Towards a business continuity information network for rapid disaster recovery",
        "year": "2008",
        "authors": "Khalid Saleem,Steven Luis,Yi Deng,Shu-Ching Chen,Vagelis Hristidis,Tao Li",
        "venue": "DG.O",
        "id": "154954",
        "label": "0",
        "organization": "Florida International University, Miami, FL"
    },
    {
        "title": "A Fast Line Segment Based Dense Stereo Algorithm Using Tree Dynamic Programming",
        "year": "2006",
        "authors": "Yi Deng,Xueyin Lin",
        "venue": "ECCV (3)",
        "id": "168405",
        "label": "6",
        "organization": "null"
    },
    {
        "title": "Instance-Dependent Verifiable Random Functions and Their Application to Simultaneous Resettability",
        "year": "2007",
        "authors": "Yi Deng,Dongdai Lin",
        "venue": "EUROCRYPT",
        "id": "193649",
        "label": "2",
        "organization": "The state key laboratory of information security,Institute of software, Chinese Academy of sciences, Beijing, 100080, China"
    },
    {
        "title": "Multi-level specification and protocol design for distributed multimedia communication",
        "year": "1991",
        "authors": "Taieb Znati,Yi Deng,Brian Field,Shi-Kuo Chang",
        "venue": "COOCS",
        "id": "237404",
        "label": "0",
        "organization": "Computer Science Department, University of Pittsburgh, Pittsburgh, PA"
    },
    {
        "title": "Integrated Architectural Modeling and Analysis for High-Assurance Command and Control System Design",
        "year": "1998",
        "authors": "Yi Deng,Jiacun Wang",
        "venue": "HASE",
        "id": "239150",
        "label": "0",
        "organization": "Sch. of Comput. Sci., Florida Int. Univ., Miami, FL"
    },
    {
        "title": "A Formal Approach to Designing Secure Software Architectures",
        "year": "2004",
        "authors": "Huiqun Yu,Xudong He,Yi Deng,Lian Mo",
        "venue": "HASE",
        "id": "239279",
        "label": "0",
        "organization": "Sch. of Comput. Sci., Florida Int. Univ., Miami, FL, USA"
    },
    {
        "title": "A Formal Approach for Architectural Modeling and Prototyping of Distributed Real-Time Systems",
        "year": "1997",
        "authors": "Yi Deng,Shengkai Lu,Michael Evangelist",
        "venue": "HICSS (1)",
        "id": "244483",
        "label": "0",
        "organization": "null"
    },
    {
        "title": "A Symmetric Patch-Based Correspondence Model for Occlusion Handling",
        "year": "2005",
        "authors": "Yi Deng,Qiong Yang,Xueyin Lin,Xiaoou Tang",
        "venue": "ICCV",
        "id": "293010",
        "label": "6",
        "organization": "Tsinghua University"
    },
    {
        "title": "A Delay-Optimal Quorum-Based Mutual Exclusion Scheme with Fault-Tolerance Capability",
        "year": "1998",
        "authors": "Guohong Cao,Mukesh Singhal,Yi Deng,Naphtali Rishe,Wei Sun",
        "venue": "ICDCS",
        "id": "296440",
        "label": "0",
        "organization": "Dept. of Comput. & Inf. Sci., Ohio State Univ., Columbus, OH"
    },
    {
        "title": "Optimal Deadlock Detection in Distributed Systems Based on Locally Constructed Wait-for Graphs",
        "year": "1996",
        "authors": "Shigang Chen,Yi Deng,Paul C. Attie,Wei Sun",
        "venue": "ICDCS",
        "id": "296519",
        "label": "0",
        "organization": "Dept. of Comput. Sci., Illinois Univ., Urbana, IL"
    },
    {
        "title": "Performance Analysis of Traffic Networks Based on Stochastic Timed Petri Net Models",
        "year": "1999",
        "authors": "Jiacun Wang,Chun Jin,Yi Deng",
        "venue": "ICECCS",
        "id": "305581",
        "label": "0",
        "organization": "Sch. of Comput. Sci., Florida Int. Univ., Miami, FL"
    },
    {
        "title": "Incremental Architectural Modeling and Verification of Real-Time Concurrent Systems",
        "year": "1998",
        "authors": "Yi Deng,Jiacun Wang,Rakesh Sinha",
        "venue": "ICFEM",
        "id": "309522",
        "label": "0",
        "organization": "Sch. of Comput. Sci., Florida Int. Univ., Miami, FL"
    },
    {
        "title": "Formal Analysis of Real-Time Systems with SAM",
        "year": "2002",
        "authors": "Huiqun Yu,Xudong He,Yi Deng,Lian Mo",
        "venue": "ICFEM",
        "id": "309779",
        "label": "0",
        "organization": "null"
    },
    {
        "title": "Panther: An Inexpensive and Integrated Multimedia Environment",
        "year": "1994",
        "authors": "Sha Guo,Wei Sun,Yi Deng,Wei Li,Qing Liu,Weiping Zhang",
        "venue": "ICMCS",
        "id": "330171",
        "label": "0",
        "organization": "Sch. of Comput. Sci., Florida Int. Univ., Miami, FL"
    },
    {
        "title": "Strengthening QIM-Based Watermarking by Non-uniform Discrete Cosine Transform",
        "year": "2008",
        "authors": "Xianfeng Zhao,Bingbing Xia,Yi Deng",
        "venue": "Information Hiding",
        "id": "385706",
        "label": "2",
        "organization": "State Key Laboratory of Information Security, Institute of Software, Chinese Academy of Sciences, Beijing, China 100190"
    },
    {
        "title": "Formal Analysis of Software Security System Architectures",
        "year": "2001",
        "authors": "Yi Deng,Jiacun Wang,Jeffrey J. P. Tsai",
        "venue": "ISADS",
        "id": "416284",
        "label": "0",
        "organization": "Dept. of Comput. Sci., Texas Univ., Dallas, TX"
    },
    {
        "title": "An Architecture for Operating System Support of Distributed Multimedia Systems",
        "year": "1995",
        "authors": "Ya Xu,Cyril U. Orji,Yi Deng,Naphtali Rishe",
        "venue": "IW-MMDBMS",
        "id": "465315",
        "label": "0",
        "organization": "Sch. of Comput. Sci., Florida Int. Univ., Miami, FL"
    },
    {
        "title": "Modeling and Analyzing SMIL Documents in SAM",
        "year": "2002",
        "authors": "Huiqun Yu,Xudong He,Shu Gao,Yi Deng",
        "venue": "ISMSE",
        "id": "508471",
        "label": "0",
        "organization": "Sch. of Comput. Sci., Florida Int. Univ., Miami, FL, USA"
    },
    {
        "title": "A Framework for Implementing Role-Based Access Control Using CORBA Security Service",
        "year": "1999",
        "authors": "Konstantin Beznosov,Yi Deng",
        "venue": "ACM Workshop on Role-Based Access Control",
        "id": "557950",
        "label": "0",
        "organization": "null"
    },
    {
        "title": "Managing security policies in a distributed environment using eXtensible markup language (XML)",
        "year": "2001",
        "authors": "Nathan N. Vuong,Geoffrey Smith,Yi Deng",
        "venue": "SAC",
        "id": "568739",
        "label": "0",
        "organization": "University of Texas at Dallas, School of Engineering and Computer Science, Embedded Software Center, Richardson, Texas"
    },
    {
        "title": "A Formalism for Architectural Modeling of Distributed Real-Time Systems",
        "year": "1996",
        "authors": "Yi Deng,Wenliang Du,Paul C. Attie,Michael Evangelist",
        "venue": "SEKE",
        "id": "581877",
        "label": "0",
        "organization": "null"
    },
    {
        "title": "Applying Aspect-Orientation in Designing Security Systems: A Case Study",
        "year": "2004",
        "authors": "Shu Gao,Yi Deng,Huiqun Yu,Xudong He,Konstantin Beznosov,Kendra Cooper",
        "venue": "SEKE",
        "id": "581911",
        "label": "0",
        "organization": "null"
    },
    {
        "title": "Model checking software architecture specifications in SAM",
        "year": "2002",
        "authors": "Xudong He,Junhua Ding,Yi Deng",
        "venue": "SEKE",
        "id": "581942",
        "label": "0",
        "organization": "Florida International University, FL"
    },
    {
        "title": "An Environment for Specification, Simulation and Analysis of Distributed Object-Oriented Systems",
        "year": "1995",
        "authors": "Shengkai Lu,Yi Deng",
        "venue": "SEKE",
        "id": "582029",
        "label": "0",
        "organization": "null"
    },
    {
        "title": "Integrating Security Administration into Software Architectures Design",
        "year": "2004",
        "authors": "Huiqun Yu,Xudong He,Yi Deng,Lian Mo",
        "venue": "SEKE",
        "id": "582168",
        "label": "0",
        "organization": "null"
    },
    {
        "title": "Formal Software Architecture Design of Secure Distributed Systems",
        "year": "2003",
        "authors": "Huiqun Yu,Xudong He,Shu Gao,Yi Deng",
        "venue": "SEKE",
        "id": "582169",
        "label": "0",
        "organization": "null"
    },
    {
        "title": "Executable Specifications for the Design of Object-Oriented Systems",
        "year": "1993",
        "authors": "Yi Deng,Raimund K. Ege,Wei Sun",
        "venue": "SEKE",
        "id": "582229",
        "label": "0",
        "organization": "null"
    },
    {
        "title": "Intermediate Executable Architectural Specifications for KBSA, Part II",
        "year": "1993",
        "authors": "Yi Deng",
        "venue": "SEKE",
        "id": "582282",
        "label": "4",
        "organization": "null"
    },
    {
        "title": "Semantic query optimization by class reference reduction in object- oriented databases",
        "year": "1994",
        "authors": "Sha Guo,Wei Sun,Naphtali Rishe,Yi Deng",
        "venue": "SEKE",
        "id": "582423",
        "label": "0",
        "organization": "null"
    },
    {
        "title": "Achieving a Better Middleware Design through Formal Modeling and Analysis",
        "year": "2006",
        "authors": "Weixiang Sun,Tianjun Shi,Gonzalo Argote-Garcia,Yi Deng,Xudong He",
        "venue": "SEKE",
        "id": "582503",
        "label": "0",
        "organization": "null"
    },
    {
        "title": "Design an Interoperable Mobile Agent System Based on Predicate Transition Net Models",
        "year": "2005",
        "authors": "Junhua Ding,Dianxiang Xu,Yi Deng,Peter J. Clarke,Xudong He",
        "venue": "SEKE",
        "id": "582593",
        "label": "0",
        "organization": "null"
    },
    {
        "title": "Unifying Multi-Paradigms in Software System Design",
        "year": "1992",
        "authors": "Yi Deng,Shi-Kuo Chang",
        "venue": "SEKE",
        "id": "582702",
        "label": "0",
        "organization": "Dept. of Comput. Sci., Pittsburgh Univ., PA"
    },
    {
        "title": "Building Global Ecosystem for Collaborative Computing Research and Education",
        "year": "2008",
        "authors": "Yi Deng",
        "venue": "SEKE",
        "id": "583082",
        "label": "8",
        "organization": "null"
    },
    {
        "title": "Performance Modeling and Analysis of Software Architectures: An Aspect-Oriented UML Based Approach",
        "year": "2004",
        "authors": "Kendra Cooper,Lirong Dai,Yi Deng",
        "venue": "Software Engineering Research and Practice",
        "id": "585069",
        "label": "0",
        "organization": "null"
    },
    {
        "title": "Developing a Formal Design Analysis Framework",
        "year": "2003",
        "authors": "Kendra Cooper,Lirong Dai,Yi Deng,Jing Dong",
        "venue": "Software Engineering Research and Practice",
        "id": "585071",
        "label": "0",
        "organization": "null"
    },
    {
        "title": "A Component Framework for Resource Management Systems",
        "year": "2004",
        "authors": "Jing Dong,Rucha Khisti,Kendra Cooper,Yi Deng",
        "venue": "Software Engineering Research and Practice",
        "id": "585101",
        "label": "0",
        "organization": "null"
    },
    {
        "title": "An Instant and Accurate Estimation Method for Joins and Selection in a Retrieval-Intensive Environment",
        "year": "1993",
        "authors": "Wei Sun,Yibei Ling,Naphtali Rishe,Yi Deng",
        "venue": "SIGMOD Conference",
        "id": "599759",
        "label": "0",
        "organization": "null"
    },
    {
        "title": "A Visual Approach to XML Document Design and Transformation",
        "year": "2001",
        "authors": "Kang Zhang,Da-Qian Zhang,Yi Deng",
        "venue": "HCC",
        "id": "641554",
        "label": "0",
        "organization": "State Key Lab for Novel Software Technol., Nanjing Univ."
    },
    {
        "title": "A flexible approach for electronic medical records exchange",
        "year": "2006",
        "authors": "Vagelis Hristidis,Peter J. Clarke,Nagarajan Prabakar,Yi Deng,Jeffrey A. White,Redmond P. Burke",
        "venue": "HIKM",
        "id": "681960",
        "label": "0",
        "organization": "Florida International University"
    },
    {
        "title": "Automatic Generation of User-Centric Multimedia Communication Services",
        "year": "2007",
        "authors": "Raju Rangaswami,Seyed Masoud Sadjadi,Nagarajan Prabakar,Yi Deng",
        "venue": "IPCCC",
        "id": "693460",
        "label": "0",
        "organization": "Florida Int. Univ., Miami, FL"
    },
    {
        "title": "Characterizing and Detecting Virus Replication",
        "year": "2008",
        "authors": "Jose Andre Morales,Peter J. Clarke,Yi Deng",
        "venue": "ICONS",
        "id": "715681",
        "label": "0",
        "organization": "Sch. of Comput. & Inf. Sci., Florida Int. Univ., Miami, FL"
    },
    {
        "title": "A Self-Configuring Communication Virtual Machine",
        "year": "2008",
        "authors": "Seyed Masoud Sadjadi,Selim Kalayci,Yi Deng",
        "venue": "ICNSC",
        "id": "735871",
        "label": "0",
        "organization": "Florida Int. Univ., Miami"
    },
    {
        "title": "Integrated Architectural Modeling and Analysis for High-Assurance Command and Control System Design",
        "year": "1999",
        "authors": "Yi Deng,Jiacun Wang",
        "venue": "Ann. Software Eng.",
        "id": "753319",
        "label": "0",
        "organization": "Sch. of Comput. Sci., Florida Int. Univ., Miami, FL"
    },
    {
        "title": "Graphical Transformation of Multimedia XML Documents",
        "year": "2001",
        "authors": "Kang Zhang,Da-Qian Zhang,Yi Deng",
        "venue": "Ann. Software Eng.",
        "id": "753409",
        "label": "0",
        "organization": "Department of Computer Science, University of Texas at Dallas, Richardson, TX 75083-0688, USA yideng@utdallas.edu"
    },
    {
        "title": "A Framework for Developing and Analyzing Software Architecture Specifications in SAM",
        "year": "2002",
        "authors": "Xudong He,Yi Deng",
        "venue": "Comput. J.",
        "id": "790339",
        "label": "0",
        "organization": "null"
    },
    {
        "title": "Concurrently Non-Malleable Zero Knowledge in the Authenticated Public-Key Model",
        "year": "2006",
        "authors": "Yi Deng,Giovanni Di Crescenzo,Dongdai Lin",
        "venue": "CoRR",
        "id": "821506",
        "label": "2",
        "organization": "null"
    },
    {
        "title": "Resettable Zero Knowledge in the Bare Public-Key Model under Standard Assumption",
        "year": "2006",
        "authors": "Yi Deng,Dongdai Lin",
        "venue": "CoRR",
        "id": "822948",
        "label": "2",
        "organization": "null"
    },
    {
        "title": "Guest Editors' Introduction: Special Issue on Embedded Software Engineering",
        "year": "2002",
        "authors": "Yi Deng,Farokh B. Bastani",
        "venue": "International Journal of Software Engineering and Knowledge Engineering",
        "id": "920632",
        "label": "7",
        "organization": "null"
    },
    {
        "title": "Constraint Propagation And Progressive Verification For Component-Based Process Model",
        "year": "2004",
        "authors": "Yi Deng,Jiacun Wang,Xudong He,Jeffrey J. P. Tsai",
        "venue": "International Journal of Software Engineering and Knowledge Engineering",
        "id": "920636",
        "label": "0",
        "organization": "null"
    },
    {
        "title": "A Framework for the Modeling and Prototyping of Distributed Information Systems",
        "year": "1991",
        "authors": "Yi Deng,Shi-Kuo Chang",
        "venue": "International Journal of Software Engineering and Knowledge Engineering",
        "id": "920696",
        "label": "0",
        "organization": "null"
    },
    {
        "title": "Guest Editors' Introduction - Best Papers from SEKE'98",
        "year": "2000",
        "authors": "Mark Gerken,Yi Deng",
        "venue": "International Journal of Software Engineering and Knowledge Engineering",
        "id": "920703",
        "label": "5",
        "organization": "null"
    },
    {
        "title": "Executable Specification and Analysis for the Design of Concurrent Object-Oriented Systems",
        "year": "1994",
        "authors": "Yi Deng,Shi-Kuo Chang,Xiaola Lin",
        "venue": "International Journal of Software Engineering and Knowledge Engineering",
        "id": "921138",
        "label": "0",
        "organization": "null"
    },
    {
        "title": "Introducing software architecture specification and analysis in SAM through an example",
        "year": "1999",
        "authors": "Jiacun Wang,Xudong He,Yi Deng",
        "venue": "Information  Software Technology",
        "id": "924938",
        "label": "0",
        "organization": "null"
    },
    {
        "title": "Architecture-driven modeling of real-time concurrent systems with applications in FMS",
        "year": "1999",
        "authors": "Yi Deng,Chia-Rung Yang",
        "venue": "Journal of Systems and Software",
        "id": "995962",
        "label": "0",
        "organization": "null"
    },
    {
        "title": "Formally analyzing software architectural specifications using SAM",
        "year": "2004",
        "authors": "Xudong He,Huiqun Yu,Tianjun Shi,Junhua Ding,Yi Deng",
        "venue": "Journal of Systems and Software",
        "id": "996364",
        "label": "0",
        "organization": "School of Computer Science, Florida International University, Miami, FL"
    },
    {
        "title": "CVM - A communication virtual machine",
        "year": "2008",
        "authors": "Yi Deng,Seyed Masoud Sadjadi,Peter J. Clarke,Vagelis Hristidis,Raju Rangaswami,Yingbo Wang",
        "venue": "Journal of Systems and Software",
        "id": "997847",
        "label": "0",
        "organization": "null"
    },
    {
        "title": "Stereo Correspondence with Occlusion Handling in a Symmetric Patch-Based Graph-Cuts Model",
        "year": "2007",
        "authors": "Yi Deng,Qiong Yang,Xueyin Lin,Xiaoou Tang",
        "venue": "IEEE Trans. Pattern Anal. Mach. Intell.",
        "id": "1033672",
        "label": "6",
        "organization": "Tsinghua Univ., Beijing"
    },
    {
        "title": "Performance modeling and analysis of software architectures: An aspect-oriented UML based approach",
        "year": "2005",
        "authors": "Kendra Cooper,Lirong Dai,Yi Deng",
        "venue": "Sci. Comput. Program.",
        "id": "1056731",
        "label": "0",
        "organization": "null"
    },
    {
        "title": "Florida International University High Performance Database Research Center",
        "year": "1995",
        "authors": "Naphtali Rishe,Wei Sun,David Barton,Yi Deng,Cyril U. Orji,Michael Alexopoulos,Leonard Loureiro,Carlos Ordonez,Mario Sanchez,Artyom Shaposhnikov",
        "venue": "SIGMOD Record",
        "id": "1065499",
        "label": "0",
        "organization": "School of Computer Science, FIU, University Park, Miami, FL"
    },
    {
        "title": "A G-Net Model for Knowledge Representation and Reasoning",
        "year": "1990",
        "authors": "Yi Deng,Shi-Kuo Chang",
        "venue": "IEEE Trans. Knowl. Data Eng.",
        "id": "1112694",
        "label": "0",
        "organization": "Dept. of Comput. Sci., Pittsburgh Univ., PA"
    },
    {
        "title": "An Approach for Modeling and Analysis of Security System Architectures",
        "year": "2003",
        "authors": "Yi Deng,Jiacun Wang,Jeffrey J. P. Tsai,Konstantin Beznosov",
        "venue": "IEEE Trans. Knowl. Data Eng.",
        "id": "1112695",
        "label": "0",
        "organization": "Sch. of Comput. Sci., Florida Int. Univ., Miami, FL, USA"
    },
    {
        "title": "A Formal Architectural Model for Logical Agent Mobility",
        "year": "2003",
        "authors": "Dianxiang Xu,Jianwen Yin,Yi Deng,Junhua Ding",
        "venue": "IEEE Trans. Software Eng.",
        "id": "1129897",
        "label": "0",
        "organization": "Dept. of Comput. Sci., Texas A&M Univ., College Station, TX, USA"
    },
    {
        "title": "Reachability analysis of real-time systems using time Petri nets",
        "year": "2000",
        "authors": "Jiacun Wang,Yi Deng,Gang Xu",
        "venue": "IEEE Transactions on Systems, Man, and Cybernetics, Part B",
        "id": "1132316",
        "label": "0",
        "organization": "Sch. of Comput. Sci., Florida Int. Univ., Miami, FL"
    },
    {
        "title": "Compositional time Petri nets and reduction rules",
        "year": "2000",
        "authors": "Jiacun Wang,Yi Deng,Mengchu Zhou",
        "venue": "IEEE Transactions on Systems, Man, and Cybernetics, Part B",
        "id": "1132317",
        "label": "0",
        "organization": "Sch. of Comput. Sci., Florida Int. Univ., Miami, FL"
    },
    {
        "title": "Testing and evaluating virus detectors for handheld devices",
        "year": "2006",
        "authors": "Jose Andre Morales,Peter J. Clarke,Yi Deng,B. M. Golam Kibria",
        "venue": "Journal in Computer Virology",
        "id": "1137441",
        "label": "0",
        "organization": "null"
    },
    {
        "title": "Characterization of virus replication",
        "year": "2008",
        "authors": "Jose Andre Morales,Peter J. Clarke,Yi Deng,B. M. Golam Kibria",
        "venue": "Journal in Computer Virology",
        "id": "1137499",
        "label": "0",
        "organization": "null"
    },
    {
        "title": "Novel Omega-protocols for NP",
        "year": "2008",
        "authors": "Yi Deng,Dongdai Lin",
        "venue": "Science in China Series F: Information Sciences",
        "id": "1180537",
        "label": "2",
        "organization": "null"
    },
    {
        "title": "A formal model-based approach for developing an interoperable mobile agent system",
        "year": "2006",
        "authors": "Junhua Ding,Peter J. Clarke,Dianxiang Xu,Xudong He,Yi Deng",
        "venue": "Multiagent and Grid Systems",
        "id": "1184077",
        "label": "0",
        "organization": "null"
    },
    {
        "title": "Evolutionary document summarization for disaster management",
        "year": "2009",
        "authors": "Dingding Wang,Li Zheng,Tao Li,Yi Deng",
        "venue": "SIGIR",
        "id": "1213897",
        "label": "0",
        "organization": "Florida International University, Miami, FL, USA"
    },
    {
        "title": "Towards the Operational Semantics of User-Centric Communication Models",
        "year": "2009",
        "authors": "Yingbo Wang,Yali Wu,Andrew A. Allen,Barbara Espinoza,Peter J. Clarke,Yi Deng",
        "venue": "COMPSAC (1)",
        "id": "1239987",
        "label": "0",
        "organization": "Sch. of Comput. & Inf. Sci., Florida Int. Univ., Miami, FL, USA"
    },
    {
        "title": "Concurrently Non-malleable Black-Box Zero Knowledge in the Bare Public-Key Model",
        "year": "2009",
        "authors": "Yi Deng,Giovanni Di Crescenzo,Dongdai Lin,Dengguo Feng",
        "venue": "CSR",
        "id": "1240662",
        "label": "2",
        "organization": "State Key Laboratory of Information Security, Institute of Software, Chinese Academy of sciences, Beijing, China 100190"
    },
    {
        "title": "PIRE: a global living laboratory for cyberinfrastructure application enablement",
        "year": "2009",
        "authors": "Seyed Masoud Sadjadi,Shuyi Chen,S. Graham,S. Luis,Yi Deng,Borko Furht,P. Martinez,N. Bowen,J. Caraballo",
        "venue": "Richard Tapia Celebration of Diversity in Computing Conference",
        "id": "1256566",
        "label": "0",
        "organization": "null"
    },
    {
        "title": "Resolving the Simultaneous Resettability Conjecture and a New Non-Black-Box Simulation Strategy.",
        "year": "2009",
        "authors": "Yi Deng,Vipul Goyal,Amit Sahai",
        "venue": "null",
        "id": "1322426",
        "label": "3",
        "organization": "null"
    },
    {
        "title": "A Declarative Approach for Specifying User-Centric Communication",
        "year": "2006",
        "authors": "Peter J. Clarke,Vagelis Hristidis,Yingbo Wang,Nagarajan Prabakar,Yi Deng",
        "venue": "Proceedings of the International Symposium on Collaborative Technologies and Systems",
        "id": "1369659",
        "label": "0",
        "organization": "Florida International University"
    },
    {
        "title": "Formal Analysis of Software Security System Architectures",
        "year": "2001",
        "authors": "Jeffrey J. P. Tsai,Yi Deng,Jiacun Wang",
        "venue": "Proceedings of the Fifth International Symposium on Autonomous Decentralized Systems",
        "id": "1422985",
        "label": "0",
        "organization": "Dept. of Comput. Sci., Texas Univ., Dallas, TX"
    },
    {
        "title": "A behavior based approach to virus detection",
        "year": "2008",
        "authors": "Peter J. Clarke,Yi Deng",
        "venue": "null",
        "id": "1433608",
        "label": "0",
        "organization": "Florida International University"
    },
    {
        "title": "An instant and accurate size estimation method for joins and selections in a retrieval-intensive environment",
        "year": "1993",
        "authors": "Wei Sun,Yibei Ling,Naphtali Rishe,Yi Deng",
        "venue": "ACM SIGMOD Record",
        "id": "1497429",
        "label": "0",
        "organization": "School of Computer Science, Florida International University, Miami, Florida"
    },
    {
        "title": "A unified framework for the modeling, prototyping and design of distributed information systems",
        "year": "1992",
        "authors": "Yi Deng",
        "venue": "null",
        "id": "1508705",
        "label": "1",
        "organization": "null"
    },
    {
        "title": "Efficient algorithms for detection and resolution of distributed deadlocks",
        "year": "1995",
        "authors": "Shigang Chen,Yi Deng,Wei Sun,N. Rishe",
        "venue": "Proceedings of the 7th IEEE Symposium on Parallel and Distributeed Processing",
        "id": "1686338",
        "label": "0",
        "organization": "Sch. of Comput. Sci., Florida Int. Univ., Miami, FL"
    },
    {
        "title": "An approach for design and analysis of user-centric communication middleware",
        "year": "2008",
        "authors": "Xudong He,Yi Deng",
        "venue": "null",
        "id": "1749337",
        "label": "0",
        "organization": "Florida International University"
    }
]