[
    {
        "title": "Affective Computing Model Based on Rough Fuzzy Sets",
        "year": "2006",
        "authors": "Yong Chen,Yuehui Chen",
        "venue": "IEEE ICCI",
        "id": "9161",
        "label": "0",
        "organization": "Sch. of Sci., Jinan Univ."
    },
    {
        "title": "A fault tolerant topology control in wireless sensor networks",
        "year": "2005",
        "authors": "Yong Chen,S. H. Son",
        "venue": "AICCSA",
        "id": "32405",
        "label": "2",
        "organization": "Dept. of Comput. Sci., Virginia Univ., Charlottesville, VA, USA"
    },
    {
        "title": "Implementation and Evaluation of MPI+OpenMP Programming Model on Dawning3000",
        "year": "2003",
        "authors": "Yong Chen,Guoliang Chen,Yinlong Xu,Jiulong Shan",
        "venue": "Applied Informatics",
        "id": "45996",
        "label": "3",
        "organization": "null"
    },
    {
        "title": "QoS Oriented Resource Reservation in Shared Environments",
        "year": "2006",
        "authors": "Ming Wu,Xian-He Sun,Yong Chen",
        "venue": "CCGRID",
        "id": "83184",
        "label": "3",
        "organization": "Illinois Institute of Technology, USA"
    },
    {
        "title": "STAS: A Scalability Testing and Analysis System",
        "year": "2006",
        "authors": "Yong Chen,Xian-He Sun",
        "venue": "CLUSTER",
        "id": "100030",
        "label": "3",
        "organization": "Illinois Inst. of Technol., Chicago, IL"
    },
    {
        "title": "CoStore: A Reliable and Highly Available Storage System Using Clusters",
        "year": "2002",
        "authors": "Yong Chen,Lionel M. Ni,Cheng-Zhong Xu,Mingyao Yang,Jay F. Kusler,Pei Zheng",
        "venue": "HPCS",
        "id": "254726",
        "label": "3",
        "organization": "Dept. of Comput. Sci. & Eng., Michigan State Univ., East Lansing, MI"
    },
    {
        "title": "Risk Probability Estimating Based on Clustering",
        "year": "2003",
        "authors": "Yong Chen,Christian Damsgaard Jensen,Jean-Marc Seigneur,Elizabeth Gray",
        "venue": "IAW",
        "id": "261819",
        "label": "6",
        "organization": "null"
    },
    {
        "title": "Elastic Algorithm: A New Path Planning Algorithm About Auto-navigation in 3D Virtual Scene",
        "year": "2006",
        "authors": "Yong Chen,Ke-qin Wu,Dong Wang,Ge Chen",
        "venue": "ICAT",
        "id": "273691",
        "label": "7",
        "organization": "null"
    },
    {
        "title": "An Optimization Method Based on Chaotic Immune Evolutionary Algorithm",
        "year": "2005",
        "authors": "Yong Chen,Xiyue Huang",
        "venue": "ICNC (2)",
        "id": "337522",
        "label": "8",
        "organization": "null"
    },
    {
        "title": "CoStore: A Storage Cluster Architecture Using Network Attached Storage Devices",
        "year": "2002",
        "authors": "Yong Chen,Lionel M. Ni,Mingyao Yang",
        "venue": "ICPADS",
        "id": "340886",
        "label": "3",
        "organization": "null"
    },
    {
        "title": "Scalability of Heterogeneous Computing",
        "year": "2005",
        "authors": "Xian-He Sun,Yong Chen,Ming Wu",
        "venue": "ICPP",
        "id": "344409",
        "label": "3",
        "organization": "Dept. of Comput. Sci., Illinois Inst. of Technol., Chicago, IL, USA"
    },
    {
        "title": "Runtime Parallel Incremental Scheduling of DAGs",
        "year": "2000",
        "authors": "Min-You Wu,Wei Shu,Yong Chen",
        "venue": "ICPP",
        "id": "344479",
        "label": "11",
        "organization": "New Mexico Univ., Albuquerque, NM"
    },
    {
        "title": "2008 International Conference on Parallel Processing September 8-12, 2008 Portland, Oregon Exploring Parallel I/O Concurrency with Speculative Prefetching",
        "year": "2008",
        "authors": "Yong Chen,Surendra Byna,Xian-He Sun,Rajeev Thakur,William Gropp",
        "venue": "ICPP",
        "id": "345092",
        "label": "3",
        "organization": "null"
    },
    {
        "title": "Wireless Drive and Control of a Swimming Microrobot",
        "year": "2002",
        "authors": "Tao Mei,Yong Chen,Guoqiang Fu,Deyi Kong",
        "venue": "ICRA",
        "id": "353851",
        "label": "12",
        "organization": "null"
    },
    {
        "title": "A Runtime System for Dynamic DAG Programming",
        "year": "2000",
        "authors": "Min-You Wu,Wei Shu,Yong Chen",
        "venue": "IPDPS Workshops",
        "id": "411327",
        "label": "11",
        "organization": "null"
    },
    {
        "title": "Improving Data Access Performance with Server Push Architecture",
        "year": "2007",
        "authors": "Xian-He Sun,Surendra Byna,Yong Chen",
        "venue": "IPDPS",
        "id": "412154",
        "label": "3",
        "organization": "Dept. of Comput. Sci., Illinois Inst. of Technol., Chicago, IL"
    },
    {
        "title": "Weighted Rough Graph and Its Application",
        "year": "2006",
        "authors": "Tong He,Yong Chen,Kaiquan Shi",
        "venue": "ISDA (1)",
        "id": "434450",
        "label": "0",
        "organization": "Shandong Univ., China; Jinan Univ., China"
    },
    {
        "title": "Novel Exponential Stability Criteria for Fuzzy Cellular Neural Networks with Time-Varying Delay",
        "year": "2004",
        "authors": "Yong Chen,Xiaofeng Liao",
        "venue": "ISNN (1)",
        "id": "441921",
        "label": "13",
        "organization": "null"
    },
    {
        "title": "A Novel Generalized Congruence Neural Networks",
        "year": "2005",
        "authors": "Yong Chen,Guoyin Wang,Fan Jin,Tianyun Yan",
        "venue": "ISNN (1)",
        "id": "441969",
        "label": "14",
        "organization": "null"
    },
    {
        "title": "On Robust Stability of BAM Neural Networks with Constant Delays",
        "year": "2004",
        "authors": "Chuandong Li,Xiaofeng Liao,Yong Chen",
        "venue": "ISNN (1)",
        "id": "442448",
        "label": "13",
        "organization": "null"
    },
    {
        "title": "A Region-Based Image Enhancement Algorithm with the Grossberg Network",
        "year": "2006",
        "authors": "Bo Mi,Pengcheng Wei,Yong Chen",
        "venue": "ISNN (2)",
        "id": "442652",
        "label": "13",
        "organization": "null"
    },
    {
        "title": "RBF Kernel Based Support Vector Machine with Universal Approximation and Its Application",
        "year": "2004",
        "authors": "Junping Wang,Quanshi Chen,Yong Chen",
        "venue": "ISNN (1)",
        "id": "442899",
        "label": "15",
        "organization": "null"
    },
    {
        "title": "A Novel Symmetric Cryptography Based on Chaotic Signal Generator and a Clipped Neural Network",
        "year": "2004",
        "authors": "Tsing Zhou,Xiaofeng Liao,Yong Chen",
        "venue": "ISNN (2)",
        "id": "443313",
        "label": "13",
        "organization": "null"
    },
    {
        "title": "Statistical Neurodynamics for Sequence Processing Neural Networks with Finite Dilution",
        "year": "2007",
        "authors": "Pan Zhang,Yong Chen",
        "venue": "ISNN (1)",
        "id": "443357",
        "label": "17",
        "organization": "Institute of Theoretical Physics, Lanzhou University, 730000 Lanzhou, China"
    },
    {
        "title": "Target Recognition of FLIR Images on Radial Basis Function Neural Network",
        "year": "2007",
        "authors": "Jun Liu,Xiyue Huang,Yong Chen,Naishuai He",
        "venue": "ISNN (2)",
        "id": "443625",
        "label": "8",
        "organization": "Automation College, Chongqing University, Chongqing 400030, China"
    },
    {
        "title": "A Taxonomy of Data Prefetching Mechanisms",
        "year": "2008",
        "authors": "Surendra Byna,Yong Chen,Xian-He Sun",
        "venue": "ISPAN",
        "id": "446119",
        "label": "3",
        "organization": "Dept. of Comput. Sci., Illinois Inst. of Technol., Chicago, IL"
    },
    {
        "title": "Exact analytical solutions to the nonlinear Schrodinger equation model",
        "year": "2005",
        "authors": "Biao Li,Yong Chen,Qi Wang",
        "venue": "ISSAC",
        "id": "449452",
        "label": "19",
        "organization": "null"
    },
    {
        "title": "Trust Propagation in Small Worlds",
        "year": "2003",
        "authors": "Elizabeth Gray,Jean-Marc Seigneur,Yong Chen,Christian Damsgaard Jensen",
        "venue": "iTrust",
        "id": "458294",
        "label": "6",
        "organization": "null"
    },
    {
        "title": "Hypertool/2: A Parallel Incremental DAG Scheduling System",
        "year": "2000",
        "authors": "Min-You Wu,Wei Shu,Yong Chen",
        "venue": "PDPTA",
        "id": "537213",
        "label": "11",
        "organization": "null"
    },
    {
        "title": "Research on Risk Probability Estimating Using Fuzzy Clustering for Dynamic Security Assessment",
        "year": "2005",
        "authors": "Fang Liu,Yong Chen,Kui Dai,Zhiying Wang,Zhiping Cai",
        "venue": "RSFDGrC (2)",
        "id": "561952",
        "label": "6",
        "organization": "null"
    },
    {
        "title": "Data access history cache and associated data prefetching mechanisms",
        "year": "2007",
        "authors": "Yong Chen,Surendra Byna,Xian-He Sun",
        "venue": "SC",
        "id": "575992",
        "label": "3",
        "organization": "Illinois Institute of Technology, Chicago, IL"
    },
    {
        "title": "Parallel I/O prefetching using MPI file caching and I/O signatures",
        "year": "2008",
        "authors": "Surendra Byna,Yong Chen,Xian-He Sun,Rajeev Thakur,William Gropp",
        "venue": "SC",
        "id": "576077",
        "label": "3",
        "organization": "Illinois Institute of Technology, Chicago, IL"
    },
    {
        "title": "Hiding I/O latency with pre-execution prefetching for parallel applications",
        "year": "2008",
        "authors": "Yong Chen,Surendra Byna,Xian-He Sun,Rajeev Thakur,William Gropp",
        "venue": "SC",
        "id": "576121",
        "label": "3",
        "organization": "Illinois Institute of Technology, Chicago, IL"
    },
    {
        "title": "Mining circumstance-oriented association rules using singular value decomposition technique",
        "year": "2004",
        "authors": "Yong Chen,Kwok-Ping Chan",
        "venue": "SMC (4)",
        "id": "606533",
        "label": "20",
        "organization": "Dept. of Comput. Sci., Hong Kong Univ., China"
    },
    {
        "title": "End-to-End Trust Starts with Recognition",
        "year": "2003",
        "authors": "Jean-Marc Seigneur,Stephen Farrell,Christian Damsgaard Jensen,Elizabeth Gray,Yong Chen",
        "venue": "SPC",
        "id": "614985",
        "label": "6",
        "organization": "null"
    },
    {
        "title": "Generalized Cascade Synchronization of Discrete-time Henon-like Map",
        "year": "2008",
        "authors": "Yin Li,Biao Li,Yong Chen",
        "venue": "ICYCS",
        "id": "730633",
        "label": "19",
        "organization": "null"
    },
    {
        "title": "An accurate sampling-based method for approximating geometry",
        "year": "2007",
        "authors": "Yong Chen",
        "venue": "Computer-Aided Design",
        "id": "779852",
        "label": "22",
        "organization": "Epstein Department of Industrial and Systems Engineering, University of Southern California, Los Angeles, CA 90089, United States"
    },
    {
        "title": "On the (co)girth of a connected matroid",
        "year": "2007",
        "authors": "Jung Jin Cho,Yong Chen,Yu Ding",
        "venue": "Discrete Applied Mathematics",
        "id": "838723",
        "label": "3",
        "organization": "Department of Mechanical and Industrial Engineering, The University of Iowa, Iowa City, IA 52242, USA"
    },
    {
        "title": "Trust Evolution Policies for Security in Collaborative Ad Hoc Applications",
        "year": "2006",
        "authors": "Elizabeth Gray,Christian Damsgaard Jensen,Paul O'Connell,Stefan Weber,Jean-Marc Seigneur,Yong Chen",
        "venue": "Electr. Notes Theor. Comput. Sci.",
        "id": "867540",
        "label": "6",
        "organization": "Department of Computer Science, Trinity College, Dublin, Ireland"
    },
    {
        "title": "A Region Based Method to Automated Design of Multi-Piece Molds with Application to Rapid Tooling",
        "year": "2002",
        "authors": "Yong Chen,David W. Rosen",
        "venue": "J. Comput. Inf. Sci. Eng.",
        "id": "969213",
        "label": "21",
        "organization": "null"
    },
    {
        "title": "A Reverse Glue Approach to Automated Construction of Multi-Piece Molds",
        "year": "2003",
        "authors": "Yong Chen,David W. Rosen",
        "venue": "J. Comput. Inf. Sci. Eng.",
        "id": "969215",
        "label": "21",
        "organization": "null"
    },
    {
        "title": "Server-Based Data Push Architecture for Multi-Processor Environments",
        "year": "2007",
        "authors": "Xian-He Sun,Surendra Byna,Yong Chen",
        "venue": "J. Comput. Sci. Technol.",
        "id": "974105",
        "label": "3",
        "organization": "null"
    },
    {
        "title": "Algorithm-system scalability of heterogeneous computing",
        "year": "2008",
        "authors": "Yong Chen,Xian-He Sun,Ming Wu",
        "venue": "J. Parallel Distrib. Comput.",
        "id": "990353",
        "label": "3",
        "organization": "Department of Computer Science, Illinois Institute of Technology, Chicago, IL 60616, USA"
    },
    {
        "title": "Using data mining techniques and rough set theory for language modeling",
        "year": "2007",
        "authors": "Yong Chen,Kwok-Ping Chan",
        "venue": "ACM Trans. Asian Lang. Inf. Process.",
        "id": "1077469",
        "label": "20",
        "organization": "University of Hong Kong, The 54th Research Institute of CTE, China and Fudan University"
    },
    {
        "title": "Quality-oriented-maintenance for multiple interactive tooling components in discrete manufacturing processes",
        "year": "2006",
        "authors": "Yong Chen,Jionghua Jin",
        "venue": "IEEE Transactions on Reliability",
        "id": "1126728",
        "label": "3",
        "organization": "Dept. of Mech., Univ. of Iowa, Iowa City, IA, USA"
    },
    {
        "title": "Reliability of two-stage weighted-k-out-of-n systems with components in common",
        "year": "2005",
        "authors": "Yong Chen,Qingyu Yang",
        "venue": "IEEE Transactions on Reliability",
        "id": "1126774",
        "label": "3",
        "organization": "Dept. of Mech. & Ind. Eng., Univ. of Iowa, Iowa City, IA, USA"
    },
    {
        "title": "Quality-reliability chain modeling for system-reliability analysis of complex manufacturing processes",
        "year": "2005",
        "authors": "Yong Chen,Jionghua Jin",
        "venue": "IEEE Transactions on Reliability",
        "id": "1126795",
        "label": "3",
        "organization": "Dept. of Mech. & Ind. Eng., Univ. of Iowa, Iowa City, IA, USA"
    },
    {
        "title": "A new elliptic equation rational expansion method and its application to the shallow long wave approximate equations",
        "year": "2006",
        "authors": "Yong Chen,Qi Wang",
        "venue": "Applied Mathematics and Computation",
        "id": "1144949",
        "label": "19",
        "organization": "null"
    },
    {
        "title": "Weierstrass semi-rational expansion method and new doubly periodic solutions of the generalized Hirota-Satsuma coupled KdV system",
        "year": "2006",
        "authors": "Yong Chen,Zhenya Yan",
        "venue": "Applied Mathematics and Computation",
        "id": "1145313",
        "label": "19",
        "organization": "Nonlinear Science Center and Department of Mathematics, Ningbo University, Ningbo, PR China"
    },
    {
        "title": "Generalized Q-S (lag, anticipated and complete) synchronization in modified Chua's circuit and Hindmarsh-Rose systems",
        "year": "2006",
        "authors": "Qi Wang,Yong Chen",
        "venue": "Applied Mathematics and Computation",
        "id": "1145526",
        "label": "19",
        "organization": "null"
    },
    {
        "title": "Generalized algebraic method and new exact traveling wave solutions for (2+1)-dimensional dispersive long wave equation",
        "year": "2006",
        "authors": "Qi Wang,Yong Chen,Hongqing Zhang",
        "venue": "Applied Mathematics and Computation",
        "id": "1145569",
        "label": "19",
        "organization": "null"
    },
    {
        "title": "The function cascade synchronization approach with uncertain parameters or not for hyperchaotic systems",
        "year": "2008",
        "authors": "Yong Chen,Hongli An,Zhibin Li",
        "venue": "Applied Mathematics and Computation",
        "id": "1147461",
        "label": "19",
        "organization": "null"
    },
    {
        "title": "Numerical solutions of coupled Burgers equations with time- and space-fractional derivatives",
        "year": "2008",
        "authors": "Yong Chen,Hongli An",
        "venue": "Applied Mathematics and Computation",
        "id": "1147715",
        "label": "19",
        "organization": "null"
    },
    {
        "title": "New exact travelling wave solutions for the shallow long wave approximate equations",
        "year": "2005",
        "authors": "Qi Wang,Yong Chen,Biao Li,Hongqing Zhang",
        "venue": "Applied Mathematics and Computation",
        "id": "1148267",
        "label": "19",
        "organization": "null"
    },
    {
        "title": "A new general algebraic method with symbolic computation to construct new doubly-periodic solutions of the (2 + 1)-dimensional dispersive long wave equation",
        "year": "2005",
        "authors": "Yong Chen,Qi Wang",
        "venue": "Applied Mathematics and Computation",
        "id": "1148754",
        "label": "19",
        "organization": "null"
    },
    {
        "title": "A new general algebraic method with symbolic computation to construct new travelling wave solution for the (1 + 1)-dimensional dispersive long wave equation",
        "year": "2005",
        "authors": "Yong Chen,Qi Wang",
        "venue": "Applied Mathematics and Computation",
        "id": "1148878",
        "label": "19",
        "organization": "null"
    },
    {
        "title": "Homotopy perturbation method for a type of nonlinear coupled equations with parameters derivative",
        "year": "2008",
        "authors": "Yong Chen,Hongli An",
        "venue": "Applied Mathematics and Computation",
        "id": "1149360",
        "label": "19",
        "organization": "null"
    },
    {
        "title": "Numerical complexiton solutions for the complex KdV equation by the homotopy perturbation method",
        "year": "2008",
        "authors": "Hongli An,Yong Chen",
        "venue": "Applied Mathematics and Computation",
        "id": "1149618",
        "label": "19",
        "organization": "null"
    },
    {
        "title": "New exact solutions for modified nonlinear dispersive equations mK(m, n) in higher dimensions spaces",
        "year": "2004",
        "authors": "Yong Chen,Biao Li,Hongqing Zhang",
        "venue": "Mathematics and Computers in Simulation",
        "id": "1158389",
        "label": "19",
        "organization": "null"
    },
    {
        "title": "An effective algorithm of motif finding problem",
        "year": "2008",
        "authors": "Yong Chen,Guojun Li",
        "venue": "IJBRA",
        "id": "1169083",
        "label": "0",
        "organization": "School of Mathematics and System Sciences, Shandong University, Jinan 250100, Shandong, China; School of Sciences, Jinan University, Jinan 250022, Shandong, China."
    },
    {
        "title": "A Model and Algorithm of Two-dimensional Optimum Layout in Blanking",
        "year": "2002",
        "authors": "Yong Chen,Min Tang,Ruofeng Tong,Jinxiang Dong",
        "venue": "CSCWD",
        "id": "1206623",
        "label": "24",
        "organization": "State Key Lab. of CAD& CG, Zhejiang Univ., China"
    },
    {
        "title": "Study on Steering Control Strategy of Electric Vehicles Driven by Hub-Motors",
        "year": "2009",
        "authors": "Yong Chen,Zhongkui Lu,Daming Zhang",
        "venue": "ISNN (2)",
        "id": "1211336",
        "label": "23",
        "organization": "School of Automotive and Traffic Engineering, Liaoning University of Technology, Jinzhou, China 121001"
    },
    {
        "title": "Taxonomy of Data Prefetching for Multicore Processors",
        "year": "2009",
        "authors": "Surendra Byna,Yong Chen,Xian-He Sun",
        "venue": "J. Comput. Sci. Technol.",
        "id": "1225902",
        "label": "3",
        "organization": "null"
    },
    {
        "title": "Core-aware memory access scheduling schemes",
        "year": "2009",
        "authors": "Zhibin Fang,Xian-He Sun,Yong Chen,Surendra Byna",
        "venue": "IPDPS",
        "id": "1250460",
        "label": "3",
        "organization": "Department of Computer Science, Illinois Institute of Technology, Chicago, 60616, USA"
    },
    {
        "title": "A Neural Network Architecture for Perceptual Grouping, Attention Modulation and Boundary-Surface Interaction",
        "year": "2009",
        "authors": "Yong Chen,Zhengzhi Wang",
        "venue": "ISICA",
        "id": "1259108",
        "label": "5",
        "organization": "Institute of Automation, National University of Defense Technology, Changsha, China 410073"
    },
    {
        "title": "Generalized Riccati equation expansion method and its application to the (3 + 1)-dimensional Jumbo-Miwa equation",
        "year": "2004",
        "authors": "Biao Li,Yong Chen,Hengnong Xuan,Hongqing Zhang",
        "venue": "Applied Mathematics and Computation",
        "id": "1283118",
        "label": "19",
        "organization": "null"
    },
    {
        "title": "ADM-Pade technique for the nonlinear lattice equations",
        "year": "2009",
        "authors": "Pei Yang,Yong Chen,Zhibin Li",
        "venue": "Applied Mathematics and Computation",
        "id": "1283457",
        "label": "19",
        "organization": "null"
    },
    {
        "title": "Two-dimensional symmetry reduction of (2 + 1)-dimensional nonlinear Klein-Gordon equation",
        "year": "2009",
        "authors": "Xiao-Rui Hu,Yong Chen",
        "venue": "Applied Mathematics and Computation",
        "id": "1283750",
        "label": "19",
        "organization": "null"
    },
    {
        "title": "An Artificial Neural Network Based on CIEA.",
        "year": "2008",
        "authors": "Yong Chen,Xia Liu,Qi Huang,Chang-hua Zhang",
        "venue": "null",
        "id": "1304079",
        "label": "1",
        "organization": "Sch. of Autom. Eng., Univ. of Electron. Sci. & Technol. of China, Chengdu, China"
    },
    {
        "title": "VR-GIS: an integrated platform of VR navigation and GIS analysis for city/region simulation.",
        "year": "2008",
        "authors": "Chunyong Ma,Yongyang Qi,Yong Chen,Yong Han,Ge Chen",
        "venue": "null",
        "id": "1315849",
        "label": "7",
        "organization": "Ocean University of China"
    },
    {
        "title": "Aspect-Oriented Middleware-Based Real-Time and Embedded Systems Software Process.",
        "year": "2009",
        "authors": "Jingyong Liu,Yong Zhong,Lichen Zhang,Yong Chen",
        "venue": "null",
        "id": "1318152",
        "label": "4",
        "organization": "Fac. of Comput., Guangdong Univ. of Technol., Guangzhou, China"
    },
    {
        "title": "Comparison of Two Fitness Functions for GA-Based Path-Oriented Test Data Generation.",
        "year": "2009",
        "authors": "Yong Chen,Yong Zhong,Tingting Shi,Jingyong Liu",
        "venue": "null",
        "id": "1320106",
        "label": "4",
        "organization": "Zhongkai Univ. of Agric. & Eng., Guangzhou, China"
    },
    {
        "title": "A Porn Video Detecting Method Based on Motion Features Using HMM.",
        "year": "2009",
        "authors": "Zhiyi Qu,Yanmin Liu,Ying Liu,Kang Jiu,Yong Chen",
        "venue": "null",
        "id": "1327864",
        "label": "17",
        "organization": "Sch. of Inf. Sci. & Eng., Lanzhou Univ., Lanzhou, China"
    },
    {
        "title": "Design and Implementation of a Power System Sensor Network for Wide-Area Measurement.",
        "year": "2008",
        "authors": "Qi Huang,Shi Jing,Chang-hua Zhang,Yong Chen",
        "venue": "null",
        "id": "1328241",
        "label": "1",
        "organization": "Sch. of Autom. Eng., Univ. of Electron. Sci. & Technol. of China (UESTC), Chengdu, China"
    },
    {
        "title": "Reevaluating Amdahl's law in the multicore era.",
        "year": "2010",
        "authors": "Xian-He Sun,Yong Chen",
        "venue": "J. Parallel Distrib. Comput.",
        "id": "1339594",
        "label": "3",
        "organization": "Computer Science Department, Illinois Institute of Technology, United States"
    },
    {
        "title": "A unified rational expansion method to construct a series of explicit exact solutions to nonlinear evolution equations",
        "year": "2006",
        "authors": "Yong Chen,Qi Wang",
        "venue": "Applied Mathematics and Computation",
        "id": "1371079",
        "label": "19",
        "organization": "Nonlinear Science Center and Department of Mathematics, Ningbo University, Ningbo, China and Key Laboratory of Mathematics Mechanization, Chinese Academy of Sciences, Beijing, China"
    },
    {
        "title": "Improved glass-PDMS-glass device technology for accurate measurements of electro-osmotic mobilities",
        "year": "2008",
        "authors": "Adrien Plecis,Yong Chen",
        "venue": "Microelectronic Engineering",
        "id": "1375729",
        "label": "9",
        "organization": "Ecole Normale Sup rieure, 24 Rue Lhomond, 75231 Paris, France"
    },
    {
        "title": "Gold nanohole arrays for biochemical sensing fabricated by soft UV nanoimprint lithography",
        "year": "2009",
        "authors": "Jing Chen,Jian Shi,Dominique Decanini,Edmond Cambril,Yong Chen,Anne-Marie Haghiri-Gosnet",
        "venue": "Microelectronic Engineering",
        "id": "1385525",
        "label": "9",
        "organization": "Ecole Normale Sup rieure de Paris, 24 rue lhomond,Paris 750005, France"
    },
    {
        "title": "Accelerated Publication: A resist for electric imprint lithography",
        "year": "2009",
        "authors": "Yong Sik Ahn,Yong Chen,H. Thomas Hahn",
        "venue": "Microelectronic Engineering",
        "id": "1387582",
        "label": "10",
        "organization": "Department of Mechanical and Aerospace Engineering, University of California, Los Angeles, CA 90095, United States"
    },
    {
        "title": "The Impact of Smart Disks and Spatial Reuse Property on RAID-5 Storage Systems",
        "year": "1998",
        "authors": "H. Jayaram,Eric Torng,Yong Chen,Stephen Wagner,Lionel M. Ni,Paul Hodges",
        "venue": "Proceedings of the 1998 International Conference on Parallel Processing Workshops",
        "id": "1418123",
        "label": "3",
        "organization": "Dept. of Comput. Sci., Michigan State Univ., East Lansing, MI"
    },
    {
        "title": "Using Trust for Secure Collaboration in Uncertain Environments",
        "year": "2003",
        "authors": "Vinny Cahill,Elizabeth Gray,Jean-Marc Seigneur,Christian D. Jensen,Yong Chen,Brian Shand,Nathan Dimmock,Andy Twigg,Jean Bacon,Colin English,Waleed Wagealla,Sotirios Terzis,Paddy Nixon,Giovanna di Marzo Serugendo,Ciaran Bryce,Marco Carbone,Karl Krukow,Mogens Nielsen",
        "venue": "IEEE Pervasive Computing",
        "id": "1596895",
        "label": "6",
        "organization": "Trinity College Dublin"
    },
    {
        "title": "A wide dynamic range CMOS image sensor with pulse-frequency-modulation and in-pixel amplification",
        "year": "2009",
        "authors": "Yong Chen,Fei Yuan,Gul Khan",
        "venue": "Microelectronics Journal",
        "id": "1653164",
        "label": "16",
        "organization": "Department of Electrical and Computer Engineering, Ryerson University, Toronto, Ontario, Canada"
    },
    {
        "title": "An Optimizing Strategy for Massive Data Management System Based on SQLSERVER 2000",
        "year": "2009",
        "authors": "Lei-Yue Yao,Yong Chen",
        "venue": "Proceedings of the 2009 Asia-Pacific Conference on Information Processing - Volume 01",
        "id": "1657025",
        "label": "18",
        "organization": "Comput. & Inf. Dept., Jiang Xi Blue Sky Univ., Nanchang, China"
    },
    {
        "title": "Automatic Path-Oriented Test Data Generation Using a Multi-population Genetic Algorithm",
        "year": "2008",
        "authors": "Yong Chen,Yong Zhong",
        "venue": "Proceedings of the 2008 Fourth International Conference on Natural Computation - Volume 01",
        "id": "1750418",
        "label": "4",
        "organization": "Chengdu Inst. of Comput. Applic., Chinese Acad. of Sci., Chengdu"
    }
]