[
    {
        "title": "Research on Query-by-Committee Method of Active Learning and Application",
        "year": "2006",
        "authors": "Yue Zhao,Ciwen Xu,Yongcun Cao",
        "venue": "ADMA",
        "id": "27471",
        "label": "0",
        "organization": "null"
    },
    {
        "title": "Pseudo-Surface Based Network Camera Smart Control",
        "year": "2005",
        "authors": "Aiguo He,Zixue Cheng,Tongjun Huang,Yue Zhao",
        "venue": "AINA",
        "id": "35262",
        "label": "1",
        "organization": "Hiroshima Kokusai Gakuin University"
    },
    {
        "title": "MBBNTree Classifier Algorithm Based on Active Learning from Unlabeled Samples",
        "year": "2008",
        "authors": "Yongcun Cao,Yue Zhao,Xiuqin Pan,Yong Lu,Xiaona Xu",
        "venue": "FSKD (2)",
        "id": "218284",
        "label": "0",
        "organization": "Sch. of Inf. Eng., Central Univ. for Nat., Beijing"
    },
    {
        "title": "E-Mail Services on Hybrid P2P Networks",
        "year": "2004",
        "authors": "Yue Zhao,Shuigeng Zhou,Aoying Zhou",
        "venue": "GCC",
        "id": "224226",
        "label": "2",
        "organization": "null"
    },
    {
        "title": "On non-null separating circuits in embedded graphs",
        "year": "1991",
        "authors": "Xiaoya Zha,Yue Zhao",
        "venue": "Graph Structure Theory",
        "id": "237616",
        "label": "3",
        "organization": "null"
    },
    {
        "title": "A conceptual model of public medical service system based-on cell phone mobile platform",
        "year": "2007",
        "authors": "Hongjiao Fu,Yue Zhao",
        "venue": "I3E (2)",
        "id": "258497",
        "label": "4",
        "organization": "null"
    },
    {
        "title": "Design of a Real-Time Interactive Tele-exercise Classroom for Computer Exercises over a Gigabit Network",
        "year": "2001",
        "authors": "Aiguo He,Zixue Cheng,Tongjun Huang,Ryouhei Nakatani,Yuichi Amadatsu,Akio Koyama,Yue Zhao,Shoichi Noguchi",
        "venue": "ICOIN",
        "id": "338805",
        "label": "1",
        "organization": "null"
    },
    {
        "title": "A Neighborhood-Based Clustering Algorithm",
        "year": "2005",
        "authors": "Shuigeng Zhou,Yue Zhao,Jihong Guan,Joshua Zhexue Huang",
        "venue": "PAKDD",
        "id": "527294",
        "label": "2",
        "organization": "null"
    },
    {
        "title": "Silicon Wafer Defect Extraction Based on Morphological Filter and Watershed Algorithm",
        "year": "2008",
        "authors": "Yanyan Huang,Fengquan Zhang,Ming Yu,Yue Zhao",
        "venue": "CSSE (6)",
        "id": "730047",
        "label": "6",
        "organization": "null"
    },
    {
        "title": "On Simultaneous Edge-Face Colorings of Plane Graphs",
        "year": "1997",
        "authors": "Daniel P. Sanders,Yue Zhao",
        "venue": "Combinatorica",
        "id": "798558",
        "label": "3",
        "organization": "null"
    },
    {
        "title": "A five-color theorem",
        "year": "2000",
        "authors": "Daniel P. Sanders,Yue Zhao",
        "venue": "Discrete Mathematics",
        "id": "848912",
        "label": "3",
        "organization": "null"
    },
    {
        "title": "On the edge-reconstruction of graphs embedded in surfaces IV",
        "year": "2003",
        "authors": "Yue Zhao",
        "venue": "Discrete Mathematics",
        "id": "849289",
        "label": "3",
        "organization": "Department of Mathematics, University of Central Florida, Orlando, FL"
    },
    {
        "title": "A note on Vizing's independence number conjecture of edge chromatic critical graphs",
        "year": "2006",
        "authors": "Rong Luo,Yue Zhao",
        "venue": "Discrete Mathematics",
        "id": "849497",
        "label": "3",
        "organization": "null"
    },
    {
        "title": "On cyclic colorings and their generalizations",
        "year": "1999",
        "authors": "Oleg V. Borodin,Daniel P. Sanders,Yue Zhao",
        "venue": "Discrete Mathematics",
        "id": "851505",
        "label": "3",
        "organization": "null"
    },
    {
        "title": "Edge colorings of graphs embeddable in a surface of low genus",
        "year": "1998",
        "authors": "Hugh Hind,Yue Zhao",
        "venue": "Discrete Mathematics",
        "id": "852087",
        "label": "8",
        "organization": "null"
    },
    {
        "title": "On the edge-reconstruction of 3-connected planar graphs with minimum valency 4",
        "year": "1995",
        "authors": "Yue Zhao",
        "venue": "Discrete Mathematics",
        "id": "854534",
        "label": "3",
        "organization": "null"
    },
    {
        "title": "On Improving the Edge-Face Coloring Theorem",
        "year": "2001",
        "authors": "Daniel P. Sanders,Yue Zhao",
        "venue": "Graphs and Combinatorics",
        "id": "883439",
        "label": "3",
        "organization": "null"
    },
    {
        "title": "A Working Model for Real-time Interactive Distance Education Support Systems",
        "year": "2002",
        "authors": "Aiguo He,Zixue Cheng,Akio Koyama,Tongjun Huang,Jerold A. Dehart,Yue Zhao",
        "venue": "Int. J. Comput. Proc. Oriental Lang.",
        "id": "907259",
        "label": "1",
        "organization": "null"
    },
    {
        "title": "A New Bound on the Cyclic Chromatic Number",
        "year": "2001",
        "authors": "Daniel P. Sanders,Yue Zhao",
        "venue": "J. Comb. Theory, Ser. B",
        "id": "977819",
        "label": "3",
        "organization": "null"
    },
    {
        "title": "Planar Graphs of Maximum Degree Seven are Class I",
        "year": "2001",
        "authors": "Daniel P. Sanders,Yue Zhao",
        "venue": "J. Comb. Theory, Ser. B",
        "id": "977820",
        "label": "3",
        "organization": "null"
    },
    {
        "title": "On the Size of Edge Chromatic Critical Graphs",
        "year": "2002",
        "authors": "Daniel P. Sanders,Yue Zhao",
        "venue": "J. Comb. Theory, Ser. B",
        "id": "977821",
        "label": "3",
        "organization": "null"
    },
    {
        "title": "Coloring the Faces of Convex Polyhedra so That Like Colors Are Far Apart",
        "year": "2002",
        "authors": "Daniel P. Sanders,Yue Zhao",
        "venue": "J. Comb. Theory, Ser. B",
        "id": "977822",
        "label": "3",
        "organization": "null"
    },
    {
        "title": "Coloring edges of graphs embedded in a surface of characteristic zero",
        "year": "2003",
        "authors": "Daniel P. Sanders,Yue Zhao",
        "venue": "J. Comb. Theory, Ser. B",
        "id": "977823",
        "label": "3",
        "organization": "Department of Mathematics, University of Central Florida, Orlando, FL"
    },
    {
        "title": "On 2-Connected Spanning Subgraphs with Low Maximum Degree",
        "year": "1998",
        "authors": "Daniel P. Sanders,Yue Zhao",
        "venue": "J. Comb. Theory, Ser. B",
        "id": "977824",
        "label": "3",
        "organization": "null"
    },
    {
        "title": "On the Edge Reconstruction of Graphs Embedded in Surfaces, III,",
        "year": "1998",
        "authors": "Yue Zhao",
        "venue": "J. Comb. Theory, Ser. B",
        "id": "978601",
        "label": "3",
        "organization": "null"
    },
    {
        "title": "On the flexibility of toroidal embeddings",
        "year": "2008",
        "authors": "Neil Robertson,Xiaoya Zha,Yue Zhao",
        "venue": "J. Comb. Theory, Ser. B",
        "id": "979247",
        "label": "3",
        "organization": "Department of Mathematics, University of Central Florida, Orlando, FL 32816, USA"
    },
    {
        "title": "Finding the exact bound of the maximum degrees of class two graphs embeddable in a surface of characteristic epsilon in {-1, -2, -3}",
        "year": "2008",
        "authors": "Rong Luo,Yue Zhao",
        "venue": "J. Comb. Theory, Ser. B",
        "id": "979338",
        "label": "3",
        "organization": "null"
    },
    {
        "title": "New lower bounds for the size of edge chromatic critical graphs",
        "year": "2004",
        "authors": "Yue Zhao",
        "venue": "Journal of Graph Theory",
        "id": "1144539",
        "label": "3",
        "organization": "Department of Mathematics, University of Central Florida, Orlando, Florida 32816-1364"
    },
    {
        "title": "The size of edge chromatic critical graphs with maximum degree 6",
        "year": "2009",
        "authors": "Rong Luo,Lianying Miao,Yue Zhao",
        "venue": "Journal of Graph Theory",
        "id": "1144701",
        "label": "3",
        "organization": "Department of Mathematics, University of Central Florida, Orlando, Florida 32816-1364"
    },
    {
        "title": "Identification of Multi-dimensional System based on a Novel Criterion",
        "year": "2008",
        "authors": "Yue Zhao,Kueiming Lo,Wook-Hyun Kwon",
        "venue": "ICINCO-SPSMC",
        "id": "1247747",
        "label": "7",
        "organization": "null"
    },
    {
        "title": "Improvement of the Damaged Thermowell of the Monju Fast-Breeder Reactor Based on Vibration Analysis",
        "year": "2002",
        "authors": "Hideki Aoi,Yue Zhao,Tamotsu Hayase",
        "venue": "Simulation",
        "id": "1280846",
        "label": "1",
        "organization": "null"
    },
    {
        "title": "Tibetan Language Continuous Speech Recognition Based on Dynamic Bayesian Network.",
        "year": "2009",
        "authors": "Yue Zhao,Yongcun Cao,Xiuqin Pan",
        "venue": "null",
        "id": "1320272",
        "label": "0",
        "organization": "null"
    },
    {
        "title": "On spanning trees and walks of low maximum degree",
        "year": "2001",
        "authors": "Daniel P. Sanders,Yue Zhao",
        "venue": "Journal of Graph Theory",
        "id": "1375469",
        "label": "3",
        "organization": "Department of Mathematics, University of Central Florida, Orlando, FL 32816-1364"
    },
    {
        "title": "Finding the exact bound of the maximum degrees of class two graphs embeddable in a surface of characteristic   {-1,-2,-3}",
        "year": "2008",
        "authors": "Rong Luo,Yue Zhao",
        "venue": "Journal of Combinatorial Theory Series B",
        "id": "1377173",
        "label": "3",
        "organization": "Department of Mathematics, University of Central Florida, Orlando, FL 32816-1364, USA"
    },
    {
        "title": "3-Coloring graphs embedded in surfaces",
        "year": "2000",
        "authors": "Yue Zhao",
        "venue": "Journal of Graph Theory",
        "id": "1377612",
        "label": "3",
        "organization": "Department of Mathematics, University of Central Florida, Orlando, FL 32816-1364"
    },
    {
        "title": "Coloring edges of embedded graphs",
        "year": "2000",
        "authors": "Daniel P. Sanders,Yue Zhao",
        "venue": "Journal of Graph Theory",
        "id": "1380622",
        "label": "3",
        "organization": "Department of Mathematics, University of Central Florida, Orlando, FL 32816"
    },
    {
        "title": "On total 9-coloring planar graphs of maximum degree seven",
        "year": "1999",
        "authors": "Daniel P. Sanders,Yue Zhao",
        "venue": "Journal of Graph Theory",
        "id": "1381250",
        "label": "3",
        "organization": "Department of Mathematics, Tulane University, New Orleans, Louisiana 70118"
    },
    {
        "title": "Optimal spectrum management in multiuser interference channels",
        "year": "2009",
        "authors": "Yue Zhao,Gregory J. Pottie",
        "venue": "Proceedings of the 2009 IEEE international conference on Symposium on Information Theory - Volume 4",
        "id": "1586827",
        "label": "5",
        "organization": "Department of Electrical Engineering, University of California, Los Angeles, Los Angeles, CA"
    },
    {
        "title": "Recursive Algorithms for a Novel Identification Criterion",
        "year": "2008",
        "authors": "Yue Zhao,Guiming Luo,Wook-Hyun Kwon",
        "venue": "Proceedings of the 2008 Congress on Image and Signal Processing, Vol. 5 - Volume 05",
        "id": "1596887",
        "label": "7",
        "organization": "null"
    },
    {
        "title": "On diagonally 10-coloring plane triangulations",
        "year": "1995",
        "authors": "Daniel P. Sanders,Yue Zhao",
        "venue": "Journal of Graph Theory",
        "id": "1724843",
        "label": "3",
        "organization": "null"
    },
    {
        "title": "Evolving Model for Small-World Network Based on Benefit Choice",
        "year": "2008",
        "authors": "Shuang Chen,Yue Zhao",
        "venue": "Proceedings of the 2008 Fourth International Conference on Natural Computation - Volume 01",
        "id": "1754878",
        "label": "0",
        "organization": "null"
    }
]