[
    {
        "title": "Extensible Indexing Support in DB2 Universal Database",
        "year": "2001",
        "authors": "Stefan Desloch,Weidong Chen,Jyh-Herng Chow,You-Chin Fuh,Jean Grandbois,Michelle Jou,Nelson Mendonca Mattos,Raiko Nitzsche,Brian T. Tran,Yun Wang",
        "venue": "Compontent Database Systems",
        "id": "2188",
        "label": "0",
        "organization": "null"
    },
    {
        "title": "Facets: a new algorithm for extracting 3-D surface from volume data",
        "year": "1995",
        "authors": "Yun Wang",
        "venue": "ACM Southeast Regional Conference",
        "id": "6723",
        "label": "1",
        "organization": "University of Alabama at Birmingham, Birmingham, Alabama"
    },
    {
        "title": "Avoiding Priority Inversion on the Processing of Requests by Active Replicated Servers",
        "year": "2001",
        "authors": "Yun Wang,Francisco Vilar Brasileiro,Emmanuelle Anceaume,Fabiola Greve,Michel Hurfin",
        "venue": "DSN",
        "id": "161875",
        "label": "2",
        "organization": "null"
    },
    {
        "title": "Single Table Access Using Multiple Indexes: Optimization, Execution, and Concurrency Control Techniques",
        "year": "1990",
        "authors": "C. Mohan,Donald J. Haderle,Yun Wang,Josephine M. Cheng",
        "venue": "EDBT",
        "id": "176509",
        "label": "0",
        "organization": "null"
    },
    {
        "title": "An Improved Intermediate Value Theorem and Rough Fix-Point Theorem of Roughly Continuous Discrete Functions",
        "year": "2008",
        "authors": "Yun Wang,Yanyong Guan,Hongkai Wang,Kaiquan Shi",
        "venue": "FSKD (5)",
        "id": "218670",
        "label": "4",
        "organization": "null"
    },
    {
        "title": "The Theory and Application of Rough Integration in Rough Function Model",
        "year": "2007",
        "authors": "Yun Wang,Jinmei Wang,Yanyong Guan",
        "venue": "FSKD (3)",
        "id": "219028",
        "label": "4",
        "organization": "University of Jinan"
    },
    {
        "title": "Rough Derivatives in Rough Function Model and Their Application",
        "year": "2007",
        "authors": "Yun Wang,Yanyong Guan,Hongkai Wang",
        "venue": "FSKD (3)",
        "id": "219053",
        "label": "4",
        "organization": "University of Jinan"
    },
    {
        "title": "A Novel Secure Routing System in Overlay Environment",
        "year": "2005",
        "authors": "Han Su,Yun Wang",
        "venue": "GCC",
        "id": "223891",
        "label": "2",
        "organization": "null"
    },
    {
        "title": "On Data Fusion and Lifetime Constraints in Wireless Sensor Networks",
        "year": "2007",
        "authors": "Xiaodong Wang,Demin Wang,Yun Wang,Dharma P. Agrawal,Amitabh Mishra",
        "venue": "ICC",
        "id": "277758",
        "label": "7",
        "organization": "null"
    },
    {
        "title": "Modeling, Learning and Simulating Biological Cells with Entity Grammar",
        "year": "2007",
        "authors": "Yun Wang,Rao Zheng,Yan-Jiang Qiao",
        "venue": "International Conference on Computational Science (4)",
        "id": "280863",
        "label": "8",
        "organization": "Beijing University of Chinese Medicine, Beijing, 100102, China"
    },
    {
        "title": "A Nonblocking Approach for Reaching an Agreement on Request Total Orders",
        "year": "2008",
        "authors": "Yun Wang,Jie Wu",
        "venue": "ICDCS",
        "id": "298222",
        "label": "2",
        "organization": "null"
    },
    {
        "title": "An Efficient Hybrid Join Algorithm: A DB2 Prototype",
        "year": "1991",
        "authors": "Josephine M. Cheng,Donald J. Haderle,Richard Hedges,Balakrishna R. Iyer,Ted Messinger,C. Mohan,Yun Wang",
        "venue": "ICDE",
        "id": "299710",
        "label": "0",
        "organization": "null"
    },
    {
        "title": "EFSM-based Testing Strategy for APIs Test of Embedded OS",
        "year": "2004",
        "authors": "SongXia Hao,XiChang Zhong,Yun Wang",
        "venue": "ICESS",
        "id": "308937",
        "label": "10",
        "organization": "null"
    },
    {
        "title": "A comprehensive approach to teaching CS238 (visual basic programming)",
        "year": "2000",
        "authors": "Yun Wang",
        "venue": "IRMA Conference",
        "id": "414927",
        "label": "11",
        "organization": "null"
    },
    {
        "title": "Automatic Synthesis of Multi-Tasking Implementations from Real-Time Object-Oriented Models",
        "year": "2000",
        "authors": "Manas Saksena,Panagiota Karvelas,Yun Wang",
        "venue": "ISORC",
        "id": "444471",
        "label": "13",
        "organization": "null"
    },
    {
        "title": "IA-32 Execution Layer: a two-phase dynamic translator designed to support IA-32 applications on Itanium-based systems",
        "year": "2003",
        "authors": "Leonid Baraz,Tevi Devor,Orna Etzion,Shalom Goldenberg,Alex Skaletsky,Yun Wang,Yigel Zemach",
        "venue": "MICRO",
        "id": "499078",
        "label": "15",
        "organization": "null"
    },
    {
        "title": "Enterprise Modelling Based Services Orchestration",
        "year": "2008",
        "authors": "Qing Li,Canqiang Li,Yun Wang",
        "venue": "OTM Workshops",
        "id": "525203",
        "label": "16",
        "organization": "Department of Automation, Tsinghua University, Beijing, P.R. China 100084"
    },
    {
        "title": "A Method to Organize A Small-World Based Publish/Subscribe Network In Large-Scale Environment",
        "year": "2006",
        "authors": "Kai Li,Yun Wang",
        "venue": "PDPTA",
        "id": "536183",
        "label": "2",
        "organization": "null"
    },
    {
        "title": "Scheduling Fixed-Priority Tasks with Preemption Threshold",
        "year": "1999",
        "authors": "Yun Wang,Manas Saksena",
        "venue": "RTCSA",
        "id": "564688",
        "label": "13",
        "organization": "Dept. of Comput. Sci., Concordia Univ., Montreal, Que."
    },
    {
        "title": "Experience from a Real Life Query Optimizer",
        "year": "1992",
        "authors": "Yun Wang",
        "venue": "SIGMOD Conference",
        "id": "599911",
        "label": "17",
        "organization": "null"
    },
    {
        "title": "Recent database challenges in China on data consolidation and integration",
        "year": "2007",
        "authors": "Yun Wang",
        "venue": "SIGMOD Conference",
        "id": "600083",
        "label": "17",
        "organization": "IBM, Beijing, China"
    },
    {
        "title": "High Level Indexing of User-Defined Types",
        "year": "1999",
        "authors": "Weidong Chen,Jyh-Herng Chow,You-Chin Fuh,Jean Grandbois,Michelle Jou,Nelson Mendonca Mattos,Brian T. Tran,Yun Wang",
        "venue": "VLDB",
        "id": "642350",
        "label": "0",
        "organization": "null"
    },
    {
        "title": "DB2 Query Parallelism: Staging and Implementation",
        "year": "1995",
        "authors": "Yun Wang",
        "venue": "VLDB",
        "id": "643975",
        "label": "0",
        "organization": "null"
    },
    {
        "title": "Metadata driven memory optimizations in dynamic binary translator",
        "year": "2007",
        "authors": "Chaohao Xu,Jianhui Li,Tao Bao,Yun Wang,Bo Huang",
        "venue": "VEE",
        "id": "678022",
        "label": "15",
        "organization": "Software and Solution Group (SSG), Intel China Software Center, Shanghai, China"
    },
    {
        "title": "A Robust Load Balancing Pattern for Grid Computing",
        "year": "2005",
        "authors": "Junling Wang,Yun Wang",
        "venue": "SKG",
        "id": "681043",
        "label": "2",
        "organization": "null"
    },
    {
        "title": "A latent class modeling approach to detect network intrusion",
        "year": "2006",
        "authors": "Yun Wang,Inyoung Kim,Gaston Mbateng,Shih-Yieh Ho",
        "venue": "Computer Communications",
        "id": "802548",
        "label": "18",
        "organization": "Center for Outcomes Research and Evaluation, Yale University and Yale-New Haven Health, CORE, 300 George Street, Suite 505, New Haven, CT 06511, USA and Qualidigm, 100 Roscommon Drive, Middletown, CT 06457, USA"
    },
    {
        "title": "A multinomial logistic regression modeling approach for anomaly intrusion detection",
        "year": "2005",
        "authors": "Yun Wang",
        "venue": "Computers  Security",
        "id": "805216",
        "label": "18",
        "organization": "null"
    },
    {
        "title": "Query Optimization in the IBM DB2 Family",
        "year": "1993",
        "authors": "Peter Gassner,Guy M. Lohman,K. Bernhard Schiefer,Yun Wang",
        "venue": "IEEE Data Eng. Bull.",
        "id": "844456",
        "label": "0",
        "organization": "null"
    },
    {
        "title": "Parallelism in Relational Database Management Systems",
        "year": "1994",
        "authors": "C. Mohan,Hamid Pirahesh,W. Grace Tang,Yun Wang",
        "venue": "IBM Systems Journal",
        "id": "892462",
        "label": "0",
        "organization": "null"
    },
    {
        "title": "Solving the Group Priority Inversion Problem in a Timed Asynchronous System",
        "year": "2002",
        "authors": "Yun Wang,Emmanuelle Anceaume,Francisco Vilar Brasileiro,Fabiola Greve,Michel Hurfin",
        "venue": "IEEE Trans. Computers",
        "id": "1082571",
        "label": "2",
        "organization": "Southeast Univ., Nanjing"
    },
    {
        "title": "Intrusion Detection in Homogeneous and Heterogeneous Wireless Sensor Networks",
        "year": "2008",
        "authors": "Yun Wang,Xiaodong Wang,Bin Xie,Demin Wang,Dharma P. Agrawal",
        "venue": "IEEE Trans. Mob. Comput.",
        "id": "1114546",
        "label": "7",
        "organization": "null"
    },
    {
        "title": "Non-blocking message total ordering protocol",
        "year": "2008",
        "authors": "Yun Wang,Junling Wang",
        "venue": "Science in China Series F: Information Sciences",
        "id": "1180590",
        "label": "2",
        "organization": "null"
    },
    {
        "title": "Nonuniform Deployment Prolongs Lifetime of Wireless Sensor Networks",
        "year": "2008",
        "authors": "Demin Wang,Yi Cheng,Yun Wang,Dharma P. Agrawal",
        "venue": "Ad Hoc  Sensor Wireless Networks",
        "id": "1189121",
        "label": "7",
        "organization": "null"
    },
    {
        "title": "Visual Zen art: aesthetic cognitive dissonance in Japanese dry stone garden measured in visual PageRank",
        "year": "2009",
        "authors": "DongSheng Cai,Shigenori Mochiuki,Yun Wang,Nobuyoshi Asai,Asako Fukumoto",
        "venue": "Educational Technology & Society",
        "id": "1256013",
        "label": "3",
        "organization": "null"
    },
    {
        "title": "Attribute reduction and optimal decision rules acquisition for continuous valued information systems",
        "year": "2009",
        "authors": "Yanyong Guan,Hongkai Wang,Yun Wang,Fang Yang",
        "venue": "Inf. Sci.",
        "id": "1276534",
        "label": "4",
        "organization": "School of Science, University of Jinan, 106 Jiwei Road, Jinan, Shandong 250022, PR China"
    },
    {
        "title": "Range-Free Localization Using Expected Hop Progress in Wireless Sensor Networks",
        "year": "2009",
        "authors": "Yun Wang,Xiaodong Wang,Demin Wang,Dharma P. Agrawal",
        "venue": "IEEE Trans. Parallel Distrib. Syst.",
        "id": "1282181",
        "label": "7",
        "organization": "Southern Illinois University, Edwardsville"
    },
    {
        "title": "The Determinants of Passenger Load Factor for Chinese Airline Industry.",
        "year": "2009",
        "authors": "Yun Wang,Hongbing Ouyang,Zongcheng Zhang",
        "venue": "null",
        "id": "1314905",
        "label": "5",
        "organization": "null"
    },
    {
        "title": "Contamination Level and Speciation of Heavy Metals in Sediments from Yundang Lake, Xiamen.",
        "year": "2009",
        "authors": "Jing Lin,Minggang Cai,Anxiang Qi,Hongyou Hu,Canrong Qiu,Yun Wang,Qingquan Hong",
        "venue": "null",
        "id": "1318209",
        "label": "6",
        "organization": "Coll. of Oceanogr. & Environ. Sci., Xiamen Univ., Xiamen, China"
    },
    {
        "title": "Order-Based Decision Rules Acquisition in Continuous-Valued Decision Information Systems.",
        "year": "2009",
        "authors": "Yanyong Guan,Lei Du,Yun Wang",
        "venue": "null",
        "id": "1318980",
        "label": "4",
        "organization": "null"
    },
    {
        "title": "Scalable Real-Time System Design using Preemption Thresholds.",
        "year": "2000",
        "authors": "Manas Saksena,Yun Wang",
        "venue": "null",
        "id": "1321931",
        "label": "13",
        "organization": "TimeSys Corp., Pittsburgh, PA"
    },
    {
        "title": "The Evil Twin",
        "year": "2008",
        "authors": "Yun Wang",
        "venue": "ACM SIGGRAPH ASIA 2008 computer animation festival",
        "id": "1383599",
        "label": "9",
        "organization": "Taiwan"
    },
    {
        "title": "Hierarchical methods for three-dimensional surface reconstruction",
        "year": "1996",
        "authors": "Yun Wang",
        "venue": "null",
        "id": "1402747",
        "label": "1",
        "organization": "null"
    },
    {
        "title": "IA-32 Execution Layer: a two-phase dynamic translator designed to support IA-32 applications on Itanium -based systems",
        "year": "2003",
        "authors": "Leonid Baraz,Tevi Devor,Orna Etzion,Shalom Goldenberg,Alex Skaletsky,Yun Wang,Yigel Zemach",
        "venue": "Proceedings of the 36th annual IEEE/ACM International Symposium on Microarchitecture",
        "id": "1557243",
        "label": "15",
        "organization": "null"
    },
    {
        "title": "Systems Biology Platform for Mechanism Clarification of TCM",
        "year": "2009",
        "authors": "Yun Wang,JinLing Hao,YanJiang Qiao",
        "venue": "Proceedings of the 2009 WRI Global Congress on Intelligent Systems - Volume 03",
        "id": "1655000",
        "label": "8",
        "organization": "null"
    },
    {
        "title": "The modeling of piezoceramic patch interactions with shells, plates, and beams",
        "year": "1995",
        "authors": "H. T. Banks,R. C. Smith,Yun Wang",
        "venue": "Quarterly of Applied Mathematics",
        "id": "1724884",
        "label": "12",
        "organization": "null"
    },
    {
        "title": "Application of Distributed GA-Based RBF Neural Network in Fire Detection",
        "year": "2008",
        "authors": "Hairong Wang,Weiguo Yang,Huiling Jiang,Yun Wang",
        "venue": "Proceedings of the 2008 Fourth International Conference on Natural Computation - Volume 03",
        "id": "1751399",
        "label": "14",
        "organization": "null"
    }
]