[
    {
        "title": "Word Segmentation Method using Inductive Learning for Chinese Text",
        "year": "2000",
        "authors": "Z. Wang,Kenji Araki,Koji Tochinai",
        "venue": "Artificial Intelligence and Soft Computing",
        "id": "50457",
        "label": "0",
        "organization": "null"
    },
    {
        "title": "An index-based checkpointing/recovery approach for distributed systems",
        "year": "2001",
        "authors": "B. Gupta,S. K. Banerjee,Z. Wang",
        "venue": "Computers and Their Applications",
        "id": "78532",
        "label": "1",
        "organization": "null"
    },
    {
        "title": "Scheduling High-Level Blocks for Functional Simulation",
        "year": "1989",
        "authors": "Zhicheng Wang,Peter M. Maurer",
        "venue": "DAC",
        "id": "134242",
        "label": "2",
        "organization": "null"
    },
    {
        "title": "A bandpass sigma-delta modulator employing micro-mechanical resonator",
        "year": "2003",
        "authors": "X. Wang,Y. P. Xu,Z. Wang,S. Liw,W. H. Sun,L. S. Tan",
        "venue": "ISCAS (1)",
        "id": "424723",
        "label": "3",
        "organization": "Dept. of Electr. & Comput. Eng., Nat. Univ. of Singapore, Singapore"
    },
    {
        "title": "A 1-V UHF low noise amplifier for ultralow-power applications",
        "year": "2006",
        "authors": "H. S. Savci,Z. Wang,A. Sula,Numan Sadi Dogan,Ercument Arvas",
        "venue": "ISCAS",
        "id": "430272",
        "label": "4",
        "organization": "null"
    },
    {
        "title": "1-V ultra-low-power CMOS LC VCO for UHF quadrature signal generation",
        "year": "2006",
        "authors": "Z. Wang,H. S. Savci,Numan Sadi Dogan",
        "venue": "ISCAS",
        "id": "430358",
        "label": "4",
        "organization": "null"
    },
    {
        "title": "Decomposition of Multiple-Valued Relations",
        "year": "1997",
        "authors": "Marek A. Perkowski,Malgorzata Marek-Sadowska,Lech Jozwiak,Tadeusz Luba,Stan Grygiel,Miroslawa Nowicka,Rahul Malvi,Zhi Wang,Jin S. Zhang",
        "venue": "ISMVL",
        "id": "441220",
        "label": "5",
        "organization": "null"
    },
    {
        "title": "Unified Defense Against DDoS Attacks",
        "year": "2007",
        "authors": "Muthusrinivasan Muthuprasanna,G. Manimaran,Zhengdao Wang",
        "venue": "Networking",
        "id": "513660",
        "label": "6",
        "organization": "null"
    },
    {
        "title": "On Digital Watermarking via Public-Key Cryptosystems",
        "year": "2007",
        "authors": "H. K. Dai,C.-T. Yeh,Z. Wang",
        "venue": "PDPTA",
        "id": "537543",
        "label": "7",
        "organization": "null"
    },
    {
        "title": "The design and fabrication of welded tubular joints using solid modelling techniques",
        "year": "1993",
        "authors": "Z. Wang,S. Bedi,D. C. Weckman",
        "venue": "Solid Modeling and Applications",
        "id": "606211",
        "label": "8",
        "organization": "null"
    },
    {
        "title": "DC Coefficients Recovery-based Error Concealment Technique for Mpeg-2 Video Streams",
        "year": "2003",
        "authors": "J. Cao,Z. Wang,F. Li",
        "venue": "WAA",
        "id": "650289",
        "label": "9",
        "organization": "null"
    },
    {
        "title": "CT Image of Liver Cancer Enhancement Using Wavelet Transform",
        "year": "2003",
        "authors": "D. Feng,Z. Wang,Y. Cheng,W. Bao,S. Zhou,Y. Luo",
        "venue": "WAA",
        "id": "650329",
        "label": "10",
        "organization": "null"
    },
    {
        "title": "Wavelt Transform Application of Video Coding at Very Low Bit Rate",
        "year": "2003",
        "authors": "X. Fu,Z. Wang,D. Liang",
        "venue": "WAA",
        "id": "650333",
        "label": "10",
        "organization": "null"
    },
    {
        "title": "Radar Detection of Minimum Altitude Flying Targets Based on Wavelet Transforms",
        "year": "2003",
        "authors": "H. Li,C. Shang,Y. Hang,Z. Wang",
        "venue": "WAA",
        "id": "650404",
        "label": "10",
        "organization": "null"
    },
    {
        "title": "Automatically Generating Ada95 Codes for Concurrent Objects",
        "year": "1998",
        "authors": "Z. Wang,H. Zhao,L. Zhang",
        "venue": "TOOLS (27)",
        "id": "684215",
        "label": "11",
        "organization": "null"
    },
    {
        "title": "Walk to here: a voice driven animation system",
        "year": "2006",
        "authors": "Z. Wang,M. van de Panne",
        "venue": "Symposium on Computer Animation",
        "id": "692736",
        "label": "12",
        "organization": "University of British Columbia"
    },
    {
        "title": "Energy efficiency of two virtual infrastructures for MANETs",
        "year": "2005",
        "authors": "Z. Wang,J. Zhang",
        "venue": "IPCCC",
        "id": "693181",
        "label": "14",
        "organization": "null"
    },
    {
        "title": "Closed On-Line Bin Packing",
        "year": "2002",
        "authors": "E. Asgeirsson,Urtzi Ayesta,Edward G. Coffman Jr,J. Etra,Petar Momcilovic,D. Phillips,V. Vokhshoori,Z. Wang,J. Wolfe",
        "venue": "Acta Cybern.",
        "id": "741735",
        "label": "13",
        "organization": "null"
    },
    {
        "title": "Validation and enclosure of solutions of linear complementarity problems",
        "year": "2007",
        "authors": "Z. Wang",
        "venue": "Computing",
        "id": "809975",
        "label": "16",
        "organization": "Nanjing University, Department of Mathematics, HanKouLu 22, 210093, Nanjing, China and Chinese Academy of Sciences, Institute of Computational Mathematics and Scientific/Engineering Computing ZhongGuanCun DongLu 55, Beijing, 100080, China"
    },
    {
        "title": "Micromachined Polycrystalline Sige-Based Thermopiles for Micropower Generation on Human Body",
        "year": "2008",
        "authors": "Z. Wang,V. Leonov,P. Fiorini,C. Van Hoof",
        "venue": "CoRR",
        "id": "826341",
        "label": "15",
        "organization": "null"
    },
    {
        "title": "Good equidistant codes constructed from certain combinatorial designs",
        "year": "2008",
        "authors": "K. Sinha,Z. Wang,D. Wu",
        "venue": "Discrete Mathematics",
        "id": "855485",
        "label": "18",
        "organization": "null"
    },
    {
        "title": "System development for parallel cellular automata and its applications",
        "year": "1999",
        "authors": "C. Hecker,David Roytenberg,Jorg-Rudiger Sack,Z. Wang",
        "venue": "Future Generation Comp. Syst.",
        "id": "877438",
        "label": "17",
        "organization": "null"
    },
    {
        "title": "The Biomolecular Interaction Network Database and related tools 2005 update",
        "year": "2005",
        "authors": "C. Alfarano,C. E. Andrade,K. Anthony,N. Bahroos,M. Bajec,K. Bantoft,Doron Betel,B. Bobechko,K. Boutilier,E. Burgess,K. Buzadzija,R. Cavero,C. D'Abreo,Ian Donaldson,D. Dorairajoo,M. J. Dumontier,M. R. Dumontier,V. Earles,R. Farrall,Howard J. Feldman,E. Garderman,Y. Gong,R. Gonzaga,V. Grytsan,E. Gryz,V. Gu,E. Haldorsen,A. Halupa,R. Haw,A. Hrvojic,L. Hurrell,Ruth Isserlin,F. Jack,F. Juma,A. Khan,T. Kon,S. Konopinsky,V. Le,E. Lee,S. Ling,M. Magidin,J. Moniakis,J. Montojo,S. Moore,B. Muskat,I. Ng,J. P. Paraiso,B. Parker,Greg Pintilie,R. Pirone,John J. Salama,S. Sgro,T. Shan,Y. Shu,J. Siew,D. Skinner,Kevin A. Snyder,R. Stasiuk,D. Strumpf,Brigitte Tuekam,S. Tao,Z. Wang,M. White,R. Willis,Cheryl Wolting,S. Wong,A. Wrong,C. Xin,R. Yao,B. Yates,S. Zhang,K. Zheng,Tony Pawson,B. F. Francis Ouellette,Christopher W. V. Hogue",
        "venue": "Nucleic Acids Research",
        "id": "1020390",
        "label": "20",
        "organization": "null"
    },
    {
        "title": "On Solving the Inverse Scattering Problem with RBF Neural Networks: Noise-Free Case",
        "year": "1999",
        "authors": "Z. Wang,Zygmunt Ulanowski,P. H. Kaye",
        "venue": "Neural Computing and Applications",
        "id": "1021973",
        "label": "19",
        "organization": "null"
    },
    {
        "title": "A Java-Based Enterprise System Architecture for Implementing a Continuously Supported and Entirely Web-Based Exercise Solution",
        "year": "2006",
        "authors": "Z. Wang,T. Kiryu",
        "venue": "IEEE Transactions on Information Technology in Biomedicine",
        "id": "1111416",
        "label": "22",
        "organization": "null"
    },
    {
        "title": "Guest Editorial Foreword to the Special Issue on Intelligent Computation for Bioinformatics",
        "year": "2008",
        "authors": "Z. Wang,X. Liu",
        "venue": "IEEE Transactions on Systems, Man, and Cybernetics, Part C",
        "id": "1133297",
        "label": "21",
        "organization": "null"
    },
    {
        "title": "Non Contact Surface Potential Measurements for Charging Reduction During Manufacturing of Metal-Insulator-Metal Capacitors",
        "year": "2001",
        "authors": "Jan Ackaert,Z. Wang,Eddy De Backer,P. Colson,Peter Coppens",
        "venue": "Microelectronics Reliability",
        "id": "1153477",
        "label": "24",
        "organization": "null"
    },
    {
        "title": "Global Asymptotic Stability of Delayed Cellular Neural Networks",
        "year": "2007",
        "authors": "H. Zhang,Z. Wang",
        "venue": "IEEE Transactions on Neural Networks",
        "id": "1174256",
        "label": "23",
        "organization": "null"
    },
    {
        "title": "A fixture design system for networked manufacturing",
        "year": "2007",
        "authors": "Y. G. Kang,Z. Wang,R. Li,C. Jiang",
        "venue": "Int. J. Computer Integrated Manufacturing",
        "id": "1188388",
        "label": "9",
        "organization": "School of Mechatronic Engineering, Northwestern Polytechnical University, Xi'an, China"
    },
    {
        "title": "Error bounds for complementarity problems with tridiagonal nonlinear functions",
        "year": "2008",
        "authors": "Gotz Alefeld,Z. Wang",
        "venue": "Computing",
        "id": "1222160",
        "label": "16",
        "organization": "Nanjing University, Department of Mathematics, 210093, Nanjing, China"
    },
    {
        "title": "Robust Synchronization of an Array of Coupled Stochastic Discrete-Time Delayed Neural Networks",
        "year": "2008",
        "authors": "J. Liang,Z. Wang,Y. Liu,X. Liu",
        "venue": "IEEE Transactions on Neural Networks",
        "id": "1230475",
        "label": "21",
        "organization": "null"
    },
    {
        "title": "Using stereo geometry towards accurate 3D reconstruction",
        "year": "2009",
        "authors": "Z. Wang,Boubakeur Boufama",
        "venue": "J. Knowledge Management",
        "id": "1265467",
        "label": "25",
        "organization": "null"
    },
    {
        "title": "A Generalized Expansion Matching Based Feature Extractor",
        "year": "1996",
        "authors": "Z. Wang,R. K. Rao,D. Nandy,J. Ben-Arie,N. Jojic",
        "venue": "Proceedings of the 13th International Conference on Pattern Recognition - Volume 2",
        "id": "1352402",
        "label": "27",
        "organization": "null"
    },
    {
        "title": "Power-Aware Test Data Compression for Embedded IP Cores",
        "year": "2006",
        "authors": "N. Badereddine,Z. Wang,P. Girard,K. Chakrabarty,S. Pravossoudovitch,C. Landrault",
        "venue": "Proceedings of the 15th Asian Test Symposium",
        "id": "1372129",
        "label": "28",
        "organization": "Duke University"
    },
    {
        "title": "Change analysis of land surface temperature based on robust statistics in the estuarine area of Pearl River (China) from 1990 to 2000 by Landsat TM/ETM+ data",
        "year": "2007",
        "authors": "J. Zhang,Y. Wang,Z. Wang",
        "venue": "International Journal of Remote Sensing",
        "id": "1374590",
        "label": "14",
        "organization": "Faculty of Science and Technology, University of Macau, Macao, China"
    },
    {
        "title": "Gold nanograins deposited from a liquid metal ion source",
        "year": "1997",
        "authors": "C. Vieu,J. Gierak,C. David,Y. Lagadec,A. Bourlange,D. Larigaldie,Z. Wang,J. Flicstein,H. Launois",
        "venue": "Microelectronic Engineering",
        "id": "1398429",
        "label": "26",
        "organization": "null"
    },
    {
        "title": "Dynamics of Controlled Mechanical Systems with Delayed Feedback",
        "year": "2002",
        "authors": "H. Hu,Z. Wang",
        "venue": "null",
        "id": "1424306",
        "label": "30",
        "organization": "null"
    },
    {
        "title": "Implementation of frequency offset correction using CORDIC algorithm for 5 GHz WLAN applications",
        "year": "2002",
        "authors": "H. Zhana,Z. Wang,S. S. Chandra",
        "venue": "Proceedings of the The 8th International Conference on Communication Systems - Volume 02",
        "id": "1602955",
        "label": "31",
        "organization": "VLSI Circuit Design & Test Dept., Singapore, Singapore"
    },
    {
        "title": "Decoding metrics and their applications in VLSI turbo decoders",
        "year": "2000",
        "authors": "Z. Wang",
        "venue": "Proceedings of the Acoustics, Speech, and Signal Processing, 2000. on IEEE International Conference - Volume 06",
        "id": "1603794",
        "label": "29",
        "organization": "Dept. of Electr. & Comput. Eng., Minnesota Univ., Minneapolis, MN, USA"
    },
    {
        "title": "Closed on-line bin packing",
        "year": "2002",
        "authors": "E. Asgeirsson,U. Ayesta,E. Coffman,J. Etra,P. Momcilovic,D. Phillips,V. Vokhshoori,Z. Wang,J. Wolfe",
        "venue": "Acta Cybernetica",
        "id": "1617907",
        "label": "13",
        "organization": "Graduate School of Business, Columbia University, New York, NY"
    },
    {
        "title": "The solution of nonlinear partial difference equation",
        "year": "1990",
        "authors": "Z. Wang",
        "venue": "Discrete Applied Mathematics",
        "id": "1645492",
        "label": "34",
        "organization": "null"
    },
    {
        "title": "Fast discrete sine transform algorithms",
        "year": "1990",
        "authors": "Z. Wang",
        "venue": "Signal Processing",
        "id": "1646684",
        "label": "35",
        "organization": "null"
    },
    {
        "title": "Transformation theorems for fuzzy integrals on fuzzy sets",
        "year": "1990",
        "authors": "Z. Wang,Z. Qiao",
        "venue": "Fuzzy Sets and Systems",
        "id": "1649001",
        "label": "32",
        "organization": "null"
    },
    {
        "title": "A shortest augmenting path algorithm for the semi-assignment problem",
        "year": "1992",
        "authors": "J. Kennington,Z. Wang",
        "venue": "Operations Research",
        "id": "1679779",
        "label": "33",
        "organization": "null"
    },
    {
        "title": "High resolution schemes for steady flow computation",
        "year": "1991",
        "authors": "Z. Wang,B. E. Richards",
        "venue": "Journal of Computational Physics",
        "id": "1683968",
        "label": "36",
        "organization": "null"
    },
    {
        "title": "Fiber Tract Mapping from Diffusion Tensor MRI",
        "year": "2001",
        "authors": "B. C. Vemuri,Y. Chen,M. Rao,T. McGraw,Z. Wang,T. Mareci",
        "venue": "Proceedings of the IEEE Workshop on Variational and Level Set Methods (VLSM'01)",
        "id": "1694796",
        "label": "37",
        "organization": "null"
    },
    {
        "title": "Fast unified computation of the multi-dimensional discrete sinusoidal transforms",
        "year": "2002",
        "authors": "L. Z. Cheng,Z. Wang,Z. H. Zhang",
        "venue": "Applied Mathematics and Computation",
        "id": "1703282",
        "label": "27",
        "organization": "7700 SW Mohawk, St. Tualatin, OR"
    }
]