[
    {
        "id": 14,
        "label": "3",
        "author": "Abhishek Jain",
        "title": "Packet-dropping adversary identification for data plane security",
        "organization": null,
        "abstract": "Until recently, the design of packet dropping adversary iden- tification protocols that are robust to both benign packet loss and malicious behavior has proven to be surprisingly elu- sive. In this paper, we propose a secure and practical packet- dropping adversary localization scheme that is robust and achieves a high detection rate and low communication and storage overhead - the",
        "email": null,
        "conf": "Conference on Emerging Network Experiment and Technology",
        "coauthors": [
            "xin zhang",
            "adrian perrig"
        ],
        "keywords": "Design Space,Packet Loss,Performance Bounds,Performance Metric,Theoretical Analysis,Detection Rate,"
    },
    {
        "id": 15,
        "label": "3",
        "author": "Abhishek Jain",
        "title": "Password-Authenticated Session-Key Generation on the Internet in the Plain Model",
        "organization": null,
        "abstract": NaN,
        "email": null,
        "conf": "International Crytology Conference",
        "coauthors": [
            "vipul goyal",
            "rafail ostrovsky"
        ],
        "keywords": "Password Authentication,"
    },
    {
        "id": 16,
        "label": "3",
        "author": "Abhishek Jain",
        "title": "Bounded Ciphertext Policy Attribute Based Encryption",
        "organization": null,
        "abstract": "In a ciphertext policy attribute based encryption system, a user's private key is associated with a set of attributes (describing the user) and an encrypted ciphertext will specify an access policy over attributes. A user will be able to decrypt if and only if his attributes satisfy the ciphertext's policy. In this work, we present the flrst construction of a",
        "email": null,
        "conf": "International Congress of Mathematicans",
        "coauthors": [
            "vipul goyal",
            "omkant pandey",
            "amit sahai"
        ],
        "keywords": "Satisfiability,Security Proof,Attribute Based Encryption,"
    },
    {
        "id": 17,
        "label": "3",
        "author": "Abhishek Jain",
        "title": "Improvements to Mitchell's Remote User Authentication Protocol",
        "organization": null,
        "abstract": "A provably secure protocol for remote authentication is presented. Only public information is stored at the verifying host that makes our scheme resistant to server compromise. We use one time signatures coupled with offline transcripts for synchronization. Due to sole usage of fast cryptographic hash functions, our method is appropriate for low cost user authentication. Our con- struction improves over",
        "email": null,
        "conf": "Information Security and Cryptology",
        "coauthors": [
            "vipul goyal",
            "jean-jacques quisquater"
        ],
        "keywords": "Cryptographic Hash Function,Denial of Service,Dos Attack,Provable Security,Public Information,User Authentication,"
    },
    {
        "id": 18,
        "label": "3",
        "author": "Abhishek Jain",
        "title": "On the round complexity of covert computation",
        "organization": null,
        "abstract": "In STOC'05, von Ahn, Hopper and Langford introduced the notion of covert computation. In covert computation, a party runs a secure computation protocol over a covert (or steganographic) channel without knowing if the other parties are participating as well or not. At the end of the protocol, if all parties participated in the protocol and if the function output is",
        "email": null,
        "conf": "ACM Symposium on Theory of Computing",
        "coauthors": [
            "vipul goyal"
        ],
        "keywords": "Communication Channels,Multi Party Computation,Secure Computation,Simulation Technique,Broadcast Channel,Point To Point,"
    }
]