[
    {
        "id": 2964,
        "label": "the same time.",
        "author": "Ad Hoc Network;Energy Consumption;Energy Efficient;Geographic Routing;Packet Forwarding;Sensor Network;Wireless Sensor;",
        "title": "http://arxiv.org/abs/1006.3610,http://www.informatik.uni-trier.de/~ley/db/journals/corr/corr1006.html#abs-1006-3610",
        "organization": null,
        "abstract": "2010",
        "email": null,
        "conf": NaN,
        "coauthors": [
            "Computing Research Repository"
        ],
        "keywords": null
    }
]