[
    {
        "id": 52,
        "label": "13",
        "author": "Ajay K. Gupta",
        "title": "Using Predators to Combat Worms and Viruses: A Simulation-Based Study",
        "organization": null,
        "abstract": "Large-scale attacks generated by fast-spreading or stealthy malicious mobile code, such as ash worms and e-mail viruses, demand new approaches to patch management and disinfection. Currently popular centralized approaches suf- fer from distribution bottlenecks which cannot be solved by merely increasing the number of servers, as the number of servers required to eliminate all bottlenecks is imprac- tically large. Recently,",
        "email": null,
        "conf": "Annual Computer Security Applications Conference",
        "coauthors": [
            "daniel c. duvarney"
        ],
        "keywords": "Large Scale,Mobile Code,Network Congestion,Simulation Tool,"
    },
    {
        "id": 53,
        "label": "13",
        "author": "Ajay K. Gupta",
        "title": "Specification-based anomaly detection: a new approach for detecting network intrusions",
        "organization": null,
        "abstract": "Unlike signature or misuse based intrusion detection techniques, anomaly detection is capable of detecting novel attacks. However, the use of anomaly detection in practice is hampered by a high rate of false alarms. Specification-based techniques have been shown to produce a low rate of false alarms, but are not as effective as anomaly detection in detecting novel attacks, especially when",
        "email": null,
        "conf": "Computer and Communications Security",
        "coauthors": [
            "r. sekar",
            "j. frullo",
            "t. shanbhag",
            "a. tiwari",
            "h. yang",
            "s. zhou"
        ],
        "keywords": "Anomaly Detection,Denial of Service Attack,Feature Selection,Intrusion Detection,Machine Learning,Network Monitoring,Network Protocol,Protocol Specification,Sampling Technique,Specification Language,State Machine,"
    },
    {
        "id": 54,
        "label": "13",
        "author": "Ajay K. Gupta",
        "title": "Resource Usage Policy Specification for Managing Application Resources",
        "organization": null,
        "abstract": NaN,
        "email": null,
        "conf": "International Conference on Information Technology: New Generations",
        "coauthors": [
            "prem uppuluri"
        ],
        "keywords": null
    },
    {
        "id": 55,
        "label": "13",
        "author": "Ajay K. Gupta",
        "title": "An Approach for Detecting Self-propagating Email Using Anomaly Detection",
        "organization": null,
        "abstract": "This paper develops a new approach for detecting self-propagating email viruses based on statistical anomaly detection. Our approach assumes that a key objective of an email virus attack is to eventually overwhelm mail servers and clients with a large volume of email traffic. Based on this assumption, the approach is designed to detect increases in traffic volume over what was",
        "email": null,
        "conf": "Recent Advances in Intrusion Detection",
        "coauthors": [
            "r. sekar"
        ],
        "keywords": "Anomaly Detection,"
    },
    {
        "id": 56,
        "label": "14",
        "author": "Ajay K. Gupta",
        "title": "Performance trade-offs for a multimedia distributed application",
        "organization": null,
        "abstract": NaN,
        "email": null,
        "conf": "High Performance Networking",
        "coauthors": [
            "kurt maly",
            "c. michael overstreet",
            "hussein m. abdel-wahab",
            "muthu kumar",
            "rahul srivastava"
        ],
        "keywords": "Distributed Application,"
    },
    {
        "id": 57,
        "label": "14",
        "author": "Ajay K. Gupta",
        "title": "PMES: privilege mangagement and enforcement system for secure distributed resource sharing",
        "organization": null,
        "abstract": NaN,
        "email": null,
        "conf": "World Computer Congress",
        "coauthors": [
            "kurt maly",
            "irwin b. levinstein",
            "ravi mukkamala",
            "bjorn kvande",
            "s. nanjangud",
            "margrethe h. olson",
            "roy whitney",
            "rita chambers"
        ],
        "keywords": "Resource Sharing,"
    },
    {
        "id": 58,
        "label": "14",
        "author": "Ajay K. Gupta",
        "title": "CoProcess: A Java-based Environment for Collaborative Process Management Over the Web",
        "organization": null,
        "abstract": " CoProcess is a Java-based environment to facilitate collaborative process management overthe World-wide Web (WWW). It can support a wide variety of applications that may involvefilling forms, sending e-mail, searching a database (or web) for information, establishing a teleconferencewithin a group, collaborative writing, reviewing, and editing of documents, and othervideo and audio record/playback facilities. In this paper, we describe the CoProcess",
        "email": null,
        "conf": "World Conference on the WWW and Internet",
        "coauthors": [
            "kurt maly",
            "hussein m. abdel-wahab",
            "ravi mukkamala",
            "mohamed kholief",
            "s. dittakavi",
            "c. s. vemuru",
            "h. syed"
        ],
        "keywords": "Collaborative Writing,Process Management,World Wide Web,"
    },
    {
        "id": 59,
        "label": "14",
        "author": "Ajay K. Gupta",
        "title": "The software architecture and interprocess communications of IRI: an Internet-based interactive distance learning system",
        "organization": null,
        "abstract": " This paper discusses the software architecture, interprocesscommunication and the reference implementationof IRI, an Interactive Remote Instruction systemfor distance learning. IRI is an Internet-based systemwhich integrates continuous multimedia, shared applicationsand a variety of multi-user collaborative utilities.Internet multicasting is used by IRI for groupmanagement and data sharing; UDP-multicasting isused for audio and video streams while reliable multicastingprotocol (RMP) is ...",
        "email": null,
        "conf": "Workshop on Enabling Technologies: Infrastructure for Collaborative Enterprises",
        "coauthors": [
            "hussein m. abdel-wahab",
            "kurt maly",
            "alaa youssef",
            "emilia stoica",
            "c. michael overstreet",
            "j. christian wild"
        ],
        "keywords": "Data Sharing,Distance Learning,interprocess communication,Software Architecture,Video Streaming,Multi User,"
    },
    {
        "id": 60,
        "label": "14",
        "author": "Ajay K. Gupta",
        "title": "A privilege management and enforcement system for distributed resource sharing",
        "organization": null,
        "abstract": NaN,
        "email": null,
        "conf": "Workshop on Enabling Technologies: Infrastructure for Collaborative Enterprises",
        "coauthors": [
            "kurt maly",
            "bjorn kvande",
            "irwin b. levinstein",
            "ravi mukkamala",
            "s. nanjangud",
            "margrethe h. olson",
            "roy whitney",
            "rita chambers"
        ],
        "keywords": "Resource Sharing,"
    },
    {
        "id": 61,
        "label": "14",
        "author": "Ajay K. Gupta",
        "title": "Mosaic + XTV = CoReview",
        "organization": null,
        "abstract": NaN,
        "email": null,
        "conf": "Computer Networks and Isdn Systems",
        "coauthors": [
            "kurt maly",
            "hussein m. abdel-wahab",
            "ravi mukkamala",
            "a. prabhu",
            "h. syed",
            "c. s. vemuru"
        ],
        "keywords": null
    },
    {
        "id": 62,
        "label": "14",
        "author": "Ajay K. Gupta",
        "title": "BTU: A Host Communication Benchmark",
        "organization": null,
        "abstract": " In this paper we propose a communication benchmark suite: BTU(Bits To the User). In the BTUbenchmarking process, the vendor supplies a workstation running a UNIX2operating system, we installour benchmark program and connect the workstation to a testbed, consisting of blackboxes, which emulatesa LAN/WAN environment. The benchmark run will submit the workstation to a carefully designed combinationof tests. The result is",
        "email": null,
        "conf": "IEEE Computer",
        "coauthors": [
            "kurt maly",
            "satish mynam"
        ],
        "keywords": null
    },
    {
        "id": 63,
        "label": "14",
        "author": "Ajay K. Gupta",
        "title": "Interactive Distance Learning over Intranets",
        "organization": null,
        "abstract": " this article we describe IRI and the lessons learned deploying it. We first deployed IRI to teacha fall 1995 graduate course in software metrics. We then evaluated it in terms of logistics, reliability,performance, and usability, performing off-line experiments to try out new features and to developprotocols that would improve IRI use. We subsequently reengineered IRI into an open architecturewith a",
        "email": null,
        "conf": "IEEE Internet Computing",
        "coauthors": [
            "kurt maly",
            "hussein m. abdel-wahab",
            "c. michael overstreet",
            "j. christian wild",
            "alaa youssef",
            "emilia stoica",
            "ehab s. al-shaer"
        ],
        "keywords": "Distance Learning,Lessons Learned,Software Metric,"
    },
    {
        "id": 64,
        "label": "14",
        "author": "Ajay K. Gupta",
        "title": "IRI-h, a Java-based distance education system",
        "organization": null,
        "abstract": NaN,
        "email": null,
        "conf": "ACM Transactions on Computing Education / ACM Journal of Educational Resources in Computing",
        "coauthors": [
            "kurt maly",
            "hussein m. abdel-wahab",
            "j. christian wild",
            "c. michael overstreet",
            "ayman adel abdel hamid",
            "sahar m. ghanem",
            "agustin gonzález",
            "xiaoqing zhu"
        ],
        "keywords": "Distance Education,"
    }
]