[
    {
        "id": 34,
        "label": "10",
        "author": "Ajay Gupta",
        "title": "Optimal Deployment of Triggers for Detecting Events",
        "organization": null,
        "abstract": NaN,
        "email": null,
        "conf": "Database and Expert Systems Applications",
        "coauthors": [
            "manish bhide",
            "mukul joshi",
            "mukesh k. mohania"
        ],
        "keywords": null
    },
    {
        "id": 35,
        "label": "10",
        "author": "Ajay Gupta",
        "title": "Web Page Ranking Based on Events",
        "organization": null,
        "abstract": NaN,
        "email": null,
        "conf": "Electronic Commerce and Web Technologies",
        "coauthors": [
            "manish bhide",
            "mukesh k. mohania"
        ],
        "keywords": "Web Pages,"
    },
    {
        "id": 36,
        "label": "10",
        "author": "Ajay Gupta",
        "title": "Management of Conflicting Obligations in Self-Protecting Policy-Based Systems",
        "organization": null,
        "abstract": NaN,
        "email": null,
        "conf": "International Conference on Autonomic Computing",
        "coauthors": [
            "rema ananthanarayanan",
            "mukesh k. mohania"
        ],
        "keywords": null
    },
    {
        "id": 37,
        "label": "10",
        "author": "Ajay Gupta",
        "title": "Policy Framework for Autonomic Data Managemen",
        "organization": null,
        "abstract": "Abstract The popularity ,of  e-Business ,has ,lead ,to  an  exponential,and ,unstructured ,growth ,in  the  applications space  coupled ,with  an  increase ,in  the  database,size.   This  has  led  to  an ,increase  in  the  complexity,of  the ,database ,management ,task.  Moreover, organizations  are  increasingly  concerned  about the privacy of data. Thus, managing such large ever,growing ,and ,privacy-preserving  database ,is  complex,and  time-consuming ,task.  In  this",
        "email": null,
        "conf": "International Conference on Autonomic Computing",
        "coauthors": [
            "manish bhide",
            "mukul joshi",
            "mukesh k. mohania",
            "shree raman"
        ],
        "keywords": "Database Management,Privacy Preservation,"
    },
    {
        "id": 38,
        "label": "10",
        "author": "Ajay Gupta",
        "title": "Enhanced Business Intelligence using EROCS",
        "organization": null,
        "abstract": NaN,
        "email": null,
        "conf": "International Conference on Data Engineering",
        "coauthors": [
            "manish bhide",
            "v. chakravarthy",
            "himanshu gupta",
            "mukesh k. mohania",
            "kriti puniyani",
            "prasan roy",
            "sourashis roy",
            "vibhuti s. sengar"
        ],
        "keywords": "Business Intelligence,"
    },
    {
        "id": 39,
        "label": "10",
        "author": "Ajay Gupta",
        "title": "Dynamic Access Control Framework Based On Events",
        "organization": null,
        "abstract": NaN,
        "email": null,
        "conf": "International Conference on Data Engineering",
        "coauthors": [
            "manish bhide",
            "sandeep pandey",
            "mukesh k. mohania"
        ],
        "keywords": "Access Control,"
    },
    {
        "id": 40,
        "label": "10",
        "author": "Ajay Gupta",
        "title": "Towards Bringing Database Management Task in the Realm of IT non-Experts",
        "organization": null,
        "abstract": NaN,
        "email": null,
        "conf": "International Conference on Data Engineering",
        "coauthors": [
            "manish bhide",
            "mukesh k. mohania"
        ],
        "keywords": "Database Management,"
    },
    {
        "id": 41,
        "label": "10",
        "author": "Ajay Gupta",
        "title": "Policy Driven Data Administration",
        "organization": null,
        "abstract": NaN,
        "email": null,
        "conf": "Policies for Distributed Systems and Networks",
        "coauthors": [
            "vishal s. batra",
            "jaijit bhattacharya",
            "harish chauhan",
            "mukesh k. mohania",
            "upendra sharma"
        ],
        "keywords": null
    },
    {
        "id": 42,
        "label": "10",
        "author": "Ajay Gupta",
        "title": "LIPTUS: associating structured and unstructured information in a banking environment",
        "organization": null,
        "abstract": "Growing competition has made today's banks understand the value of knowing their customers better. In this paper, we describe a tool, LIPTUS, that associates the customer interactions (emails and transcribed phone calls) with customer and account profiles stored in an existing data warehouse. The associations discovered by LIPTUS enable analytics spanning the customer and account profiles on one hand and",
        "email": null,
        "conf": "International Conference on Management of Data",
        "coauthors": [
            "manish bhide",
            "rahul gupta",
            "prasan roy",
            "mukesh k. mohania",
            "zenita ichhaporia"
        ],
        "keywords": "Data Association,Data Warehouse,Information Integration,Text Mining,"
    },
    {
        "id": 43,
        "label": "10",
        "author": "Ajay Gupta",
        "title": "Some issues in privacy data management",
        "organization": null,
        "abstract": NaN,
        "email": null,
        "conf": "Data & Knowledge Engineering",
        "coauthors": [
            "mukesh k. mohania",
            "rema ananthanarayanan"
        ],
        "keywords": "Data Management,"
    },
    {
        "id": 44,
        "label": "11",
        "author": "Ajay Gupta",
        "title": "Explanation-based Failure Recovery",
        "organization": null,
        "abstract": NaN,
        "email": null,
        "conf": "National Conference on Artificial Intelligence",
        "coauthors": [],
        "keywords": "Failure Recovery,"
    },
    {
        "id": 45,
        "label": "11",
        "author": "Ajay Gupta",
        "title": "Time Representation in Prolog Circuit Modelling",
        "organization": null,
        "abstract": NaN,
        "email": null,
        "conf": "UK Conference on Logic Programming",
        "coauthors": [
            "yossi lichtenstein",
            "bob welham"
        ],
        "keywords": null
    },
    {
        "id": 46,
        "label": "11",
        "author": "Ajay Gupta",
        "title": "AGATHA: An Integrated Expert System to Test and Diagnose Complex Personal Computer Boards",
        "organization": null,
        "abstract": NaN,
        "email": null,
        "conf": "Innovative Applications of Artificial Intelligence",
        "coauthors": [
            "daryl allred",
            "yossi lichtenstein",
            "chris preist",
            "michael a. bennett"
        ],
        "keywords": "Personal Computer,Expert System,"
    },
    {
        "id": 47,
        "label": "11",
        "author": "Ajay Gupta",
        "title": "Document Summarization using Wikipedia",
        "organization": null,
        "abstract": NaN,
        "email": null,
        "conf": NaN,
        "coauthors": [
            "krishnan ramanathan",
            "yogesh sankarasubramaniam",
            "nidhi mathur"
        ],
        "keywords": "Document Summarization,"
    },
    {
        "id": 48,
        "label": "11",
        "author": "Ajay Gupta",
        "title": "Hardware Diagnosis as Program Debugging",
        "organization": null,
        "abstract": "Horn clauses provide a useful framework for writing executable structural representations for digital circuits. This paper discusses how these representations can be used to diagnose faulty circuits using algorithmic program debugging techniques developed by Shapiro. The sound theoretical basis of these techniques is one of the major advantages of this approach. This framework also provides a new perspective on some",
        "email": null,
        "conf": "International Joint Conference on Artificial Intelligence",
        "coauthors": [],
        "keywords": "Digital Circuits,Program Debugging,"
    },
    {
        "id": 49,
        "label": "11",
        "author": "Ajay Gupta",
        "title": "Clustering short texts using wikipedia",
        "organization": null,
        "abstract": "Subscribers to the popular news or blog feeds (RSS/Atom) often face the problem of information overload as these feed sources usually deliver large number of items periodically. One solution to this problem could be clustering similar items in the feed reader to make the information more manageable for a user. Clustering items at the feed reader end is a challenging",
        "email": null,
        "conf": "Research and Development in Information Retrieval",
        "coauthors": [
            "somnath banerjee",
            "krishnan ramanathan"
        ],
        "keywords": "Information Overload,Bag of Words,"
    },
    {
        "id": 50,
        "label": "11",
        "author": "Ajay Gupta",
        "title": "IT Infrastructure in Emerging Markets: Arguing for an End-to-End Perspective",
        "organization": null,
        "abstract": NaN,
        "email": null,
        "conf": "IEEE Pervasive Computing",
        "coauthors": [
            "parthasarathy ranganathan",
            "prashant sarin",
            "mehul a. shah"
        ],
        "keywords": "Emerging Market,"
    },
    {
        "id": 51,
        "label": "12",
        "author": "Ajay Gupta",
        "title": "Efficient Design of Boltzmann Machines",
        "organization": null,
        "abstract": NaN,
        "email": null,
        "conf": "Neural Information Processing Systems",
        "coauthors": [
            "wolfgang maass"
        ],
        "keywords": "boltzmann machine,"
    }
]