[
    {
        "id": 69,
        "label": "16",
        "author": "Alan Su",
        "title": "Formal Derivation of an Error-Detecting Distributed Data Scheduler Using Changeling",
        "organization": null,
        "abstract": NaN,
        "email": null,
        "conf": "Ershov Memorial Conference",
        "coauthors": [
            "hanan lutfiyya",
            "bruce m. mcmillin"
        ],
        "keywords": "Distributed Data,Error Detection,"
    },
    {
        "id": 70,
        "label": "17",
        "author": "Alan Su",
        "title": "Eliminating false loops caused by sharing in control path",
        "organization": null,
        "abstract": "In high-level synthesis, resource sharing may result in a circuit containing false loops that create great difficulty in timing validation during the design sign-off phase. It is hence desirable to avoid generating any false loops in a synthesized circuit. Previous work [Stok 1992; Huang et al. 1995] considered mainly data path sharing for false loop elimination. However, for a complete",
        "email": null,
        "conf": "ACM Transactions on Design Automation of Electronic Systems",
        "coauthors": [
            "yu-chin hsu",
            "ta-yung liu",
            "mike tien-chien lee"
        ],
        "keywords": "Computational Complexity,High Level Synthesis,Resource Sharing,Input Output,"
    },
    {
        "id": 71,
        "label": "17",
        "author": "Alan Su",
        "title": "Eliminating false loops caused by sharing in control path",
        "organization": null,
        "abstract": "In high-level synthesis, resource sharing may result in a circuit containing false loops that create great difficulty in timing validation during the design sign-off phase. It is hence desirable to avoid generating any false loops in a synthesized circuit. Previous work [Stok 1992; Huang et al. 1995] considered mainly data path sharing for false loop elimination. However, for a complete",
        "email": null,
        "conf": "ACM Transactions on Design Automation of Electronic Systems",
        "coauthors": [
            "yu-chin hsu",
            "ta-yung liu",
            "mike tien-chien lee"
        ],
        "keywords": "Computational Complexity,High Level Synthesis,Resource Sharing,Input Output,"
    }
]