[
    {
        "id": 78,
        "label": "20",
        "author": "Alberto Su&aacute;rez",
        "title": "Power allocation game for fading MIMO multiple access channels with antenna correlation",
        "organization": null,
        "abstract": "In this contribution, a power allocation game for multi- ple input multiple output multiple access channels is pro- vided. Considering competing transmitting users, equipped with several antennas each and common multiple antennas at the receiver (base station), a game theoretic framework is conducted to analyze the optimum precoding matrices (power allocation and eigenvector transmit structure) such that each user maximizes",
        "email": null,
        "conf": "Performance Evaluation Methodologies and Tools",
        "coauthors": [
            "samson lasaulce",
            "mérouane debbah",
            "laura cottatellucci"
        ],
        "keywords": "Eigenvectors,mimo system,Multiple Access Channel,Multiple Antennas,Power Allocation,Random Matrix Theory,Spatial Correlation,Theoretical Framework,Base Station,multi ple input multiple output,Nash Equilibrium,User Equipment,"
    },
    {
        "id": 79,
        "label": "20",
        "author": "Alberto Su&aacute;rez",
        "title": "Cross-system resource allocation based on random matrix theory",
        "organization": null,
        "abstract": "This paper investigates the situation where a (large) group of terminals can be connected simultaneously to several base stations using distinct wireless technologies. We introduce and solve the problem of optimally sharing the mobile trans- mit power between different systems. Key results from asymp- totic random matrix theory (when the number of users and the dimensions of different systems increase)",
        "email": null,
        "conf": "Performance Evaluation Methodologies and Tools",
        "coauthors": [
            "samson lasaulce",
            "raul l. de lacerda neto",
            "mérouane debbah"
        ],
        "keywords": "Heterogeneous Network,Iterative Algorithm,Multiple Access Channel,Power Allocation,Random Matrix Theory,Resource Allocation,Wireless Technology,Base Station,"
    },
    {
        "id": 80,
        "label": "20",
        "author": "Alberto Su&aacute;rez",
        "title": "Using cross-system diversity in heterogeneous networks: Throughput optimization",
        "organization": null,
        "abstract": "This paper investigates the situation where a group of terminals can be simul- taneously connected to several base stations using distinct technologies on non- overlapping frequency bands. We introduce and solve the problem of optimal power allocation (in the sense of the ergodic sum-rate) for the terminals in the uplink, using three types of receivers: the optimum receiver, minimum mean",
        "email": null,
        "conf": "Performance Evaluation",
        "coauthors": [
            "samson lasaulce",
            "raul de lacerda",
            "mérouane debbah"
        ],
        "keywords": "Heterogeneous Network,Matched Filter,Minimum Mean Square Error,Multiple Access Channel,Optimization Problem,Power Allocation,Random Matrix Theory,Base Station,"
    }
]