[
    {
        "id": 76,
        "label": "19",
        "author": "Alberto Ruiz",
        "title": "Image Retrieval: The MIRACLE Approach",
        "organization": null,
        "abstract": NaN,
        "email": null,
        "conf": "Cross-Language Evaluation Forum",
        "coauthors": [
            "julio villena",
            "josé luis martínez-fernández",
            "jorge fombella",
            "ana garcía-serrano",
            "paloma martínez",
            "josé m. goñi",
            "josé carlos gonzález"
        ],
        "keywords": "Image Retrieval,"
    }
]