[
    {
        "id": 126,
        "label": "29",
        "author": "Alexey Pospelov",
        "title": "Comparison of Scheduling Heuristics for Grid Resource Broker",
        "organization": null,
        "abstract": "producers and consumers according to some adequate re-source management strategy. In this paper, we consider parallel tasks scheduling prob-lems for hierarchical decentralized systems that consist of homogeneous computational resources such as clusters, PCs and supercomputers, and geographically dispersed. We concentrate on two-level hierarchy scheduling: at the first level, broker allocates computational tasks to the re-source. At the second level, each",
        "email": null,
        "conf": "Mexican International Conference on Computer Science",
        "coauthors": [
            "sergey zhuk",
            "andrey chernykh",
            "arutyun avetisyan",
            "sergey s. gaissaryan",
            "dmitry grushin",
            "nikolai kuzjurin",
            "alexander shokurov"
        ],
        "keywords": "Decentralized System,Management Strategy,Resource Broker,Resource Scheduling,Scheduling Algorithm,Task Assignment,Task Scheduling,"
    }
]