[
    {
        "id": 114,
        "label": "23",
        "author": "Alexander Brodsky",
        "title": "Toward a Hybrid DataFlow/Control-Flow MIMD Architecture",
        "organization": null,
        "abstract": NaN,
        "email": null,
        "conf": "International Conference on Distributed Computing Systems",
        "coauthors": [
            "david klappholz",
            "yingsha liao",
            "da-jin wang",
            "amos omondi"
        ],
        "keywords": "Control Flow,Data Flow,"
    }
]