[
    {
        "id": 3898,
        "label": "individual objects. The new method",
        "author": "Algorithmic Information Theory;Background Knowledge;Domain Specificity;Individual Object;Information Content;Requirement Specification;Fetal Heart Rate;",
        "title": "http://www.informatik.uni-trier.de/~ley/db/conf/cbms/cbms2006.html#SantosBVA06,http://arxiv.org/abs/q-bio/0612013,http://doi.ieeecomputersociety.org/10.1109/CBMS.2006.68,http://dblp.uni-trier.de/db/conf/cbms/cbms2006.html#SantosBVA06,http://www.informatik.uni-trier.de/~ley/db/journals/corr/corr0612.html#abs-q-bio-0612013",
        "organization": null,
        "abstract": "2006",
        "email": null,
        "conf": NaN,
        "coauthors": [
            "Computing Research Repository"
        ],
        "keywords": null
    }
]