[
    {
        "id": 136,
        "label": "31",
        "author": "Ali Amiri",
        "title": "A High Performance Parallel IP Lookup Technique Based on Multiprocessor Organization and CREW PRAM",
        "organization": null,
        "abstract": "The IP Lookup Process is a key bottleneck in routing due to the increase in routing table size, increasing traffic and migration to IPv6 addresses. The IP routing lookup involves computation of the Longest Prefix Matching for which existing solutions, such as BSD Radix Tries, scale poorly when traffic in the router increases or when employed for IPv6 address lookups.",
        "email": null,
        "conf": "Asia International Conference on Modelling and Simulation",
        "coauthors": [
            "mahmoud hasanloo",
            "mahmood fathy"
        ],
        "keywords": "High Performance,Ip Lookup,Ip Routing,Time Complexity,Longest Prefix Matching,"
    },
    {
        "id": 137,
        "label": "31",
        "author": "Ali Amiri",
        "title": "Video Shot Boundary Detection Using Generalized Eigenvalue Decomposition",
        "organization": null,
        "abstract": NaN,
        "email": null,
        "conf": "Computational Science and Its Applications",
        "coauthors": [
            "mahmood fathy"
        ],
        "keywords": "Eigenvalue Decomposition,Shot Boundary Detection,"
    },
    {
        "id": 138,
        "label": "31",
        "author": "Ali Amiri",
        "title": "A New Quantized Input RLS, QI-RLS, Algorithm",
        "organization": null,
        "abstract": NaN,
        "email": null,
        "conf": "Computational Science and Its Applications",
        "coauthors": [
            "mahmood fathy",
            "m. amintoosi",
            "h. sadoghi"
        ],
        "keywords": null
    },
    {
        "id": 139,
        "label": "31",
        "author": "Ali Amiri",
        "title": "Video Retrieval Using Generalized Eigenvalue Decomposition",
        "organization": null,
        "abstract": NaN,
        "email": null,
        "conf": "International Conference on Image Processing, Computer Vision, and Pattern Recognition",
        "coauthors": [
            "mahmood fathy"
        ],
        "keywords": "Eigenvalue Decomposition,Video Retrieval,"
    }
]