[
    {
        "id": 184,
        "label": "41",
        "author": "Amitabha Roy",
        "title": "Improved Probabilistic Models for 802.11 Protocol Verification",
        "organization": null,
        "abstract": "The IEEE 802.11 protocol is a popular standard for wireless local area networks. Its medium access control layer (MAC) is a carrier sense multiple access with collision avoidance (CSMA/CA) design and includes an exponen- tial backoff mechanism that makes it a possible target for probabilistic model checking. In this work, we identify ways to increase the scope of application of",
        "email": null,
        "conf": "Computer Aided Verification",
        "coauthors": [
            "k. gopinath"
        ],
        "keywords": "Collision Avoidance,Probabilistic Model,Probabilistic Model Checking,Protocol Verification,Timed Automata,Carrier Sense Multiple Access,Medium Access Control Layer,Wireless Local Area Network,"
    },
    {
        "id": 185,
        "label": "42",
        "author": "Amitabha Roy",
        "title": "A runtime system for software lock elision",
        "organization": null,
        "abstract": "The advent of multi-core processors means that exploiting parallelism is key to increasing the performance of pro- grams. Many researchers have studied the use of atomic blocks as a way to simplify the construction of scalable par- allel programs. However, there is a large body of existing lock-based code, and typically it is incorrect to simply re- place lock-basedcritical sections",
        "email": null,
        "conf": "EuroSys",
        "coauthors": [
            "steven hand",
            "timothy l. harris"
        ],
        "keywords": "Critical Section,Garbage Collection,multi-core processor,Runtime System,Software Transactional Memory,Speculative Execution,"
    },
    {
        "id": 186,
        "label": "42",
        "author": "Amitabha Roy",
        "title": "A transactional approach to lock scalability",
        "organization": null,
        "abstract": "Most software transactional memory implementations execute code using fine-grained optimistic concurrency control. This does not perform well with low contention data structures where fine grained conflict detection means manipulating metadata for every object touched and optimistic concurrency control imposes the overhead of making thread private shadow copies. Also, a purely optimistic approach does not coexist naturally with legacy code that",
        "email": null,
        "conf": "ACM Symposium on Parallel Algorithms and Architectures",
        "coauthors": [
            "keir fraser",
            "steven hand"
        ],
        "keywords": "Conflict Detection,Data Structure,Optimistic Concurrency Control,Software Transactional Memory,Transactional Memory,"
    },
    {
        "id": 187,
        "label": "43",
        "author": "Amitabha Roy",
        "title": "Fast and Generalized Polynomial Time Memory Consistency Verification",
        "organization": null,
        "abstract": "The problem of verifying multi-threaded execution against the mem- ory consistency model of a processor is known to be an NP hard problem. How- ever polynomial time algorithms exist that detect almost all failures in such execu- tion. These are often used in practice for microprocessor verification. We present a low complexity and fully parallelized algorithm to check program execution",
        "email": null,
        "conf": "Computing Research Repository",
        "coauthors": [
            "stephan zeisset",
            "charles j. fleckenstein",
            "john c. huang"
        ],
        "keywords": "Consistency Model,Low Complexity,Memory Consistency,np-hard problem,Parallel Algorithm,Polynomial Time,Polynomial Time Algorithm,"
    },
    {
        "id": 188,
        "label": "41",
        "author": "Amitabha Roy",
        "title": "Scalable Probabilistic Models for 802.11 Protocol Verification",
        "organization": null,
        "abstract": "The IEEE 802.11 protocol is a popular standard for wireless local area networks. Its medium access control layer (MAC) is a carrier sense multiple access with col- lision avoidance (CSMA/CA) design and includes an ex- ponential backoff mechanism that makes it a possible tar- get for probabilistic model checking. In this work, we iden- tify ways to increase the scope",
        "email": null,
        "conf": "Computing Research Repository",
        "coauthors": [
            "k. gopinath"
        ],
        "keywords": "Model Checking,Probabilistic Model,Probabilistic Model Checking,Protocol Verification,Timed Automata,Carrier Sense Multiple Access,Medium Access Control Layer,Wireless Local Area Network,"
    }
]