[
    {
        "id": 341,
        "label": "54",
        "author": "Andreas M&uuml;ller",
        "title": "Dual-Hop Adaptive Packet Transmission with Regenerative Relaying for Wireless TDD Systems",
        "organization": null,
        "abstract": "We consider the design and performance analysis of adaptive modulation and coding (AMC) applied to regenerative dual-hop transmission systems, where a source node commu- nicates with a corresponding destination node only indirectly via an intermediate relay station operating in the well-known decode-and-forward mode. Specifically, we consider the general case where the AMC over both hops is performed independently of each",
        "email": null,
        "conf": "Global Telecommunications Conference",
        "coauthors": [
            "hong-chuan yang"
        ],
        "keywords": "Adaptive Modulation and Coding,Channel State Information,Decode and Forward,Performance Analysis,Performance Measure,Finite State Markov Chain,Relay Station,Time Division Duplex,"
    },
    {
        "id": 342,
        "label": "54",
        "author": "Andreas M&uuml;ller",
        "title": "Characterization of Mutual Information of Spatially Correlated MIMO Channels with Keyhole",
        "organization": null,
        "abstract": "We characterize the statistical properties of the mutual information between the transmitter and the receiver of a multiple-input multiple-output (MIMO) communication system in case of spatially correlated Rayleigh-fading keyhole channels with arbitrarily correlated input signals and potentially colored additive Gaussian noise. The probability density function (pdf) as well as the cumulative distribution function (cdf) of the mutual information are derived",
        "email": null,
        "conf": "IEEE International Conference on Communications",
        "coauthors": [
            "joachim speidel"
        ],
        "keywords": "Channel Capacity,Channel Model,Communication System,Covariance Matrices,Cumulative Distribution Function,Density Functional,Gaussian Noise,mimo channel,Monte Carlo Simulation,Multiple Input Multiple Output,Mutual Information,Probability Density Function,Rayleigh Fading,Spatial Correlation,Statistical Analysis,Statistical Properties,Theoretical Analysis,"
    },
    {
        "id": 343,
        "label": "54",
        "author": "Andreas M&uuml;ller",
        "title": "Relay Selection in Dual-Hop Transmission Systems: Selection Strategies and Performance Results",
        "organization": null,
        "abstract": "We address the problem of selecting an appropriate relay station for forwarding data from a source to a destination node in dual-hop communication systems. In this regard, we focus on regenerative relays, which try to fully decode the messages received from the source before forwarding them to the actual destination. Several different scenarios are considered with different kinds of channel",
        "email": null,
        "conf": "IEEE International Conference on Communications",
        "coauthors": [
            "joachim speidel"
        ],
        "keywords": "Channel State Information,Communication System,Outage Probability,Relay Station,"
    },
    {
        "id": 344,
        "label": "54",
        "author": "Andreas M&uuml;ller",
        "title": "Achieving Exponential Diversity in Wireless Multihop Systems with Regenerative Relays",
        "organization": null,
        "abstract": "We present and analyze two different power alloca- tion strategies for considerably improving the average bit error rate (BER) performance of wireless multihop systems with an arbitrary number of regenerative relay stations. In both cases, the power allocation is done based on instantaneous channel state information subject to an overall sum power constraint as well as possible additional per-node power",
        "email": null,
        "conf": "IEEE International Conference on Communications",
        "coauthors": [
            "joachim speidel"
        ],
        "keywords": "Channel State Information,Power Allocation,Upper Bound,Bit Error Rate,Relay Station,"
    },
    {
        "id": 345,
        "label": "54",
        "author": "Andreas M&uuml;ller",
        "title": "Performance of CSI-based multi-user MIMO for the LTE downlink",
        "organization": null,
        "abstract": "We consider the application of a channel state information (CSI) based multi-user (MU) multiple input multiple output (MIMO) scheme to the downlink of 3GPP Long Term Evolution (LTE) cellular networks. For that purpose, we propose a novel feedback method for providing CSI to the base stations (BSs) based upon standard vector quantization techniques. Moreover, we introduce and compare different ways",
        "email": null,
        "conf": "International Conference on Wireless Communications and Mobile Computing",
        "coauthors": [
            "philipp frank",
            "joachim speidel"
        ],
        "keywords": "Cellular Network,Channel State Information,Link Adaptation,Multiple Input Multiple Output,Vector Quantizer,Base Station,Channel Quality Indicator,Long Term Evolution,Multi User,User Equipment,"
    },
    {
        "id": 346,
        "label": "54",
        "author": "Andreas M&uuml;ller",
        "title": "Adaptive modulation for MIMO spatial multiplexing systems with zero-forcing receivers in semi-correlated Rayleigh fading channels",
        "organization": null,
        "abstract": "We present and analyze a rate-adaptive multiple-input multi- ple-output (MIMO) spatial multiplexing system with linear zero-forcing (ZF) receiver in a semi-correlated flat Rayleigh fading channel with spatial correlation at the transmitter- side only. The goal is to maximize the average spectral effi- ciency (ASE) while satisfying a given bit error ratio (BER) constraint. We consider both continuous and discrete rate",
        "email": null,
        "conf": "International Conference on Wireless Communications and Mobile Computing",
        "coauthors": [
            "joachim speidel"
        ],
        "keywords": "Adaptive Modulation,Computer Communication Networks,mimo system,Perforation,Rate Adaptation,Rayleigh Fading Channel,Satisfiability,Spatial Correlation,Spatial Multiplexing,Wireless Communication,Bit Error Ratio,multiple input multi ple output,Zero Forcing,"
    },
    {
        "id": 347,
        "label": "54",
        "author": "Andreas M&uuml;ller",
        "title": "InterSite Joint Detection with Reduced Backhaul Capacity Requirements for the 3GPP LTE Uplink",
        "organization": null,
        "abstract": NaN,
        "email": null,
        "conf": "Vehicular Technology Conference",
        "coauthors": [
            "philipp frank",
            "joachim speidel"
        ],
        "keywords": null
    },
    {
        "id": 348,
        "label": "54",
        "author": "Andreas M&uuml;ller",
        "title": "BER Analysis and Optimization of Generalized Spatial Modulation in Correlated Fading Channels",
        "organization": null,
        "abstract": NaN,
        "email": null,
        "conf": "Vehicular Technology Conference",
        "coauthors": [
            "thomas handte",
            "joachim speidel"
        ],
        "keywords": "Correlated Fading,"
    },
    {
        "id": 349,
        "label": "54",
        "author": "Andreas M&uuml;ller",
        "title": "Cooperative Interference Prediction for Enhanced Link Adaptation in the 3GPP LTE Uplink",
        "organization": null,
        "abstract": "The interference situation in the uplink of cellular networks, such as the 3GPP UTRAN Long Term Evolution (LTE), is usually highly volatile since from one transmission time interval to the other different users might be scheduled in nearby cells, thus often causing completely different levels of interference. This unstable behavior of the interference generally has a negative impact on the",
        "email": null,
        "conf": "Vehicular Technology Conference",
        "coauthors": [
            "philipp frank"
        ],
        "keywords": "Cellular Network,Channel Estimation,Data Transmission,Link Adaptation,Base Station,Long Term Evolution,"
    },
    {
        "id": 350,
        "label": "54",
        "author": "Andreas M&uuml;ller",
        "title": "Performance of the LTE Uplink with Intra-Site Joint Detection and Joint Link Adaptation",
        "organization": null,
        "abstract": NaN,
        "email": null,
        "conf": "Vehicular Technology Conference",
        "coauthors": [
            "philipp frank",
            "joachim speidel"
        ],
        "keywords": "Link Adaptation,"
    },
    {
        "id": 351,
        "label": "54",
        "author": "Andreas M&uuml;ller",
        "title": "Orthogonal STBC in General Nakagami-m Fading Channels: BER Analysis and Optimal Power Allocation",
        "organization": null,
        "abstract": "We analyze the performance of multiple-input mul- tiple-output (MIMO) systems employing orthogonal space-time block codes (STBC) in general Nakagami-m fading channels with channel coefficients having not necessarily identical fading parameters and average power gains. First, we derive an exact analytical closed-form expression for the average bit error rate (BER) of M -ary quadrature amplitude modulation. Then, we determine asymptotically tight",
        "email": null,
        "conf": "Vehicular Technology Conference",
        "coauthors": [
            "joachim speidel"
        ],
        "keywords": "Coding Gain,Fading Channel,mimo system,Performance Improvement,Power Allocation,Quadrature Amplitude Modulated,Bit Error Rate,Orthogonal Space Time Block Code,"
    },
    {
        "id": 352,
        "label": "54",
        "author": "Andreas M&uuml;ller",
        "title": "Adaptive Modulation for Wireless Multihop Systems with Regenerative Relays",
        "organization": null,
        "abstract": "We present and analyze several adaptive modulation schemes for wireless multihop systems with regenerative relays. In particular, we consider both rate adaptation based on perfect channel state information (csi) of all hops as well as suboptimal strategies based on partial csi, which require only a very limited amount of feedback information and hence represent attractive approaches for practical systems. We",
        "email": null,
        "conf": "Vehicular Technology Conference",
        "coauthors": [
            "joachim speidel"
        ],
        "keywords": "Adaptive Modulation,Channel State Information,Quadrature Amplitude Modulated,Rate Adaptation,Rayleigh Fading,Average Spectral Efficiency,Bit Error Rate,"
    },
    {
        "id": 353,
        "label": "54",
        "author": "Andreas M&uuml;ller",
        "title": "Symbol Error Probability of M-QAM in Multihop Communication Systems with Regenerative Relays",
        "organization": null,
        "abstract": "We analyze the performance of multihop communi- cation systems with regenerative relays in terms of the average symbol error probability (SEP) for M -ary quadrature amplitude modulation (M -QAM). We derive an exact analytical closed- form expression for the average SEP in time-invariant additive white Gaussian noise channels as well as a generic expression for slow, frequency-flat fading channels, which",
        "email": null,
        "conf": "Vehicular Technology Conference",
        "coauthors": [
            "joachim speidel"
        ],
        "keywords": "Communication System,Fading Channel,Quadrature Amplitude Modulated,Additive White Gaussian Noise,Relay Station,Symbol Error Probability,"
    },
    {
        "id": 354,
        "label": "54",
        "author": "Andreas M&uuml;ller",
        "title": "Outage-Optimal Transmit Antenna Selection for Cooperative Decode-and-Forward Systems",
        "organization": null,
        "abstract": "We propose and analyze three different transmit antenna selection schemes for cooperative diversity systems with regenerative relays. Our goal is to minimize the information out- age probability by properly selecting one out of several available antenna elements at the source node. This problem is generally more involved than transmit antenna selection for conventional single-hop systems since the selection of a",
        "email": null,
        "conf": "Vehicular Technology Conference",
        "coauthors": [
            "joachim speidel"
        ],
        "keywords": "Asymptotic Behavior,Channel State Information,Cooperative Diversity,Decode and Forward,Difference Scheme,Outage Probability,Rayleigh Fading,Signal To Noise Ratio,Transmit Antenna Selection,"
    },
    {
        "id": 355,
        "label": "54",
        "author": "Andreas M&uuml;ller",
        "title": "Switch-And-Stay Transmit Diversity for Cooperative Decode-And-Forward Systems",
        "organization": null,
        "abstract": NaN,
        "email": null,
        "conf": "IEEE Wireless Communications & Networking Conference",
        "coauthors": [
            "joachim speidel"
        ],
        "keywords": "Decode and Forward,Transmit Diversity,"
    },
    {
        "id": 356,
        "label": "54",
        "author": "Andreas M&uuml;ller",
        "title": "Performance limits of multiple-input multiple-output keyhole channels with antenna selection",
        "organization": null,
        "abstract": NaN,
        "email": null,
        "conf": "European Transactions on Telecommunications",
        "coauthors": [
            "joachim speidel"
        ],
        "keywords": "Antenna Selection,Multiple Input Multiple Output,"
    },
    {
        "id": 357,
        "label": "55",
        "author": "Andreas M&uuml;ller",
        "title": "Collision Avoiding Continuation Method for the Inverse Kinematics of Redundant Manipulators",
        "organization": null,
        "abstract": NaN,
        "email": null,
        "conf": "International Conference on Robotics and Automation",
        "coauthors": [],
        "keywords": "Collision Avoidance,Continuation Method,Inverse Kinematics,"
    },
    {
        "id": 358,
        "label": "55",
        "author": "Andreas M&uuml;ller",
        "title": "Internal Preload Control of redundantly actuated Parallel Manipulators - Backlash avoiding Control",
        "organization": null,
        "abstract": NaN,
        "email": null,
        "conf": "International Conference on Robotics and Automation",
        "coauthors": [],
        "keywords": "Parallel Manipulator,"
    },
    {
        "id": 359,
        "label": "55",
        "author": "Andreas M&uuml;ller",
        "title": "Stiffness Control of Redundantly Actuated Parallel Manipulators",
        "organization": null,
        "abstract": NaN,
        "email": null,
        "conf": "International Conference on Robotics and Automation",
        "coauthors": [],
        "keywords": "Parallel Manipulator,"
    },
    {
        "id": 360,
        "label": "55",
        "author": "Andreas M&uuml;ller",
        "title": "A genericity condition for general serial manipulators",
        "organization": null,
        "abstract": NaN,
        "email": null,
        "conf": "International Conference on Robotics and Automation",
        "coauthors": [],
        "keywords": null
    },
    {
        "id": 361,
        "label": "55",
        "author": "Andreas M&uuml;ller",
        "title": "Internal Preload Control of Redundantly Actuated Parallel Manipulators - Its Application to Backlash Avoiding Control",
        "organization": null,
        "abstract": NaN,
        "email": null,
        "conf": "IEEE Transactions on Robotics",
        "coauthors": [],
        "keywords": "Parallel Manipulator,"
    },
    {
        "id": 362,
        "label": "55",
        "author": "Andreas M&uuml;ller",
        "title": "Partial Derivatives of the Inverse Mass Matrix of Multibody Systems via Its Factorization",
        "organization": null,
        "abstract": NaN,
        "email": null,
        "conf": "IEEE Transactions on Robotics",
        "coauthors": [],
        "keywords": "multibody systems,"
    },
    {
        "id": 363,
        "label": "55",
        "author": "Andreas M&uuml;ller",
        "title": "Consequences of Geometric Imperfections for the Control of Redundantly Actuated Parallel Manipulators",
        "organization": null,
        "abstract": NaN,
        "email": null,
        "conf": "IEEE Transactions on Robotics",
        "coauthors": [],
        "keywords": "Parallel Manipulator,"
    },
    {
        "id": 364,
        "label": "56",
        "author": "Andreas M&uuml;ller",
        "title": "ANTS - A Framework for Knowledge Based NAT Traversal",
        "organization": null,
        "abstract": NaN,
        "email": null,
        "conf": "Global Telecommunications Conference",
        "coauthors": [
            "andreas klenk",
            "georg carle"
        ],
        "keywords": "Knowledge Base,"
    },
    {
        "id": 365,
        "label": "57",
        "author": "Andreas M&uuml;ller",
        "title": "Synchronized Multimedia Streams over SCTP",
        "organization": null,
        "abstract": NaN,
        "email": null,
        "conf": "Informatiktage",
        "coauthors": [],
        "keywords": "Multimedia Streaming,"
    },
    {
        "id": 366,
        "label": "56",
        "author": "Andreas M&uuml;ller",
        "title": "On the Applicability of Knowledge Based NAT-Traversal for Home Networks",
        "organization": null,
        "abstract": NaN,
        "email": null,
        "conf": "Networking",
        "coauthors": [
            "andreas klenk",
            "georg carle"
        ],
        "keywords": "Home Network,Knowledge Base,"
    },
    {
        "id": 367,
        "label": "56",
        "author": "Andreas M&uuml;ller",
        "title": "Autonomous NAT Traversal",
        "organization": null,
        "abstract": NaN,
        "email": null,
        "conf": "Peer-to-Peer Computing",
        "coauthors": [
            "nathan s. evans",
            "christian grothoff",
            "samy kamkar"
        ],
        "keywords": null
    },
    {
        "id": 368,
        "label": "56",
        "author": "Andreas M&uuml;ller",
        "title": "Behavior and classification of NAT devices and implications for NAT traversal",
        "organization": null,
        "abstract": NaN,
        "email": null,
        "conf": "IEEE Network",
        "coauthors": [
            "georg carle",
            "andreas klenk"
        ],
        "keywords": null
    },
    {
        "id": 369,
        "label": "58",
        "author": "Andreas M&uuml;ller",
        "title": "Evaluation of Pooling Operations in Convolutional Architectures for Object Recognition",
        "organization": null,
        "abstract": NaN,
        "email": null,
        "conf": "Int. Conference on Artificial Neural Networks",
        "coauthors": [
            "dominik scherer",
            "sven behnke"
        ],
        "keywords": "Object Recognition,"
    },
    {
        "id": 370,
        "label": "59",
        "author": "Andreas M&uuml;ller",
        "title": "Visualisierungswerkzeuge zur Modellierung virtueller Landschaften",
        "organization": null,
        "abstract": NaN,
        "email": null,
        "conf": "Mensch & Computer",
        "coauthors": [],
        "keywords": null
    },
    {
        "id": 371,
        "label": "60",
        "author": "Andreas M&uuml;ller",
        "title": "On de Casteljau's algorithm",
        "organization": null,
        "abstract": NaN,
        "email": null,
        "conf": "Computer Aided Geometric Design",
        "coauthors": [
            "wolfgang böhm"
        ],
        "keywords": null
    }
]