[
    {
        "id": 212,
        "label": "47",
        "author": "Andreas Bauer",
        "title": "Model-based runtime analysis of distributed reactive systems",
        "organization": null,
        "abstract": "Reactive distributed systems have pervaded everyday life and objects, but often lack measures to ensure adequate be- haviour in the presence of unforeseen events or even errors at runtime. As interactions and dependencies within dis- tributed systems increase, the problem of detecting failures which depend on the exact situation and environment condi- tions they occur in grows. As a result,",
        "email": null,
        "conf": "Australian Software Engineering Conference",
        "coauthors": [
            "martin leucker",
            "christian schallhart"
        ],
        "keywords": "Automatic Generation,Distributed System,Everyday Life,Linear Time,Reactive System,Runtime Analysis,Safety Properties,"
    },
    {
        "id": 213,
        "label": "48",
        "author": "Andreas Bauer",
        "title": "Tools for Traceable Security Verification",
        "organization": null,
        "abstract": "Dependable systems evolution has been identified by the UK Computing Research Committee (UKCRC) as one of the current grand challenges for computer science. We present work towards addressing this challenge which focusses on one facet of dependability, namely data security: We give an overview on an approach for model- based security verification which provides a traceability link to the implementation.",
        "email": null,
        "conf": NaN,
        "coauthors": [
            "jan jürjens",
            "yijun yu"
        ],
        "keywords": "Data Security,Dependable Systems,Design Model,Internet Security,Protocol Implementation,Security Analysis,Security Requirements,Software Evolution,Tool Support,"
    },
    {
        "id": 214,
        "label": "47",
        "author": "Andreas Bauer",
        "title": "Simplifying Diagnosis Using LSAT: A Propositional Approach to Reasoning from First Principles",
        "organization": null,
        "abstract": "In face of the unwieldiness of non-monotonic logic solving engines, or meta interpreters usually authored in Prolog/CLP as they are commonly used for model-based reasoning and diagnosis, this paper proposes a simple, but eective improvement for performing the complex diagnostic task. The chosen approach is twofold: firstly, the problem of contradicting first order system descriptions with a set of observations",
        "email": null,
        "conf": "CPAIOR",
        "coauthors": [],
        "keywords": "First Principle,Formal Specification,Model Based Diagnosis,Model Based Reasoning,Propositional Logic,Sat Solver,Satisfiability,"
    },
    {
        "id": 215,
        "label": "47",
        "author": "Andreas Bauer",
        "title": "Tool-support for the analysis of hybrid systems and models",
        "organization": null,
        "abstract": "This paper introduces a method and tool-support for the automatic analysis and verification of hybrid and embed- ded control systems, whose continuous dynamics are often modelled using MATLAB/Simulink. The method is based upon converting system models into the uniform input lan- guage of our efficient multi-domain constraint solving li- brary, ABSOLVER, which is then used for subsequent anal- ysis. Basically,",
        "email": null,
        "conf": "Design, Automation, and Test in Europe",
        "coauthors": [
            "markus pister",
            "michael tautschnig"
        ],
        "keywords": "Constraint Solving,Control System,Domain Specificity,Expert Knowledge,Hybrid System,Industrial Case Study,System Modeling,Tool Support,Multi Domain,"
    },
    {
        "id": 216,
        "label": "47",
        "author": "Andreas Bauer",
        "title": "LTL Goal Specifications Revisited",
        "organization": null,
        "abstract": "The language of linear temporal logic (LTL) has been proposed as a formalism for specifying temporally extended goals and search control constraints in planning. However, the semantics of LTL is defined wrt. infinite state sequences, while a finite plan generates only a finite trace. This necessitates the use of a finite trace semantics for LTL. A common approach is to",
        "email": null,
        "conf": "European Conference on Artificial Intelligence",
        "coauthors": [
            "patrik haslum"
        ],
        "keywords": "Linear Temporal Logic,Satisfiability,"
    },
    {
        "id": 217,
        "label": "47",
        "author": "Andreas Bauer",
        "title": "Loose synchronization of event-triggered networks for distribution of synchronous programs",
        "organization": null,
        "abstract": "Dataflow synchronous languages have attracted considerable interest in domains such as real-time control and hardware design. The potential benefits are promising: Discrete-time semantics and deterministic concurrency reduce the state-space of parallel designs, and the engineer's intuition of uniformly progressing physical time is clearly reflected. However, for deriving implementations, use of synchronous programs is currently limited to hardware synthesis, generation of",
        "email": null,
        "conf": "International Workshop on Embedded Systems",
        "coauthors": [
            "jan romberg"
        ],
        "keywords": "Discrete Time,Distributed Application,Embedded Software,Hardware Design,Hardware Synthesis,Real Time Application,State Space,synchronous dataflow,Synchronous Language,Synchronous Programming,Real Time Control,Time Triggered Architecture,"
    },
    {
        "id": 218,
        "label": "47",
        "author": "Andreas Bauer",
        "title": "Compatibility and reuse in component-based systems via type and unit inference",
        "organization": null,
        "abstract": "In many branches of industry, the component-based ap- proach to systems design is predominant, e. g., as in embed- ded control systems which are often modelled using MAT- LAB/Simulink. In order to facilitate reuse, and to raise the level of abstraction for future designs and frequently used functions, the employed tool sets offer built-in mech- anisms to create sophisticated component",
        "email": null,
        "conf": "EUROMICRO",
        "coauthors": [
            "christian kühnel",
            "michael tautschnig"
        ],
        "keywords": "Component Reuse,component-based design,Component Based Systems,Control System,Levels of Abstraction,System Design,"
    },
    {
        "id": 219,
        "label": "47",
        "author": "Andreas Bauer",
        "title": "Runtime Verification Using a Temporal Description Logic",
        "organization": null,
        "abstract": "Formulae of linear temporal logic (LTL) can be used to spec- ify (wanted or unwanted) properties of a dynamical system. In model checking, the system's behavior is described by a transition system, and one needs to check whether all possible traces of this transition system satisfy the formula. In runtime verication, one observes the actual sys- tem behavior, which at",
        "email": null,
        "conf": "Frontiers of Combining Systems",
        "coauthors": [
            "franz baader",
            "marcel lippmann"
        ],
        "keywords": "Description Logic,Dynamic System,Linear Temporal Logic,Model Checking,Runtime Verification,Satisfiability,Transition Systems,"
    },
    {
        "id": 220,
        "label": "47",
        "author": "Andreas Bauer",
        "title": "Monitoring of Real-Time Properties",
        "organization": null,
        "abstract": "unchen Abstract. This paper presents a construction for runtime monitors that check real-time properties expressed in timed LTL (TLTL). Due to D'Souza's results, TLTL can be considered a natural extension of LTL towards real-time. Moreover, a typical obstacle in runtime verication is solved both for untimed and timed for- mulae, in that standard models of linear temporal logic are innite",
        "email": null,
        "conf": "Foundations of Software Technology and Theoretical Computer Science",
        "coauthors": [
            "martin leucker",
            "christian schallhart"
        ],
        "keywords": "Linear Temporal Logic,Natural Extension,Runtime Monitoring,Real Time,Standard Model,"
    },
    {
        "id": 221,
        "label": "47",
        "author": "Andreas Bauer",
        "title": "Integrierte Entwicklung von Automotive-Software mit AutoFOCUS",
        "organization": null,
        "abstract": NaN,
        "email": null,
        "conf": "GI-Jahrestagung",
        "coauthors": [
            "jan romberg",
            "bernhard schätz"
        ],
        "keywords": null
    },
    {
        "id": 222,
        "label": "47",
        "author": "Andreas Bauer",
        "title": "SALT - Structured Assertion Language for Temporal Logic",
        "organization": null,
        "abstract": "This paper presents Salt. Salt is a general purpose speci- cation and assertion language developed for creating concise temporal specications to be used in industrial verication environments. It incor- porates ideas of existing approaches, such as specication patterns, but also provides nested scopes, exceptions, support for regular expressions and real-time. The latter is needed in particular for verication tasks to",
        "email": null,
        "conf": "IEEE International Conference on Formal Engineering Methods",
        "coauthors": [
            "martin leucker",
            "jonathan streit"
        ],
        "keywords": "Design Rationale,Language Development,Levels of Abstraction,Reactive System,Regular Expression,Temporal Logic,Real Time,Real Time Logic,"
    },
    {
        "id": 223,
        "label": "48",
        "author": "Andreas Bauer",
        "title": "Security protocols, properties, and their monitoring",
        "organization": null,
        "abstract": "This paper examines the suitability and use of runtime verification as means for monitoring security protocols and their properties. In particular, we employ the runtime verification framework intro- duced in (5) to monitor complex, history-based security-properties of the SSL-protocol. We give a detailed account of the methodol- ogy, compare its formal expressiveness to prior art, and describe its application to",
        "email": null,
        "conf": "International Conference on Software Engineering",
        "coauthors": [
            "jan jürjens"
        ],
        "keywords": "language-based security,Open Source,Protocol Implementation,Protocol Specification,Runtime Verification,Safety Properties,Satisfiability,Security Properties,Security Protocol,Security Requirements,Temporal Logic,"
    },
    {
        "id": 224,
        "label": "47",
        "author": "Andreas Bauer",
        "title": "A First-Order Policy Language for History-Based Transaction Monitoring",
        "organization": null,
        "abstract": "Online trading invariably involves dealings between strangers, so it is important for one party to be able to judge objectively the trust- worthiness of the other. In such a setting, the decision to trust a user may sensibly be based on that user's past behaviour. We introduce a specication language based on linear temporal logic for expressing a policy for",
        "email": null,
        "conf": "International Colloquium on Theoretical Aspects of Computing",
        "coauthors": [
            "rajeev goré",
            "alwen tiu"
        ],
        "keywords": "Linear Temporal Logic,Model Checking,Partial Observation,Policy Language,Polynomial Time,First Order,"
    },
    {
        "id": 225,
        "label": "47",
        "author": "Andreas Bauer",
        "title": "Don't care in SMT-Building flexible yet efficient abstraction/refinement solvers",
        "organization": null,
        "abstract": "This paper describes a method for combining \"off-the-shelf \" SAT and constraint solvers for building an efficient Satisfiability Modulo Theories (SMT) solver for a wide range of theories. Our method follows the abstrac- tion/refinement approach to simplify the implementation of custom SMT solvers. The expected performance penalty by not using an interweaved combination of SAT and theory solvers is reduced",
        "email": null,
        "conf": "Leveraging Applications of Formal Methods",
        "coauthors": [
            "martin leucker",
            "christian schallhart",
            "michael tautschnig"
        ],
        "keywords": "Case Study,Control System,Off The Shelf,Satisfiability Modulo Theories,"
    },
    {
        "id": 226,
        "label": "47",
        "author": "Andreas Bauer",
        "title": "The Contribution of Free Software to Software Evolution",
        "organization": null,
        "abstract": "It is remarkable to think that even without any interest in finding suitable methods and concepts that would allow complex software systems to evolve and remain manage- able, the ever growing open source movement has silently managed to establish highly successful evolution techniques over the last two decades. These concepts represent best practices that could be applied equally to a",
        "email": null,
        "conf": "International Workshop on Principles of Software Evolution",
        "coauthors": [
            "markus pizka"
        ],
        "keywords": "Best Practice,Development Process,Free Software,Open Source,Open Source Development,Software Evolution,Software Systems,"
    },
    {
        "id": 227,
        "label": "47",
        "author": "Andreas Bauer",
        "title": "A Brief Top-Down and Bottom-Up Philosophy on Software Evolution",
        "organization": null,
        "abstract": "The decision on whether to proceed top-down or bottom- up during software development has a strong and underes- timated impact on the quality of the final product includ- ing its later evolvability. Various examples for both strate- gies taken from such different domains as operating systems and computer games provide evidence that bottom-up devel- oped systems are more suitable for",
        "email": null,
        "conf": "International Workshop on Principles of Software Evolution",
        "coauthors": [
            "markus pizka"
        ],
        "keywords": "Computer Game,Development Process,Operating System,Software Development,Software Evolution,Software Systems,Bottom Up,Top Down,"
    },
    {
        "id": 228,
        "label": "47",
        "author": "Andreas Bauer",
        "title": "Matching Trace Patterns with Regular Policies",
        "organization": null,
        "abstract": "We consider policies that are described by regular expres- sions, finite automata, or formulae of linear temporal logic (LTL). Such policies are assumed to describe situations that are problematic, and thus should be avoided. Given a trace pattern u, i.e., a sequence of ac- tion symbols and variables, were the variables stand for unknown (i.e., not observed) sequences of actions,",
        "email": null,
        "conf": "Language and Automata Theory and Applications",
        "coauthors": [
            "franz baader",
            "alwen tiu"
        ],
        "keywords": "Finite Automata,Linear Temporal Logic,"
    },
    {
        "id": 229,
        "label": "47",
        "author": "Andreas Bauer",
        "title": "The Good, the Bad, and the Ugly, But How Ugly Is Ugly?",
        "organization": null,
        "abstract": "When monitoring a system wrt. a property defined in some temporal logic, e.g., LTL, a major concern is to settle with an adequate interpretation of observable system events; that is, models of temporal logic formulae are usually infinite streams of events, whereas at runtime only prefixes are available. This work defines a four-valued semantics for LTL over finite traces, which",
        "email": null,
        "conf": "Runtime Verification",
        "coauthors": [
            "martin leucker",
            "christian schallhart"
        ],
        "keywords": "Temporal Logic,"
    },
    {
        "id": 230,
        "label": "47",
        "author": "Andreas Bauer",
        "title": "A Novel Architecture for Situation Awareness Systems",
        "organization": null,
        "abstract": "Situation Awareness (SA) is the problem of comprehending elements of an environment within a volume of time and space. It is a crucial factor in decision-making in dynamic environments. Current SA systems support the col- lection, filtering and presentation of data from different sources very well, and typically also some form of low-level data fusion and analysis, e.g., recognizing patterns",
        "email": null,
        "conf": "Analytic Tableaux and Related Methods",
        "coauthors": [
            "franz baader",
            "peter baumgartner",
            "anne cregan",
            "alfredo gabaldon",
            "krystian ji",
            "kevin lee",
            "david rajaratnam",
            "rolf schwitter"
        ],
        "keywords": "Automated Reasoning,Controlled Natural Language,Decision Making,Domain Specificity,Dynamic Environment,Formal Logic,Google Earth,Information Fusion,Linear Temporal Logic,Semantic Analysis,Situation Awareness,System Architecture,Theorem Prover,Data Fusion,"
    },
    {
        "id": 231,
        "label": "47",
        "author": "Andreas Bauer",
        "title": "Creating a Portable Programming Language Using Open Source Software",
        "organization": null,
        "abstract": NaN,
        "email": null,
        "conf": "USENIX Technical Conference",
        "coauthors": [],
        "keywords": "Open Source Software,Programming Language,"
    },
    {
        "id": 232,
        "label": "48",
        "author": "Andreas Bauer",
        "title": "Runtime verification of cryptographic protocols",
        "organization": null,
        "abstract": NaN,
        "email": null,
        "conf": "Computers & Security",
        "coauthors": [
            "jan jürjens"
        ],
        "keywords": "Cryptographic Protocol,Runtime Verification,"
    },
    {
        "id": 233,
        "label": "47",
        "author": "Andreas Bauer",
        "title": "A decidable policy language for history-based transaction monitoring",
        "organization": null,
        "abstract": "Online trading invariably involves dealings between strangers, so it is important for one party to be able to judge objectively the trustworthiness of the other. In su ch a setting, the decision to trust a user may sensibly be based on that user's past behaviour. We introduc e a specification language based on linear temporal logic for expressing a policy",
        "email": null,
        "conf": "Computing Research Repository",
        "coauthors": [
            "rajeev goré",
            "alwen tiu"
        ],
        "keywords": "Linear Temporal Logic,Model Checking,Partial Observation,Policy Language,Polynomial Time,Security Policy,Specification Language,Access Control,"
    },
    {
        "id": 234,
        "label": "47",
        "author": "Andreas Bauer",
        "title": "Monitorability of omega-regular languages",
        "organization": null,
        "abstract": "Arguably, omega-regular languages play an important role as a specification",
        "email": null,
        "conf": NaN,
        "coauthors": [],
        "keywords": null
    },
    {
        "id": 240,
        "label": "48",
        "author": "Andreas Bauer",
        "title": "Prognosis of omegaLanguages for the Diagnosis of *Languages: A Topological Perspective",
        "organization": null,
        "abstract": NaN,
        "email": null,
        "conf": "Discrete Event Dynamic Systems",
        "coauthors": [
            "sophie pinchinat"
        ],
        "keywords": null
    },
    {
        "id": 241,
        "label": "47",
        "author": "Andreas Bauer",
        "title": "Das AutoMoDe-Projekt",
        "organization": null,
        "abstract": NaN,
        "email": null,
        "conf": "Informatik - Forschung Und Entwicklung",
        "coauthors": [
            "manfred broy",
            "jan romberg",
            "bernhard schätz",
            "peter braun",
            "ulrich freund",
            "nuria mata",
            "robert sandner",
            "pierre mai",
            "dirk ziegenbein"
        ],
        "keywords": null
    },
    {
        "id": 242,
        "label": "47",
        "author": "Andreas Bauer",
        "title": "Integrierte Entwicklung von Automotive-Software mit AutoFocus",
        "organization": null,
        "abstract": "Zur Beherrschung der komplexen vernetzten und verteilten Funktionen von Automotive-Software ist eine Beschreibung des zu erstellenden Systems auf verschie- denen Abstraktionsebenen und schrittweise ¨ Ubergange zwischen diesen Ebenen not- wendig. Neben der Definition geeigneter Ebenen werden zur Unterst ¨ utzung echtzeit- kritischer Systemanteile ein einheitliches Berechnungsmodell, ebenenspezifische Be- schreibungstechniken, sowie methodische Regeln f¨ ur diese Abstraktionsebenen ein- gef¨ uhrt und",
        "email": null,
        "conf": "Informatik - Forschung Und Entwicklung",
        "coauthors": [
            "jan romberg",
            "bernhard schätz"
        ],
        "keywords": "Embedded Software,Software Engineering,Synchronous Language,"
    },
    {
        "id": 243,
        "label": "49",
        "author": "Andreas Bauer",
        "title": "Evaluation Architecture for Digital Radio Mondiale Multimedia Applications",
        "organization": null,
        "abstract": NaN,
        "email": null,
        "conf": "Communication Systems and Applications",
        "coauthors": [
            "edmund coersmeier",
            "martin kosakowski",
            "nadine pfuhl",
            "boris spahl",
            "daniel tolksdorf",
            "yuhuan xu",
            "michael gerharz",
            "wolfgang hansmann",
            "felix leder"
        ],
        "keywords": "Multimedia Application,digital radio mondiale,"
    },
    {
        "id": 244,
        "label": "49",
        "author": "Andreas Bauer",
        "title": "Improving Channel Estimation for Software Radios",
        "organization": null,
        "abstract": NaN,
        "email": null,
        "conf": "IASTED International Multi-Conference on Wireless and Optical Communications",
        "coauthors": [
            "edmund coersmeier",
            "carlos sáez",
            "andreas hotz",
            "marc hoffman",
            "martin kosakowski",
            "yuhuan xu",
            "felix leder"
        ],
        "keywords": "Channel Estimation,Software Radio,"
    },
    {
        "id": 245,
        "label": "50",
        "author": "Andreas Bauer",
        "title": "The Cube-Query-Languages (CQL) for Multidimensional Statistical and Scientific Database Systems",
        "organization": null,
        "abstract": NaN,
        "email": null,
        "conf": "Database Systems for Advanced Applications",
        "coauthors": [
            "wolfgang lehner"
        ],
        "keywords": "Query Language,Scientific Database,"
    },
    {
        "id": 246,
        "label": "50",
        "author": "Andreas Bauer",
        "title": "Supporting Hot Spots with Materialized Views",
        "organization": null,
        "abstract": NaN,
        "email": null,
        "conf": "Data Warehousing and Knowledge Discovery",
        "coauthors": [
            "jens albrecht",
            "m. redert"
        ],
        "keywords": "Hot Spot,Materialized Views,"
    },
    {
        "id": 247,
        "label": "50",
        "author": "Andreas Bauer",
        "title": "An Alternative Relational OLAP Modeling Approach",
        "organization": null,
        "abstract": NaN,
        "email": null,
        "conf": "Data Warehousing and Knowledge Discovery",
        "coauthors": [
            "wolfgang hümmer",
            "wolfgang lehner"
        ],
        "keywords": null
    },
    {
        "id": 248,
        "label": "50",
        "author": "Andreas Bauer",
        "title": "A Decathlon in Multidimensional Modeling: Open Issues and Some Solutions",
        "organization": null,
        "abstract": "The concept of multidimensional modeling has proven extremely suc- cessful in the area of Online Analytical Processing (OLAP) as one of many appli- cations running on top of a data warehous e installation. Although many different modeling techniques expressed in extended multidimensional data models were proposed in the recent past, we feel that many hot issues are not properly reflected.",
        "email": null,
        "conf": "Data Warehousing and Knowledge Discovery",
        "coauthors": [
            "wolfgang hümmer",
            "wolfgang lehner",
            "lutz schlesinger"
        ],
        "keywords": "Data Model,Data Warehouse,Data Warehousing,Modeling Technique,Multidimensional Data,Point of View,"
    },
    {
        "id": 249,
        "label": "50",
        "author": "Andreas Bauer",
        "title": "Identifying Security Holes in OLAP Applications",
        "organization": null,
        "abstract": NaN,
        "email": null,
        "conf": "IFIP Workshop on Database Security",
        "coauthors": [
            "jürgen steger",
            "holger günzel"
        ],
        "keywords": null
    },
    {
        "id": 250,
        "label": "50",
        "author": "Andreas Bauer",
        "title": "XCube: XML for data warehouses",
        "organization": null,
        "abstract": "Data warehouse systems are nowadays a well known and widely spread approach for supporting management decisions. In several companies or even across companies the idea of integrating several data warehouses into a virtual or federated data warehouse is of growing interest. But the technical and semantic problems are very demanding. An essential part for solving this problem is a standardized,",
        "email": null,
        "conf": "International Workshop on Data Warehousing and OLAP",
        "coauthors": [
            "wolfgang hümmer",
            "gunnar harde"
        ],
        "keywords": "Data Cube,Data Transfer,Data Warehouse,Multidimensional Data,Xml Document,"
    },
    {
        "id": 251,
        "label": "50",
        "author": "Andreas Bauer",
        "title": "On the problem of generating common predecessors",
        "organization": null,
        "abstract": "Using common subexpressions to speed up a set of queries is a well known and long studied problem. However, due to the isolation requirement, operating a database in the classic transactional way does not offer many applications to exploit the benefits of simultaneously computing a set of queries. In the opposite, many applications can be identified in the context of",
        "email": null,
        "conf": "International Workshop on Data Warehousing and OLAP",
        "coauthors": [
            "wolfgang lehner",
            "wolfgang hümmer",
            "lutz schlesinger"
        ],
        "keywords": "Data Mart,Data Warehousing,Materialized Views,"
    },
    {
        "id": 252,
        "label": "50",
        "author": "Andreas Bauer",
        "title": "Efficiently synchronizing multidimensional schema data",
        "organization": null,
        "abstract": "Most existing concepts in data warehousing provide a central data�base system storing gathered raw data and redundantly computed materialized views. While in current system architectures client tools are sending queries to a central data warehouse system and are only used to graphically present the result, the steady rise in power of personal computers and the expansion of network bandwidth makes",
        "email": null,
        "conf": "International Workshop on Data Warehousing and OLAP",
        "coauthors": [
            "lutz schlesinger",
            "wolfgang lehner",
            "g. ediberidze",
            "michael m. gutzmann"
        ],
        "keywords": "Data Warehouse,Data Warehousing,Materialized Views,Personal Computer,Special Needs,System Architecture,"
    },
    {
        "id": 253,
        "label": "50",
        "author": "Andreas Bauer",
        "title": "Management of Multidimensional Aggregates for Efficient Online Analytical Processing",
        "organization": null,
        "abstract": NaN,
        "email": null,
        "conf": "International Database Engineering and Application Symposium",
        "coauthors": [
            "jens albrecht",
            "o. deyerling",
            "holger günzel",
            "wolfgang hümmer",
            "wolfgang lehner",
            "lutz schlesinger"
        ],
        "keywords": null
    },
    {
        "id": 254,
        "label": "50",
        "author": "Andreas Bauer",
        "title": "On Solving the View Selection Problem in Distributed Data Warehouse Architectures",
        "organization": null,
        "abstract": NaN,
        "email": null,
        "conf": "Statistical and Scientific Database Management",
        "coauthors": [
            "wolfgang lehner"
        ],
        "keywords": "Distributed Data,"
    },
    {
        "id": 255,
        "label": "50",
        "author": "Andreas Bauer",
        "title": "Arbeitskreis Konzepts des Data Warehousing",
        "organization": null,
        "abstract": NaN,
        "email": null,
        "conf": "Datenbank Rundbrief",
        "coauthors": [
            "wolfgang lehner"
        ],
        "keywords": "Data Warehousing,"
    },
    {
        "id": 256,
        "label": "50",
        "author": "Andreas Bauer",
        "title": "Arbeitskreis ``Konzepte des Data Warehousing",
        "organization": null,
        "abstract": NaN,
        "email": null,
        "conf": "Datenbank Rundbrief",
        "coauthors": [
            "holger günzel"
        ],
        "keywords": "Data Warehousing,"
    },
    {
        "id": 257,
        "label": "50",
        "author": "Andreas Bauer",
        "title": "Nutzung von Datenbankdiensten in Data-Warehouse-Anwendungen",
        "organization": null,
        "abstract": NaN,
        "email": null,
        "conf": "Information Technology",
        "coauthors": [
            "lutz schlesinger",
            "wolfgang lehner",
            "wolfgang hümmer"
        ],
        "keywords": "Data Warehouse,"
    }
]