[
    {
        "id": 259,
        "label": "51",
        "author": "Andreas Birk",
        "title": "Learning to Trust",
        "organization": null,
        "abstract": "Evolutionary game-theory is a powerful tool to investigate the devel- opment of complex relations between individuals such as the emergence of coop- eration and trust. But the propagation of genes is an unrealistic assumption when it comes to model fast-changing social interactions. We show how a transition from evolutionary game-theory to learning can be made. Specifically, we show how cooperation",
        "email": null,
        "conf": "Autonomous Agents & Multiagent Systems/International Conference on Autonomous Agents",
        "coauthors": [],
        "keywords": "Evolutionary Game Theory,Social Interaction,"
    },
    {
        "id": 260,
        "label": "51",
        "author": "Andreas Birk",
        "title": "A Multiagent System Based on Heterogeneous Robots",
        "organization": null,
        "abstract": NaN,
        "email": null,
        "conf": "Collective Robots",
        "coauthors": [
            "tony belpaeme"
        ],
        "keywords": "multiagent system,"
    },
    {
        "id": 261,
        "label": "51",
        "author": "Andreas Birk",
        "title": "Learning Geometric Concepts with an Evolutionary Algorithm",
        "organization": null,
        "abstract": "We present a system that is able to learn descriptions of pic- tures with an evolutionary algorithm approach. The descrip- tions are programs in a turtle-graphics language and the de- scribed pictures are scenes from an environment with a robot- arm acting in a blocks-world. A measure of similarity of pic- tures is presented which can be computed fast and",
        "email": null,
        "conf": "Evolutionary Programming",
        "coauthors": [],
        "keywords": "Evolutionary Algorithm,Genetic Program,Robot Arm,"
    },
    {
        "id": 262,
        "label": "51",
        "author": "Andreas Birk",
        "title": "Robot Learning and Self-Sufficiency: What the Energy-Level Can Tell Us about a Robot's Performance",
        "organization": null,
        "abstract": NaN,
        "email": null,
        "conf": "European Workshop on Learning Robots",
        "coauthors": [],
        "keywords": "Energy Levels,Robot Learning,"
    },
    {
        "id": 263,
        "label": "51",
        "author": "Andreas Birk",
        "title": "An Overview of the Extended VUB Ecosystem, a MAS of Heterogeneous Robots",
        "organization": null,
        "abstract": " The paper sketches the introduction of heterogeneityinto a robotic Multiagent System. The system is basedon ideas from Artificial Life; it forms a kind of artificialecosystem where the animats are linked together in theirsearch for &amp;quot;food&amp;quot; in form of electrical energy. Withinthis view, different robot types can be seen as differentspecies.1 IntroductionWe are interested in Multiagent Systems (MAS)from an Alife-perspective, i.e.",
        "email": null,
        "conf": "International Conference on Multiagent Systems",
        "coauthors": [
            "tony belpaeme"
        ],
        "keywords": "Artificial Life,multiagent system,"
    },
    {
        "id": 264,
        "label": "51",
        "author": "Andreas Birk",
        "title": "Robotics in Edutainment",
        "organization": null,
        "abstract": NaN,
        "email": null,
        "conf": "International Conference on Robotics and Automation",
        "coauthors": [
            "minoru asada",
            "raffaello d'andrea",
            "hiroaki kitano",
            "manuela m. veloso"
        ],
        "keywords": null
    },
    {
        "id": 265,
        "label": "51",
        "author": "Andreas Birk",
        "title": "Fast Robot Prototyping with the Cubesystem",
        "organization": null,
        "abstract": "The CubeSystem is a collection of hardware- and software-components for fast robot prototyping. The main goal of the CubeSystem project is to provide an open source collection of generic building blocks that can be freely combined into an application. This paper describes the first release of the CubeSystem, that evolved in more than five years of research and development. The",
        "email": null,
        "conf": "International Conference on Robotics and Automation",
        "coauthors": [],
        "keywords": "Building Block,Open Source,Software Component,of Research and Development,"
    },
    {
        "id": 266,
        "label": "51",
        "author": "Andreas Birk",
        "title": "Efficient Scheduling of Behavior-Processes on Different Time-Scales",
        "organization": null,
        "abstract": "In behavior-oriented robotics, the control of a system is distributed over various processes or behaviors running in virtual parallel. But the assignment of processing power to different processes is a non-trivial task. Ex- isting approaches to this problem like rate-monotonic scheduling focus on the fulfillment of deadlines, i.e., upper time-bounds. For behavioral control, the peri- odicy of processes is also",
        "email": null,
        "conf": "International Conference on Robotics and Automation",
        "coauthors": [
            "holger kenn"
        ],
        "keywords": "Behavioral Control,Scheduling Algorithm,Time Scale,Timing Optimization,Rate Monotonic Scheduling,"
    },
    {
        "id": 267,
        "label": "51",
        "author": "Andreas Birk",
        "title": "An Industrial Application of Behavior-Oriented Robotics",
        "organization": null,
        "abstract": NaN,
        "email": null,
        "conf": "International Conference on Robotics and Automation",
        "coauthors": [
            "holger kenn"
        ],
        "keywords": "Industrial Application,"
    },
    {
        "id": 268,
        "label": "51",
        "author": "Andreas Birk",
        "title": "Revisiting uncertainty analysis for optimum planes extracted from 3D range sensor point-clouds",
        "organization": null,
        "abstract": "Abstract—In this work, we utilize a recently studied more accurate range noise model,for 3D sensors to derive from scratch the expressions for the optimum,plane which best fits a point-cloud and for the combined covariance matrix of the plane’s parameters. The parameters,in question are the plane’s normal,and its distance to the origin. The range standard- deviation model used by us is",
        "email": null,
        "conf": "International Conference on Robotics and Automation",
        "coauthors": [
            "kaustubh pathak",
            "narunas vaskevicius"
        ],
        "keywords": "Covariance Matrix,Eigenvectors,Indexing Terms,Least Square,Optimal Solution,Perturbation Method,Point Cloud,Range Image,Standard Deviation,Uncertainty Analysis,Uncertainty Estimation,Maximum Likelihood,Real Time,"
    },
    {
        "id": 269,
        "label": "51",
        "author": "Andreas Birk",
        "title": "Maximum likelihood mapping with spectral image registration",
        "organization": null,
        "abstract": "A core challenge in probabilistic mapping is to ex- tract meaningful uncertainty information from data registration methods. While this has been investigated in ICP-based scan matching methods, other registration methods have not been analyzed. In this paper, an uncertainty analysis of a Fourier Mellin based image registration algorithm is introduced, which to our knowledge is the first of its kind",
        "email": null,
        "conf": "International Conference on Robotics and Automation",
        "coauthors": [
            "max pfingsthorn",
            "sören schwertfeger",
            "heikow bülow",
            "kaustubh pathak"
        ],
        "keywords": "Covariance Matrix,Image Registration,Matched Filter,Scan Matching,Simultaneous Localization and Mapping,Spectral Imaging,Uncertainty Analysis,Mass Function,Maximum Likelihood,"
    },
    {
        "id": 270,
        "label": "51",
        "author": "Andreas Birk",
        "title": "Extraction of quadrics from noisy point-clouds using a sensor noise model",
        "organization": null,
        "abstract": NaN,
        "email": null,
        "conf": "International Conference on Robotics and Automation",
        "coauthors": [
            "narunas vaskevicius",
            "kaustubh pathak",
            "razvan pascanu"
        ],
        "keywords": "Point Cloud,"
    },
    {
        "id": 271,
        "label": "51",
        "author": "Andreas Birk",
        "title": "Fast and robust photomapping with an Unmanned Aerial Vehicle (UAV)",
        "organization": null,
        "abstract": "A fast and robust method for visual odometry based on the Fourier-Mellin Invariant (FMI) descriptor is presented. It extends previous FMI based approaches in two ways. First, a logarithmic representation of the spectral magnitude of the FMI descriptor is used. Second, a filter on the frequency where the shift is supposed to appear is applied. It is shown with experiments",
        "email": null,
        "conf": "International Conference on Intelligent RObots and Systems - IROS",
        "coauthors": [
            "heiko bulow"
        ],
        "keywords": "Robust Method,Unmanned Aerial Vehicle,visual odometry,"
    },
    {
        "id": 272,
        "label": "51",
        "author": "Andreas Birk",
        "title": "Augmented autonomy: Improving human-robot team performance in Urban search and rescue",
        "organization": null,
        "abstract": "Exploration of unknown environments remains one of the fundamental problems of mobile robotics. It is also a prime example for a task that can benefit significantly from multi-robot teams. We present an integrated system for semi- autonomous cooperative exploration, augmented by an intuitive user interface for efficient human supervision and control. In this preliminary study we demonstrate the effectiveness of",
        "email": null,
        "conf": "International Conference on Intelligent RObots and Systems - IROS",
        "coauthors": [
            "yashodhan nevatia",
            "todor stoyanov",
            "ravi rathnam",
            "max pfingsthorn",
            "stefan markov",
            "rares ambrus"
        ],
        "keywords": "Integrable System,Mobile Robot,Robot Team,Task Performance,Urban Search and Rescue,User Interface,Human In The Loop,"
    },
    {
        "id": 273,
        "label": "51",
        "author": "Andreas Birk",
        "title": "Sub-pixel depth accuracy with a time of flight sensor using multimodal Gaussian analysis",
        "organization": null,
        "abstract": "Pixel array based 3D range sensors like stereo cameras and time of flight sensors are commonly used for spa- tial mapping. Analogous to a laser range finder beam, each pixel measures distances within its conical field of view. However, unlike laser range finders, these sensors use incoherent visible or near visible light for range measurement. This, combined with their relatively",
        "email": null,
        "conf": "International Conference on Intelligent RObots and Systems - IROS",
        "coauthors": [
            "kaustubh pathak",
            "jann poppinga"
        ],
        "keywords": "Gaussian Mixture Model,Laser Range Finder,Mobile Robot,Obstacle Avoidance,Occupancy Grid,Path Planning,Sensor Model,Visible Light,Field of View,Time of Flight,"
    },
    {
        "id": 274,
        "label": "51",
        "author": "Andreas Birk",
        "title": "3D forward sensor modeling and application to occupancy grid based sensor fusion",
        "organization": null,
        "abstract": "This paper presents a new technique for the update of a probabilistic spatial occupancy grid map using a forward sensor model. Unlike currently popular inverse sensor models, forward sensor models can be found experimentally and can represent sensor characteristics better. The formulation is applicable to both 2D and 3D range sensors and does not have some of the theoretical and",
        "email": null,
        "conf": "International Conference on Intelligent RObots and Systems - IROS",
        "coauthors": [
            "kaustubh pathak",
            "jann poppinga",
            "sören schwertfeger"
        ],
        "keywords": "Data Structure,Forward Model,Laser Range Finder,Occupancy Grid,Point Cloud,Sensor Fusion,Sensor Model,Stereo Vision,Hough Transform,Time of Flight,"
    },
    {
        "id": 275,
        "label": "51",
        "author": "Andreas Birk",
        "title": "Fast 3D mapping by matching planes extracted from range sensor point-clouds",
        "organization": null,
        "abstract": NaN,
        "email": null,
        "conf": "International Conference on Intelligent RObots and Systems - IROS",
        "coauthors": [
            "kaustubh pathak",
            "narunas vaskevicius",
            "jann poppinga",
            "max pfingsthorn",
            "sören schwertfeger"
        ],
        "keywords": "Point Cloud,"
    },
    {
        "id": 276,
        "label": "51",
        "author": "Andreas Birk",
        "title": "Efficiently communicating map updates with the pose graph",
        "organization": null,
        "abstract": NaN,
        "email": null,
        "conf": "International Conference on Intelligent RObots and Systems - IROS",
        "coauthors": [
            "max pfingsthorn"
        ],
        "keywords": null
    },
    {
        "id": 277,
        "label": "51",
        "author": "Andreas Birk",
        "title": "Fast plane detection and polygonalization in noisy 3D range images",
        "organization": null,
        "abstract": "A very fast but nevertheless accurate approach for surface extraction from noisy 3D point clouds is presented. It consists of two parts, namely a plane fitting and a polygo- nalization step. Both exploit the sequential nature of 3D data acquisition on mobile robots in form of range images. For the plane fitting, this is used to revise the standard mathematical",
        "email": null,
        "conf": "International Conference on Intelligent RObots and Systems - IROS",
        "coauthors": [
            "jann poppinga",
            "narunas vaskevicius",
            "kaustubh pathak"
        ],
        "keywords": "3d point cloud,Data Acquisition,Mobile Robot,Point Cloud,Range Image,Time of Flight,"
    },
    {
        "id": 278,
        "label": "51",
        "author": "Andreas Birk",
        "title": "Progress in RoboCup Soccer Research in 2000",
        "organization": null,
        "abstract": "In addition to researchers in AI and robotics, RoboCup attracts ordinary people, especially kids, high school and university students. Over 3000 people from 35 nations around the world have participated in RoboCup since the great success of the First Robot World Cup Soccer Games and Con- ferences, RoboCup-97 (1) held in conjunction with the Fifteenth International Joint Conference on Articial",
        "email": null,
        "conf": "International Symposium on Experimental Robotics",
        "coauthors": [
            "minoru asada",
            "enrico pagello",
            "masahiro fujita",
            "itsuki noda",
            "satoshi tadokoro",
            "dominique duhaut",
            "peter stone",
            "manuela m. veloso",
            "tucker r. balch",
            "hiroaki kitano",
            "brian thomas"
        ],
        "keywords": "High School,University Student,"
    },
    {
        "id": 279,
        "label": "51",
        "author": "Andreas Birk",
        "title": "Detecting Humans in 2D Thermal Images by Generating 3D Models",
        "organization": null,
        "abstract": NaN,
        "email": null,
        "conf": "German Conference on Artificial Intelligence",
        "coauthors": [
            "stefan markov"
        ],
        "keywords": "3d model,Thermal Imaging,"
    },
    {
        "id": 280,
        "label": "51",
        "author": "Andreas Birk",
        "title": "Applying Behavior-Oriented Robotics to a Mobile Security Device",
        "organization": null,
        "abstract": NaN,
        "email": null,
        "conf": "Pacific Rim International Conference on Artificial Intelligence",
        "coauthors": [
            "holger kenn"
        ],
        "keywords": null
    },
    {
        "id": 281,
        "label": "51",
        "author": "Andreas Birk",
        "title": "Mobile Robot Communication Without the Drawbacks of Wireless Networking",
        "organization": null,
        "abstract": "The default solution for mobile robot communication is RF- networking, typically based on one of the IEEE 802.11 standards also known as WLAN technology. Radio communication frees the robots from umbilical cords. But it suers from several significant drawbacks, espe- cially limited bandwidth and range. The limitations of both aspects are in addition hard to predict as they are strongly",
        "email": null,
        "conf": "RoboCup",
        "coauthors": [
            "cosmin condea"
        ],
        "keywords": "Communication System,Copper,Indoor Environment,Mobile Robot,Umbilical Cord,Wireless Network,Line of Sight,"
    },
    {
        "id": 282,
        "label": "51",
        "author": "Andreas Birk",
        "title": "The Tournament Results of the Different Leagues of RoboCup2001",
        "organization": null,
        "abstract": NaN,
        "email": null,
        "conf": "RoboCup",
        "coauthors": [
            "silvia coradeschi",
            "satoshi tadokoro"
        ],
        "keywords": null
    },
    {
        "id": 283,
        "label": "51",
        "author": "Andreas Birk",
        "title": "A Rescue Robot Control Architecture Ensuring Safe Semiautonomous Operation",
        "organization": null,
        "abstract": "The rescue robots developed at the International University Bremen (IUB) are semi-autonomous mobile robots providing streams of video and other essential data via wireless connections to human operated basestations, supple- mented by various basic and optional behaviors on board of the robots. Due to the limitations of wireless connections and the complexity of rescue operations, the full operation of a",
        "email": null,
        "conf": "RoboCup",
        "coauthors": [
            "holger kenn"
        ],
        "keywords": "Autonomous Control,Autonomous Mobile Robot,Quality of Service,Robot Control Architecture,Software Architecture,"
    },
    {
        "id": 284,
        "label": "51",
        "author": "Andreas Birk",
        "title": "Heterogeneity and On-Board Control in the Small Robots League",
        "organization": null,
        "abstract": " The VUB AI-lab team is mainly interested inthe two loosely linked aspects of on-board controland heterogeneity. One major effort forfostering both aspects within RoboCup's smallrobots league is our development of a robotconstruction-kit, allowing to implement a widerange of players with on-board control. Forthe \"99 competition, the existing RoboCubecontroller-hardware has been further improved.In addition, some solid and precise mechanicalbuilding-blocks were developed,",
        "email": null,
        "conf": "RoboCup",
        "coauthors": [
            "holger kenn"
        ],
        "keywords": null
    },
    {
        "id": 285,
        "label": "51",
        "author": "Andreas Birk",
        "title": "A HMI Supporting Adjustable Autonomy of Rescue Robots",
        "organization": null,
        "abstract": "Human rescue workers are a scarce resource at disaster sites. But it is still a long way to go before fully autonomous rescue robots will be fieldable. The usefulness of rescue robots will hence strongly depend on the availability of user interfaces that enable a single first responder to operate a whole set of robots. For this challenge, it is",
        "email": null,
        "conf": "RoboCup",
        "coauthors": [
            "max pfingsthorn"
        ],
        "keywords": "Adjustable Autonomy,Data Flow,First Responder,Graphical Interface,User Interface,"
    },
    {
        "id": 286,
        "label": "51",
        "author": "Andreas Birk",
        "title": "Using Different Humanoid Robots for Science Edutainment of Secondary School Pupils",
        "organization": null,
        "abstract": NaN,
        "email": null,
        "conf": "RoboCup",
        "coauthors": [
            "jann poppinga",
            "max pfingsthorn"
        ],
        "keywords": "Humanoid Robot,Secondary School,"
    },
    {
        "id": 287,
        "label": "51",
        "author": "Andreas Birk",
        "title": "Planetary Exploration in USARsim: A Case Study Including Real World Data from Mars",
        "organization": null,
        "abstract": NaN,
        "email": null,
        "conf": "RoboCup",
        "coauthors": [
            "jann poppinga",
            "todor stoyanov",
            "yashodhan nevatia"
        ],
        "keywords": "Case Study,Planetary Exploration,"
    },
    {
        "id": 288,
        "label": "51",
        "author": "Andreas Birk",
        "title": "The VUB AI-lab RoboCup'99 Small League Team",
        "organization": null,
        "abstract": " . The VUB AI-lab team is mainly interested in the two looselylinked aspects of on-board control and heterogeneity. One major effort forforstering both aspects within RoboCup's small robots league is our developmentof a so-to-say robot construction-kit, allowing to implement awide range of players with on-board control. For the \"99 competition, theexisting RoboCube controller-hardware has been further improved. Inaddition, some solid",
        "email": null,
        "conf": "RoboCup",
        "coauthors": [
            "thomas walle",
            "tony belpaeme",
            "holger kenn"
        ],
        "keywords": "Building Block,"
    },
    {
        "id": 289,
        "label": "51",
        "author": "Andreas Birk",
        "title": "The Small League RoboCup Team of the VUB AI-Lab",
        "organization": null,
        "abstract": " . The paper describes the VUB AI-Lab team competing in thesmall robots league of RoboCup \"98 in Paris. The approach of this teamtargets for a longterm evolution of different robots, team-structures, andconcepts. Therefore, the efforts for the \"98 participation focus providinga flexible architecture, which forms a basis for this goal. In doingso, the development of the so-called RoboCube constitutes a",
        "email": null,
        "conf": "RoboCup",
        "coauthors": [
            "thomas walle",
            "tony belpaeme",
            "johan parent",
            "tom de vlaminck",
            "holger kenn"
        ],
        "keywords": "Robot Team,"
    },
    {
        "id": 290,
        "label": "51",
        "author": "Andreas Birk",
        "title": "Creating Photo Maps with an Aerial Vehicle in USARsim",
        "organization": null,
        "abstract": NaN,
        "email": null,
        "conf": "RoboCup",
        "coauthors": [
            "heikow bülow",
            "shams feyzabadi"
        ],
        "keywords": null
    },
    {
        "id": 291,
        "label": "51",
        "author": "Andreas Birk",
        "title": "Stochastic Map Merging in Rescue Environments",
        "organization": null,
        "abstract": "Abstract. We address the problem of merging multiple noisy maps,in the rescue environment. The problem is tackled by performing a stochastic search in the space of possible map,transformations. The proposed technique has its roots in a motion planning algorithm we recent developed, and turns out to be a generalization of other search techniques like hill-climbing or simulated annealing. We provide",
        "email": null,
        "conf": "RoboCup",
        "coauthors": [
            "stefano carpin"
        ],
        "keywords": "Hill Climbing,Map Building,Motion Planning,Simulated Annealing,Stochastic Search,"
    },
    {
        "id": 292,
        "label": "51",
        "author": "Andreas Birk",
        "title": "High Fidelity Tools for Rescue Robotics: Results and Perspectives",
        "organization": null,
        "abstract": "USARSim is a high fidelity robot simulation tool based on a commercial game engine. We illustrate the overall structure of the simulator and we argue about its use as a bridging tool between the RoboCupRescue Real Robot League and the RoboCupRescue Simulation League. In particular we show some results concerning the validation of the system. Algorithms useful for the search",
        "email": null,
        "conf": "RoboCup",
        "coauthors": [
            "stefano carpin",
            "jijun wang",
            "michael lewis",
            "adam jacoff"
        ],
        "keywords": "Game Engine,Search and Rescue,Simulation Tool,"
    },
    {
        "id": 293,
        "label": "51",
        "author": "Andreas Birk",
        "title": "A New Mechatronic Component for Adjusting the Footprint of Tracked Rescue Robots",
        "organization": null,
        "abstract": NaN,
        "email": null,
        "conf": "RoboCup",
        "coauthors": [
            "winai chonnaparamutt"
        ],
        "keywords": null
    },
    {
        "id": 294,
        "label": "51",
        "author": "Andreas Birk",
        "title": "A Fuzzy Controller for Autonomous Negotiation of Stairs by a Mobile Robot with Adjustable Tracks",
        "organization": null,
        "abstract": NaN,
        "email": null,
        "conf": "RoboCup",
        "coauthors": [
            "winai chonnaparamutt"
        ],
        "keywords": "Fuzzy Controller,Mobile Robot,"
    },
    {
        "id": 295,
        "label": "51",
        "author": "Andreas Birk",
        "title": "Vectorization of Grid Maps by an Evolutionary Algorithm",
        "organization": null,
        "abstract": NaN,
        "email": null,
        "conf": "RoboCup",
        "coauthors": [
            "ivan delchev"
        ],
        "keywords": "Evolutionary Algorithm,"
    },
    {
        "id": 296,
        "label": "51",
        "author": "Andreas Birk",
        "title": "From Games to Applications: Component Reuse in Rescue Robots",
        "organization": null,
        "abstract": "Component-based software engineering is useful for embedded ap- plications such as robotics. However, heavyweight component systems such as CORBA overstrain the ressources available in many embedded systems. Here, a lightweight component-based approach is used to implement the system software of the so-called CubeSystem, CubeOS. Since 1998, CubeOS and its component system have been successfully used in various areas from industry",
        "email": null,
        "conf": "RoboCup",
        "coauthors": [
            "holger kenn"
        ],
        "keywords": "Component Based Software Engineering,Component Reuse,Embedded System,Software Reuse,"
    },
    {
        "id": 297,
        "label": "51",
        "author": "Andreas Birk",
        "title": "Towards Cooperative and Decentralized Mapping in the Jacobs Virtual Rescue Team",
        "organization": null,
        "abstract": NaN,
        "email": null,
        "conf": "RoboCup",
        "coauthors": [
            "max pfingsthorn",
            "yashodhan nevatia",
            "todor stoyanov",
            "ravi rathnam",
            "stefan markov"
        ],
        "keywords": null
    },
    {
        "id": 298,
        "label": "51",
        "author": "Andreas Birk",
        "title": "A Novel Approach to Efficient Error Correction for the SwissRanger Time-of-Flight 3D Camera",
        "organization": null,
        "abstract": NaN,
        "email": null,
        "conf": "RoboCup",
        "coauthors": [
            "jann poppinga"
        ],
        "keywords": "Error Correction,Time of Flight,"
    },
    {
        "id": 299,
        "label": "51",
        "author": "Andreas Birk",
        "title": "A Characterization of 3D Sensors for Response Robots",
        "organization": null,
        "abstract": NaN,
        "email": null,
        "conf": "RoboCup",
        "coauthors": [
            "jann poppinga",
            "kaustubh pathak"
        ],
        "keywords": null
    },
    {
        "id": 300,
        "label": "51",
        "author": "Andreas Birk",
        "title": "Combining Exploration and Ad-Hoc Networking in RoboCup Rescue",
        "organization": null,
        "abstract": "In challenging environments where the risk of loss of a robot is high, robot teams are a natural choice. In many applications like for example rescue missions there are two crucial tasks for the robots. First, they have to eciently and exhaustively explore the environment. Sec- ond, they must keep up a network connection to the base-station to transmit data",
        "email": null,
        "conf": "RoboCup",
        "coauthors": [
            "martijn n. rooker"
        ],
        "keywords": "Ad Hoc Network,Data Transmission,Network Connectivity,Robot Team,Base Station,Relay Station,"
    },
    {
        "id": 301,
        "label": "51",
        "author": "Andreas Birk",
        "title": "Communicative Exploration with Robot Packs",
        "organization": null,
        "abstract": "Exploration is a core challenge for RoboCup Rescue. So- called communicative exploration is a novel strategy for multi-robot exploration that unlike other approaches takes the limits of wireless communication systems into account. Here, previous results that where achieved for a team of robots linked to a basestation are significantly extended to also cover robot packs, i.e., multi-robot teams that are",
        "email": null,
        "conf": "RoboCup",
        "coauthors": [
            "martijn n. rooker"
        ],
        "keywords": "Robot Team,Wireless Communication Systems,"
    },
    {
        "id": 302,
        "label": "51",
        "author": "Andreas Birk",
        "title": "Determining Map Quality through an Image Similarity Metric",
        "organization": null,
        "abstract": NaN,
        "email": null,
        "conf": "RoboCup",
        "coauthors": [
            "ioana varsadan",
            "max pfingsthorn"
        ],
        "keywords": "Image Similarity,"
    },
    {
        "id": 303,
        "label": "51",
        "author": "Andreas Birk",
        "title": "Boosting Cooperation by Evolving Trust",
        "organization": null,
        "abstract": " Instead of establishing trust through defining compliancy-based standards like protocolsaugmented by cryptographic methods, it is shown that trust can emerge as a self-organizingphenomenon in a complex dynamical system. It is assumed that trust can be modeled onbasis of an intrinsic property called trustworthyness in every individual i, which is an objectivemeasure for other individuals wether it is desirable to engage",
        "email": null,
        "conf": "Applied Artificial Intelligence",
        "coauthors": [],
        "keywords": "Complex Dynamical Systems,"
    },
    {
        "id": 304,
        "label": "51",
        "author": "Andreas Birk",
        "title": "On-board control in the RoboCup small robots league",
        "organization": null,
        "abstract": " We present the most recent version of our RoboCube system, a special robotcontrollerhand-tailored for players in the small robots league. The RoboCube isconceptualized to implement players with as many on-board features as possible in anextremely flexible way. For this purpose, the RoboCube provides quite some computationpower and memory as well as a multitude of I/O-interfaces within the spaceconstraints.As it facilitates",
        "email": null,
        "conf": "Advanced Robotics",
        "coauthors": [
            "holger kenn",
            "thomas walle"
        ],
        "keywords": null
    },
    {
        "id": 305,
        "label": "51",
        "author": "Andreas Birk",
        "title": "Rescue robotics - A crucial milestone on the road to autonomous systems",
        "organization": null,
        "abstract": "Rescue robotics is an important steppingstone in the scientific chal- lenge to create autonomous systems. There is a significant market for res- cue robots, which has unique features that allow a fruitful combination of application oriented developments and basic research. Unlike other mar- kets for advanced robotics systems like service robots, the rescue robotics domain benefits from the fact that",
        "email": null,
        "conf": "Advanced Robotics",
        "coauthors": [
            "stefano carpin"
        ],
        "keywords": "Autonomic System,Basic Research,Service Robot,au tonomous system,Human In The Loop,"
    },
    {
        "id": 306,
        "label": "51",
        "author": "Andreas Birk",
        "title": "Efficient Representation in Three-Dimensional Environment Modeling for Planetary Robotic Exploration",
        "organization": null,
        "abstract": NaN,
        "email": null,
        "conf": "Advanced Robotics",
        "coauthors": [
            "narunas vaskevicius",
            "kaustubh pathak",
            "sören schwertfeger"
        ],
        "keywords": "Three Dimensional,"
    },
    {
        "id": 307,
        "label": "51",
        "author": "Andreas Birk",
        "title": "Online three-dimensional SLAM by registration of large planar surface segments and closed-form pose-graph relaxation",
        "organization": null,
        "abstract": NaN,
        "email": null,
        "conf": "Journal of Field Robotics",
        "coauthors": [
            "kaustubh pathak",
            "narunas vaskevicius",
            "max pfingsthorn",
            "jann poppinga"
        ],
        "keywords": "Three Dimensional,"
    },
    {
        "id": 308,
        "label": "51",
        "author": "Andreas Birk",
        "title": "Hough based terrain classification for realtime detection of drivable ground",
        "organization": null,
        "abstract": "Abstract The usability of mobile robots for surveillance, search and rescue missions can be significantly improved,by intelligent functionalities decreasing the cognitive load on the operator or even allowing autonomous operations, e.g., when communication fails. Mobility in this regard is not only a mechatronic problem but also a percep- tion, modeling and planning challenge. Here, the perception issue of detecting driv-",
        "email": null,
        "conf": "Journal of Field Robotics",
        "coauthors": [
            "jann poppinga",
            "kaustubh pathak"
        ],
        "keywords": "Cognitive Load,Mobile Robot,Parameter Space,Range Data,Search and Rescue,Success Rate,Decision Tree,Hough Transform,Time of Flight,"
    },
    {
        "id": 309,
        "label": "51",
        "author": "Andreas Birk",
        "title": "Programming with behavior-processes",
        "organization": null,
        "abstract": NaN,
        "email": null,
        "conf": "Robotics and Autonomous Systems",
        "coauthors": [
            "holger kenn",
            "luc steels"
        ],
        "keywords": null
    },
    {
        "id": 310,
        "label": "51",
        "author": "Andreas Birk",
        "title": "An N-player prisoner's dilemma in a robotic ecosystem",
        "organization": null,
        "abstract": NaN,
        "email": null,
        "conf": "Robotics and Autonomous Systems",
        "coauthors": [
            "julie wiernik"
        ],
        "keywords": "prisoner's dilemma,"
    },
    {
        "id": 311,
        "label": "51",
        "author": "Andreas Birk",
        "title": "On map merging",
        "organization": null,
        "abstract": "We illustrate our experience in developing and implementing algorithms for map merging, i.e., the problem of fusing two or more partial maps without common reference frames into one large global map. The partial maps may for example be acquired by multiple robots, or during several runs of a single robot from varying starting positions. Our work deals with low quality",
        "email": null,
        "conf": "Robotics and Autonomous Systems",
        "coauthors": [
            "stefano carpin",
            "viktoras jucikas"
        ],
        "keywords": "Data Gathering,Motion Planning,Multi Robot System,Reference Frame,Stochastic Algorithm,"
    },
    {
        "id": 312,
        "label": "51",
        "author": "Andreas Birk",
        "title": "Fast Registration Based on Noisy Planes With Unknown Correspondences for 3-D Mapping",
        "organization": null,
        "abstract": NaN,
        "email": null,
        "conf": "IEEE Transactions on Robotics",
        "coauthors": [
            "kaustubh pathak",
            "narunas vaskevicius",
            "jann poppinga"
        ],
        "keywords": null
    }
]