[
    {
        "id": 168,
        "label": "for the propagation. We can constrain one or two",
        "author": "Approximate Algorithm;Optimization Problem;Seed Set;Set Cover;Social Network;",
        "title": "http://arxiv.org/abs/1008.2005,http://www.informatik.uni-trier.de/~ley/db/journals/corr/corr1008.html#abs-1008-2005",
        "organization": null,
        "abstract": "2010",
        "email": null,
        "conf": NaN,
        "coauthors": [
            "Computing Research Repository"
        ],
        "keywords": null
    }
]