[
    {
        "id": 5560,
        "label": "in the primary network and achieving",
        "author": "Asymptotic Optimality;Fair Scheduling;Spectrum;System Dynamics;Weighted Sums;Proportional Fair Scheduling;Primary User;Relay Station;",
        "title": "http://www.informatik.uni-trier.de/~ley/db/journals/corr/corr1006.html#abs-1006-4824",
        "organization": null,
        "abstract": "2010",
        "email": null,
        "conf": NaN,
        "coauthors": [
            "Computing Research Repository"
        ],
        "keywords": null
    }
]