[
    {
        "id": 471,
        "label": "optimized SAT solvers renders impractical the development of",
        "author": "Automotive Industry;Boolean Satisfiability;Correctness Proof;Sat Solver;Satisfiability;Theorem Prover;",
        "title": "http://arxiv.org/abs/0911.1678,http://www.informatik.uni-trier.de/~ley/db/journals/corr/corr0911.html#abs-0911-1678",
        "organization": null,
        "abstract": "2009",
        "email": null,
        "conf": NaN,
        "coauthors": [
            "Computing Research Repository"
        ],
        "keywords": null
    }
]