[
    {
        "id": 398,
        "label": "69",
        "author": "Barry Lawson",
        "title": "Errors in Operational Spreadsheets: A Review of the State of the Art",
        "organization": null,
        "abstract": NaN,
        "email": null,
        "conf": "Hawaii International Conference on System Sciences",
        "coauthors": [
            "stephen g. powell",
            "kenneth r. baker"
        ],
        "keywords": null
    },
    {
        "id": 399,
        "label": "69",
        "author": "Barry Lawson",
        "title": "Impact of Errors in Operational Spreadsheets",
        "organization": null,
        "abstract": "All users of spreadsheets struggle with the problem of errors. Errors are thought to be prevalent in spreadsheets, and in some instances they have cost organizations millions of dollars. In a previous study of 50 operational spreadsheets we found errors in 0.8% to 1.8% of all formula cells, depending on how errors are defined. In the current study we estimate",
        "email": null,
        "conf": "Computing Research Repository",
        "coauthors": [
            "stephen g. powell",
            "kenneth r. baker"
        ],
        "keywords": null
    },
    {
        "id": 400,
        "label": "69",
        "author": "Barry Lawson",
        "title": "Comparison of Characteristics and Practices amongst Spreadsheet Users with Different Levels of Experience",
        "organization": null,
        "abstract": "We developed an internet-based questionnaire on spreadsheet use that we administered to a large number of users in several companies and organizations to document how spreadsheets are currently being developed and used in business. In this paper, we discuss the results drawn from of a comparison of responses from individuals with the most experience and expertise with those from individuals",
        "email": null,
        "conf": "Computing Research Repository",
        "coauthors": [
            "kenneth r. baker",
            "stephen g. powell",
            "lynn foster-johnson"
        ],
        "keywords": null
    },
    {
        "id": 401,
        "label": "69",
        "author": "Barry Lawson",
        "title": "A critical review of the literature on spreadsheet errors",
        "organization": null,
        "abstract": "article,i nfo,abstract Article history:",
        "email": null,
        "conf": "Decision Support Systems",
        "coauthors": [
            "stephen g. powell",
            "kenneth r. baker"
        ],
        "keywords": "End User Computing,Decision Support,"
    },
    {
        "id": 402,
        "label": "69",
        "author": "Barry Lawson",
        "title": "Impact of errors in operational spreadsheets",
        "organization": null,
        "abstract": "article i nfo Article history: All users of spreadsheets struggle with the problem of errors. Errors are thought to be prevalent in spreadsheets, and in some instances they have cost organizations millions of dollars. In a previous study of 50 operational spreadsheets we found errors in 0.8% to 1.8% of all formula cells, depending on how errors are defined. In",
        "email": null,
        "conf": "Decision Support Systems",
        "coauthors": [
            "stephen g. powell",
            "kenneth r. baker"
        ],
        "keywords": "End User Computing,Decision Support,"
    }
]