[
    {
        "id": 427,
        "label": "73",
        "author": "Benjamin Smith",
        "title": "On visual quality of optimal 3D sampling and reconstruction",
        "organization": null,
        "abstract": "This paper presents a user study of the visual quality of an imaging pipeline employing the optimal body-centered cubic (BCC) sam- pling lattice. We provide perceptual evidence supporting the the- oretical expectation that sampling and reconstruction on the BCC lattice offer superior imaging quality over the traditionally popular Cartesian cubic (CC) sampling lattice. We asked 12 participants to choose the",
        "email": null,
        "conf": "Graphics Interface",
        "coauthors": [
            "tai meng",
            "alireza entezari",
            "arthur e. kirkpatrick",
            "daniel weiskopf",
            "leila kalantari",
            "torsten möller"
        ],
        "keywords": "Computer Vision,Image Quality,Image Representation,Numerical Analysis,Polynomial Approximation,User Study,Visual Quality,Body Centered Cubic,"
    },
    {
        "id": 428,
        "label": "73",
        "author": "Benjamin Smith",
        "title": "Kinetic Modeling Based Probabilistic Segmentation for Molecular Images",
        "organization": null,
        "abstract": NaN,
        "email": null,
        "conf": "Medical Image Computing and Computer-Assisted Intervention",
        "coauthors": [
            "ahmed saad",
            "ghassan hamarneh",
            "torsten möller"
        ],
        "keywords": "Kinetic Model,Molecular Imaging,"
    },
    {
        "id": 429,
        "label": "73",
        "author": "Benjamin Smith",
        "title": "Simultaneous Segmentation, Kinetic Parameter Estimation, and Uncertainty Visualization of Dynamic PET Images",
        "organization": null,
        "abstract": "We develop a segmentation technique for dynamic PET in- corporating the physiological parameters for different regions via kinetic modeling. We demonstrate the usefulness of our technique on fifteen (11C)Raclopride simulated PET images. We show qualitatively and quan- titatively that the physiologically based algorithm outperforms two clas- sical segmentation techniques. Further, we derive a formula to compute and visualize the uncertainty",
        "email": null,
        "conf": "Medical Image Computing and Computer-Assisted Intervention",
        "coauthors": [
            "ahmed saad",
            "ghassan hamarneh",
            "torsten möller"
        ],
        "keywords": "Kinetic Model,Kinetic Parameter,Pet Imaging,"
    },
    {
        "id": 430,
        "label": "73",
        "author": "Benjamin Smith",
        "title": "Intra-retinal Layer Segmentation in Optical Coherence Tomography Using an Active Contour Approach",
        "organization": null,
        "abstract": NaN,
        "email": null,
        "conf": "Medical Image Computing and Computer-Assisted Intervention",
        "coauthors": [
            "azadeh yazdanpanah",
            "ghassan hamarneh",
            "marinko sarunic"
        ],
        "keywords": "Active Contour,Optical Coherence Tomography,"
    }
]