[
    {
        "id": 432,
        "label": "74",
        "author": "Bernard Chen",
        "title": "Prediction of curling behaviour and final placement of the Contour electrode array within the human cochlea using finite element analysis",
        "organization": null,
        "abstract": NaN,
        "email": null,
        "conf": "Mathematics and Engineering Techniques in Medicine and Biological Scienes",
        "coauthors": [
            "nien kha hung"
        ],
        "keywords": "Finite Element Analysis,"
    }
]