[
    {
        "id": 544,
        "label": "86",
        "author": "Bin Zeng",
        "title": "An approach to constructing evolutionary agent structure for workflow management system based on simulation",
        "organization": null,
        "abstract": NaN,
        "email": null,
        "conf": "IEEE Congress on Evolutionary Computation",
        "coauthors": [
            "tao hu",
            "jun wei"
        ],
        "keywords": "Workflow Management System,"
    },
    {
        "id": 545,
        "label": "86",
        "author": "Bin Zeng",
        "title": "Grid-Based Resource Management of Naval Weapon Systems",
        "organization": null,
        "abstract": "The continuous transformation of the Chinese navy into an integrated and network-centric capability requires a cooperative and distributed weapon resource management system. As one of the steps into naval information grid our objective is to develop generalized principles for grid computing that can be applied to this specific domain. To address this problem, we adopt the OGSA (Open Grid Service",
        "email": null,
        "conf": "Grid and Cooperative Computing",
        "coauthors": [
            "tao hu",
            "zitang li"
        ],
        "keywords": "Grid Computing,Resource Manager,Resource Management System,Open Grid Service Architecture,"
    },
    {
        "id": 546,
        "label": "86",
        "author": "Bin Zeng",
        "title": "Cooperative Grid Jobs Scheduling with Multi-objective Genetic Algorithm",
        "organization": null,
        "abstract": NaN,
        "email": null,
        "conf": "International Symposium on Parallel and Distributed Processing and Applications",
        "coauthors": [
            "jun wei",
            "wei wang",
            "pu wang"
        ],
        "keywords": "Job Scheduling,Multi Objective Genetic Algorithm,"
    },
    {
        "id": 547,
        "label": "86",
        "author": "Bin Zeng",
        "title": "A Model of Scalable Distributed Network Performance Management",
        "organization": null,
        "abstract": NaN,
        "email": null,
        "conf": "International Symposium on Parallel Architectures, Algorithms and Networks",
        "coauthors": [
            "hu tao",
            "wei wang",
            "li zitan"
        ],
        "keywords": "Distributed Networks,Performance Management,"
    },
    {
        "id": 548,
        "label": "86",
        "author": "Bin Zeng",
        "title": "A Distributed Network Management Framework Based on Mobile Agents",
        "organization": null,
        "abstract": NaN,
        "email": null,
        "conf": "Multimedia and Ubiquitous Engineering",
        "coauthors": [
            "fuliang guo",
            "liangzhong cui"
        ],
        "keywords": "Distributed Network Management,Mobile Agent,"
    },
    {
        "id": 549,
        "label": "86",
        "author": "Bin Zeng",
        "title": "Optimal Integration Model of Multiple Information Security Methods",
        "organization": null,
        "abstract": NaN,
        "email": null,
        "conf": "Multimedia and Ubiquitous Engineering",
        "coauthors": [
            "fuliang guo",
            "lu yao"
        ],
        "keywords": "Information Security,Integrable Model,"
    },
    {
        "id": 550,
        "label": "86",
        "author": "Bin Zeng",
        "title": "Dynamic Grid Resource Scheduling Model Using Learning Agent",
        "organization": null,
        "abstract": NaN,
        "email": null,
        "conf": "IEEE NAS - Networking, Architecture, and Storage",
        "coauthors": [
            "jun wei",
            "haiqin liu"
        ],
        "keywords": "Resource Scheduling,"
    },
    {
        "id": 551,
        "label": "86",
        "author": "Bin Zeng",
        "title": "An Energy-efficient Broadcast Control Protocol for Wireless Sensor Networks",
        "organization": null,
        "abstract": NaN,
        "email": null,
        "conf": "IEEE NAS - Networking, Architecture, and Storage",
        "coauthors": [
            "lu yao",
            "yongqian he"
        ],
        "keywords": "Energy Efficient,Wireless Sensor Network,"
    },
    {
        "id": 552,
        "label": "86",
        "author": "Bin Zeng",
        "title": "Grid Scheduling Optimization Under Conditions of Uncertainty",
        "organization": null,
        "abstract": NaN,
        "email": null,
        "conf": "Network and Parallel Computing",
        "coauthors": [
            "luo zhaohui",
            "wei jun"
        ],
        "keywords": "Grid Scheduling,"
    },
    {
        "id": 553,
        "label": "86",
        "author": "Bin Zeng",
        "title": "Optimal Cluster-Cluster Design for Sensor Network with Guaranteed Capacity and Fault Tolerance",
        "organization": null,
        "abstract": NaN,
        "email": null,
        "conf": "Software Engineering, Artificial Intelligence, Networking and Parallel/Distributed Computing",
        "coauthors": [
            "jun wei",
            "tao hu"
        ],
        "keywords": "Fault Tolerant,Sensor Network,"
    }
]