[
    {
        "id": 101,
        "label": "they are regarded as stale",
        "author": "Binary Search Tree;Data Structure;Experimental Study;Intermittent Connectivity;Loosely Coupled System;Priority Queue;Sensor Network;",
        "title": "http://citeseerx.ist.psu.edu/viewdoc/download?doi=10.1.1.62.9990&rep=rep1&type=pdf,http://arxiv.org/abs/cs/0505038,http://www.cs.aau.dk/~csj/Papers/Files/2005_schmidtTC-82.pdf,http://timecenter.cs.aau.dk/TimeCenterPublications/TR-82.pdf,http://www.informatik.uni-trier.de/~ley/db/journals/corr/corr0505.html#abs-cs-0505038",
        "organization": null,
        "abstract": "2005",
        "email": null,
        "conf": NaN,
        "coauthors": [
            "Computing Research Repository"
        ],
        "keywords": null
    }
]