[
    {
        "id": 567,
        "label": "88",
        "author": "Bing Liu",
        "title": "Exploring complex miRNA-mRNA interactions with Bayesian networks by splitting-averaging strategy",
        "organization": null,
        "abstract": "BACKGROUND: microRNAs (miRNAs) regulate target gene expression by controlling their mRNAs post-transcriptionally. Increasing evidence demonstrates that miRNAs play important roles in various biological processes. However, the functions and precise regulatory mechanisms of most miRNAs remain elusive. Current research suggests that miRNA regulatory modules are complicated, including up-, down-, and mix-regulation for different physiological conditions. Previous computational approaches for discovering miRNA-mRNA",
        "email": null,
        "conf": "BMC Bioinformatics",
        "coauthors": [
            "jiuyong li",
            "anna tsykin",
            "lin liu",
            "arti b. gaur",
            "gregory j. goodall"
        ],
        "keywords": "Biological Process,Expression Profile,Gene Expression,Heterogeneous Data,microrna,Statistical Significance,Structure Learning,bayesian network,"
    },
    {
        "id": 568,
        "label": "88",
        "author": "Bing Liu",
        "title": "Discovery of functional miRNA-mRNA regulatory modules with computational methods",
        "organization": null,
        "abstract": "The identication of miRNAs and their target mRNAs and the con- struction of their regulatory networks may give new insights to biological procedures. This study proposes a computational method to discover the functional miRNA-mRNA regulatory modules (FMRMs), that is, groups of miRNAs and their target mRNAs that are believed to participate coop- eratively in post-transcriptional gene regulation under specic conditions.",
        "email": null,
        "conf": "Journal of Biomedical Informatics",
        "coauthors": [
            "jiuyong li",
            "anna tsykin"
        ],
        "keywords": "Computational Method,Gene Regulation,Prostate Cancer,Regulatory Network,"
    },
    {
        "id": 569,
        "label": "89",
        "author": "Bing Liu",
        "title": "Measuring the meaning in time series clustering of text search queries",
        "organization": null,
        "abstract": "We use a combination of proven methods from time series analysis and machine learning to explore the relationship between temporal and semantic similarity in web query logs; we discover that the combination of correlation and cycles is a good, but not perfect, sign of semantic relationship.",
        "email": null,
        "conf": "International Conference on Information and Knowledge Management",
        "coauthors": [
            "rosie jones",
            "kristina lisa klinkner"
        ],
        "keywords": "Machine Learning,Query Log Analysis,Query Logs,Semantic Similarity,Time Series,Time Series Analysis,Web Search,"
    },
    {
        "id": 570,
        "label": "90",
        "author": "Bing Liu",
        "title": "Accelerated Bundle Adjustment in Multiple-View Reconstruction",
        "organization": null,
        "abstract": "Bundle adjustment is one of the main tools used for multi- ple view reconstruction. It seeks to refine the estimate of the 3D scene and the view parameter that minimize a certain cost function, e.g. the overall reprojection error. In this paper we propose a new algorithm to simplify the computation of the reprojection error for multiple views. With this",
        "email": null,
        "conf": "Knowledge-Based Intelligent Information & Engineering Systems",
        "coauthors": [
            "maoyuan yu",
            "dennis maier",
            "reinhard männer"
        ],
        "keywords": "Bundle Adjustment,Cost Function,Maximum Likelihood Estimate,Missing Data,Multiple Views,Synthetic Data,"
    },
    {
        "id": 571,
        "label": "90",
        "author": "Bing Liu",
        "title": "An Efficient and Accurate Method for 3D-Point Reconstruction from Multiple Views",
        "organization": null,
        "abstract": "In this paper, we consider the problem of finding the position of a point in space given its projections in multiple images taken by cameras with known calibration and pose. Ideally the 3D-point can be obtained as the intersection of multiple known rays in space. However, with noise the rays will not meet at a single 3D-point generally. Therefore, it",
        "email": null,
        "conf": "International Journal of Computer Vision",
        "coauthors": [
            "maoyuan yu",
            "dennis maier",
            "reinhard männer"
        ],
        "keywords": "Bundle Adjustment,Iterative Algorithm,Maximum Likelihood Estimate,Measurement Error,Multiple Views,Structural Estimation,Synthetic Data,First Order,"
    },
    {
        "id": 572,
        "label": "91",
        "author": "Bing Liu",
        "title": "A Grid-Based System for the Multi-reservoir Optimal Scheduling in Huaihe River Basin",
        "organization": null,
        "abstract": NaN,
        "email": null,
        "conf": "Asia-Pacific Web Conference",
        "coauthors": [
            "huaping chen",
            "guoyi zhang",
            "shijin xu"
        ],
        "keywords": "Optimal Scheduling,River Basin,"
    },
    {
        "id": 573,
        "label": "92",
        "author": "Bing Liu",
        "title": "An Adaptive Schedule Medium Access Control for Wireless Sensor Networks",
        "organization": null,
        "abstract": NaN,
        "email": null,
        "conf": "International Conference on Networking",
        "coauthors": [
            "lin zhang",
            "huimin zhang"
        ],
        "keywords": "Medium Access Control,Wireless Sensor Network,"
    },
    {
        "id": 574,
        "label": "92",
        "author": "Bing Liu",
        "title": "MAC Performance and Improvement in Mobile Wireless Sensor Networks",
        "organization": null,
        "abstract": NaN,
        "email": null,
        "conf": "Software Engineering, Artificial Intelligence, Networking and Parallel/Distributed Computing",
        "coauthors": [
            "ke yu",
            "lin zhang",
            "huimin zhang"
        ],
        "keywords": "Wireless Sensor Network,"
    },
    {
        "id": 575,
        "label": "93",
        "author": "Bing Liu",
        "title": "Software Requirements Specification of the IUfA's UUIS -- a Team 4 COMP5541-W10 Project Approach",
        "organization": null,
        "abstract": "This document presents the business requirement of Unified University",
        "email": null,
        "conf": NaN,
        "coauthors": [
            "ali alhazmi",
            "abdulrahman al-sharawi",
            "deyvisson oliveira",
            "kanj sobh",
            "max mayantz",
            "robin de bled",
            "yu ming zhang"
        ],
        "keywords": null
    },
    {
        "id": 581,
        "label": "93",
        "author": "Bing Liu",
        "title": "Software Design Document, Testing, Deployment and Configuration Management, and User Manual of the UUIS -- a Team 4 COMP5541-W10 Project Approach",
        "organization": null,
        "abstract": "This document provides a description of the technical design for Unified",
        "email": null,
        "conf": NaN,
        "coauthors": [
            "kanj sobh",
            "deyvisson oliveira",
            "max mayantz",
            "yu ming zhang",
            "ali alhazmi",
            "robin de bled",
            "abdulrahman al-sharawi"
        ],
        "keywords": null
    }
]