[
    {
        "id": 592,
        "label": "96",
        "author": "Bo Wang",
        "title": "Multicast Algorithms for MultiChannel Wireless Mesh Networks",
        "organization": null,
        "abstract": "Multicast is a key technology that provides efficient data communication among a set of nodes for wireless multi-hop networks. In sensor networks and MANETs, multicast algorithms are designed to be energy efficient and to achieve optimal route discovery among mobile nodes, respectively. However, in wireless mesh networks, which are required to provide high quality service to end users as the",
        "email": null,
        "conf": "International Conference on Network Protocols",
        "coauthors": [
            "guo-kai zeng",
            "yong ding",
            "li xiao",
            "matt w. mutka"
        ],
        "keywords": "Channel Assignment,Data Communication,Energy Efficient,Mesh Network,Network Capacity,Optimal Routing,Sensor Network,Single Channel,Throughput Maximization,wireless multi-hop network,Mobile Node,Wireless Mesh Network,"
    },
    {
        "id": 593,
        "label": "96",
        "author": "Bo Wang",
        "title": "Efficient multicast for link-heterogeneous wireless mesh networks",
        "organization": null,
        "abstract": NaN,
        "email": null,
        "conf": "International Performance, Computing, and Communications Conference",
        "coauthors": [
            "guo-kai zeng",
            "matt w. mutka",
            "li xiao",
            "eric torng"
        ],
        "keywords": "Wireless Mesh Network,"
    },
    {
        "id": 594,
        "label": "96",
        "author": "Bo Wang",
        "title": "Local Detection of Selfish Routing Behavior in Ad Hoc Networks",
        "organization": null,
        "abstract": "Reputation mechanisms for detecting and punishing free-riders in ad hoc networks depend on the local detec- tion of selfish behavior. Although naive selfish strategies based on dropping data packets are readily detected, more sophisticated strategies that manipulate ad hoc routing protocols present a greater challenge. In this work we develop a method to distinguish selfish peers from cooperative ones based",
        "email": null,
        "conf": "Journal of Interconnection Networks",
        "coauthors": [
            "sohraab soltani",
            "jonathan k. shapiro",
            "pang-ning tan"
        ],
        "keywords": "Ad Hoc Network,Ad Hoc Routing,False Positive,Finite State Machine,Mobile Ad Hoc Network,Reputation Mechanism,Routing Protocol,Selfish Routing,Statistical Test,"
    },
    {
        "id": 595,
        "label": "96",
        "author": "Bo Wang",
        "title": "Path selection for mobile stations in IEEE 802.16 multihop relay networks",
        "organization": null,
        "abstract": "Multimedia applications over wireless mobile net- works become more popular with the increasing deploy- ment of wireless infrastructures. IEEE 802.16 standard has become an emerging technology to support broad- band access and Quality of Service (QoS) for real-time multimedia applications over wireless networks. This paper discusses the path selection problem in IEEE 802.16 mobile multihop relay (MMR) networks where relay",
        "email": null,
        "conf": "Workshop on Wireless Mobile Multimedia",
        "coauthors": [
            "matt w. mutka"
        ],
        "keywords": "Emerging Technology,Multimedia Application,Network Capacity,Path Selection,Quality of Service,Real Time Application,Relay Network,Satisfiability,Wireless Network,Base Station,Explicit Rate,mobile multihop relay,Mobile Station,Relay Station,Real Time,"
    },
    {
        "id": 596,
        "label": "96",
        "author": "Bo Wang",
        "title": "QoS-aware fair rate allocation in wireless mesh networks",
        "organization": null,
        "abstract": "In wireless mesh networks, quality-of-service (QoS) support and fair rate allocation are usually considered separately. Fair rate allo- cation frameworks proposed in previous work focus on elastic flows that do not have explicit service quality requirements. Such frame- works may not be applied directly within mesh networks containing real-time flows that have explicit rate and delay requirements. QoS support frameworks",
        "email": null,
        "conf": "Computer Communications",
        "coauthors": [
            "matt w. mutka"
        ],
        "keywords": "Bandwidth Allocation,Guaranteed Service,Mesh Network,Quality of Service,Rate Allocation,Service Quality,Wireless Network,Explicit Rate,Real Time,Wireless Mesh Network,"
    },
    {
        "id": 597,
        "label": "96",
        "author": "Bo Wang",
        "title": "Local Detection of Selfish Routing Behavior in Ad Hoc Networks",
        "organization": null,
        "abstract": "Reputation mechanisms for detecting and punishing free-riders in ad hoc networks depend on the local detec- tion of selfish behavior. Although naive selfish strategies based on dropping data packets are readily detected, more sophisticated strategies that manipulate ad hoc routing protocols present a greater challenge. In this work we develop a method to distinguish selfish peers from cooperative ones based",
        "email": null,
        "conf": "Journal of Interconnection Networks",
        "coauthors": [
            "sohraab soltani",
            "jonathan k. shapiro",
            "pang-ning tan"
        ],
        "keywords": "Ad Hoc Network,Ad Hoc Routing,False Positive,Finite State Machine,Mobile Ad Hoc Network,Reputation Mechanism,Routing Protocol,Selfish Routing,Statistical Test,"
    },
    {
        "id": 598,
        "label": "96",
        "author": "Bo Wang",
        "title": "Efficient Multicast Algorithms for Multichannel Wireless Mesh Networks",
        "organization": null,
        "abstract": NaN,
        "email": null,
        "conf": "IEEE Transactions on Parallel and Distributed Systems",
        "coauthors": [
            "guo-kai zeng",
            "yong ding",
            "li xiao",
            "matt w. mutka"
        ],
        "keywords": "Wireless Mesh Network,"
    },
    {
        "id": 599,
        "label": "97",
        "author": "Bo Wang",
        "title": "Variational Bayes Estimation of Mixing Coefficients",
        "organization": null,
        "abstract": "We investigate theoretically some properties of variational Bayes approximations based on estimating the mixing coecients of known densities. We show that, with probability 1 as the sample size n grows large, the iterative algorithm for the variational Bayes approximation converges locally to the maximum likelihood estimator at the rate of O(1=n). Moreover, the variational posterior distribution for the pa- rameters",
        "email": null,
        "conf": "Deterministic and Statistical Methods in Machine Learning",
        "coauthors": [
            "d. m. titterington"
        ],
        "keywords": "Asymptotic Normal,Covariance Matrix,Fisher Information,Interval Estimation,Iterative Algorithm,Local Convergence,Maximum Likelihood Estimate,Mixture Model,Posterior Distribution,Sample Size,Variational Bayes,Mum Likelihood,Maximum Likelihood,"
    },
    {
        "id": 600,
        "label": "97",
        "author": "Bo Wang",
        "title": "Convergence and Asymptotic Normality of Variational Bayesian Approximations for Expon",
        "organization": null,
        "abstract": NaN,
        "email": null,
        "conf": "Uncertainty in Artificial Intelligence",
        "coauthors": [
            "d. m. titterington"
        ],
        "keywords": "Asymptotic Normal,variational bayesian,"
    },
    {
        "id": 601,
        "label": "97",
        "author": "Bo Wang",
        "title": "Lack of Consistency of Mean Field and Variational break Bayes Approximations for State Space Models",
        "organization": null,
        "abstract": "The consistency problem of both mean eld and variational Bayes estimates in the context of linear state space models is investigated. We prove that the mean eld approximation is asymptotically ecient when the variances of the noise variables in the system are suciently small, but neither the mean eld estimator nor the variational Bayes",
        "email": null,
        "conf": "Neural Processing Letters",
        "coauthors": [
            "d. m. titterington"
        ],
        "keywords": "State Space Model,Variational Bayes,Mean Field,"
    },
    {
        "id": 602,
        "label": "98",
        "author": "Bo Wang",
        "title": "A Comparative Study on Chinese Word Clustering",
        "organization": null,
        "abstract": NaN,
        "email": null,
        "conf": "International Conference on the Computer Processing of Oriental Languages",
        "coauthors": [
            "houfeng wang"
        ],
        "keywords": "Comparative Study,"
    },
    {
        "id": 603,
        "label": "98",
        "author": "Bo Wang",
        "title": "Bootstrapping both Product Properties and Opinion Words from Chinese Reviews with Cross-Training",
        "organization": null,
        "abstract": NaN,
        "email": null,
        "conf": "Web Intelligence",
        "coauthors": [
            "houfeng wang"
        ],
        "keywords": null
    },
    {
        "id": 604,
        "label": "98",
        "author": "Bo Wang",
        "title": "Predicting Chinese Abbreviations from Definitions: An Empirical Learning Approach Using Support Vector Regression",
        "organization": null,
        "abstract": NaN,
        "email": null,
        "conf": "Journal of Computer Science and Technology",
        "coauthors": [
            "xu sun",
            "houfeng wang"
        ],
        "keywords": "Statistical Natural Language Processing,Support Vector Regression,"
    },
    {
        "id": 605,
        "label": "99",
        "author": "Bo Wang",
        "title": "Throughput Scaling of Wideband Sensory Relay Networks: Cooperative Relaying, Power Allocation and Achievable Rates",
        "organization": null,
        "abstract": NaN,
        "email": null,
        "conf": "IEEE INFOCOM",
        "coauthors": [
            "junshan zhang"
        ],
        "keywords": "Power Allocation,Relay Network,"
    },
    {
        "id": 606,
        "label": "99",
        "author": "Bo Wang",
        "title": "On the capacity of MIMO relay channels",
        "organization": null,
        "abstract": "We study the capacity of MIMO relay channels. We flrst consider the Gaussian MIMO relay channel with flxed channel conditions, and derive upper bounds and lower bounds that can be obtained numerically by convex programming. We present algorithms to compute the bounds. Next, we generalize the study to the Rayleigh fading case. We flnd an upper bound and a lower",
        "email": null,
        "conf": "IEEE Transactions on Information Theory",
        "coauthors": [
            "junshan zhang",
            "anders høst-madsen"
        ],
        "keywords": "Ad Hoc Network,Convex Programming,Cooperative Communication,Rayleigh Fading,Regularity Condition,Relay Channel,Upper Bound,Lower Bound,"
    },
    {
        "id": 607,
        "label": "99",
        "author": "Bo Wang",
        "title": "Achievable Rates and Scaling Laws of Power-Constrained Wireless Sensory Relay Networks",
        "organization": null,
        "abstract": "A wireless sensory relay network consists of one source node, one destination node and multiple intermediate relay nodes. In this paper, we study the achievable rates and the scaling laws of power-constrained wireless relay networks in the wideband regime, assuming that relay nodes have no a priori knowledge of channel-state information (CSI) for both the backward channels and the forward",
        "email": null,
        "conf": "IEEE Transactions on Information Theory",
        "coauthors": [
            "junshan zhang",
            "lizhong zheng"
        ],
        "keywords": "a priori knowledge,Amplify and Forward,Channel Estimation,Channel Model,Channel State Information,Frequency Selective Fading,Indexing Terms,Power Allocation,Relay Network,Scaling Law,"
    },
    {
        "id": 608,
        "label": "100",
        "author": "Bo Wang",
        "title": "Performance Optimization of Wireless Video Sensor Networks using Swarm Optimization with Convex Mapping",
        "organization": null,
        "abstract": "A wireless video sensor network (WVSN) is a system of spatially distributed video sensors which capture, process and transmit video information over a wireless ad hoc net- work. The performance optimization in WVSN is a nonlin- ear high-dimension constrained optimization problem. In this work, we consider the unique characteristics of WVSN and develop an evolutionary optimization scheme using a swarm",
        "email": null,
        "conf": "International Conference on Image Processing",
        "coauthors": [
            "zhihai he"
        ],
        "keywords": "Constrained Optimization Problem,Evolutionary Optimization,High Dimension,Indexing Terms,Optimization Problem,Perforation,Performance Optimization,Sensor Network,Spatial Distribution,Swarm Intelligence,Theoretical Analysis,Wireless Video,"
    },
    {
        "id": 609,
        "label": "100",
        "author": "Bo Wang",
        "title": "Distributed Rate Allocation and Performance Optimization for Video Communication Over Mesh Networks",
        "organization": null,
        "abstract": "ABSTRACT Video streaming imposes high rate requirement and strin- gent constraints on resource limited mesh networks. In this work, we develop a distributed asynchronous particle swarm optimization (DAPSO) algorithm for resource allocation and performance optimization scheme for video communica- tion over large-scale mesh networks. Unlike many,network resource allocation performance optimization algorithms in the literatures which are able to handle convex",
        "email": null,
        "conf": "International Conference on Image Processing",
        "coauthors": [
            "zhihai he",
            "yu sun"
        ],
        "keywords": "Large Scale,Mesh Network,Optimization Problem,particle swarm optimizer,Performance Optimization,Rate Allocation,Resource Allocation,Resource Limitation,Utility Function,Video Communication,Video Streaming,"
    },
    {
        "id": 610,
        "label": "100",
        "author": "Bo Wang",
        "title": "Distributed Optimization Over Wireless Sensor Networks using Swarm Intelligence",
        "organization": null,
        "abstract": NaN,
        "email": null,
        "conf": "IEEE International Symposium on Circuits and Systems",
        "coauthors": [
            "zhihai he"
        ],
        "keywords": "Distributed Optimization,Swarm Intelligence,Wireless Sensor Network,"
    },
    {
        "id": 611,
        "label": "101",
        "author": "Bo Wang",
        "title": "A Weighted Frequency-Domain Least Squares Approach for Equalization in Discrete Multitone Systems",
        "organization": null,
        "abstract": "In Discrete Multitone (DMT) transceivers, a time domain equalizer (TEQ) is used to shorten the effective channel im- pulse response such that a shorter cyclic prefix can be used. In this paper, we pose the TEQ design problem completely in the frequency domain by defining a frequency-domain weighted least squares cost function. The definition of the frequency-domain TEQ design criterion,",
        "email": null,
        "conf": "IEEE International Conference on Communications",
        "coauthors": [
            "tülay adali"
        ],
        "keywords": "Cost Function,Echo Cancellation,Frequency Division Multiplexing,Frequency Domain,Least Square,Weight Function,Weighted Least Square,Cyclic Prefix,Time Domain,"
    },
    {
        "id": 612,
        "label": "101",
        "author": "Bo Wang",
        "title": "Time-Dmain Equalizer Design for Discrete Multitone Systems",
        "organization": null,
        "abstract": NaN,
        "email": null,
        "conf": "IEEE International Conference on Communications",
        "coauthors": [
            "tülay adali"
        ],
        "keywords": null
    },
    {
        "id": 613,
        "label": "101",
        "author": "Bo Wang",
        "title": "A frequency-domain training approach for equalization and noise suppression in discrete multitone systems",
        "organization": null,
        "abstract": NaN,
        "email": null,
        "conf": "Signal Processing",
        "coauthors": [
            "tülay adali"
        ],
        "keywords": "Frequency Domain,Noise Suppression,"
    },
    {
        "id": 614,
        "label": "101",
        "author": "Bo Wang",
        "title": "A General Probabilistic Formulation for Supervised Neural Classifiers",
        "organization": null,
        "abstract": NaN,
        "email": null,
        "conf": "Journal of Signal Processing Systems",
        "coauthors": [
            "hongmei ni",
            "tülay adali",
            "xiao liu"
        ],
        "keywords": null
    },
    {
        "id": 615,
        "label": "102",
        "author": "Bo Wang",
        "title": "Studying On Real Time Video Transporting System Over Ad-hoc Networks",
        "organization": null,
        "abstract": NaN,
        "email": null,
        "conf": "International Conference on Networking",
        "coauthors": [
            "zhixiong liu",
            "guiming he"
        ],
        "keywords": "Ad Hoc Network,Transport System,Real Time,"
    },
    {
        "id": 616,
        "label": "102",
        "author": "Bo Wang",
        "title": "A Real Time Video Transporting System Over Ad-hoc Networks",
        "organization": null,
        "abstract": NaN,
        "email": null,
        "conf": "International Conference on Networking",
        "coauthors": [
            "zhixiong liu",
            "guiming he"
        ],
        "keywords": "Ad Hoc Network,Transport System,Real Time,"
    },
    {
        "id": 617,
        "label": "102",
        "author": "Bo Wang",
        "title": "A New Scheme For Wireless Network Authentication System",
        "organization": null,
        "abstract": NaN,
        "email": null,
        "conf": "International Conference on Networking",
        "coauthors": [
            "jing zhang"
        ],
        "keywords": "Wireless Network,"
    },
    {
        "id": 618,
        "label": "102",
        "author": "Bo Wang",
        "title": "A New Tunnel Scheme for Multimedia Communications Traversing NAT/Firewall in NGN",
        "organization": null,
        "abstract": NaN,
        "email": null,
        "conf": "Parallel and Distributed Computing: Applications and Technologies",
        "coauthors": [
            "gengsheng zheng",
            "zhiping xie",
            "guiming he"
        ],
        "keywords": "Multimedia Communication,"
    },
    {
        "id": 619,
        "label": "103",
        "author": "Bo Wang",
        "title": "Semantic Interoperability Based on Ontology Mapping in Distributed Collaborative Design Environment",
        "organization": null,
        "abstract": NaN,
        "email": null,
        "conf": "Atlantic Web Intelligence Conference",
        "coauthors": [
            "jingyi zhang",
            "shen-sheng zhang",
            "chun chen"
        ],
        "keywords": "Design Environment,Distributed Collaboration,Ontology Mapping,Semantic Interoperability,"
    },
    {
        "id": 620,
        "label": "103",
        "author": "Bo Wang",
        "title": "Semantic consistency maintenance in collaborative graphics design systems",
        "organization": null,
        "abstract": NaN,
        "email": null,
        "conf": "Computer Supported Cooperative Work in Design",
        "coauthors": [
            "bo jiang",
            "jiajun bu",
            "chun chen"
        ],
        "keywords": "Consistency Maintenance,Graphic Design,"
    },
    {
        "id": 621,
        "label": "103",
        "author": "Bo Wang",
        "title": "A novel coordination mechanism in cooperative pattern design systems",
        "organization": null,
        "abstract": NaN,
        "email": null,
        "conf": "Computer Supported Cooperative Work in Design",
        "coauthors": [
            "jiajun bu",
            "chun chen",
            "bo jiang"
        ],
        "keywords": "Coordination Mechanisms,"
    },
    {
        "id": 622,
        "label": "104",
        "author": "Bo Wang",
        "title": "User-perceived QoS mechanism under SCTP/IPv6",
        "organization": null,
        "abstract": "Internet has evolved greatly from its original incarnation, such as two new technologies have arisen, SCTP and IPv6 corresponding to TCP and IPv4. Because of the advantages, the new architecture SCTP/IPv6 will replace the TCP/IP architecture very probably in the future. On the other hand, considering that the Internet was designed to meet the different needs of users, the evaluative",
        "email": null,
        "conf": "Mobility Conference",
        "coauthors": [
            "dong yang",
            "ping dong",
            "hongke zhang"
        ],
        "keywords": "Design Principle,Evaluation Criteria,Model Analysis,Network Design,New Technology,Optimality Theory,Queuing Theory,Service Quality,"
    },
    {
        "id": 623,
        "label": "104",
        "author": "Bo Wang",
        "title": "A Parallel Link State Routing Protocol for Mobile Ad-Hoc Networks",
        "organization": null,
        "abstract": NaN,
        "email": null,
        "conf": "Mobile Sensor Networks",
        "coauthors": [
            "dong yang",
            "hongke zhang",
            "hongchao wang",
            "shuigen yang"
        ],
        "keywords": "Mobile Ad Hoc Network,Routing Protocol,"
    },
    {
        "id": 624,
        "label": "104",
        "author": "Bo Wang",
        "title": "A Distributed Energy-Efficient Topology Control Routing for Mobile Wireless Sensor Networks",
        "organization": null,
        "abstract": NaN,
        "email": null,
        "conf": "Networking",
        "coauthors": [
            "yan ren",
            "sidong zhang",
            "hongke zhang"
        ],
        "keywords": "Energy Efficient,Topology Control,Wireless Sensor Network,"
    }
]