[
    {
        "id": 478,
        "label": "Theories (SMT). We describe three approaches to model check",
        "author": "Bounded Model Checking;High Speed;Model Checking;multi-core processor;Partial Order Reduction;Software Verification;State Space;Sat Modulo Theories;Satisfiability Modulo Theories;",
        "title": "http://arxiv.org/abs/1003.3830,http://www.informatik.uni-trier.de/~ley/db/journals/corr/corr1003.html#abs-1003-3830",
        "organization": null,
        "abstract": "2010",
        "email": null,
        "conf": NaN,
        "coauthors": [
            "Computing Research Repository"
        ],
        "keywords": null
    }
]