[
    {
        "id": 632,
        "label": "108",
        "author": "Brian Moore",
        "title": "Renaissance computing: an initiative for promoting student participation in computing",
        "organization": null,
        "abstract": "In this paper, we report on a recently funded project called Re- naissance Computing, an initiative for promoting student partici- pation in computing. We propose what we consider a radical re- thinking not only of our core curriculum in computer science, but of the role of computer science at the university level. In our conception, ―computational thinking‖ is neither easily",
        "email": null,
        "conf": "Technical Symposium on Computer Science Education",
        "coauthors": [
            "leen-kiat soh",
            "ashok samal",
            "stephen d. scott",
            "stephen ramsay",
            "etsuko moriyama",
            "george meyer",
            "william g. thomas",
            "duane f. shell"
        ],
        "keywords": "Capstone Course,Collaborative Learning,"
    },
    {
        "id": 633,
        "label": "109",
        "author": "Brian Moore",
        "title": "Dynamic balancing of planar mechanisms using toric geometry",
        "organization": null,
        "abstract": "In this paper, a new method to determine the complete set of dynam- ically balanced planar four-bar mechanims is presented. Using complex variables to model the kinematics of the mechanism, the dynamic balanc- ing constraints are written as algebraic equations over complex variables and joint angular velocities. After elimination of the joint angular ve- locity variables, the problem is formulated",
        "email": null,
        "conf": "Journal of Symbolic Computation",
        "coauthors": [
            "clément m. gosselin",
            "josef schicho"
        ],
        "keywords": "Laurent Polynomial,Minkowski Sum,Necessary and Sufficient Condition,Newton Polygon,Toric Geometry,"
    },
    {
        "id": 634,
        "label": "110",
        "author": "Brian Moore",
        "title": "Supporting systolic and memory communication in iWarp",
        "organization": null,
        "abstract": "iWarp is a parallel architecture developed jointly by Carnegie Mellon University and Intel Corporation. The iWarp communication system supports two widely used interprocessor communication styles: memory communication and systolic communication. This paper describes the rationale, architecture, and implementation for the iWarp communication system.The sending or receiving processor of a message can perform either memory or systolic communication. In memory communication,",
        "email": null,
        "conf": "ACM Sigarch Computer Architecture News",
        "coauthors": [
            "shekhar borkar",
            "robert cohn",
            "george w. cox",
            "thomas r. gross",
            "h. t. kung",
            "monica s. lam",
            "margie levine",
            "wire moore",
            "craig peterson",
            "jim susman",
            "jim sutton",
            "john urbanski",
            "jon a. webb"
        ],
        "keywords": "Communication System,Message Passing,Parallel Architecture,Satisfiability,"
    }
]