[
    {
        "id": 636,
        "label": "111",
        "author": "Bruce G. Lindsay",
        "title": "EST clustering error evaluation and correction",
        "organization": null,
        "abstract": "Motivation: The gene expression intensity information conveyed by (EST) Expressed Sequence Tag data can be used to infer important cDNA library properties, such as gene number and expression patterns. However, EST clus- tering errors, which often lead to greatly inflated estimates of obtained unique genes, have become a major obstacle in the analyses. The EST clustering error structure, the rela-",
        "email": null,
        "conf": "Bioinformatics/computer Applications in The Biosciences",
        "coauthors": [
            "ji-ping z. wang",
            "james leebens-mack",
            "liying cui",
            "p. kerr wall",
            "webb c. miller",
            "claude w. depamphilis"
        ],
        "keywords": "Cdna Library,Error Correction,Expressed Sequence Tag,Expression Pattern,Gene Cluster,Gene Expression,Statistical Approach,Type I Error,Type Ii Error,"
    },
    {
        "id": 637,
        "label": "111",
        "author": "Bruce G. Lindsay",
        "title": "Gene capture prediction and overlap estimation in EST sequencing from one or multiple libraries",
        "organization": null,
        "abstract": "BACKGROUND: In expressed sequence tag (EST) sequencing, we are often interested in how many genes we can capture in an EST sample of a targeted size. This information provides insights to sequencing efficiency in experimental design, as well as clues to the diversity of expressed genes in the tissue from which the library was constructed. RESULTS: We propose a compound",
        "email": null,
        "conf": "BMC Bioinformatics",
        "coauthors": [
            "ji-ping z. wang",
            "liying cui",
            "p. kerr wall",
            "josh marion",
            "jiaxuan zhang",
            "claude w. depamphilis"
        ],
        "keywords": "arabidopsis thaliana,Cdna Library,compound poisson process,Experimental Design,Expressed Sequence Tag,Prediction Method,Simulation Study,"
    },
    {
        "id": 638,
        "label": "111",
        "author": "Bruce G. Lindsay",
        "title": "The iteratively reweighted estimating equation in minimum distance problems",
        "organization": null,
        "abstract": NaN,
        "email": null,
        "conf": "Computational Statistics & Data Analysis",
        "coauthors": [
            "ayanendranath basu"
        ],
        "keywords": "Estimating Equation,Minimum Distance,"
    },
    {
        "id": 639,
        "label": "111",
        "author": "Bruce G. Lindsay",
        "title": "Some variants of minimum disparity estimation",
        "organization": null,
        "abstract": "Abstract This paper proposes several variants of disparity based inference (Lindsay 1994). We introduce these modifications and explain the motivation behind them. Several of these estimators and tests have attractive efficiency and robustness properties. An extensive numerical and graphical investigation is presented to substantiate the theory developed and demonstrate the small sample properties of these methods. An empty cell penalty",
        "email": null,
        "conf": "Computational Statistics & Data Analysis",
        "coauthors": [
            "ayanendranath basu",
            "bruce g. lindsay"
        ],
        "keywords": "Disparity Estimation,Small Samples,"
    },
    {
        "id": 640,
        "label": "111",
        "author": "Bruce G. Lindsay",
        "title": "Tests and diagnostics for heterogeneity in the species problem",
        "organization": null,
        "abstract": NaN,
        "email": null,
        "conf": "Computational Statistics & Data Analysis",
        "coauthors": [
            "chang xuan mao"
        ],
        "keywords": null
    }
]