[
    {
        "id": 644,
        "label": "113",
        "author": "Bruno Rossi",
        "title": "Robot-mediated arm rehabilitation in Virtual Environments for chronic stroke patients: A clinical study",
        "organization": null,
        "abstract": NaN,
        "email": null,
        "conf": "International Conference on Robotics and Automation",
        "coauthors": [
            "antonio frisoli",
            "luigi federico borelli",
            "alberto montagner",
            "simone marcheschi",
            "caterina procopio",
            "fabio salsedo",
            "massimo bergamasco",
            "maria chiara carboncini"
        ],
        "keywords": "Clinical Study,Virtual Environment,"
    },
    {
        "id": 645,
        "label": "114",
        "author": "Bruno Rossi",
        "title": "ASN.1's Best Secrets (A review of ASN.1: Communication Between Heterogeneous Systems by Olivier Dubuisson)",
        "organization": null,
        "abstract": NaN,
        "email": null,
        "conf": "IEEE Distributed Systems Online",
        "coauthors": [],
        "keywords": "Heterogeneous Systems,"
    }
]