[
    {
        "id": 642,
        "label": "112",
        "author": "Bruno Martins",
        "title": "MINHO Robot Football Team for 2001",
        "organization": null,
        "abstract": "Abstract.This paper describes an autonomous robot football team. The work is being carried out since 1998. It describes the hardware used by the robots, the sensory system and interfaces, as well as the game strategy. Data acquisition for the perception level is carried out by the vision system, and the image processing system is described. Two cameras are used requiring",
        "email": null,
        "conf": "RoboCup",
        "coauthors": [
            "fernando ribeiro",
            "carlos machado",
            "sérgio sampaio"
        ],
        "keywords": "Autonomous Robot,Data Acquisition,Football,Image Processing,Sensory System,Vision System,"
    }
]