[
    {
        "id": 4234,
        "label": "design becomes one of the",
        "author": "Building Block;Circuit Design;Classical Logic;Digital Signal Processing;Fault Tolerant;High Speed;Low Power;Reversible Logic;Carry Look Ahead;",
        "title": "http://arxiv.org/abs/1008.3344,http://www.informatik.uni-trier.de/~ley/db/journals/corr/corr1008.html#abs-1008-3344",
        "organization": null,
        "abstract": "2010",
        "email": null,
        "conf": NaN,
        "coauthors": [
            "Computing Research Repository"
        ],
        "keywords": null
    }
]