[
    {
        "id": 647,
        "label": "115",
        "author": "Carl F. Schaefer",
        "title": "caCORE: A common infrastructure for cancer informatics",
        "organization": null,
        "abstract": "Motivation: Sites with substantive bioinformatics operations are challenged to build data processing and delivery infrastruc- ture that provides reliable access and enables data integration. Locally generated data must be processed and stored such that relationships to external data sources can be presen- ted. Consistency and comparability across data sets requires annotation with controlled vocabularies and, further, metadata standards for data",
        "email": null,
        "conf": "Bioinformatics/computer Applications in The Biosciences",
        "coauthors": [
            "peter a. covitz",
            "frank w. hartel",
            "sherri de coronado",
            "gilberto fragoso",
            "himanso sahni",
            "scott gustafson",
            "kenneth h. buetow"
        ],
        "keywords": "Application Program Interface,Biomedical Application,Controlled Vocabulary,Data Integrity,Data Processing,Data Representation,Object-oriented Model,Open Source,Scientific Application,Web Interface,National Cancer Institute,Simple Object Access Protocol,"
    },
    {
        "id": 648,
        "label": "115",
        "author": "Carl F. Schaefer",
        "title": "PID: the Pathway Interaction Database",
        "organization": null,
        "abstract": "The Pathway Interaction Database (PID, http://pid. nci.nih.gov) is a freely available collection of curated and peer-reviewed pathways composed of human molecular signaling and regulatory events and key cellular processes. Created in a collaboration between the US National Cancer Institute and Nature Publishing Group, the database serves as a research tool for the cancer research community and others interested in cellular",
        "email": null,
        "conf": "Nucleic Acids Research",
        "coauthors": [
            "kira anthony",
            "shiva krupa",
            "jeffrey buchoff",
            "timo hannay",
            "kenneth h. buetow"
        ],
        "keywords": "Cell Signaling,Extensible Markup Language,Interaction Network,Peer Review,Signal Transduction,Single Molecule,level 2,National Cancer Institute,"
    }
]