[
    {
        "id": 1039,
        "label": "available commercially, ensures",
        "author": "Case Study;Intellectual Property;Tools and Techniques;Version Control;web-based applications;",
        "title": "http://arxiv.org/abs/0908.1584,http://www.informatik.uni-trier.de/~ley/db/journals/corr/corr0908.html#abs-0908-1584,http://www.easasoftware.com/articles/Reducing_the_Risk_and_Cost_of_using_Spreadsheets_EuSpRIG_July_2009.pdf",
        "organization": null,
        "abstract": "2009",
        "email": null,
        "conf": NaN,
        "coauthors": [
            "Computing Research Repository"
        ],
        "keywords": null
    }
]