[
    {
        "id": 2133,
        "label": "a case study of co-author networks",
        "author": "Case Study;Collaborative Networks;Random Networks;Science and Technology;Scientific Communication;Scientific Data;Small World Network;Sloan Digital Sky Survey;",
        "title": "http://arxiv.org/abs/1001.3663,http://www.informatik.uni-trier.de/~ley/db/journals/corr/corr1001.html#abs-1001-3663",
        "organization": null,
        "abstract": "2010",
        "email": null,
        "conf": NaN,
        "coauthors": [
            "Computing Research Repository"
        ],
        "keywords": null
    }
]