[
    {
        "id": 853,
        "label": "semantic frontend for authoring XML documents. Here, we used sTeX in a Software",
        "author": "Case Study;Linked Data;Participatory Design;Semantic Information;Software Engineering;Xml Database;Xml Document;",
        "title": "http://www.informatik.uni-trier.de/~ley/db/journals/corr/corr1006.html#abs-1006-4474,http://arxiv.org/abs/1006.4474,http://doi.acm.org/10.1145/1839707.1839712,http://www.informatik.uni-trier.de/~ley/db/conf/i-semantics/i-semantics2010.html#KohlhaseK010,http://portal.acm.org/citation.cfm?id=1839712,http://portal.acm.org/ft_gateway.cfm?id=1839712&type=pdf&CFID=29576336&CFTOKEN=51534192",
        "organization": null,
        "abstract": "2010",
        "email": null,
        "conf": NaN,
        "coauthors": [
            "Computing Research Repository"
        ],
        "keywords": null
    }
]