[
    {
        "id": 654,
        "label": "118",
        "author": "Chandra Shekhar",
        "title": "Semi-Automatic Video-to-Site Registration for Aerial Monitoring",
        "organization": null,
        "abstract": NaN,
        "email": null,
        "conf": "International Conference on Pattern Recognition",
        "coauthors": [],
        "keywords": null
    },
    {
        "id": 655,
        "label": "118",
        "author": "Chandra Shekhar",
        "title": "Use of Knowledge-Based Control for Vision Systems",
        "organization": null,
        "abstract": NaN,
        "email": null,
        "conf": "Industrial and Engineering Applications of Artificial Intelligence and Expert Systems",
        "coauthors": [
            "sabine moisan",
            "régis vincent",
            "philippe burlina",
            "rama chellappa"
        ],
        "keywords": "Knowledge Base,Vision System,"
    },
    {
        "id": 656,
        "label": "118",
        "author": "Chandra Shekhar",
        "title": "An Experimental Evaluation of Linear and Kernel-Based Methods for Face Recognition",
        "organization": null,
        "abstract": "In this paper we present the results of a comparative study of linear and kernel-based methods for face recognition. The methods used for dimensionality reduction are Principal Component Analysis (PCA), Kernel Principal Component Analysis (KPCA), Linear Discriminant Analysis (LDA) and Kernel Discriminant Analysis (KDA). The methods used for classification are Nearest Neighbor (NN) and Support Vector Machine (SVM). In addition,",
        "email": null,
        "conf": "Workshop on Applications of Computer Vision",
        "coauthors": [
            "himaanshu gupta",
            "amit k. agrawal",
            "tarun pruthi",
            "rama chellappa"
        ],
        "keywords": "Dimensional Reduction,Experimental Evaluation,Face Recognition,Kernel Discriminant Analysis,Kernel Principal Component Analysis,Linear Discriminate Analysis,Principal Component Analysis,Support Vector Machine,Nearest Neighbor,"
    },
    {
        "id": 657,
        "label": "118",
        "author": "Chandra Shekhar",
        "title": "Knowledge-based control of vision systems",
        "organization": null,
        "abstract": NaN,
        "email": null,
        "conf": "Image and Vision Computing",
        "coauthors": [
            "sabine moisan",
            "régis vincent",
            "philippe burlina",
            "rama chellappa"
        ],
        "keywords": "Knowledge Base,Vision System,"
    },
    {
        "id": 658,
        "label": "118",
        "author": "Chandra Shekhar",
        "title": "Alignment Using Distributions of Local Geometric Properties",
        "organization": null,
        "abstract": " We describe a framework for aligning images without needing to establish explicit feature correspondences.We assume that the geometry between the two images can be adequately described by anaffine transformation and develop a framework that uses the statistical distribution of geometricproperties of image contours to estimate the relevant transformation parameters. The estimatesobtained using the proposed method are robust to illumination conditions,",
        "email": null,
        "conf": "IEEE Transactions on Pattern Analysis and Machine Intelligence",
        "coauthors": [
            "venu govindu"
        ],
        "keywords": "Statistical Distribution,"
    },
    {
        "id": 659,
        "label": "118",
        "author": "Chandra Shekhar",
        "title": "A new approach to image feature detection with applications",
        "organization": null,
        "abstract": "Image feature detection is a fundamental issue in many intermediate level vision problems such as stereo, motion correspondence, image registration, and object recognition. In this paper we present an approach to feature detection based on a scale-interaction model. This feature detector is responsive to short lines, line endings, corners and other such sharp changes in curvature. We provide extensive experimental",
        "email": null,
        "conf": "Pattern Recognition",
        "coauthors": [
            "b. s. manjunath",
            "rama chellappa"
        ],
        "keywords": "Feature Detection,Image Analysis,Image Features,Image Registration,Interaction Model,Object Recognition,"
    },
    {
        "id": 660,
        "label": "118",
        "author": "Chandra Shekhar",
        "title": "Multisensor image registration by feature consensus",
        "organization": null,
        "abstract": NaN,
        "email": null,
        "conf": "Pattern Recognition",
        "coauthors": [
            "venu govindu",
            "rama chellappa"
        ],
        "keywords": "Image Registration,"
    }
]