[
    {
        "id": 674,
        "label": "121",
        "author": "Chao Liu",
        "title": "A first step toward detecting SSH identity theft in HPC cluster environments: discriminating masqueraders based on command behavior",
        "organization": null,
        "abstract": "Recent attacks enabled by stolen authentication pass- words and keys have allowed intruders to masquerade as legitimate users on high performance computing clusters. With the motivation of detecting masqueraders on clus- ters, this work seeks to discriminate different types of use rs based on their command behavior - in particular, user com- mand behavior on a multi-user public machine versus",
        "email": null,
        "conf": "Cluster Computing and the Grid",
        "coauthors": [
            "william yurcik"
        ],
        "keywords": "Feature Construction,High Performance,High Performance Computer,Identity Theft,Support Vector Machine,high per formance computing,information re trieval,Multi User,"
    },
    {
        "id": 675,
        "label": "121",
        "author": "Chao Liu",
        "title": "Efficient Mining of Recurrent Rules from a Sequence Database",
        "organization": null,
        "abstract": "We study a novel problem of mining significant recurrent rules from a sequence database. Recurrent rules have the form \"when- ever a series of precedent events occurs, eventually a series of consequent events occurs\". Recurrent rules are intuitive and characterize behaviors in many domains. An example is in the domain of software specifications, in which the rules capture a family",
        "email": null,
        "conf": "Database Systems for Advanced Applications",
        "coauthors": [
            "david lo",
            "siau-cheng khoo"
        ],
        "keywords": "Case Study,Linear Temporal Logic,Program Specification,Program Verification,Software Specification,"
    },
    {
        "id": 676,
        "label": "121",
        "author": "Chao Liu",
        "title": "How Bayesians Debug",
        "organization": null,
        "abstract": "Manual debugging is expensive. And the high cost has motivated extensive research on automated fault lo- calization in both software engineering and data mining communities. Fault localization aims at automatically locating likely fault locations, and hence assists manual debugging. A number of fault localization algorithms have been developed in recent years, which prove effec- tive when multiple failing and passing",
        "email": null,
        "conf": "IEEE International Conference on Data Mining",
        "coauthors": [
            "zeng lian",
            "jiawei han"
        ],
        "keywords": "Data Mining,Fault Analysis,Fault Localization,Fault Location,Software Engineering,"
    },
    {
        "id": 677,
        "label": "121",
        "author": "Chao Liu",
        "title": "Efficient SIP-Specific Event Notification",
        "organization": null,
        "abstract": "By Session Initiation Protocol (SIP), the entities in the network can subscribe to the resource or the call state for various resources or calls in the network. Those entities (or entities acting on their behalf) can send notifications when those states change. We propose a new approach to subscribe the information of part resources of the user's re- source list.",
        "email": null,
        "conf": "International Conference on Networking",
        "coauthors": [
            "bo zhao"
        ],
        "keywords": "Event Notification,Performance Evaluation,Session Initiation Protocol,"
    },
    {
        "id": 678,
        "label": "121",
        "author": "Chao Liu",
        "title": "Indexing Noncrashing Failures: A Dynamic Program Slicing-Based Approach",
        "organization": null,
        "abstract": "Recent software systems usually feature an automated failure reporting component, with which a huge number of failures are collected from software end-users. With a proper support of failure indexing, which identifies failures due to the same fault, the collected failure data can help de- velopers prioritize failure diagnosis, among other utilities of the failure data. Since crashing failures can be",
        "email": null,
        "conf": "International Conference on Software Maintenance",
        "coauthors": [
            "yu zhang",
            "jiawei han",
            "bharat k. bhargava"
        ],
        "keywords": "Case Study,Crash Failure,Dynamic Program Slicing,Dynamic Slicing,Indexation,Software Systems,"
    },
    {
        "id": 679,
        "label": "122",
        "author": "Chao Liu",
        "title": "Energy-Predicted Shortest Routing Tree Algorithm in Wireless Sensor Networks",
        "organization": null,
        "abstract": NaN,
        "email": null,
        "conf": "International Symposium on Intelligence Computation and Applications",
        "coauthors": [
            "ming zhang",
            "chenglong gong",
            "yuan feng"
        ],
        "keywords": "Wireless Sensor Network,"
    },
    {
        "id": 680,
        "label": "121",
        "author": "Chao Liu",
        "title": "Mining past-time temporal rules from execution traces",
        "organization": null,
        "abstract": "Specification mining is a process of extracting specifications, often from program execution traces. These specifications can in turn be used to aid program understanding, monitoring and verification. There are a number of dynamic-analysis-based specification min- ing tools in the literature, however none so far extract past time tem- poral expressions in the form of rules stating: \"whenever a series of",
        "email": null,
        "conf": "International Symposium on Software Testing and Analysis",
        "coauthors": [
            "david lo",
            "siau-cheng khoo"
        ],
        "keywords": "Application Server,Data Mining,Dynamic Analysis,Program Understanding,Rule Based,"
    },
    {
        "id": 681,
        "label": "121",
        "author": "Chao Liu",
        "title": "GPLAG: detection of software plagiarism by program dependence graph analysis",
        "organization": null,
        "abstract": "Along with the blossom of open source projects comes the convenience for software plagiarism. A company, if less self-disciplined, may be tempted to plagiarize some open source projects for its own products. Although current pla- giarism detection tools appear sufficient for academic use, they are nevertheless short for fighting against serious pla- giarists. For example, disguises like statement reordering and",
        "email": null,
        "conf": "Knowledge Discovery and Data Mining",
        "coauthors": [
            "chen chen",
            "jiawei han",
            "philip s. yu"
        ],
        "keywords": "Control Dependence,Graph Mining,Graphical Representation,Open Source,Plagiarism Detection,Program Dependence Graph,Search Space,Lines of Code,"
    },
    {
        "id": 682,
        "label": "123",
        "author": "Chao Liu",
        "title": "BBM: bayesian browsing model from petabyte-scale data",
        "organization": null,
        "abstract": "Given a quarter of petabyte click log data, how can we esti- mate the relevance of each URL for a given query? In this paper, we propose the Bayesian Browsing Model (BBM), a new modeling technique with following advantages: (a) it does exact inference; (b) it is single-pass and parallelizable; (c) it is effective. We present two sets of experiments",
        "email": null,
        "conf": "Knowledge Discovery and Data Mining",
        "coauthors": [
            "fan guo",
            "christos faloutsos"
        ],
        "keywords": "bayesian model,Log Analysis,Modeling Technique,Web Search,"
    },
    {
        "id": 683,
        "label": "121",
        "author": "Chao Liu",
        "title": "Efficient mining of iterative patterns for software specification discovery",
        "organization": null,
        "abstract": "Studies have shown that program comprehension takes up to 45% of software development costs. Such high costs are caused by the lack-of documented speciflcation and further aggravated by the phenomenon of software evolution. There is a need for automatic tools to extract speciflcations to aid program comprehension. In this paper, a novel technique to e-ciently mine common software temporal patterns",
        "email": null,
        "conf": "Knowledge Discovery and Data Mining",
        "coauthors": [
            "david lo",
            "siau-cheng khoo"
        ],
        "keywords": "Case Study,Pattern Mining,Program Comprehension,Sequential Pattern,Software Development,Software Evolution,Software Specification,Temporal Pattern,"
    },
    {
        "id": 684,
        "label": "122",
        "author": "Chao Liu",
        "title": "Step-by-Step Regression: A More Efficient Alternative for Polynomial Multiple Linear Regression in Stream Cube",
        "organization": null,
        "abstract": "Facing tremendous and potentially infinite stream data, it is impossible to record them entirely. Thus synopses are required to be generated timely to capture the underlying model for stream management systems. Traditionally, curve fitting through Multiple Linear Regression (MLR) is a powerful and efficient modeling tool. In order to further accelerate its processing efficiency, we propose Step-by-step Regression (SR) as",
        "email": null,
        "conf": "Pacific-Asia Conference on Knowledge Discovery and Data Mining",
        "coauthors": [
            "ming zhang",
            "minrui zheng",
            "yixin chen"
        ],
        "keywords": "Curve Fitting,Data Stream,Data Stream Management System,Generation Time,Management System,Modeling Tool,Multiple Linear Regression,Front End,Real Time,"
    },
    {
        "id": 685,
        "label": "121",
        "author": "Chao Liu",
        "title": "Mining Control Flow Abnormality for Logic Error Isolation",
        "organization": null,
        "abstract": "Analyzing the executions of a buggy program is essen- tially a data mining process: Tracing the data generated during program executions may disclose important pat- terns and outliers that could eventually reveal the lo- cation of software errors. In this paper, we investigate program logic errors, which rarely incur memory ac- cess violations but generate incorrect outputs. We show that",
        "email": null,
        "conf": "SIAM International Conference on Data Mining",
        "coauthors": [
            "xifeng yan",
            "jiawei han"
        ],
        "keywords": "Control Flow,Data Mining,Hypothesis Test,Ranking Function,"
    },
    {
        "id": 686,
        "label": "121",
        "author": "Chao Liu",
        "title": "Mining Behavior Graphs for \"Backtrace\" of Noncrashing Bugs",
        "organization": null,
        "abstract": "Analyzing the executions of a buggy software program is es- sentially a data mining process. Although many interesting methods have been developed to trace crashing bugs (such as memory violation and core dumps), it is still difficult to analyze noncrashing bugs (such as logical errors). In this paper, we develop a novel method to classify the structured traces of program",
        "email": null,
        "conf": "SIAM International Conference on Data Mining",
        "coauthors": [
            "xifeng yan",
            "hwanjo yu",
            "jiawei han",
            "philip s. yu"
        ],
        "keywords": "Data Mining,Graph Mining,"
    },
    {
        "id": 687,
        "label": "121",
        "author": "Chao Liu",
        "title": "Failure proximity: a fault localization-based approach",
        "organization": null,
        "abstract": "Recent software systems usually feature an automated fail- ure reporting system, with which a huge number of failing traces are collected every day. In order to prioritize fault diagnosis, failing traces due to the same fault are expected to be grouped together. Previous methods, by hypothesiz- ing that similar failing traces imply the same fault, cluster failing traces based on",
        "email": null,
        "conf": NaN,
        "coauthors": [
            "jiawei han"
        ],
        "keywords": "Case Study,Fault Diagnosis,Fault Localization,Fault Location,Software Systems,Statistical Debugging,"
    },
    {
        "id": 688,
        "label": "121",
        "author": "Chao Liu",
        "title": "SOBER: statistical model-based bug localization",
        "organization": null,
        "abstract": "Automated localization of software bugs is one of the essential issues in debugging aids. Previous studies indicated that the evaluation history of program predicates may disclose important clues about underlying bugs. In this paper, we propose a new statistical model-based approach, called SOBER, which localizes software bugs without any prior knowledge of program semantics. Unlike existing  approaches that select predicates",
        "email": null,
        "conf": NaN,
        "coauthors": [
            "xifeng yan",
            "long fei",
            "jiawei han",
            "samuel p. midkiff"
        ],
        "keywords": "It Evaluation,Model Evaluation,Prior Knowledge,Statistical Debugging,Statistical Model,"
    },
    {
        "id": 689,
        "label": "123",
        "author": "Chao Liu",
        "title": "Efficient multiple-click models in web search",
        "organization": null,
        "abstract": "Many tasks that leverage web search users' implicit feed- back rely on a proper and unbiased interpretation of user clicks. Previous eye-tracking experiments and studies on explaining position-bias of user clicks provide a spectrum of hypotheses and models on how an average user examines and possibly clicks web documents returned by a search en- gine with respect to the submitted",
        "email": null,
        "conf": "Web Search and Data Mining",
        "coauthors": [
            "fan guo",
            "yi-min wang"
        ],
        "keywords": "Experimental Study,Eye Tracking,Linear Time,Log Analysis,Space Complexity,Spectrum,Statistical Model,Web Documents,Web Search,"
    },
    {
        "id": 690,
        "label": "123",
        "author": "Chao Liu",
        "title": "Click chain model in web search",
        "organization": null,
        "abstract": "Given a terabyte click log, can we build an efficient and ef- fective click model? It is commonly believed that web search click logs are a gold mine for search business, because they reflect users' preference over web documents presented by the search engine. Click models provide a principled ap- proach to inferring user-perceived relevance of web docu- ments, which",
        "email": null,
        "conf": "World Wide Web Conference Series",
        "coauthors": [
            "fan guo",
            "anitha kannan",
            "tom minka",
            "michael j. taylor",
            "yi-min wang",
            "christos faloutsos"
        ],
        "keywords": "bayesian framework,bayesian model,Experimental Study,Gold Mining,Log Analysis,Search Engine,Web Documents,Web Search,"
    },
    {
        "id": 691,
        "label": "121",
        "author": "Chao Liu",
        "title": "A probabilistic approach to spatiotemporal theme pattern mining on weblogs",
        "organization": null,
        "abstract": "Mining subtopics from weblogs and analyzing their spatiotemporal patterns have applications in multiple domains. In this paper, we deˉne the novel problem of mining spatiotemporal theme patterns from weblogs and propose a novel probabilistic approach to model the subtopic themes and spatiotemporal theme patterns simultaneously. The proposed model discovers spatiotemporal theme patterns by (1) extracting common themes from weblogs; (2)",
        "email": null,
        "conf": "World Wide Web Conference Series",
        "coauthors": [
            "qiaozhu mei",
            "hang su",
            "chengxiang zhai"
        ],
        "keywords": "Comparative Analysis,Information Search and Retrieval,Life Cycle,Mixture Model,Pattern Mining,Probabilistic Approach,Probabilistic Model,Text Mining,"
    },
    {
        "id": 692,
        "label": "121",
        "author": "Chao Liu",
        "title": "Data Mining for Software Engineering",
        "organization": null,
        "abstract": NaN,
        "email": null,
        "conf": "IEEE Computer",
        "coauthors": [
            "tao xie",
            "suresh thummalapenta",
            "david lo"
        ],
        "keywords": "Data Mining,Software Engineering,"
    },
    {
        "id": 693,
        "label": "121",
        "author": "Chao Liu",
        "title": "Mining temporal rules for software maintenance",
        "organization": null,
        "abstract": "SUMMARY Software evolution incurs difficulties in program comprehension and software verification, and hence it increases the cost of software maintenance. In this study, we propose a novel technique to mine from program execution traces a sound and complete set of statistically significant temporal rules of arbitrary lengths. The extracted temporal rules reveal invariants that the program observes, and will consequently",
        "email": null,
        "conf": "Journal of Software Maintenance and Evolution: Research and Practice",
        "coauthors": [
            "david lo",
            "siau-cheng khoo"
        ],
        "keywords": "Application Server,Case Study,Data Mining,Dynamic Analysis,Formal Analysis,Program Comprehension,Program Design,Program Verification,Software Evolution,Software Maintenance,Software Verification,Statistical Significance,Temporal Logic,Concurrent Versions System,"
    },
    {
        "id": 694,
        "label": "121",
        "author": "Chao Liu",
        "title": "Statistical Debugging: A Hypothesis Testing-Based Approach",
        "organization": null,
        "abstract": "Manual debugging is tedious, as well as costly. The high cost has motivated the development of fault localization techniques, which help developers search for fault locations. In this paper, we propose a new statistical method, called SOBER, which automatically localizes software faults without any prior knowledge of the program semantics. Unlike existing statistical approaches that select predicatescorrelatedwithprogramfailures, SOBERmodelsthepredicateevaluationin bothcorrectandincorrectexecutionsandregards a",
        "email": null,
        "conf": "IEEE Transactions on Software Engineering",
        "coauthors": [
            "long fei",
            "xifeng yan",
            "jiawei han",
            "samuel p. midkiff"
        ],
        "keywords": "Case Study,Fault Localization,Fault Location,Hypothesis Test,It Evaluation,Prior Knowledge,Statistical Approach,Statistical Debugging,Statistical Method,"
    },
    {
        "id": 695,
        "label": "121",
        "author": "Chao Liu",
        "title": "A Systematic Study of Failure Proximity",
        "organization": null,
        "abstract": NaN,
        "email": null,
        "conf": "IEEE Transactions on Software Engineering",
        "coauthors": [
            "xiangyu zhang",
            "jiawei han"
        ],
        "keywords": null
    },
    {
        "id": 696,
        "label": "124",
        "author": "Chao Liu",
        "title": "Using Temporal Information to Improve Predictive Accuracy of Collaborative Filtering Algorithms",
        "organization": null,
        "abstract": NaN,
        "email": null,
        "conf": "Asia-Pacific Web Conference",
        "coauthors": [
            "rongfei jia",
            "maozhong jin"
        ],
        "keywords": "Collaborative Filtering,Prediction Accuracy,Temporal Information,"
    },
    {
        "id": 697,
        "label": "124",
        "author": "Chao Liu",
        "title": "Categorizing Software Engineering Knowledge Using a Combination of SWEBOK and Text Categorization",
        "organization": null,
        "abstract": NaN,
        "email": null,
        "conf": "Australian Joint Conference on Artificial Intelligence",
        "coauthors": [
            "jianying he",
            "haihua yan",
            "maozhong jin"
        ],
        "keywords": "Software Engineering,Text Categorization,"
    },
    {
        "id": 698,
        "label": "124",
        "author": "Chao Liu",
        "title": "Test Criteria for Context-Free Grammars",
        "organization": null,
        "abstract": NaN,
        "email": null,
        "conf": "International Computer Software and Applications Conference",
        "coauthors": [
            "hu li",
            "maozhong jin",
            "zhongyi gao"
        ],
        "keywords": "Context Free Grammar,"
    },
    {
        "id": 699,
        "label": "124",
        "author": "Chao Liu",
        "title": "A Framework of Model-Driven Web Application Testing",
        "organization": null,
        "abstract": "Web applications have become complex and crucial in many fields. In order to assure their quality, a high demand for systematic methodologies of Web application testing is emerging. In this paper, a methodology of Model-Driven Testing (MDT) for Web application is presented. Model is the core of this method. Web application model is built to describe the system under testing.",
        "email": null,
        "conf": "International Computer Software and Applications Conference",
        "coauthors": [
            "nuo li",
            "qin-qin ma",
            "ji wu",
            "maozhong jin"
        ],
        "keywords": "meta model,Model Generation,Model Test,System Under Test,"
    },
    {
        "id": 700,
        "label": "124",
        "author": "Chao Liu",
        "title": "Application of Maximum Entropy Principle to Software Failure Prediction",
        "organization": null,
        "abstract": NaN,
        "email": null,
        "conf": "International Computer Software and Applications Conference",
        "coauthors": [
            "ji wu",
            "hai-yan yang",
            "xiao-xia jia",
            "chang liu",
            "maozhong jin"
        ],
        "keywords": "Failure Prediction,Maximum Entropy Principle,"
    },
    {
        "id": 701,
        "label": "124",
        "author": "Chao Liu",
        "title": "T3FAH: A TTCN-3 Based Fuzzer with Attack Heuristics",
        "organization": null,
        "abstract": NaN,
        "email": null,
        "conf": "IEEE Control Systems Magazine",
        "coauthors": [
            "luo xu",
            "ji wu"
        ],
        "keywords": null
    },
    {
        "id": 702,
        "label": "124",
        "author": "Chao Liu",
        "title": "Web Application Model Recovery for User Input Validation Testing",
        "organization": null,
        "abstract": "Abstract    The invalidated  input  is  one  of  the  most  critical  web  application security  flaws.  However,  testing  the  user  input validation  function  is  an ,intellectual  and  labor  intensive task.  We  are ,developing  a  model ,driven  framework to help testers to accomplish this job in visual view with  guidance.  This  paper  reports  our  on-going  work. A  meta-model  of  Web  application  for  user",
        "email": null,
        "conf": "International Conference on Software Engineering Advances",
        "coauthors": [
            "nuo li",
            "maozhong jin"
        ],
        "keywords": "meta model,Test Case Generation,Web Application Security,"
    },
    {
        "id": 703,
        "label": "124",
        "author": "Chao Liu",
        "title": "Mining Open Source Component Behavior for Reuse Evaluation",
        "organization": null,
        "abstract": NaN,
        "email": null,
        "conf": "International Conference on Software Reuse",
        "coauthors": [
            "ji wu",
            "chun wang",
            "xiao-xia jia"
        ],
        "keywords": "Open Source,"
    },
    {
        "id": 704,
        "label": "124",
        "author": "Chao Liu",
        "title": "Mining Open Source Component Behavior and Performance for Reuse Evaluation",
        "organization": null,
        "abstract": NaN,
        "email": null,
        "conf": "International Conference for Young Computer Scientists",
        "coauthors": [
            "ji wu",
            "yong po liu",
            "xiao-xia jia"
        ],
        "keywords": "Open Source,"
    },
    {
        "id": 705,
        "label": "124",
        "author": "Chao Liu",
        "title": "A Statistical Model to Locate Faults at Input Level",
        "organization": null,
        "abstract": NaN,
        "email": null,
        "conf": "Automated Software Engineering",
        "coauthors": [
            "ji wu",
            "xiao-xia jia",
            "chang liu",
            "hai-yan yang",
            "maozhong jin"
        ],
        "keywords": "Statistical Model,"
    },
    {
        "id": 706,
        "label": "124",
        "author": "Chao Liu",
        "title": "Architecture Framework for Software Test Tool",
        "organization": null,
        "abstract": NaN,
        "email": null,
        "conf": "Technology of Object-Oriented Languages and Systems",
        "coauthors": [
            "chang-ai sun",
            "maozhong jin",
            "mei zhang"
        ],
        "keywords": "Software Testing,"
    },
    {
        "id": 707,
        "label": "124",
        "author": "Chao Liu",
        "title": "Perturbation-based user-input-validation testing of web applications",
        "organization": null,
        "abstract": NaN,
        "email": null,
        "conf": "Journal of Systems and Software",
        "coauthors": [
            "nuo li",
            "tao xie",
            "maozhong jin"
        ],
        "keywords": null
    },
    {
        "id": 708,
        "label": "125",
        "author": "Chao Liu",
        "title": "Approximate Jacobian Adaptive Control for Robot Manipulators",
        "organization": null,
        "abstract": NaN,
        "email": null,
        "conf": "International Conference on Robotics and Automation",
        "coauthors": [
            "chien-chern cheah",
            "jean-jacques e. slotine"
        ],
        "keywords": "Adaptive Control,Robot Manipulator,"
    },
    {
        "id": 709,
        "label": "125",
        "author": "Chao Liu",
        "title": "Adaptive Jacobian Tracking Control of Robots based on Visual Task-space Information",
        "organization": null,
        "abstract": NaN,
        "email": null,
        "conf": "International Conference on Robotics and Automation",
        "coauthors": [
            "chien-chern cheah",
            "jean-jacques e. slotine"
        ],
        "keywords": "Tracking Control,"
    },
    {
        "id": 710,
        "label": "125",
        "author": "Chao Liu",
        "title": "Adaptive Vision based Tracking Control of Robots with Uncertainty in Depth Information",
        "organization": null,
        "abstract": NaN,
        "email": null,
        "conf": "International Conference on Robotics and Automation",
        "coauthors": [
            "chien-chern cheah",
            "jean-jacques e. slotine"
        ],
        "keywords": "Tracking Control,"
    },
    {
        "id": 711,
        "label": "125",
        "author": "Chao Liu",
        "title": "Adaptive Regulation of Rigid-Link Electrically Driven Robots with Uncertain Kinematics",
        "organization": null,
        "abstract": NaN,
        "email": null,
        "conf": "International Conference on Robotics and Automation",
        "coauthors": [
            "chien-chern cheah"
        ],
        "keywords": null
    },
    {
        "id": 712,
        "label": "125",
        "author": "Chao Liu",
        "title": "Adaptive Task-space Regulation of Rigid-link Flexible-joint Robots with Uncertain Kinematics",
        "organization": null,
        "abstract": NaN,
        "email": null,
        "conf": "International Conference on Robotics and Automation",
        "coauthors": [
            "chien-chern cheah",
            "jean-jacques e. slotine"
        ],
        "keywords": "Flexible Joint Robot,"
    },
    {
        "id": 713,
        "label": "125",
        "author": "Chao Liu",
        "title": "SP-ID regulation of rigid-link electrically-driven robots with uncertain kinematics",
        "organization": null,
        "abstract": NaN,
        "email": null,
        "conf": "International Conference on Robotics and Automation",
        "coauthors": [
            "philippe poignet"
        ],
        "keywords": null
    },
    {
        "id": 714,
        "label": "125",
        "author": "Chao Liu",
        "title": "Adaptive Jacobian PID Regulation for Robots with Uncertain Kinematics and Actuator Model",
        "organization": null,
        "abstract": NaN,
        "email": null,
        "conf": "International Conference on Intelligent RObots and Systems - IROS",
        "coauthors": [
            "chien-chern cheah",
            "jean-jacques e. slotine"
        ],
        "keywords": null
    },
    {
        "id": 715,
        "label": "125",
        "author": "Chao Liu",
        "title": "Deformable motion tracking of the heart surface",
        "organization": null,
        "abstract": NaN,
        "email": null,
        "conf": "International Conference on Intelligent RObots and Systems - IROS",
        "coauthors": [
            "rogério richa",
            "philippe poignet"
        ],
        "keywords": "Motion Tracking,"
    },
    {
        "id": 716,
        "label": "125",
        "author": "Chao Liu",
        "title": "Experiments on Adaptive Control of Robots with Uncertain Kinematics and Dynamics",
        "organization": null,
        "abstract": NaN,
        "email": null,
        "conf": "International Symposium on Experimental Robotics",
        "coauthors": [
            "chien-chern cheah",
            "jean-jacques e. slotine"
        ],
        "keywords": "Adaptive Control,Kinematics and Dynamics,"
    },
    {
        "id": 717,
        "label": "125",
        "author": "Chao Liu",
        "title": "Efficient 3D Tracking for Motion Compensation in Beating Heart Surgery",
        "organization": null,
        "abstract": NaN,
        "email": null,
        "conf": "Medical Image Computing and Computer-Assisted Intervention",
        "coauthors": [
            "rogério richa",
            "philippe poignet"
        ],
        "keywords": "Beating Heart Surgery,Motion Compensated,"
    },
    {
        "id": 718,
        "label": "125",
        "author": "Chao Liu",
        "title": "Adaptive Jacobian vision based control for robots with uncertain depth information",
        "organization": null,
        "abstract": NaN,
        "email": null,
        "conf": "Automatica",
        "coauthors": [
            "chien-chern cheah",
            "jean-jacques e. slotine"
        ],
        "keywords": null
    },
    {
        "id": 719,
        "label": "125",
        "author": "Chao Liu",
        "title": "Adaptive Jacobian tracking control of rigid-link electrically driven robots based on visual task-space information",
        "organization": null,
        "abstract": NaN,
        "email": null,
        "conf": "Automatica",
        "coauthors": [
            "chien-chern cheah",
            "jean-jacques e. slotine"
        ],
        "keywords": "Tracking Control,"
    },
    {
        "id": 720,
        "label": "125",
        "author": "Chao Liu",
        "title": "Adaptive task-space regulation of rigid-link flexible-joint robots with uncertain kinematics",
        "organization": null,
        "abstract": NaN,
        "email": null,
        "conf": "Automatica",
        "coauthors": [
            "chien-chern cheah",
            "jean-jacques e. slotine"
        ],
        "keywords": "Flexible Joint Robot,"
    },
    {
        "id": 721,
        "label": "125",
        "author": "Chao Liu",
        "title": "Adaptive Tracking Control for Robots with Unknown Kinematic and Dynamic Properties",
        "organization": null,
        "abstract": "It has been almost two decades since the first globally tracking con- vergent adaptive controllers were derived for robot with dynamic uncertainties. However, the problem of concurrent adaptation to both kinematic and dynamic uncertainties has never been system- atically solved. This is the subject of this paper. We derive a new adaptive Jacobian controller for trajectory tracking of robot with",
        "email": null,
        "conf": "International Journal of Robotic Research",
        "coauthors": [
            "chien-chern cheah",
            "jean-jacques e. slotine"
        ],
        "keywords": "Adaptive Control,Kinematics and Dynamics,Tracking Control,Trajectory Tracking,visual servoing,Visual Tracking,"
    }
]