[
    {
        "id": 725,
        "label": "127",
        "author": "Chen Li",
        "title": "An Integrated Microcomputer System for Real-time Monitoring of Luminescent Signals From Multiple-well Disks",
        "organization": null,
        "abstract": NaN,
        "email": null,
        "conf": "Computational Biology and Chemistry / Computers & Chemistry",
        "coauthors": [
            "ruan fu-chang",
            "li xiang-ming"
        ],
        "keywords": "Real-time Monitoring,"
    },
    {
        "id": 726,
        "label": "128",
        "author": "Chen Li",
        "title": "Randomized Zero Testing of Radical Expressions and Elementary Geometry Theorem Proving",
        "organization": null,
        "abstract": " We develop a probabilistic test for the vanishing of radical expressions, that is, expressions involving the four rational operations (+; ; ; ) and square root extraction. This extends the well-known Schwartz's probabilistic test for the vanishing of polynomials. The probabilistic test forms the basis of a new theorem prover for conjectures about ruler &amp;amp; compass constructions. Our implementation uses",
        "email": null,
        "conf": "Automated Deduction in Geometry",
        "coauthors": [
            "daniela tulone",
            "chee-keng yap"
        ],
        "keywords": "Theorem Prover,Theorem Proving,Vanishing of,"
    },
    {
        "id": 727,
        "label": "128",
        "author": "Chen Li",
        "title": "A new constructive root bound for algebraic expressions",
        "organization": null,
        "abstract": "Computing effective root bounds for constant algebraic expressions is a critical problem in the Exact Geometric Computation approach to robust geometric programs. Classical root bounds are often non-constructive. Recently, various authors have proposed bounding methods which might be called constructive root bounds. For the important class of radical expressions, Burnikel et al (BFMS) have provided a constructive root bound which,",
        "email": null,
        "conf": "Symposium on Discrete Algorithms",
        "coauthors": [
            "chee-keng yap"
        ],
        "keywords": "Exact Geometric Computation,Geometric Program,"
    },
    {
        "id": 728,
        "label": "128",
        "author": "Chen Li",
        "title": "Recent progress in exact geometric computation",
        "organization": null,
        "abstract": NaN,
        "email": null,
        "conf": "The Journal of Logic and Algebraic Programming",
        "coauthors": [
            "sylvain pion",
            "chee-keng yap"
        ],
        "keywords": "Exact Geometric Computation,"
    },
    {
        "id": 729,
        "label": "129",
        "author": "Chen Li",
        "title": "Floorplan management: incremental placement for gate sizing and buffer insertion",
        "organization": null,
        "abstract": "Incremental physical design is an important methodology towards achieving design closure for high-performance large-scale circuits. Placement tools must accommodate incremental changes to the lay- out and netlist due to physical synthesis techniques without perturb- ing the original metrics. We present an incremental placement ap- proach using oorplan sizing to manage the resources and demands of the whole chip region in",
        "email": null,
        "conf": "Asia and South Pacific Design Automation Conference",
        "coauthors": [
            "cheng-kok koh",
            "patrick h. madden"
        ],
        "keywords": "Buffer Insertion,High Performance,Large Scale,Physical Design,"
    },
    {
        "id": 730,
        "label": "129",
        "author": "Chen Li",
        "title": "Routability-driven placement and white space allocation",
        "organization": null,
        "abstract": "We present a two-stage congestion-driven placement flow. First, during each refinement stage of our multilevel global placement framework, we replace cells based on the wirelength weighted by congestion level to reduce the routing demands of congested regions. Second, after the global placement stage, we allocate appropriate amounts of white space into different regions of the chip according to a congestion",
        "email": null,
        "conf": "International Conference on Computer Aided Design",
        "coauthors": [
            "min xie",
            "cheng-kok koh",
            "jason cong",
            "patrick h. madden"
        ],
        "keywords": "Design Automation,Indexing Terms,Top Down,"
    },
    {
        "id": 731,
        "label": "129",
        "author": "Chen Li",
        "title": "Recursive bisection based mixed block placement",
        "organization": null,
        "abstract": "Many current designs contain a large number of standard cells intermixed with larger macro blocks. The range of size in these \"mixed block\" designs complicates the placement process considerably; traditional methods produce results that are far from satisfactory.In this paper we extend the traditional recursive bisection standard cell placement tool Feng Shui to directly consider mixed block designs. On a",
        "email": null,
        "conf": "International Symposium on Physical Design",
        "coauthors": [
            "ateen khatkhate",
            "ameya r. agnihotri",
            "mehmet can yildiz",
            "satoshi ono",
            "cheng-kok koh",
            "patrick h. madden"
        ],
        "keywords": "Block Design,Macro Block,"
    },
    {
        "id": 732,
        "label": "129",
        "author": "Chen Li",
        "title": "Recursive Function Smoothing of Half-Perimeter Wirelength for Analytical Placement",
        "organization": null,
        "abstract": NaN,
        "email": null,
        "conf": "International Symposium on Quality Electronic Design",
        "coauthors": [
            "cheng-kok koh"
        ],
        "keywords": null
    },
    {
        "id": 733,
        "label": "129",
        "author": "Chen Li",
        "title": "Mixed block placement via fractional cut recursive bisection",
        "organization": null,
        "abstract": NaN,
        "email": null,
        "conf": "IEEE Transactions on Computer-aided Design of Integrated Circuits and Systems",
        "coauthors": [
            "ameya r. agnihotri",
            "satoshi ono",
            "mehmet can yildiz",
            "ateen khatkhate",
            "cheng-kok koh",
            "patrick h. madden"
        ],
        "keywords": null
    },
    {
        "id": 734,
        "label": "129",
        "author": "Chen Li",
        "title": "Routability-Driven Placement and White Space Allocation",
        "organization": null,
        "abstract": NaN,
        "email": null,
        "conf": "IEEE Transactions on Computer-aided Design of Integrated Circuits and Systems",
        "coauthors": [
            "min xie",
            "cheng-kok koh",
            "jason cong",
            "patrick h. madden"
        ],
        "keywords": null
    },
    {
        "id": 735,
        "label": "129",
        "author": "Chen Li",
        "title": "Postlayout optimization for synthesis of Domino circuits",
        "organization": null,
        "abstract": "Logic duplication, a commonly used synthesis technique to remove trapped inverters in reconvergent paths of Domino circuits, incurs high area and power penalties. In this article, we propose a synthesis scheme to reduce the duplication cost by allowing inverters in Domino logic under certain timing constraints for both simple and complex gates. Moreover, we can include the logic duplication minimization",
        "email": null,
        "conf": "ACM Transactions on Design Automation of Electronic Systems",
        "coauthors": [
            "aiqun cao",
            "ruibing lu",
            "cheng-kok koh"
        ],
        "keywords": "Technology Mapping,Time Constraint,"
    },
    {
        "id": 736,
        "label": "130",
        "author": "Chen Li",
        "title": "Using Trust for Restricted Delegation in Grid Environments",
        "organization": null,
        "abstract": NaN,
        "email": null,
        "conf": "Information Security Practice and Experience",
        "coauthors": [
            "wenbao jiang",
            "shuang hao",
            "yiqi dai"
        ],
        "keywords": null
    },
    {
        "id": 737,
        "label": "131",
        "author": "Chen Li",
        "title": "A Service-Oriented Architecture for Semantic Recommendation and Integration of Products/Application Services (SOA-RIPAS) in Globalization",
        "organization": null,
        "abstract": NaN,
        "email": null,
        "conf": "Asia-Pacific Services Computing Conference",
        "coauthors": [
            "jiayin qi",
            "wei wei",
            "huaying shu"
        ],
        "keywords": "Service Oriented Architecture,"
    },
    {
        "id": 738,
        "label": "131",
        "author": "Chen Li",
        "title": "A HowNet Based Web Log Mining Algorithm",
        "organization": null,
        "abstract": NaN,
        "email": null,
        "conf": "IFIP TC8 Publications",
        "coauthors": [
            "jiayin qi",
            "huaying shu"
        ],
        "keywords": "Web Log Mining,"
    },
    {
        "id": 739,
        "label": "131",
        "author": "Chen Li",
        "title": "A System Dynamics Model for SMS Governance",
        "organization": null,
        "abstract": NaN,
        "email": null,
        "conf": "IFIP TC8 Publications",
        "coauthors": [
            "jiayin qi",
            "huaying shu"
        ],
        "keywords": "System Dynamics Modeling,"
    },
    {
        "id": 740,
        "label": "132",
        "author": "Chen Li",
        "title": "Performance Evaluation of a Two-Processor Scheduling Method for Acyclic SWITCH-less Program Nets",
        "organization": null,
        "abstract": NaN,
        "email": null,
        "conf": "Ieice Transactions",
        "coauthors": [
            "qi-wei ge",
            "mitsuru nakata"
        ],
        "keywords": "Performance Evaluation,"
    },
    {
        "id": 741,
        "label": "132",
        "author": "Chen Li",
        "title": "Petri Net Based Descriptions for Systematic Understanding of Biological Pathways",
        "organization": null,
        "abstract": NaN,
        "email": null,
        "conf": "Ieice Transactions",
        "coauthors": [
            "hiroshi matsuno",
            "satoru miyano"
        ],
        "keywords": "petri net,"
    },
    {
        "id": 742,
        "label": "132",
        "author": "Chen Li",
        "title": "Structural Modeling and Analysis of Signaling Pathways Based on Petri Nets",
        "organization": null,
        "abstract": NaN,
        "email": null,
        "conf": "Journal of Bioinformatics and Computational Biology",
        "coauthors": [
            "shunichi suzuki",
            "qi-wei ge",
            "mitsuru nakata",
            "hiroshi matsuno",
            "satoru miyano"
        ],
        "keywords": "Enzyme Activity,Signaling Pathway,Structural Model,petri net,"
    },
    {
        "id": 743,
        "label": "133",
        "author": "Chen Li",
        "title": "Security in the Web Services Framework",
        "organization": null,
        "abstract": "The Web Services Framework provides techniques to enable the application-to-application use of the Web. It has the potential of becoming the core of a new Web-based middleware platform, providing interoperability between computational services using Web- and Internet-technologies. Security is of course of major importance in this context. We introduce here extensions to two major building blocks of the Web Services",
        "email": null,
        "conf": "International Symposium on Information and Communication Technologies",
        "coauthors": [
            "claus pahl"
        ],
        "keywords": "Building Block,Internet Technology,Middleware,Web Service,Universal Description Discovery and Integration,Web Service Description Language,"
    }
]