[
    {
        "id": 747,
        "label": "135",
        "author": "Chih-Chun Chen",
        "title": "Consistent parametrization by quinary subdivision for remeshing and mesh metamorphosis",
        "organization": null,
        "abstract": "The vertex correspondence establishment among multiple objects is a versatile operation in computer graphics and geometry processing. We propose a systematic method called recursive quinary subdivision to efficiently find a dissection for a meshed object of genus-zero with little user input. The process can be easily extended to multiple objects, taking into account the alignment of extra feature points for",
        "email": null,
        "conf": "Computer graphics and interactive techniques in Austalasia and South East Asia",
        "coauthors": [
            "jian-liang lin",
            "jung-hong chuang",
            "cheng-chung lin"
        ],
        "keywords": "Computer Graphic,Geometry Processing,Multiple Objectives,multiresolution modeling,"
    },
    {
        "id": 748,
        "label": "135",
        "author": "Chih-Chun Chen",
        "title": "Rendering complex scenes using spatial subdivision and textured LOD meshes",
        "organization": null,
        "abstract": "We present a hybrid rendering scheme that explores the locality of visibility at the cost of extra storage and prefetching, and makes a tradeoff between image quality and rendering efficiency by using textured level-of-detail (LOD) meshes. The space is first subdivided into cells. For each cell, inside objects are rendered as normal while outside objects are rendered as textured LOD",
        "email": null,
        "conf": "Computers & Graphics",
        "coauthors": [
            "jung-hong chuang",
            "bo-yin lee",
            "wei-wen feng",
            "ting chiou"
        ],
        "keywords": "Image Based Rendering,Image Quality,Texture Mapping,Level of Detail,"
    },
    {
        "id": 749,
        "label": "135",
        "author": "Chih-Chun Chen",
        "title": "Texture Adaptation for Progressive Meshes",
        "organization": null,
        "abstract": "Level-of-detail modeling is a vital representation for real-time applications. T o support texture mapping progres- sive meshes (PM), we usually allow the whole PM sequence to share a comm on texture map. Although such a common texture map can be derived by using appropriate mesh paramete rizations that consider the minimization of geometry stretch, texture stretch, or even the texture",
        "email": null,
        "conf": "Computer Graphics Forum",
        "coauthors": [
            "jung-hong chuang"
        ],
        "keywords": "Indexation,Linear Interpolation,Mesh Simplification,Progressive Mesh,Real Time Application,Texture Mapping,Level of Detail,On The Fly,"
    }
]