[
    {
        "id": 745,
        "label": "134",
        "author": "Chih-Chiang Wang",
        "title": "The Design of a Lexical Difficulty Filter for Language Learning on the Internet",
        "organization": null,
        "abstract": NaN,
        "email": null,
        "conf": "International Conference on Advanced Learning Technologies",
        "coauthors": [
            "chin-hwa kuo",
            "david wible",
            "feng-yi chien"
        ],
        "keywords": "Language Learning,"
    }
]