[
    {
        "id": 751,
        "label": "136",
        "author": "Chong Wang",
        "title": "MSRA Columbus at GeoCLEF 2006",
        "organization": null,
        "abstract": "This paper describes the participation of Columbus Project of Microsoft Research Asia (MSRA) in the Geo- CLEF 2006 (a cross-language geographical retrieval track which is part of Cross Language Evaluation Forum). For location extraction from the corpus, we employ a gazetteer and rule based approach. We use the MSRA's IREngine as our text search engine. Both text indexing and geo-indexing",
        "email": null,
        "conf": "Cross-Language Evaluation Forum",
        "coauthors": [
            "zhisheng li",
            "xing xie",
            "xufa wang",
            "wei-ying ma"
        ],
        "keywords": "Automatic Query Expansion,Geographic Information Retrieval,Indexation,Natural Language,Query Expansion,Search Engine,Text Indexing,Cross Language Evaluation Forum,Rule Based,"
    },
    {
        "id": 752,
        "label": "136",
        "author": "Chong Wang",
        "title": "Exploring LDA-Based Document Model for Geographic Information Retrieval",
        "organization": null,
        "abstract": NaN,
        "email": null,
        "conf": "Cross-Language Evaluation Forum",
        "coauthors": [
            "zhisheng li",
            "xing xie",
            "xufa wang",
            "wei-ying ma"
        ],
        "keywords": "Document Model,Geographic Information Retrieval,"
    },
    {
        "id": 753,
        "label": "136",
        "author": "Chong Wang",
        "title": "Indexing implicit locations for geographical information retrieval",
        "organization": null,
        "abstract": "Local search has become a hot topic recently in information retrieval research area. How to retrieve geographical information correctly and efficiently is a key challenge to location-based search services. In this paper, we present a GIR (geographical information retrieval) system which uses implicit locations to improve retrieval performance. Experimental results based on Geo-CLEF 2006 (a cross-language geographical retrieval track which",
        "email": null,
        "conf": "Geographic Information Retrieval",
        "coauthors": [
            "zhisheng li",
            "xing xie",
            "xufa wang",
            "wei-ying ma"
        ],
        "keywords": "Geographic Information,Geographic Information Retrieval,Indexation,Information Retrieval,Cross Language Evaluation Forum,Local Search,"
    },
    {
        "id": 754,
        "label": "136",
        "author": "Chong Wang",
        "title": "Mining geographic knowledge using location aware topic model",
        "organization": null,
        "abstract": "Most online activities are associated with geographical locations. For example, people write personal blogs about interesting places they have ever been to; read news about important local events; and search the web to find delicious restaurants. Mining geographical knowledge from these online activities can greatly benefit lots of web applications. In this paper, we propose a Location Aware Topic Model",
        "email": null,
        "conf": "Geographic Information Retrieval",
        "coauthors": [
            "jinggang wang",
            "xing xie",
            "wei-ying ma"
        ],
        "keywords": "Location Awareness,Probabilistic Graphical Model,"
    },
    {
        "id": 755,
        "label": "136",
        "author": "Chong Wang",
        "title": "Robust Visual Tracking Via Incremental Maximum Margin Criterion",
        "organization": null,
        "abstract": NaN,
        "email": null,
        "conf": "International Symposium on Neural Networks",
        "coauthors": [
            "lu wang",
            "ming wen",
            "wenyuan wang"
        ],
        "keywords": "Visual Tracking,"
    },
    {
        "id": 756,
        "label": "136",
        "author": "Chong Wang",
        "title": "MusicSense: contextual music recommendation using emotional allocation modeling",
        "organization": null,
        "abstract": "In this paper, we present a novel contextual music recom- mendation approach, MusicSense, to automatically suggest music when users read Web documents such as Weblogs. MusicSense matches music to a document's content, in terms of the emotions expressed by both the document and the mu- sic songs. To achieve this, we propose a generative model- Emotional Allocation Modeling-in which a",
        "email": null,
        "conf": "ACM Multimedia Conference",
        "coauthors": [
            "rui cai",
            "chao zhang",
            "lei zhang",
            "wei-ying ma"
        ],
        "keywords": "Emotional Expression,Generic Model,Web Documents,Web Pages,"
    },
    {
        "id": 757,
        "label": "136",
        "author": "Chong Wang",
        "title": "Using Term Clustering and Supervised Term Affinity Construction to Boost Text Classification",
        "organization": null,
        "abstract": NaN,
        "email": null,
        "conf": "Pacific-Asia Conference on Knowledge Discovery and Data Mining",
        "coauthors": [
            "wenyuan wang"
        ],
        "keywords": "Text Classification,"
    },
    {
        "id": 758,
        "label": "136",
        "author": "Chong Wang",
        "title": "Improving Web Browsing on Small Devices Based on Table Classification",
        "organization": null,
        "abstract": NaN,
        "email": null,
        "conf": "IEEE Pacific Rim Conference on Multimedia",
        "coauthors": [
            "xing xie",
            "wenyuan wang",
            "wei-ying ma"
        ],
        "keywords": "Web Browsing,"
    },
    {
        "id": 759,
        "label": "136",
        "author": "Chong Wang",
        "title": "Collapse-to-zoom: viewing web pages on small screen devices by interactively removing irrelevant content",
        "organization": null,
        "abstract": "Overview visualizations for small-screen web browsers were designed to provide users with visual context and to allow them to rapidly zoom in on tiles of relevant content. Given that content in the overview is reduced, however, users are often unable to tell which tiles hold the relevant material, which can force them to adopt a time-consuming hunt-and-peck strategy. Collapse-to-zoom addresses",
        "email": null,
        "conf": "User Interface Software and Technology",
        "coauthors": [
            "patrick baudisch",
            "xing xie",
            "wei-ying ma"
        ],
        "keywords": "Marking Menu,Small Screen Device,Web Browsing,Web Pages,"
    },
    {
        "id": 760,
        "label": "136",
        "author": "Chong Wang",
        "title": "An adaptive web page layout structure for small devices",
        "organization": null,
        "abstract": "The limited display size of current small Inter- net devices is becoming a serious obstacle to information access. In this paper, we introduce a Document REpresen- tation for Scalable Structures (DRESS) to help informa- tion providers make composite documents, typically web pages, scalable in both logic and layout structure to sup- port effective information acquisition in heterogeneous en- vironments. Through",
        "email": null,
        "conf": "Multimedia Systems",
        "coauthors": [
            "xing xie",
            "li-qun chen",
            "wei-ying ma"
        ],
        "keywords": "Adaptive Content Delivery,Branch and Bound Algorithm,Document Representation,Dynamic Adaptation,Information Access,Information Acquisition,Mobile Device,User Study,Web Browsing,Web Pages,"
    },
    {
        "id": 761,
        "label": "136",
        "author": "Chong Wang",
        "title": "Off-line Chinese signature verification based on support vector machines",
        "organization": null,
        "abstract": "This paper proposes a novel off-line Chinese signature verification method based on support vector machines. The method uses both static features and dynamic features. The static features include moment features and 16-direction distribution (an improvement on 4-direction distribution). The dynamic features include gray distribution and stroke width distribution. At last, support vector machine is used to classify the signatures. The",
        "email": null,
        "conf": "Pattern Recognition Letters",
        "coauthors": [
            "lv hairong",
            "wenyuan wang",
            "qing zhuo"
        ],
        "keywords": "Signature Verification,Support Vector Machine,Error Rate,"
    },
    {
        "id": 762,
        "label": "136",
        "author": "Chong Wang",
        "title": "Links between PPCA and subspace methods for complete Gaussian density estimation",
        "organization": null,
        "abstract": "Abstract, High-dimensional density estimation is a fundamental problem in pattern recognition and machine learning areas. In this letter, we show that, for complete high-dimensional Gaussian density estimation, two widely used methods, probabilistic principal component analysis and a typical subspace method using eigenspace decomposition, actually give the same results. Additionally, we present a unified view from the aspect of robust estimation",
        "email": null,
        "conf": "IEEE Transactions on Neural Networks",
        "coauthors": [
            "wenyuan wang"
        ],
        "keywords": "Covariance Matrix,Density Estimation,High Dimensionality,Indexing Terms,Machine Learning,Pattern Recognition,Robust Estimator,Subspace Method,Probabilistic Principal Component Analysis,"
    },
    {
        "id": 763,
        "label": "137",
        "author": "Chong Wang",
        "title": "A Blind Source Separation Based Multibit Digital Audio Watermarking Scheme",
        "organization": null,
        "abstract": NaN,
        "email": null,
        "conf": "International Symposium on Neural Networks",
        "coauthors": [
            "xiaohong ma",
            "xiaoyan ding",
            "fuliang yin"
        ],
        "keywords": "Audio Watermarking,Blind Source Separation,"
    },
    {
        "id": 764,
        "label": "137",
        "author": "Chong Wang",
        "title": "A Digital Audio Watermarking Scheme Based on Blind Source Separation",
        "organization": null,
        "abstract": NaN,
        "email": null,
        "conf": "International Symposium on Neural Networks",
        "coauthors": [
            "xiaohong ma",
            "xiangping cong",
            "fuliang yin"
        ],
        "keywords": "Audio Watermarking,Blind Source Separation,"
    },
    {
        "id": 765,
        "label": "137",
        "author": "Chong Wang",
        "title": "An Audio Watermarking Scheme with Neural Network",
        "organization": null,
        "abstract": NaN,
        "email": null,
        "conf": "International Symposium on Neural Networks",
        "coauthors": [
            "xiaohong ma",
            "xiangping cong",
            "fuliang yin"
        ],
        "keywords": "Audio Watermarking,Neural Network,"
    },
    {
        "id": 766,
        "label": "138",
        "author": "Chong Wang",
        "title": "MFI4Onto: Towards Ontology Registration on the Semantic Web",
        "organization": null,
        "abstract": NaN,
        "email": null,
        "conf": "Conference on Computer and Information Technology",
        "coauthors": [
            "keqing he",
            "yangfan he"
        ],
        "keywords": "Semantic Web,"
    },
    {
        "id": 767,
        "label": "138",
        "author": "Chong Wang",
        "title": "MFI-3: An Enabler for Semantic Interoperation between Enterprise Information Resources",
        "organization": null,
        "abstract": NaN,
        "email": null,
        "conf": "Interoperability for Enterprise Software and Applications",
        "coauthors": [
            "yangfan he",
            "keqing he",
            "jian wang"
        ],
        "keywords": "Semantic Interoperability,"
    },
    {
        "id": 768,
        "label": "138",
        "author": "Chong Wang",
        "title": "Towards Service-Oriented Semantic Interoperability Based on Connecting Ontologies",
        "organization": null,
        "abstract": NaN,
        "email": null,
        "conf": "Interoperability for Enterprise Software and Applications",
        "coauthors": [
            "jian wang",
            "keqing he",
            "yangfan he"
        ],
        "keywords": "Semantic Interoperability,Service Orientation,"
    },
    {
        "id": 769,
        "label": "138",
        "author": "Chong Wang",
        "title": "Using MPMR to Support Developing Web Service Applications for Enterprises",
        "organization": null,
        "abstract": NaN,
        "email": null,
        "conf": "Interoperability for Enterprise Software and Applications",
        "coauthors": [
            "keqing he",
            "jian wang",
            "yangfan he"
        ],
        "keywords": "Web Service,"
    },
    {
        "id": 770,
        "label": "138",
        "author": "Chong Wang",
        "title": "A Metamodel for Enabling a Service Oriented Architecture",
        "organization": null,
        "abstract": "Process modelling initiatives generally develop their process models without much emphasis on data, burying their sequence of operations as a thread within a non-elementary process. More often than not, these buried operations are elementary atomic reusable components. The resulting models are generally not flexible or sufficiently reusable, suffering from update anomalies and redundancies. Addressing \"service\" as a major deliverable component,",
        "email": null,
        "conf": "OTM Workshops",
        "coauthors": [
            "baba piprani",
            "keqing he"
        ],
        "keywords": "Data Model,Process Model,Process Modelling,Reusable Component,Service Oriented Architecture,Web Service,"
    },
    {
        "id": 771,
        "label": "138",
        "author": "Chong Wang",
        "title": "Metamodel Framework for Ontology Registration (MMF4Ontology Registration) for Semantic Interoperation",
        "organization": null,
        "abstract": NaN,
        "email": null,
        "conf": "Semantics, Knowledge and Grid",
        "coauthors": [
            "yangfan he",
            "keqing he",
            "fei he"
        ],
        "keywords": "Semantic Interoperability,"
    }
]