[
    {
        "id": 845,
        "label": "152",
        "author": "Christoph Lange",
        "title": "Dimensions of Formality: A Case Study for MKM in Software Engineering",
        "organization": null,
        "abstract": NaN,
        "email": null,
        "conf": "Computing Research Repository",
        "coauthors": [
            "andrea kohlhase",
            "michael kohlhase"
        ],
        "keywords": "Case Study,Software Engineering,"
    },
    {
        "id": 846,
        "label": "152",
        "author": "Christoph Lange",
        "title": "Publishing Math Lecture Notes as Linked Data",
        "organization": null,
        "abstract": "We mark up a corpus of LATEX lecture notes semantically and expose them as Linked Data in XHTML+MathML+RDFa. Our applica- tion makes the resulting documents interactively browsable for students. Our ontology helps to answer queries from students and lecturers, and paves the path towards an integration of our corpus with external sites.",
        "email": null,
        "conf": "Computing Research Repository",
        "coauthors": [
            "catalin david",
            "michael kohlhase",
            "florian rabe",
            "nikita zhiltsov",
            "vyacheslav zholudev"
        ],
        "keywords": "Linked Data,"
    },
    {
        "id": 847,
        "label": "152",
        "author": "Christoph Lange",
        "title": "Towards a Semantic Wiki for Science",
        "organization": null,
        "abstract": "Collaborative work environments for scientific knowledge have many applications in research as well as in education. Such systems already exist (e.g. Wikipedia and Plan- etMath), but they do not oer all the services users would like to have. Starting from semantic markup of knowledge as a prerequisite for services like dependency management, intelligent navigation and search, and for knowledge reuse",
        "email": null,
        "conf": "European Semantic Web Symposium / Conference",
        "coauthors": [],
        "keywords": "Case Study,Collaborative Work,Dependency Management,Domain Specificity,Knowledge Reuse,Markup Language,Scientific Knowledge,Semantic Wiki,Service Operation,Web Service,Work Environment,"
    },
    {
        "id": 848,
        "label": "152",
        "author": "Christoph Lange",
        "title": "SWiM - A Semantic Wiki for Mathematical Knowledge Management",
        "organization": null,
        "abstract": "SWiM is a semantic wiki for collaboratively building, edit- ing and browsing mathematical knowledge represented in the domain- specific structural semantic markup language OMDoc. It motivates users to contribute to collections of mathematical knowledge by instantly shar- ing the benefits of knowledge-powered services with them. SWiM is cur- rently being used for authoring content dictionaries, i.e. collections of uniquely identified",
        "email": null,
        "conf": "Computing Research Repository",
        "coauthors": [],
        "keywords": "Domain Specificity,Large Scale,Markup Language,Mathematical Knowledge Management,Semantic Wiki,"
    },
    {
        "id": 849,
        "label": "152",
        "author": "Christoph Lange",
        "title": "sTeX+ - a System for Flexible Formalization of Linked Data",
        "organization": null,
        "abstract": "We present the sTeX+ system, a user-driven advancement of sTeX - a semantic",
        "email": null,
        "conf": NaN,
        "coauthors": [
            "andrea kohlhase",
            "michael kohlhase"
        ],
        "keywords": null
    },
    {
        "id": 854,
        "label": "152",
        "author": "Christoph Lange",
        "title": "Arguing on Issues with Mathematical Knowledge Items in a Semantic Wiki",
        "organization": null,
        "abstract": NaN,
        "email": null,
        "conf": "Lernen, Wissensentdeckung und Adaptivit?t",
        "coauthors": [
            "tuukka hastrup",
            "stephane corlosquet"
        ],
        "keywords": "Semantic Wiki,"
    },
    {
        "id": 855,
        "label": "152",
        "author": "Christoph Lange",
        "title": "Integrating Web Services into Active Mathematical Documents",
        "organization": null,
        "abstract": "Active mathematical documents are distinguished from tra- ditional paper-oriented ones by their ability to interactively adapt to a reader's inputs. This includes changes in the presentation of the content of the document as well as changes of that content itself. We have developed the JOBAD architecture, a client/server infrastructure for active mathematical documents. A server-side module generates active documents, which",
        "email": null,
        "conf": "Mathematical Knowledge Management",
        "coauthors": [
            "jana giceva",
            "florian rabe"
        ],
        "keywords": "Case Study,User Interaction,Web Service,Client Server,"
    },
    {
        "id": 856,
        "label": "152",
        "author": "Christoph Lange",
        "title": "A Mathematical Approach to Ontology Authoring and Documentation",
        "organization": null,
        "abstract": NaN,
        "email": null,
        "conf": "Mathematical Knowledge Management",
        "coauthors": [
            "michael kohlhase"
        ],
        "keywords": null
    },
    {
        "id": 857,
        "label": "152",
        "author": "Christoph Lange",
        "title": "Mathematical Semantic Markup in a Wiki: The Roles of Symbols and Notations",
        "organization": null,
        "abstract": "We present semantic markup as a way to exploit the seman- tics of mathematics in a wiki. Semantic markup makes mathematical knowledge machine-processable and thus allows for a multitude of useful applications. But as it is hard to read and write for humans, an edi- tor needs to understand its inherent semantics and allow for a human- readable presentation. The",
        "email": null,
        "conf": "Semantic Wikis",
        "coauthors": [],
        "keywords": "Collaborative Editing,Markup Language,Reading and Writing,Semantic Wiki,"
    },
    {
        "id": 858,
        "label": "152",
        "author": "Christoph Lange",
        "title": "A Semantic Wiki for Mathematical Knowledge Management",
        "organization": null,
        "abstract": "We propose the architecture of a semantic wiki for collabo- ratively building, editing and browsing a mathematical knowledge base. Its hyperlinked pages, containing mathematical theories, are stored as OMDoc, a markup format for mathematical knowledge representation. Our long-term objective is to develop a software that, on the one hand, facilitates the creation of a shared, public collection of mathematical knowledge",
        "email": null,
        "conf": "Semantic Wikis",
        "coauthors": [
            "michael kohlhase"
        ],
        "keywords": "Knowledge Base,Knowledge Representation,Mathematical Knowledge Management,Semantic Wiki,Working Group,"
    },
    {
        "id": 859,
        "label": "152",
        "author": "Christoph Lange",
        "title": "Flyspeck in a Semantic Wiki",
        "organization": null,
        "abstract": NaN,
        "email": null,
        "conf": "Semantic Wikis",
        "coauthors": [
            "sean mclaughlin",
            "florian rabe"
        ],
        "keywords": "Semantic Wiki,"
    },
    {
        "id": 860,
        "label": "152",
        "author": "Christoph Lange",
        "title": "wiki.openmath.org - how it works, how you can participate",
        "organization": null,
        "abstract": "At http://wiki.openmath.org, the OpenMath 2 and 3 Content Dictionaries are accessible via a semantic wiki interface, powered by the SWiM system. We shortly introduce the inner workings of the system, then describe how to use it, and conclude with first experiences gained from OpenMath society members working with the system and an outlook to further development plans.",
        "email": null,
        "conf": "Computing Research Repository",
        "coauthors": [],
        "keywords": "Semantic Wiki,"
    },
    {
        "id": 861,
        "label": "152",
        "author": "Christoph Lange",
        "title": "Dimensions of Formality: A Case Study for MKM in Software Engineering",
        "organization": null,
        "abstract": NaN,
        "email": null,
        "conf": "Computing Research Repository",
        "coauthors": [
            "andrea kohlhase",
            "michael kohlhase"
        ],
        "keywords": "Case Study,Software Engineering,"
    },
    {
        "id": 862,
        "label": "152",
        "author": "Christoph Lange",
        "title": "Applying Semantic Techniques to Search and Analyze Bug Tracking Data",
        "organization": null,
        "abstract": NaN,
        "email": null,
        "conf": "Journal of Network and Systems Management",
        "coauthors": [
            "ha manh tran",
            "georgi chulkov",
            "jürgen schönwälder",
            "michael kohlhase"
        ],
        "keywords": null
    }
]