[
    {
        "id": 835,
        "label": "150",
        "author": "Christine Julien",
        "title": "Exploiting the Annotation Practice for Personal and Collective Information Management",
        "organization": null,
        "abstract": "Information nowadays is a capital for any organization in- tending to be reactive and aware of its environment. Unfortunately most modern organizations overdose on information as almost every mem- ber daily accesses, extracts and stores a growing amount of documents, i.e. vehicles for information. This situation is even deteriorating as indi- vidual eorts to organize and search for information yield",
        "email": null,
        "conf": NaN,
        "coauthors": [
            "guillaume cabanac",
            "max chevalier",
            "claude chrisment"
        ],
        "keywords": "Information Management,Process Design,"
    },
    {
        "id": 836,
        "label": "150",
        "author": "Christine Julien",
        "title": "Helping People Searching the Web: Towards an Adaptive and a Social System",
        "organization": null,
        "abstract": NaN,
        "email": null,
        "conf": "International Association for Development of the Information Society",
        "coauthors": [
            "max chevalier",
            "claude chrisment"
        ],
        "keywords": "Social System,"
    },
    {
        "id": 837,
        "label": "150",
        "author": "Christine Julien",
        "title": "Towards a Documentary Memory: Building a Document Repository for Companies",
        "organization": null,
        "abstract": "An organisation must enable knowledge and information sharing among its employees to optimise their tasks. However, the volume of information contained in documents represents a major importance for these companies. Indeed, companies may be fully reactive to any new information and must follow the fast evolution of spread information. Thus, a documentary memory, which stores this information and allows end-user",
        "email": null,
        "conf": "International Conference on Enterprise Information Systems",
        "coauthors": [
            "max chevalier",
            "kais khrouf"
        ],
        "keywords": "Information Retrieval,Information Sharing,"
    },
    {
        "id": 838,
        "label": "150",
        "author": "Christine Julien",
        "title": "Collective Annotation: Perspectives for Information Retrieval Improvement",
        "organization": null,
        "abstract": NaN,
        "email": null,
        "conf": NaN,
        "coauthors": [
            "guillaume cabanac",
            "max chevalier",
            "claude chrisment"
        ],
        "keywords": "Information Retrieval,"
    },
    {
        "id": 839,
        "label": "150",
        "author": "Christine Julien",
        "title": "Mercure at trec8: Adhoc, Web, CLIR and Filtering tasks",
        "organization": null,
        "abstract": NaN,
        "email": null,
        "conf": "Text REtrieval Conference",
        "coauthors": [
            "mohand boughanem",
            "josiane mothe",
            "c. soulé-dupuy"
        ],
        "keywords": null
    },
    {
        "id": 840,
        "label": "150",
        "author": "Christine Julien",
        "title": "Personalized Information Access Through Flexible and Interoperable Profiles",
        "organization": null,
        "abstract": NaN,
        "email": null,
        "conf": "Web Information Systems Engineering",
        "coauthors": [
            "max chevalier",
            "c. soulé-dupuy",
            "nathalie vallès-parlangeau"
        ],
        "keywords": "Information Access,"
    }
]