[
    {
        "id": 786,
        "label": "143",
        "author": "Christian Jacobi",
        "title": "The Vector Floating-Point Unit in a Synergistic Processor Element of a CELL Processor",
        "organization": null,
        "abstract": "Abstract The floating-point unit in the Synergistic Processor El- ement of the 1st generation multi-core CELL Processor is described. The FPU supports 4-way SIMD single precision and integer operations and 2-way SIMD double precision operations. The design required a high-frequency, low la- tency, power and area efficiency with primary application to the multimedia streaming workloads, such as 3D graph- ics.",
        "email": null,
        "conf": "IEEE Symposium on Computer Arithmetic",
        "coauthors": [
            "silvia m. müller",
            "oh hwa-joon",
            "kevin d. tran",
            "scott r. cottier",
            "brad w. michael",
            "hiroo nishikawa",
            "yonetaro totsuka",
            "tatsuya namatame",
            "naoka yano",
            "takashi machida",
            "sang h. dhong"
        ],
        "keywords": "Cell Processor,Cycle Time,High Frequency,Multimedia Streaming,Floating Point Unit,Processor Element,"
    },
    {
        "id": 787,
        "label": "143",
        "author": "Christian Jacobi",
        "title": "Verifying full-custom multipliers by Boolean equivalence checking and an arithmetic bit level proof",
        "organization": null,
        "abstract": "In this paper we describe a practical methodology to formally verify highly optimized, industrial multipliers. We define a multiplier description language which abstracts from low-level optimizations and which can model a wide range of common implementations at a structural and arithmetic level. The correctness of the created model is established by bit level transformations matching the model against a standard",
        "email": null,
        "conf": "Asia and South Pacific Design Automation Conference",
        "coauthors": [
            "udo krautz",
            "markus wedler",
            "wolfgang kunz",
            "kai weber",
            "matthias pflanz"
        ],
        "keywords": "Equivalence Checking,Formal Verification,Industrial Design,High Level Language,"
    },
    {
        "id": 788,
        "label": "143",
        "author": "Christian Jacobi",
        "title": "Formal Verification of Complex Out-of-Order Pipelines by Combining Model-Checking and Theorem-Proving",
        "organization": null,
        "abstract": "We describe a methodology for the formal verification of complex out-of-order pipelines as they may be used as execution units in out-of-order processors. The pipelines may process multiple instructions simultaneously, may have branches and cycles in the pipeline structure, may have variable latency, and may reorder instructions internally. The methodology combines model-checking for the verification of the pipeline control, and",
        "email": null,
        "conf": "Computer Aided Verification",
        "coauthors": [],
        "keywords": "Formal Verification,Model Checking,Theorem Proving,Floating Point Unit,Out of Order,"
    },
    {
        "id": 789,
        "label": "143",
        "author": "Christian Jacobi",
        "title": "Formal Verification of the VAMP Floating Point Unit",
        "organization": null,
        "abstract": "We report on the formal verification of the floating point unit used in the VAMP processor. The dual- precision FPU is IEEE compliant and supports denormals and exceptions in hardware. The supported operations are addition, subtraction, multiplication, division, comparison, and conversions. We have formalized the IEEE standard 754. The formalization is supplemented by a rich theory of rounding, which includes",
        "email": null,
        "conf": "Formal Methods in System Design",
        "coauthors": [
            "christoph berg"
        ],
        "keywords": "Formal Specification,Formal Verification,Theorem Prover,Theorem Proving,Floating Point Unit,"
    },
    {
        "id": 790,
        "label": "143",
        "author": "Christian Jacobi",
        "title": "Instantiating Uninterpreted Functional Units and Memory System: Functional Verification of the VAMP",
        "organization": null,
        "abstract": "In the VAMP (verified architecture microprocessor) project we have designed, functionally verified, and synthesized a processor with full DLX in- struction set, delayed branch, Tomasulo scheduler, maskable nested precise in- terrupts, pipelined fully IEEE compatible dual precision floating point unit with variable latency, and separate instruction and data caches. The verification has been carried out in the theorem proving system",
        "email": null,
        "conf": "Conference on Correct Hardware Design and Verification Methods",
        "coauthors": [
            "sven beyer",
            "daniel kroening",
            "dirk leinenbach",
            "wolfgang j. paul"
        ],
        "keywords": "Data Cache,Functional Verification,Memory Systems,Theorem Proving,Floating Point Unit,Functional Unit,"
    },
    {
        "id": 791,
        "label": "143",
        "author": "Christian Jacobi",
        "title": "Efficient Symbolic Simulation via Dynamic Scheduling, Don't Caring, and Case Splitting",
        "organization": null,
        "abstract": "Most computer-aided design frameworks rely upon building BDD rep- resentations from netlist descriptions. In this paper, we present efcient algo- rithms for building BDDs from netlists. First, we introduce a dynamic scheduling algorithm for building BDDs for gates of the netlist, using an efcient hybrid of depth- and breadth-rst traversal, and constant propagation. Second, we introduce a dynamic algorithm for",
        "email": null,
        "conf": "Conference on Correct Hardware Design and Verification Methods",
        "coauthors": [
            "viresh paruthi",
            "kai weber"
        ],
        "keywords": "Computer Aided Design,Dynamic Scheduling,Constant Propagation,"
    },
    {
        "id": 792,
        "label": "143",
        "author": "Christian Jacobi",
        "title": "Automatic Formal Verification of Fused-Multiply-Add FPUs",
        "organization": null,
        "abstract": "In this paper we describe a fully-automated methodology for formal verification of fused-multiply-add floating point units (FPUs). Our methodology verifies an implementation FPU against a simple reference model derived from the processor's architectural specification, which may include all aspects of the IEEE specification including denormal operands and exceptions. Our strategy uses a combination of BDD- and SAT-based symbolic simulation. To",
        "email": null,
        "conf": "Design, Automation, and Test in Europe",
        "coauthors": [
            "kai weber",
            "viresh paruthi",
            "jason baumgartner"
        ],
        "keywords": "Computational Efficiency,Formal Verification,Model Reduction,Reference Model,Floating Point Unit,"
    },
    {
        "id": 793,
        "label": "143",
        "author": "Christian Jacobi",
        "title": "Evaluating coverage of error detection logic for soft errors using formal methods",
        "organization": null,
        "abstract": "In this paper we describe a methodology to measure exactly the quality of fault-tolerant designs by combining fault- injection in high level design (HLD) descriptions with a formal verification approach. We utilize BDD based symbolic simulation to determine the coverage of online error-detection and - correction logic. We describe an easily portable approach, which can be applied to a wide",
        "email": null,
        "conf": "Design, Automation, and Test in Europe",
        "coauthors": [
            "udo krautz",
            "matthias pflanz",
            "hans-werner tast",
            "kai weber",
            "heinrich theodor vierhaus"
        ],
        "keywords": "Error Detection,Fault Injection,Fault Tolerant,Formal Method,Formal Verification,Indexing Terms,Industrial Design,Soft Error,Error Detection and Correction,"
    },
    {
        "id": 794,
        "label": "143",
        "author": "Christian Jacobi",
        "title": "Highly Concurrent Locking in Shared Memory Database Systems",
        "organization": null,
        "abstract": "In parallel database systems, conflicts for accesses to objects are solved through object locking. In order to acquire and release locks, in the standard implementation of a lock manager small sections of the code may be executed only by a single thread. On massively parallel shared memory machines (SMM) the serialization of these critical sections leads to serious performance degradation.",
        "email": null,
        "conf": "European Conference on Parallel Processing",
        "coauthors": [
            "cédric lichtenau"
        ],
        "keywords": "Critical Section,Database System,Parallel Database System,Shared Memory,"
    },
    {
        "id": 795,
        "label": "143",
        "author": "Christian Jacobi",
        "title": "Deriving Cryptographically Sound Implementations Using Composition and Formally Verified Bisimulation",
        "organization": null,
        "abstract": "We consider abstract specifications of cryptographic protocols which are both suitable for formal verification and maintain a sound cryptographic semantics. In this paper, we present the first abstract specification for ordered secure message transmission in reactive systems based on the recently published model of Pfitzmann and Waidner. We use their composition theorem to derive a possible implementation whose correctness additionally",
        "email": null,
        "conf": "World Congress on Formal Methods",
        "coauthors": [
            "michael backes",
            "birgit pfitzmann"
        ],
        "keywords": "Case Study,Cryptographic Protocol,Formal Verification,Reactive System,Secure Message Transmission,Theorem Prover,Tool Support,"
    },
    {
        "id": 796,
        "label": "143",
        "author": "Christian Jacobi",
        "title": "Cryptographically Sound and Machine-Assisted Verification of Security Protocols",
        "organization": null,
        "abstract": "We consider machine-aided verification of suitably constru cted ab- stractions of security protocols, such that the verified pro perties are valid for the concrete implementation of the protocol with respect to cryptographic definitions. In order to link formal methods and cryptography, we show that integrity prop- erties are preserved under step-wise refinement in asynchro nous networks with respect to cryptographic",
        "email": null,
        "conf": "Symposium on Theoretical Aspects of Computer Science",
        "coauthors": [
            "michael backes"
        ],
        "keywords": "Cryptographic Protocol,Formal Method,Secure Message Transmission,Security Protocol,Theorem Prover,"
    },
    {
        "id": 797,
        "label": "143",
        "author": "Christian Jacobi",
        "title": "Formal Verification of the VAMP Floating Point Unit",
        "organization": null,
        "abstract": "We report on the formal verification of the floating point unit used in the VAMP processor. The dual- precision FPU is IEEE compliant and supports denormals and exceptions in hardware. The supported operations are addition, subtraction, multiplication, division, comparison, and conversions. We have formalized the IEEE standard 754. The formalization is supplemented by a rich theory of rounding, which includes",
        "email": null,
        "conf": "Formal Methods in System Design",
        "coauthors": [
            "christoph berg"
        ],
        "keywords": "Formal Specification,Formal Verification,Theorem Prover,Theorem Proving,Floating Point Unit,"
    },
    {
        "id": 798,
        "label": "143",
        "author": "Christian Jacobi",
        "title": "IBM POWER6 accelerators: VMX and DFU",
        "organization": null,
        "abstract": NaN,
        "email": null,
        "conf": "Ibm Journal of Research and Development",
        "coauthors": [
            "lee eisen",
            "john wesley ward iii",
            "hans-werner tast",
            "nicolas mäding",
            "jens leenstra",
            "silvia m. müller",
            "jochen preiss",
            "eric m. schwarz",
            "steven r. carlough"
        ],
        "keywords": null
    },
    {
        "id": 799,
        "label": "143",
        "author": "Christian Jacobi",
        "title": "Putting it all together - Formal verification of the VAMP",
        "organization": null,
        "abstract": "In the VAMP (verified architecture microproces- sor) project we have designed, functionally verified, and sy n- thesized a processor with full DLX instruction set, delayed branch, Tomasulo scheduler, maskable nested precise inter- rupts, pipelined fully IEEE compatible dual precision float - ing point unit with variable latency, and separate instruct ion and data caches. The verification has been carried out",
        "email": null,
        "conf": "International Journal on Software Tools for Technology Transfer",
        "coauthors": [
            "sven beyer",
            "daniel kröning",
            "dirk leinenbach",
            "wolfgang j. paul"
        ],
        "keywords": "Data Cache,Formal Verification,Theorem Proving,"
    }
]