[
    {
        "id": 833,
        "label": "149",
        "author": "Christian Weber",
        "title": "Metaprogramming for Relational Databases",
        "organization": null,
        "abstract": "For systems that share enough structural and functional commonali- ties, reuse in schema development and data manipulation can be achieved by defining problem-oriented languages. Such languages are often called domain- specific, because they introduce powerful abstractions meaningful only within the domain of observed systems. In order to use domain-specific languages for database applications, a mapping to SQL is required. In",
        "email": null,
        "conf": "Object-Oriented and Entity-Relationship Modelling/International Conference on Conceptual Modeling / the Entity Relationship Approach",
        "coauthors": [
            "jernej kovse",
            "theo härder"
        ],
        "keywords": "Domain Specific Language,Domain Specificity,Relational Database,Structure and Function,"
    }
]