[
    {
        "id": 820,
        "label": "148",
        "author": "Christian Sommer",
        "title": "Distance Oracles for Sparse Graphs",
        "organization": null,
        "abstract": "Thorup and Zwick, in their seminal work, intro- duced the approximate distance oracle, which is a data structure that answers distance queries in a graph. For any integer k, they showed an efficient algorithm to construct an approximate distance oracle using space O(kn1+1/k) that can answer queries in time O(k) with a distance estimate that is at most = 2k",
        "email": null,
        "conf": "IEEE Symposium on Foundations of Computer Science",
        "coauthors": [
            "elad verbin",
            "wei yu"
        ],
        "keywords": "Data Structure,Distance Estimation,Efficient Algorithm,Space Complexity,Lower Bound,"
    },
    {
        "id": 821,
        "label": "148",
        "author": "Christian Sommer",
        "title": "Distributed Arrays: A P2P Data Structure for Efficient Logical Arrays",
        "organization": null,
        "abstract": "Distributed hash tables (DHT) are used for data management in P2P environments. However, since most hash functions ignore relations between items, DHTs are not efficient for operations on related items. In this paper, we modify a DHT into a distributed array (DA) that enables efficient operations on logical arrays. The array elements of a DA are placed in a P2P",
        "email": null,
        "conf": "IEEE INFOCOM",
        "coauthors": [
            "daisuke fukuchi",
            "yuichi sei",
            "shinichi honiden"
        ],
        "keywords": "Data Management,Data Structure,Distributed Hash Table,Hash Function,Overlay Network,P2P,"
    },
    {
        "id": 822,
        "label": "148",
        "author": "Christian Sommer",
        "title": "Balancing Graph Voronoi Diagrams",
        "organization": null,
        "abstract": NaN,
        "email": null,
        "conf": "International Symposium on Voronoi Diagrams in Science and Engineering",
        "coauthors": [
            "shinichi honiden",
            "michael e. houle"
        ],
        "keywords": "voronoi diagram,"
    },
    {
        "id": 823,
        "label": "148",
        "author": "Christian Sommer",
        "title": "Approximate Shortest Path Queries in Graphs Using Voronoi Duals",
        "organization": null,
        "abstract": "We propose an approximation method to answer shortest path queries in graphs, based on hierarchical random sampling and Voronoi duals. The lowest level of the hierarchy stores the initial graph. At each higher level, we compute a simplification of the graph on the level below, by selecting a constant fraction of nodes. Edges are generated as the Voronoi dual within",
        "email": null,
        "conf": "International Symposium on Voronoi Diagrams in Science and Engineering",
        "coauthors": [
            "shinichi honiden",
            "michael e. houle"
        ],
        "keywords": "Approximation Method,Graph Algorithm,Random Sampling,Shortest Path,"
    },
    {
        "id": 824,
        "label": "148",
        "author": "Christian Sommer",
        "title": "Adaptive Geographically Bound Mobile Agents",
        "organization": null,
        "abstract": NaN,
        "email": null,
        "conf": "Mobile Sensor Networks",
        "coauthors": [
            "kenji tei",
            "yoshiaki fukazawa",
            "shinichi honiden",
            "pierre-loïc garoche"
        ],
        "keywords": "Mobile Agent,"
    },
    {
        "id": 825,
        "label": "148",
        "author": "Christian Sommer",
        "title": "Outsourcing and Offshoring: The Consultancies' Estimates",
        "organization": null,
        "abstract": NaN,
        "email": null,
        "conf": "Software Engineering Approaches for Offshore and Outsourced Development",
        "coauthors": [
            "georg troxler"
        ],
        "keywords": null
    },
    {
        "id": 826,
        "label": "148",
        "author": "Christian Sommer",
        "title": "Specifying and Checking Refinement Relationships in VDM",
        "organization": null,
        "abstract": NaN,
        "email": null,
        "conf": "Conference on Software Engineering and Formal Methods",
        "coauthors": [
            "yojiro kawamata",
            "fuyuki ishikawa",
            "shinichi honiden"
        ],
        "keywords": null
    },
    {
        "id": 827,
        "label": "148",
        "author": "Christian Sommer",
        "title": "Model Checking Networked Programs in the Presence of Transmission Failures",
        "organization": null,
        "abstract": "Software model checkers work directly on single-process programs, but not on multiple processes. Conversion of pro- cesses into threads, combined with a network model, allows for model checking distributed applications, but does not cover potential communication failures. This paper con- tributes a fault model for model checking networked pro- grams. If a naïve fault model is used, spurious deadlocks may",
        "email": null,
        "conf": "Theoretical Aspects of Software Engineering",
        "coauthors": [
            "cyrille artho",
            "shinichi honiden"
        ],
        "keywords": "Distributed Application,Fault Model,Model Checking,Network Model,Network Programming,"
    },
    {
        "id": 828,
        "label": "148",
        "author": "Christian Sommer",
        "title": "Compact Routing in Power-Law Graphs",
        "organization": null,
        "abstract": "We adapt the compact routing scheme by Thorup and Zwick to op- timize it for power-law graphs. We analyze our adapted routing scheme based on the theory of unweighted random power-law graphs with fixed expected de- gree sequence by Aiello, Chung, and Lu. Our result is the first theoretical bound coupled to the parameter of the power-law graph model for",
        "email": null,
        "conf": "Workshop on Distributed Algorithms/International Symposium on Distributed Computing",
        "coauthors": [
            "wei chen",
            "shang-hua teng",
            "yajun wang"
        ],
        "keywords": "Adaptive Routing,Compact Routing,Graph Model,Labeling Scheme,Upper Bound,Power Law,"
    },
    {
        "id": 829,
        "label": "148",
        "author": "Christian Sommer",
        "title": "On Shortest Disjoint Paths in Planar Graphs",
        "organization": null,
        "abstract": NaN,
        "email": null,
        "conf": "Discrete Optimization",
        "coauthors": [
            "yusuke kobayashi"
        ],
        "keywords": "Disjoint Paths,Planar Graph,"
    },
    {
        "id": 830,
        "label": "148",
        "author": "Christian Sommer",
        "title": "A note on coloring sparse random graphs",
        "organization": null,
        "abstract": "Coja-Oghlan and Taraz (2004) presented a graph coloring algorithm that has expected linear running time for random graphs with edge prob- ability p satisfying np 1.01. In this work, we develop their analysis by exploiting generating function techniques. We show that, in fact, their al- gorithm colors Gn,p with the minimal number of colors and has expected linear running time,",
        "email": null,
        "conf": "Discrete Mathematics",
        "coauthors": [],
        "keywords": "Analysis of Algorithm,Combinatorial Problems,Generating Function,Graph Algorithm,Graph Coloring,Random Graph,Satisfiability,"
    },
    {
        "id": 831,
        "label": "148",
        "author": "Christian Sommer",
        "title": "Approximate Shortest Path Queries Using Voronoi Duals",
        "organization": null,
        "abstract": "We propose an approximation method to answer point-to-point shortest path queries in undirected edge-weighted graphs, based on random sampling and Voronoi duals. We compute a simplication of the graph by selecting nodes independently at random with probability p. Edges are generated as the Voronoi dual of the original graph, using the selected nodes as Voronoi sites. This overlay graph allows",
        "email": null,
        "conf": NaN,
        "coauthors": [
            "shinichi honiden",
            "michael e. houle",
            "martin wolff"
        ],
        "keywords": "Approximation Method,Random Sampling,Weighted Graph,Point To Point,Shortest Path,"
    }
]