[
    {
        "id": 868,
        "label": "155",
        "author": "Christophe Collet",
        "title": "Anthropomorphic model for hand gesture interface",
        "organization": null,
        "abstract": "This paper presents an anthropomorphic computer model of the human hand, with the aim of improving the results of hand gesture recognition algorithms. Cinematic knowledge altows us to filter the data provided by gesture transducers and to reconstruct the hand, even when att the respective position values of its different components are not known. Moreover, such a model provides a",
        "email": null,
        "conf": "Computer Human Interaction",
        "coauthors": [
            "annelies braffort",
            "daniel teil"
        ],
        "keywords": "Computer Model,gestural interface,Gesture Recognition,Hand Gesture Recognition,"
    },
    {
        "id": 869,
        "label": "155",
        "author": "Christophe Collet",
        "title": "Tracking of Real Time Acrobatic Movements by Image Processing",
        "organization": null,
        "abstract": NaN,
        "email": null,
        "conf": "Gesture Workshop",
        "coauthors": [
            "ryan cassel"
        ],
        "keywords": "Image Processing,Real Time,"
    },
    {
        "id": 870,
        "label": "155",
        "author": "Christophe Collet",
        "title": "Real-Time Acrobatic Gesture Analysis",
        "organization": null,
        "abstract": NaN,
        "email": null,
        "conf": "Gesture Workshop",
        "coauthors": [
            "ryan cassel",
            "rachid gherbi"
        ],
        "keywords": "Real Time,"
    },
    {
        "id": 871,
        "label": "155",
        "author": "Christophe Collet",
        "title": "Gesture in Human-Machine Communication: capture, analysis-synthesis, recognition, semantics",
        "organization": null,
        "abstract": NaN,
        "email": null,
        "conf": "Gesture Workshop",
        "coauthors": [
            "sylvie gibet",
            "annelies braffort",
            "f. forest",
            "rachid gherbi",
            "thierry lebourque"
        ],
        "keywords": null
    },
    {
        "id": 872,
        "label": "155",
        "author": "Christophe Collet",
        "title": "Sign Language Recognition, Generation, and Modelling: A Research Effort with Applications in Deaf Communication",
        "organization": null,
        "abstract": NaN,
        "email": null,
        "conf": "Human-Computer Interaction",
        "coauthors": [
            "eleni efthimiou",
            "stavroula-evita fotinea",
            "christian vogler",
            "thomas hanke",
            "john r. w. glauert",
            "richard bowden",
            "annelies braffort",
            "petros maragos",
            "jérémie segouat"
        ],
        "keywords": "Sign Language Recognition,"
    },
    {
        "id": 873,
        "label": "155",
        "author": "Christophe Collet",
        "title": "CapRe: a Gaze Tracking System in Man-machine Interaction",
        "organization": null,
        "abstract": " We present a real-time camerabasedsystem designed for gaze tracking focusedon human-computer communication.We aim to equip computer systems with a toolwhich can provide visual information aboutthe user. This tool must satisfy interactionconstraints and be not intrusive. Thereforewe use a CCD camera, placed between thekeyboard and the screen. The system detectsthe user presence, locates and then tracks hisface, nose and both eyes.",
        "email": null,
        "conf": "Journal of Advanced Computational Intelligence and Intelligent Informatics",
        "coauthors": [
            "alain finkel",
            "rachid gherbi"
        ],
        "keywords": "Ccd Camera,Gaze Tracking,Man-machine Interaction,Satisfiability,Real Time,"
    }
]