[
    {
        "id": 864,
        "label": "153",
        "author": "Christoph Schmitz",
        "title": "Simulation and planning of minimally invasive coronary artery bypass surgery",
        "organization": null,
        "abstract": NaN,
        "email": null,
        "conf": "Computer Assisted Radiology and Surgery",
        "coauthors": [
            "thomas berlage",
            "arno schmitgen",
            "armin welz"
        ],
        "keywords": "Coronary Artery Bypass Surgery,Minimally Invasive,"
    }
]