[
    {
        "id": 817,
        "label": "147",
        "author": "Christian Schulte",
        "title": "Classbased Detailed Routing in VLSI Design",
        "organization": null,
        "abstract": NaN,
        "email": null,
        "conf": "Cologne Twente Workshop on Graphs and Combinatorical Optimization",
        "coauthors": [
            "tim nieberg"
        ],
        "keywords": "Vlsi Design,"
    },
    {
        "id": 818,
        "label": "147",
        "author": "Christian Schulte",
        "title": "Yield Improvement by Local Wiring Redundancy",
        "organization": null,
        "abstract": "Technology migration from 130 nm to 90 nm has resulted in increased yield loss caused by opens in wiring interconnects and vias. Sensitivity to these defects can be significantly reduced through the use of design methodologies that use arbitrary networks with high degrees of redundancy instead of trees for signal wires. In this paper we describe a technique that improves",
        "email": null,
        "conf": "International Symposium on Quality Electronic Design",
        "coauthors": [
            "jeanne bickford",
            "jason hibbeler",
            "markus bühler",
            "jürgen koehl",
            "dirk muller",
            "sven peyer"
        ],
        "keywords": "Design Methodology,Yield Loss,"
    }
]