[
    {
        "id": 879,
        "label": "157",
        "author": "Christopher Brown",
        "title": "Refactoring Functional Programs at the University of Kent",
        "organization": null,
        "abstract": NaN,
        "email": null,
        "conf": "European Conference on Object-Oriented Programming",
        "coauthors": [
            "simon j. thompson",
            "huiqing li",
            "claus reinke",
            "nik sultana"
        ],
        "keywords": "Functional Programming,"
    },
    {
        "id": 880,
        "label": "157",
        "author": "Christopher Brown",
        "title": "Clone detection and elimination for Haskell",
        "organization": null,
        "abstract": "Duplicated code is a well known problem in software maintenance and refactoring. Code clones tend to increase program size and several studies have shown that duplicated code makes maintenance and code understanding more complex and time consuming. This paper presents a new technique for the detection and removal of duplicated Haskell code. The system is implemented within the refactoring framework",
        "email": null,
        "conf": "Partial Evaluation and Semantic-Based Program Manipulation",
        "coauthors": [
            "simon thompson"
        ],
        "keywords": "Clone Detection,Code Clone,Program Analysis,Program Transformation,Software Maintenance,Abstract Syntax Tree,"
    }
]