[
    {
        "id": 805,
        "label": "146",
        "author": "Christian Schmidt",
        "title": "Integrating Techniques from Statistical Ranking into Evolutionary Algorithms",
        "organization": null,
        "abstract": NaN,
        "email": null,
        "conf": "EvoWorkshops",
        "coauthors": [
            "jürgen branke",
            "stephen e. chick"
        ],
        "keywords": "Evolutionary Algorithm,"
    },
    {
        "id": 806,
        "label": "146",
        "author": "Christian Schmidt",
        "title": "Selection in the Presence of Noise",
        "organization": null,
        "abstract": "For noisy optimization problems, there is generally a trade-off between the effort spent to reduce the noise (in order to allow the optimization algorithm to run properly), and the number of solutions evaluated during optimization. However, for stochastic search algorithms like evolutionary optimization, noise is not always a bad thing. On the contrary, in many cases, noise has a very",
        "email": null,
        "conf": "Genetic and Evolutionary Computation Conference",
        "coauthors": [
            "jürgen branke"
        ],
        "keywords": "Evolutionary Optimization,Optimal Algorithm,Optimization Problem,Stochastic Search,"
    },
    {
        "id": 807,
        "label": "146",
        "author": "Christian Schmidt",
        "title": "Transport Channel Selection",
        "organization": null,
        "abstract": NaN,
        "email": null,
        "conf": "Operations Research",
        "coauthors": [
            "jürgen branke",
            "denis häußler"
        ],
        "keywords": null
    },
    {
        "id": 808,
        "label": "146",
        "author": "Christian Schmidt",
        "title": "Sequential Sampling in Noisy Environments",
        "organization": null,
        "abstract": NaN,
        "email": null,
        "conf": "Parallel Problem Solving from Nature",
        "coauthors": [
            "jürgen branke"
        ],
        "keywords": "Sequential Sampling,"
    },
    {
        "id": 809,
        "label": "146",
        "author": "Christian Schmidt",
        "title": "A Fast Look-ahead Heuristic for the Multi-depot Vehicle Routing Problem",
        "organization": null,
        "abstract": "The multi-depot vehicle routing problem (MDVRP) is a very challenging part of supply chain optimization. We propose here a simple yet powerful heuristic for the MDVRP with an integrated look-ahead. Compared to other state-of-the-art approaches, our heuristic is significantly faster, but yields competitive results and even found several new best solutions on a set of standard benchmark problems.",
        "email": null,
        "conf": "Wirtschaftsinformatik",
        "coauthors": [
            "jürgen branke",
            "markus withopf"
        ],
        "keywords": "Benchmark Problem,Supply Chain,Look Ahead,Multi Depot Vehicle Routing Problem,"
    },
    {
        "id": 810,
        "label": "146",
        "author": "Christian Schmidt",
        "title": "New developments in ranking and selection: an empirical comparison of the three main approaches",
        "organization": null,
        "abstract": "Selection procedures are used in many applications to select the best of a finite set of alternatives, as in discrete optimi za- tion with simulation. There are a wide variety of procedures, which begs the question of which selection procedure to select. This paper (a) summarizes the main structural ap- proaches to deriving selection procedures, (b) describes a n innovative",
        "email": null,
        "conf": "Winter Simulation Conference",
        "coauthors": [
            "jürgen branke",
            "stephen e. chick"
        ],
        "keywords": "bayesian model,Opportunity Cost,Ranking and Selection,Stopping Rule,Work In Progress,"
    },
    {
        "id": 811,
        "label": "146",
        "author": "Christian Schmidt",
        "title": "New greedy myopic and existing asymptotic sequential selection procedures: preliminary empirical results",
        "organization": null,
        "abstract": "Statistical selection procedures can identify the best of a finite set of alternatives, where \"best\" is defined in terms of the unknown expected value of each alternative's sim- ulation output. One effective Bayesian approach allocates samples sequentially to maximize an approximation to the expected value of information (EVI) from those samples. That existing approach uses both asymptotic and probabilis- tic",
        "email": null,
        "conf": "Winter Simulation Conference",
        "coauthors": [
            "stephen e. chick",
            "jürgen branke"
        ],
        "keywords": "bayesian approach,Stopping Rule,Expected Value of Information,"
    },
    {
        "id": 812,
        "label": "146",
        "author": "Christian Schmidt",
        "title": "Simulated annealing in the presence of noise",
        "organization": null,
        "abstract": NaN,
        "email": null,
        "conf": "Journal of Heuristics",
        "coauthors": [
            "jürgen branke",
            "stephan meisel"
        ],
        "keywords": "Simulated Annealing,"
    },
    {
        "id": 813,
        "label": "146",
        "author": "Christian Schmidt",
        "title": "Sequential Sampling to Myopically Maximize the Expected Value of Information",
        "organization": null,
        "abstract": "approach, which is based on a Bayesian probability model for the unknown mean performance of each alternative, allocates samples based on maximizing an approximation to the expected value of information (EVI) from those samples. The approximations include asymptotic and probabilistic approximations. This paper derives sampling allocations that avoid most of those approximations to the EVI, but entails sequential myopic sampling",
        "email": null,
        "conf": "Informs Journal on Computing",
        "coauthors": [
            "stephen e. chick",
            "jürgen branke"
        ],
        "keywords": "Decision Analysis,Probability Model,Sequential Sampling,Statistical Analysis,Expected Value of Information,"
    },
    {
        "id": 814,
        "label": "146",
        "author": "Christian Schmidt",
        "title": "Selecting a Selection Procedure",
        "organization": null,
        "abstract": "Selection procedures are used in a variety of applications to select the best of a finite set of alternatives. 'Best' is defined with respect to the largest mean, but the mean is inferred with statistical sampling, as in simulation optimization. There are a wide variety of procedures, which begs the question of which selection procedure to select. The main contribution",
        "email": null,
        "conf": "Management Science",
        "coauthors": [
            "jürgen branke",
            "stephen e. chick"
        ],
        "keywords": "bayesian model,Normal Distribution,Simulation Optimization,Stopping Rule,Test Bed,"
    },
    {
        "id": 815,
        "label": "146",
        "author": "Christian Schmidt",
        "title": "Faster convergence by means of fitness estimation",
        "organization": null,
        "abstract": NaN,
        "email": null,
        "conf": "Soft Computing",
        "coauthors": [
            "jürgen branke"
        ],
        "keywords": null
    }
]