[
    {
        "id": 4262,
        "label": "existing ones. Variable",
        "author": "Circuit Design;Digital Signal Processing;Fault Tolerant;Low Power;Reversible Logic;",
        "title": "http://arxiv.org/abs/1009.3819,http://www.informatik.uni-trier.de/~ley/db/journals/corr/corr1009.html#abs-1009-3819",
        "organization": null,
        "abstract": "2010",
        "email": null,
        "conf": NaN,
        "coauthors": [
            "Computing Research Repository"
        ],
        "keywords": null
    }
]