[
    {
        "id": 2053,
        "label": "addition, once learned, an offline detector can not make use of newly",
        "author": "Classification Accuracy;Computer Vision;Data Distribution;Linear Discriminate Analysis;Object Detection;Online Algorithm;Online Learning;",
        "title": "http://ieeexplore.ieee.org/lpdocs/epic03/wrapper.htm?arnumber=5491172,http://arxiv.org/abs/1005.4118,http://www.informatik.uni-trier.de/~ley/db/journals/corr/corr1005.html#abs-1005-4118,http://dx.doi.org/10.1109/TIP.2010.2053548,http://www.informatik.uni-trier.de/~ley/db/journals/tip/tip20.html#PaisitkriangkraiSZ11",
        "organization": null,
        "abstract": "2010",
        "email": null,
        "conf": NaN,
        "coauthors": [
            "Computing Research Repository"
        ],
        "keywords": null
    }
]