[
    {
        "id": 5548,
        "label": "\\textit{microscopic fading} channels (multipath channels), and (2)",
        "author": "Communication System;Decode and Forward;Fading Channel;Multipath Channel;Packet Delay;Path Loss;Relay Network;Scaling Law;and Forward;Point To Point;",
        "title": "http://arxiv.org/abs/0908.1004,http://www.informatik.uni-trier.de/~ley/db/journals/corr/corr0908.html#abs-0908-1004",
        "organization": null,
        "abstract": "2009",
        "email": null,
        "conf": NaN,
        "coauthors": [
            "Computing Research Repository"
        ],
        "keywords": null
    }
]