[
    {
        "id": 6247,
        "label": "detailed in arXiv:1005.0783.",
        "author": "Configuration Management;Design and Implementation;Requirement Specification;Software Design;System Architecture;",
        "title": "http://arxiv.org/abs/1005.0665,http://www.informatik.uni-trier.de/~ley/db/journals/corr/corr1005.html#abs-1005-0665",
        "organization": null,
        "abstract": "2010",
        "email": null,
        "conf": NaN,
        "coauthors": [
            "Computing Research Repository"
        ],
        "keywords": null
    }
]