[
    {
        "id": 586,
        "label": "reference point for",
        "author": "Configuration Management;Reference Point;Software Design;Web Portal;",
        "title": "http://arxiv.org/abs/1005.0169,http://www.informatik.uni-trier.de/~ley/db/journals/corr/corr1005.html#abs-1005-0169",
        "organization": null,
        "abstract": "2010",
        "email": null,
        "conf": NaN,
        "coauthors": [
            "Computing Research Repository"
        ],
        "keywords": null
    }
]