[
    {
        "id": 1104,
        "label": "them",
        "author": "configural processing;Knowledge Base;Learning Process;Machine Learning;Reinforcement Learning;Expert System;",
        "title": "http://arxiv.org/abs/cs/0109034,http://www.informatik.uni-trier.de/~ley/db/journals/corr/corr0109.html#cs-AI-0109034,http://arxiv.org/abs/cs.AI/0109034",
        "organization": null,
        "abstract": "2001",
        "email": null,
        "conf": NaN,
        "coauthors": [
            "Computing Research Repository"
        ],
        "keywords": null
    }
]