[
    {
        "id": 2099,
        "label": "                   distributions, and establish the connection between their",
        "author": "Controlled Experiment;Generalization Error;Logistic Regression;Loss Function;Optimization Problem;Real World Application;Ridge Regression;Text Categorization;",
        "title": "http://doi.acm.org/10.1145/860435.860471,http://www.informatik.uni-trier.de/~ley/db/conf/sigir/sigir2003.html#ZhangY03,http://portal.acm.org/ft_gateway.cfm?id=860471&type=pdf,http://widit.slis.indiana.edu/irpub/SIGIR/2003/pdf36.pdf,http://portal.acm.org/citation.cfm?id=860435.860471,http://portal.acm.org/ft_gateway.cfm?id=860471&type=pdf&CFID=29576336&CFTOKEN=51534192,http://portal.acm.org/citation.cfm?id=860471",
        "organization": null,
        "abstract": "2003",
        "email": null,
        "conf": NaN,
        "coauthors": [],
        "keywords": null
    }
]