[
    {
        "id": 2145,
        "label": "practices has been summoned.",
        "author": "Content Analysis;Large Scale;Scientific Data;Sloan Digital Sky Survey;",
        "title": "http://www.informatik.uni-trier.de/~ley/db/journals/corr/corr1007.html#abs-1007-4602,http://arxiv.org/abs/1007.4602",
        "organization": null,
        "abstract": "2010",
        "email": null,
        "conf": NaN,
        "coauthors": [
            "Computing Research Repository"
        ],
        "keywords": null
    }
]