[
    {
        "id": 898,
        "label": "165",
        "author": "Dan Lin",
        "title": "A Genetic Algorithm for Solving Portfolio Optimization Problems with Transaction Costs and Minimum Transaction Lots",
        "organization": null,
        "abstract": NaN,
        "email": null,
        "conf": "International Conference on Natural Computation",
        "coauthors": [
            "xiaoming li",
            "minqiang li"
        ],
        "keywords": "Portfolio Optimization,Transaction Cost,"
    },
    {
        "id": 899,
        "label": "165",
        "author": "Dan Lin",
        "title": "Adaptive Simulated Annealing for Standard Cell Placement",
        "organization": null,
        "abstract": NaN,
        "email": null,
        "conf": "International Conference on Natural Computation",
        "coauthors": [
            "guofang nan",
            "minqiang li",
            "jisong kou"
        ],
        "keywords": "Adaptive Simulated Annealing,"
    },
    {
        "id": 900,
        "label": "165",
        "author": "Dan Lin",
        "title": "A Genetic Algorithm for Solving Fuzzy Resource-Constrained Project Scheduling",
        "organization": null,
        "abstract": NaN,
        "email": null,
        "conf": "International Conference on Natural Computation",
        "coauthors": [
            "hong wang",
            "minqiang li"
        ],
        "keywords": "Project Scheduling,"
    },
    {
        "id": 901,
        "label": "165",
        "author": "Dan Lin",
        "title": "A Genetic Algorithm for Solving Resource-Constrained Project Scheduling Problem",
        "organization": null,
        "abstract": NaN,
        "email": null,
        "conf": "International Conference on Natural Computation",
        "coauthors": [
            "hong wang",
            "minqiang li"
        ],
        "keywords": "Resource Constrained Project Scheduling Problem,"
    },
    {
        "id": 902,
        "label": "165",
        "author": "Dan Lin",
        "title": "Dynamics of fitness sharing evolutionary algorithms for coevolution of multiple species",
        "organization": null,
        "abstract": NaN,
        "email": null,
        "conf": "Applied Soft Computing",
        "coauthors": [
            "minqiang li",
            "jisong kou"
        ],
        "keywords": "Coevolution,Evolutionary Algorithm,Fitness Sharing,"
    },
    {
        "id": 903,
        "label": "165",
        "author": "Dan Lin",
        "title": "An investigation on niching multiple species based on population replacement strategies for multimodal functions optimization",
        "organization": null,
        "abstract": NaN,
        "email": null,
        "conf": "Soft Computing",
        "coauthors": [
            "minqiang li",
            "jisong kou"
        ],
        "keywords": "Function Optimization,"
    }
]