[
    {
        "id": 895,
        "label": "164",
        "author": "Dan He",
        "title": "Internet QoS and traffic modelling",
        "organization": null,
        "abstract": NaN,
        "email": null,
        "conf": "Iet Software/iee Proceedings - Software",
        "coauthors": [
            "zhili sun",
            "lei liang",
            "haitham s. cruickshank"
        ],
        "keywords": null
    },
    {
        "id": 896,
        "label": "164",
        "author": "Dan He",
        "title": "Scalable architecture and evaluation for multiparty conferencing over satellite links",
        "organization": null,
        "abstract": NaN,
        "email": null,
        "conf": "IEEE Journal on Selected Areas in Communications",
        "coauthors": [
            "zhili sun",
            "haitham s. cruickshank",
            "lei liang",
            "a. sanchez",
            "carlos miguel",
            "vincenzo schena",
            "clementina tocci",
            "belén carro"
        ],
        "keywords": null
    }
]