[
    {
        "id": 973,
        "label": "172",
        "author": "Daniel Schall",
        "title": "Enhancing energy efficiency of database applications using SSDs",
        "organization": null,
        "abstract": "Presently, solid state disks (SSDs) are emerging as a disruptive storage technology and promise breakthroughs for important application properties. They quickly enter the enterprise domain and (partially) replace magnetic disks (HDDs) for database servers. To identify performance and energy use of both types of storage devices, we have built an analysis tool and measured access times and energy needed for",
        "email": null,
        "conf": "Canadian Conference on Computer Science & Software Engineering",
        "coauthors": [
            "volker hudlet",
            "theo härder"
        ],
        "keywords": "Energy Consumption,Energy Efficient,Energy Use,Rule of Thumb,Spectrum,"
    },
    {
        "id": 974,
        "label": "172",
        "author": "Daniel Schall",
        "title": "Performance and Power Evaluation of Flash-Aware Buffer Algorithms",
        "organization": null,
        "abstract": "With ash disks being an important alternative to conven- tional magnetic disks, various design aspects of DBMSs, whose I/O behavior is performance-critical, and especially their I/O architecture should be reconsidered. Taking the distinguished characteristics of ash disks into account, several",
        "email": null,
        "conf": "Database and Expert Systems Applications",
        "coauthors": [
            "yi ou",
            "theo härder"
        ],
        "keywords": null
    },
    {
        "id": 975,
        "label": "172",
        "author": "Daniel Schall",
        "title": "Anforderungen an die Anwendungsprotokollierung mittels XML",
        "organization": null,
        "abstract": "1 Abstract Anwendungen setzen zunehmend auf Protokollierung ihrer Aktivit aten, sei es aus Gr unden der",
        "email": null,
        "conf": "Workshop Grundlagen von Datenbanken",
        "coauthors": [
            "henrik loeser"
        ],
        "keywords": null
    }
]