[
    {
        "id": 989,
        "label": "177",
        "author": "Daniel T. Schmitt",
        "title": "Automated casing event detection in persistent video surveillance",
        "organization": null,
        "abstract": NaN,
        "email": null,
        "conf": "Intelligence and Security Informatics",
        "coauthors": [
            "stuart h. kurkowski",
            "michael j. mendenhall"
        ],
        "keywords": "Event Detection,Video Surveillance,"
    },
    {
        "id": 990,
        "label": "177",
        "author": "Daniel T. Schmitt",
        "title": "Building Social Networks in Persistent Video Surveillance",
        "organization": null,
        "abstract": NaN,
        "email": null,
        "conf": "Intelligence and Security Informatics",
        "coauthors": [
            "stuart h. kurkowski",
            "michael j. mendenhall"
        ],
        "keywords": "Social Network,Video Surveillance,"
    }
]