[
    {
        "id": 992,
        "label": "178",
        "author": "Daniela Rosu",
        "title": "On Concurrency Control in Object-oriented Databases",
        "organization": null,
        "abstract": NaN,
        "email": null,
        "conf": "Parallel and Distributed Processing Techniques and Applications",
        "coauthors": [
            "ryszard janicki"
        ],
        "keywords": "Concurrency Control,Object Oriented Database,"
    },
    {
        "id": 993,
        "label": "178",
        "author": "Daniela Rosu",
        "title": "On validation of XML streams using finite state machines",
        "organization": null,
        "abstract": "We study validation of streamed XML documents by means of finite state machines. Previous work has shown that validation is in principle possible by finite state automata, but the construction was prohibitively expensive, giving an exponential-size nondeterministic automaton. Instead, we want to find deterministic automata for validating streamed documents: for them, the complexity of validation is constant per tag. We",
        "email": null,
        "conf": "International Workshop on the Web and Databases",
        "coauthors": [
            "cristiana chitic"
        ],
        "keywords": "Finite State Automata,Finite State Machine,Xml Document,Lower Bound,"
    }
]