[
    {
        "id": 968,
        "label": "170",
        "author": "Daniel Romero",
        "title": "RESTful Integration of Heterogeneous Devices in Pervasive Environments",
        "organization": null,
        "abstract": NaN,
        "email": null,
        "conf": "Distributed Applications and Interoperable Systems",
        "coauthors": [
            "gabriel hermosillo",
            "amirhosein taherkordi",
            "russel nzekwa",
            "romain rouvoy",
            "frank eliassen"
        ],
        "keywords": null
    },
    {
        "id": 969,
        "label": "170",
        "author": "Daniel Romero",
        "title": "Service Discovery in Ubiquitous Feedback Control Loops",
        "organization": null,
        "abstract": NaN,
        "email": null,
        "conf": "Distributed Applications and Interoperable Systems",
        "coauthors": [
            "romain rouvoy",
            "lionel seinturier",
            "pierre carton"
        ],
        "keywords": "Feedback Control,Service Discovery,"
    },
    {
        "id": 970,
        "label": "170",
        "author": "Daniel Romero",
        "title": "Reconfigurable run-time support for distributed service component architectures",
        "organization": null,
        "abstract": "SCA (Service Component Architecture) is an OASIS standard for describing service-oriented middleware architectures. In particular, SCA promotes a disciplined way for designing distributed architectures based on a component model and an Architecture Description Language (ADL). However, SCA does not cover the deployment and the run-time management of SCA applications. In this paper, we therefore describe the FraSCAti platform, which provides",
        "email": null,
        "conf": "Automated Software Engineering",
        "coauthors": [
            "rémi mélisson",
            "philippe merle",
            "romain rouvoy",
            "lionel seinturier"
        ],
        "keywords": "Architecture Description Language,Automatic Generation,Component Based Software Engineering,Component Model,Distributed Architecture,Middleware,Service Orientation,Service Oriented Architecture,Time Management,Service Component Architecture,"
    },
    {
        "id": 971,
        "label": "171",
        "author": "Daniel Romero",
        "title": "The Purkinje System and Cardiac Geometry: Assessing Their Influence on the Paced Heart",
        "organization": null,
        "abstract": NaN,
        "email": null,
        "conf": "Functional Imaging and Modeling of the Heart",
        "coauthors": [
            "rafael sebastián",
            "bart bijnens",
            "viviana zimmerman",
            "patrick m. boyle",
            "edward j. vigmond",
            "alejandro f. frangi"
        ],
        "keywords": null
    }
]