[
    {
        "id": 905,
        "label": "166",
        "author": "Daniel Franco",
        "title": "Dynamic and Distributed Multipath Routing Policy for High-Speed Cluster Networks",
        "organization": null,
        "abstract": NaN,
        "email": null,
        "conf": "Cluster Computing and the Grid",
        "coauthors": [
            "diego lugones",
            "emilio luque"
        ],
        "keywords": "High Speed,Multipath Routing,"
    },
    {
        "id": 906,
        "label": "166",
        "author": "Daniel Franco",
        "title": "Fast-Response Dynamic Routing Balancing for high-speed interconnection networks",
        "organization": null,
        "abstract": NaN,
        "email": null,
        "conf": "Cluster Computing",
        "coauthors": [
            "diego lugones",
            "emilio luque"
        ],
        "keywords": "Dynamic Routing,High Speed,Interconnection Network,"
    },
    {
        "id": 907,
        "label": "166",
        "author": "Daniel Franco",
        "title": "A Multipath Fault-Tolerant Routing Method for High-Speed Interconnection Networks",
        "organization": null,
        "abstract": NaN,
        "email": null,
        "conf": "European Conference on Parallel Processing",
        "coauthors": [
            "gonzalo zarza",
            "diego lugones",
            "emilio luque"
        ],
        "keywords": "Fault-tolerant Routing,High Speed,Interconnection Network,"
    },
    {
        "id": 908,
        "label": "166",
        "author": "Daniel Franco",
        "title": "Avoiding Communication HotSpots in Interconnection Networks",
        "organization": null,
        "abstract": "In creating interconnection networks for parallel computers an efficient design is crucial because of its impact on the performance. A high speed routing scheme that minimises contention and avoids the formation of hot-spots should be included. We have developed a new method to uniformly balance communication traffic over the interconnection network called Distributed Routing Balancing (DRB) based on limited and",
        "email": null,
        "conf": "Hawaii International Conference on System Sciences",
        "coauthors": [
            "i. garcés",
            "emilio luque"
        ],
        "keywords": "Adaptive Routing,High Speed,Hot Spot,Interconnection Network,Network Traffic,Parallel Computer,Path Selection,Distribution Uniformity,"
    },
    {
        "id": 909,
        "label": "166",
        "author": "Daniel Franco",
        "title": "Adaptive Multipath Routing for Congestion Control in InfiniBand Networks",
        "organization": null,
        "abstract": NaN,
        "email": null,
        "conf": "International Conference on Parallel Processing",
        "coauthors": [
            "diego lugones",
            "emilio luque"
        ],
        "keywords": "Congestion Control,Multipath Routing,"
    },
    {
        "id": 910,
        "label": "166",
        "author": "Daniel Franco",
        "title": "A new method to make communication latency uniform: distributed routing balancing",
        "organization": null,
        "abstract": "We have developed a new method to uniformly balance communication traffic over the interconnection network called Distributed Routing Balancing (DRB) that is based on limited and load-controlled path expansion in order to maintain a low message latency. DRB defines how to create alternative paths to expand single paths (expanded path definition) and when to use them depending on traffic load",
        "email": null,
        "conf": "International Conference on Supercomputing",
        "coauthors": [
            "i. garcés",
            "emilio luque"
        ],
        "keywords": "Adaptive Routing,Hot Spot,Interconnection Network,Network Traffic,Path Selection,Uniform Distribution,Distribution Uniformity,"
    },
    {
        "id": 911,
        "label": "166",
        "author": "Daniel Franco",
        "title": "High-speed network modeling for full system simulation",
        "organization": null,
        "abstract": NaN,
        "email": null,
        "conf": "IEEE International Symposium on Workload Characterization",
        "coauthors": [
            "diego lugones",
            "dolores rexachs",
            "juan c. moure",
            "emilio luque",
            "eduardo argollo",
            "ayose falcón",
            "daniel ortega",
            "paolo faraboschi"
        ],
        "keywords": "High Speed Networks,System Simulation,"
    },
    {
        "id": 912,
        "label": "166",
        "author": "Daniel Franco",
        "title": "Analytical Modeling of the Network Traffic Performance",
        "organization": null,
        "abstract": NaN,
        "email": null,
        "conf": "Modeling, Analysis, and Simulation On Computer and Telecommunication Systems",
        "coauthors": [
            "i. garcés",
            "emilio luque"
        ],
        "keywords": "Analytical Model,Network Traffic,"
    },
    {
        "id": 913,
        "label": "166",
        "author": "Daniel Franco",
        "title": "Models for high-speed interconnection networks performance analysis",
        "organization": null,
        "abstract": NaN,
        "email": null,
        "conf": "Modeling, Analysis, and Simulation On Computer and Telecommunication Systems",
        "coauthors": [
            "diego lugones",
            "eduardo argollo",
            "emilio luque"
        ],
        "keywords": "High Speed,Interconnection Network,Performance Analysis,"
    },
    {
        "id": 914,
        "label": "166",
        "author": "Daniel Franco",
        "title": "TransCom: A Communication Microkernel for Transputers",
        "organization": null,
        "abstract": NaN,
        "email": null,
        "conf": "Parallel, Distributed and Network-Based Processing",
        "coauthors": [
            "juan c. moure",
            "elisa heymann",
            "emilio luque"
        ],
        "keywords": null
    },
    {
        "id": 915,
        "label": "166",
        "author": "Daniel Franco",
        "title": "FT-DRB: A Method for Tolerating Dynamic Faults in High-Speed Interconnection Networks",
        "organization": null,
        "abstract": NaN,
        "email": null,
        "conf": "Parallel, Distributed and Network-Based Processing",
        "coauthors": [
            "gonzalo zarza",
            "diego lugones",
            "emilio luque"
        ],
        "keywords": "High Speed,Interconnection Network,"
    },
    {
        "id": 916,
        "label": "166",
        "author": "Daniel Franco",
        "title": "Deadlock Avoidance for Interconnection Networks with Multiple Dynamic Faults",
        "organization": null,
        "abstract": NaN,
        "email": null,
        "conf": "Parallel, Distributed and Network-Based Processing",
        "coauthors": [
            "gonzalo zarza",
            "diego lugones",
            "emilio luque"
        ],
        "keywords": "Deadlock Avoidance,Interconnection Network,"
    },
    {
        "id": 917,
        "label": "166",
        "author": "Daniel Franco",
        "title": "Analysis of Distributed Routing Balancing behavior",
        "organization": null,
        "abstract": "Distributed Routing Balancing (DRB) is a method developed to uniformly balance communication traffic over the interconnection network. DRB takes a similar approach to communications as load balancing does to processes in a distributed environment. The key ideas behind DRB are to distribute communication load based on limited and load-controlled path expansion, in order to maintain low message latency. In this",
        "email": null,
        "conf": "ACM Symposium on Applied Computing",
        "coauthors": [
            "i. garcés"
        ],
        "keywords": "Adaptive Routing,Distributed Environment,Hot Spot,Interconnection Network,Load Balance,"
    },
    {
        "id": 918,
        "label": "166",
        "author": "Daniel Franco",
        "title": "Dynamic Routing Balancing in Parallel Computer Interconnection Networks",
        "organization": null,
        "abstract": NaN,
        "email": null,
        "conf": "Vector and Parallel Processing",
        "coauthors": [
            "i. garcés",
            "emilio luque"
        ],
        "keywords": "Dynamic Routing,Interconnection Network,Parallel Computer,"
    }
]