[
    {
        "id": 4406,
        "label": "improvements are possible.",
        "author": "Data Layout;Data Structure;Hash Table;Load Balance;Model Checking;Search Algorithm;State Space;",
        "title": "http://arxiv.org/abs/1004.2772,http://www.informatik.uni-trier.de/~ley/db/journals/corr/corr1004.html#abs-1004-2772,http://ieeexplore.ieee.org/xpls/abs_all.jsp?arnumber=5770956,http://www.informatik.uni-trier.de/~ley/db/conf/fmcad/fmcad2010.html#LaarmanPW10",
        "organization": null,
        "abstract": "2010",
        "email": null,
        "conf": NaN,
        "coauthors": [
            "Computing Research Repository"
        ],
        "keywords": null
    }
]