[
    {
        "id": 670,
        "label": "transmission rate has to be backed off from",
        "author": "Data Transmission;Distributed Scheduling;Estimation Error;Incomplete Information;Necessary and Sufficient Condition;Optimal Scheduling;Optimal Stopping;Peer To Peer;Random Access;Wireless Ad Hoc Network;Distributed Opportunistic Scheduling;",
        "title": "http://arxiv.org/abs/0907.2093,http://www.informatik.uni-trier.de/~ley/db/journals/corr/corr0907.html#abs-0907-2093",
        "organization": null,
        "abstract": "2009",
        "email": null,
        "conf": NaN,
        "coauthors": [
            "Computing Research Repository"
        ],
        "keywords": null
    }
]