[
    {
        "id": 1223,
        "label": "this",
        "author": "Data Management;Lessons Learned;Relational Data;Semantic Web;",
        "title": "http://www.informatik.uni-trier.de/~ley/db/conf/cidr/cidr2009.html#DoanNBCCCCDGGHSV09,http://www.informatik.uni-trier.de/~ley/db/journals/corr/corr0909.html#abs-0909-1783,http://www-db.cs.wisc.edu/cidr/cidr2009/Paper_110.pdf,http://arxiv.org/abs/0909.1783",
        "organization": null,
        "abstract": "2009",
        "email": null,
        "conf": NaN,
        "coauthors": [
            "Computing Research Repository"
        ],
        "keywords": null
    }
]