[
    {
        "id": 1015,
        "label": "186",
        "author": "Dave King",
        "title": "Automating Security Mediation Placement",
        "organization": null,
        "abstract": "We present a framework that automatically produces sugges- tions to resolve type errors in security-typed programs, enabling legacy code to be retrot with comprehensive security policy mediation. Re- solving such type errors requires selecting a placement of mediation statements that implement runtime security decisions, such as declas- siers and authorization checks. Manually placing mediation statements in legacy code can be",
        "email": null,
        "conf": "European Symposium on Programming",
        "coauthors": [
            "susmit jha",
            "divya muthukumaran",
            "trent jaeger",
            "somesh jha",
            "sanjit a. seshia"
        ],
        "keywords": "Java Programming,Minimum Cut,Satisfiability,Security Policy,Type System,"
    },
    {
        "id": 1016,
        "label": "186",
        "author": "Dave King",
        "title": "Implicit Flows: Can't Live with 'Em, Can't Live without 'Em",
        "organization": null,
        "abstract": "Verifying that programs trusted to enforce security actually do so is a practical concern for programmers and administrators. How- ever, there is a disconnect between the kinds of tools that have been successfully applied to real software systems (such as taint mode in Perl and Ruby), and information-ow compilers that enforce a variant of the stronger security property of noninterference.",
        "email": null,
        "conf": "International Conference on Information Systems Security",
        "coauthors": [
            "boniface hicks",
            "michael hicks",
            "trent jaeger"
        ],
        "keywords": "Security Properties,Software Systems,"
    },
    {
        "id": 1017,
        "label": "186",
        "author": "Dave King",
        "title": "Mining Security-Sensitive Operations in Legacy Code Using Concept Analysis",
        "organization": null,
        "abstract": "This paper presents an approach to statically retrofit legacy servers with mechanisms for authorization policy enforcement. The approach is based upon the obser- vation that security-sensitive operations performed by a server are characterized by idiomatic resource manipula- tions, called fingerprints. Candidate fingerprints are auto- matically mined by clustering resource manipulations using concept analysis. These fingerprints are then used to iden-",
        "email": null,
        "conf": "International Conference on Software Engineering",
        "coauthors": [
            "vinod ganapathy",
            "trent jaeger",
            "somesh jha"
        ],
        "keywords": "Case Study,Concept Analysis,Domain Knowledge,Policy Enforcement,"
    },
    {
        "id": 1018,
        "label": "186",
        "author": "Dave King",
        "title": "Jifclipse: development tools for security-typed languages",
        "organization": null,
        "abstract": "Security-typed languages such as Jif require the programmer to la- bel variables with information flow security policies as part of ap- plication development. The compiler then flags errors wherever in- formation leaks may occur. Resolving these information leaks is a critical task in security-typed language application development. Unfortunately, because information flows can be quite subtle, sim- ple error messages tend",
        "email": null,
        "conf": "SIGPLAN Conference on Programming Language Design and Implementation",
        "coauthors": [
            "boniface hicks",
            "patrick mcdaniel"
        ],
        "keywords": "Application Development,Development Tool,Hidden Information,Information Flow,Integrated Development Environment,Security Policy,"
    },
    {
        "id": 1019,
        "label": "186",
        "author": "Dave King",
        "title": "Trusted declassification: : high-level policy for a security-typed language",
        "organization": null,
        "abstract": "Security-typed languages promise to be a powerful tool with which provably secure software applications may be developed. Programs written in these languages enforce a strong, global policy of nonin- terference which ensures that high-security data will not be observ- able on low-security channels. Because noninterference is typically too strong a property, most programs use some form of declassifi- cation to",
        "email": null,
        "conf": "SIGPLAN Conference on Programming Language Design and Implementation",
        "coauthors": [
            "boniface hicks",
            "patrick mcdaniel",
            "michael hicks"
        ],
        "keywords": "Data Encryption,Information Flow Control,Policy Making,Provable Security,"
    },
    {
        "id": 1020,
        "label": "186",
        "author": "Dave King",
        "title": "An architecture for enforcing end-to-end access control over web applications",
        "organization": null,
        "abstract": "The web is now being used as a general platform for hosting distributed applications like wikis, bulletin board messaging systems and collaborative editing environments. Data from multiple applications originating at multiple sources all intermix in a single web browser, making sensitive data stored in the browser subject to a broad milieu of attacks (cross-site scripting, cross-site request forgery and others).",
        "email": null,
        "conf": "Symposium on Access Control Models and Technologies",
        "coauthors": [
            "boniface hicks",
            "sandra rueda",
            "thomas moyer",
            "joshua schiffman",
            "yogesh sreenivasan",
            "patrick mcdaniel",
            "trent jaeger"
        ],
        "keywords": "Access Control Policy,Collaborative Editing,Distributed Application,Mandatory Access Control,Operating System,Virtual Machine,Access Control,Cross Site Request Forgery,"
    },
    {
        "id": 1021,
        "label": "186",
        "author": "Dave King",
        "title": "Effective blame for information-flow violations",
        "organization": null,
        "abstract": "ABSTRACT Programs trusted with secure information should not release that information in ways contrary to system policy. How- ever, when a program contains an illegal ow of informa- tion, current information-ow reporting techniques are in- adequate for determining the cause of the error. Reasoning about information-ow errors can be dicult, as the ows involved can be quite subtle. We present",
        "email": null,
        "conf": NaN,
        "coauthors": [
            "trent jaeger",
            "somesh jha",
            "sanjit a. seshia"
        ],
        "keywords": "Dependence Graph,Generic Model,Information Flow,"
    },
    {
        "id": 1022,
        "label": "186",
        "author": "Dave King",
        "title": "Verifying Compliance of Trusted Programs",
        "organization": null,
        "abstract": "In this paper, we present an approach for verifying that trusted programs correctly enforce system security goals when deployed. A trusted program is trusted to only perform safe operations despite have the authority to perform unsafe operations; for example, initialization programs, administrative programs, root network dae- mons, etc. Currently, these programs are trusted without concrete justification. The emergence of tools",
        "email": null,
        "conf": "USENIX Security Symposium",
        "coauthors": [
            "sandra rueda",
            "trent jaeger"
        ],
        "keywords": "Access Control Models,Mandatory Access Control,Policy Enforcement,System Security,"
    }
]