[
    {
        "id": 1034,
        "label": "191",
        "author": "David Ford",
        "title": "Reducing the Risk of Spreadsheet Usage - a Case Study",
        "organization": null,
        "abstract": "The frequency with which spreadsheets are used and the associated risk is",
        "email": null,
        "conf": NaN,
        "coauthors": [
            "mel glass",
            "sebastian dewhurst"
        ],
        "keywords": null
    },
    {
        "id": 1040,
        "label": "192",
        "author": "David Ford",
        "title": "A Note on the Equivalence of Gibbs Free Energy and Information Theoretic Capacity",
        "organization": null,
        "abstract": "The minimization of Gibbs free energy is based on the changes in work and",
        "email": null,
        "conf": NaN,
        "coauthors": [],
        "keywords": null
    }
]