[
    {
        "id": 1069,
        "label": "203",
        "author": "David S. Kung",
        "title": "A dual method for discrete Chebychev curve fitting",
        "organization": null,
        "abstract": "This paper presents a special purpose dual algorithm for obtaining a Chebychev approximation to an overdetermined system of linear equations. The method is founded on the principles of linear programming but is designed to take advantage of the problem's special structure. It is shown that, while maintaining a basis of smaller dimension, certain iterations of the standard dual algorithm may",
        "email": null,
        "conf": "ACM Annual Computer Science Conference",
        "coauthors": [
            "ronald d. armstrong"
        ],
        "keywords": "Curve Fitting,Linear Equations,overdetermined system,Linear Program,"
    },
    {
        "id": 1070,
        "label": "203",
        "author": "David S. Kung",
        "title": "A computational study of a multiple-choice knapsack algorithm",
        "organization": null,
        "abstract": "The results from the computat]onal testmg of an algorithm designed to solve large-scale multiplechoice knapsack problems are described. Data list structures, sorting techniques, and fathoming criteria are investigated. It is determmed that considerable storage space can be ehmlnated from the original implementation of the algorithm without affecting execution time Also the insertion of a heap sort m the algorithm does",
        "email": null,
        "conf": "ACM Transactions on Mathematical Software",
        "coauthors": [
            "ronald d. armstrong",
            "p. sinha",
            "andris a. zoltners"
        ],
        "keywords": "Algorithm Design,Large Scale,Knapsack Problem,"
    }
]