[
    {
        "id": 1072,
        "label": "204",
        "author": "David West",
        "title": "Apprenticeship agility in academia",
        "organization": null,
        "abstract": "We describe an experimental degree program for teaching software development and computer science based on an apprenticeship model with generous borrowings from agile software development methodologies.",
        "email": null,
        "conf": "Conference on Object-Oriented Programming Systems, Languages, and Applications",
        "coauthors": [
            "pamela m. rostal",
            "richard p. gabriel"
        ],
        "keywords": "Agile Methods,Agile Software Development,Software Development,"
    },
    {
        "id": 1073,
        "label": "204",
        "author": "David West",
        "title": "A snapshot of studio based learning: code reviews as a means of community building",
        "organization": null,
        "abstract": "Studio Based Learning is an educational process that has found more success in the humanities than the sciences. In these disciplines most learning is done in the studio, with apprentices and journeymen working at the elbow of a practicing master. When apprentices join a studio, their education progresses from the point of their current knowledge through journeyman status while working",
        "email": null,
        "conf": "Conference on Object-Oriented Programming Systems, Languages, and Applications",
        "coauthors": [
            "joseph bergin",
            "rick mercer",
            "robert c. duvall",
            "eugene wallingford",
            "pamela m. rostal",
            "richard p. gabriel"
        ],
        "keywords": "Active Learning,Community Building,Community of Practice,Computer Science Education,Sense of Community,Teaching and Learning,"
    },
    {
        "id": 1074,
        "label": "204",
        "author": "David West",
        "title": "Innovate",
        "organization": null,
        "abstract": "Freedom to innovate is one of the key motivators for many technical workers. Unfortunately, although innovation is often trumpeted as a key company attribute, it seems that many organizations struggle to provide the necessary environment - even those organizations whose original claim to fame lay in their ability to innovate. This panel will look at the barriers to innovation that",
        "email": null,
        "conf": "Conference on Object-Oriented Programming Systems, Languages, and Applications",
        "coauthors": [
            "laura hill",
            "richard p. gabriel",
            "harlan sexton",
            "kevin tyson"
        ],
        "keywords": "Open Source,"
    },
    {
        "id": 1075,
        "label": "204",
        "author": "David West",
        "title": "Extreme Programming as a Teaching Process",
        "organization": null,
        "abstract": NaN,
        "email": null,
        "conf": "Extreme Programming",
        "coauthors": [
            "j. fernando naveda",
            "kent beck",
            "richard p. gabriel",
            "jorge l. díaz-herrera",
            "watts s. humphrey",
            "michael mccracken"
        ],
        "keywords": "Extreme Programming,"
    }
]