[
    {
        "id": 1028,
        "label": "189",
        "author": "David Chiang",
        "title": "Fuzzy Constraint Propagation with Continuous Labels",
        "organization": null,
        "abstract": NaN,
        "email": null,
        "conf": "Fuzzy Systems and Knowledge Discovery",
        "coauthors": [
            "k. robert lai"
        ],
        "keywords": "Fuzzy Constraints,"
    },
    {
        "id": 1029,
        "label": "189",
        "author": "David Chiang",
        "title": "Application of Constraint-based Fuzzy Logic Controller for PH Control of a Flue Gas Desulfurization System",
        "organization": null,
        "abstract": NaN,
        "email": null,
        "conf": "IEEE International Conference on Fuzzy Systems",
        "coauthors": [
            "k. robert lai",
            "trank li"
        ],
        "keywords": "Fuzzy Logic Controller,Ph Control,Flue Gas Desulfurization,"
    }
]