[
    {
        "id": 4854,
        "label": "actuation system",
        "author": "Dc Motor;Distributed Software Architecture;Embedded System;Humanoid Robot;",
        "title": "http://www.informatik.uni-trier.de/~ley/db/journals/corr/corr0807.html#abs-0807-3223,http://arxiv.org/abs/0807.3223",
        "organization": null,
        "abstract": "2008",
        "email": null,
        "conf": NaN,
        "coauthors": [
            "Computing Research Repository"
        ],
        "keywords": null
    }
]