[
    {
        "id": 1116,
        "label": "is formulated",
        "author": "Decision Problem;Dynamic Game;Global Optimization;Optimal Policy;Resource Allocation;Semi Markov Decision Process;Value Iteration;Dynamic Programming Equation;",
        "title": "http://www.informatik.uni-trier.de/~ley/db/journals/corr/corr0608.html#abs-cs-0608025,http://arxiv.org/abs/cs/0608025",
        "organization": null,
        "abstract": "2006",
        "email": null,
        "conf": NaN,
        "coauthors": [
            "Computing Research Repository"
        ],
        "keywords": null
    }
]