[
    {
        "id": 1077,
        "label": "205",
        "author": "Denis Cousineau",
        "title": "Embedding Pure Type Systems in the Lambda-Pi-Calculus Modulo",
        "organization": null,
        "abstract": "The lambda-Pi-calculus allows to express proofs of minimal predicate logic. It can be extended, in a very simple way, by adding com- putation rules. This leads to the lambda-Pi-calculus modulo. We show in this paper that this simple extension is surprisingly expressive and, in particular, that all functional Pure Type Systems, such as the system F, or the Calculus of",
        "email": null,
        "conf": "Typed Lambda Calculus and Applications",
        "coauthors": [
            "gilles dowek"
        ],
        "keywords": "Calculus of Constructions,Dependent Types,Lambda Calculus,Logical Framework,Polymorphism,Pure Type Systems,Rewrite Rule,Rewrite Systems,Type Theory,"
    }
]