[
    {
        "id": 7224,
        "label": "abstracted into Java classes and embedded into the GIPSY system.",
        "author": "Design and Implementation;",
        "title": "http://arxiv.org/abs/1002.4392,http://www.informatik.uni-trier.de/~ley/db/journals/corr/corr1002.html#abs-1002-4392",
        "organization": null,
        "abstract": "2010",
        "email": null,
        "conf": NaN,
        "coauthors": [
            "Computing Research Repository"
        ],
        "keywords": null
    }
]