[
    {
        "id": 1107,
        "label": "207",
        "author": "Dinesh Kumar",
        "title": "Route Lifetime Based Optimal Hop Selection in VANETs on Highway: An Analytical Viewpoint",
        "organization": null,
        "abstract": "We consider the problem of optimal next-hop selection in a route between two vehicles, for a simple scenario of Vehicular ad hoc networks (VANETs) on a highway. For a given approximation of the optimal number of hops, we seek the optimal choice of next-hop based on its speed and inter-node distances, so as to maximize the expected route lifetime. Under",
        "email": null,
        "conf": "Networking",
        "coauthors": [
            "arzad alam kherani",
            "eitan altman"
        ],
        "keywords": "Optimal Policy,Optimal Routing,Routing Protocol,Vehicular Ad Hoc Network,"
    },
    {
        "id": 1108,
        "label": "207",
        "author": "Dinesh Kumar",
        "title": "Globally Optimal User-Network Association in an 802.11 WLAN & 3G UMTS Hybrid Cell",
        "organization": null,
        "abstract": "Abstract. With more and more users subscribing to wireless broadband services, it is desirable for them to have access to both WLAN and UMTS networks. We study glob- ally optimal user-network association in an integrated WLAN and UMTS hybrid cell. The association problem is formulated as a generic MDP (Markov Decision Process) connection routing decision problem. In the formulation, mobile",
        "email": null,
        "conf": "International Teletraffic Congress",
        "coauthors": [
            "eitan altman",
            "jean marc kelif"
        ],
        "keywords": "Decision Problem,Global Optimization,Network Model,poisson process,State Dependence,Value Iteration,Dynamic Programming Equation,Markov Decision Process,"
    },
    {
        "id": 1109,
        "label": "207",
        "author": "Dinesh Kumar",
        "title": "A structural property of solutions to path optimization problems in random access networks",
        "organization": null,
        "abstract": "The inherent nature of the physical setup and trans- mission mechanism in wireless ad hoc networks with random channel access, results in correlation between the link metrics of adjacent links, when considering path optimization problems. We identify a special structure inherent to the solution of Dynamic Programming (DP) problem arising in such an optimization over paths. According to this structure,",
        "email": null,
        "conf": "Modeling and Optimization in Mobile, Ad-Hoc and Wireless Networks",
        "coauthors": [
            "arzad alam kherani",
            "eitan altman"
        ],
        "keywords": "Dynamic Program,Network Topology,Optimal Path,Optimal Policy,Optimization Problem,Random Access,Routing Algorithm,Satisfiability,Structural Properties,Time Complexity,Wireless Ad Hoc Network,Wireless Network,Channel Access,"
    },
    {
        "id": 1110,
        "label": "207",
        "author": "Dinesh Kumar",
        "title": "Capacity optimizing hop distance in a mobile ad hoc network with power control",
        "organization": null,
        "abstract": "In a dense multi-hop network of mobile nodes capa- ble of applying adaptive power control, we consider the problem of finding the optimal hop distance that maximizes a certain throughput measure in bit-metres/sec, subject to average network power constraints. The mobility of nodes is restricted to a circular periphery area centered at the nominal location of nodes. We incorporate only",
        "email": null,
        "conf": "Modeling and Optimization in Mobile, Ad-Hoc and Wireless Networks",
        "coauthors": [
            "venkatesh ramaiyan",
            "anurag kumar",
            "eitan altman"
        ],
        "keywords": "Mobile Ad Hoc Network,multi-hop network,Numerical Analysis,Path Loss,Probability Density Function,Mobile Node,Power Control,"
    },
    {
        "id": 1111,
        "label": "207",
        "author": "Dinesh Kumar",
        "title": "User-Network Association in a WLAN-UMTS Hybrid Cell: Global & Individual Optimality",
        "organization": null,
        "abstract": "We study optimal user-network association in an integrated 802.11 WLAN and",
        "email": null,
        "conf": NaN,
        "coauthors": [
            "eitan altman",
            "jean-marc kelif"
        ],
        "keywords": null
    },
    {
        "id": 1117,
        "label": "207",
        "author": "Dinesh Kumar",
        "title": "New Cross-Layer Channel Switching Policy for TCP Transmission on 3G UMTS Downlink",
        "organization": null,
        "abstract": "In 3G UMTS, two main transport channels have been provided for downlink data trans- mission: a common FACH channel and a dedicated DCH channel. The performance of TCP in UMTS depends much on the channel switching policy used. In this paper, we propose and analyze three new basic threshold-based channel switching policies for UMTS that we name as QS (Queue",
        "email": null,
        "conf": "Computing Research Repository",
        "coauthors": [
            "dhiman barman",
            "eitan altman",
            "jean-marc kelif"
        ],
        "keywords": "Buffer Management,Cross Layer,"
    }
]