[
    {
        "id": 4664,
        "label": "proof that the algorithm actually performs the test is presented.",
        "author": "Directed Graph;",
        "title": "http://arxiv.org/abs/cs/0507014,http://www.informatik.uni-trier.de/~ley/db/journals/corr/corr0507.html#abs-cs-0507014",
        "organization": null,
        "abstract": "2005",
        "email": null,
        "conf": NaN,
        "coauthors": [
            "Computing Research Repository"
        ],
        "keywords": null
    }
]