[
    {
        "id": 1127,
        "label": "209",
        "author": "Dirk Beyer",
        "title": "Policy-Based Resource Assignment in Utility Computing Environments",
        "organization": null,
        "abstract": "In utility computing environments, multiple users and applications are served from the same r esource pool. To maintain service level objectives and maintain high levels of utilization in the resource pool, it is desirable that resources be assigne d in a manner consistent with operator policies, while ensuring that shared resources (e.g., networks) within the pool do not become bottlenecks.",
        "email": null,
        "conf": "Distributed Systems, Operations and Management",
        "coauthors": [
            "cipriano a. santos",
            "akhil sahai",
            "xiaoyun zhu",
            "vijay machiraju",
            "sharad singhal"
        ],
        "keywords": "Assignment Problem,Service Level,Soft Constraints,Utility Computing,"
    },
    {
        "id": 1128,
        "label": "209",
        "author": "Dirk Beyer",
        "title": "On the road to recovery: restoring data after disasters",
        "organization": null,
        "abstract": "Restoring data operations after a disaster is a daunting task: how should recovery be performed to minimize data loss and application downtime? Administrators are under considerable pressure to recover quickly, so they lack time to make good scheduling decisions. They schedule recovery based on rules of thumb, or on pre-determined orders that might not be best for the failure occurrence.",
        "email": null,
        "conf": "EuroSys",
        "coauthors": [
            "kimberly keeton",
            "ernesto brau",
            "arif merchant",
            "cipriano a. santos",
            "alex zhang"
        ],
        "keywords": "Data Storage,Decision Process,Disaster Recovery,Genetic Algorithm,Optimal Solution,Optimization Problem,Quantitative Evaluation,Rule of Thumb,Scheduling Problem,Storage System,"
    },
    {
        "id": 1129,
        "label": "209",
        "author": "Dirk Beyer",
        "title": "Designing for Disasters",
        "organization": null,
        "abstract": "Abstract: this paper. Thestandard solutions include interarraymirroring (local andremote, synchronous andasynchronous), tertiary storage(e.g., tape) backup, remotevaulting, and snapshots,combined with recovery byfailover or data reconstruction",
        "email": null,
        "conf": "USENIX Conference on File and Storage Technologies",
        "coauthors": [
            "kimberly keeton",
            "cipriano a. santos",
            "jeffrey s. chase",
            "john wilkes"
        ],
        "keywords": "Data Reconstruction,"
    },
    {
        "id": 1130,
        "label": "209",
        "author": "Dirk Beyer",
        "title": "Don't Settle for Less Than the Best: Use Optimization to Make Decisions",
        "organization": null,
        "abstract": "Many systems design, configuration, runtime and man- agement decisions must be made from a large set of pos- sible alternatives. Ad hoc heuristics have traditionally been used to make these decisions, but they provide no guarantees of solution quality. We argue that operations research-style optimization techniques should be used to solve these problems. We provide an overview of these techniques",
        "email": null,
        "conf": "Workshop on Workstation Operating Systems (now HotOS)/Workshop on Hot Topics in Operating Systems",
        "coauthors": [
            "kimberly keeton",
            "terence kelly",
            "arif merchant",
            "cipriano a. santos",
            "janet l. wiener",
            "xiaoyun zhu"
        ],
        "keywords": "Operations Research,Optimization Technique,System Design,"
    },
    {
        "id": 1131,
        "label": "209",
        "author": "Dirk Beyer",
        "title": "Quartermaster - a resource utility system",
        "organization": null,
        "abstract": NaN,
        "email": null,
        "conf": "Integrated Network Management",
        "coauthors": [
            "sharad singhal",
            "martin f. arlitt",
            "sven graupner",
            "vijay machiraju",
            "jim pruyne",
            "jerry rolia",
            "akhil sahai",
            "cipriano a. santos",
            "julie ward",
            "xiaoyun zhu"
        ],
        "keywords": "Resource Utilization,"
    },
    {
        "id": 1132,
        "label": "209",
        "author": "Dirk Beyer",
        "title": "Self-Adaptive SLA-Driven Capacity Management for Internet Services",
        "organization": null,
        "abstract": "This work considers the problem of hosting multiple third-party Internet services in a cost-effective manner so as to maximize a provider's business objective. For this purpose, we present a dynamic capacity management framework based on an optimization model, which links a cost model based on SLA contracts with an analytical queuing-based performance model, in an attempt to adapt the platform",
        "email": null,
        "conf": "IEEE/IFIP Network Operations and Management Symposium",
        "coauthors": [
            "bruno d. abrahao",
            "virgilio almeida",
            "jussara m. almeida",
            "alex zhang",
            "fereydoon safai"
        ],
        "keywords": "Capacity Management,Cost Effectiveness,Cost Model,Difference Operator,Internet Services,Optimization Model,Performance Model,Processor Sharing,Service Level,Real Time,"
    },
    {
        "id": 1133,
        "label": "209",
        "author": "Dirk Beyer",
        "title": "Deadline scheduling for animation rendering",
        "organization": null,
        "abstract": NaN,
        "email": null,
        "conf": "Sigmetrics Performance Evaluation Review",
        "coauthors": [
            "eric anderson",
            "kamalika chaudhuri",
            "terence kelly",
            "norman salazar",
            "cipriano a. santos",
            "ram swaminathan",
            "robert endre tarjan",
            "janet l. wiener",
            "yunhong zhou"
        ],
        "keywords": null
    },
    {
        "id": 1134,
        "label": "209",
        "author": "Dirk Beyer",
        "title": "Lessons and challenges in automating data dependability",
        "organization": null,
        "abstract": "Designing and managing dependable sys- tems is a difficult endeavor. In this paper, we describe challenges in this vast problem space, including pro- visioning and allocating shared resources, adaptively managing system dependability, expressing dependabil- ity goals, interactively exploring the design space, and designing end-to-end service dependability. We outline the optimization-based approach we've used to tackle the data dependability portion of",
        "email": null,
        "conf": "SIGOPS European Workshop",
        "coauthors": [
            "kimberly keeton",
            "jeffrey s. chase",
            "arif merchant",
            "cipriano a. santos",
            "john wilkes"
        ],
        "keywords": "Adaptive Management,Data Dependence,Design Space,"
    },
    {
        "id": 1135,
        "label": "209",
        "author": "Dirk Beyer",
        "title": "Value-maximizing deadline scheduling and its application to animation rendering",
        "organization": null,
        "abstract": "We describe a new class of utility-maximization scheduling problem with precedence constraints, the disconnected staged scheduling problem (DSSP). DSSP is a nonpreemptive multiprocessor deadline scheduling problem that arises in several commercially-important applications, including animation rendering, protein analysis, and seismic signal processing. DSSP differs from most previously-studied deadline scheduling problems because the graph of precedence constraints among tasks within jobs is",
        "email": null,
        "conf": "ACM Symposium on Parallel Algorithms and Architectures",
        "coauthors": [
            "eric anderson",
            "kamalika chaudhuri",
            "terence kelly",
            "norman salazar",
            "cipriano a. santos",
            "ram swaminathan",
            "robert endre tarjan",
            "janet l. wiener",
            "yunhong zhou"
        ],
        "keywords": "Job Scheduling,Performance Bounds,Precedence Constraint,Scheduling Algorithm,Scheduling Problem,Signal Processing,Utility Maximization,Full Length,Knapsack Problem,"
    },
    {
        "id": 1136,
        "label": "209",
        "author": "Dirk Beyer",
        "title": "Automated application component placement in data centers using mathematical programming",
        "organization": null,
        "abstract": NaN,
        "email": null,
        "conf": "International Journal of Network Management",
        "coauthors": [
            "xiaoyun zhu",
            "cipriano a. santos",
            "julie ward",
            "sharad singhal"
        ],
        "keywords": "Data Center,Mathematical Programming,"
    },
    {
        "id": 1137,
        "label": "209",
        "author": "Dirk Beyer",
        "title": "A Proof of the Eoq Formula Using Quasi-variational Inequalities",
        "organization": null,
        "abstract": " In this paper, we use quasi-variational inequalities to provide a rigorous proof ofthe familiar square root formula for the optimal economic order quantity (EOQ) inthe classical deterministic average cost inventory model.1 IntroductionThe familiar square root formula for the optimal economic order quantity (EOQ) in simpleinventory models is one of the most fundamental results in management science andoperations research. The formula",
        "email": null,
        "conf": "International Journal of Systems Science",
        "coauthors": [
            "suresh p. sethi"
        ],
        "keywords": "Average Cost,Inventory Model,Management Science,Economic Order Quantity,Quasi Variational Inequalities,"
    },
    {
        "id": 1138,
        "label": "209",
        "author": "Dirk Beyer",
        "title": "HP Transforms Product Portfolio Management with Operations Research",
        "organization": null,
        "abstract": NaN,
        "email": null,
        "conf": "Interfaces",
        "coauthors": [
            "julie ward",
            "bin zhang",
            "shailendra jain",
            "chris fry",
            "thomas olavson",
            "holger mishal",
            "jason amaral",
            "ann brecht",
            "brian cargille",
            "russ chadinha",
            "kathy chou",
            "gavin denyse",
            "qi feng",
            "cookie padovani",
            "sesh raj",
            "kurt sunderbruch",
            "robert endre tarjan",
            "krishna venkatraman",
            "joseph woods",
            "jing zhou"
        ],
        "keywords": "Operations Research,Portfolio Management,"
    }
]