[
    {
        "id": 1140,
        "label": "210",
        "author": "Dirk M&uuml;ller",
        "title": "Specifying Domain-Specific Refactorings for AndroMDA Based on Graph Transformation",
        "organization": null,
        "abstract": NaN,
        "email": null,
        "conf": "Applications of Graph Transformations with Industrial Relevance",
        "coauthors": [
            "gabriele taentzer",
            "tom mens"
        ],
        "keywords": "Domain Specificity,Graph Transformation,"
    },
    {
        "id": 1141,
        "label": "210",
        "author": "Dirk M&uuml;ller",
        "title": "MeBIT - an Interdisciplinary Project on \"Information\" Metaphors and their Impact on the Idea of Man",
        "organization": null,
        "abstract": "MebIT is an interdisciplinary project granted by the German Ministry for Education and Research (BMBF). Its focus of research concerns the logical interconnections and relationships which combine the Informatics, Information Technology (IT) and Information Systems (IS) fields with other scientific branches - in particular biology/genetics and philosophy - and which are established through the extensive use of metaphors form these",
        "email": null,
        "conf": NaN,
        "coauthors": [
            "michael bölker",
            "thomas engel",
            "mathias gutmann",
            "ulrike henckel",
            "wolfgang hesse",
            "benjamin rathgeber",
            "aaron ruß",
            "tareq syed"
        ],
        "keywords": "Genetics,Information System,Information Technology,Point of View,Public Domain,Information Theoretic,"
    },
    {
        "id": 1142,
        "label": "210",
        "author": "Dirk M&uuml;ller",
        "title": "Ambient Information Systems - Do They Open a New Quality of IS?",
        "organization": null,
        "abstract": NaN,
        "email": null,
        "conf": NaN,
        "coauthors": [
            "aaron ruß",
            "wolfgang hesse"
        ],
        "keywords": "Information System,"
    },
    {
        "id": 1143,
        "label": "210",
        "author": "Dirk M&uuml;ller",
        "title": "Operating system support for distributed applications in real space-time",
        "organization": null,
        "abstract": "One of the central trends in the two last decades was the spreading of mobile systems. While first these devices were intended to be used for stand-alone applications, the trend is emerging towards cooperating mobile systems performing tasks jointly. The aspects of mobility were first considered in the sense of location transparency aiming to hide the problems raised by mobility",
        "email": null,
        "conf": NaN,
        "coauthors": [
            "matthias werner",
            "martin däumler",
            "jan richling",
            "gero mühl"
        ],
        "keywords": "Distributed Application,Distributed Operating System,Mobile Systems,Operating System,Programming Model,System Approach,Space Time,"
    }
]