[
    {
        "id": 1145,
        "label": "211",
        "author": "Do Van Thanh",
        "title": "A Relationship Between the Probabilistic and the Possibilistic Logic",
        "organization": null,
        "abstract": NaN,
        "email": null,
        "conf": "Computing and Informatics / Computers and Artificial Intelligence",
        "coauthors": [],
        "keywords": "possibilistic logic,"
    },
    {
        "id": 1146,
        "label": "211",
        "author": "Do Van Thanh",
        "title": "Possibilistic Information Measures and Selection Approach",
        "organization": null,
        "abstract": NaN,
        "email": null,
        "conf": "Computing and Informatics / Computers and Artificial Intelligence",
        "coauthors": [],
        "keywords": null
    }
]