[
    {
        "id": 1148,
        "label": "212",
        "author": "Dong Hoon Lee",
        "title": "Cryptanalysis of a Divisor Class Group Based Public-Key Cryptosystem",
        "organization": null,
        "abstract": NaN,
        "email": null,
        "conf": "Algorithmic Number Theory Symposium",
        "coauthors": [
            "aaram yun",
            "jaeheon kim"
        ],
        "keywords": "Divisor Class Group,public key cryptosystem,"
    },
    {
        "id": 1149,
        "label": "212",
        "author": "Dong Hoon Lee",
        "title": "Cryptanalysis of Sosemanuk and SNOW 2.0 Using Linear Masks",
        "organization": null,
        "abstract": NaN,
        "email": null,
        "conf": "ASIACRYPT",
        "coauthors": [
            "jung-keun lee",
            "sangwoo park"
        ],
        "keywords": null
    },
    {
        "id": 1150,
        "label": "212",
        "author": "Dong Hoon Lee",
        "title": "Resistance of S-Boxes against Algebraic Attacks",
        "organization": null,
        "abstract": NaN,
        "email": null,
        "conf": "Fast Software Encryption",
        "coauthors": [
            "jung hee cheon"
        ],
        "keywords": "Algebraic Attack,"
    },
    {
        "id": 1151,
        "label": "212",
        "author": "Dong Hoon Lee",
        "title": "A New Class of Single Cycle T-Functions",
        "organization": null,
        "abstract": "T-function is a relatively new cryptographic building block suitable for streamciphers. It has the potential of becoming a substi- tute for LFSRs, and those that correspond to maximum length LFSRs are called single cycle T-functions. We present a family of single cycle T-functions, previously unknown. An attempt at building a hardware oriented streamcipher based on this new T-function is given.",
        "email": null,
        "conf": "Fast Software Encryption",
        "coauthors": [
            "jin hong",
            "yongjin yeom",
            "daewan han"
        ],
        "keywords": "Building Block,"
    },
    {
        "id": 1152,
        "label": "212",
        "author": "Dong Hoon Lee",
        "title": "Vulnerability of Nonlinear Filter Generators Based on Linear Finite State Machines",
        "organization": null,
        "abstract": NaN,
        "email": null,
        "conf": "Fast Software Encryption",
        "coauthors": [
            "jin hong",
            "seongtaek chee",
            "palash sarkar"
        ],
        "keywords": "Finite State Machine,Nonlinear Filter,"
    },
    {
        "id": 1153,
        "label": "212",
        "author": "Dong Hoon Lee",
        "title": "Algebraic Attacks on Summation Generators",
        "organization": null,
        "abstract": "We apply the algebraic attacks on stream ciphers with memories to the summation generator. For a summation generator that uses n LFSRs, an algebraic equation relating the key stream bits and LFSR output bits can be made to be of degree less than or equal to 2dlog2 ne, using dlog2 ne + 1 con- secutive key stream bits. This is",
        "email": null,
        "conf": "Fast Software Encryption",
        "coauthors": [
            "jaeheon kim",
            "jin hong",
            "jae woo han",
            "dukjae moon"
        ],
        "keywords": "Algebraic Attack,Stream Cipher,Upper Bound,"
    },
    {
        "id": 1154,
        "label": "212",
        "author": "Dong Hoon Lee",
        "title": "Vulnerability of a Mobile Payment System Proposed at WISA 2002",
        "organization": null,
        "abstract": NaN,
        "email": null,
        "conf": "Workshop on Information Security Applications",
        "coauthors": [
            "sang cheol hwang",
            "daewan han",
            "jae-cheol ryou"
        ],
        "keywords": "Mobile Payment,"
    },
    {
        "id": 1155,
        "label": "212",
        "author": "Dong Hoon Lee",
        "title": "Three-Party Password Authenticated Key Agreement Resistant to Server Compromise",
        "organization": null,
        "abstract": NaN,
        "email": null,
        "conf": "Workshop on Information Security Applications",
        "coauthors": [
            "taekyoung kwon"
        ],
        "keywords": "Authenticated Key Agreement,"
    },
    {
        "id": 1156,
        "label": "212",
        "author": "Dong Hoon Lee",
        "title": "Quadratic Equations from APN Power Functions",
        "organization": null,
        "abstract": NaN,
        "email": null,
        "conf": "Ieice Transactions",
        "coauthors": [
            "jung hee cheon"
        ],
        "keywords": "Power Function,"
    },
    {
        "id": 1157,
        "label": "212",
        "author": "Dong Hoon Lee",
        "title": "Security Analysis of a Variant of Self-Shrinking Generator",
        "organization": null,
        "abstract": NaN,
        "email": null,
        "conf": "Ieice Transactions",
        "coauthors": [
            "je hong park",
            "jae woo han"
        ],
        "keywords": "Security Analysis,"
    },
    {
        "id": 1158,
        "label": "212",
        "author": "Dong Hoon Lee",
        "title": "On the Security of Status Certificate-Based Encryption Scheme",
        "organization": null,
        "abstract": NaN,
        "email": null,
        "conf": "Ieice Transactions",
        "coauthors": [
            "je hong park"
        ],
        "keywords": null
    },
    {
        "id": 1159,
        "label": "212",
        "author": "Dong Hoon Lee",
        "title": "Use of Sparse and/or Complex Exponents in Batch Verification of Exponentiations",
        "organization": null,
        "abstract": "Modular exponentiation in an abelian group is one of the most frequently used mathematical primitives in modern cryptography. Batch verification is to verify many exponentiations simultaneously. We propose two fast batch verification algorithms. The first one makes use of exponents with small weight, called sparse exponents, which is asymp- totically 10 times faster than the individual verification and twice faster",
        "email": null,
        "conf": "IEEE Transactions on Computers",
        "coauthors": [
            "jung hee cheon"
        ],
        "keywords": "Abelian Group,Elliptic Curve,Finite Field,Modular Exponentiation,"
    }
]