[
    {
        "id": 1169,
        "label": "215",
        "author": "Duy Nguyen",
        "title": "Stork: Package Management for Distributed VM Environments",
        "organization": null,
        "abstract": "In virtual machine environments each application is often run in its own virtual machine (VM), isolating it from other applications running on the same physical machine. Contention for memory, disk space, and network bandwidth among virtual machines, coupled with an inability to share due to the isolation virtual machines provide, leads to heavy resource utilization. Additionally, VMs increase management overhead",
        "email": null,
        "conf": "USENIX Systems Administration Conference",
        "coauthors": [
            "justin cappos",
            "scott m. baker",
            "jeremy plichta",
            "jason hardies",
            "matt borgard",
            "jeffry johnston",
            "john h. hartman"
        ],
        "keywords": "Management Tool,Resource Utilization,Single Machine,Virtual Machine,"
    }
]