[
    {
        "id": 1171,
        "label": "216",
        "author": "Elisa Ricci",
        "title": "Precise Widening Operators for Convex Polyhedra",
        "organization": null,
        "abstract": "Convex polyhedra constitute the most used abstract domain among those capturing numerical relational information. Since the do- main of convex polyhedra admits innite ascending chains, it has to be used in conjunction with appropriate mechanisms for enforcing and ac- celerating convergence of the xp oint computation. Widening operators provide a simple and general characterization for such mechanisms. For the domain",
        "email": null,
        "conf": "Static Analysis Symposium/Workshop on Static Analysis",
        "coauthors": [
            "roberto bagnara",
            "patricia m. hill",
            "enea zaffanella"
        ],
        "keywords": "Abstract Interpretation,Convex Polyhedra,Experimental Evaluation,"
    },
    {
        "id": 1172,
        "label": "216",
        "author": "Elisa Ricci",
        "title": "Possibly Not Closed Convex Polyhedra and the Parma Polyhedra Library",
        "organization": null,
        "abstract": "The domain of convex polyhedra is employed in several sys- tems for the analysis and verification of hardware and software compo- nents. Current applications span imperative, functional and logic lan- guages, synchronous languages and synchronization protocols, real-time and hybrid systems. Since the seminal work of P. Cousot and N. Halb- wachs, convex polyhedra have thus played an important role in",
        "email": null,
        "conf": "Static Analysis Symposium/Workshop on Static Analysis",
        "coauthors": [
            "roberto bagnara",
            "enea zaffanella",
            "patricia m. hill"
        ],
        "keywords": "Convex Polyhedra,Hybrid System,Software Implementation,Synchronous Language,"
    },
    {
        "id": 1173,
        "label": "216",
        "author": "Elisa Ricci",
        "title": "Precise widening operators for convex polyhedra",
        "organization": null,
        "abstract": "Abstract. Convex polyhedra constitute the most used abstract domain among,those capturing numerical relational information. Since the domain of convex polyhedra admits innite ascending chains, it has to be used in conjunction with appropriate mechanisms for enforcing and accelerating convergence of the xp,oint computation. Widening operators provide a simple and general characterization for such mechanisms. For the domain of convex polyhedra,",
        "email": null,
        "conf": "Science of Computer Programming",
        "coauthors": [
            "roberto bagnara",
            "patricia m. hill",
            "enea zaffanella"
        ],
        "keywords": "Abstract Convexity,Convex Polyhedra,Experimental Evaluation,"
    }
]