[
    {
        "id": 1175,
        "label": "217",
        "author": "Eric Brown",
        "title": "On the Phase Reduction and Response Dynamics of Neural Oscillator Populations",
        "organization": null,
        "abstract": "Weundertakeaprobabilisticanalysisoftheresponseofrepetitivelyé ring neural populations to simple pulselike stimuli. Recalling and extending results from the literature, we compute phase response curves (PRCs) valid near bifurcations to periodic é ring for Hindmarsh-Rose, Hodgkin- Huxley, FitzHugh-Nagumo, and Morris-Lecar models, encompassing the four generic (codimension one) bifurcations. Phase density equations are then used to analyze the role of the bifurcation, and the resulting PRC,",
        "email": null,
        "conf": "Neural Computation",
        "coauthors": [
            "jeff moehlis",
            "philip holmes"
        ],
        "keywords": "Neural Oscillator,Phase Response Curve,Signal Processing,fitzhugh nagumo,Hodgkin Huxley,"
    }
]