[
    {
        "id": 2139,
        "label": "new approach integrates and streamlines a few previously",
        "author": "Feature Selection;Heterogeneous Data Sources;Knowledge Diffusion;Network Analysis;Science Policy;Scientific Discovery;Sense Making;Spectral Clustering;Visual Analysis;Visual Analytics;Sloan Digital Sky Survey;",
        "title": "http://dx.doi.org/10.1007/s11192-009-0123-x,http://www.informatik.uni-trier.de/~ley/db/journals/scientometrics/scientometrics83.html#ChenZV10,http://arxiv.org/abs/1002.1936,http://www.informatik.uni-trier.de/~ley/db/journals/corr/corr1002.html#abs-1002-1936,http://www.springerlink.com/index/10.1007/s11192-009-0123-x,http://www.springerlink.com/index/pdf/10.1007/s11192-009-0123-x",
        "organization": null,
        "abstract": "2010",
        "email": null,
        "conf": NaN,
        "coauthors": [
            "Scientometrics"
        ],
        "keywords": null
    }
]