[
    {
        "id": 7457,
        "label": "when a feedback vertex set of a graph is given. We show that {\\sc",
        "author": "Feedback Vertex Set;parameterized algorithm;parameterized complexity;Polynomial Time;",
        "title": "http://arxiv.org/abs/1004.1672,http://www.informatik.uni-trier.de/~ley/db/journals/corr/corr1004.html#abs-1004-1672",
        "organization": null,
        "abstract": "2010",
        "email": null,
        "conf": NaN,
        "coauthors": [
            "Computing Research Repository"
        ],
        "keywords": null
    }
]