[
    {
        "id": 1247,
        "label": "229",
        "author": "Fei-Fei Li",
        "title": "OPTIMOL: A Framework for Online Picture Collection via Incremental Model Learning",
        "organization": null,
        "abstract": NaN,
        "email": null,
        "conf": "National Conference on Artificial Intelligence",
        "coauthors": [
            "li-jia li",
            "juan carlos niebles"
        ],
        "keywords": null
    },
    {
        "id": 1248,
        "label": "229",
        "author": "Fei-Fei Li",
        "title": "What do reflections tell us about the shape of a mirror?",
        "organization": null,
        "abstract": "Three-dimensional shape may be perceived from static images. Contours, shading, texture gradients, perspective and occlusion are well-studied cues to this percept. When looking at a picture of a specular object, such as a silver vase, one additional cue is potentially available: a deformed picture of the reflected environment is seen in the surface of the object and the amount and",
        "email": null,
        "conf": "Applied Perception in Graphics and Visualization",
        "coauthors": [
            "silvio savarese",
            "pietro perona"
        ],
        "keywords": "Ideal Observer,Pattern Matching,Shape Perception,Specular Reflection,Three Dimensional,Visual Cues,"
    },
    {
        "id": 1249,
        "label": "229",
        "author": "Fei-Fei Li",
        "title": "ImageNet: A large-scale hierarchical image database",
        "organization": null,
        "abstract": "The explosion of image data on the Internet has the po- tential to foster more sophisticated and robust models and algorithms to index, retrieve, organize and interact with im- ages and multimedia data. But exactly how such data can be harnessed and organized remains a critical problem. We introduce here a new database called \"ImageNet\", a large- scale ontology of",
        "email": null,
        "conf": "Computer Vision and Pattern Recognition",
        "coauthors": [
            "jia deng",
            "wei dong",
            "richard socher",
            "li-jia li",
            "kai li"
        ],
        "keywords": "Computer Vision,Data Collection,Image Database,Indexation,Large Scale,Multimedia Data,Object Recognition,Full Resolution,"
    },
    {
        "id": 1250,
        "label": "229",
        "author": "Fei-Fei Li",
        "title": "A Bayesian hierarchical model for learning natural scene categories",
        "organization": null,
        "abstract": "We propose a novel approach to learn and recognize natural scene categories.",
        "email": null,
        "conf": NaN,
        "coauthors": [
            "pietro perona",
            "l. fei-fei"
        ],
        "keywords": null
    },
    {
        "id": 1256,
        "label": "229",
        "author": "Fei-Fei Li",
        "title": "Towards total scene understanding: Classification, annotation and segmentation in an automatic framework",
        "organization": null,
        "abstract": "Given an image, we propose a hierarchical generative model that classifies the overall scene, recognizes and seg- ments each object component, as well as annotates the im- age with a list of tags. To our knowledge, this is the first model that performs all three tasks in one coherent frame- work. For instance, a scene of a 'polo game' consists",
        "email": null,
        "conf": "Computer Vision and Pattern Recognition",
        "coauthors": [
            "li-jia li",
            "richard socher"
        ],
        "keywords": "Generic Model,Scene Understanding,"
    },
    {
        "id": 1257,
        "label": "229",
        "author": "Fei-Fei Li",
        "title": "OPTIMOL: automatic Online Picture collecTion via Incremental MOdel Learning",
        "organization": null,
        "abstract": "A well-built dataset is a necessary starting point for ad- vanced computer vision research. It plays a crucial role in evaluation and provides a continuous challenge to state- of-the-art algorithms. Dataset collection is, however, a te- dious and time-consuming task. This paper presents a novel automatic dataset collecting and model learning approach that uses object recognition techniques in an incremental",
        "email": null,
        "conf": "Computer Vision and Pattern Recognition",
        "coauthors": [
            "li-jia li",
            "gang wang"
        ],
        "keywords": "Computer Vision,Graphical Model,Image Annotation,Incremental Learning,Learning Process,Object Model,Object Recognition,"
    },
    {
        "id": 1258,
        "label": "229",
        "author": "Fei-Fei Li",
        "title": "A Hierarchical Model of Shape and Appearance for Human Action Classification",
        "organization": null,
        "abstract": "We present a novel model for human action categoriza- tion. A video sequence is represented as a collection of spatial and spatial-temporal features by extracting static and dynamic interest points. We propose a hierarchical model that can be characterized as a constellation of bags- of-features and that is able to combine both spatial and spatial-temporal features. Given a novel video",
        "email": null,
        "conf": "Computer Vision and Pattern Recognition",
        "coauthors": [
            "juan carlos niebles"
        ],
        "keywords": "Feature Modeling,Hierarchical Model,Interest Points,"
    },
    {
        "id": 1259,
        "label": "229",
        "author": "Fei-Fei Li",
        "title": "A multi-view probabilistic model for 3D object classes",
        "organization": null,
        "abstract": "We propose a novel probabilistic framework for learning visual models of 3D object categories by combining appear- ance information and geometric constraints. Objects are represented as a coherent ensemble of parts that are con- sistent under 3D viewpoint transformations. Each part is a collection of salient image features. A generative frame- work is used for learning a model that captures",
        "email": null,
        "conf": "Computer Vision and Pattern Recognition",
        "coauthors": [
            "min sun",
            "hao su",
            "silvio savarese"
        ],
        "keywords": "Geometric Constraints,Image Features,Object Categorization,Probabilistic Model,Relative Position,Visual Modeling,"
    },
    {
        "id": 1260,
        "label": "229",
        "author": "Fei-Fei Li",
        "title": "Using Dependent Regions for Object Categorization in a Generative Framework",
        "organization": null,
        "abstract": "Bag of words\" models have enjoyed much attention and achieved good performances in recent studies of ob- ject categorization. In most of these works, local patches are modeled as basic building blocks of an image, analo- gous to words in text documents. In most previous works using the \"bag of words\" models (e.g. (4, 20, 7)), the local patches are",
        "email": null,
        "conf": "Computer Vision and Pattern Recognition",
        "coauthors": [
            "gang wang",
            "ye zhang"
        ],
        "keywords": "Age Structure,Building Block,Object Categorization,Bag of Words,"
    },
    {
        "id": 1261,
        "label": "229",
        "author": "Fei-Fei Li",
        "title": "Towards Scalable Dataset Construction: An Active Learning Approach",
        "organization": null,
        "abstract": "As computer vision research considers more object categories and greater variation within object categories, it is clear that larger and more exhaustive datasets are necessary. However, the process of collect- ing such datasets is laborious and monotonous. We consider the setting in which many images have been automatically collected for a visual category (typically by automatic internet search), and we",
        "email": null,
        "conf": "European Conference on Computer Vision",
        "coauthors": [
            "brendan collins",
            "jia deng",
            "kai li"
        ],
        "keywords": "Active Learning,Computer Vision,Discrimination Learning,Online Learning,"
    },
    {
        "id": 1262,
        "label": "229",
        "author": "Fei-Fei Li",
        "title": "Extracting Moving People from Internet Videos",
        "organization": null,
        "abstract": NaN,
        "email": null,
        "conf": "European Conference on Computer Vision",
        "coauthors": [
            "juan carlos niebles",
            "bohyung han",
            "andras ferencz"
        ],
        "keywords": null
    },
    {
        "id": 1263,
        "label": "229",
        "author": "Fei-Fei Li",
        "title": "View Synthesis for Recognizing Unseen Poses of Object Classes",
        "organization": null,
        "abstract": NaN,
        "email": null,
        "conf": "European Conference on Computer Vision",
        "coauthors": [
            "silvio savarese"
        ],
        "keywords": "View Synthesis,"
    },
    {
        "id": 1264,
        "label": "229",
        "author": "Fei-Fei Li",
        "title": "Spatially Coherent Latent Topic Model for Concurrent Segmentation and Classification of Objects and Scenes",
        "organization": null,
        "abstract": NaN,
        "email": null,
        "conf": "International Conference on Computer Vision",
        "coauthors": [
            "liangliang cao"
        ],
        "keywords": "Spatial Coherence,"
    },
    {
        "id": 1265,
        "label": "229",
        "author": "Fei-Fei Li",
        "title": "A Bayesian Approach to Unsupervised One-Shot Learning of Object Categories",
        "organization": null,
        "abstract": "Learning visual models of object categories notoriously re- quires thousands of training examples; this is due to the diversity and richness of object appearance which requires models containing hundreds of parameters. We present a method for learning object categories from just a few im- ages ( ). It is based on incorporating 'generic' knowl- edge which may be obtained from",
        "email": null,
        "conf": "International Conference on Computer Vision",
        "coauthors": [
            "robert fergus",
            "pietro perona"
        ],
        "keywords": "bayesian approach,Learning Object,Probabilistic Model,Probability Density Function,Visual Modeling,variational bayesian,"
    },
    {
        "id": 1266,
        "label": "229",
        "author": "Fei-Fei Li",
        "title": "Learning Object Categories from Google's Image Search",
        "organization": null,
        "abstract": "Current approaches to object category recognition require datasets of training images to be manually prepared, with varying degrees of supervision. We present an approach that can learn an object category from just its name, by uti- lizing the raw output of image search engines available on the Internet. We develop a new model, TSI-pLSA, which extends pLSA (as applied to",
        "email": null,
        "conf": "International Conference on Computer Vision",
        "coauthors": [
            "robert fergus",
            "pietro perona",
            "andrew zisserman"
        ],
        "keywords": "Image Search,Learning Object,Scale Invariance,Search Engine,"
    },
    {
        "id": 1267,
        "label": "229",
        "author": "Fei-Fei Li",
        "title": "What, where and who? Classifying events by scene and object recognition",
        "organization": null,
        "abstract": "We propose a first attempt to classify events in static im- ages by integrating scene and object categorizations. We define an event in a static image as a human activity taking place in a specific environment. In this paper, we use a num- ber of sport games such as snow boarding, rock climbing or badminton to demonstrate event classification. Our",
        "email": null,
        "conf": "International Conference on Computer Vision",
        "coauthors": [
            "li-jia li"
        ],
        "keywords": "Graphical Model,Human Activity,Object Categorization,Object Recognition,"
    },
    {
        "id": 1268,
        "label": "229",
        "author": "Fei-Fei Li",
        "title": "3D generic object categorization, localization and pose estimation",
        "organization": null,
        "abstract": NaN,
        "email": null,
        "conf": "International Conference on Computer Vision",
        "coauthors": [
            "silvio savarese"
        ],
        "keywords": "Object Categorization,Pose Estimation,"
    },
    {
        "id": 1269,
        "label": "229",
        "author": "Fei-Fei Li",
        "title": "Audio-Visual Speaker Localization Using Graphical Models",
        "organization": null,
        "abstract": "In this work we propose an approach to combine audio and video modalities for person tracking using graphical models. We demonstrate a principled and intuitive frame- work for combining these modalities to obtain robustness against occlusion and change in appearance. We further exploit the temporal correlations that exist for a moving ob - ject between adjacent frames to account for",
        "email": null,
        "conf": "International Conference on Pattern Recognition",
        "coauthors": [
            "akash kushal",
            "mandar rahurkar",
            "jean ponce",
            "thomas s. huang"
        ],
        "keywords": "Graphical Model,Temporal Correlation,Audio Visual,Ground Truth,"
    },
    {
        "id": 1270,
        "label": "229",
        "author": "Fei-Fei Li",
        "title": "Variational Shift Invariant Probabilistic PCA for Face Recognition",
        "organization": null,
        "abstract": NaN,
        "email": null,
        "conf": "International Conference on Pattern Recognition",
        "coauthors": [
            "jilin tu",
            "aleksandar ivanovic",
            "xun xu",
            "thomas s. huang"
        ],
        "keywords": "Face Recognition,Shift Invariant,"
    },
    {
        "id": 1271,
        "label": "229",
        "author": "Fei-Fei Li",
        "title": "Learning generative visual models from few training examples: An incremental Bayesian approach tested on 101 object categories",
        "organization": null,
        "abstract": "Current computational approaches to learning vi- sual object categories require thousands of training images, are slow, cannot learn in an incremental manner and cannot incorporate prior information into the learning process. In addition, no algorithm presented in the literature has been tested on more than a handful of object categories. We present an method for learning object categories from just",
        "email": null,
        "conf": "Computer Vision and Image Understanding",
        "coauthors": [
            "robert fergus",
            "pietro perona"
        ],
        "keywords": "Approaches To Learning,bayesian approach,bayesian method,Incremental Algorithm,Incremental Learning,Learning Object,Learning Process,Prior Information,Probabilistic Model,Visual Modeling,Maximum Likelihood,Real Time,"
    },
    {
        "id": 1272,
        "label": "229",
        "author": "Fei-Fei Li",
        "title": "Unsupervised Learning of Human Action Categories Using Spatial-Temporal Words",
        "organization": null,
        "abstract": "We present a novel unsupervised learning method for human action cate- gories. A video sequence is represented as a collection of spatial-temporal words by extracting space-time interest points. The algorithm automatically learns the probability distributions of the spatial-temporal words and interme- diate topics corresponding to human action categories. This is achieved by using a probabilistic Latent Semantic Analysis (pLSA) model.",
        "email": null,
        "conf": "International Journal of Computer Vision",
        "coauthors": [
            "juan carlos niebles",
            "hongcheng wang"
        ],
        "keywords": "Interest Points,Probability Distribution,Unsupervised Learning,Bag of Words,Probabilistic Latent Semantic Analysis,Space Time,"
    },
    {
        "id": 1273,
        "label": "229",
        "author": "Fei-Fei Li",
        "title": "One-Shot Learning of Object Categories",
        "organization": null,
        "abstract": NaN,
        "email": null,
        "conf": "IEEE Transactions on Pattern Analysis and Machine Intelligence",
        "coauthors": [
            "robert fergus",
            "pietro perona"
        ],
        "keywords": null
    }
]