[
    {
        "id": 1212,
        "label": "224",
        "author": "Fei Chen",
        "title": "DBLife: A Community Information Management Platform for the Database Research Community (Demo)",
        "organization": null,
        "abstract": NaN,
        "email": null,
        "conf": "Conference on Innovative Data Systems Research",
        "coauthors": [
            "pedro derose",
            "warren shen",
            "yoonkyong lee",
            "douglas burdick",
            "anhai doan",
            "raghu ramakrishnan"
        ],
        "keywords": "Information Management,"
    },
    {
        "id": 1213,
        "label": "224",
        "author": "Fei Chen",
        "title": "Efficient Information Extraction over Evolving Text Data",
        "organization": null,
        "abstract": "Most current information extraction (IE) ap- proaches have considered only static text corpora, over which we typically have to apply IE only once. Many real-world text corpora however are dynamic. They evolve over time, and to keep extracted information up to date, we often must apply IE repeatedly, to consecutive corpus snapshots. We describe Cyclex, an approach that efficiently executes",
        "email": null,
        "conf": "International Conference on Data Engineering",
        "coauthors": [
            "anhai doan",
            "jun yang",
            "raghu ramakrishnan"
        ],
        "keywords": "Information Cost,Information Extraction,"
    },
    {
        "id": 1214,
        "label": "224",
        "author": "Fei Chen",
        "title": "Frequent-subsequence-based prediction of outer membrane proteins",
        "organization": null,
        "abstract": "A number of medically important disease-causing bacteria (collectively called Gram-negative bacteria) are noted for the extra \"outer\" membrane that surrounds their cell. Proteins resident in this membrane (outer membrane proteins, or OMPs) are of primary research interest for antibiotic and vaccine drug design as they are on the surface of the bacteria and so are the most accessible targets to",
        "email": null,
        "conf": "Knowledge Discovery and Data Mining",
        "coauthors": [
            "rong she",
            "ke wang",
            "martin ester",
            "jennifer l. gardy",
            "fiona s. l. brinkman"
        ],
        "keywords": "Association Rule,Classification Algorithm,Data Mining,Drug Design,Frequent Pattern,Genome Sequence,Gram Negative Bacteria,Outer Membrane,Outer Membrane Protein,Protein Localization,Structure and Function,Subcellular Localization,Support Vector Machine,Gram Negative,"
    },
    {
        "id": 1215,
        "label": "224",
        "author": "Fei Chen",
        "title": "Optimizing complex extraction programs over evolving text data",
        "organization": null,
        "abstract": "Most information extraction (IE) approaches have consid- ered only static text corpora, over which we apply IE only once. Many real-world text corpora however are dynamic. They evolve over time, and so to keep extracted information up to date we often must apply IE repeatedly, to consecutive corpus snapshots. Applying IE from scratch to each snap- shot can take a",
        "email": null,
        "conf": "International Conference on Management of Data",
        "coauthors": [
            "byron j. gao",
            "anhai doan",
            "jun yang",
            "raghu ramakrishnan"
        ],
        "keywords": "Information Extraction,Model Complexity,Rule Based,"
    },
    {
        "id": 1216,
        "label": "224",
        "author": "Fei Chen",
        "title": "Building Structured Web Community Portals: A Top-Down, Compositional, and Incremental Approach",
        "organization": null,
        "abstract": "Structured community portals extract and integrate infor- mation from raw Web pages to present a unified view of en- tities and relationships in the community. In this paper we argue that to build such portals, a top-down, compositional, and incremental approach is a good way to proceed. Com- pared to current approaches that employ complex mono- lithic techniques, this approach",
        "email": null,
        "conf": "Very Large Data Bases",
        "coauthors": [
            "pedro derose",
            "warren shen",
            "anhai doan",
            "raghu ramakrishnan"
        ],
        "keywords": "Case Study,Integral Operator,Web Community,Web Pages,Top Down,"
    },
    {
        "id": 1217,
        "label": "224",
        "author": "Fei Chen",
        "title": "PSORTb v.2.0: Expanded prediction of bacterial protein subcellular localization and insights gained from comparative proteome analysis",
        "organization": null,
        "abstract": "Abstract  Motivation: PSORTb  v.1.1  is  the ,most  precise  bacterial  localization  prediction  tool  available. However the program’s predictive coverage and recall are low and the method isonly,applicable  to  Gram-negative  bacteria.  The  goals  of  the ,present  work ,were:  increase PSORTb’s coverage while maintaining the existing precision level, expand it to include Gram-positive bacteria, and then carry out a comparative analysis of localization.",
        "email": null,
        "conf": "Bioinformatics/computer Applications in The Biosciences",
        "coauthors": [
            "jennifer l. gardy",
            "matthew r. laird",
            "sébastien rey",
            "c. j. walsh",
            "martin ester",
            "fiona s. l. brinkman"
        ],
        "keywords": "Comparative Analysis,Gram Negative Bacteria,Gram-positive Bacteria,Protein Subcellular Localization,Proteome Analysis,"
    },
    {
        "id": 1218,
        "label": "224",
        "author": "Fei Chen",
        "title": "The Case for a Structured Approach to Managing Unstructured Data",
        "organization": null,
        "abstract": "The challenge of managing unstructured data represents perhaps the largest",
        "email": null,
        "conf": NaN,
        "coauthors": [
            "anhai doan",
            "jeffrey f. naughton",
            "akanksha baid",
            "xiaoyong chai",
            "ting chen",
            "eric chu",
            "pedro derose",
            "byron j. gao",
            "chaitanya gokhale",
            "jiansheng huang",
            "warren shen",
            "ba-quy vuong"
        ],
        "keywords": null
    },
    {
        "id": 1224,
        "label": "224",
        "author": "Fei Chen",
        "title": "Community Information Management",
        "organization": null,
        "abstract": "We introduce Cimple, a joint project between the University of Illinois and the University of Wisconsin. Cimple aims to develop a software platform that can be rapidly deployed and customized to manage data-rich online communities. We first describe the envisioned working of such a software platform and our prototype, DBLife, which is a community portal being developed for the database",
        "email": null,
        "conf": "IEEE Data(base) Engineering Bulletin",
        "coauthors": [
            "anhai doan",
            "raghu ramakrishnan",
            "pedro derose",
            "yoonkyong lee",
            "robert mccann",
            "mayssam sayyadian",
            "warren shen"
        ],
        "keywords": "Information Management,Online Community,Software Platform,University of Wisconsin,"
    },
    {
        "id": 1225,
        "label": "224",
        "author": "Fei Chen",
        "title": "Information extraction challenges in managing unstructured data",
        "organization": null,
        "abstract": "Over the past few years, we have been trying to build an end-to-end system at Wisconsin to manage unstruc- tured data, using extraction, integration, and user in- teraction. This paper describes the key information extraction (IE) challenges that we have run into, and sketches our solutions. We discuss in particular de- veloping a declarative IE language, optimizing for this language,",
        "email": null,
        "conf": "Sigmod Record",
        "coauthors": [
            "anhai doan",
            "jeffrey f. naughton",
            "raghu ramakrishnan",
            "akanksha baid",
            "xiaoyong chai",
            "ting chen",
            "eric chu",
            "pedro derose",
            "byron j. gao",
            "chaitanya gokhale",
            "jiansheng huang",
            "warren shen",
            "ba-quy vuong"
        ],
        "keywords": "Age Structure,Information Extraction,Process Development,User Feedback,User Interface,Best Effort,"
    }
]