[
    {
        "id": 1244,
        "label": "228",
        "author": "Feifei Li",
        "title": "Composite Pattern Query Expression over Medical Data Streams",
        "organization": null,
        "abstract": NaN,
        "email": null,
        "conf": "International Conference on BioMedical Engineering and Informatics",
        "coauthors": [
            "hongyan li",
            "qiang qu"
        ],
        "keywords": "Data Stream,"
    },
    {
        "id": 1245,
        "label": "228",
        "author": "Feifei Li",
        "title": "A Low-complexity Adaptive Subcarrier, Bit, and Power Allocation Algorithm for OFDMA Systems",
        "organization": null,
        "abstract": NaN,
        "email": null,
        "conf": "Global Telecommunications Conference",
        "coauthors": [
            "long gao",
            "shuguang cui"
        ],
        "keywords": "Low Complexity,Power Allocation,"
    },
    {
        "id": 1246,
        "label": "228",
        "author": "Feifei Li",
        "title": "A Novel Method for Evaluating Trustworthiness between Strangers in Large, Dynamic Ad Hoc Networks",
        "organization": null,
        "abstract": NaN,
        "email": null,
        "conf": "Workshop on Knowledge Discovery and Data Mining",
        "coauthors": [
            "yanhui ding",
            "qingzhong li"
        ],
        "keywords": "Ad Hoc Network,"
    }
]