[
    {
        "id": 1322,
        "label": "235",
        "author": "Feng Wang",
        "title": "Positive Influence Dominating Set in Online Social Networks",
        "organization": null,
        "abstract": NaN,
        "email": null,
        "conf": "Conference on Combinatorial Optimization and Applications",
        "coauthors": [
            "erika camacho",
            "kuai xu"
        ],
        "keywords": "Dominating Set,Online Social Network,"
    },
    {
        "id": 1323,
        "label": "235",
        "author": "Feng Wang",
        "title": "A Real-Time Network Traffic Profiling System",
        "organization": null,
        "abstract": "This paper presents the design and implementation of a real-time behavior profiling system for high-speed Inter- net links. The profiling system uses flow-level information from continuous packet or flow monitoring systems, and uses data mining and information-theoretic techniques to automatically discover significant events based on the com- munication patterns of end-hosts. We demonstrate the oper- ational feasibility of the system",
        "email": null,
        "conf": "Dependable Systems and Networks",
        "coauthors": [
            "kuai xu",
            "supratik bhattacharyya",
            "zhi-li zhang"
        ],
        "keywords": "Data Mining,Denial of Service Attack,Design and Implementation,High Speed,Monitoring System,Network Traffic,Information Theoretic,Real Time,"
    },
    {
        "id": 1324,
        "label": "235",
        "author": "Feng Wang",
        "title": "Minimum Coverage Breach and Maximum Network Lifetime in Wireless Sensor Networks",
        "organization": null,
        "abstract": "Network lifetime is a critical issue in Wireless Sensor Networks. It is possible to extend network lifetime by organizing the sensors into a number of sensor covers. However, with the limited bandwidth, coverage breach (i.e, targets that are not covered) can occur if the number of available time-slots/channels is less than the number of sensors in a sensor cover. In",
        "email": null,
        "conf": "Global Telecommunications Conference",
        "coauthors": [
            "chen wang",
            "my t. thai",
            "yingshu li",
            "weili wu"
        ],
        "keywords": "Network Lifetime,Numerical Simulation,Optimization Problem,Relational Model,Theoretical Analysis,Linear Program,Wireless Sensor Network,"
    },
    {
        "id": 1325,
        "label": "235",
        "author": "Feng Wang",
        "title": "O(log n)Localized Algorithms on the Coverage Problem in Heterogeneous Sensor Networks",
        "organization": null,
        "abstract": "In this paper, we study the Maximum lifetime Target Cov- erage problem (MTC), which is to maximize the network lifetime while guaranteeing the complete coverage of all the targets. Many centralized algorithms have been pro- posed to solve this problem. A very few distributed ver- sions have also been presented but none of them obtains a good approximation ratio. In",
        "email": null,
        "conf": "International Performance, Computing, and Communications Conference",
        "coauthors": [
            "my t. thai",
            "yingshu li"
        ],
        "keywords": "Directed Graph,Energy Efficient,Heterogeneous Sensor Networks,Local Algorithm,Lower and Upper Bound,Network Lifetime,Set Partitions,"
    },
    {
        "id": 1326,
        "label": "235",
        "author": "Feng Wang",
        "title": "Coverage problems in wireless sensor networks: designs and analysis",
        "organization": null,
        "abstract": NaN,
        "email": null,
        "conf": "International Journal of Sensor Networks",
        "coauthors": [
            "my t. thai",
            "david hongwei du",
            "xiaohua jia"
        ],
        "keywords": "Wireless Sensor Network,"
    },
    {
        "id": 1327,
        "label": "235",
        "author": "Feng Wang",
        "title": "Fault tolerant topology control for one-to-all communications in symmetric wireless networks",
        "organization": null,
        "abstract": "This paper introduces the problem of fault tolerant topology control for one-to-all communications in symmetric wireless networks. We investigate two algo- rithms to address the problem, namely Minimum Weight Based Algorithm (MWBA) and Nearest Neighbor Augmentation Algorithm (NNAA), and prove that the former is a 4k approximation and the latter is a (k +4) approximation. Through simulations, we evaluate the",
        "email": null,
        "conf": "International Journal of Sensor Networks",
        "coauthors": [
            "kuai xu",
            "my t. thai",
            "ding-zhu du"
        ],
        "keywords": "Fault Tolerant,Topology Control,Wireless Network,Nearest Neighbor,Total Power,"
    },
    {
        "id": 1328,
        "label": "235",
        "author": "Feng Wang",
        "title": "Improved construction for pooling design",
        "organization": null,
        "abstract": NaN,
        "email": null,
        "conf": "Journal of Combinatorial Optimization",
        "coauthors": [
            "ping deng",
            "frank k. hwang",
            "weili wu",
            "david maccallum",
            "taieb znati"
        ],
        "keywords": null
    },
    {
        "id": 1329,
        "label": "235",
        "author": "Feng Wang",
        "title": "A Note on Optical Network with Nonsplitting Nodes",
        "organization": null,
        "abstract": "We study the problem of computing the minimum total weight multicast route in an optical network with both nonsplitting and splitting nodes, and present a simple approximation with performance ratio 3, which is better than existing one in the literature. 10 11 12 13",
        "email": null,
        "conf": "Journal of Combinatorial Optimization",
        "coauthors": [
            "hongwei du",
            "xiaohua jia",
            "my t. thai",
            "yingshu li"
        ],
        "keywords": "Multicast Routing,Optical Network,Performance Ratio,"
    },
    {
        "id": 1330,
        "label": "235",
        "author": "Feng Wang",
        "title": "An Approximation for Minimum Multicast Route in Optical Networks with Nonsplitting Nodes",
        "organization": null,
        "abstract": "Abstract Consider the problem of computing the minimum-weight multicast route in an op- tical network with both nonsplitting and splitting nodes. This problem can be reduced to the minimum Hamiltonian path problem when all nodes are nonsplitting, and the Steiner minimum tree problem when all nodes are splitting. Therefore, the problem is NP-hard. Previously, the best known polynomial-time approximation has",
        "email": null,
        "conf": "Journal of Combinatorial Optimization",
        "coauthors": [
            "longjiang guo",
            "weili wu",
            "my t. thai"
        ],
        "keywords": "Multicast Routing,Optical Network,Perforation,Hamiltonian Path Problem,National Science Foundation,Performance Ratio,"
    },
    {
        "id": 1331,
        "label": "235",
        "author": "Feng Wang",
        "title": "Optimization scheme for sensor coverage scheduling with bandwidth constraints",
        "organization": null,
        "abstract": NaN,
        "email": null,
        "conf": "Optimization Letters",
        "coauthors": [
            "chen wang",
            "my t. thai",
            "yingshu li",
            "weili wu"
        ],
        "keywords": null
    },
    {
        "id": 1332,
        "label": "235",
        "author": "Feng Wang",
        "title": "Non-unique probe selection and group testing",
        "organization": null,
        "abstract": "Abstract A minimization problem that has arisen from the study of non-unique probe selection with group testing technique is as follows: Given a binary matrix, find a d-disjunct submatrix with the minimum number of rows and the same number of columns. We show that when every probe hybridizes to at most two viruses, i.e., every row contains at most two",
        "email": null,
        "conf": "Theoretical Computer Science",
        "coauthors": [
            "david hongwei du",
            "xiaohua jia",
            "ping deng",
            "weili wu",
            "david maccallum"
        ],
        "keywords": "Group Testing,Polynomial Time,Vertex Cover,Performance Ratio,"
    },
    {
        "id": 1333,
        "label": "235",
        "author": "Feng Wang",
        "title": "On the Construction of a Strongly Connected Broadcast Arborescence with Bounded Transmission Delay",
        "organization": null,
        "abstract": "Energy conservation is an important concern in wireless networks. Many algorithms for constructing a broadcast tree with minimum energy consumption and other goals have been developed. However, no previous research work considers the total energy consumption and transmission delays of the broadcast tree simultaneously. In this paper, based on (fi;fl)-tree, a novel concept to wireless networks, we deflne a new",
        "email": null,
        "conf": "IEEE Transactions on Mobile Computing",
        "coauthors": [
            "yingshu li",
            "my t. thai",
            "ding-zhu du"
        ],
        "keywords": "Energy Conservation,Energy Consumption,Satisfiability,Wireless Network,Total Power,"
    },
    {
        "id": 1334,
        "label": "235",
        "author": "Feng Wang",
        "title": "Connected Dominating Sets in Wireless Networks with Different Transmission Ranges",
        "organization": null,
        "abstract": "Since there is no fixed infrastructure or centralized management in wireless ad hoc networks, a Connected Dominating Set (CDS) has been proposed as the virtual backbone. The CDS of a graph representing a network has a significant impact on an efficient design of routing protocols in wireless networks. This problem has been studied extensively in Unit Disk Graphs (UDG), in",
        "email": null,
        "conf": "IEEE Transactions on Mobile Computing",
        "coauthors": [
            "my t. thai",
            "dan liu",
            "shiwei zhu",
            "ding-zhu du"
        ],
        "keywords": "Approximate Algorithm,Connected Dominating Set,Distributed Algorithm,Independent Set,Maximal Independent Set,Routing Protocol,Theoretical Analysis,Wireless Ad Hoc Network,Wireless Network,Unit Disk Graph,"
    },
    {
        "id": 1335,
        "label": "235",
        "author": "Feng Wang",
        "title": "Fault-Tolerant Topology Control for All-to-One and One-to-All Communication in Wireles Networks",
        "organization": null,
        "abstract": "Abstract— This paper introduces the problem of fault tolerant topology control for all-to-one and one-to-all communication,in static wireless networks with asym- metric wireless links. This problem is important in both theoretical and practical aspects. We investigate two ap- proaches, namely minimum weight based approach and nearest neighbor augmentation approach, to address this problem. Specifically, for each approach, we propose three",
        "email": null,
        "conf": "IEEE Transactions on Mobile Computing",
        "coauthors": [
            "my t. thai",
            "yingshu li",
            "xiuzhen cheng",
            "ding-zhu du"
        ],
        "keywords": "Approximate Algorithm,Disjoint Paths,Fault Tolerant,Theoretical Analysis,Topology Control,Wireless Links,Wireless Network,Nearest Neighbor,"
    },
    {
        "id": 1336,
        "label": "235",
        "author": "Feng Wang",
        "title": "On the construction of 2connected virtual backbone in wireless networks",
        "organization": null,
        "abstract": "Virtual backbone has been proposed as the routing infrastructure to alleviate the broadcasting storm problem in ad hoc networks. Since the nodes in the virtual backbone need to carry other node's traffic, and node and link failure are inherent in wireless networks, it is desirable that the virtual backbone is fault tolerant. In this paper, we propose a new algorithm",
        "email": null,
        "conf": "IEEE Transactions on Wireless Communications",
        "coauthors": [
            "my t. thai",
            "ding-zhu du"
        ],
        "keywords": "Ad Hoc Network,Connected Dominating Set,Fault Tolerant,Link Failure,Wireless Network,"
    },
    {
        "id": 1337,
        "label": "235",
        "author": "Feng Wang",
        "title": "On greedy construction of connected dominating sets in wireless networks",
        "organization": null,
        "abstract": "Due to the fact that there is no flxed infrastructure or centralized management in ad hoc wireless networks, a Connected Dominating Set (CDS) of the graph rep- resenting the network is widely used as the virtual backbone of the network. Constructing a minimum CDS is NP-hard. In this paper, we propose a com- pletely localized distributed algorithm which is r-CDS",
        "email": null,
        "conf": "Wireless Communications and Mobile Computing",
        "coauthors": [
            "yingshu li",
            "my t. thai",
            "chih-wei yi",
            "peng-jun wan",
            "ding-zhu du"
        ],
        "keywords": "Ad Hoc Wireless Network,Connected Dominating Set,Distributed Algorithm,Greedy Algorithm,Local Algorithm,Maximal Independent Set,Wireless Network,Performance Ratio,"
    },
    {
        "id": 1338,
        "label": "235",
        "author": "Feng Wang",
        "title": "Connected Dominating Set",
        "organization": null,
        "abstract": NaN,
        "email": null,
        "conf": NaN,
        "coauthors": [
            "xiuzhen cheng",
            "ding-zhu du"
        ],
        "keywords": "Connected Dominating Set,"
    },
    {
        "id": 1339,
        "label": "235",
        "author": "Feng Wang",
        "title": "Greedy Approximation Algorithms",
        "organization": null,
        "abstract": NaN,
        "email": null,
        "conf": NaN,
        "coauthors": [
            "weili wu"
        ],
        "keywords": "Approximate Algorithm,"
    },
    {
        "id": 1340,
        "label": "236",
        "author": "Feng Wang",
        "title": "OBFS: A File System for Object-Based Storage Devices",
        "organization": null,
        "abstract": "Abstract The object-based storage model, in which files are made up of o ne or more data objects stored on self-contained Object-Based Storage Devices (OSDs), is em erging as an architecture for distributed storage systems. The workload,presented to the OSDs will be q uite different from that of general- purpose file systems, yet many distributed file systems employ general-purpose file",
        "email": null,
        "conf": "Symposium on Mass Storage Systems",
        "coauthors": [
            "scott a. brandt",
            "ethan l. miller",
            "darrell d. e. long"
        ],
        "keywords": "Distributed File System,Distributed Storage System,File System,"
    },
    {
        "id": 1341,
        "label": "236",
        "author": "Feng Wang",
        "title": "Using MEMS-Based Storage to Boost Disk Performance",
        "organization": null,
        "abstract": "Non-volatile storage technologies such as flash mem- ory, Magnetic RAM (MRAM), and MEMS-based storage are emerging as serious alternatives to disk drives. Among thes e, MEMS storage is predicted to be the least expensive and high- est density, and at about 1 ms access times still consider- ably faster than hard disk drives. Like the other emerging non-volatile storage technologies,",
        "email": null,
        "conf": "Symposium on Mass Storage Systems",
        "coauthors": [
            "bo hong",
            "scott a. brandt",
            "darrell d. e. long"
        ],
        "keywords": "High Performance,Mobile Device,Hard Disk Drive,"
    },
    {
        "id": 1342,
        "label": "236",
        "author": "Feng Wang",
        "title": "File System Workload Analysis For Large Scientific Computing Applications",
        "organization": null,
        "abstract": "Abstract: Parallel scientific applications require high-performance I/O support from underlying file systems.A comprehensive understanding of the expected workload is therefore essential for the design ofhigh-performance parallel file systems. We re-examine the workload characteristics in parallelcomputing environments in the light of recent technology advances and new applications.",
        "email": null,
        "conf": "Symposium on Mass Storage Systems",
        "coauthors": [
            "qin xin",
            "bo hong",
            "scott a. brandt",
            "ethan l. miller",
            "darrell d. e. long",
            "tyce t. mclarty"
        ],
        "keywords": "File System,High Performance,Parallel File System,Scientific Application,Scientific Computing,"
    },
    {
        "id": 1343,
        "label": "236",
        "author": "Feng Wang",
        "title": "Using MEMS-based storage in computer systems - MEMS storage architectures",
        "organization": null,
        "abstract": "As an emerging non-volatile secondary storage technology, MEMS-based storage exhibits sev-eral desirable properties including high performance, high storage volumic density, low power consumption, low entry cost, and small form factor. However, MEMS-based storage provides a limited amount of storage per device and is likely to be more expensive than magnetic disk. Sys-tems designers will therefore need to make trade-o s",
        "email": null,
        "conf": "ACM Transactions on Storage",
        "coauthors": [
            "bo hong",
            "scott a. brandt",
            "darrell d. e. long",
            "thomas j. e. schwarz"
        ],
        "keywords": "Form Factor,High Performance,Low Power Consumption,System Performance,Performance Ratio,"
    },
    {
        "id": 1344,
        "label": "237",
        "author": "Feng Wang",
        "title": "Optimal topology exploration for application-specific 3D architectures",
        "organization": null,
        "abstract": "As technology scales, increasing interconnect costs make it necessary to consider alternate ways of building inte- grated circuits. One promising option along this direction is 3D architectures where a stack of multiple device layers, with direct vertical tunneling through them, are put together on the same chip. In this paper, we explore how processor cores and storage blocks can be",
        "email": null,
        "conf": "Asia and South Pacific Design Automation Conference",
        "coauthors": [
            "ozcan ozturk",
            "mahmut t. kandemir",
            "yuan xie"
        ],
        "keywords": "Data Access,Integer Linear Program,Technology Scaling,"
    },
    {
        "id": 1345,
        "label": "237",
        "author": "Feng Wang",
        "title": "Variability-driven module selection with joint design time optimization and post-silicon tuning",
        "organization": null,
        "abstract": "Increasing delay and power variation are significant chal- lenges to the designers as technology scales to the deep sub-micron (DSM) regime. Traditional module selection techniques in high level synthesis use worst case delay/power information to perform the optimization, and therefore may be too pessimistic such that extra resources are used to guarantee design requirements. Parametric yield, which is defined as",
        "email": null,
        "conf": "Asia and South Pacific Design Automation Conference",
        "coauthors": [
            "xiaoxia wu",
            "yuan xie"
        ],
        "keywords": "Conic Programming,Design Space Exploration,High Level Synthesis,Power Variation,Technology Scaling,Timing Optimization,Adaptive Body Biasing,Deep Sub Micron,"
    },
    {
        "id": 1346,
        "label": "237",
        "author": "Feng Wang",
        "title": "Variation-aware resource sharing and binding in behavioral synthesis",
        "organization": null,
        "abstract": "As technology scales, the delay uncertainty caused by process variations has become increasingly pronounced in deep submicron designs. In the presence of process variations, worst-case timing analysis may lead to overly conservative synthesis, and may end up using excess resources to guarantee design constraints. In this paper, we propose an efficient variation-aware resource sharing and binding algorithm in behavioral synthesis,",
        "email": null,
        "conf": "Asia and South Pacific Design Automation Conference",
        "coauthors": [
            "yuan xie",
            "andres takach"
        ],
        "keywords": "Behavioral Synthesis,Image Processing,Performance Improvement,Process Variation,Resource Sharing,Technology Scaling,Timing Analysis,Functional Unit,"
    },
    {
        "id": 1347,
        "label": "237",
        "author": "Feng Wang",
        "title": "A novel criticality computation method in statistical timing analysis",
        "organization": null,
        "abstract": "The impact of process variations increases as tech- nology scales to nanometer region. Under large process vari- ations, the path and arc/node criticality (18) provide effective metrics in guiding circuit optimization. To facilitate the criticality computation considering the correlation, we define the critical region for the path and arc/node in a timing graph, and propose an efficient method to compute",
        "email": null,
        "conf": "Design, Automation, and Test in Europe",
        "coauthors": [
            "yuan xie",
            "hai ju"
        ],
        "keywords": "Circuit Optimization,Computational Method,Linear Complexity,Process Variation,Statistical Timing Analysis,"
    },
    {
        "id": 1348,
        "label": "237",
        "author": "Feng Wang",
        "title": "A Variation Aware High Level Synthesis Framework",
        "organization": null,
        "abstract": NaN,
        "email": null,
        "conf": "Design, Automation, and Test in Europe",
        "coauthors": [
            "guangyu sun",
            "yuan xie"
        ],
        "keywords": "High Level Synthesis,"
    },
    {
        "id": 1349,
        "label": "237",
        "author": "Feng Wang",
        "title": "On-chip bus thermal analysis and optimization",
        "organization": null,
        "abstract": "As technology scales, increasing clock rates, decreasing interconnect pitch, and the introduction of low-k dielectrics have made self-heating of the global interconnects an important issue in VLSI design. In this paper, we study the self-heating of on-chip buses and show that the thermal impact due to self-heating of on- chip buses increases as technology scales, thus motivating the need of",
        "email": null,
        "conf": "Design, Automation, and Test in Europe",
        "coauthors": [
            "yuan xie",
            "narayanan vijaykrishnan",
            "mary jane irwin"
        ],
        "keywords": "Low Power,on-chip bus,on-chip buses,Technology Scaling,Theoretical Analysis,Thermal Analysis,Vlsi Design,"
    },
    {
        "id": 1350,
        "label": "237",
        "author": "Feng Wang",
        "title": "Variation-aware task allocation and scheduling for MPSoC",
        "organization": null,
        "abstract": "As technology scales, the delay uncertainty caused by process variations has become increasingly pronounced in deep sub- micron designs. As a result, a paradigm shift from deterministic to statistical design methodology at all levels of the design hierarchy is inevitable (1). In this paper, we propose a variation-aware task allocation and scheduling algorithm for Multiprocessor System-on-Chip (MPSoC) architectures to mitigate",
        "email": null,
        "conf": "International Conference on Computer Aided Design",
        "coauthors": [
            "chrysostomos nicopoulos",
            "xiaoxia wu",
            "yuan xie",
            "narayanan vijaykrishnan"
        ],
        "keywords": "Computational Method,Design Methodology,Multiprocessor System On Chip,Paradigm Shift,Process Variation,Scheduling Algorithm,Task Allocation,Task Scheduling,Technology Scaling,Deep Sub Micron,"
    },
    {
        "id": 1351,
        "label": "237",
        "author": "Feng Wang",
        "title": "Embedded Multi-Processor System-on-chip (MPSoC) design considering process variations",
        "organization": null,
        "abstract": NaN,
        "email": null,
        "conf": "International Parallel and Distributed Processing Symposium/International Parallel Processing Symposium",
        "coauthors": [
            "yuan xie"
        ],
        "keywords": "Process Variation,Multi Processor System On Chip,"
    },
    {
        "id": 1352,
        "label": "237",
        "author": "Feng Wang",
        "title": "Dependability Analysis of Nano-scale FinFET circuits",
        "organization": null,
        "abstract": "FinFET technology has been proposed as a promising alternative for deep sub-micro bulk CMOS technology, because of its better scalability. Previous work have studied the performance or power advantages of FinFET circuits over bulk CMOS circuits. This paper provides the dependability analysis of FinFET circuits, studying the soft error vulnerability of FinFET circuits and the impact of process variation. Our",
        "email": null,
        "conf": "Annual Symposium on VLSI",
        "coauthors": [
            "yuan xie",
            "kerry bernstein",
            "yan luo"
        ],
        "keywords": "Circuit Design,Dependence Analysis,Process Variation,Soft Error,"
    },
    {
        "id": 1353,
        "label": "237",
        "author": "Feng Wang",
        "title": "Architecting Microprocessor Components in 3D Design Space",
        "organization": null,
        "abstract": "Interconnect is one of the major concerns in current and fu- ture microprocessor designs from both performance and power consumption perspective. The emergence of three-dimensional (3D) chip architectures, with its intrinsic capability to reduce the wire length, is one of the promising solutions to mitigate the interconnect related issues. In this paper we implement a few components of a microprocessor",
        "email": null,
        "conf": "VLSI Design",
        "coauthors": [
            "balaji vaidyanathan",
            "wei-lun hung",
            "yuan xie",
            "narayanan vijaykrishnan",
            "mary jane irwin"
        ],
        "keywords": "3d integration,Design Space,Design Tool,Power Consumption,Power Reduction,Three Dimensional,"
    },
    {
        "id": 1354,
        "label": "237",
        "author": "Feng Wang",
        "title": "Soft Error Rate Analysis for Combinational Logic Using An Accurate Electrical Masking Model",
        "organization": null,
        "abstract": "Accurate electrical masking modeling represents a significant challenge in soft error rate analysis for combinational logic circuits. In this paper, we use table lookup MOSFET models to accurately capture the nonlinear properties of submicron MOS transistors. Based on these models, we propose and validate the transient pulse generation model and propagation model for soft error rate analysis. The pulse generated",
        "email": null,
        "conf": "VLSI Design",
        "coauthors": [
            "yuan xie",
            "r. rajaraman",
            "balaji vaidyanathan"
        ],
        "keywords": "Generic Model,Soft Error Rate,"
    },
    {
        "id": 1355,
        "label": "237",
        "author": "Feng Wang",
        "title": "Process-Variation-Aware Adaptive Cache Architecture and Management",
        "organization": null,
        "abstract": NaN,
        "email": null,
        "conf": "IEEE Transactions on Computers",
        "coauthors": [
            "madhu mutyam",
            "krishnan ramakrishnan",
            "vijaykrishnan narayanan",
            "mahmut t. kandemir",
            "yuan xie",
            "mary jane irwin"
        ],
        "keywords": "Process Variation,"
    },
    {
        "id": 1356,
        "label": "237",
        "author": "Feng Wang",
        "title": "Design Space Exploration for 3-D Cache",
        "organization": null,
        "abstract": NaN,
        "email": null,
        "conf": "IEEE Transactions on Very Large Scale Integration Systems",
        "coauthors": [
            "yuh-fang tsai",
            "yuan xie",
            "narayanan vijaykrishnan",
            "mary jane irwin"
        ],
        "keywords": "Design Space Exploration,"
    }
]