[
    {
        "id": 1314,
        "label": "233",
        "author": "Feng Shu",
        "title": "Analysis of an Energy Conserving CSMA-CA",
        "organization": null,
        "abstract": NaN,
        "email": null,
        "conf": "Global Telecommunications Conference",
        "coauthors": [
            "taka sakurai"
        ],
        "keywords": "Energy Conservation,"
    },
    {
        "id": 1315,
        "label": "233",
        "author": "Feng Shu",
        "title": "A Framework to Minimize Energy Consumption for Wireless Sensor Networks",
        "organization": null,
        "abstract": NaN,
        "email": null,
        "conf": "Global Telecommunications Conference",
        "coauthors": [
            "taka sakurai",
            "hai le vu",
            "moshe zukerman"
        ],
        "keywords": "Energy Consumption,Wireless Sensor Network,"
    },
    {
        "id": 1316,
        "label": "233",
        "author": "Feng Shu",
        "title": "Ranging energy optimization for robust sensor positioning",
        "organization": null,
        "abstract": NaN,
        "email": null,
        "conf": "International Conference on Acoustics, Speech, and Signal Processing",
        "coauthors": [
            "tao wang",
            "geert leus",
            "dries neirynck",
            "li huang"
        ],
        "keywords": "Energy Optimization,"
    },
    {
        "id": 1317,
        "label": "233",
        "author": "Feng Shu",
        "title": "Packet size optimization for goodput and energy efficiency enhancement in slotted IEEE 802.15.4 networks",
        "organization": null,
        "abstract": NaN,
        "email": null,
        "conf": "IEEE Wireless Communications & Networking Conference",
        "coauthors": [
            "yan zhang"
        ],
        "keywords": "Energy Efficient,"
    },
    {
        "id": 1318,
        "label": "233",
        "author": "Feng Shu",
        "title": "Topology and routing optimization for congestion minimization in optical wireless networks",
        "organization": null,
        "abstract": NaN,
        "email": null,
        "conf": "Optical Switching and Networking",
        "coauthors": [
            "iradj ouveysi",
            "wei chen",
            "gangxiang shen",
            "moshe zukerman"
        ],
        "keywords": "Optical Wireless,Route Optimization,"
    },
    {
        "id": 1319,
        "label": "234",
        "author": "Feng Shu",
        "title": "Image Super-Resolution Reconstruction using Multigrid and Krylov Subspace Accelerative Algorithm",
        "organization": null,
        "abstract": NaN,
        "email": null,
        "conf": "International Conference on Multimedia Computing and Systems/International Conference on Multimedia and Expo",
        "coauthors": [
            "yu bing han"
        ],
        "keywords": "Krylov Subspace,Super Resolution,"
    },
    {
        "id": 1320,
        "label": "234",
        "author": "Feng Shu",
        "title": "An Efficient and Robust Algorithm for Improving the Resolution of Video Sequences",
        "organization": null,
        "abstract": NaN,
        "email": null,
        "conf": "International Symposium on Neural Networks",
        "coauthors": [
            "yu bing han",
            "rushan chen"
        ],
        "keywords": null
    }
]