[
    {
        "id": 1358,
        "label": "238",
        "author": "Feng Xu",
        "title": "VegRisk: A Decision Support System for Risk Management of Vegetable Supply Chain",
        "organization": null,
        "abstract": NaN,
        "email": null,
        "conf": "International Conference on Networking, Sensing and Control",
        "coauthors": [
            "xiaoshuan zhang",
            "xiaomei guo",
            "zetian fu"
        ],
        "keywords": "Risk Management,Supply Chain,Support System,"
    },
    {
        "id": 1359,
        "label": "238",
        "author": "Feng Xu",
        "title": "A hybrid reasoning mechanism integrated evidence theory and set pair analysis in Swine-Vet",
        "organization": null,
        "abstract": NaN,
        "email": null,
        "conf": "Expert Systems With Applications",
        "coauthors": [
            "xiaoping zheng",
            "jian zhang",
            "zetian fu",
            "xiaoshuan zhang"
        ],
        "keywords": "Evidence Theory,"
    },
    {
        "id": 1360,
        "label": "238",
        "author": "Feng Xu",
        "title": "Pig-vet: a web-based expert system for pig disease diagnosis",
        "organization": null,
        "abstract": NaN,
        "email": null,
        "conf": "Expert Systems With Applications",
        "coauthors": [
            "zetian fu",
            "zhou yun",
            "xiaoshuan zhang"
        ],
        "keywords": "Expert System,"
    }
]