[
    {
        "id": 1298,
        "label": "232",
        "author": "Feng Luo",
        "title": "Discrete Curvature Flows for Surfaces and 3-Manifolds",
        "organization": null,
        "abstract": "Intrinsic curvature flows can be used to design Riemannian metrics by prescribed curvatures. This chapter presents three discrete curvature flow methods that are recently introduced into the engineer- ing fields: the discrete Ricci flow and discrete Yamabe flow for surfaces with various topology, and the discrete curvature flow for hyperbolic 3- manifolds with boundaries. For each flow, we introduce its",
        "email": null,
        "conf": NaN,
        "coauthors": [
            "xiaotian yin",
            "miao jin",
            "xianfeng david gu"
        ],
        "keywords": "Computer Aided Design,Computer Graphic,Computer Vision,hyperbolic 3-manifold,Medical Image,Numerical Algorithm,Ricci Flow,riemannian metric,"
    },
    {
        "id": 1299,
        "label": "232",
        "author": "Feng Luo",
        "title": "Recent Advances in Computational Conformal Geometry",
        "organization": null,
        "abstract": NaN,
        "email": null,
        "conf": "IMA Conference on the Mathematics of Surfaces",
        "coauthors": [
            "xianfeng david gu",
            "shing-tung yau"
        ],
        "keywords": "Conformal Geometry,"
    },
    {
        "id": 1300,
        "label": "232",
        "author": "Feng Luo",
        "title": "Surface Quasi-Conformal Mapping by Solving Beltrami Equations",
        "organization": null,
        "abstract": NaN,
        "email": null,
        "conf": "IMA Conference on the Mathematics of Surfaces",
        "coauthors": [
            "wei zeng",
            "shing-tung yau",
            "xianfeng david gu"
        ],
        "keywords": "Conformal Map,"
    },
    {
        "id": 1301,
        "label": "232",
        "author": "Feng Luo",
        "title": "Resilient Routing for Sensor Networks Using Hyperbolic Embedding of Universal Covering Space",
        "organization": null,
        "abstract": NaN,
        "email": null,
        "conf": "IEEE INFOCOM",
        "coauthors": [
            "wei zeng",
            "rik sarkar",
            "xianfeng gu",
            "jie gao"
        ],
        "keywords": "Covering Space,Sensor Network,"
    },
    {
        "id": 1302,
        "label": "232",
        "author": "Feng Luo",
        "title": "Greedy routing with guaranteed delivery using Ricci flows",
        "organization": null,
        "abstract": "Greedy forwarding with geographical locations in a wireless sensor network may fail at a local minimum. In this paper we propose to use conformal mapping to compute a new em- bedding of the sensor nodes in the plane such that greedy for- warding with the virtual coordinates guarantees delivery. In particular, we extract a planar triangulation of the sensor net-",
        "email": null,
        "conf": "Information Processing in Sensor Networks",
        "coauthors": [
            "rik sarkar",
            "xiaotian yin",
            "jie gao",
            "xianfeng david gu"
        ],
        "keywords": "Conformal Map,Model Simulation,Ricci Flow,Sensor Nodes,Unit Disk Graph,Wireless Sensor Network,"
    },
    {
        "id": 1303,
        "label": "232",
        "author": "Feng Luo",
        "title": "Computing Fundamental Group of General 3Manifold",
        "organization": null,
        "abstract": NaN,
        "email": null,
        "conf": "International Symposium on Visual Computing",
        "coauthors": [
            "junho kim",
            "miao jin",
            "qian-yi zhou",
            "xianfeng gu"
        ],
        "keywords": "Fundamental Group,"
    },
    {
        "id": 1304,
        "label": "232",
        "author": "Feng Luo",
        "title": "Computing and Visualizing Constant-Curvature Metrics on Hyperbolic 3-Manifolds with Boundaries",
        "organization": null,
        "abstract": NaN,
        "email": null,
        "conf": "International Symposium on Visual Computing",
        "coauthors": [
            "xiaotian yin",
            "miao jin",
            "xianfeng david gu"
        ],
        "keywords": "hyperbolic 3-manifold,"
    },
    {
        "id": 1305,
        "label": "232",
        "author": "Feng Luo",
        "title": "Computing surface hyperbolic structure and real projective structure",
        "organization": null,
        "abstract": "e disk with the hyperbolic uniformization metric; the isometric embedding in the Klein disk which induces the real projective structure; the isometric embedding in the Poincar´ e disk, where the boundaries of fundamental domains are straightened to hyperbolic lines. Abstract Geometric structures are natural structures of surfaces, which enable different geometries to be defined on the surfaces. Al- gorithms designed",
        "email": null,
        "conf": "Symposium on Solid Modeling and Applications",
        "coauthors": [
            "miao jin",
            "xianfeng gu"
        ],
        "keywords": "Geometric Structure,Hyperbolic Geometry,Isometric Embedding,Projective Structure,Ricci Flow,"
    },
    {
        "id": 1306,
        "label": "232",
        "author": "Feng Luo",
        "title": "Computing geodesic spectra of surfaces",
        "organization": null,
        "abstract": "Surface classification is one of the most fundamental proble ms in geometric modeling. Surfaces can be classified according to their conformal structures. In general, each topological e quiv- alent class has infinite conformally equivalent classes. This paper introduces a novel method to classify surfaces by their conformal structures. Surfaces in the same conformal class share the same uniformization metric, which",
        "email": null,
        "conf": "Symposium on Solid Modeling and Applications",
        "coauthors": [
            "miao jin",
            "shing-tung yau",
            "xianfeng gu"
        ],
        "keywords": "Closed Geodesic,Conformal Structure,fuchsian group,Fundamental Group,Gaussian Curvature,Geometric Model,Ricci Flow,Spectrum,"
    },
    {
        "id": 1307,
        "label": "232",
        "author": "Feng Luo",
        "title": "Generalized Koebe's method for conformal mapping multiply connected domains",
        "organization": null,
        "abstract": "Surface parameterization refers to the process of mapping the surface to canonical planar domains, which plays crucial roles in texture mapping and shape analysis purposes. Most existing techniques focus on simply connected surfaces. It is a challenging problem for multiply connected genus zero surfaces. This work generalizes conventional Koebe's method for multiply connected planar domains. According to Koebe's uniformization theory,",
        "email": null,
        "conf": "Symposium on Solid Modeling and Applications",
        "coauthors": [
            "wei zeng",
            "xiaotian yin",
            "min zhang",
            "xianfeng gu"
        ],
        "keywords": "Conformal Map,Convergence Rate,Differential Forms,Multiply Connected Domain,Shape Analysis,Surface Parameterization,Texture Mapping,"
    },
    {
        "id": 1308,
        "label": "232",
        "author": "Feng Luo",
        "title": "Computing general geometric structures on surfaces using Ricci flow",
        "organization": null,
        "abstract": "Systematically generalizing planar geometric algorithms to manifold domains is of fun- damental importance in computer aided design field. This pap er proposes a novel theoretic framework, geometric structure, to conquer this problem. In order to discover the intrinsic geometric structures of general surfaces, we developed a theoretic rigorous and practical efficient method, Discrete Variational Ricci flow. Different geometries study the",
        "email": null,
        "conf": "Computer-aided Design",
        "coauthors": [
            "miao jin",
            "xianfeng david gu"
        ],
        "keywords": "Computational Geometry,Computational Method,Computer Aided Design,Conformal Structure,Geometric Algorithm,Geometric Structure,Object Model,Projective Structure,Ricci Flow,Theoretical Framework,Transformation Group,voronoi diagram,"
    },
    {
        "id": 1309,
        "label": "232",
        "author": "Feng Luo",
        "title": "Generalized Discrete Ricci Flow",
        "organization": null,
        "abstract": NaN,
        "email": null,
        "conf": "Computer Graphics Forum",
        "coauthors": [
            "yong-liang yang",
            "ren guo",
            "shi-min hu",
            "xianfeng gu"
        ],
        "keywords": "Ricci Flow,"
    },
    {
        "id": 1310,
        "label": "232",
        "author": "Feng Luo",
        "title": "Computing Constant-Curvature Metrics for Hyperbolic 3-Manifolds with Boundaries Using Truncated Tetrahedral Meshes",
        "organization": null,
        "abstract": NaN,
        "email": null,
        "conf": "International Journal of Shape Modeling",
        "coauthors": [
            "xiaotian yin",
            "miao jin",
            "xianfeng david gu"
        ],
        "keywords": "hyperbolic 3-manifold,Tetrahedral Mesh,"
    },
    {
        "id": 1311,
        "label": "232",
        "author": "Feng Luo",
        "title": "Discrete Surface Ricci Flow",
        "organization": null,
        "abstract": "Abstract—This work introduces a unified framework for discrete surface Ricci flow algorithms, including spherical, euclidean, and hyperbolic Ricci flows, which can design Riemannian metrics on surfaces with arbitrary topologies by user-defined Gaussian curvatures. Furthermore, the target metrics are conformal (angle-preserving) to the original metrics. Ricci flow conformally deforms the Riemannian metric on a surface according to its induced curvature, such",
        "email": null,
        "conf": "IEEE Transactions on Visualization and Computer Graphics",
        "coauthors": [
            "miao jin",
            "junho kim",
            "xianfeng gu"
        ],
        "keywords": "convex polytope,Diffusion Process,Gaussian Curvature,Geometric Model,Gradient Flow,Indexing Terms,Linear Space,Medical Image,Metric Space,Ricci Flow,riemannian metric,Surface Parameterization,"
    },
    {
        "id": 1312,
        "label": "232",
        "author": "Feng Luo",
        "title": "Optimal Surface Parameterization Using Inverse Curvature Map",
        "organization": null,
        "abstract": "Mesh parameterization is a fundamental technique in computer graphics. The major goals during mesh parameterization are to minimize both the angle distortion and the area distortion. Angle distortion can be eliminated by the use of conformal mapping, in principle. Our paper focuses on solving the problem of finding the best discrete conformal mapping that also minimizes area distortion. First, we",
        "email": null,
        "conf": "IEEE Transactions on Visualization and Computer Graphics",
        "coauthors": [
            "yong-liang yang",
            "junho kim",
            "shi-min hu",
            "xianfeng gu"
        ],
        "keywords": "Computer Graphic,Conformal Map,Efficient Algorithm,Free Boundary,jacobi matrix,Nonlinear Optimization,poisson equation,Surface Parameterization,Theoretical Framework,"
    }
]