[
    {
        "id": 1291,
        "label": "231",
        "author": "Feng Gao",
        "title": "Finding Extrema with Unary Predicates",
        "organization": null,
        "abstract": NaN,
        "email": null,
        "conf": "Algorithmica",
        "coauthors": [
            "leonidas j. guibas",
            "david g. kirkpatrick",
            "william t. laaser",
            "james b. saxe"
        ],
        "keywords": null
    },
    {
        "id": 1292,
        "label": "231",
        "author": "Feng Gao",
        "title": "Finding Extrema with Unary Predicates",
        "organization": null,
        "abstract": NaN,
        "email": null,
        "conf": "Algorithmica",
        "coauthors": [
            "leonidas j. guibas",
            "david g. kirkpatrick",
            "william t. laaser",
            "james b. saxe"
        ],
        "keywords": null
    },
    {
        "id": 1293,
        "label": "231",
        "author": "Feng Gao",
        "title": "Probabilistic analysis of numerical integration algorithms",
        "organization": null,
        "abstract": NaN,
        "email": null,
        "conf": "Journal of Complexity",
        "coauthors": [],
        "keywords": "Numerical Integration,"
    },
    {
        "id": 1294,
        "label": "231",
        "author": "Feng Gao",
        "title": "On Detecting Regularity of Functions: A Probabilistic Analysis",
        "organization": null,
        "abstract": NaN,
        "email": null,
        "conf": "Journal of Complexity",
        "coauthors": [
            "grzegorz w. wasilkowski"
        ],
        "keywords": "Probabilistic Analysis,"
    },
    {
        "id": 1295,
        "label": "231",
        "author": "Feng Gao",
        "title": "Towards Structured Parallel Computing on Architecture-Independent Parallel Algorithm Design for Distributed-Memory Architectures",
        "organization": null,
        "abstract": NaN,
        "email": null,
        "conf": "Journal of Computer and System Sciences",
        "coauthors": [],
        "keywords": "Distributed Memory Architecture,Parallel Algorithm,Parallel Computer,"
    },
    {
        "id": 1296,
        "label": "231",
        "author": "Feng Gao",
        "title": "A note on communication analysis of parallel sparse Cholesky factorization on a hypercube",
        "organization": null,
        "abstract": NaN,
        "email": null,
        "conf": "Parallel Computing",
        "coauthors": [
            "beresford n. parlett"
        ],
        "keywords": "cholesky factorization,Community Analysis,"
    }
]