[
    {
        "id": 1384,
        "label": "244",
        "author": "Francesco Santini",
        "title": "Face Reconstruction from Skull Shapes and Physical Attributes",
        "organization": null,
        "abstract": NaN,
        "email": null,
        "conf": "DAGM Symposium Symposium for Pattern Recognition",
        "coauthors": [
            "pascal paysan",
            "marcel lüthi",
            "thomas albrecht",
            "anita lerch",
            "brian amberg",
            "thomas vetter"
        ],
        "keywords": null
    }
]