[
    {
        "id": 1403,
        "label": "249",
        "author": "Gang Shen",
        "title": "Multiquality Data Replication in Multimedia Databases",
        "organization": null,
        "abstract": "In contrast to other database applications, multimedia data can have a wide range of quality parameters, such as spatial and temporal resolution and compression format. Users can request data with specific quality requirements due to the needs of their application or the limitations of their resources. The database can support multiple qualities by converting data from the original (high) quality",
        "email": null,
        "conf": "IEEE Transactions on Knowledge and Data Engineering",
        "coauthors": [
            "yi-cheng tu",
            "jingfeng yan",
            "sunil prabhakar"
        ],
        "keywords": "Data Replication,Heuristic Algorithm,Indexing Terms,Integer Program,Multimedia Data,Multimedia Database,Quality Model,Quality Requirement,Quality System,System Modeling,Temporal Resolution,Video Transcoding,On The Fly,"
    }
]