[
    {
        "id": 1405,
        "label": "250",
        "author": "Gaurav Khanna",
        "title": "A hypergraph partitioning based approach for scheduling of tasks with batch-shared I/O",
        "organization": null,
        "abstract": "This paper proposes a novel, hypergraph partitioning based strategy to schedule multiple data analysis tasks with batch- shared I/O behavior. This strategy formulates the sharing of files among tasks as a hypergraph to minimize the I/O over- heads due to transferring of the same set of files multiple times and employs a dynamic scheme for file transfers to re- duce",
        "email": null,
        "conf": "Cluster Computing and the Grid",
        "coauthors": [
            "nagavijayalakshmi vydyanathan",
            "tahsin m. kurç",
            "ümit v. çatalyürek",
            "pete wyckoff",
            "joel h. saltz",
            "p. sadayappan"
        ],
        "keywords": "Biomedical Imaging,Data Analysis,Domain Analysis,Experimental Evaluation,Hypergraph Partitioning,Remote Sensing Data,Storage System,"
    },
    {
        "id": 1406,
        "label": "250",
        "author": "Gaurav Khanna",
        "title": "Scheduling File Transfers for Data-Intensive Jobs on Heterogeneous Clusters",
        "organization": null,
        "abstract": NaN,
        "email": null,
        "conf": "European Conference on Parallel Processing",
        "coauthors": [
            "ümit v. çatalyürek",
            "tahsin m. kurç",
            "p. sadayappan",
            "joel h. saltz"
        ],
        "keywords": "Heterogeneous Cluster,"
    },
    {
        "id": 1407,
        "label": "250",
        "author": "Gaurav Khanna",
        "title": "Use of PVFS for Efficient Execution of Jobs with Pipeline-Shared I/O",
        "organization": null,
        "abstract": NaN,
        "email": null,
        "conf": "Grid Computing",
        "coauthors": [
            "nagavijayalakshmi vydyanathan",
            "tahsin m. kurç",
            "ümit v. çatalyürek",
            "pete wyckoff",
            "joel h. saltz",
            "p. sadayappan"
        ],
        "keywords": null
    },
    {
        "id": 1408,
        "label": "250",
        "author": "Gaurav Khanna",
        "title": "Multi-hop path splitting and multi-pathing optimizations for data transfers over shared wide-area networks using gridFTP",
        "organization": null,
        "abstract": "In this paper, we propose to employ two optimizations - multi-hop path splitting and multi-pathing - to improve the performance of data transfers over shared public net- works. We present a path determination algorithm which integrates the aforesaid optimizations in order to improve the performance of single file transfers. Finally, we develop a file transfer scheduling algorithm based on this",
        "email": null,
        "conf": "IEEE International Symposium on High Performance Distributed Computing",
        "coauthors": [
            "ümit v. çatalyürek",
            "tahsin m. kurç",
            "p. sadayappan",
            "joel h. saltz",
            "rajkumar kettimuthu",
            "ian t. foster"
        ],
        "keywords": "Data Transfer,Scheduling Algorithm,Wide Area Network,"
    },
    {
        "id": 1409,
        "label": "250",
        "author": "Gaurav Khanna",
        "title": "Task Scheduling and File Replication for Data-Intensive Jobs with Batch-shared I/O",
        "organization": null,
        "abstract": "This paper addresses the problem of efficient execu- tion of a batch of data-intensive tasks with batch-shared I/O behavior, on coupled storage and compute clusters. Two scheduling schemes are proposed: 1) a 0-1 Integer Programming (IP) based approach, which couples task scheduling and data replication, and 2) a bi-level hy- pergraph partitioning based heuristic approach (BiPar- tition), which decouples task",
        "email": null,
        "conf": "IEEE International Symposium on High Performance Distributed Computing",
        "coauthors": [
            "nagavijayalakshmi vydyanathan",
            "ümit v. çatalyürek",
            "tahsin m. kurç",
            "sriram krishnamoorthy",
            "p. sadayappan",
            "joel h. saltz"
        ],
        "keywords": "Data Replication,Integer Program,Task Scheduling,"
    },
    {
        "id": 1410,
        "label": "250",
        "author": "Gaurav Khanna",
        "title": "A dynamic scheduling approach for coordinated wide-area data transfers using GridFTP",
        "organization": null,
        "abstract": "Many scientific applications need to stage large vol- umes of files from one set of machines to another set of machines in a wide-area network. Efficient execu- tion of such data transfers needs to take into account the heterogeneous nature of the environment and dy- namic availability of shared resources. This paper pro- poses an algorithm that dynamically schedules a",
        "email": null,
        "conf": "International Parallel and Distributed Processing Symposium/International Parallel Processing Symposium",
        "coauthors": [
            "ümit v. çatalyürek",
            "tahsin m. kurç",
            "rajkumar kettimuthu",
            "p. sadayappan",
            "joel h. saltz"
        ],
        "keywords": "Data Transfer,Dynamic Change,Dynamic Scheduling,Resource Availability,Scientific Application,Wide Area Network,"
    },
    {
        "id": 1411,
        "label": "250",
        "author": "Gaurav Khanna",
        "title": "A Data Locality Aware Online Scheduling Approach for I/O-Intensive Jobs with File Sharing",
        "organization": null,
        "abstract": "Many scientific investigations have to deal with large amounts of data from simulations and experiments. Data analysis in such inves- tigations typically involves extraction of subsets of data, followed by computations performed on extracted data. Scheduling in this context requires ecient utilization of the computational, storage and network resources to optimize response time. The data-intensive nature of such applications necessitates",
        "email": null,
        "conf": "Job Scheduling Strategies for Parallel Processing",
        "coauthors": [
            "ümit v. çatalyürek",
            "tahsin m. kurç",
            "p. sadayappan",
            "joel h. saltz"
        ],
        "keywords": "Biomedical Image Analysis,Data Analysis,Data Locality,Dynamic Scheduling,File Sharing,Job Scheduling,Online Scheduling,"
    },
    {
        "id": 1412,
        "label": "250",
        "author": "Gaurav Khanna",
        "title": "Using overlays for efficient data transfer over shared wide-area networks",
        "organization": null,
        "abstract": "Data-intensive applications frequently transfer large am ounts of data over wide-area networks. The performance achieved in such settings can often be improved by routing data via intermediate nodes chosen to increase aggregate bandwidth. We explore the benefits of overlay network approa ches by designing and implementing a service-oriented architecture that incorporates two key optimizations - mul ti-hop path splitting and",
        "email": null,
        "conf": "Supercomputing Conference",
        "coauthors": [
            "ümit v. çatalyürek",
            "tahsin m. kurç",
            "rajkumar kettimuthu",
            "p. sadayappan",
            "ian t. foster",
            "joel h. saltz"
        ],
        "keywords": "Data Intensive Application,Data Transfer,Overlay Network,Performance Improvement,Resource Availability,Scheduling Algorithm,Service Oriented Architecture,File Transfer Protocol,Wide Area Network,"
    }
]