[
    {
        "id": 1429,
        "label": "254",
        "author": "George Papadopoulos",
        "title": "Dynamic basis pursuit regularization for complex biochemical pathway identification",
        "organization": null,
        "abstract": NaN,
        "email": null,
        "conf": "Conference on Decision and Control",
        "coauthors": [
            "martin brown",
            "fei he"
        ],
        "keywords": "Basis Pursuit,"
    },
    {
        "id": 1430,
        "label": "254",
        "author": "George Papadopoulos",
        "title": "Feature Sensitivity on Biochemical Signaling Pathways",
        "organization": null,
        "abstract": NaN,
        "email": null,
        "conf": "Symposium on Computational Intelligence in Bioinformatics and Computational Biology",
        "coauthors": [
            "martin brown"
        ],
        "keywords": "Signaling Pathway,"
    },
    {
        "id": 1431,
        "label": "254",
        "author": "George Papadopoulos",
        "title": "Minimum entropy parameter estimation: Application to the RKIP regulated ERK signaling pathway",
        "organization": null,
        "abstract": NaN,
        "email": null,
        "conf": "IJCNN",
        "coauthors": [
            "martin brown"
        ],
        "keywords": "Parameter Estimation,Signaling Pathway,"
    },
    {
        "id": 1432,
        "label": "255",
        "author": "George Papadopoulos",
        "title": "Using ToolBook authoring tool to facilitate the teaching of algorithms",
        "organization": null,
        "abstract": "An application is developed and used in teaching the subject of algorithms. It is used in classroom practice, at Lyceum and the University. The results show that the application increased students interest, helped the students to realize the importance of the algorithums and their workings, and grasp some abstract computer science concepts.",
        "email": null,
        "conf": "ACM Sigcse Bulletin",
        "coauthors": [
            "hariton m. polatoglou"
        ],
        "keywords": "Authoring Tool,"
    }
]