[
    {
        "id": 1434,
        "label": "256",
        "author": "Georgios Papadopoulos",
        "title": "Engineering Incentive Schemes for Ad Hoc Networks",
        "organization": null,
        "abstract": "Abstract In ad hoc networks, devices have to cooperate in order to compensate for the absence of infrastructure Yet, autonomous devices tend to abstain from cooperation in order to save their own resources Incentive schemes have been proposed as a means of fostering cooper - ation under these circumstances In order to work e?ectively, incentive schemes need to be carefully",
        "email": null,
        "conf": "International Conference on Extending Database Technology",
        "coauthors": [
            "philipp obreiter",
            "birgitta könig-ries"
        ],
        "keywords": "Ad Hoc Network,Incentive Scheme,Service Discovery,"
    }
]