[
    {
        "id": 1436,
        "label": "257",
        "author": "Gilles Bertrand",
        "title": "The Creation of a Brain Atlas for Image Guided Neurosurgery Using Serial Histological Data",
        "organization": null,
        "abstract": NaN,
        "email": null,
        "conf": "Medical Image Computing and Computer-Assisted Intervention",
        "coauthors": [
            "m. mallar chakravarty",
            "maxime descoteaux",
            "abbas f. sadikot",
            "d. louis collins"
        ],
        "keywords": "Brain Atlas,"
    },
    {
        "id": 1437,
        "label": "257",
        "author": "Gilles Bertrand",
        "title": "Anatomical and Electrophysiological Validation of an Atlas for Neurosurgical Planning",
        "organization": null,
        "abstract": NaN,
        "email": null,
        "conf": "Medical Image Computing and Computer-Assisted Intervention",
        "coauthors": [
            "m. mallar chakravarty",
            "abbas f. sadikot",
            "jurgen germann",
            "d. louis collins"
        ],
        "keywords": null
    },
    {
        "id": 1438,
        "label": "257",
        "author": "Gilles Bertrand",
        "title": "Towards a Multi-modal Atlas for Neurosurgical Planning",
        "organization": null,
        "abstract": NaN,
        "email": null,
        "conf": "Medical Image Computing and Computer-Assisted Intervention",
        "coauthors": [
            "m. mallar chakravarty",
            "abbas f. sadikot",
            "sanjay mongia",
            "d. louis collins"
        ],
        "keywords": null
    },
    {
        "id": 1439,
        "label": "258",
        "author": "Gilles Bertrand",
        "title": "An Optical Burst Switched network architecture with passive access",
        "organization": null,
        "abstract": NaN,
        "email": null,
        "conf": "International Conference on Networking and Services",
        "coauthors": [
            "arnaud cauvin",
            "philippe niger",
            "julio orozco"
        ],
        "keywords": "Network Architecture,Optical Burst Switched,"
    }
]