[
    {
        "id": 1487,
        "label": "269",
        "author": "Guoping Liu",
        "title": "Oscillation monitoring from ambient PMU measurements by Frequency Domain Decomposition",
        "organization": null,
        "abstract": NaN,
        "email": null,
        "conf": "IEEE International Symposium on Circuits and Systems",
        "coauthors": [
            "vaithianathan mani venkatasubramanian"
        ],
        "keywords": "Oscillations,Frequency Domain Decomposition,"
    },
    {
        "id": 1488,
        "label": "270",
        "author": "Guoping Liu",
        "title": "Structure Design and Application of Embedded Ethernet Based Control Systems",
        "organization": null,
        "abstract": NaN,
        "email": null,
        "conf": "International Conference on Networking, Sensing and Control",
        "coauthors": [
            "haibo bian",
            "zhe dong"
        ],
        "keywords": "Control System,Structural Design,"
    },
    {
        "id": 1489,
        "label": "270",
        "author": "Guoping Liu",
        "title": "Real-time Performance Analysis of Industrial Embedded Control Systems Using Switched Ethernet",
        "organization": null,
        "abstract": NaN,
        "email": null,
        "conf": "International Conference on Networking, Sensing and Control",
        "coauthors": [
            "j. h. wu",
            "geng zheng",
            "ju-guang li"
        ],
        "keywords": "Embedded Control System,Performance Analysis,Real Time,"
    },
    {
        "id": 1490,
        "label": "270",
        "author": "Guoping Liu",
        "title": "Design of Supervisory Software for Ethernet-Based Control Systems",
        "organization": null,
        "abstract": NaN,
        "email": null,
        "conf": "International Conference on Networking, Sensing and Control",
        "coauthors": [
            "youzhi zhu",
            "geng zheng",
            "zhe dong"
        ],
        "keywords": "Control System,"
    },
    {
        "id": 1491,
        "label": "270",
        "author": "Guoping Liu",
        "title": "Vision-based Fuzzy Coordination Control for Multiple Robots",
        "organization": null,
        "abstract": NaN,
        "email": null,
        "conf": "Robotics, Automation and Mechatronics",
        "coauthors": [
            "li yang",
            "zhiqiang cao",
            "min tan"
        ],
        "keywords": "Coordinated Control,"
    },
    {
        "id": 1492,
        "label": "270",
        "author": "Guoping Liu",
        "title": "Design and Implementation of a Service-Oriented Web-based Control Laboratory",
        "organization": null,
        "abstract": NaN,
        "email": null,
        "conf": "IEEE International Conference on Systems, Man, and Cybernetics",
        "coauthors": [
            "yuliang qiao",
            "geng zheng"
        ],
        "keywords": "Design and Implementation,Service Orientation,"
    },
    {
        "id": 1493,
        "label": "271",
        "author": "Guoping Liu",
        "title": "Nonlinear system identification using wavelet networks",
        "organization": null,
        "abstract": NaN,
        "email": null,
        "conf": "International Journal of Systems Science",
        "coauthors": [
            "stephen a. billings",
            "visakan kadirkamanathan"
        ],
        "keywords": "Nonlinear System Identification,"
    },
    {
        "id": 1494,
        "label": "271",
        "author": "Guoping Liu",
        "title": "Mixed time and frequency-domain robust eigenstructure assignment",
        "organization": null,
        "abstract": NaN,
        "email": null,
        "conf": "International Journal of Systems Science",
        "coauthors": [
            "g. r. duan",
            "r. j. patton"
        ],
        "keywords": "Frequency Domain,Mixing Time,"
    },
    {
        "id": 1495,
        "label": "271",
        "author": "Guoping Liu",
        "title": "Neural network-based variable structure control for nonlinear discrete systems",
        "organization": null,
        "abstract": NaN,
        "email": null,
        "conf": "International Journal of Systems Science",
        "coauthors": [
            "visakan kadirkamanathan",
            "stephen a. billings"
        ],
        "keywords": "Discrete System,Variable Structure Control,Neural Network,"
    },
    {
        "id": 1496,
        "label": "271",
        "author": "Guoping Liu",
        "title": "Robust control design based on parametric eigenvalue assignment",
        "organization": null,
        "abstract": NaN,
        "email": null,
        "conf": "International Journal of Systems Science",
        "coauthors": [
            "r. j. patton"
        ],
        "keywords": "Eigenvalues,Robust Control,"
    },
    {
        "id": 1497,
        "label": "271",
        "author": "Guoping Liu",
        "title": "Robust eigenstructure assignment for descriptor systems",
        "organization": null,
        "abstract": NaN,
        "email": null,
        "conf": "International Journal of Systems Science",
        "coauthors": [
            "r. j. patton"
        ],
        "keywords": "Descriptor System,"
    },
    {
        "id": 1498,
        "label": "271",
        "author": "Guoping Liu",
        "title": "On-line identification of nonlinear systems using Volterra polynomial basis function neural networks",
        "organization": null,
        "abstract": NaN,
        "email": null,
        "conf": "Neural Networks",
        "coauthors": [
            "visakan kadirkamanathan",
            "stephen a. billings"
        ],
        "keywords": "Nonlinear System,Polynomial Basis,Neural Network,"
    },
    {
        "id": 1499,
        "label": "271",
        "author": "Guoping Liu",
        "title": "Variable neural networks for adaptive control of nonlinear systems",
        "organization": null,
        "abstract": NaN,
        "email": null,
        "conf": "IEEE Transactions on Systems, Man, and Cybernetics",
        "coauthors": [
            "visakan kadirkamanathan",
            "stephen a. billings"
        ],
        "keywords": "Adaptive Control,Nonlinear System,Neural Network,"
    }
]