[
    {
        "id": 1503,
        "label": "273",
        "author": "Haibo Yu",
        "title": "Research on Description Logic Based Conflict Detection Methods for RB-RBAC Model",
        "organization": null,
        "abstract": NaN,
        "email": null,
        "conf": "Active Media Technology",
        "coauthors": [
            "qi xie",
            "haiyan che"
        ],
        "keywords": "Conflict Detection,Description Logic,"
    },
    {
        "id": 1504,
        "label": "273",
        "author": "Haibo Yu",
        "title": "A Description Logic for PKI Trust Domain Modeling",
        "organization": null,
        "abstract": NaN,
        "email": null,
        "conf": "International Conference in IT & Application",
        "coauthors": [
            "chunzhao jin",
            "haiyan che"
        ],
        "keywords": "Description Logic,Domain Model,"
    },
    {
        "id": 1505,
        "label": "273",
        "author": "Haibo Yu",
        "title": "Using Description Logic to Determine Seniority Among RB-RBAC Authorization Rules",
        "organization": null,
        "abstract": NaN,
        "email": null,
        "conf": "Rough Sets and Knowledge Technology",
        "coauthors": [
            "qi xie",
            "dayou liu"
        ],
        "keywords": "Description Logic,"
    },
    {
        "id": 1506,
        "label": "274",
        "author": "Haibo Yu",
        "title": "Accounting for polarization in molecular simulation",
        "organization": null,
        "abstract": NaN,
        "email": null,
        "conf": "Computer Physics Communications",
        "coauthors": [
            "wilfred f. van gunsteren"
        ],
        "keywords": "Molecular Simulation,"
    },
    {
        "id": 1507,
        "label": "274",
        "author": "Haibo Yu",
        "title": "Design of new selective inhibitors of cyclooxygenase2 by dynamic assembly of molecular building blocks",
        "organization": null,
        "abstract": NaN,
        "email": null,
        "conf": "Journal of Computer-aided Molecular Design",
        "coauthors": [
            "jiang zhu",
            "hao fan",
            "haiyan liu",
            "yunyu shi"
        ],
        "keywords": "Building Block,Cyclooxygenase,"
    },
    {
        "id": 1508,
        "label": "274",
        "author": "Haibo Yu",
        "title": "Molecular dynamics simulations of liquid methanol and methanol-water mixtures with polarizable models",
        "organization": null,
        "abstract": NaN,
        "email": null,
        "conf": "Journal of Computational Chemistry",
        "coauthors": [
            "daan p. geerke",
            "haiyan liu",
            "wilfred f. van gunsteren"
        ],
        "keywords": "Molecular Dynamic Simulation,"
    }
]