[
    {
        "id": 1510,
        "label": "275",
        "author": "Haiming Liu",
        "title": "Comparing Dissimilarity Measures for Content-Based Image Retrieval",
        "organization": null,
        "abstract": "Dissimilarity measurement plays a crucial role in content- based image retrieval, where data objects and queries are represented as vectors in high-dimensional content feature spaces. Given the large num- ber of dissimilarity measures that exist in many elds, a crucial research question arises: Is there a dependency, if yes, what is the dependency, of a dissimilarity measure's retrieval performance, on",
        "email": null,
        "conf": "Asia Information Retrieval Symposium",
        "coauthors": [
            "dawei song",
            "stefan m. rüger",
            "rui hu",
            "victoria s. uren"
        ],
        "keywords": "Content Based Image Retrieval,Dissimilarity Measure,Feature Space,High Dimensionality,Image Search,Performance Comparison,"
    },
    {
        "id": 1511,
        "label": "275",
        "author": "Haiming Liu",
        "title": "Enabling Effective User Interactions in Content-Based Image Retrieval",
        "organization": null,
        "abstract": "This paper presents an interactive content-based image re- trieval framework—uInteract, for delivering a novel four-factor user in- teraction model visually. The four-factor user interaction model is an interactive relevance feedback mechanism that we proposed, aiming to improve the interaction between users and the CBIR system and in turn users overall search experience. In this paper, we present how the frame-",
        "email": null,
        "conf": "Asia Information Retrieval Symposium",
        "coauthors": [
            "srdan zagorac",
            "victoria s. uren",
            "dawei song",
            "stefan m. rüger"
        ],
        "keywords": "Content Based Image Retrieval,Ease of Use,Image Search,Relevance Feedback,Research Purpose,User Evaluation,User Interaction,Visual Interfaces,"
    },
    {
        "id": 1512,
        "label": "275",
        "author": "Haiming Liu",
        "title": "Exploiting Term Co-occurrence for Enhancing Automated Image Annotation",
        "organization": null,
        "abstract": NaN,
        "email": null,
        "conf": "Cross-Language Evaluation Forum",
        "coauthors": [
            "ainhoa llorente",
            "simon e. overell",
            "rui hu",
            "adam rae",
            "jianhan zhu",
            "dawei song",
            "stefan m. rüger"
        ],
        "keywords": "Image Annotation,"
    },
    {
        "id": 1513,
        "label": "275",
        "author": "Haiming Liu",
        "title": "Dissimilarity measures for content-based image retrieval",
        "organization": null,
        "abstract": "Dissimilarity measurement plays a crucial role in content- based image retrieval. In this paper, sixteen core dissimilarity measures are introduced and evaluated. We carry out a sys- tematic performance comparison on three image collections, including Corel, Getty and Trecvid2003, with seven differ- ent feature spaces. Two search scenarios are considered: sin- gle image queries based on Vector-Space-Model, and multi- image",
        "email": null,
        "conf": "International Conference on Multimedia Computing and Systems/International Conference on Multimedia and Expo",
        "coauthors": [
            "rui hu",
            "stefan m. rüger",
            "dawei song",
            "zi huang"
        ],
        "keywords": "Content Based Image Retrieval,Dissimilarity Measure,Feature Space,Image Search,Indexing Terms,Performance Comparison,K Nearest Neighbour,Vector Space Model,"
    },
    {
        "id": 1514,
        "label": "275",
        "author": "Haiming Liu",
        "title": "A Four-Factor User Interaction Model for Content-Based Image Retrieval",
        "organization": null,
        "abstract": "In order to bridge the \"Semantic gap\", a number of relevance feedback (RF) mechanisms have been applied to content-based image re- trieval (CBIR). However current RF techniques in most existing CBIR systems still lack satisfactory user interaction although some work has been done to improve the interaction as well as the search accuracy. In this paper, we propose a four-factor",
        "email": null,
        "conf": NaN,
        "coauthors": [
            "victoria s. uren",
            "dawei song",
            "stefan m. rüger"
        ],
        "keywords": "Content Based Image Retrieval,Empirical Evaluation,Relevance Feedback,Research Purpose,Semantic Gap,User Interaction,"
    },
    {
        "id": 1515,
        "label": "275",
        "author": "Haiming Liu",
        "title": "The usability of semantic search tools: a review",
        "organization": null,
        "abstract": NaN,
        "email": null,
        "conf": "Knowledge Engineering Review",
        "coauthors": [
            "victoria s. uren",
            "yuangui lei",
            "vanessa lopez",
            "enrico motta",
            "marina giordanino"
        ],
        "keywords": "Semantic Search,"
    }
]