[
    {
        "id": 1532,
        "label": "278",
        "author": "Hao Wu",
        "title": "Impact of Coupling of Distributed Denial of Service Attack with Routing on Throughput of Packet Switching Network",
        "organization": null,
        "abstract": NaN,
        "email": null,
        "conf": "International Conference on Cellular Automata for Research and Industry",
        "coauthors": [
            "anna t. lawniczak",
            "bruno n. di stefano"
        ],
        "keywords": "Distributed Denial of Service,Packet Switched,"
    },
    {
        "id": 1533,
        "label": "278",
        "author": "Hao Wu",
        "title": "Detection of anomalous packet traffic via entropy",
        "organization": null,
        "abstract": NaN,
        "email": null,
        "conf": "Canadian Conference on Electrical and Computer Engineering",
        "coauthors": [
            "anna t. lawniczak",
            "bruno n. di stefano"
        ],
        "keywords": null
    },
    {
        "id": 1534,
        "label": "278",
        "author": "Hao Wu",
        "title": "Entropy Based Detection of DDoS Attacks in Packet Switching Network Models",
        "organization": null,
        "abstract": NaN,
        "email": null,
        "conf": "Complex Sciences",
        "coauthors": [
            "anna t. lawniczak",
            "bruno n. di stefano"
        ],
        "keywords": "ddos attack,Network Model,Packet Switched,"
    }
]