[
    {
        "id": 1530,
        "label": "277",
        "author": "Hao Chen",
        "title": "Improved Logistic Regression Approach to Predict the Potential Distribution of Invasive Species Using Information Theory and Frequency Statistics",
        "organization": null,
        "abstract": NaN,
        "email": null,
        "conf": "IEEE International Conference on Data Mining",
        "coauthors": [
            "lijun chen",
            "thomas p. albright",
            "qinfeng guo"
        ],
        "keywords": "Information Theory,Invasive Species,Logistic Regression,"
    }
]