[
    {
        "id": 6873,
        "label": "HLA Evolved Web Service API are introduced in comparison with",
        "author": "High Level Architecture;Performance Analysis;Service Orientation;Service Oriented Architecture;Web Service;",
        "title": "http://www.informatik.uni-trier.de/~ley/db/journals/corr/corr0907.html#abs-0907-3983,http://arxiv.org/abs/0907.3983",
        "organization": null,
        "abstract": "2009",
        "email": null,
        "conf": NaN,
        "coauthors": [
            "Computing Research Repository"
        ],
        "keywords": null
    }
]