[
    {
        "id": 1577,
        "label": "283",
        "author": "Hiroaki Sugiura",
        "title": "Dose reduction of contrast material in the diagnisis of aortic diseases with CT angiography",
        "organization": null,
        "abstract": NaN,
        "email": null,
        "conf": "Computer Assisted Radiology and Surgery",
        "coauthors": [
            "masahiro jinzaki",
            "kozo sato",
            "kazuhiro matsumoto",
            "sachio kuribayashi"
        ],
        "keywords": "Ct Angiography,"
    },
    {
        "id": 1578,
        "label": "283",
        "author": "Hiroaki Sugiura",
        "title": "A novel method for displaying multidetector CT urography - Top Ten Projection",
        "organization": null,
        "abstract": NaN,
        "email": null,
        "conf": "Computer Assisted Radiology and Surgery",
        "coauthors": [
            "masahiro jinzaki",
            "koichi oshil",
            "stuart g. silverman",
            "kozo sato",
            "sachio kuribayashi"
        ],
        "keywords": null
    }
]