[
    {
        "id": 1732,
        "label": "296",
        "author": "Hongyu Sun",
        "title": "An Efficient Web Service Annotation Method Utilizing Concept Mapping and Interface Expansion",
        "organization": null,
        "abstract": NaN,
        "email": null,
        "conf": "Fuzzy Systems and Knowledge Discovery",
        "coauthors": [
            "guobing zou",
            "yang xiang",
            "yanglan gan",
            "zengbao liu"
        ],
        "keywords": "Concept Map,Web Service,"
    },
    {
        "id": 1733,
        "label": "297",
        "author": "Hongyu Sun",
        "title": "Concept Hierarchy-Based Text Database Categorization",
        "organization": null,
        "abstract": NaN,
        "email": null,
        "conf": "Knowledge and Information Systems",
        "coauthors": [
            "weiyi meng",
            "wenxian wang",
            "clement t. yu"
        ],
        "keywords": "Concept Hierarchy,Document Categorization,Large Scale,Text Database,"
    }
]