[
    {
        "id": 1752,
        "label": "305",
        "author": "Hui Li",
        "title": "Generalized Conflict Learning for Hybrid Discrete/Linear Optimization",
        "organization": null,
        "abstract": "An increasing range of problems in Artificial Intelli- gence and Computer Science, such as autonomous vehi- cle control and planning with resources, are formulated through a combination of logical, algebraic and cost constraints. Their solution requires a hybrid mixture of logical decision techniques and mathematical opti- mization. Using Disjunctive Linear Programs (DLPs) to formulate these problems, we present a novel",
        "email": null,
        "conf": "Principles and Practice of Constraint Programming",
        "coauthors": [
            "brian williams"
        ],
        "keywords": "Direct Search,Integer Program,Linear Optimization,State Space,Branch and Bound,Linear Program,"
    },
    {
        "id": 1753,
        "label": "306",
        "author": "Hui Li",
        "title": "English to Chinese Translation of Prepositions",
        "organization": null,
        "abstract": NaN,
        "email": null,
        "conf": "Canadian Conference on Artificial Intelligence",
        "coauthors": [
            "nathalie japkowicz",
            "caroline barrière"
        ],
        "keywords": null
    }
]