[
    {
        "id": 1784,
        "label": "311",
        "author": "Hui Zhang",
        "title": "Fast payload-based flow estimation for traffic monitoring and network security",
        "organization": null,
        "abstract": "Real-time IP flow estimation has many potential applications in network management, monitoring, security, and traffic engineering. Existing techniques typically rely on flow definitions being constrained as subsets of the fields in packet headers. This makes flow-membership tests relatively inexpensive. In this paper, we consider a more general flow estimation problem that needs complex packet-payload based tests for flow-membership. An example",
        "email": null,
        "conf": "Architecture for Networking and Communications Systems",
        "coauthors": [
            "fang hao",
            "murali s. kodialam",
            "t. v. lakshman"
        ],
        "keywords": "Bloom Filter,Efficient Algorithm,Longest Common Subsequence,Network Management,Network Security,Traffic Engineered,Traffic Monitoring,Real Time,"
    },
    {
        "id": 1785,
        "label": "311",
        "author": "Hui Zhang",
        "title": "Minimizing Metadata Access Latency in Wide Area Networked File Systems",
        "organization": null,
        "abstract": "Traditional network file systems, like NFS, do not extend to wide-area due to low bandwidth and high network latency. We present WireFS, a Wide Area File System, which enables delegation of metadata management to nodes at client sites (homes). The home of a file stores the most recent copy of the file, serializes all updates, and streams updates to the",
        "email": null,
        "conf": "High Performance Computing",
        "coauthors": [
            "jian liang",
            "aniruddha bohra",
            "samrat ganguly",
            "rauf izmailov"
        ],
        "keywords": "Data Management,Dynamic Program,File System,Greedy Algorithm,Integer Program,Metadata Management,Network File System,Wide Area Network,"
    },
    {
        "id": 1786,
        "label": "311",
        "author": "Hui Zhang",
        "title": "Resilient workload manager: taming bursty workload of scaling internet applications",
        "organization": null,
        "abstract": "In data centers hosting scaling Internet applications, oper- ators face the tradeo dilemma between resource eciency and Quality of Service (QoS), and the root cause lies in work- load dynamics. In this paper, we address the problem with the design of Resilient Workload Manager (ROM). ROM ex- plicitly segregates base workload and trespassing workload, the two naturally dieren t components",
        "email": null,
        "conf": "International Conference on Autonomic Computing",
        "coauthors": [
            "guofei jiang",
            "kenji yoshihira",
            "haifeng chen",
            "akhilesh saxena"
        ],
        "keywords": "Cloud Computing,Data Access,Data Center,Design Management,High Performance,Information System,Internet Application,Load Balance,Optimization Technique,Perceived Service Quality,Processing Speed,Quality of Service,System Architecture,"
    },
    {
        "id": 1787,
        "label": "311",
        "author": "Hui Zhang",
        "title": "Optimal Load Balancing in Publish/Subscribe Broker Networks Using Active Workload Management",
        "organization": null,
        "abstract": NaN,
        "email": null,
        "conf": "IEEE International Conference on Communications",
        "coauthors": [
            "samrat ganguly",
            "sudeept bhatnagar",
            "rauf izmailov",
            "abhishek sharma"
        ],
        "keywords": "Load Balance,Publish Subscribe,"
    },
    {
        "id": 1788,
        "label": "311",
        "author": "Hui Zhang",
        "title": "Enabling Information Confidentiality in Publish/Subscribe Overlay Services",
        "organization": null,
        "abstract": "Alice has a piece of valuable information which she is willing to sell to anyone who is interested in; she is too busy and wants to ask Bob, a professional broker, to sell that information for her; but Alice is in a dilemma where she cannot trust Bob with that information but Bob cannot help her find her customers without",
        "email": null,
        "conf": "IEEE International Conference on Communications",
        "coauthors": [
            "abhishek sharma",
            "haifeng chen",
            "guofei jiang",
            "xiaoqiao meng",
            "kenji yoshihira"
        ],
        "keywords": "Data Privacy,Indexing Terms,Internet Application,Publish Subscribe,"
    },
    {
        "id": 1789,
        "label": "311",
        "author": "Hui Zhang",
        "title": "Advanced Indexing Techniques for Wide-Area Network Monitoring",
        "organization": null,
        "abstract": "Detecting and unraveling incipient coordinated at- tacks on Internet resources requires a distributed network monitoring infrastructure. Such an infrastructure will have two logically distinct elements: distributed monitors that continuously collect packet and flow-level information, and a distributed query system that allows network operators to efficiently and rapidly access this information. We argue that, in addition to supporting other types of",
        "email": null,
        "conf": "International Conference on Data Engineering",
        "coauthors": [
            "xin li",
            "fang bian",
            "christophe diot",
            "ramesh govindan",
            "wei hong",
            "gianluca iannaccone"
        ],
        "keywords": "Distributed Networks,Indexation,Network Monitoring,Range Query,Multi Dimensional,Wide Area Network,"
    },
    {
        "id": 1790,
        "label": "311",
        "author": "Hui Zhang",
        "title": "Measurement, Modeling, and Analysis of Internet Video Sharing Site Workload: A Case Study",
        "organization": null,
        "abstract": "In this paper we measured and analyzed the workload on Yahoo! Video, the 2nd largest U.S. video sharing site, to understand its nature and the impact on online video data center design. We discovered interesting statistical prop- erties on both static and temporal dimensions of the work- load; theyincludefiledurationandpopularitydistributions, arrival rate dynamics and predictability, and workload sta- tionarity and burstiness.",
        "email": null,
        "conf": "International Conference on Web Services",
        "coauthors": [
            "xiaozhu kang",
            "guofei jiang",
            "haifeng chen",
            "xiaoqiao meng",
            "kenji yoshihira"
        ],
        "keywords": "Case Study,Data Center,Distributed System,Large Scale,Modeling and Analysis,Service Level Agreement,"
    },
    {
        "id": 1791,
        "label": "311",
        "author": "Hui Zhang",
        "title": "Real-time Application Monitoring and Diagnosis for Service Hosting Platforms of Black Boxes",
        "organization": null,
        "abstract": NaN,
        "email": null,
        "conf": "Integrated Network Management",
        "coauthors": [
            "huadong liu",
            "rauf izmailov",
            "guofei jiang",
            "xiaoqiao meng"
        ],
        "keywords": "Real Time Application,"
    },
    {
        "id": 1792,
        "label": "311",
        "author": "Hui Zhang",
        "title": "Content Based Rate Estimation Using Lazy Membership Testing",
        "organization": null,
        "abstract": "Fast IP flow rate estimation has many potential applications in network management, monitoring, security, and traffic engi- neering. Recently, low cost and memory efficient techniques to accurately estimate flow-rates in real-time have been de- veloped. These techniques rely on flow definitions being con- strained to being subsets of the fields in the packet header mak- ing flow-membership tests relatively inexpensive.",
        "email": null,
        "conf": "IEEE INFOCOM",
        "coauthors": [
            "fang hao",
            "murali s. kodialam",
            "t. v. lakshman",
            "vivek vishnumurthy"
        ],
        "keywords": "Flow Rate,Network Management,Property Testing,Real Time,"
    },
    {
        "id": 1793,
        "label": "311",
        "author": "Hui Zhang",
        "title": "Fast, memory-efficient traffic estimation by coincidence counting",
        "organization": null,
        "abstract": "Abstract We consider the problem of fast estimation of o w rates in backbone network links with possibly millions of o ws. Accurate o w rate estimation is necessary for network trac management, network planning, measuring compliance to service level agreements, and network security. Ideally, a rate estimation scheme should have short estimation times with provable bounds on estimation error,",
        "email": null,
        "conf": "IEEE INFOCOM",
        "coauthors": [
            "fang hao",
            "murali s. kodialam",
            "t. v. lakshman"
        ],
        "keywords": "Denial of Service Attack,Estimation Error,Hardware Implementation,High Speed,Network Planning,Network Security,Service Level Agreement,"
    },
    {
        "id": 1794,
        "label": "311",
        "author": "Hui Zhang",
        "title": "MIND: A Distributed MultiDimensional Indexing System for Network Diagnosis",
        "organization": null,
        "abstract": "Detecting coordinated attacks on Internet resources requires a distributed network monitoring infrastructure. Such an in- frastructure will have two logically distinct elements: distributed monitors that continuously collect traffic information, and a dis- tributed query system that allows network operators to efficiently correlate information from different monitors in order to detect anomalous traffic patterns. In this paper, we discuss the design",
        "email": null,
        "conf": "IEEE INFOCOM",
        "coauthors": [
            "xin li",
            "fang bian",
            "christophe diot",
            "ramesh govindan",
            "wei hong",
            "gianluca iannaccone"
        ],
        "keywords": "Design and Implementation,Distributed Networks,Indexation,Load Balance,Management System,Multi Dimensional,"
    },
    {
        "id": 1795,
        "label": "311",
        "author": "Hui Zhang",
        "title": "Automatic Profiling of Network Event Sequences: Algorithm and Applications",
        "organization": null,
        "abstract": "The behavior of network entities, such as flows, sessions, hosts, and users, can often be described by commu- nication event sequences in the time domain. For the purpose of many network measurement and monitoring tasks, it is desirable to have an accurate yet information-compact profiling of the behavior of massive event sequences. This paper proposes a new method to achieve",
        "email": null,
        "conf": "IEEE INFOCOM",
        "coauthors": [
            "xiaoqiao meng",
            "guofei jiang",
            "haifeng chen",
            "kenji yoshihira"
        ],
        "keywords": "Anomaly Detection,Expectation Maximization Algorithm,Mixture Model,Network Management,Network Measurement,Traffic Analysis,Wireless Network,Markov Chain,Time Domain,"
    },
    {
        "id": 1796,
        "label": "311",
        "author": "Hui Zhang",
        "title": "Using the small-world model to improve freenet performance",
        "organization": null,
        "abstract": "Efficient data retrieval in a peer-to-peer system like Freenet is a challenging problem. In this paper we study the impact of cache replacement policy on the performance of Freenet. We find that, with Freenet's LRU cache replacement, there is a steep reduction in the hit ratio with increasing load. Based on intuition from the small-world models and the recent theoretical",
        "email": null,
        "conf": "Computer Communication Review",
        "coauthors": [
            "ashish goel",
            "ramesh govindan"
        ],
        "keywords": "Cache Replacement,Data Retrieval,Graph Clustering,Peer To Peer System,Satisfiability,Small World,"
    },
    {
        "id": 1797,
        "label": "311",
        "author": "Hui Zhang",
        "title": "Supporting System-wide Similarity Queries for networked system management",
        "organization": null,
        "abstract": "Today's networked systems are extensively instru- mented for collecting a wealth of monitoring data. In this paper, we propose a framework called System-wide Similarity Query (S2Q) to support a new type of similarity queries on monitoring data for managing complex networked systems. The similarity queries are defined on a novel data model that captures system states, and the implementation includes",
        "email": null,
        "conf": "IEEE/IFIP Network Operations and Management Symposium",
        "coauthors": [
            "songyun duan",
            "guofei jiang",
            "xiaoqiao meng"
        ],
        "keywords": "Communication System,Complex Network,Computer Network,Data Management,Data Model,Indexation,Indexing Terms,Networked Systems,Statistical Machine Learning,Streaming Algorithm,Support System,System Management,Web Service,Wireless Network,"
    },
    {
        "id": 1798,
        "label": "311",
        "author": "Hui Zhang",
        "title": "Boosting the performance of computing systems through adaptive configuration tuning",
        "organization": null,
        "abstract": "Good system performance depends on the correct setting of its con- figuration parameters. It is observed that such optimal confi gura- tion relies on the incoming workload of the system. In this paper, we utilize the Markov decision process(MDP) theory and present a reinforcement learning strategy to discover the complex relation- ship between the system workload and the corresponding optimal",
        "email": null,
        "conf": "ACM Symposium on Applied Computing",
        "coauthors": [
            "haifeng chen",
            "guofei jiang",
            "kenji yoshihira"
        ],
        "keywords": "Learning Process,Reinforcement Learning,System Management,System Performance,Error Back Propagation,Markov Decision Process,Neural Network,rein forcement learning,Temporal Difference,"
    },
    {
        "id": 1799,
        "label": "311",
        "author": "Hui Zhang",
        "title": "Intelligent Workload Factoring for a Hybrid Cloud Computing Model",
        "organization": null,
        "abstract": "Despite the hype, cloud computing still stays on IT managers' watching list. The hindrances to the adoption of public cloud computing services into enterprise IT include service reliability, security &amp; data privacy, regulation compliant requirements, and so on. To address those concerns, we propose a hybrid cloud computing model which enterprise customers may adopt as a viable and cost-saving methodology",
        "email": null,
        "conf": "IEEE Congress on Services",
        "coauthors": [
            "guofei jiang",
            "kenji yoshihira",
            "haifeng chen",
            "akhilesh saxena"
        ],
        "keywords": "Cloud Computing,Cost Saving,Data Cache,Data Center,Data Privacy,Detection Algorithm,Local Computation,Statistical Techniques,trace-driven simulation,"
    },
    {
        "id": 1800,
        "label": "311",
        "author": "Hui Zhang",
        "title": "Incrementally improving lookup latency in distributed hash table systems",
        "organization": null,
        "abstract": "Distributed hash table (DHT) systems are an important class of peer-to-peer routing infrastructures. They enable scalable wide-area storage and retrieval of information, and will support the rapid development of a wide variety of Internet-scale applications ranging from naming systems and file systems to application-layer multicast. DHT systems essentially build an overlay network, but a path on the overlay between any",
        "email": null,
        "conf": "Sigmetrics Performance Evaluation Review",
        "coauthors": [
            "ashish goel",
            "ramesh govindan"
        ],
        "keywords": "Application Layer Multicast,Distributed Hash Table,File System,Internet Router,Overlay Network,Peer To Peer,Random Sampling,Power Law,"
    },
    {
        "id": 1801,
        "label": "311",
        "author": "Hui Zhang",
        "title": "Making Eigenvector-Based Reputation Systems Robust to Collusion",
        "organization": null,
        "abstract": NaN,
        "email": null,
        "conf": "Workshop on Algorithms and Models for the Web-Graph",
        "coauthors": [
            "ashish goel",
            "ramesh govindan",
            "kahn mason",
            "benjamin van roy"
        ],
        "keywords": "Eigenvectors,Reputation System,"
    },
    {
        "id": 1802,
        "label": "311",
        "author": "Hui Zhang",
        "title": "Understanding internet video sharing site workload: a view from data center design",
        "organization": null,
        "abstract": "In this paper we measured and analyzed the workload on Yahoo! Video, the 2nd largest U.S. video sharing site, to understand its nature and the impact on online video data center design. We discovered interesting statistical proper- ties on both static and temporal dimensions of the workload including file duration and popularity distributions, arrival rate dynamics and predictability, and workload",
        "email": null,
        "conf": "Journal of Visual Communication and Image Representation",
        "coauthors": [
            "xiaozhu kang",
            "guofei jiang",
            "haifeng chen",
            "xiaoqiao meng",
            "kenji yoshihira"
        ],
        "keywords": "Capacity Management,Capacity Planning,Data Center,Distributed System,Large Scale,Quality of Service,Queueing Model,Service Level Agreement,"
    },
    {
        "id": 1803,
        "label": "311",
        "author": "Hui Zhang",
        "title": "An empirical evaluation of internet latency expansion",
        "organization": null,
        "abstract": "The Internet's latency expansion determines the asymptotic performance of large-scale distributed systems (such as Peer-to-Peer systems), but previous studies on the Internet have defined expansion in terms of  expansion rate in terms of hops.",
        "email": null,
        "conf": "Computer Communication Review",
        "coauthors": [
            "ashish goel",
            "ramesh govindan"
        ],
        "keywords": "Empirical Evaluation,Large-scale Distributed Systems,Peer To Peer System,"
    },
    {
        "id": 1804,
        "label": "311",
        "author": "Hui Zhang",
        "title": "Using the small-world model to improve Freenet performance",
        "organization": null,
        "abstract": NaN,
        "email": null,
        "conf": "Computer Networks and Isdn Systems",
        "coauthors": [
            "ashish goel",
            "ramesh govindan"
        ],
        "keywords": "Small World,"
    },
    {
        "id": 1805,
        "label": "311",
        "author": "Hui Zhang",
        "title": "Fast Indexing for Large-scale Networked System Modeling",
        "organization": null,
        "abstract": "Today's networked systems are extensively instru- mented for collecting a wealth of monitoring data. Statistical techniques like regression analysis can be applied to uncover rich relationships (e.g., correlation, causality, independence) between the measurement data which are further utilized for systems management tasks including fault diagnosis, configuration management, performance analysis, etc. How- ever, one problem during this system modeling process comes",
        "email": null,
        "conf": "Journal of Networks",
        "coauthors": [
            "haifeng chen",
            "guofei jiang",
            "xiaoqiao meng",
            "kenji yoshihira"
        ],
        "keywords": "Configuration Management,Data Mining,Fault Diagnosis,Graph Theory,Indexation,Indexing Terms,Large Scale,Mobile Network,Network Management,Networked Systems,Optimal Solution,Performance Analysis,Random Sampling,Randomized Algorithm,Regression Analysis,Statistical Techniques,Statistical Model,System Management,System Modeling,Vertex Cover,"
    },
    {
        "id": 1806,
        "label": "311",
        "author": "Hui Zhang",
        "title": "Improving lookup latency in distributed hash table systems using random sampling",
        "organization": null,
        "abstract": "Distributed hash table (DHT) systems are an impor- tant class of peer-to-peer routing infrastructures. They enable scalable wide-area storage and retrieval of information, and will support the rapid development of a wide variety of Internet-scale applications ranging from naming systems and file systems to application-layer multicast. DHT systems essentially build an overlay network, but a path on the overlay between",
        "email": null,
        "conf": "IEEE/ACM Transactions on Networking",
        "coauthors": [
            "ashish goel",
            "ramesh govindan"
        ],
        "keywords": "Application Layer Multicast,Distributed Hash Table,File System,Indexing Terms,Internet Router,Internet Topology,Overlay Network,Peer To Peer,Random Sampling,Randomized Algorithm,Power Law,"
    },
    {
        "id": 1807,
        "label": "312",
        "author": "Hui Zhang",
        "title": "Querying XML documents by dynamic shredding",
        "organization": null,
        "abstract": "With the wide adoption of XML as a standard data representation and exchange format querying XML documents becomes increasingly important. However relational database systems constitute a much more mature technology than what is available for native storage of XML. To bridge the gap one way to manage XML data is to use a commercial relational database system. In this approach",
        "email": null,
        "conf": "ACM Symposium on Document Engineering",
        "coauthors": [
            "frank wm. tompa"
        ],
        "keywords": "Data Representation,Query Optimization,Relation Algebra,Relational Database,Relational Database System,Xml Document,"
    },
    {
        "id": 1808,
        "label": "312",
        "author": "Hui Zhang",
        "title": "Taylor Series Prediction: A Cache Replacement Policy based on Second-Order Trend Analysis",
        "organization": null,
        "abstract": " Caching is one of the most effective techniques for improving the performance of Internetsystems. The heart of a caching system is its page replacement policy, which decides which pageto replace in a cache by a new one. Different caching policies have dramatically different effectson the system performance. In this paper, we extend the well-known GDSF caching policiesto include not only",
        "email": null,
        "conf": "Hawaii International Conference on System Sciences",
        "coauthors": [
            "qiang yang",
            "henry haining zhang"
        ],
        "keywords": "Cache Replacement,Replacement Policy,System Performance,Taylor Series,Trend Analysis,Second Order,"
    },
    {
        "id": 1809,
        "label": "312",
        "author": "Hui Zhang",
        "title": "XQuery rewriting at the relational algebra level",
        "organization": null,
        "abstract": NaN,
        "email": null,
        "conf": "Computer Systems: Science & Engineering",
        "coauthors": [
            "frank wm. tompa"
        ],
        "keywords": "Relation Algebra,"
    },
    {
        "id": 1810,
        "label": "313",
        "author": "Hui Zhang",
        "title": "A Phase-Field Based Segmentation Algorithm for Jacquard Images Using Multi-start Fuzzy Optimization Strategy",
        "organization": null,
        "abstract": NaN,
        "email": null,
        "conf": "Fuzzy Systems and Knowledge Discovery",
        "coauthors": [
            "zhilin feng",
            "jianwei yin",
            "jinxiang dong"
        ],
        "keywords": "Fuzzy Optimization,Phase Field,"
    },
    {
        "id": 1811,
        "label": "314",
        "author": "Hui Zhang",
        "title": "Registration of Diffusion Tensor Images",
        "organization": null,
        "abstract": NaN,
        "email": null,
        "conf": "Computer Vision and Pattern Recognition",
        "coauthors": [
            "paul a. yushkevich",
            "james c. gee"
        ],
        "keywords": "Diffusion Tensor Images,"
    },
    {
        "id": 1812,
        "label": "314",
        "author": "Hui Zhang",
        "title": "Structure-Specific Statistical Mapping of White Matter Tracts using the Continuous Medial Representation",
        "organization": null,
        "abstract": NaN,
        "email": null,
        "conf": "International Conference on Computer Vision",
        "coauthors": [
            "paul a. yushkevich",
            "tony j. simon",
            "james c. gee"
        ],
        "keywords": "White Matter,"
    },
    {
        "id": 1813,
        "label": "314",
        "author": "Hui Zhang",
        "title": "Parametric Medial Shape Representation in 3-D via the Poisson Partial Differential Equation with Non-linear Boundary Conditions",
        "organization": null,
        "abstract": NaN,
        "email": null,
        "conf": "Information Processing in Medical Imaging",
        "coauthors": [
            "paul a. yushkevich",
            "james c. gee"
        ],
        "keywords": "Boundary Condition,Partial Differential Equation,Shape Representation,"
    },
    {
        "id": 1814,
        "label": "314",
        "author": "Hui Zhang",
        "title": "Multivariate segmentation of brain tissues by fusion of MRI and DTI data",
        "organization": null,
        "abstract": NaN,
        "email": null,
        "conf": "IEEE International Symposium on Biomedical Imaging",
        "coauthors": [
            "suyash p. awate",
            "tony j. simon",
            "james c. gee"
        ],
        "keywords": "Brain Tissue,"
    },
    {
        "id": 1815,
        "label": "314",
        "author": "Hui Zhang",
        "title": "Atlas-guided probabilistic diffusion-tensor fiber tractography",
        "organization": null,
        "abstract": NaN,
        "email": null,
        "conf": "IEEE International Symposium on Biomedical Imaging",
        "coauthors": [
            "philip a. cook",
            "suyash p. awate",
            "james c. gee"
        ],
        "keywords": "Diffusion Tensor,"
    },
    {
        "id": 1816,
        "label": "314",
        "author": "Hui Zhang",
        "title": "Towards Diffusion Profile Image Registration",
        "organization": null,
        "abstract": "This paper presents a novel method for diffusion MRI reg- istration that treats diffusion profile as an arbitrary positive- valued function of spatial direction and treats Cartesian dif- fusion tensors as a special case. A metric based on ele- mentary notions of signal analysis is presented and in the case of diffusion tensors, a closed form expression of the metric",
        "email": null,
        "conf": "IEEE International Symposium on Biomedical Imaging",
        "coauthors": [
            "paul a. yushkevich",
            "james c. gee"
        ],
        "keywords": "Diffusion Mri,Gradient Descent Method,Image Registration,Image Sampling,Inner Product,Large Scale,Objective Function,Signal Analysis,Value Function,Diffusion Tensor,Multi Resolution,"
    },
    {
        "id": 1817,
        "label": "314",
        "author": "Hui Zhang",
        "title": "Surface-based modeling of white matter fasciculi with orientation encoding",
        "organization": null,
        "abstract": NaN,
        "email": null,
        "conf": "IEEE International Symposium on Biomedical Imaging",
        "coauthors": [
            "paul a. yushkevich",
            "tony j. simon",
            "james c. gee"
        ],
        "keywords": "White Matter,"
    },
    {
        "id": 1818,
        "label": "314",
        "author": "Hui Zhang",
        "title": "Multivariate Normalization with Symmetric Diffeomorphisms for Multivariate Studies",
        "organization": null,
        "abstract": NaN,
        "email": null,
        "conf": "Medical Image Computing and Computer-Assisted Intervention",
        "coauthors": [
            "brian b. avants",
            "jeffrey duda",
            "james c. gee"
        ],
        "keywords": "Multivariate Normal,"
    },
    {
        "id": 1819,
        "label": "314",
        "author": "Hui Zhang",
        "title": "Fuzzy Nonparametric DTI Segmentation for Robust Cingulum-Tract Extraction",
        "organization": null,
        "abstract": "This paper presents a novel segmentation-based approach for fiber-tract extraction in diffusion-tensor (DT) images. Typical tractog- raphy methods, incorporating thresholds on fractional anisotropy and fiber curvature to terminate tracking, can face serious problems aris- ing from partial voluming and noise. For these reasons, tractography often fails to extract thin tracts with sharp changes in orientation, e.g. the cingulum. Unlike tractography—which",
        "email": null,
        "conf": "Medical Image Computing and Computer-Assisted Intervention",
        "coauthors": [
            "suyash p. awate",
            "james c. gee"
        ],
        "keywords": "Fractional Anisotropy,Fuzzy Segmentation,Statistical Model,Diffusion Tensor,Partial Volume,"
    },
    {
        "id": 1820,
        "label": "314",
        "author": "Hui Zhang",
        "title": "An Automated Approach to Connectivity-Based Partitioning of Brain Structures",
        "organization": null,
        "abstract": "We present an automated approach to the problem of conn- ectivity-based partitioning of brain structures using diusion imaging. White-matter fibres connect dierent areas of the brain, allowing them to interact with each other. Diusion-tensor MRI measures the orientation of white-matter fibres in vivo, allowing us to perform connectivity-based partitioning non-invasively. Our new approach leverages atlas-based seg- mentation to automate anatomical",
        "email": null,
        "conf": "Medical Image Computing and Computer-Assisted Intervention",
        "coauthors": [
            "philip a. cook",
            "brian b. avants",
            "paul a. yushkevich",
            "daniel c. alexander",
            "james c. gee",
            "o. ciccarelli",
            "a. j. thompson"
        ],
        "keywords": "Brain Structure,Corpus Callosum,Healthy Subjects,White Matter,"
    },
    {
        "id": 1821,
        "label": "314",
        "author": "Hui Zhang",
        "title": "High-Fidelity Meshes from Tissue Samples for Diffusion MRI Simulations",
        "organization": null,
        "abstract": NaN,
        "email": null,
        "conf": "Medical Image Computing and Computer-Assisted Intervention",
        "coauthors": [
            "eleftheria panagiotaki",
            "matt g. hall",
            "bernard siow",
            "mark f. lythgoe",
            "daniel c. alexander"
        ],
        "keywords": "Diffusion Mri,"
    },
    {
        "id": 1822,
        "label": "314",
        "author": "Hui Zhang",
        "title": "Evaluation of Shape-Based Normalization in the Corpus Callosum for White Matter Connectivity Analysis",
        "organization": null,
        "abstract": NaN,
        "email": null,
        "conf": "Medical Image Computing and Computer-Assisted Intervention",
        "coauthors": [
            "hui sun",
            "paul a. yushkevich",
            "philip a. cook",
            "jeffrey duda",
            "tony j. simon",
            "james c. gee"
        ],
        "keywords": "Corpus Callosum,White Matter,"
    },
    {
        "id": 1823,
        "label": "314",
        "author": "Hui Zhang",
        "title": "Hippocampus-Specific fMRI Group Activation Analysis with Continuous M-Reps",
        "organization": null,
        "abstract": NaN,
        "email": null,
        "conf": "Medical Image Computing and Computer-Assisted Intervention",
        "coauthors": [
            "paul a. yushkevich",
            "john a. detre",
            "kathy z. tang",
            "angela hoang",
            "dawn mechanic-hamilton",
            "maría a. fernández-seara",
            "marc korczykowski",
            "james c. gee"
        ],
        "keywords": "Activity Analysis,"
    },
    {
        "id": 1824,
        "label": "314",
        "author": "Hui Zhang",
        "title": "Statistical Modeling of Shape and Appearance Using the Continuous Medial Representation",
        "organization": null,
        "abstract": NaN,
        "email": null,
        "conf": "Medical Image Computing and Computer-Assisted Intervention",
        "coauthors": [
            "paul a. yushkevich",
            "james c. gee"
        ],
        "keywords": "Statistical Model,"
    },
    {
        "id": 1825,
        "label": "314",
        "author": "Hui Zhang",
        "title": "Axon Diameter Mapping in the Presence of Orientation Dispersion with Diffusion MRI",
        "organization": null,
        "abstract": NaN,
        "email": null,
        "conf": "Medical Image Computing and Computer-Assisted Intervention",
        "coauthors": [
            "daniel c. alexander"
        ],
        "keywords": "Diffusion Mri,"
    },
    {
        "id": 1826,
        "label": "314",
        "author": "Hui Zhang",
        "title": "A Tract-Specific Framework for White Matter Morphometry Combining Macroscopic and Microscopic Tract Features",
        "organization": null,
        "abstract": NaN,
        "email": null,
        "conf": "Medical Image Computing and Computer-Assisted Intervention",
        "coauthors": [
            "suyash p. awate",
            "sandhitsu r. das",
            "john h. woo",
            "elias r. melhem",
            "james c. gee",
            "paul a. yushkevich"
        ],
        "keywords": "White Matter,"
    },
    {
        "id": 1827,
        "label": "314",
        "author": "Hui Zhang",
        "title": "Deformable Registration of Diffusion Tensor MR Images with Explicit Orientation Optimization",
        "organization": null,
        "abstract": "In this paper, we present a novel deformable registration algorithm for diffusion tensor MR images that enables explicit optimization of tensor reorientation. The optimization seeks a piecewise affine transformation that divides the image domain into uniform regions and transform each region affinely. The objective function captures both the image similarity and the smoothness of the transformation across region boundaries. The",
        "email": null,
        "conf": "Medical Image Computing and Computer-Assisted Intervention",
        "coauthors": [
            "paul a. yushkevich",
            "james c. gee"
        ],
        "keywords": "Affine Transformation,Conjugate Gradient Method,Corpus Callosum,Deformable Registration,Diffusion Tensor Images,Diffusion Tensor Mri,Image Similarity,Mr Imaging,Objective Function,Similarity Measure,Diffusion Tensor,White Matter,"
    },
    {
        "id": 1828,
        "label": "314",
        "author": "Hui Zhang",
        "title": "Unbiased White Matter Atlas Construction Using Diffusion Tensor Images",
        "organization": null,
        "abstract": "Abstract. This paper describes an algorithm for unbiased construction of white matter (WM) atlases using full information available to diusion tensor (DT) images. The key component,of the proposed algorithm is a novel DT image registration method,that leverages metrics comparing tensors as a whole and optimizes tensor orientation explicitly. The problem of unbiased atlas construction is formulated using the approach proposed",
        "email": null,
        "conf": "Medical Image Computing and Computer-Assisted Intervention",
        "coauthors": [
            "paul a. yushkevich",
            "daniel rueckert",
            "james c. gee"
        ],
        "keywords": "Diffusion Tensor Images,Fractional Anisotropy,Image Registration,Large Deformation,White Matter,"
    },
    {
        "id": 1829,
        "label": "314",
        "author": "Hui Zhang",
        "title": "Tensor-Based Morphometry of Fibrous Structures with Application to Human Brain White Matter",
        "organization": null,
        "abstract": NaN,
        "email": null,
        "conf": "Medical Image Computing and Computer-Assisted Intervention",
        "coauthors": [
            "paul a. yushkevich",
            "daniel rueckert",
            "james c. gee"
        ],
        "keywords": "Human Brain,Tensor Based Morphometry,White Matter,"
    },
    {
        "id": 1830,
        "label": "314",
        "author": "Hui Zhang",
        "title": "3D Mouse Brain Reconstruction from Histology Using a Coarse-to-Fine Approach",
        "organization": null,
        "abstract": NaN,
        "email": null,
        "conf": "Workshop on Biomedical Image Registration",
        "coauthors": [
            "paul a. yushkevich",
            "brian b. avants",
            "ng lydia",
            "michael hawrylycz",
            "pablo d. burstein",
            "james c. gee"
        ],
        "keywords": null
    },
    {
        "id": 1831,
        "label": "314",
        "author": "Hui Zhang",
        "title": "A Computational White Matter Atlas for Aging with Surface-Based Representation of Fasciculi",
        "organization": null,
        "abstract": NaN,
        "email": null,
        "conf": "Workshop on Biomedical Image Registration",
        "coauthors": [
            "paul a. yushkevich",
            "daniel rueckert",
            "james c. gee"
        ],
        "keywords": "White Matter,"
    },
    {
        "id": 1832,
        "label": "314",
        "author": "Hui Zhang",
        "title": "A Fuzzy, Nonparametric Segmentation Framework for DTI and MRI Analysis: With Applications to DTI-Tract Extraction",
        "organization": null,
        "abstract": "Abstract—This paper presents a novel fuzzy-segmentation method for diffusion tensor (DT) and magnetic resonance (MR) images. Typical fuzzy-segmentation schemes, e.g., those based on fuzzy C means (FCM), incorporate Gaussian class models that are inherently biased towards ellipsoidal clusters characterized by a mean element and a covariance matrix. Tensors in fiber bundles, however, inherently lie on specific manifolds in Riemannian spaces.",
        "email": null,
        "conf": "IEEE Transactions on Medical Imaging",
        "coauthors": [
            "suyash p. awate",
            "james c. gee"
        ],
        "keywords": "Covariance Matrix,Diffusion Tensor Images,Fractional Anisotropy,Fuzzy C Mean,Fuzzy Segmentation,Fuzzy Set,Indexing Terms,Magnetic Resonance,Mr Imaging,Statistical Model,Diffusion Tensor,Information Theoretic,Markov Random Field,Partial Volume,"
    },
    {
        "id": 1833,
        "label": "314",
        "author": "Hui Zhang",
        "title": "Shape-Based Normalization of the Corpus Callosum for DTI Connectivity Analysis",
        "organization": null,
        "abstract": NaN,
        "email": null,
        "conf": "IEEE Transactions on Medical Imaging",
        "coauthors": [
            "hui sun",
            "paul a. yushkevich",
            "philip a. cook",
            "jeffrey duda",
            "tony j. simon",
            "james c. gee"
        ],
        "keywords": "Corpus Callosum,"
    },
    {
        "id": 1834,
        "label": "314",
        "author": "Hui Zhang",
        "title": "Continuous Medial Representation for Anatomical Structures",
        "organization": null,
        "abstract": NaN,
        "email": null,
        "conf": "IEEE Transactions on Medical Imaging",
        "coauthors": [
            "paul a. yushkevich",
            "james c. gee"
        ],
        "keywords": null
    },
    {
        "id": 1835,
        "label": "314",
        "author": "Hui Zhang",
        "title": "High-Dimensional Spatial Normalization of Diffusion Tensor Images Improves the Detection of White Matter Differences: An Example Study Using Amyotrophic Lateral Sclerosis",
        "organization": null,
        "abstract": NaN,
        "email": null,
        "conf": "IEEE Transactions on Medical Imaging",
        "coauthors": [
            "brian b. avants",
            "paul a. yushkevich",
            "john h. woo",
            "sumei wang",
            "leo f. mccluskey",
            "lauren b. elman",
            "elias r. melhem",
            "james c. gee"
        ],
        "keywords": "Amyotrophic Lateral Sclerosis,Diffusion Tensor Images,High Dimensionality,White Matter,"
    },
    {
        "id": 1836,
        "label": "315",
        "author": "Hui Zhang",
        "title": "Design and implementation of a large-scale hybrid distributed graphics system",
        "organization": null,
        "abstract": "Although modern graphics hardware has strong capability to render millions of triangles within a second, huge scenes are still unable to be rendered in real-time. Lots of parallel and distributed graphics systems are explored to solve this problem. However none of them is built for large-scale graphics applications.We designed AnyGL, a large-scale hybrid distributed graphics system, which consists of four",
        "email": null,
        "conf": "Eurographics Workshop on Parallel Graphics and Visualization",
        "coauthors": [
            "jian yang",
            "jiaoying shi",
            "zhefan jin"
        ],
        "keywords": "Code Compression,Design and Implementation,Geometry Compression,Graphics Hardware,Graphics System,Image Compositing,Image Compression,Large Scale,Rendering System,Real Time,"
    },
    {
        "id": 1837,
        "label": "315",
        "author": "Hui Zhang",
        "title": "Haptic Exploration of Mathematical Knots",
        "organization": null,
        "abstract": "We present a novel multi-modal haptic interface for sketching and exploring the structure and properties of mathematical knots. Our interface de- rives from the familiar pencil-and-paper process of drawing 2D knot diagrams to facilitate the creation and exploration of mathematical knots; however, with a touch-based interface, users can also leverage their physical intuition by seeing, touching, and feeling the knots.",
        "email": null,
        "conf": "International Symposium on Visual Computing",
        "coauthors": [
            "sidharth thakur",
            "andrew j. hanson"
        ],
        "keywords": "Haptic Interface,Interaction Model,Mental Model,"
    },
    {
        "id": 1838,
        "label": "315",
        "author": "Hui Zhang",
        "title": "Error-Bounded Solid Voxelization for Polygonal Model Based on Heuristic Seed Filling",
        "organization": null,
        "abstract": NaN,
        "email": null,
        "conf": "International Symposium on Visual Computing",
        "coauthors": [
            "jianguang weng",
            "yueting zhuang"
        ],
        "keywords": "Error Bound,"
    },
    {
        "id": 1839,
        "label": "315",
        "author": "Hui Zhang",
        "title": "Physically Interacting with Four Dimensions",
        "organization": null,
        "abstract": NaN,
        "email": null,
        "conf": "International Symposium on Visual Computing",
        "coauthors": [
            "andrew j. hanson"
        ],
        "keywords": "Physical Interaction,"
    },
    {
        "id": 1840,
        "label": "315",
        "author": "Hui Zhang",
        "title": "A Multimodal Real-Time Platform for Studying Human-Avatar Interactions",
        "organization": null,
        "abstract": NaN,
        "email": null,
        "conf": "Intelligent Virtual Agents",
        "coauthors": [
            "damian fricker",
            "chen yu"
        ],
        "keywords": "Real Time,"
    },
    {
        "id": 1841,
        "label": "315",
        "author": "Hui Zhang",
        "title": "Multimodal Exploration of the Fourth Dimension",
        "organization": null,
        "abstract": "We present a multimodal paradigm for exploring topological sur- faces embedded in four dimensions; we exploit haptic methods in particular to overcome the intrinsic limitations of 3D graphics im- ages and 3D physical models. The basic problem is that, just as 2D shadows of 3D curves lose structure where lines cross, 3D graph- ics projections of smooth 4D topological surfaces",
        "email": null,
        "conf": "IEEE Visualization",
        "coauthors": [
            "andrew j. hanson"
        ],
        "keywords": "3d graphics,Physical Model,"
    },
    {
        "id": 1842,
        "label": "315",
        "author": "Hui Zhang",
        "title": "Shadow-Driven 4D Haptic Visualization",
        "organization": null,
        "abstract": "ABSTRACT Just as we can work with two-dimensional oor,plans to communicate 3D architectural design, we can exploit reduced-dimension shadows to manipulate the higher-dimensional objects generating the shadows. In particular, by taking advantage of physically reactive 3D shadow-space controllers, we can transform the task of interacting with 4D objects to a new level of physical reality. We begin with a teaching",
        "email": null,
        "conf": "IEEE Transactions on Visualization and Computer Graphics",
        "coauthors": [
            "andrew j. hanson"
        ],
        "keywords": "Architectural Design,Computer Graphic,Force Feedback,Haptic Interface,Indexing Terms,Interactive System,Knot Theory,Physical Model,Teaching Tool,"
    }
]