[
    {
        "id": 1750,
        "label": "304",
        "author": "Hui Jin",
        "title": "Note on an Auction Procedure for a Matching Game in Polynomial Time",
        "organization": null,
        "abstract": "We derive a polynomial time algorithm to compute a stable solution in a mixed matching market from an auction procedure as presented by Eriksson and Karlander (2). As a special case we derive an O(nm) algo- rithm for bipartite matching that does not seem to have appeared in the literature yet.",
        "email": null,
        "conf": "Algorithmic Applications in Management",
        "coauthors": [
            "winfried hochstättler",
            "robert nickel"
        ],
        "keywords": "Bipartite Matching,Polynomial Time,Polynomial Time Algorithm,"
    }
]