[
    {
        "id": 1844,
        "label": "316",
        "author": "Hyunchul Park",
        "title": "An OWL-Based Knowledge Model for Combined-Process-and-Location Aware Service",
        "organization": null,
        "abstract": NaN,
        "email": null,
        "conf": "Human-Computer Interaction",
        "coauthors": [
            "gunhee kim",
            "manchul han",
            "hyunchul park",
            "laehyun kim",
            "sungdo ha"
        ],
        "keywords": "Knowledge Modeling,Location Awareness,"
    },
    {
        "id": 1845,
        "label": "317",
        "author": "Hyunchul Park",
        "title": "Harmonics Table: Audiovisual Expression of Group Interaction on a Sensing Table",
        "organization": null,
        "abstract": NaN,
        "email": null,
        "conf": "International Workshop on Entertainment Computing",
        "coauthors": [
            "sangwoong hwang",
            "chansuk yang",
            "manjai lee"
        ],
        "keywords": "Group Interaction,"
    }
]