[
    {
        "id": 1851,
        "label": "320",
        "author": "Ignacio Mar&iacute;n",
        "title": "Real-time Infrared Imaging System for the Steel Industry",
        "organization": null,
        "abstract": NaN,
        "email": null,
        "conf": "IASTED International Conference on Visualization, Imaging and Image Processing",
        "coauthors": [
            "daniel f. garcía",
            "rubén usamentiaga",
            "juan a. gonzález",
            "faustino obeso"
        ],
        "keywords": "Infrared Imaging,Steel Industry,Real Time,"
    },
    {
        "id": 1852,
        "label": "320",
        "author": "Ignacio Mar&iacute;n",
        "title": "Shape Inspection System for Variable-Luminance Steel Plates with Real-Time Adaptation Capabilities to Luminance Variations",
        "organization": null,
        "abstract": NaN,
        "email": null,
        "conf": "Real-time Imaging",
        "coauthors": [
            "daniel f. garcía",
            "rubén usamentiaga",
            "juan a. gonzález",
            "nicolás de abajo"
        ],
        "keywords": "Real Time,"
    }
]