[
    {
        "id": 239,
        "label": "monitorability of an omega-regular language,",
        "author": "Infinite Word;Regular Expression;Regular Language;Runtime Verification;Linear Time Temporal Logic;",
        "title": "http://arxiv.org/abs/1006.3638,http://www.informatik.uni-trier.de/~ley/db/journals/corr/corr1006.html#abs-1006-3638",
        "organization": null,
        "abstract": "2010",
        "email": null,
        "conf": NaN,
        "coauthors": [
            "Computing Research Repository"
        ],
        "keywords": null
    }
]