[
    {
        "id": 3681,
        "label": "inconvenience",
        "author": "Information Retrieval;Profitability;Public Good;Search Engine;Web Search Engine;",
        "title": "http://arxiv.org/abs/cs/0312024,http://www.informatik.uni-trier.de/~ley/db/journals/corr/corr0312.html#cs-DL-0312024,http://arxiv.org/abs/cs.DL/0312024",
        "organization": null,
        "abstract": "2003",
        "email": null,
        "conf": NaN,
        "coauthors": [
            "Computing Research Repository"
        ],
        "keywords": null
    }
]