[
    {
        "id": 1864,
        "label": "324",
        "author": "J&ouml;rg Wagner",
        "title": "A Development Platform for the Design and Optimization of Mobile Radio Networks",
        "organization": null,
        "abstract": "The rapidly increasing traffic demand from mobile users forces network operators and service providers to extend and optimize existing networks as well as to plan entirely new mobile radio networks. Current planning methods rely on static coverage prediction. The optimization is partly based on measurements and gathered experiences in connection with empirical methods. However, these methods do not adequately take",
        "email": null,
        "conf": "Messung, Modellierung und Bewertung vonRechen- und Kommunikationssystemen",
        "coauthors": [
            "jürgen deissner",
            "gerhard fettweis",
            "jörg fischer",
            "dietrich hunold",
            "jens voigt",
            "ralf lehnert",
            "mathias schweigel"
        ],
        "keywords": "Dynamic System,Empirical Method,Radio Networks,System Simulation,Wireless Network,Mobile User,Service Provider,"
    },
    {
        "id": 1865,
        "label": "325",
        "author": "J&ouml;rg Wagner",
        "title": "User-Land Work Stealing Schedulers: Towards a Standard",
        "organization": null,
        "abstract": NaN,
        "email": null,
        "conf": "International Conference on Complex, Intelligent and Software Intensive Systems",
        "coauthors": [
            "armin jahanpanah",
            "jesper larsson träff"
        ],
        "keywords": "Work Stealing,"
    }
]