[
    {
        "id": 1877,
        "label": "329",
        "author": "J&uuml;rgen Zimmermann",
        "title": "JPMQ - An Advanced Persistent Message Queuing Service",
        "organization": null,
        "abstract": " . Message oriented middleware (MOM) services, based on theconcept of persistent queues, are widely used for reliable asynchronouscommunication to deal with the disadvantages of the closely coupledcommunication model. This paper introduces some new functionality forqueuing services (QS) in order to make them more powerful for the needof modern application programs and presents JPMQ, a sample implementationof these concepts. As such,",
        "email": null,
        "conf": "British National Conference on Databases",
        "coauthors": [
            "hans-peter steiert"
        ],
        "keywords": "Message Oriented Middleware,"
    },
    {
        "id": 1878,
        "label": "329",
        "author": "J&uuml;rgen Zimmermann",
        "title": "Bericht zur BTW 2001",
        "organization": null,
        "abstract": NaN,
        "email": null,
        "conf": "Datenbank Rundbrief",
        "coauthors": [
            "markus bon",
            "marcus flehmig",
            "theo härder",
            "jernej kovse",
            "wolfgang mahnke",
            "ulrich marder",
            "norbert ritter",
            "hans-peter steiert"
        ],
        "keywords": null
    },
    {
        "id": 1879,
        "label": "329",
        "author": "J&uuml;rgen Zimmermann",
        "title": "9. Workshop Transaktionen und ihre Anwendung: Protokolle der Diskussionen",
        "organization": null,
        "abstract": NaN,
        "email": null,
        "conf": "Datenbank Rundbrief",
        "coauthors": [
            "petra heinl",
            "udo reffke",
            "guntram flach",
            "karsten wendt",
            "torsten ripke",
            "heiko schuldt",
            "angelo brayner",
            "andreas heuer",
            "uta störl",
            "klaudia hergula",
            "kerstin schneider",
            "aiko frank",
            "stephan zimmermann"
        ],
        "keywords": null
    }
]