[
    {
        "id": 1900,
        "label": "337",
        "author": "Jae-Young Kim",
        "title": "System Performance of Transmit Diversity Schemes for Interference-Limited Cellular Systems",
        "organization": null,
        "abstract": NaN,
        "email": null,
        "conf": "Global Telecommunications Conference",
        "coauthors": [
            "nageen himayat",
            "shilpa talwar",
            "wan choi",
            "j. koo",
            "jane choi",
            "yujin noh",
            "josep kim"
        ],
        "keywords": "Cellular System,System Performance,Transmit Diversity,"
    },
    {
        "id": 1901,
        "label": "338",
        "author": "Jae-Young Kim",
        "title": "Modified phase silence shift keying with phase offset for WBAN systems",
        "organization": null,
        "abstract": "This paper presents modified PSSK scheme with phase offset to eliminate 180° phase change between adjacent symbols. The proposed scheme uses different signal constellation for the different silence period of PSSK. Phase offset between the constellations is applied in proposed OPSSK. Simulation results of error performances and spectral re-growth are also provided.",
        "email": null,
        "conf": "International Conference on Interaction Sciences",
        "coauthors": [
            "jaehwan kim",
            "jung-yeol oh",
            "hyungsoo lee"
        ],
        "keywords": "Phase Change,"
    },
    {
        "id": 1902,
        "label": "338",
        "author": "Jae-Young Kim",
        "title": "A pi/4-shifted differential 8PSSK modulation for high data rate WBAN system",
        "organization": null,
        "abstract": "This paper proposes a new modulation scheme for high data rate WBAN in-body communication systems. We propose a π/4-shifted differential 8-PSSK scheme that includes its architectures for the transmitter and receiver. Simulation results are presented in terms of performance, modulation options and frequency tolerance.",
        "email": null,
        "conf": "International Conference on Interaction Sciences",
        "coauthors": [
            "jung-yeol oh",
            "jaehwan kim",
            "hyungsoo lee"
        ],
        "keywords": "Communication System,High Data Rate,"
    },
    {
        "id": 1903,
        "label": "339",
        "author": "Jae-Young Kim",
        "title": "Reliability and Capacity Enhancement Algorithms for Wireless Personal Area Network Using an Intelligent Coordination Scheme",
        "organization": null,
        "abstract": NaN,
        "email": null,
        "conf": "Knowledge-Based Intelligent Information & Engineering Systems",
        "coauthors": [
            "oh chang-heon",
            "chul-gyu kang"
        ],
        "keywords": "Wireless Personal Area Network,"
    },
    {
        "id": 1904,
        "label": "338",
        "author": "Jae-Young Kim",
        "title": "Ranging Implementation for IEEE 802.15.4a IR-UWB Systems",
        "organization": null,
        "abstract": NaN,
        "email": null,
        "conf": "Vehicular Technology Conference",
        "coauthors": [
            "oh mi-kyung"
        ],
        "keywords": null
    },
    {
        "id": 1905,
        "label": "338",
        "author": "Jae-Young Kim",
        "title": "Carrier Frequency Recovery for in Non-Coherent Demodulation for IEEE802.15.4 System",
        "organization": null,
        "abstract": NaN,
        "email": null,
        "conf": "Vehicular Technology Conference",
        "coauthors": [
            "oh jung-yeol",
            "byung-jae kwak"
        ],
        "keywords": null
    }
]