[
    {
        "id": 1915,
        "label": "344",
        "author": "James R. Anderson",
        "title": "Ultrastructural Mapping of Neural Circuitry: A Computational Framework",
        "organization": null,
        "abstract": NaN,
        "email": null,
        "conf": "IEEE International Symposium on Biomedical Imaging",
        "coauthors": [
            "bryan w. jones",
            "jia-hui yang",
            "maggie v. shaw",
            "carl b. watt",
            "paul koshevoy",
            "joël spaltenstein",
            "elizabeth jurrus",
            "kannan umadevi venkataraju",
            "ross t. whitaker",
            "david n. mastronarde",
            "tolga tasdizen",
            "robert marc"
        ],
        "keywords": null
    }
]