[
    {
        "id": 1907,
        "label": "340",
        "author": "James Clark",
        "title": "Modelling of dispersant application to oil spills in shallow coastal waters",
        "organization": null,
        "abstract": NaN,
        "email": null,
        "conf": "Environmental Modelling and Software",
        "coauthors": [
            "mark reed",
            "per daling",
            "alun lewis",
            "may kristin ditlevsen",
            "bård brørs",
            "don aurand"
        ],
        "keywords": "Coastal Waters,Oil Spill,"
    }
]