[
    {
        "id": 1934,
        "label": "348",
        "author": "Jan M&uuml;ller",
        "title": "Non-equispaced Fourier Transform Vs. Polynomial-Based Metal Artifact Reduction in Computed Tomography",
        "organization": null,
        "abstract": "We propose a method, which treats metal artifact reduction in CT by sinogram restoration as a problem of scattered data interpola- tion. Corrupted sinogram entries are discarded and replaced with artifi- cially generated values. The presented interpolation algorithm is based on the 2D non-equispaced fast Fourier transform (NFFT). Results are compared to two common polynomial interpolation schemes.",
        "email": null,
        "conf": "Bildverarbeitung fur die Medizin",
        "coauthors": [
            "bärbel kratz",
            "tobias knopp",
            "may oehler",
            "thorsten m. buzug"
        ],
        "keywords": "Computed Tomography,Polynomial Interpolation,Scattered Data,Fast Fourier Transform,Fourier Transform,"
    },
    {
        "id": 1935,
        "label": "348",
        "author": "Jan M&uuml;ller",
        "title": "Intersection Line Length Normalization in CT Projection Data",
        "organization": null,
        "abstract": "We present a method to improve the quality of common sino- gram restoration algorithms, which are used for metal-artifact reduction in X-ray CT. The presented approach is based on the idea that the in- tersection length of all beams through the object of interest can approx- imately be calculated from a preliminary reconstruction of the object. Incorporating this information to",
        "email": null,
        "conf": "Bildverarbeitung fur die Medizin",
        "coauthors": [
            "thorsten m. buzug"
        ],
        "keywords": "X-ray Ct,"
    }
]