[
    {
        "id": 1943,
        "label": "352",
        "author": "Jean-Yves Girard",
        "title": "Monte Carlo Valuation of Multidimensional American Options Through Grid Computing",
        "organization": null,
        "abstract": NaN,
        "email": null,
        "conf": "Large-Scale Scientific Computing",
        "coauthors": [
            "ioane muni toke"
        ],
        "keywords": "American Option,Grid Computing,Monte Carlo,"
    },
    {
        "id": 1944,
        "label": "352",
        "author": "Jean-Yves Girard",
        "title": "Design and implementation of an enterprise grid",
        "organization": null,
        "abstract": NaN,
        "email": null,
        "conf": "Ibm Systems Journal",
        "coauthors": [
            "dikran s. meliksetian",
            "jean-pierre prost",
            "amarjit s. bahl",
            "irwin boutboul",
            "david p. currier",
            "sebastien fibra",
            "kevin m. kassab",
            "jean-luc lepesant",
            "colm malone",
            "paul manesco"
        ],
        "keywords": "Design and Implementation,"
    }
]