[
    {
        "id": 2223,
        "label": "389",
        "author": "Jiangzhou Wang",
        "title": "Spectral Efficiency of Distributed MIMO Cellular Systems in a Composite Fading Channel",
        "organization": null,
        "abstract": NaN,
        "email": null,
        "conf": "IEEE International Conference on Communications",
        "coauthors": [
            "dongming wang",
            "xiaohu you",
            "yan wang",
            "xiaoyun hou"
        ],
        "keywords": "Cellular System,Fading Channel,Spectral Efficiency,"
    },
    {
        "id": 2224,
        "label": "389",
        "author": "Jiangzhou Wang",
        "title": "Adaptive channel and power allocation of downlink multi-user MC-CDMA systems",
        "organization": null,
        "abstract": NaN,
        "email": null,
        "conf": "Computers & Electrical Engineering",
        "coauthors": [
            "jun-bo wang",
            "ming chen"
        ],
        "keywords": "Power Allocation,Multi User,"
    },
    {
        "id": 2225,
        "label": "389",
        "author": "Jiangzhou Wang",
        "title": "Cross-layer packet scheduling for downlink multiuser OFDM systems",
        "organization": null,
        "abstract": NaN,
        "email": null,
        "conf": "Science in China Series F: Information Sciences",
        "coauthors": [
            "jun-bo wang",
            "huamin chen",
            "ming chen"
        ],
        "keywords": "Cross Layer,Packet Scheduling,"
    }
]