[
    {
        "id": 2214,
        "label": "385",
        "author": "Jianguo Liu",
        "title": "A fast geometric algorithm for finding the minimum distance between two convex hulls",
        "organization": null,
        "abstract": NaN,
        "email": null,
        "conf": "Conference on Decision and Control",
        "coauthors": [
            "dougsoo kaown"
        ],
        "keywords": "Convex Hull,Geometric Algorithm,Minimum Distance,"
    },
    {
        "id": 2215,
        "label": "385",
        "author": "Jianguo Liu",
        "title": "A fast hierarchical algorithm for 3-D capacitance extraction",
        "organization": null,
        "abstract": "We presen t a new algorithm for computing the capacitance of three-dimensional perfect electrical conductors of complex structures. The new algorithm is significantly faster and uses muc h less memory than previous best algorithms, and is kernel independent.The new algorithm is based on a hierarchical algorithm for the n-body problem, and is an acceleration of the boundary-element method for solving",
        "email": null,
        "conf": "Design Automation Conference",
        "coauthors": [
            "weiping shi",
            "naveen kakani",
            "tiejun yu"
        ],
        "keywords": "Boundary Element Method,Complex Structure,Hierarchical Data Structure,Integral Equation,Linear System,n-body problem,Three Dimensional,Perfect Electric Conductor,"
    },
    {
        "id": 2216,
        "label": "385",
        "author": "Jianguo Liu",
        "title": "A fast hierarchical algorithm for three-dimensional capacitanceextraction",
        "organization": null,
        "abstract": "Abstract - The authors present a new algorithm for computing are accurate, some are capable of critical net and clock tree ex",
        "email": null,
        "conf": "IEEE Transactions on Computer-aided Design of Integrated Circuits and Systems",
        "coauthors": [
            "weiping shi",
            "naveen kakani",
            "tiejun yu"
        ],
        "keywords": "Boundary Element Method,Indexing Terms,Three Dimensional,"
    },
    {
        "id": 2217,
        "label": "386",
        "author": "Jianguo Liu",
        "title": "Adaptive Transmission for Finite-Rate Feedback MIMO Systems",
        "organization": null,
        "abstract": NaN,
        "email": null,
        "conf": "IEEE Wireless Communications & Networking Conference",
        "coauthors": [
            "daofeng xu",
            "rui zhao",
            "luxi yang"
        ],
        "keywords": "mimo system,"
    },
    {
        "id": 2218,
        "label": "386",
        "author": "Jianguo Liu",
        "title": "Transmit Antenna Selection for V-BLAST MIMO System Based on Extended Channel Matrix Analysis",
        "organization": null,
        "abstract": NaN,
        "email": null,
        "conf": "Journal of Circuits, Systems, and Computers",
        "coauthors": [
            "luxi yang"
        ],
        "keywords": "Matrix Analysis,mimo system,Transmit Antenna Selection,"
    },
    {
        "id": 2219,
        "label": "387",
        "author": "Jianguo Liu",
        "title": "Ammunition Supply Decision-Making System Design Based on Fuzzy Control",
        "organization": null,
        "abstract": NaN,
        "email": null,
        "conf": "Rough Sets, Fuzzy Sets, Data Mining, and Granular-Soft Computing",
        "coauthors": [
            "deyong zhao",
            "xinfeng wang"
        ],
        "keywords": "Decision Making,Fuzzy Control,System Design,"
    },
    {
        "id": 2220,
        "label": "388",
        "author": "Jianguo Liu",
        "title": "A generalized Gilbert's algorithm for approximating general SVM classifiers",
        "organization": null,
        "abstract": NaN,
        "email": null,
        "conf": "Neurocomputing",
        "coauthors": [
            "zhenbing liu",
            "zhong chen"
        ],
        "keywords": null
    },
    {
        "id": 2221,
        "label": "388",
        "author": "Jianguo Liu",
        "title": "An Arbitrary-length and Multiplierless DCT Algorithm and Systolic Implementation",
        "organization": null,
        "abstract": NaN,
        "email": null,
        "conf": "Journal of Computers",
        "coauthors": [
            "zhenbing liu",
            "guoyou wang"
        ],
        "keywords": null
    }
]