[
    {
        "id": 1985,
        "label": "359",
        "author": "Jian Li",
        "title": "Simple Dynamic Key Management in SQL Randomization",
        "organization": null,
        "abstract": "This work presents a simple key management scheme for dynamic SQL randomization based on the approach of the SNMPv3 key generation. The original SQL randomization technique based on keyed randomization proxies lacks a mechanism for managing and updating cryptographic keys, which renders the technique vulnerable to the exposure or theft of the keys. Our scheme provides a practical solution to",
        "email": null,
        "conf": NaN,
        "coauthors": [
            "serguei a. mokhov",
            "lingyu wang"
        ],
        "keywords": "Data Security,Database Security,Key Management,"
    },
    {
        "id": 1986,
        "label": "359",
        "author": "Jian Li",
        "title": "Managing Distributed MARF's Nodes with SNMP",
        "organization": null,
        "abstract": NaN,
        "email": null,
        "conf": "Parallel and Distributed Processing Techniques and Applications",
        "coauthors": [
            "serguei a. mokhov",
            "lee wei huynh"
        ],
        "keywords": null
    },
    {
        "id": 1987,
        "label": "359",
        "author": "Jian Li",
        "title": "Managing Distributed MARF with SNMP",
        "organization": null,
        "abstract": "The scope of this project's work focuses on the research and prototyping of the extension of the Distributed MARF such that its services can be managed through the most popular management protocol familiarly, SNMP. The rationale behind SNMP vs. MARF's proprietary management protocols, is that can be integrated with the use of common network service and device management, so the",
        "email": null,
        "conf": "Computing Research Repository",
        "coauthors": [
            "serguei a. mokhov",
            "lee wei huynh"
        ],
        "keywords": "Application Server,Management Tool,Network Services,"
    }
]