[
    {
        "id": 2276,
        "label": "394",
        "author": "Jianying Zhou",
        "title": "Design of an Hinfinity controller with internal model principle for disturbance rejection in optical disk drives",
        "organization": null,
        "abstract": NaN,
        "email": null,
        "conf": "International Conference on Control, Automation, Robotics and Vision",
        "coauthors": [
            "fengdan dong",
            "youyi wang"
        ],
        "keywords": "Disturbance Rejection,Internal Model Principle,Optic Disk,"
    },
    {
        "id": 2277,
        "label": "394",
        "author": "Jianying Zhou",
        "title": "Robust Nonlinear Reduced-Order Dynamic Controller Design and its Application to a Single-link Manipulator",
        "organization": null,
        "abstract": NaN,
        "email": null,
        "conf": "International Conference on Robotics and Automation",
        "coauthors": [
            "rujing zhou",
            "youyi wang"
        ],
        "keywords": "Controller Design,"
    }
]