[
    {
        "id": 2227,
        "label": "390",
        "author": "Jianjun Chen",
        "title": "An Enabling Environment for Distributed Simulation and Visualization",
        "organization": null,
        "abstract": "In this paper we present the MASSIVE project that aims to use Grid technology to establish an enabling environment for distributed simulation and visualization of large-scale scientific and engineering research. The project focuses on collaborative numerical simulation and visualization in grid environments. Furthermore, the project is also to develop Grid-enabled capability and products for use by the wider community. The",
        "email": null,
        "conf": "Grid Computing",
        "coauthors": [
            "yao zheng",
            "guanghua song",
            "jifa zhang"
        ],
        "keywords": "Computation Fluid Dynamics,Computational Solid Mechanics,Distributed Simulation,Large Scale,Numerical Simulation,Pc Cluster,Scientific Computing,"
    },
    {
        "id": 2228,
        "label": "390",
        "author": "Jianjun Chen",
        "title": "An Improved Laplacian Smoothing Approach for Surface Meshes",
        "organization": null,
        "abstract": NaN,
        "email": null,
        "conf": "International Conference on Computational Science",
        "coauthors": [
            "ligang chen",
            "yao zheng",
            "yi liang"
        ],
        "keywords": null
    },
    {
        "id": 2229,
        "label": "390",
        "author": "Jianjun Chen",
        "title": "A General Framework for Parallel Planar Mesh Generation",
        "organization": null,
        "abstract": NaN,
        "email": null,
        "conf": "International Multi-Symposium of Computer and Computational Sciences",
        "coauthors": [
            "ligang chen",
            "yi liang",
            "yao zheng"
        ],
        "keywords": "Mesh Generation,"
    },
    {
        "id": 2230,
        "label": "390",
        "author": "Jianjun Chen",
        "title": "Parallel Unstructured Quadrilateral Mesh Generation",
        "organization": null,
        "abstract": NaN,
        "email": null,
        "conf": "International Symposium on Parallel and Distributed Processing and Applications",
        "coauthors": [
            "yao zheng"
        ],
        "keywords": "Mesh Generation,"
    },
    {
        "id": 2231,
        "label": "390",
        "author": "Jianjun Chen",
        "title": "Scalable Parallel Quadrilateral Mesh Generation Coupled with Mesh Partitioning",
        "organization": null,
        "abstract": NaN,
        "email": null,
        "conf": "Parallel and Distributed Computing: Applications and Technologies",
        "coauthors": [
            "yao zheng",
            "xia ning"
        ],
        "keywords": "Mesh Generation,Mesh Partitioning,"
    }
]