[
    {
        "id": 2327,
        "label": "401",
        "author": "Jie Bao",
        "title": "A passivity-based analysis for decentralized integral controllability",
        "organization": null,
        "abstract": NaN,
        "email": null,
        "conf": "Automatica",
        "coauthors": [
            "p. james mclellan",
            "j. fraser forbes"
        ],
        "keywords": null
    },
    {
        "id": 2328,
        "label": "401",
        "author": "Jie Bao",
        "title": "A new approach to control of MIMO processes with static nonlinearities using an extended IMC framework",
        "organization": null,
        "abstract": NaN,
        "email": null,
        "conf": "Computers & Chemical Engineering",
        "coauthors": [
            "kwong ho chan",
            "william j. whiten"
        ],
        "keywords": null
    },
    {
        "id": 2329,
        "label": "401",
        "author": "Jie Bao",
        "title": "Analysis of decentralized integral controllability for nonlinear systems",
        "organization": null,
        "abstract": NaN,
        "email": null,
        "conf": "Computers & Chemical Engineering",
        "coauthors": [
            "steven w. su",
            "peter l. lee"
        ],
        "keywords": "Nonlinear System,"
    },
    {
        "id": 2330,
        "label": "401",
        "author": "Jie Bao",
        "title": "Conditions on input disturbance suppression for multivariable nonlinear systems on the basis of feedforward passivity",
        "organization": null,
        "abstract": NaN,
        "email": null,
        "conf": "International Journal of Systems Science",
        "coauthors": [
            "steven w. su",
            "peter l. lee"
        ],
        "keywords": "Nonlinear System,"
    },
    {
        "id": 2331,
        "label": "402",
        "author": "Jie Bao",
        "title": "PROS: a peer-to-peer system for location privacy protection on road networks",
        "organization": null,
        "abstract": "The k-anonymity technique is widely used to provide location privacy protection for accessing location-based services (LBS), i.e., the exact location of a query initiator is cloaked into a spatial region that contains at least k indistinguishable users. However, a centralized location anonymizer may pose serious privacy threats and could be the system bottleneck. Moreover, many cloaking methods are developed for",
        "email": null,
        "conf": "Workshop on Advances in Geographic Information Systems",
        "coauthors": [
            "haiquan chen",
            "wei-shinn ku"
        ],
        "keywords": "Euclidean Space,Location Based Service,Location Privacy,Peer To Peer,Peer To Peer System,Query Evaluation,Query Processing,Road Network,Mobile User,Service Provider,"
    },
    {
        "id": 2332,
        "label": "402",
        "author": "Jie Bao",
        "title": "Efficient Evaluation of k-Range Nearest Neighbor Queries in Road Networks",
        "organization": null,
        "abstract": "A k-Range Nearest Neighbor (or kRNN for short) query in road networks finds the k nearest neighbors of every point on the road segments within a given query region based on the network distance. The kRNN query is significantly important for location-based applications in many realistic scenarios. For example, (1) the user's location is uncertain, i.e., user's location is modeled",
        "email": null,
        "conf": "Mobile Data Management",
        "coauthors": [
            "chi-yin chow",
            "mohamed f. mokbel",
            "wei-shinn ku"
        ],
        "keywords": "K Nearest Neighbor,Nearest Neighbor Queries,Query Answering,Query Processing,Road Network,Nearest Neighbor,"
    },
    {
        "id": 2333,
        "label": "403",
        "author": "Jie Bao",
        "title": "Semi-random subspace sampling for classification",
        "organization": null,
        "abstract": NaN,
        "email": null,
        "conf": "International Conference on Natural Computation",
        "coauthors": [
            "ming yang",
            "gen-lin ji"
        ],
        "keywords": null
    }
]