[
    {
        "id": 2342,
        "label": "405",
        "author": "Jie Wang",
        "title": "Augmented Attack Tree Modeling of Distributed Denial of Services and Tree Based Attack Detection Method",
        "organization": null,
        "abstract": NaN,
        "email": null,
        "conf": "Conference on Computer and Information Technology",
        "coauthors": [
            "raphael c.-w. phan",
            "john n. whitley",
            "david j. parish"
        ],
        "keywords": "Distributed Denial of Service,"
    }
]