[
    {
        "id": 2335,
        "label": "404",
        "author": "Jie Qiu",
        "title": "Frame Skeleton Based Auto-Inbetweening in Computer Assisted Cel Animation",
        "organization": null,
        "abstract": NaN,
        "email": null,
        "conf": "International Conference on Cyberworlds",
        "coauthors": [
            "konstantin melikhov",
            "feng tian",
            "seah hock soon",
            "quan chen"
        ],
        "keywords": null
    },
    {
        "id": 2336,
        "label": "404",
        "author": "Jie Qiu",
        "title": "Computer-Assisted Auto Coloring by Region Matching",
        "organization": null,
        "abstract": NaN,
        "email": null,
        "conf": "Pacific Conference on Computer Graphics and Applications",
        "coauthors": [
            "seah hock soon",
            "feng tian",
            "quan chen",
            "konstantin melikhov"
        ],
        "keywords": null
    },
    {
        "id": 2337,
        "label": "404",
        "author": "Jie Qiu",
        "title": "DBSC-Based Grayscale Line Image Vectorization",
        "organization": null,
        "abstract": NaN,
        "email": null,
        "conf": "Journal of Computer Science and Technology",
        "coauthors": [
            "konstantin melikhov",
            "feng tian",
            "quan chen",
            "seah hock soon"
        ],
        "keywords": null
    },
    {
        "id": 2338,
        "label": "404",
        "author": "Jie Qiu",
        "title": "DBSC-based animation enhanced with feature and motion",
        "organization": null,
        "abstract": NaN,
        "email": null,
        "conf": "Journal of Visualization and Computer Animation",
        "coauthors": [
            "quan chen",
            "feng tian",
            "hock soon seah",
            "zhongke wu",
            "konstantin melikhov"
        ],
        "keywords": null
    },
    {
        "id": 2339,
        "label": "404",
        "author": "Jie Qiu",
        "title": "Enhanced auto coloring with hierarchical region matching",
        "organization": null,
        "abstract": NaN,
        "email": null,
        "conf": "Journal of Visualization and Computer Animation",
        "coauthors": [
            "hock soon seah",
            "feng tian",
            "quan chen",
            "zhongke wu"
        ],
        "keywords": null
    },
    {
        "id": 2340,
        "label": "404",
        "author": "Jie Qiu",
        "title": "Feature and region-based auto painting for 2D animation",
        "organization": null,
        "abstract": NaN,
        "email": null,
        "conf": "The Visual Computer",
        "coauthors": [
            "seah hock soon",
            "feng tian",
            "zhongke wu",
            "quan chen"
        ],
        "keywords": null
    }
]