[
    {
        "id": 2346,
        "label": "407",
        "author": "Jin Wang",
        "title": "QoS Enhancements and Performance Analysis for Delay Sensitive Applications",
        "organization": null,
        "abstract": NaN,
        "email": null,
        "conf": "Advanced Information Networking and Applications",
        "coauthors": [
            "lin guan",
            "xin gang wang",
            "a. grigg",
            "irfan awan",
            "iain c. c. phillips",
            "xuefen chi"
        ],
        "keywords": "Performance Analysis,"
    }
]