[
    {
        "id": 2448,
        "label": "423",
        "author": "Jing Zhang",
        "title": "Comparison between Voxel-based Morphometry and Volumetric Analysis in Schizophrenia",
        "organization": null,
        "abstract": NaN,
        "email": null,
        "conf": "International Conference on BioMedical Engineering and Informatics",
        "coauthors": [
            "monte s. buchsbaum",
            "kingwai chu",
            "erin a. hazlett"
        ],
        "keywords": "Voxel Based Morphometry,"
    }
]