[
    {
        "id": 2450,
        "label": "424",
        "author": "Jiong Sun",
        "title": "On Hopf cyclicity of planar systems with multiple parameters",
        "organization": null,
        "abstract": NaN,
        "email": null,
        "conf": "Applied Mathematics Letters",
        "coauthors": [
            "wan yi wang",
            "maoan han"
        ],
        "keywords": null
    },
    {
        "id": 2451,
        "label": "425",
        "author": "Jiong Sun",
        "title": "A Wyner-Ziv coding approach to transmission of interactive video over wireless channels",
        "organization": null,
        "abstract": NaN,
        "email": null,
        "conf": "International Conference on Image Processing",
        "coauthors": [
            "haibo li"
        ],
        "keywords": "Interactive Video,Wireless Channels,wyner-ziv coding,"
    },
    {
        "id": 2452,
        "label": "425",
        "author": "Jiong Sun",
        "title": "3-D physical motion-based bandwidth prediction for video conferencing",
        "organization": null,
        "abstract": NaN,
        "email": null,
        "conf": "IEEE Transactions on Circuits and Systems for Video Technology",
        "coauthors": [
            "haibo li"
        ],
        "keywords": "Video Conferencing,"
    }
]