[
    {
        "id": 2454,
        "label": "426",
        "author": "Jo&atilde;o Carlos Silva",
        "title": "Combining Formal Methods and Functional Strategies Regarding the Reverse Engineering of Interactive Applications",
        "organization": null,
        "abstract": "Graphical user interfaces (GUIs) make software easy to use by providing the user with visual controls. Therefore, correctness of GUI's code is essential to the correct execution of the overall software. Models can help in the evaluation of interactive applications by allow- ing designers to concentrate on its more important aspects. This paper describes our approach to reverse engineer an",
        "email": null,
        "conf": "Design, Specification, and Verification of Interactive Systems",
        "coauthors": [
            "josé creissac campos",
            "joão saraiva"
        ],
        "keywords": "Case Study,Formal Method,Graphic User Interface,Interactive Application,Reverse Engineering,User Interface,"
    },
    {
        "id": 2455,
        "label": "426",
        "author": "Jo&atilde;o Carlos Silva",
        "title": "The GUISurfer tool: towards a language independent approach to reverse engineering GUI code",
        "organization": null,
        "abstract": "Graphical user interfaces (GUIs) are critical components of today's software. Developers are dedicating a larger portion of code to implementing them. Given their increased importance, correctness of GUIs code is becoming essential. This paper describes the latest results in the development of GUISurfer, a tool to reverse engineer the GUI layer of interactive computing systems. The ultimate goal of the",
        "email": null,
        "conf": NaN,
        "coauthors": [
            "carlos c. silva",
            "rui d. gonçalo",
            "joão saraiva",
            "josé creissac campos"
        ],
        "keywords": "Graphic User Interface,Interactive System,Reverse Engineering,Software Development,Source Code,"
    },
    {
        "id": 2456,
        "label": "426",
        "author": "Jo&atilde;o Carlos Silva",
        "title": "A generic library for GUI reasoning and testing",
        "organization": null,
        "abstract": "Graphical user interfaces (GUIs) make software easy to use by providing the user with visual controls. Therefore, correctness of GUI's code is essential to the correct execution of the overall software. Models can help in the evaluation of interactive applications by allowing designers to concentrate on its more important aspects. This paper presents a generic model for language-independent reverse engineering",
        "email": null,
        "conf": "ACM Symposium on Applied Computing",
        "coauthors": [
            "joão saraiva",
            "josé creissac campos"
        ],
        "keywords": "Behavior Modeling,Fault Detection,Generic Model,Graphic User Interface,Interactive Application,Model Based Testing,Reverse Engineering,User Interface,"
    }
]