[
    {
        "id": 2473,
        "label": "431",
        "author": "John Burns",
        "title": "Document digitization lifecycle for complex magazine collection",
        "organization": null,
        "abstract": "The conversion of large collections of documents from paper to digital formats that are suitable for electronic archival is a complex multi-phase process. The creation of good quality images from paper documents is just one phase. To extract relevant information that they contain, with an accuracy that fits the purpose of target applications, an automated document analysis system and a",
        "email": null,
        "conf": "ACM Symposium on Document Engineering",
        "coauthors": [
            "sherif m. yacoub",
            "paolo faraboschi",
            "daniel ortega",
            "josé l. abad peiro",
            "vinay saxena"
        ],
        "keywords": "Digital Documents,Document Analysis,Technology Development,Web Accessibility,"
    },
    {
        "id": 2474,
        "label": "431",
        "author": "John Burns",
        "title": "Automating the Analysis of Voting Systems",
        "organization": null,
        "abstract": NaN,
        "email": null,
        "conf": "International Symposium on Software Reliability Engineering",
        "coauthors": [
            "sherif m. yacoub",
            "xiaofan lin",
            "steven j. simske"
        ],
        "keywords": null
    },
    {
        "id": 2475,
        "label": "431",
        "author": "John Burns",
        "title": "A security scheme for resource sharing over a network",
        "organization": null,
        "abstract": NaN,
        "email": null,
        "conf": "Computers & Security",
        "coauthors": [
            "chris j. mitchell"
        ],
        "keywords": "Resource Sharing,"
    },
    {
        "id": 2476,
        "label": "431",
        "author": "John Burns",
        "title": "Performance analysis of pattern classifier combination by plurality voting",
        "organization": null,
        "abstract": "plurality voting, majority voting, classifier combination, stochastic simulation, classifier evaluation Plurality voting is widely used in pattern recognition. However, there is little theoretical analysis of plurality voting. In this paper, we attempt to explore the rationale behind plurality voting. The recognition/error/rejection rates of plurality voting are compared with those of majority voting under different conditions. It is demonstrated that plurality",
        "email": null,
        "conf": "Pattern Recognition Letters",
        "coauthors": [
            "xiaofan lin",
            "sherif m. yacoub",
            "steven j. simske"
        ],
        "keywords": "Classifier Combination,Majority Voting,Monte Carlo Method,Pattern Recognition,Performance Analysis,Real World Application,Stochastic Simulation,Theoretical Analysis,Error Rate,"
    },
    {
        "id": 2477,
        "label": "431",
        "author": "John Burns",
        "title": "Parameter Selection for Server-Aided RSA Computation Schemes",
        "organization": null,
        "abstract": NaN,
        "email": null,
        "conf": "IEEE Transactions on Computers",
        "coauthors": [
            "chris j. mitchell"
        ],
        "keywords": "Parameter Selection,"
    }
]