[
    {
        "id": 2479,
        "label": "432",
        "author": "John Hershberger",
        "title": "Multi-attribute Exchange Market: Theory and Experiments",
        "organization": null,
        "abstract": "The Internet has opened opportunities for ecient on-line trading, and researchers have developed algorithms for various auctions, as well as exchanges for standardized commodities; however, they have done little work on exchanges for complex nonstandard goods. We pro- pose a formal model for trading complex goods, present an exchange system that allows traders to describe purchases and sales by multiple",
        "email": null,
        "conf": "Canadian Conference on Artificial Intelligence",
        "coauthors": [
            "eugene fink",
            "josh johnson"
        ],
        "keywords": "Corporate Bonds,Formal Model,"
    },
    {
        "id": 2480,
        "label": "432",
        "author": "John Hershberger",
        "title": "Multi-attribute exchange market: representation and indexing of orders",
        "organization": null,
        "abstract": "We present an automated exchange for trading complex goods, such as used cars, which allows traders to describe desirable purchases and sales by multiple attributes. The developed exchange system supports markets with up to 300,000 orders.",
        "email": null,
        "conf": "ACM Conference on Electronic Commerce",
        "coauthors": [
            "eugene fink",
            "josh johnson"
        ],
        "keywords": "E Commerce,"
    },
    {
        "id": 2481,
        "label": "432",
        "author": "John Hershberger",
        "title": "Multi-attribute exchange market: search for optimal matches",
        "organization": null,
        "abstract": "We describe an exchange system for trad- ing complex goods, such as used cars or nonstandard nancial securities. The system allows traders to repre- sent their buy and sell orders by multiple attributes, pro- vide complex price constraints, and specify preferences among acceptable trades. We describe a technique for fast identication of most preferable matches between buy and sell orders,",
        "email": null,
        "conf": "IEEE International Conference on Systems, Man, and Cybernetics",
        "coauthors": [
            "eugene fink",
            "jianli gong"
        ],
        "keywords": "E Commerce,Indexing and Retrieval,"
    }
]