[
    {
        "id": 2827,
        "label": "468",
        "author": "Jun Zhang",
        "title": "Algorithms and Software for Collaborative Discovery from Autonomous, Semantically Heterogeneous, Distributed Information Sources",
        "organization": null,
        "abstract": "Development of high throughput data acquisition technolo- gies, together with advances in computing, and communications have resulted in an explosive growth in the number, size, and diversity of potentially useful information sources. This has resulted in unprece- dented opportunities in data-driven knowledge acquisition and decision- making in a number of emerging increasingly data-rich application domains such as bioinformatics, environmental informatics,",
        "email": null,
        "conf": "Algorithmic Learning Theory",
        "coauthors": [
            "doina caragea",
            "jie bao",
            "jyotishman pathak",
            "vasant honavar"
        ],
        "keywords": "Data Acquisition,Decision Making,Distributed Data,Information Sources,Knowledge Acquisition,Open Source Software,Performance Guarantee,Point of View,Semantic Heterogeneity,Social Informatics,Context Dependent,High Throughput,"
    },
    {
        "id": 2828,
        "label": "468",
        "author": "Jun Zhang",
        "title": "Learning Classifiers from Distributed, Ontology-Extended Data Sources",
        "organization": null,
        "abstract": "There is an urgent need for sound approaches to integrative and col- laborative analysis of large, autonomous (and hence, inevitably semantically het- erogeneous) data sources in several increasingly data-rich application domains. In this paper, we precisely formulate and solve the problem of learning classifiers from such data sources, in a setting where each data source has a hierarchical ontology associated",
        "email": null,
        "conf": "Data Warehousing and Knowledge Discovery",
        "coauthors": [
            "doina caragea",
            "jyotishman pathak",
            "vasant honavar"
        ],
        "keywords": "Distributed Data,Naive Bayes Classifier,Performance Guarantee,Semantic Heterogeneity,bayesian network,Decision Tree,"
    },
    {
        "id": 2829,
        "label": "468",
        "author": "Jun Zhang",
        "title": "Generating AVTs Using GA for Learning Decision Tree Classifiers with Missing Data",
        "organization": null,
        "abstract": NaN,
        "email": null,
        "conf": "Discovery Science",
        "coauthors": [
            "jinu joo",
            "jihoon yang",
            "vasant honavar"
        ],
        "keywords": "Missing Data,Decision Tree Classifier,"
    },
    {
        "id": 2830,
        "label": "468",
        "author": "Jun Zhang",
        "title": "Learning Ontology-Aware Classifiers",
        "organization": null,
        "abstract": "Many practical applications of machine learning in data- driven scientiflc discovery commonly call for the exploration of data from multiple points of view that correspond to explicitly specifled ontolo- gies. This paper formalizes a class of problems of learning from ontology and data, and explores the design space of learning classiflers from at- tribute value taxonomies (AVTs) and data. We",
        "email": null,
        "conf": "Discovery Science",
        "coauthors": [
            "doina caragea",
            "vasant honavar"
        ],
        "keywords": "Compact Representation,Design Space,Machine Learning,Point of View,Decision Tree,"
    },
    {
        "id": 2831,
        "label": "468",
        "author": "Jun Zhang",
        "title": "Generation of Attribute Value Taxonomies from Data for Data-Driven Construction of Accurate and Compact Classifiers",
        "organization": null,
        "abstract": "Attribute Value Taxonomies (AVT) have been shown to be useful in constructing compact, robust, and comprehen- sible classifiers. However, in many application domains, human-designed AVTs are unavailable. We introduce AVT- Learner, an algorithm for automated construction of at- tribute value taxonomies from data. AVT-Learner uses Hi- erarchical Agglomerative Clustering (HAC) to cluster at- tribute values based on the distribution of",
        "email": null,
        "conf": "IEEE International Conference on Data Mining",
        "coauthors": [
            "dae-ki kang",
            "adrian silvescu",
            "vasant honavar"
        ],
        "keywords": "Classification Accuracy,Naive Bayes,"
    },
    {
        "id": 2832,
        "label": "468",
        "author": "Jun Zhang",
        "title": "Learning from Attribute Value Taxonomies and Partially Specified Instances",
        "organization": null,
        "abstract": NaN,
        "email": null,
        "conf": "International Conference on Machine Learning",
        "coauthors": [
            "vasant honavar"
        ],
        "keywords": null
    },
    {
        "id": 2833,
        "label": "468",
        "author": "Jun Zhang",
        "title": "Multinomial Event Model Based Abstraction for Sequence and Text Classification",
        "organization": null,
        "abstract": "In many machine learning applications that deal with se- quences, there is a need for learning algorithms that can effectively utilize the hierarchical grouping of words. We introduce Word Taxonomy guided Naive Bayes Learner for the Multinomial Event Model (WTNBL-MN) that exploits word taxonomy to generate compact classifiers, and Word Taxonomy Learner (WTL) for automated construction of word taxon- omy",
        "email": null,
        "conf": "Symposium on Abstraction, Reformulation and Approximation",
        "coauthors": [
            "dae-ki kang",
            "adrian silvescu",
            "vasant honavar"
        ],
        "keywords": "Hierarchical Agglomerative Clustering,Learning Algorithm,Machine Learning,Naive Bayes,Naive Bayes Classifier,Text Classification,"
    },
    {
        "id": 2834,
        "label": "468",
        "author": "Jun Zhang",
        "title": "Learning Classifiers Using Hierarchically Structured Class Taxonomies",
        "organization": null,
        "abstract": "We consider classiflcation problems in which the class labels are organized into an abstraction hierarchy in the form of a class taxon- omy. We deflne a structured label classiflcation problem. We explore two approaches for learning classiflers in such a setting. We also develop a class of performance measures for evaluating the resulting classiflers. We present preliminary results that demonstrate",
        "email": null,
        "conf": "Symposium on Abstraction, Reformulation and Approximation",
        "coauthors": [
            "feihong wu",
            "vasant honavar"
        ],
        "keywords": "Hierarchical Structure,Performance Measure,Abstraction Hierarchy,"
    },
    {
        "id": 2835,
        "label": "468",
        "author": "Jun Zhang",
        "title": "Ontology-Driven Induction of Decision Trees at Multiple Levels of Abstraction",
        "organization": null,
        "abstract": "Most learning algorithms for data-driven induction of pat- tern classifiers (e.g., the decision tree algorithm), typically represent in- put patterns at a single level of abstraction - usually in the form of an ordered tuple of attribute values. However, in many applications of in- ductive learning - e.g., scientific discovery, users often need to explore a data set at multiple",
        "email": null,
        "conf": "Symposium on Abstraction, Reformulation and Approximation",
        "coauthors": [
            "adrian silvescu",
            "vasant honavar"
        ],
        "keywords": "Classification Rules,Decision Tree Learning,Inductive Learning,Learning Algorithm,Levels of Abstraction,Point of View,Scientific Discovery,Decision Tree,"
    }
]