[
    {
        "id": 2908,
        "label": "479",
        "author": "Kai Zhao",
        "title": "A UI Design Case Study and a Prototype of a Travel Search Engine",
        "organization": null,
        "abstract": "We review a case study of a UI design project for a complete travel search",
        "email": null,
        "conf": NaN,
        "coauthors": [
            "serguei a. mokhov",
            "mashrur mia",
            "petr solodov",
            "jihed halimi"
        ],
        "keywords": null
    }
]