[
    {
        "id": 2966,
        "label": "485",
        "author": "Kaushik Roy",
        "title": "Improving Features Subset Selection Using Genetic Algorithms for Iris Recognition",
        "organization": null,
        "abstract": NaN,
        "email": null,
        "conf": "Artificial Neural Networks in Pattern Recognition",
        "coauthors": [
            "prabir bhattacharya"
        ],
        "keywords": "Feature Subset Selection,Iris Recognition,"
    },
    {
        "id": 2967,
        "label": "485",
        "author": "Kaushik Roy",
        "title": "Iris Recognition with Support Vector Machines",
        "organization": null,
        "abstract": NaN,
        "email": null,
        "conf": "International Conference on Biometrics",
        "coauthors": [
            "prabir bhattacharya"
        ],
        "keywords": "Iris Recognition,Support Vector Machine,"
    },
    {
        "id": 2968,
        "label": "485",
        "author": "Kaushik Roy",
        "title": "Collarette Area Localization and Asymmetrical Support Vector Machines for Efficient Iris Recognition",
        "organization": null,
        "abstract": NaN,
        "email": null,
        "conf": "International Conference on Image Analysis and Processing",
        "coauthors": [
            "prabir bhattacharya"
        ],
        "keywords": "Iris Recognition,Support Vector Machine,"
    },
    {
        "id": 2969,
        "label": "485",
        "author": "Kaushik Roy",
        "title": "Iris Recognition Based on Zigzag Collarette Region and Asymmetrical Support Vector Machines",
        "organization": null,
        "abstract": NaN,
        "email": null,
        "conf": "International Conference on Image Analysis and Recognition",
        "coauthors": [
            "prabir bhattacharya"
        ],
        "keywords": "Iris Recognition,Support Vector Machine,"
    },
    {
        "id": 2970,
        "label": "485",
        "author": "Kaushik Roy",
        "title": "Optimal Features Subset Selection Using Genetic Algorithms for Iris Recognition",
        "organization": null,
        "abstract": NaN,
        "email": null,
        "conf": "International Conference on Image Analysis and Recognition",
        "coauthors": [
            "prabir bhattacharya"
        ],
        "keywords": "Feature Subset Selection,Iris Recognition,"
    },
    {
        "id": 2971,
        "label": "485",
        "author": "Kaushik Roy",
        "title": "Level Set Approaches and Adaptive Asymmetrical SVMs Applied for Nonideal Iris Recognition",
        "organization": null,
        "abstract": NaN,
        "email": null,
        "conf": "International Conference on Image Analysis and Recognition",
        "coauthors": [
            "prabir bhattacharya"
        ],
        "keywords": "Iris Recognition,level-set approach,"
    },
    {
        "id": 2972,
        "label": "485",
        "author": "Kaushik Roy",
        "title": "Unideal Iris Segmentation Using Region-Based Active Contour Model",
        "organization": null,
        "abstract": NaN,
        "email": null,
        "conf": "International Conference on Image Analysis and Recognition",
        "coauthors": [
            "prabir bhattacharya",
            "ching y. suen"
        ],
        "keywords": "Active Contour Model,"
    },
    {
        "id": 2973,
        "label": "485",
        "author": "Kaushik Roy",
        "title": "Adaptive asymmetrical SVM and genetic algorithms based iris recognition",
        "organization": null,
        "abstract": NaN,
        "email": null,
        "conf": "International Conference on Pattern Recognition",
        "coauthors": [
            "prabir bhattacharya"
        ],
        "keywords": "Genetic Algorithm,Iris Recognition,"
    },
    {
        "id": 2974,
        "label": "485",
        "author": "Kaushik Roy",
        "title": "Segmentation of Unideal Iris Images Using Game Theory",
        "organization": null,
        "abstract": NaN,
        "email": null,
        "conf": "International Conference on Pattern Recognition",
        "coauthors": [
            "ching y. suen",
            "prabir bhattacharya"
        ],
        "keywords": "Game Theory,"
    },
    {
        "id": 2975,
        "label": "485",
        "author": "Kaushik Roy",
        "title": "Nonideal Iris Recognition Using Level Set Approach and Coalitional Game Theory",
        "organization": null,
        "abstract": NaN,
        "email": null,
        "conf": "International Conference on Computer Vision Systems",
        "coauthors": [
            "prabir bhattacharya"
        ],
        "keywords": "coalitional games,Iris Recognition,level-set approach,"
    },
    {
        "id": 2976,
        "label": "485",
        "author": "Kaushik Roy",
        "title": "Iris Recognition in Nonideal Situations",
        "organization": null,
        "abstract": NaN,
        "email": null,
        "conf": "Information Security Conference/Information Security Workshop",
        "coauthors": [
            "prabir bhattacharya"
        ],
        "keywords": "Iris Recognition,"
    },
    {
        "id": 2977,
        "label": "485",
        "author": "Kaushik Roy",
        "title": "Application of Multi-objective Genetic Algorithm and asymmetrical Support Vector Machine to improve the reliability of an iris recognition system",
        "organization": null,
        "abstract": NaN,
        "email": null,
        "conf": "IEEE International Conference on Systems, Man, and Cybernetics",
        "coauthors": [
            "prabir bhattacharya"
        ],
        "keywords": "Iris Recognition,Multi Objective Genetic Algorithm,Support Vector Machine,"
    }
]