[
    {
        "id": 2981,
        "label": "487",
        "author": "Ke Chen",
        "title": "Speaker Modeling with Various Speech Representations",
        "organization": null,
        "abstract": NaN,
        "email": null,
        "conf": "International Conference on Biometric Authentication",
        "coauthors": [],
        "keywords": null
    },
    {
        "id": 2982,
        "label": "487",
        "author": "Ke Chen",
        "title": "Boosting Input/Output Hidden Markov Models for Sequence Classification",
        "organization": null,
        "abstract": NaN,
        "email": null,
        "conf": "International Conference on Natural Computation",
        "coauthors": [],
        "keywords": "Hidden Markov Model,Input Output,"
    },
    {
        "id": 2983,
        "label": "487",
        "author": "Ke Chen",
        "title": "Personalized News Reading via Hybrid Learning",
        "organization": null,
        "abstract": NaN,
        "email": null,
        "conf": "Intelligent Data Engineering and Automated Learning",
        "coauthors": [
            "sunny yeung"
        ],
        "keywords": "Hybrid Learning,"
    },
    {
        "id": 2984,
        "label": "487",
        "author": "Ke Chen",
        "title": "A model-directed image understanding system for computer vision",
        "organization": null,
        "abstract": "An important research topic in AI is the discovery of constraints. As constraints. In this paper, we present a model-directed image understanding prototype to support computer vision, which can recover constraints of an image by means of the spatial relation and spatial reasoning. according to a model. In the prototype, an object is viewed as an arrangement of two types",
        "email": null,
        "conf": "Industrial and Engineering Applications of Artificial Intelligence and Expert Systems",
        "coauthors": [
            "huasheng chen"
        ],
        "keywords": "Computer Vision,Image Understanding,Knowledge Base,Knowledge Representation,Spatial Reasoning,Spatial Relation,Top Down,"
    },
    {
        "id": 2985,
        "label": "487",
        "author": "Ke Chen",
        "title": "Ensemble Learning with Active Data Selection for Semi-Supervised Pattern Classification",
        "organization": null,
        "abstract": NaN,
        "email": null,
        "conf": "IJCNN",
        "coauthors": [
            "shihai wang"
        ],
        "keywords": "Ensemble Learning,Pattern Classification,"
    },
    {
        "id": 2986,
        "label": "487",
        "author": "Ke Chen",
        "title": "Capture Inter-Speaker Information with a Neural Network for Speaker Identification",
        "organization": null,
        "abstract": NaN,
        "email": null,
        "conf": "IJCNN",
        "coauthors": [
            "lan wang",
            "huisheng chi"
        ],
        "keywords": "Speaker Identification,Neural Network,"
    },
    {
        "id": 2987,
        "label": "487",
        "author": "Ke Chen",
        "title": "An Ensemble of Competitive Learning Networks with Different Representations for Temporal Data Clustering",
        "organization": null,
        "abstract": NaN,
        "email": null,
        "conf": "IJCNN",
        "coauthors": [
            "yun yang"
        ],
        "keywords": "Competitive Learning,Temporal Data,"
    },
    {
        "id": 2988,
        "label": "487",
        "author": "Ke Chen",
        "title": "Universal Background Models for Real-time Speaker Change Detection",
        "organization": null,
        "abstract": "This paper addresses the problem of real-time speaker change detection in TV news broadcast, in which no prior knowledge on speakers is assumed. To enhance the effect of the reliable frames in a speech stream, we propose a new approach to feature categorization based on Gaussian Mixture Model - Universal Background Model (GMM-UBM). The feature vectors are categorized into three",
        "email": null,
        "conf": "Multimedia Modeling",
        "coauthors": [
            "ting-yao wu",
            "lie lu",
            "hongjiang zhang"
        ],
        "keywords": "Change Detection,Distance Measure,Feature Vector,Gaussian Mixture Model,Prior Knowledge,Real Time,Universal Background Model,"
    },
    {
        "id": 2989,
        "label": "487",
        "author": "Ke Chen",
        "title": "Regularized Boost for Semi-Supervised Learning",
        "organization": null,
        "abstract": "Semi-supervised inductive learning concerns how to learn a decision rule from a data set containing both labeled and unlabeled data. Several boosting algorithms have been extended to semi-supervised learning with various strategies. To our knowledge, however, none of them takes local smoothness constraints among data into account during ensemble learning. In this paper, we introduce a local smooth- ness regularizer",
        "email": null,
        "conf": "Neural Information Processing Systems",
        "coauthors": [
            "shihai wang"
        ],
        "keywords": "Cost Function,Decision Rule,Ensemble Learning,Inductive Learning,Semi Supervised Learning,Unlabeled Data,"
    },
    {
        "id": 2990,
        "label": "487",
        "author": "Ke Chen",
        "title": "Perceiving without Learning: From Spirals to Inside/Outside Relations",
        "organization": null,
        "abstract": NaN,
        "email": null,
        "conf": "Neural Information Processing Systems",
        "coauthors": [
            "deliang l. wang"
        ],
        "keywords": "General Solution,Human Performance,Time Delay,Neural Network,"
    },
    {
        "id": 2991,
        "label": "487",
        "author": "Ke Chen",
        "title": "A Modular Neural Network Architecture for Pattern Classification Based on Different Feature Sets",
        "organization": null,
        "abstract": "We propose a novel connectionist method for the use of dierent feature sets in pattern classication. Unlike traditional methods, e.g., combination of multiple classiers and use of a composite feature set, our method copes with the problem based on an idea of soft competition on dierent feature sets developed in our earlier work. An alternative modular neural network architecture is",
        "email": null,
        "conf": "International Journal of Neural Systems",
        "coauthors": [
            "huisheng chi"
        ],
        "keywords": "Em Algorithm,Model Selection,Nite Mixture Models,Parameter Estimation,Pattern Classification,Maximum Likelihood,Modular Neural Network,"
    },
    {
        "id": 2992,
        "label": "487",
        "author": "Ke Chen",
        "title": "A method of combining multiple probabilistic classifiers through soft competition on different feature sets",
        "organization": null,
        "abstract": "A novel method is proposed for combining multiple probabilistic classifiers on di⁄erent feature sets. In order to achieve the improved classification performance, a generalized finite mixture model is proposed as a linear combination scheme and implemented based on radial basis function networks. In the linear combination scheme, soft competition on di⁄erent feature sets is adopted as an automatic feature rank",
        "email": null,
        "conf": "Neurocomputing",
        "coauthors": [
            "huisheng chi"
        ],
        "keywords": "Combination of Multiple Classifiers,Em Algorithm,Expectation Maximization,Finite Mixture Model,Learning Algorithm,Radial Basis Function Network,Speaker Identification,"
    },
    {
        "id": 2993,
        "label": "487",
        "author": "Ke Chen",
        "title": "A self-generating modular neural network architecture for supervised learning",
        "organization": null,
        "abstract": NaN,
        "email": null,
        "conf": "Neurocomputing",
        "coauthors": [
            "liping yang",
            "xiang yu",
            "huisheng chi"
        ],
        "keywords": "Supervised Learning,Modular Neural Network,"
    },
    {
        "id": 2994,
        "label": "487",
        "author": "Ke Chen",
        "title": "Methods of Combining Multiple Classifiers with Different Features and Their Applications to Text-Independent Speaker Identification",
        "organization": null,
        "abstract": "In practical applications of pattern recognition, there are often different features extracted from raw data which needs recognizing. Methods of combining multiple classifiers with different features are viewed as a general problem in various application areas of pattern recognition. In this paper, a systematic inves- tigation has been made and possible solutions are classified into three frameworks, i.e. linear opinion",
        "email": null,
        "conf": "International Journal of Pattern Recognition and Artificial Intelligence",
        "coauthors": [
            "lan wang",
            "huisheng chi"
        ],
        "keywords": "Combination of Multiple Classifiers,Em Algorithm,Evidential Reasoning,Feature Extraction,Multiple Classifiers,Pattern Recognition,Speaker Identification,Training Algorithm,Winner Take All,Maximum Likelihood,"
    },
    {
        "id": 2995,
        "label": "487",
        "author": "Ke Chen",
        "title": "Combining Linear Discriminant Functions with Neural Networks for Supervised Learning",
        "organization": null,
        "abstract": " A novel supervised learning method is presented by combining linear discriminant functionswith neural networks. The proposed method results in a tree-structured hybrid architecture. Dueto constructive learning, the binary tree hierarchical architecture is automatically generated by acontrolled growing process for a specific supervised learning task. Unlike the classic decision tree,the linear discriminant functions are merely employed in the intermediate level of",
        "email": null,
        "conf": "Neural Computing and Applications",
        "coauthors": [
            "xiang yu",
            "huisheng chi"
        ],
        "keywords": "Automatic Generation,Binary Tree,Hybrid Architecture,Supervised Learning,Tree Structure,Decision Tree,Linear Discriminant Function,Neural Network,"
    },
    {
        "id": 2996,
        "label": "487",
        "author": "Ke Chen",
        "title": "A dynamically coupled neural oscillator network for image segmentation",
        "organization": null,
        "abstract": "We propose a dynamically coupled neural oscillator network for image segmentation. Instead of pair-wise coupling, an ensemble of oscillators coupled in a local region is used for grouping. We introduce a set of neighborhoods to generate dynamical coupling structures associated with a specific oscillator. Based on the proximity and similarity principles, two grouping rules are proposed to explicitly consider the",
        "email": null,
        "conf": "Neural Networks",
        "coauthors": [
            "deliang l. wang"
        ],
        "keywords": "Image Processing,Image Segmentation,Image Simulation,Neural Oscillator,Noise Removal,Oscillations,"
    },
    {
        "id": 2997,
        "label": "487",
        "author": "Ke Chen",
        "title": "Improved learning algorithms for mixture of experts in multiclass classification",
        "organization": null,
        "abstract": " Mixture of experts (ME) is a modular neural network architecture for supervised learning. A double-loop Expectation-Maximization (EM)algorithm has been introduced to the ME architecture for adjusting the parameters and the iteratively reweighted least squares (IRLS)algorithm is used to perform maximization in the inner loop [Jordan, M.I., Jacobs, R.A. (1994). Hierarchical mixture of experts and the EMalgorithm, Neural Computation, 6(2), 181--214].",
        "email": null,
        "conf": "Neural Networks",
        "coauthors": [
            "lei xu",
            "huishen chi"
        ],
        "keywords": "Em Algorithm,Expectation Maximization,iterative reweighted least squares,Learning Algorithm,Mixture of Experts,multiclass classification,Supervised Learning,Hierarchical Mixture of Experts,Modular Neural Network,"
    },
    {
        "id": 2998,
        "label": "487",
        "author": "Ke Chen",
        "title": "Text-Dependent Speaker Identification Based on Input/Output HMMs: An Empirical Study",
        "organization": null,
        "abstract": "In this paper, we explore the Input/Output HMM(IOHMM) architecture for a substantial problem, that of text-dependent speaker identification. For subnetworks modeled wi th generalized linear models, we extend the IRLS algorithm to the M-step of the corresponding EM algorithm. Experimental results show that the improved EM algorithm yields significantly faster traini ng than the original one. In com- parison with",
        "email": null,
        "conf": "Neural Processing Letters",
        "coauthors": [
            "dahong xie",
            "huisheng chi"
        ],
        "keywords": "Dynamic Program,Em Algorithm,Empirical Study,General Linear Model,Multilayer Perceptron,Speaker Identification,Hidden Markov Model,Input Output,"
    },
    {
        "id": 2999,
        "label": "487",
        "author": "Ke Chen",
        "title": "Adaptive Smoothing via Contextual and Local Discontinuities",
        "organization": null,
        "abstract": NaN,
        "email": null,
        "conf": "IEEE Transactions on Pattern Analysis and Machine Intelligence",
        "coauthors": [],
        "keywords": "Adaptive Smoothing,"
    },
    {
        "id": 3000,
        "label": "487",
        "author": "Ke Chen",
        "title": "Erratum to \"Adaptive Smoothing via Contextual and Local Discontinuities",
        "organization": null,
        "abstract": NaN,
        "email": null,
        "conf": "IEEE Transactions on Pattern Analysis and Machine Intelligence",
        "coauthors": [],
        "keywords": "Adaptive Smoothing,"
    },
    {
        "id": 3001,
        "label": "487",
        "author": "Ke Chen",
        "title": "Towards better making a decision in speaker verification",
        "organization": null,
        "abstract": NaN,
        "email": null,
        "conf": "Pattern Recognition",
        "coauthors": [],
        "keywords": "Speaker Verification,"
    },
    {
        "id": 3002,
        "label": "487",
        "author": "Ke Chen",
        "title": "A connectionist method for pattern classification with diverse features",
        "organization": null,
        "abstract": "A novel connectionist method is proposed to simultaneously use diverse features in an optimal way for pattern classification. Unlike methods of combining multiple classifiers, a modular neural network architecture is proposed through use of soft competition among diverse features. Parameter estimation in the proposed architecture is treated as a maximum . likelihood problem, and an Expectation-Maximization EM learning algorithm is",
        "email": null,
        "conf": "Pattern Recognition Letters",
        "coauthors": [],
        "keywords": "Em Algorithm,Expectation Maximization,Learning Algorithm,Mixture of Experts,Multiple Classifiers,Parameter Estimation,Pattern Classification,Speaker Identification,Maximum Likelihood,Modular Neural Network,"
    },
    {
        "id": 3003,
        "label": "487",
        "author": "Ke Chen",
        "title": "On the use of nearest feature line for speaker identification",
        "organization": null,
        "abstract": "Abstract Asa new  pattern  classification  method,  Nearest  Feature  Line  (NFL)  provides  an  effective wayto tackle the sort of patternrecognition problems where onlylim ited data are",
        "email": null,
        "conf": "Pattern Recognition Letters",
        "coauthors": [
            "ting-yao wu",
            "hongjiang zhang"
        ],
        "keywords": "Pattern Classification,Speaker Identification,Nearest Feature Line,"
    },
    {
        "id": 3004,
        "label": "487",
        "author": "Ke Chen",
        "title": "On the use of different speech representations for speaker modeling",
        "organization": null,
        "abstract": NaN,
        "email": null,
        "conf": "IEEE Transactions on Systems, Man, and Cybernetics",
        "coauthors": [],
        "keywords": null
    },
    {
        "id": 3005,
        "label": "487",
        "author": "Ke Chen",
        "title": "Combining Competitive Learning Networks of Various Representations for Sequential Data Clustering",
        "organization": null,
        "abstract": "Sequential data clustering provides useful techniques for condensing and summarizing information conveyed in sequential data, which is demanded in various fields ranging from time series analysis to video clip understanding. In this chapter, we propose a novel approach to sequential data clustering by combining multiple competitive learning networks incorporated by various representations of sequential data and thus the clustering will",
        "email": null,
        "conf": NaN,
        "coauthors": [
            "yun yang"
        ],
        "keywords": "Cluster Analysis,Competitive Learning,Data Clustering,Data Representation,Ensemble Learning,Feature Space,Model Selection,Number of Clusters,Time Series,Time Series Analysis,Rival Penalized Competitive Learning,"
    },
    {
        "id": 3006,
        "label": "488",
        "author": "Ke Chen",
        "title": "Efficient parallelization of the iterative solution of a coupled fluid-structure interaction problem",
        "organization": null,
        "abstract": NaN,
        "email": null,
        "conf": "Concurrency and Computation: Practice and Experience",
        "coauthors": [
            "martyn d. hughes"
        ],
        "keywords": "Fluid Structure Interaction,Iterative Solution,"
    },
    {
        "id": 3007,
        "label": "488",
        "author": "Ke Chen",
        "title": "On Efficient Methods for Detecting Hopf bifurcation with Applications to Power System Instability Prediction",
        "organization": null,
        "abstract": NaN,
        "email": null,
        "conf": "International Journal of Bifurcation and Chaos",
        "coauthors": [
            "a. hussein"
        ],
        "keywords": "hopf bifurcation,Power System,"
    },
    {
        "id": 3008,
        "label": "488",
        "author": "Ke Chen",
        "title": "On Adapting Test Function Methods for Fast Detection of fold bifurcations in Power Systems",
        "organization": null,
        "abstract": NaN,
        "email": null,
        "conf": "International Journal of Bifurcation and Chaos",
        "coauthors": [
            "a. hussein",
            "haibin wan"
        ],
        "keywords": "Adaptive Testing,Power System,"
    },
    {
        "id": 3009,
        "label": "488",
        "author": "Ke Chen",
        "title": "Preconditioning and convergence in the right norm",
        "organization": null,
        "abstract": NaN,
        "email": null,
        "conf": "International Journal of Computer Mathematics",
        "coauthors": [
            "raymond h. chan"
        ],
        "keywords": null
    },
    {
        "id": 3010,
        "label": "488",
        "author": "Ke Chen",
        "title": "Fast iterative and preconditioning methods for linear and non-linear systems",
        "organization": null,
        "abstract": NaN,
        "email": null,
        "conf": "International Journal of Computer Mathematics",
        "coauthors": [],
        "keywords": "Non Linear System,"
    },
    {
        "id": 3011,
        "label": "488",
        "author": "Ke Chen",
        "title": "On a Recursive Schur Preconditioner for Iterative Solution of a Class of Dense Matrix Problems",
        "organization": null,
        "abstract": NaN,
        "email": null,
        "conf": "International Journal of Computer Mathematics",
        "coauthors": [
            "judith m. ford",
            "david j. evans"
        ],
        "keywords": "Iterative Solution,"
    },
    {
        "id": 3012,
        "label": "488",
        "author": "Ke Chen",
        "title": "New wavelet preconditioner for solving boundary integral equations over nonsmooth boundaries",
        "organization": null,
        "abstract": NaN,
        "email": null,
        "conf": "International Journal of Computer Mathematics",
        "coauthors": [
            "stuart c. hawkins"
        ],
        "keywords": "Boundary Integral Equation,"
    },
    {
        "id": 3013,
        "label": "488",
        "author": "Ke Chen",
        "title": "An efficient preconditioned iterative solver for solving a coupled fluid structure interaction problem",
        "organization": null,
        "abstract": NaN,
        "email": null,
        "conf": "International Journal of Computer Mathematics",
        "coauthors": [
            "martyn d. hughes"
        ],
        "keywords": "Fluid Structure Interaction,Iterative Solver,"
    },
    {
        "id": 3014,
        "label": "488",
        "author": "Ke Chen",
        "title": "An improved and accelerated non-linear multigrid method for total-variation denoising",
        "organization": null,
        "abstract": NaN,
        "email": null,
        "conf": "International Journal of Computer Mathematics",
        "coauthors": [
            "joseph savage"
        ],
        "keywords": "Multigrid Method,Total Variation,"
    },
    {
        "id": 3015,
        "label": "488",
        "author": "Ke Chen",
        "title": "A Nonlinear Multigrid Method for Total Variation Minimization from Image Restoration",
        "organization": null,
        "abstract": "Image restoration has been an active research topic and variational formulations are particularly effective in high quality recovery. Although there exist many modelling and theoretical results, available iterative solvers are not yet robust in solving such modeling equations. Recent attempts on developing optimisation multigrid methods have been based on first order conditions. Different from this idea, this paper proposes to",
        "email": null,
        "conf": "Journal of Scientific Computing",
        "coauthors": [
            "xue-cheng tai"
        ],
        "keywords": "Image Restoration,Iterative Solver,Multigrid Method,Multilevel Method,piecewise linear,primal-dual method,Total Variation,Total Variation Minimization,Variational Formulation,First Order,"
    },
    {
        "id": 3016,
        "label": "488",
        "author": "Ke Chen",
        "title": "Flexible parallelization of fast wavelet transforms",
        "organization": null,
        "abstract": NaN,
        "email": null,
        "conf": "Parallel Algorithms and Applications",
        "coauthors": [
            "judith m. ford",
            "neville j. ford"
        ],
        "keywords": "Fast Wavelet Transform,"
    },
    {
        "id": 3017,
        "label": "488",
        "author": "Ke Chen",
        "title": "Parallel algorithms of the Purcell method for direct solution of linear systems",
        "organization": null,
        "abstract": NaN,
        "email": null,
        "conf": "Parallel Computing",
        "coauthors": [
            "choi h. lai"
        ],
        "keywords": "Linear System,Parallel Algorithm,"
    },
    {
        "id": 3018,
        "label": "488",
        "author": "Ke Chen",
        "title": "Multigrid Algorithm for High Order Denoising",
        "organization": null,
        "abstract": NaN,
        "email": null,
        "conf": NaN,
        "coauthors": [
            "carlos brito-loeza"
        ],
        "keywords": null
    },
    {
        "id": 3019,
        "label": "488",
        "author": "Ke Chen",
        "title": "Fast Multilevel Algorithm for a Minimization Problem in Impulse Noise Removal",
        "organization": null,
        "abstract": "An efiective 2-phase method for removing impulse noise was recently proposed. Its phase 1 identifles noisy pixel candidates by using median-type fllters. Then in phase 2, it restores only the noisy pixel candidates by some variational methods. The resulting method can handle salt-and-pepper noise and random-valued impulse noise of noise level as high as 90% and 60% respectively. The aim",
        "email": null,
        "conf": "Siam Journal on Scientific Computing",
        "coauthors": [
            "raymond h. chan"
        ],
        "keywords": "Conjugate Gradient Method,Image Restoration,Impulse Noise,Multilevel Algorithm,Multilevel Method,Newton Method,Numerical Experiment,Optimal Method,Pepper,Variational Method,"
    },
    {
        "id": 3020,
        "label": "488",
        "author": "Ke Chen",
        "title": "A Multilevel Algorithm for Simultaneously Denoising and Deblurring Images",
        "organization": null,
        "abstract": NaN,
        "email": null,
        "conf": "Siam Journal on Scientific Computing",
        "coauthors": [
            "raymond h. chan"
        ],
        "keywords": "Multilevel Algorithm,"
    },
    {
        "id": 3021,
        "label": "488",
        "author": "Ke Chen",
        "title": "An Implicit Wavelet Sparse Approximate Inverse Preconditioner",
        "organization": null,
        "abstract": NaN,
        "email": null,
        "conf": "Siam Journal on Scientific Computing",
        "coauthors": [
            "stuart c. hawkins"
        ],
        "keywords": "Sparse Approximate Inverse,"
    },
    {
        "id": 3022,
        "label": "488",
        "author": "Ke Chen",
        "title": "On Two Multigrid Algorithms for Modeling Variational Multiphase Image Segmentation",
        "organization": null,
        "abstract": NaN,
        "email": null,
        "conf": "IEEE Transactions on Image Processing",
        "coauthors": [
            "n. badshah"
        ],
        "keywords": "Image Segmentation,"
    },
    {
        "id": 3023,
        "label": "488",
        "author": "Ke Chen",
        "title": "On High-Order Denoising Models and Fast Algorithms for Vector-Valued Images",
        "organization": null,
        "abstract": NaN,
        "email": null,
        "conf": "IEEE Transactions on Image Processing",
        "coauthors": [
            "carlos brito-loeza"
        ],
        "keywords": "Fast Algorithm,"
    },
    {
        "id": 3024,
        "label": "489",
        "author": "Ke Chen",
        "title": "Optimization of the Sliding Window Size for Protein Structure Prediction",
        "organization": null,
        "abstract": NaN,
        "email": null,
        "conf": "Symposium on Computational Intelligence in Bioinformatics and Computational Biology",
        "coauthors": [
            "lukasz a. kurgan",
            "jishou ruan"
        ],
        "keywords": "Protein Structure Prediction,Sliding Window,"
    },
    {
        "id": 3025,
        "label": "489",
        "author": "Ke Chen",
        "title": "Prediction of the Number of Helices for the Twilight Zone Proteins",
        "organization": null,
        "abstract": NaN,
        "email": null,
        "conf": "Symposium on Computational Intelligence in Bioinformatics and Computational Biology",
        "coauthors": [
            "kanaka durga kedarisetti",
            "aashima kapoor",
            "lukasz a. kurgan"
        ],
        "keywords": null
    },
    {
        "id": 3026,
        "label": "489",
        "author": "Ke Chen",
        "title": "HuMiTar: A sequence-based method for prediction of human microRNA targets",
        "organization": null,
        "abstract": "BACKGROUND: MicroRNAs (miRs) are small noncoding RNAs that bind to complementary/partially complementary sites in the 3' untranslated regions of target genes to regulate protein production of the target transcript and to induce mRNA degradation or mRNA cleavage. The ability to perform accurate, high-throughput identification of physiologically active miR targets would enable functional characterization of individual miRs. Current target prediction methods",
        "email": null,
        "conf": "Algorithms for Molecular Biology",
        "coauthors": [
            "jishou ruan",
            "hanzhe chen",
            "lukasz a. kurgan",
            "chunsheng kang",
            "peiyu pu"
        ],
        "keywords": "Computational Complexity,Computational Method,Experimental Validation,False Positive,Gene Regulation,Machine Learning,microrna,noncoding rna,Prediction Method,Roc Analysis,Score Function,Signal To Noise Ratio,Species Conservation,untranslated region,Base Pair,False Positive Rate,High Throughput,Nucleotides,True Positive,"
    },
    {
        "id": 3027,
        "label": "489",
        "author": "Ke Chen",
        "title": "PFRES: protein fold classification by using evolutionary information and predicted secondary structure",
        "organization": null,
        "abstract": "Motivation: The number of protein families has been estimated to be as small as 1000. Recent study shows that the growth in discovery of novel structures that are deposited into PDB and the related rate of increase of SCOP categories are slowing down. This indicates that the protein structure space will be soon covered and thus we may be able",
        "email": null,
        "conf": "Bioinformatics/computer Applications in The Biosciences",
        "coauthors": [
            "lukasz a. kurgan"
        ],
        "keywords": "Base Composition,Information Extraction,Protein Family,Protein Folding,Protein Structure,Secondary Structure,Secondary Structure Prediction,Sequence Similarity,Structural Similarity,Structure Prediction,"
    },
    {
        "id": 3028,
        "label": "489",
        "author": "Ke Chen",
        "title": "Accurate sequence-based prediction of catalytic residues",
        "organization": null,
        "abstract": NaN,
        "email": null,
        "conf": "Bioinformatics/computer Applications in The Biosciences",
        "coauthors": [
            "tuo zhang",
            "hua zhang",
            "shiyi shen",
            "jishou ruan",
            "lukasz a. kurgan"
        ],
        "keywords": null
    },
    {
        "id": 3029,
        "label": "489",
        "author": "Ke Chen",
        "title": "SCPRED: Accurate prediction of protein structural class for sequences of twilight-zone similarity with predicting sequences",
        "organization": null,
        "abstract": "BACKGROUND: Protein structure prediction methods provide accurate results when a homologous protein is predicted, while poorer predictions are obtained in the absence of homologous templates. However, some protein chains that share twilight-zone pairwise identity can form similar folds and thus determining structural similarity without the sequence similarity would be desirable for the structure prediction. The folding type of a protein",
        "email": null,
        "conf": "BMC Bioinformatics",
        "coauthors": [
            "lukasz a. kurgan",
            "krzysztof j. cios"
        ],
        "keywords": "Ensemble of Classifiers,Indexation,Information Extraction,Logistic Regression,Physicochemical Properties,Prediction Accuracy,Prediction Method,Protein Structure,Protein Structure Prediction,Secondary Structure,Secondary Structure Prediction,Sequence Similarity,Structural Similarity,Structure Prediction,Support Vector Machine,"
    },
    {
        "id": 3030,
        "label": "489",
        "author": "Ke Chen",
        "title": "Sequence based residue depth prediction using evolutionary information and predicted secondary structure",
        "organization": null,
        "abstract": "BACKGROUND: Residue depth allows determining how deeply a given residue is buried, in contrast to the solvent accessibility that differentiates between buried and solvent-exposed residues. When compared with the solvent accessibility, the depth allows studying deep-level structures and functional sites, and formation of the protein folding nucleus. Accurate prediction of residue depth would provide valuable information for fold recognition, prediction",
        "email": null,
        "conf": "BMC Bioinformatics",
        "coauthors": [
            "hua zhang",
            "tuo zhang",
            "shiyi shen",
            "jishou ruan",
            "lukasz a. kurgan"
        ],
        "keywords": "Cross Validation,Fold Recognition,Information Extraction,Protein Design,Protein Folding,Protein Sequence,Secondary Structure,Secondary Structure Prediction,Solvent Accessibility,Structure and Function,Uniform Distribution,Amino Acid,Detection Rate,Mean Absolute Error,Relative Error,"
    },
    {
        "id": 3031,
        "label": "489",
        "author": "Ke Chen",
        "title": "Prediction of integral membrane protein type by collocated hydrophobic amino acid pairs",
        "organization": null,
        "abstract": NaN,
        "email": null,
        "conf": "Journal of Computational Chemistry",
        "coauthors": [
            "yingfu jiang",
            "li du",
            "lukasz a. kurgan"
        ],
        "keywords": "Membrane Protein,Amino Acid,"
    },
    {
        "id": 3032,
        "label": "489",
        "author": "Ke Chen",
        "title": "Prediction of protein structural class using novel evolutionary collocation-based sequence representation",
        "organization": null,
        "abstract": "Knowledge of structural classes is useful in understanding of folding patterns in proteins. Although existing structural class prediction methods applied virtually all state-of-the-art classifiers, many of them use a rela- tively simple protein sequence representation that often includes amino acid (AA) composition. To this end, we pro- pose a novel sequence representation that incorporates evolutionary information encoded using PSI-BLAST profile-",
        "email": null,
        "conf": "Journal of Computational Chemistry",
        "coauthors": [
            "lukasz a. kurgan",
            "jishou ruan"
        ],
        "keywords": "Domain Structure,Prediction Accuracy,Prediction Method,Protein Sequence,Protein Structure,Support Vector Machine,Amino Acid,Error Rate,"
    },
    {
        "id": 3033,
        "label": "489",
        "author": "Ke Chen",
        "title": "Hbm infty Fuzzy Filtering of Nonlinear Systems With Intermittent Measurements",
        "organization": null,
        "abstract": NaN,
        "email": null,
        "conf": "IEEE Transactions on Fuzzy Systems",
        "coauthors": [
            "huijun gao",
            "yan zhao",
            "james lam"
        ],
        "keywords": "Nonlinear System,"
    },
    {
        "id": 3034,
        "label": "489",
        "author": "Ke Chen",
        "title": "New Delay-Dependent Exponential Stability for Neural Networks With Time Delay",
        "organization": null,
        "abstract": NaN,
        "email": null,
        "conf": "IEEE Transactions on Systems, Man, and Cybernetics",
        "coauthors": [
            "shaoshuai mou",
            "huijun gao",
            "wenyi qiang"
        ],
        "keywords": "Exponential Stability,Time Delay,Neural Network,"
    },
    {
        "id": 3035,
        "label": "490",
        "author": "Ke Chen",
        "title": "MATLAB Simulation and Comparison of Zhang Neural Network and Gradient Neural Network for Online Solution of Linear Time-Varying Matrix Equation AXB-C=0",
        "organization": null,
        "abstract": NaN,
        "email": null,
        "conf": "International Conference on Intelligent Computing",
        "coauthors": [
            "shuai yue",
            "yunong zhang"
        ],
        "keywords": "Matrix Equation,Linear Time Varying,Neural Network,"
    },
    {
        "id": 3036,
        "label": "490",
        "author": "Ke Chen",
        "title": "MATLAB Simulation of Gradient-Based Neural Network for Online Matrix Inversion",
        "organization": null,
        "abstract": NaN,
        "email": null,
        "conf": "International Conference on Intelligent Computing",
        "coauthors": [
            "yunong zhang",
            "weimu ma",
            "xiao-dong li"
        ],
        "keywords": "Matrix Inversion,Neural Network,"
    },
    {
        "id": 3037,
        "label": "490",
        "author": "Ke Chen",
        "title": "Zhang Neural Network Versus Gradient Neural Network for Online Time-Varying Quadratic Function Minimization",
        "organization": null,
        "abstract": NaN,
        "email": null,
        "conf": "International Conference on Intelligent Computing",
        "coauthors": [
            "yunong zhang",
            "zhan li",
            "chenfu yi"
        ],
        "keywords": "Neural Network,Time Varying,"
    },
    {
        "id": 3038,
        "label": "490",
        "author": "Ke Chen",
        "title": "MATLAB Simulink Modeling and Simulation of Zhang Neural Network for Online Time-Varying Matrix Inversion",
        "organization": null,
        "abstract": NaN,
        "email": null,
        "conf": "International Conference on Networking, Sensing and Control",
        "coauthors": [
            "yunong zhang",
            "xiaojiao guo",
            "weimu ma",
            "binghuang cai"
        ],
        "keywords": "Matrix Inversion,Modeling and Simulation,Neural Network,Time Varying,"
    },
    {
        "id": 3039,
        "label": "490",
        "author": "Ke Chen",
        "title": "Common Nature of Learning Exemplified by BP and Hopfield Neural Networks for Solving Online a System of Linear Equations",
        "organization": null,
        "abstract": NaN,
        "email": null,
        "conf": "International Conference on Networking, Sensing and Control",
        "coauthors": [
            "yunong zhang",
            "zhan li",
            "binghuang cai"
        ],
        "keywords": "Linear Equations,hopfield neural network,"
    },
    {
        "id": 3040,
        "label": "490",
        "author": "Ke Chen",
        "title": "Zhang neural network without using time-derivative information for constant and time-varying matrix inversion",
        "organization": null,
        "abstract": NaN,
        "email": null,
        "conf": "IJCNN",
        "coauthors": [
            "yunong zhang",
            "zenghai chen",
            "binghuang cai"
        ],
        "keywords": "Matrix Inversion,Neural Network,Time Varying,"
    },
    {
        "id": 3041,
        "label": "490",
        "author": "Ke Chen",
        "title": "A simplified LVI-based primal-dual neural network for repetitive motion planning of PA10 robot manipulator starting from different initial states",
        "organization": null,
        "abstract": NaN,
        "email": null,
        "conf": "IJCNN",
        "coauthors": [
            "yunong zhang",
            "zhiguo tan",
            "zhi yang",
            "lv xuanjiao"
        ],
        "keywords": "Motion Planning,Robot Manipulator,Neural Network,"
    },
    {
        "id": 3042,
        "label": "490",
        "author": "Ke Chen",
        "title": "MATLAB Simulation and Comparison of Zhang Neural Network and Gradient Neural Network for Time-Varying Lyapunov Equation Solving",
        "organization": null,
        "abstract": NaN,
        "email": null,
        "conf": "International Symposium on Neural Networks",
        "coauthors": [
            "yunong zhang",
            "shuai yue",
            "chenfu yi"
        ],
        "keywords": "lyapunov equation,Neural Network,Time Varying,"
    },
    {
        "id": 3043,
        "label": "490",
        "author": "Ke Chen",
        "title": "Global exponential convergence and stability of gradient-based neural network for online matrix inversion",
        "organization": null,
        "abstract": NaN,
        "email": null,
        "conf": "Applied Mathematics and Computation",
        "coauthors": [
            "yunong zhang",
            "yanyan shi",
            "chaoli wang"
        ],
        "keywords": "Exponential Convergence,Matrix Inversion,Neural Network,"
    },
    {
        "id": 3044,
        "label": "490",
        "author": "Ke Chen",
        "title": "MATLAB Simulink modeling and simulation of LVI-based primal-dual neural network for solving linear and quadratic programs",
        "organization": null,
        "abstract": NaN,
        "email": null,
        "conf": "Neurocomputing",
        "coauthors": [
            "yunong zhang",
            "weimu ma",
            "xiao-dong li",
            "hong-zhou tan"
        ],
        "keywords": "Modeling and Simulation,Quadratic Program,Neural Network,"
    },
    {
        "id": 3045,
        "label": "490",
        "author": "Ke Chen",
        "title": "Repetitive motion of redundant robots planned by three kinds of recurrent neural networks and illustrated with a four-link planar manipulator's straight-line example",
        "organization": null,
        "abstract": NaN,
        "email": null,
        "conf": "Robotics and Autonomous Systems",
        "coauthors": [
            "yunong zhang",
            "zhiguo tan",
            "zhi yang",
            "lv xuanjiao"
        ],
        "keywords": "Recurrent Neural Network,"
    },
    {
        "id": 3046,
        "label": "491",
        "author": "Ke Chen",
        "title": "OTJFast: Processing Ordered XML Twig Join Fast",
        "organization": null,
        "abstract": NaN,
        "email": null,
        "conf": "Asia-Pacific Services Computing Conference",
        "coauthors": [
            "jinhua jiang",
            "gang chen",
            "lidan shou"
        ],
        "keywords": null
    },
    {
        "id": 3047,
        "label": "491",
        "author": "Ke Chen",
        "title": "A Database Encryption Scheme for Enhanced Security and Easy Sharing",
        "organization": null,
        "abstract": NaN,
        "email": null,
        "conf": "Computer Supported Cooperative Work in Design",
        "coauthors": [
            "gang chen",
            "jinxiang dong"
        ],
        "keywords": null
    },
    {
        "id": 3048,
        "label": "491",
        "author": "Ke Chen",
        "title": "A logical replication-based intrusion detection approach for CSCW system",
        "organization": null,
        "abstract": NaN,
        "email": null,
        "conf": "Computer Supported Cooperative Work in Design",
        "coauthors": [
            "gang chen",
            "tianlei hu",
            "jinxiang dong"
        ],
        "keywords": "Intrusion Detection,"
    },
    {
        "id": 3049,
        "label": "491",
        "author": "Ke Chen",
        "title": "Resilient Rights Protection for Product Data",
        "organization": null,
        "abstract": NaN,
        "email": null,
        "conf": "Computer Supported Cooperative Work in Design",
        "coauthors": [
            "gang chen",
            "tianlei hu",
            "jinxiang dong"
        ],
        "keywords": null
    },
    {
        "id": 3050,
        "label": "491",
        "author": "Ke Chen",
        "title": "A Fractal Watermark Solution for Product Data",
        "organization": null,
        "abstract": NaN,
        "email": null,
        "conf": "Computer Supported Cooperative Work in Design",
        "coauthors": [
            "gang chen",
            "cheng zang",
            "jinxiang dong"
        ],
        "keywords": null
    },
    {
        "id": 3051,
        "label": "491",
        "author": "Ke Chen",
        "title": "An adaptive load balancing framework for parallel database systems based on collaborative agents",
        "organization": null,
        "abstract": NaN,
        "email": null,
        "conf": "Computer Supported Cooperative Work in Design",
        "coauthors": [
            "tianlei hu",
            "gang chen",
            "jinxiang dong"
        ],
        "keywords": "Adaptive Load Balancing,Parallel Database System,"
    },
    {
        "id": 3052,
        "label": "491",
        "author": "Ke Chen",
        "title": "Securely Sharing Data in Encrypted Databases",
        "organization": null,
        "abstract": NaN,
        "email": null,
        "conf": "Computer Supported Cooperative Work in Design",
        "coauthors": [
            "lihua yu",
            "gang chen",
            "jinxiang dong"
        ],
        "keywords": null
    },
    {
        "id": 3053,
        "label": "491",
        "author": "Ke Chen",
        "title": "An Architecture Approach to Dynamic Policy in RBAC",
        "organization": null,
        "abstract": NaN,
        "email": null,
        "conf": "Computer Supported Cooperative Work in Design",
        "coauthors": [
            "cheng zang",
            "zhongdong huang",
            "jinxiang dong"
        ],
        "keywords": null
    },
    {
        "id": 3054,
        "label": "491",
        "author": "Ke Chen",
        "title": "Efficient Holistic Twig Join Algorithm on XML Documents with Optimization Rules and Index",
        "organization": null,
        "abstract": NaN,
        "email": null,
        "conf": "International Conference on Cyberworlds",
        "coauthors": [
            "jinhua jiang",
            "gang chen",
            "lidan shou"
        ],
        "keywords": "Indexation,Xml Document,"
    },
    {
        "id": 3055,
        "label": "491",
        "author": "Ke Chen",
        "title": "Bs-tree: A Self-tuning Index of Moving Objects",
        "organization": null,
        "abstract": NaN,
        "email": null,
        "conf": "Database Systems for Advanced Applications",
        "coauthors": [
            "nan chen",
            "lidan shou",
            "gang chen",
            "yunjun gao"
        ],
        "keywords": "Moving Object,"
    },
    {
        "id": 3056,
        "label": "491",
        "author": "Ke Chen",
        "title": "Towards Efficient Concurrent Scans on Flash Disks",
        "organization": null,
        "abstract": NaN,
        "email": null,
        "conf": "Database and Expert Systems Applications",
        "coauthors": [
            "chang xu",
            "lidan shou",
            "gang chen",
            "wei hu",
            "tianlei hu"
        ],
        "keywords": null
    },
    {
        "id": 3057,
        "label": "491",
        "author": "Ke Chen",
        "title": "Efficient Processing of Warping Time Series Join of Motion Capture Data",
        "organization": null,
        "abstract": "Discovering non-trivial matching subsequences from two time series is very useful in synthesizing novel time series. This can be applied to applications such as motion synthesis where smooth and natural motion sequences are often required to be generated from existing motion sequences. We first address this problem by defining it as a problem of l-ε-join over two time series. Given",
        "email": null,
        "conf": "International Conference on Data Engineering",
        "coauthors": [
            "yueguo chen",
            "gang chen",
            "beng chin ooi"
        ],
        "keywords": "Motion Capture,Motion Capture Data,Motion Synthesis,Time Series,"
    },
    {
        "id": 3058,
        "label": "491",
        "author": "Ke Chen",
        "title": "An Immunity-Based Intrusion Detection Solution for Database Systems",
        "organization": null,
        "abstract": NaN,
        "email": null,
        "conf": "Web-Age Information Management",
        "coauthors": [
            "gang chen",
            "jinxiang dong"
        ],
        "keywords": "Database System,Intrusion Detection,"
    },
    {
        "id": 3059,
        "label": "491",
        "author": "Ke Chen",
        "title": "Watermarking Abstract Tree-Structured Data",
        "organization": null,
        "abstract": NaN,
        "email": null,
        "conf": "Web-Age Information Management",
        "coauthors": [
            "gang chen",
            "tianlei hu",
            "jinxiang dong"
        ],
        "keywords": "Tree Structure,"
    },
    {
        "id": 3060,
        "label": "491",
        "author": "Ke Chen",
        "title": "GARWM: Towards a Generalized and Adaptive Watermark Scheme for Relational Data",
        "organization": null,
        "abstract": NaN,
        "email": null,
        "conf": "Web-Age Information Management",
        "coauthors": [
            "tianlei hu",
            "gang chen",
            "jinxiang dong"
        ],
        "keywords": "Relational Data,"
    },
    {
        "id": 3061,
        "label": "491",
        "author": "Ke Chen",
        "title": "Heuristic Discovery of Role-Based Trust Chains in Peer-to-Peer Networks",
        "organization": null,
        "abstract": NaN,
        "email": null,
        "conf": "IEEE Transactions on Parallel and Distributed Systems",
        "coauthors": [
            "kai hwang",
            "gang chen"
        ],
        "keywords": "Peer-to-peer Network,"
    },
    {
        "id": 3062,
        "label": "492",
        "author": "Ke Chen",
        "title": "How to play a coloring game against a color-blind adversary",
        "organization": null,
        "abstract": "We study the problem of conflict-free (CF) coloring of a set of points in the plane, in an online fashion, with respect to halfplanes, nearly-equal axis-parallel rectangles, and con- gruent disks.As a warm-up exercise, the online CF coloring of points on the line with respect to intervals is also con- sidered.We present randomized algorithms in the oblivi- ous adversary model,",
        "email": null,
        "conf": "Symposium on Computational Geometry",
        "coauthors": [],
        "keywords": "Online Algorithm,Randomized Algorithm,"
    },
    {
        "id": 3063,
        "label": "492",
        "author": "Ke Chen",
        "title": "The orienteering problem in the plane revisited",
        "organization": null,
        "abstract": "We consider the orienteering problem: Given a set P of n points in the plane, a starting point r 2 P, and a length constraint B, one needs to find a tour starting at r that visits as many points of P as possible and of length not exceeding B. We present a (1 \")-approximation algorithm for this problem that",
        "email": null,
        "conf": "Symposium on Computational Geometry",
        "coauthors": [
            "sariel har-peled"
        ],
        "keywords": "Approximate Algorithm,Higher Dimensions,Optimal Solution,Polynomial Time Approximation Scheme,"
    },
    {
        "id": 3064,
        "label": "492",
        "author": "Ke Chen",
        "title": "On k-Median clustering in high dimensions",
        "organization": null,
        "abstract": "Abstract We study approximation algorithms for k-median clustering. We obtain small coresets for k-median clustering in metric spaces as well as in Euclidean spaces. Specically , in IR,k=\") O(1)",
        "email": null,
        "conf": "Symposium on Discrete Algorithms",
        "coauthors": [],
        "keywords": "Approximate Algorithm,Euclidean Space,High Dimension,Metric Space,"
    },
    {
        "id": 3065,
        "label": "492",
        "author": "Ke Chen",
        "title": "A constant factor approximation algorithm for k-median clustering with outliers",
        "organization": null,
        "abstract": "We consider the k-median clustering with outliers problem: Given a finite point set in a metric space and parameters k and m, we want to remove m points (called outliers), such that the cost of the optimal k-median clustering of the remaining points is mini- mized. We present the first polynomial time constant factor approximation algorithm for this problem.",
        "email": null,
        "conf": "Symposium on Discrete Algorithms",
        "coauthors": [],
        "keywords": "Approximate Algorithm,Metric Space,Polynomial Time,"
    },
    {
        "id": 3066,
        "label": "492",
        "author": "Ke Chen",
        "title": "Cost-Aware Caching Algorithms for Distributed Storage Servers",
        "organization": null,
        "abstract": "We study replacement algorithms for non-uniform access caches that are used in distributed storage systems. Considering access latencies as major costs of data management in such a system, we show that the total cost of any replacement algorithm is bounded by the total costs of evicted blocks plus the total cost of the optimal off-line algo- rithm (OPT). We propose",
        "email": null,
        "conf": "Workshop on Distributed Algorithms/International Symposium on Distributed Computing",
        "coauthors": [
            "shuang liang",
            "song jiang",
            "xiaodong zhang"
        ],
        "keywords": "Cache Replacement,Data Management,Distributed Storage,Distributed Storage System,On-line Algorithm,"
    },
    {
        "id": 3067,
        "label": "492",
        "author": "Ke Chen",
        "title": "On Coresets for k-Median and k-Means Clustering in Metric and Euclidean Spaces and Their Applications",
        "organization": null,
        "abstract": NaN,
        "email": null,
        "conf": "Siam Journal on Computing",
        "coauthors": [],
        "keywords": "Euclidean Space,k-means clustering,"
    },
    {
        "id": 3068,
        "label": "492",
        "author": "Ke Chen",
        "title": "Online Conflict-Free Coloring for Intervals",
        "organization": null,
        "abstract": "We consider an online version of the conflict-free coloring of a set of points on the line, where each newly inserted point must be assigned a color upon insertion, and at all times the coloring has to be conflict-free, in the sense that in every interval I there is a color that appears exactly once in I. We present deterministic",
        "email": null,
        "conf": "Siam Journal on Computing",
        "coauthors": [
            "amos fiat",
            "haim kaplan",
            "meital levy",
            "jirí matousek",
            "elchanan mossel",
            "jános pach",
            "micha sharir",
            "shakhar smorodinsky",
            "uli wagner",
            "emo welzl"
        ],
        "keywords": "Online Algorithm,Randomized Algorithm,Two Dimensions,"
    },
    {
        "id": 3069,
        "label": "492",
        "author": "Ke Chen",
        "title": "The Euclidean Orienteering Problem Revisited",
        "organization": null,
        "abstract": "Abstract We consider the rooted orienteering problem: Given a set P of n points in the plane, a starting point r 2 P, and a length constraint B, one needs to find a path starting from r that visits as many,points of P as possible and of length not exceeding,B. We present a (1 \")-approximation,algorithm,for this problem,that runs in n,(1=\")",
        "email": null,
        "conf": "Siam Journal on Computing",
        "coauthors": [
            "sariel har-peled"
        ],
        "keywords": "Approximate Algorithm,Higher Dimensions,Optimal Solution,Polynomial Time Approximation Scheme,"
    },
    {
        "id": 3070,
        "label": "492",
        "author": "Ke Chen",
        "title": "Online conflict-free coloring for halfplanes, congruent disks, and axis-parallel rectangles",
        "organization": null,
        "abstract": "We present randomized algorithms for online conflict-free coloring (CF in short) of points in the plane, with respect to halfplanes, congruent disks, and nearly-equal axis-parallel rectangles. In all three cases, the coloring algorithms use O(log n) colors, with high probability. We also present a deterministic algorithm for online CF coloring of points in the plane with respect to nearly-equal axis-parallel",
        "email": null,
        "conf": "ACM Transactions on Algorithms",
        "coauthors": [
            "haim kaplan",
            "micha sharir"
        ],
        "keywords": "Online Algorithm,Randomized Algorithm,"
    }
]