[
    {
        "id": 3092,
        "label": "499",
        "author": "Khalid Latif",
        "title": "Power and Area Efficient Design of Network-on-Chip Router through Utilization of Idle Buffers",
        "organization": null,
        "abstract": NaN,
        "email": null,
        "conf": "Engineering of Computer-Based Systems",
        "coauthors": [
            "tiberiu seceleanu",
            "hannu tenhunen"
        ],
        "keywords": "Network On Chip,"
    },
    {
        "id": 3093,
        "label": "499",
        "author": "Khalid Latif",
        "title": "Application development flow for on-chip distributed architectures",
        "organization": null,
        "abstract": NaN,
        "email": null,
        "conf": "IEEE International System-on-Chip (SoC) Conference",
        "coauthors": [
            "moazzam niazi",
            "hannu tenhunen",
            "tiberiu seceleanu",
            "sakir sezer"
        ],
        "keywords": "Application Development,Distributed Architecture,"
    }
]