[
    {
        "id": 3122,
        "label": "503",
        "author": "Lars E. Olson",
        "title": "Microfocal X-ray computed tomography post-processing operations for optimizing reconstruction volumes of stented arteries during 3D computational fluid dynamics modeling",
        "organization": null,
        "abstract": NaN,
        "email": null,
        "conf": "Computer Methods and Programs in Biomedicine",
        "coauthors": [
            "john f. ladisa jr.",
            "kristina m. ropella",
            "robert c. molthen",
            "steven t. haworth",
            "judy r. kersten",
            "david c. warltier",
            "paul s. pagel"
        ],
        "keywords": "Computation Fluid Dynamics,X-ray Computed Tomography,"
    }
]