[
    {
        "id": 3129,
        "label": "505",
        "author": "Laurent Philippe",
        "title": "A Generic Process and its Tool Support towards Combining UML and B for Safety Critical Systems",
        "organization": null,
        "abstract": "Abstract The complex requirements of software systems justify the use of the best existing techniques to guar- antee the quality of speciflcations and to preserve this quality during the programming,phase of a software life-cycle. On the one hand, visual speciflcation lan- guages (such as UML) have been widely used for spec- ifying, visualizing, understanding and documenting software systems, but they",
        "email": null,
        "conf": "Computer Applications in Industry and Engineering",
        "coauthors": [
            "akram idani",
            "jean-louis boulanger"
        ],
        "keywords": "Formal Method,Formation Techniques,Industrial Application,Information System,Large Scale,meta model,Model Driven Architecture,Safety Critical System,Semantic Mapping,Software Life Cycle,Software Systems,Tool Support,"
    },
    {
        "id": 3130,
        "label": "505",
        "author": "Laurent Philippe",
        "title": "Linking Paradigms in Safety Critical Systems",
        "organization": null,
        "abstract": NaN,
        "email": null,
        "conf": "International Journal of Computers and Their Applications",
        "coauthors": [
            "akram idani",
            "jean-louis boulanger"
        ],
        "keywords": "Safety Critical System,"
    }
]