[
    {
        "id": 3576,
        "label": "533",
        "author": "Li Wei",
        "title": "A New One-Way Isolation File-Access Method at the Granularity of a Disk-Block",
        "organization": null,
        "abstract": NaN,
        "email": null,
        "conf": "Autonomic and Trusted Computing",
        "coauthors": [
            "wenyuan kuang",
            "yaoxue zhang",
            "nan xia",
            "guangbin xu",
            "yue-zhi zhou"
        ],
        "keywords": "Access Method,"
    },
    {
        "id": 3577,
        "label": "533",
        "author": "Li Wei",
        "title": "TransCom: A Virtual Disk Based Self-management System",
        "organization": null,
        "abstract": NaN,
        "email": null,
        "conf": "Autonomic and Trusted Computing",
        "coauthors": [
            "yaoxue zhang",
            "yue-zhi zhou"
        ],
        "keywords": "Management System,"
    },
    {
        "id": 3578,
        "label": "533",
        "author": "Li Wei",
        "title": "Performance Modeling and Analysis of the Booting Process in a Transparent Computing Environment",
        "organization": null,
        "abstract": NaN,
        "email": null,
        "conf": "Future Generation Communication and Networking",
        "coauthors": [
            "guanfei guo",
            "yaoxue zhang",
            "yue-zhi zhou",
            "laurence tianruo yang",
            "pengwei tian"
        ],
        "keywords": "Performance Model,"
    },
    {
        "id": 3579,
        "label": "533",
        "author": "Li Wei",
        "title": "A novel service evolution approach for active services in ubiquitous computing",
        "organization": null,
        "abstract": "SUMMARY With the emergence of more and more personalized service requirements, service customization has become a compelling problem in ubiquitous computing. As a new paradigm for service customization, the Active Services reuses existing services and obtains the user-needed service evolved from them. In this paper, a novel service reuse approach is proposed for service evolution process in the active services",
        "email": null,
        "conf": "International Journal of Communication Systems",
        "coauthors": [
            "pengwei tian",
            "yaoxue zhang",
            "yue-zhi zhou",
            "laurence tianruo yang",
            "ming zhong",
            "lin-kai weng"
        ],
        "keywords": "Indexation,Quality of Service,Satisfiability,Success Rate,Ubiquitous Computing,"
    },
    {
        "id": 3580,
        "label": "534",
        "author": "Li Wei",
        "title": "An Improved QRD-M Algorithm in MIMO Communications",
        "organization": null,
        "abstract": NaN,
        "email": null,
        "conf": "Global Telecommunications Conference",
        "coauthors": [
            "ming chen",
            "shixin cheng",
            "haifeng wang"
        ],
        "keywords": null
    },
    {
        "id": 3581,
        "label": "534",
        "author": "Li Wei",
        "title": "Information Security Wireless Sensor Grid",
        "organization": null,
        "abstract": NaN,
        "email": null,
        "conf": "Information Assurance and Security",
        "coauthors": [
            "li mingming",
            "li baiping",
            "chen lei"
        ],
        "keywords": "Information Security,Wireless Sensor,"
    },
    {
        "id": 3582,
        "label": "534",
        "author": "Li Wei",
        "title": "Information Security Routing Protocol in the WSN",
        "organization": null,
        "abstract": NaN,
        "email": null,
        "conf": "Information Assurance and Security",
        "coauthors": [
            "ming chen",
            "li mingming"
        ],
        "keywords": "Information Security,Routing Protocol,"
    },
    {
        "id": 3583,
        "label": "534",
        "author": "Li Wei",
        "title": "A Complexity Reduced Blind Channel Equalization Scheme for OFDM Systems",
        "organization": null,
        "abstract": NaN,
        "email": null,
        "conf": "IEEE International Symposium on Personal, Indoor and Mobile Radio Communications",
        "coauthors": [
            "ming chen",
            "shixin cheng",
            "haifeng wang"
        ],
        "keywords": "Channel Equalization,"
    },
    {
        "id": 3584,
        "label": "534",
        "author": "Li Wei",
        "title": "Frequency-Domain Residual Interference Cancellation in Cyclic Prefix Assisted Single-carrier Communications",
        "organization": null,
        "abstract": NaN,
        "email": null,
        "conf": "Vehicular Technology Conference",
        "coauthors": [
            "ming chen",
            "shixin cheng",
            "haifeng wang"
        ],
        "keywords": "Frequency Domain,Interference Cancellation,Cyclic Prefix,Single Carrier,"
    }
]