[
    {
        "id": 3594,
        "label": "536",
        "author": "Liang Wang",
        "title": "A Novel Path-Based Clustering Algorithm Using Multidimensional Scaling",
        "organization": null,
        "abstract": NaN,
        "email": null,
        "conf": "Australian Joint Conference on Artificial Intelligence",
        "coauthors": [
            "uyen t. v. nguyen",
            "laurence a. f. park",
            "kotagiri ramamohanarao"
        ],
        "keywords": "Cluster Algorithm,Multi Dimensional Scaling,"
    },
    {
        "id": 3595,
        "label": "536",
        "author": "Liang Wang",
        "title": "Analyzing Human Movements from Silhouettes Using Manifold Learning",
        "organization": null,
        "abstract": NaN,
        "email": null,
        "conf": "Advanced Video and Signal Based Surveillance",
        "coauthors": [
            "david suter"
        ],
        "keywords": "Human Movement,Manifold Learning,"
    },
    {
        "id": 3596,
        "label": "536",
        "author": "Liang Wang",
        "title": "Moving shape dynamics: A signal processing perspective",
        "organization": null,
        "abstract": "This paper provides a new perspective on human mo- tion analysis, namely regarding human motions in video as general discrete time signals. While this seems an intuitive idea, research on human motion analysis has attracted lit- tle attention from the signal processing community. Sophis- ticated signal processing techniques create important op- portunities for new solutions to the problem of human",
        "email": null,
        "conf": "Computer Vision and Pattern Recognition",
        "coauthors": [
            "xin geng",
            "christopher leckie",
            "kotagiri ramamohanarao"
        ],
        "keywords": "Discrete Fourier Transform,Discrete Time,Discrete Wavelet Transform,Human Motion,Human Motion Analysis,Signal Processing,"
    },
    {
        "id": 3597,
        "label": "536",
        "author": "Liang Wang",
        "title": "Recognizing Human Activities from Silhouettes: Motion Subspace and Factorial Discriminative Graphical Model",
        "organization": null,
        "abstract": "We describe a probabilistic framework for recognizing human activities in monocular video based on simple silhouette observations in this paper. The methodology combines kernel principal component analysis (KPCA) based feature extraction and factorial conditional random field (FCRF) based motion modeling. Silhouette data is represented more compactly by nonlinear dimensionality reduction that explores the underlying structure of the articulated action space",
        "email": null,
        "conf": "Computer Vision and Pattern Recognition",
        "coauthors": [
            "david suter"
        ],
        "keywords": "Conditional Random Field,Discriminative Model,Feature Extraction,Graphical Model,Human Activity,Information Sharing,Kernel Principal Component Analysis,Long Range Dependent,Nonlinear Dimensionality Reduction,"
    },
    {
        "id": 3598,
        "label": "536",
        "author": "Liang Wang",
        "title": "Pattern discovery in motion time series via structure-based spectral clustering",
        "organization": null,
        "abstract": "This paper proposes an approach called 'structure- based spectral clustering' to identify clusters in motion time series for sequential pattern discovery. The proposed ap- proach deploys a 'statistical feature-based distance compu- tation' for spectral clustering algorithm. Compared to tra- ditional spectral clustering approaches, in which the sim- ilarity matrix is constructed from the original data points by applying some similarity",
        "email": null,
        "conf": "Computer Vision and Pattern Recognition",
        "coauthors": [
            "xiaozhe wang",
            "anthony wirth"
        ],
        "keywords": "Pattern Discovery,Sequential Pattern,Similarity Function,Spectral Clustering,Time Series,"
    },
    {
        "id": 3599,
        "label": "536",
        "author": "Liang Wang",
        "title": "Fusion of Static and Dynamic Body Biometrics for Gait Recognition",
        "organization": null,
        "abstract": "Abstract  Human,identification  at  a ,distance  has  recently  gained  growing,interest  from  computer ,vision  researchers.  This  paper,aims ,to  propose ,a  visual ,recognition  algorithm  based upon  fusion of static  and dynamic,body biometrics.  For each  sequence  involving  a  walking  figure,  pose  changes,of  the ,segmented ,moving ,silhouettes  are  represented as  an ,associated  sequence ,of  complex ,vector  configurations, and are then analyzed using the Procrustes shape",
        "email": null,
        "conf": "International Conference on Computer Vision",
        "coauthors": [
            "huazhong ning",
            "tieniu tan",
            "weiming hu"
        ],
        "keywords": "Computer Vision,Dynamic Information,Gait Recognition,Human Identification,Lower Limb,model-based approach,Shape Analysis,"
    },
    {
        "id": 3600,
        "label": "536",
        "author": "Liang Wang",
        "title": "Multi-Camera Calibration with One-Dimensional Object under General Motions",
        "organization": null,
        "abstract": "Abstract It is well known that in order to calibrate a single camera with a one-dimensional (1D) calibration object, the object must undertake some constrained motions, in other words, it is impossible to calibrate a single camera if the object mo- tion is of general one. For a multi-camera setup, i.e., when the number of camera is more than one,",
        "email": null,
        "conf": "International Conference on Computer Vision",
        "coauthors": [
            "fuchao wu",
            "zhanyi hu"
        ],
        "keywords": "Camera Calibration,"
    },
    {
        "id": 3601,
        "label": "536",
        "author": "Liang Wang",
        "title": "SpecVAT: Enhanced Visual Cluster Analysis",
        "organization": null,
        "abstract": NaN,
        "email": null,
        "conf": "IEEE International Conference on Data Mining",
        "coauthors": [
            "xin geng",
            "james c. bezdek",
            "christopher leckie",
            "kotagiri ramamohanarao"
        ],
        "keywords": "Cluster Analysis,"
    },
    {
        "id": 3602,
        "label": "536",
        "author": "Liang Wang",
        "title": "Tensor Space Learning for Analyzing Activity Patterns from Video Sequences",
        "organization": null,
        "abstract": NaN,
        "email": null,
        "conf": "IEEE International Conference on Data Mining",
        "coauthors": [
            "christopher leckie",
            "xiaozhe wang",
            "kotagiri ramamohanarao",
            "jim bezdek"
        ],
        "keywords": "Activity Pattern,"
    },
    {
        "id": 3603,
        "label": "536",
        "author": "Liang Wang",
        "title": "Structure-Based Statistical Features and Multivariate Time Series Clustering",
        "organization": null,
        "abstract": NaN,
        "email": null,
        "conf": "IEEE International Conference on Data Mining",
        "coauthors": [
            "xiaozhe wang",
            "anthony wirth"
        ],
        "keywords": "Multivariate Time Series,"
    },
    {
        "id": 3604,
        "label": "536",
        "author": "Liang Wang",
        "title": "Extrapolating Learned Manifolds for Human Activity Recognition",
        "organization": null,
        "abstract": "The problem of human activity recognition via visual stimuli can be approached using manifold learning, since the silhou- ette (binary) images of a person undergoing a smooth mo- tion can be represented as a manifold in the image space. While manifold learning methods allow the characterization of the activity manifolds, performing activity recognition re- quires distinguishing between manifolds. This invariably",
        "email": null,
        "conf": "International Conference on Image Processing",
        "coauthors": [
            "tat-jun chin",
            "konrad schindler",
            "david suter"
        ],
        "keywords": "Activity Recognition,Binary Image,Comparative Method,Human Activity Recognition,Indexing Terms,Learning Activities,Manifold Learning,"
    },
    {
        "id": 3605,
        "label": "536",
        "author": "Liang Wang",
        "title": "Gait recognition based on Procrustes shape analysis",
        "organization": null,
        "abstract": "Gait recognition has recently attracted increasing attention, especially in vision-based human identification at a distance in visual surveillance. This paper proposes a simple but efficient gait recognition algorithm based on statistical shape analysis. For each gait sequence, a background subtraction procedure is used to segment spatial silhouettes of the walking figures from the background. Static pose changes of these silhouettes",
        "email": null,
        "conf": "International Conference on Image Processing",
        "coauthors": [
            "huazhong ning",
            "weiming hu",
            "tieniu tan"
        ],
        "keywords": "Background Subtraction,Distance Measure,Gait Recognition,Human Identification,K Nearest Neighbor,Shape Analysis,Statistical Shape Analysis,Visual Surveillance,"
    },
    {
        "id": 3606,
        "label": "536",
        "author": "Liang Wang",
        "title": "Articulated Model Based People Tracking Using Motion Models",
        "organization": null,
        "abstract": "This paper focuses on acquisition of human motion data such as joint angles and velocity for applications of virtual reality, using both articulated body model and motion model in the CONDENSATION framework. Firstly, we learn a motion model represented by Gaussian distributions, and explore motion constraints by considering the dependency of motion parameters and represent them as conditional distributions. Then",
        "email": null,
        "conf": "IEEE Internet Computing",
        "coauthors": [
            "huazhong ning",
            "weiming hu",
            "tieniu tan"
        ],
        "keywords": "Conditional Distribution,Dynamic Model,Evaluation Function,Gaussian Distribution,Human Motion,People Tracking,State Space,Virtual Reality,Concentration Factor,"
    },
    {
        "id": 3607,
        "label": "536",
        "author": "Liang Wang",
        "title": "Dual clustering for categorization of action sequences",
        "organization": null,
        "abstract": NaN,
        "email": null,
        "conf": "International Conference on Pattern Recognition",
        "coauthors": [
            "joanna cheng",
            "christopher leckie"
        ],
        "keywords": null
    },
    {
        "id": 3608,
        "label": "536",
        "author": "Liang Wang",
        "title": "Action Recognition Using Space-Time Shape Difference Images",
        "organization": null,
        "abstract": NaN,
        "email": null,
        "conf": "International Conference on Pattern Recognition",
        "coauthors": [
            "hao qu",
            "christopher leckie"
        ],
        "keywords": "Action Recognition,Space Time,"
    },
    {
        "id": 3609,
        "label": "536",
        "author": "Liang Wang",
        "title": "Abnormal Walking Gait Analysis Using Silhouette-Masked Flow Histograms",
        "organization": null,
        "abstract": NaN,
        "email": null,
        "conf": "International Conference on Pattern Recognition",
        "coauthors": [],
        "keywords": "Gait Analysis,"
    },
    {
        "id": 3610,
        "label": "536",
        "author": "Liang Wang",
        "title": "From Blob Metrics to Posture Classification to Activity Profiling",
        "organization": null,
        "abstract": NaN,
        "email": null,
        "conf": "International Conference on Pattern Recognition",
        "coauthors": [],
        "keywords": null
    },
    {
        "id": 3611,
        "label": "536",
        "author": "Liang Wang",
        "title": "A New Attempt to Gait-based Human Identification",
        "organization": null,
        "abstract": NaN,
        "email": null,
        "conf": "International Conference on Pattern Recognition",
        "coauthors": [
            "weiming hu",
            "tieniu tan"
        ],
        "keywords": "Human Identification,"
    },
    {
        "id": 3612,
        "label": "536",
        "author": "Liang Wang",
        "title": "Encoding Actions via Quantized Vocabulary of Averaged Silhouettes",
        "organization": null,
        "abstract": NaN,
        "email": null,
        "conf": "International Conference on Pattern Recognition",
        "coauthors": [
            "christopher leckie"
        ],
        "keywords": null
    },
    {
        "id": 3613,
        "label": "536",
        "author": "Liang Wang",
        "title": "Combining Real and Virtual Graphs to Enhance Data Clustering",
        "organization": null,
        "abstract": NaN,
        "email": null,
        "conf": "International Conference on Pattern Recognition",
        "coauthors": [
            "christopher leckie",
            "kotagiri ramamohanarao"
        ],
        "keywords": "Data Clustering,"
    },
    {
        "id": 3614,
        "label": "536",
        "author": "Liang Wang",
        "title": "Informative Shape Representations for Human Action Recognition",
        "organization": null,
        "abstract": NaN,
        "email": null,
        "conf": "International Conference on Pattern Recognition",
        "coauthors": [
            "david suter"
        ],
        "keywords": "Action Recognition,Shape Representation,"
    },
    {
        "id": 3615,
        "label": "536",
        "author": "Liang Wang",
        "title": "A factorization algorithm for trifocal tensor estimation",
        "organization": null,
        "abstract": NaN,
        "email": null,
        "conf": "International Conference on Pattern Recognition",
        "coauthors": [
            "fuchao wu"
        ],
        "keywords": null
    },
    {
        "id": 3616,
        "label": "536",
        "author": "Liang Wang",
        "title": "Human motion recognition using Gaussian Processes classification",
        "organization": null,
        "abstract": NaN,
        "email": null,
        "conf": "International Conference on Pattern Recognition",
        "coauthors": [
            "hang zhou",
            "david suter"
        ],
        "keywords": "Human Motion,Gaussian Process,"
    },
    {
        "id": 3617,
        "label": "536",
        "author": "Liang Wang",
        "title": "Face image modeling by multilinear subspace analysis with missing values",
        "organization": null,
        "abstract": "ABSTRACT The main difficulty in face image modeling,is to decompose,those semantic factors contributing to the formation of the face images, such as identity, illumination and pose. One promising way is to organize the face images,in a higher-order tensor with each mode corresponding to one contributory factor. Then, a technique called Multilinear Subspace Analysis (MSA) is applied to decompose,the tensor into",
        "email": null,
        "conf": "ACM Multimedia Conference",
        "coauthors": [
            "xin geng",
            "kate smith-miles",
            "zhi-hua zhou"
        ],
        "keywords": "Image Modeling,Missing Values,Higher Order,"
    },
    {
        "id": 3618,
        "label": "536",
        "author": "Liang Wang",
        "title": "Approximate Spectral Clustering",
        "organization": null,
        "abstract": NaN,
        "email": null,
        "conf": "Pacific-Asia Conference on Knowledge Discovery and Data Mining",
        "coauthors": [
            "christopher leckie",
            "kotagiri ramamohanarao",
            "james c. bezdek"
        ],
        "keywords": "Spectral Clustering,"
    },
    {
        "id": 3619,
        "label": "536",
        "author": "Liang Wang",
        "title": "iVAT and aVAT: Enhanced Visual Analysis for Cluster Tendency Assessment",
        "organization": null,
        "abstract": NaN,
        "email": null,
        "conf": "Pacific-Asia Conference on Knowledge Discovery and Data Mining",
        "coauthors": [
            "uyen t. v. nguyen",
            "james c. bezdek",
            "christopher leckie",
            "kotagiri ramamohanarao"
        ],
        "keywords": "Visual Analysis,"
    },
    {
        "id": 3620,
        "label": "536",
        "author": "Liang Wang",
        "title": "Characteristic-Based Descriptors for Motion Sequence Recognition",
        "organization": null,
        "abstract": NaN,
        "email": null,
        "conf": "Pacific-Asia Conference on Knowledge Discovery and Data Mining",
        "coauthors": [
            "xiaozhe wang",
            "christopher leckie",
            "kotagiri ramamohanarao"
        ],
        "keywords": null
    },
    {
        "id": 3621,
        "label": "536",
        "author": "Liang Wang",
        "title": "Adaptive Fusion of Gait and Face for Human Identification in Video",
        "organization": null,
        "abstract": NaN,
        "email": null,
        "conf": "Workshop on Applications of Computer Vision",
        "coauthors": [
            "xin geng",
            "ming li",
            "qiang wu",
            "kate smith-miles"
        ],
        "keywords": "Human Identification,"
    },
    {
        "id": 3622,
        "label": "536",
        "author": "Liang Wang",
        "title": "Visual learning and recognition of sequential data manifolds with applications to human movement analysis",
        "organization": null,
        "abstract": NaN,
        "email": null,
        "conf": "Computer Vision and Image Understanding",
        "coauthors": [
            "david suter"
        ],
        "keywords": "Human Movement,Visual Learning,"
    },
    {
        "id": 3623,
        "label": "536",
        "author": "Liang Wang",
        "title": "Selective sampling for approximate clustering of very large data sets",
        "organization": null,
        "abstract": NaN,
        "email": null,
        "conf": "International Journal of Intelligent Systems",
        "coauthors": [
            "james c. bezdek",
            "christopher leckie",
            "kotagiri ramamohanarao"
        ],
        "keywords": "Large Data Sets,Selective Sampling,"
    },
    {
        "id": 3624,
        "label": "536",
        "author": "Liang Wang",
        "title": "Kinematics-based tracking of human walking in monocular video sequences",
        "organization": null,
        "abstract": NaN,
        "email": null,
        "conf": "Image and Vision Computing",
        "coauthors": [
            "huazhong ning",
            "tieniu tan",
            "weiming hu"
        ],
        "keywords": null
    },
    {
        "id": 3625,
        "label": "536",
        "author": "Liang Wang",
        "title": "Silhouette Analysis-Based Gait Recognition for Human Identification",
        "organization": null,
        "abstract": "Human identification at a distance has recently gained growing interest from computer vision researchers. Gait recognition aims essentially to address this problem by identifying people based on the way they walk. In this paper, a simple but efficient gait recognition algorithm using spatial-temporal silhouette analysis is proposed. For each image sequence, a background subtraction algorithm and a simple correspondence procedure",
        "email": null,
        "conf": "IEEE Transactions on Pattern Analysis and Machine Intelligence",
        "coauthors": [
            "tieniu tan",
            "huazhong ning",
            "weiming hu"
        ],
        "keywords": "Background Subtraction,Computer Vision,Feature Space,Gait Recognition,Human Identification,Image Sequence,Pattern Classification,Principal Component Analysis,Time Varying,"
    },
    {
        "id": 3626,
        "label": "536",
        "author": "Liang Wang",
        "title": "Context-aware fusion: A case study on fusion of gait and face for human identification in video",
        "organization": null,
        "abstract": NaN,
        "email": null,
        "conf": "Pattern Recognition",
        "coauthors": [
            "xin geng",
            "kate smith-miles",
            "ming li",
            "qiang wu"
        ],
        "keywords": "Case Study,Context Aware,Human Identification,"
    },
    {
        "id": 3627,
        "label": "536",
        "author": "Liang Wang",
        "title": "People tracking based on motion model and motion constraints with automatic initialization",
        "organization": null,
        "abstract": "Human motion analysis is currently one of the most active research topics in computer vision. This paper presents a model-based approachto recovering motion parameters of walking people from monocular image sequences in a CONDEN- SATION framework. From the semi-automatically acquired training data, we learn a motion model represented as Gaussian distributions, and explore motion constraints by considering the dependency of",
        "email": null,
        "conf": "Pattern Recognition",
        "coauthors": [
            "huazhong ning",
            "tieniu tan",
            "weiming hu"
        ],
        "keywords": "Computer Vision,Dynamic Model,Evaluation Function,Gaussian Distribution,Human Motion Analysis,Human Tracking,Image Sequence,People Tracking,State Space,Concentration Factor,"
    },
    {
        "id": 3628,
        "label": "536",
        "author": "Liang Wang",
        "title": "Recent developments in human motion analysis",
        "organization": null,
        "abstract": "Visual analysis of human motion is currently one of the most active research topics in computer vision. This strong interest is driven by a wide spectrum of promising applications in many areas such as virtual reality, smart surveillance, perceptual interface, etc. Human motion analysis concerns the detection, tracking and recognition of people, and more generally, the understanding of human behaviors,",
        "email": null,
        "conf": "Pattern Recognition",
        "coauthors": [
            "weiming hu",
            "tieniu tan"
        ],
        "keywords": "Computer Vision,Human Behavior,Human Motion,Human Motion Analysis,Image Sequence,Semantic Description,Spectrum,Virtual Reality,Visual Analysis,"
    },
    {
        "id": 3629,
        "label": "536",
        "author": "Liang Wang",
        "title": "FOE estimation: Can image measurement errors be totally \"corrected\" by the geometric method?",
        "organization": null,
        "abstract": "For the FOE estimation, there are basically three kinds of estimation methods in the literature: algebraic, geometric, and the maximum likelihood-based ones. In this paper, our attention is focused on the geometric method. The computational complexity of the classical geometric method is usually very high because it needs to solve a non-linear minimum problem with many variables. In this work,",
        "email": null,
        "conf": "Pattern Recognition",
        "coauthors": [
            "f. c. wu",
            "z. y. hu"
        ],
        "keywords": "Computational Complexity,Estimation Method,Geometric Algorithm,Measurement Error,Maximum Likelihood,"
    },
    {
        "id": 3630,
        "label": "536",
        "author": "Liang Wang",
        "title": "Image/video-based pattern analysis and HCI applications",
        "organization": null,
        "abstract": NaN,
        "email": null,
        "conf": "Pattern Recognition Letters",
        "coauthors": [
            "qiang wu",
            "hanzi wang",
            "xin geng",
            "ming li"
        ],
        "keywords": null
    },
    {
        "id": 3631,
        "label": "536",
        "author": "Liang Wang",
        "title": "Human action recognition by feature-reduced Gaussian process classification",
        "organization": null,
        "abstract": NaN,
        "email": null,
        "conf": "Pattern Recognition Letters",
        "coauthors": [
            "hang zhou",
            "david suter"
        ],
        "keywords": "Action Recognition,Gaussian Process,"
    },
    {
        "id": 3632,
        "label": "536",
        "author": "Liang Wang",
        "title": "Fusion of static and dynamic body biometrics for gait recognition",
        "organization": null,
        "abstract": "Human identification at a distance has recently gained growing interest from computer vision researchers. This paper aims to propose a visual recognition algorithm based upon fusion of static and dynamic body biometrics. For each sequence involving a walking figure, pose changes of the segmented moving silhouettes are represented as an associated sequence of complex vector configurations, and are then analyzed",
        "email": null,
        "conf": "IEEE Transactions on Circuits and Systems for Video Technology",
        "coauthors": [
            "huazhong ning",
            "tieniu tan",
            "weiming hu"
        ],
        "keywords": "Computer Vision,Dynamic Information,Gait Recognition,Human Identification,Lower Limb,model-based approach,Shape Analysis,"
    },
    {
        "id": 3633,
        "label": "536",
        "author": "Liang Wang",
        "title": "Learning and Matching of Dynamic Shape Manifolds for Human Action Recognition",
        "organization": null,
        "abstract": NaN,
        "email": null,
        "conf": "IEEE Transactions on Image Processing",
        "coauthors": [
            "david suter"
        ],
        "keywords": "Action Recognition,"
    },
    {
        "id": 3634,
        "label": "536",
        "author": "Liang Wang",
        "title": "Automatic gait recognition based on statistical shape analysis",
        "organization": null,
        "abstract": "Gait recognition has recently gained significant at- tention from computer vision researchers. This interest is strongly motivated by the need for automated person identification systems at a distance in visual surveillance and monitoring applications. As a newly emergent biometric feature, gait is a particularly at- tractive modality from the surveillance point of view. This paper aims to propose a simple",
        "email": null,
        "conf": "IEEE Transactions on Image Processing",
        "coauthors": [
            "tieniu tan",
            "weiming hu",
            "huazhong ning"
        ],
        "keywords": "Background Subtraction,Computer Vision,Distance Measure,Gait Recognition,Image Sequence,Indexing Terms,Pattern Classification,Point of View,Shape Analysis,Statistical Shape Analysis,Visual Surveillance,"
    },
    {
        "id": 3635,
        "label": "536",
        "author": "Liang Wang",
        "title": "Enhanced Visual Analysis for Cluster Tendency Assessment and Data Partitioning",
        "organization": null,
        "abstract": NaN,
        "email": null,
        "conf": "IEEE Transactions on Knowledge and Data Engineering",
        "coauthors": [
            "xin geng",
            "james c. bezdek",
            "christopher leckie",
            "kotagiri ramamohanarao"
        ],
        "keywords": "Data Partitioning,Visual Analysis,"
    },
    {
        "id": 3636,
        "label": "536",
        "author": "Liang Wang",
        "title": "Automatically Determining the Number of Clusters in Unlabeled Data Sets",
        "organization": null,
        "abstract": NaN,
        "email": null,
        "conf": "IEEE Transactions on Knowledge and Data Engineering",
        "coauthors": [
            "christopher leckie",
            "kotagiri ramamohanarao",
            "james c. bezdek"
        ],
        "keywords": "Number of Clusters,Unlabeled Data,"
    },
    {
        "id": 3637,
        "label": "537",
        "author": "Liang Wang",
        "title": "Examplar-based Shape from Shading",
        "organization": null,
        "abstract": "Traditional Shape-from-Shading (SFS) techniques aim to solve an under-constrained problem: estimating depth map from one single image. The results are usually brittle from real images containing detailed shapes. Inspired by re- cent advances in texture synthesis, we present an exemplar- based approach to improve the robustness and accuracy of SFS. In essence, we utilize an appearance database syn- thesized from",
        "email": null,
        "conf": "International Conference on 3-D Imaging and Modeling",
        "coauthors": [
            "xinyu huang",
            "jizhou gao",
            "ruigang yang"
        ],
        "keywords": "3d model,Depth Map,Energy Minimization,Prior Knowledge,Shape From Shading,Texture Synthesis,Ground Truth,"
    },
    {
        "id": 3638,
        "label": "537",
        "author": "Liang Wang",
        "title": "Towards Urban 3D Reconstruction from Video",
        "organization": null,
        "abstract": "The paper introduces a data collection system and a processing pipeline for automatic geo-registered 3D recon- struction of urban scenes from video. The system collects multiple video streams, as well as GPS and INS measure- ments in order to place the reconstructed models in geo- registered coordinates. Besides high quality in terms of both geometry and appearance, we aim at",
        "email": null,
        "conf": "3D Data Processing Visualization and Transmission",
        "coauthors": [
            "amir akbarzadeh",
            "jan-michael frahm",
            "philippos mordohai",
            "brian clipp",
            "chris engels",
            "david gallup",
            "paul merrell",
            "m. phelps",
            "sudipta n. sinha",
            "b. talton",
            "qingxiong yang",
            "henrik stewénius",
            "ruigang yang",
            "greg welch",
            "herman towles",
            "david nistér",
            "marc pollefeys"
        ],
        "keywords": "3d reconstruction,Data Collection,Perforation,Video Streaming,Real Time,"
    },
    {
        "id": 3639,
        "label": "537",
        "author": "Liang Wang",
        "title": "How Far Can We Go with Local Optimization in Real-Time Stereo Matching",
        "organization": null,
        "abstract": NaN,
        "email": null,
        "conf": "3D Data Processing Visualization and Transmission",
        "coauthors": [
            "mingwei gong",
            "minglun gong",
            "ruigang yang"
        ],
        "keywords": "Stereo Matching,Real Time,"
    },
    {
        "id": 3640,
        "label": "537",
        "author": "Liang Wang",
        "title": "High-Quality Real-Time Stereo Using Adaptive Cost Aggregation and Dynamic Programming",
        "organization": null,
        "abstract": "We present a stereo algorithm that achieves high quality results while maintaining real-time performance. The key idea is simple: we introduce an adaptive aggregation step in a dynamic-programming (DP) stereo framework. The per-pixel matching cost is aggregated in the vertical direc- tion only. Compared to traditional DP, our approach re- duces the typical \"streaking\" artifacts without the penalty of blurry",
        "email": null,
        "conf": "3D Data Processing Visualization and Transmission",
        "coauthors": [
            "miao liao",
            "minglun gong",
            "ruigang yang",
            "david nistér"
        ],
        "keywords": "Dynamic Program,Process Capability,Real Time,"
    },
    {
        "id": 3641,
        "label": "537",
        "author": "Liang Wang",
        "title": "Light Fall-off Stereo",
        "organization": null,
        "abstract": "We present light fall-off stereo-LFS-a new method for computing depth from scenes beyond lambertian reflectance and texture. LFS takes a number of images from a station- ary camera as the illumination source moves away from the scene. Based on the inverse square law for light intensity, the ratio images are directly related to scene depth from the perspective of the",
        "email": null,
        "conf": "Computer Vision and Pattern Recognition",
        "coauthors": [
            "miao liao",
            "ruigang yang",
            "minglun gong"
        ],
        "keywords": "Light Intensity,"
    },
    {
        "id": 3642,
        "label": "537",
        "author": "Liang Wang",
        "title": "Stereoscopic inpainting: Joint color and depth completion from stereo images",
        "organization": null,
        "abstract": NaN,
        "email": null,
        "conf": "Computer Vision and Pattern Recognition",
        "coauthors": [
            "hailin jin",
            "ruigang yang",
            "minglun gong"
        ],
        "keywords": null
    },
    {
        "id": 3643,
        "label": "537",
        "author": "Liang Wang",
        "title": "Stereo Matching with Color-Weighted Correlation, Hierarchical Belief Propagation and Occlusion Handling",
        "organization": null,
        "abstract": "In this paper, we formulate an algorithm for the stereo matching problem with careful handling of disparity, dis- continuity and occlusion. The algorithm works with a global matching stereo model based on an energy- minimization framework. The global energy contains two terms, the data term and the smoothness term. The data term is first approximated by a color-weighted correlation, then",
        "email": null,
        "conf": "Computer Vision and Pattern Recognition",
        "coauthors": [
            "qingxiong yang",
            "ruigang yang",
            "henrik stewénius",
            "david nistér"
        ],
        "keywords": "Belief Propagation,Energy Minimization,Loopy Belief Propagation,Stereo Matching,"
    },
    {
        "id": 3644,
        "label": "537",
        "author": "Liang Wang",
        "title": "Fusion of time-of-flight depth and stereo for high accuracy depth maps",
        "organization": null,
        "abstract": "Time-of-flight range sensors have error characteristics which are complementary to passive stereo. They provide real time depth estimates in conditions where passive stereo does not work well, such as on white walls. In contrast, these sensors are noisy and often perform poorly on the tex- tured scenes for which stereo excels. We introduce a method for combining the results from",
        "email": null,
        "conf": "Computer Vision and Pattern Recognition",
        "coauthors": [
            "jiejie zhu",
            "ruigang yang",
            "james davis"
        ],
        "keywords": "Belief Propagation,Depth Estimation,Depth Map,Graph Cut,Probability Distribution Function,Real Time,Time of Flight,"
    },
    {
        "id": 3645,
        "label": "537",
        "author": "Liang Wang",
        "title": "Search Space Reduction for MRF Stereo",
        "organization": null,
        "abstract": "We present an algorithm to reduce per-pixel search ranges for Markov Random Fields-based stereo algorithms. Our algorithm is based on the intuitions that reliably matched pixels need less regular- ization in the energy minimization and neighboring pixels should have similar disparity search ranges if their pixel values are similar. We pro- pose a novel bi-labeling process to classify reliable and",
        "email": null,
        "conf": "European Conference on Computer Vision",
        "coauthors": [
            "hailin jin",
            "ruigang yang"
        ],
        "keywords": "Consistency Checking,Energy Minimization,Search Space,Winner Take All,Left Right,Markov Random Field,"
    },
    {
        "id": 3646,
        "label": "537",
        "author": "Liang Wang",
        "title": "Semantic Segmentation of Urban Scenes Using Dense Depth Maps",
        "organization": null,
        "abstract": NaN,
        "email": null,
        "conf": "European Conference on Computer Vision",
        "coauthors": [
            "chenxi zhang",
            "ruigang yang"
        ],
        "keywords": "Depth Map,"
    },
    {
        "id": 3647,
        "label": "537",
        "author": "Liang Wang",
        "title": "BRDF Invariant Stereo Using Light Transport Constancy",
        "organization": null,
        "abstract": "Nearly all existing methods for stereo reconstruction assume that scene reflectance is Lambertian and make use of brightness constancy as a matching invariant. We introduce a new invariant for stereo reconstruction called Light Transport Constancy, which allows completely arbitrary scene reflectance (BRDFs). This invariant can be used to formulate a rank constraint on multiview stereo matching when the scene is",
        "email": null,
        "conf": "IEEE Transactions on Pattern Analysis and Machine Intelligence",
        "coauthors": [
            "ruigang yang",
            "james e. davis"
        ],
        "keywords": "Light Intensity,Light Transport,Stereo Matching,"
    },
    {
        "id": 3648,
        "label": "537",
        "author": "Liang Wang",
        "title": "Real-Time Visibility-Based Fusion of Depth Maps",
        "organization": null,
        "abstract": "We present a viewpoint-based approach for the quick fu- sion of multiple stereo depth maps. Our method selects depth estimates for each pixel that minimize violations of visibility constraints and thus remove errors and inconsis- tencies from the depth maps to produce a consistent surface. We advocate a two-stage process in which the first stage generates potentially noisy, overlapping depth",
        "email": null,
        "conf": "International Conference on Computer Vision",
        "coauthors": [
            "paul merrell",
            "amir akbarzadeh",
            "philippos mordohai",
            "jan-michael frahm",
            "ruigang yang",
            "david nistér",
            "marc pollefeys"
        ],
        "keywords": "Depth Estimation,Depth Map,Hardware Accelerator,multi-view stereo,Quantitative Analysis,Frames Per Second,Ground Truth,High Throughput,Real Time,"
    },
    {
        "id": 3649,
        "label": "537",
        "author": "Liang Wang",
        "title": "Real-time Light Fall-off Stereo",
        "organization": null,
        "abstract": "We present a real-time depth recovery system using Light Fall-off Stereo (LFS). Our system contains two co-axial point light sources (LEDs) synchronized with a video camera. The video camera captures the scene under these two LEDs in complementary states(e.g., one on, one off). Based on the in- verse square law for light intensity, the depth can be directly solved using",
        "email": null,
        "conf": "International Conference on Image Processing",
        "coauthors": [
            "miao liao",
            "ruigang yang",
            "minglun gong"
        ],
        "keywords": "High Resolution,Light Intensity,Quantitative Evaluation,Real Time,"
    },
    {
        "id": 3650,
        "label": "537",
        "author": "Liang Wang",
        "title": "A Performance Study on Different Cost Aggregation Approaches Used in Real-Time Stereo Matching",
        "organization": null,
        "abstract": "Many vision applications require high-accuracy dense disparity maps in real-time and online. Due to time constraint, most real-time stereo applications rely on local winner-takes-all optimization in the disparity computation process. These local approaches are generally outperformed by offline global optimization based algorithms. However, recent research shows that, through carefully selecting and aggregating the matching costs of neighboring pixels, the disparity",
        "email": null,
        "conf": "International Journal of Computer Vision",
        "coauthors": [
            "minglun gong",
            "ruigang yang",
            "mingwei gong"
        ],
        "keywords": "Global Optimization,Graphics Hardware,Processing Speed,Programmable Graphics Hardware,Stereo Matching,Time Constraint,Winner Take All,Real Time,"
    },
    {
        "id": 3651,
        "label": "537",
        "author": "Liang Wang",
        "title": "Detailed Real-Time Urban 3D Reconstruction from Video",
        "organization": null,
        "abstract": "The paper presents a system for automatic, geo-registered, real-time 3D recon- struction from video of urban scenes. The system collects video streams, as well as GPS and inertia measurements in order to place the reconstructed models in geo-registered coordinates. It is designed using current state of the art real-time modules for all processing steps. It employs commodity graphics hardware and",
        "email": null,
        "conf": "International Journal of Computer Vision",
        "coauthors": [
            "marc pollefeys",
            "david nistér",
            "jan-michael frahm",
            "amir akbarzadeh",
            "philippos mordohai",
            "brian clipp",
            "christoph engels",
            "david gallup",
            "seon joo kim",
            "paul merrell",
            "c. salmi",
            "sudipta n. sinha",
            "b. talton",
            "qingxiong yang",
            "henrik stewénius",
            "ruigang yang",
            "greg welch",
            "herman towles"
        ],
        "keywords": "3d reconstruction,Dynamic Range,Feature Tracking,Graphics Hardware,Video Streaming,Real Time,"
    },
    {
        "id": 3652,
        "label": "537",
        "author": "Liang Wang",
        "title": "BRDF Invariant Stereo Using Light Transport Constancy",
        "organization": null,
        "abstract": "Nearly all existing methods for stereo reconstruction assume that scene reflectance is Lambertian and make use of brightness constancy as a matching invariant. We introduce a new invariant for stereo reconstruction called Light Transport Constancy, which allows completely arbitrary scene reflectance (BRDFs). This invariant can be used to formulate a rank constraint on multiview stereo matching when the scene is",
        "email": null,
        "conf": "IEEE Transactions on Pattern Analysis and Machine Intelligence",
        "coauthors": [
            "ruigang yang",
            "james e. davis"
        ],
        "keywords": "Light Intensity,Light Transport,Stereo Matching,"
    },
    {
        "id": 3653,
        "label": "537",
        "author": "Liang Wang",
        "title": "Stereo Matching with Color-Weighted Correlation, Hierarchical Belief Propagation, and Occlusion Handling",
        "organization": null,
        "abstract": "Abstract In this paper, we formulate an algorithm for the stereo matching problem with careful handling of disparity, discontinuity and,occlusion.,The algorithm,works,with a global matching,stereo model based on an energyminimization,framework.,The global energy contains two terms, the data term and the smoothness term. The data term is first approximated by a color-weighted correlation, then refined in occluded and low-texture areas in a",
        "email": null,
        "conf": "IEEE Transactions on Pattern Analysis and Machine Intelligence",
        "coauthors": [
            "qingxiong yang",
            "ruigang yang",
            "henrik stewénius",
            "david nistér"
        ],
        "keywords": "Belief Propagation,Loopy Belief Propagation,Stereo Matching,"
    },
    {
        "id": 3654,
        "label": "537",
        "author": "Liang Wang",
        "title": "Spatial-Temporal Fusion for High Accuracy Depth Maps Using Dynamic MRFs",
        "organization": null,
        "abstract": "Time-of-flight range sensors and passive stereo have complimentary characteristics in nature. To fuse them to get high accuracy depth maps varying over time, we extend traditional spatial MRFs to dynamic MRFs with temporal coherence. This new model allows both the spatial and the temporal relationship to be propagated in local neighbors. By efficiently finding a maxi- mum of the posterior",
        "email": null,
        "conf": "IEEE Transactions on Pattern Analysis and Machine Intelligence",
        "coauthors": [
            "jiejie zhu",
            "jizhou gao",
            "ruigang yang"
        ],
        "keywords": "Depth Estimation,Depth Map,Dynamic Scenes,Global Optimization,Indexing Terms,Loopy Belief Propagation,Posterior Probability,Temporal Coherence,Time of Flight,"
    },
    {
        "id": 3655,
        "label": "537",
        "author": "Liang Wang",
        "title": "View-dependent textured splatting",
        "organization": null,
        "abstract": "We present a novel approach to render low reso- lution point clouds with multiple high resolution textures — the type of data typical from passive vision systems. The low precision, noisy, and sometimes incomplete nature of such data sets is not suitable for existing point-based ren- dering techniques that are designed to work with high pre- cision and high density",
        "email": null,
        "conf": "The Visual Computer",
        "coauthors": [
            "ruigang yang",
            "david guinnip"
        ],
        "keywords": "Dynamic Scenes,High Resolution,Image Generation,Interactive Rendering,Point Cloud,Rendering System,Vision System,High Density,On The Fly,Real Time,"
    },
    {
        "id": 3656,
        "label": "538",
        "author": "Liang Wang",
        "title": "Language identification using MLKSFM for pre-classification with novel front-end features",
        "organization": null,
        "abstract": NaN,
        "email": null,
        "conf": "International Conference on Acoustics, Speech, and Signal Processing",
        "coauthors": [
            "eliathamby ambikairajah",
            "eric h. c. choi"
        ],
        "keywords": "Language Identification,Front End,"
    },
    {
        "id": 3657,
        "label": "538",
        "author": "Liang Wang",
        "title": "A Novel Method for Automatic Tonal and Non-Tonal Language Classification",
        "organization": null,
        "abstract": NaN,
        "email": null,
        "conf": "International Conference on Multimedia Computing and Systems/International Conference on Multimedia and Expo",
        "coauthors": [
            "eliathamby ambikairajah",
            "eric h. c. choi"
        ],
        "keywords": null
    },
    {
        "id": 3658,
        "label": "538",
        "author": "Liang Wang",
        "title": "Robust language identification based on fused phonotactic information with MLKSFM pre-classifier",
        "organization": null,
        "abstract": NaN,
        "email": null,
        "conf": "International Conference on Multimedia Computing and Systems/International Conference on Multimedia and Expo",
        "coauthors": [
            "eliathamby ambikairajah",
            "eric h. c. choi"
        ],
        "keywords": "Language Identification,"
    },
    {
        "id": 3659,
        "label": "538",
        "author": "Liang Wang",
        "title": "Multi-lingual Phoneme Recognition and Language Identification Using Phonotactic Information",
        "organization": null,
        "abstract": NaN,
        "email": null,
        "conf": "International Conference on Pattern Recognition",
        "coauthors": [
            "eliathamby ambikairajah",
            "eric h. c. choi"
        ],
        "keywords": "Language Identification,"
    },
    {
        "id": 3660,
        "label": "539",
        "author": "Liang Wang",
        "title": "Genetic Algorithm Based Optimal Block Mapping Method for LSB Substitution",
        "organization": null,
        "abstract": NaN,
        "email": null,
        "conf": "Intelligent Information Hiding and Multimedia Signal Processing",
        "coauthors": [
            "rongrong ji",
            "hongxun yao",
            "shaohui liu"
        ],
        "keywords": "Genetic Algorithm,"
    },
    {
        "id": 3661,
        "label": "539",
        "author": "Liang Wang",
        "title": "A New Steganalysis Method for Adaptive Spread Spectrum Steganography",
        "organization": null,
        "abstract": NaN,
        "email": null,
        "conf": "Intelligent Information Hiding and Multimedia Signal Processing",
        "coauthors": [
            "rongrong ji",
            "hongxun yao",
            "shaohui liu",
            "jianchao sun"
        ],
        "keywords": "Spread Spectrum,"
    },
    {
        "id": 3662,
        "label": "539",
        "author": "Liang Wang",
        "title": "Effective and Automatic Calibration Using Concentric Circles",
        "organization": null,
        "abstract": NaN,
        "email": null,
        "conf": "International Journal of Pattern Recognition and Artificial Intelligence",
        "coauthors": [
            "hongxun yao",
            "h. d. cheng"
        ],
        "keywords": null
    },
    {
        "id": 3663,
        "label": "539",
        "author": "Liang Wang",
        "title": "Geometric and Algebraic Approaches of Planar Structure Recovery Based on Properties of Dual Conic",
        "organization": null,
        "abstract": NaN,
        "email": null,
        "conf": "International Journal of Pattern Recognition and Artificial Intelligence",
        "coauthors": [
            "hongxun yao",
            "shaohui liu"
        ],
        "keywords": "Algebraic Approach,"
    },
    {
        "id": 3664,
        "label": "540",
        "author": "Liang Wang",
        "title": "Global Stability of Optimization Based Flow Control with Time-Varying Delays",
        "organization": null,
        "abstract": NaN,
        "email": null,
        "conf": "Parallel and Distributed Computing: Applications and Technologies",
        "coauthors": [
            "yuedong xu",
            "zhihong guan",
            "hua o. wang"
        ],
        "keywords": "Flow Control,Global Stability,Time-varying Delay,"
    },
    {
        "id": 3665,
        "label": "540",
        "author": "Liang Wang",
        "title": "Climate modification directed by control theory",
        "organization": null,
        "abstract": "Climate modification measures to counteract global warming receive some more",
        "email": null,
        "conf": NaN,
        "coauthors": [],
        "keywords": null
    },
    {
        "id": 3671,
        "label": "540",
        "author": "Liang Wang",
        "title": "How to build a DNA search engine like Google?",
        "organization": null,
        "abstract": "This paper presents a novel method to build the large scale DNA sequences",
        "email": null,
        "conf": NaN,
        "coauthors": [],
        "keywords": null
    },
    {
        "id": 3676,
        "label": "540",
        "author": "Liang Wang",
        "title": "Evolution: Google vs. DRIS",
        "organization": null,
        "abstract": "This paper gives an absolute new search system that builds the information",
        "email": null,
        "conf": NaN,
        "coauthors": [
            "guo yi-ping",
            "fang ming"
        ],
        "keywords": null
    },
    {
        "id": 3682,
        "label": "540",
        "author": "Liang Wang",
        "title": "Make search become the internal function of Internet",
        "organization": null,
        "abstract": "Domain Resource Integrated System (DRIS) is introduced in this paper. DRIS is",
        "email": null,
        "conf": NaN,
        "coauthors": [
            "guo yi-ping",
            "fang ming"
        ],
        "keywords": null
    },
    {
        "id": 3687,
        "label": "540",
        "author": "Liang Wang",
        "title": "Web pages search engine based on DNS",
        "organization": null,
        "abstract": "Search engine is main access to the largest information source in this world,",
        "email": null,
        "conf": NaN,
        "coauthors": [
            "guo yi-ping",
            "fang ming"
        ],
        "keywords": null
    },
    {
        "id": 3692,
        "label": "540",
        "author": "Liang Wang",
        "title": "Domain resource integration system",
        "organization": null,
        "abstract": "Domain Resource Integrated System (DRIS) is introduced in this paper. DRIS is a hierarchical distributed Internet information retrieval system. This system will solve some bottleneck problems such as long update interval, poor coverage in current web search system. DRIS will build the information retrieval infrastructure of Internet, but not a commercial search engine. The protocol series of DRIS are also",
        "email": null,
        "conf": "Computing Research Repository",
        "coauthors": [
            "guo yi-ping",
            "fang ming"
        ],
        "keywords": "Distributed System,Information Retrieval,Information Retrieval System,Integrable System,Search Engine,Web Search,web-based service,"
    },
    {
        "id": 3693,
        "label": "540",
        "author": "Liang Wang",
        "title": "Web search engine based on DNS",
        "organization": null,
        "abstract": NaN,
        "email": null,
        "conf": "Journal of Network and Computer Applications",
        "coauthors": [
            "guo yi-ping",
            "fang ming"
        ],
        "keywords": "Web Search Engine,"
    },
    {
        "id": 3694,
        "label": "540",
        "author": "Liang Wang",
        "title": "Web search engine based on DNS",
        "organization": null,
        "abstract": NaN,
        "email": null,
        "conf": "Journal of Network and Computer Applications",
        "coauthors": [
            "guo yi-ping",
            "fang ming"
        ],
        "keywords": "Web Search Engine,"
    },
    {
        "id": 3695,
        "label": "541",
        "author": "Liang Wang",
        "title": "Sensor-Based Human Activity Recognition in a Multi-user Scenario",
        "organization": null,
        "abstract": NaN,
        "email": null,
        "conf": "European Conference on Ambient Intelligence",
        "coauthors": [
            "tao gu",
            "xianping tao",
            "jian lu"
        ],
        "keywords": "Human Activity Recognition,Multi User,"
    },
    {
        "id": 3696,
        "label": "542",
        "author": "Liang Wang",
        "title": "New Equalizing Scheme of Active Noise Equalization System in Automobile Cabin",
        "organization": null,
        "abstract": NaN,
        "email": null,
        "conf": "International Conference on Multimedia Computing and Systems/International Conference on Multimedia and Expo",
        "coauthors": [
            "woon-seng gan",
            "yong kim chong"
        ],
        "keywords": null
    },
    {
        "id": 3697,
        "label": "542",
        "author": "Liang Wang",
        "title": "Convergence Analysis of Narrowband Active Noise Equalizer System Under Imperfect Secondary Path Estimation",
        "organization": null,
        "abstract": "Abstract---- Active  noise  equalizer  systems  are  used  to  adjust the  noise  level  in  an  environment,  based  on  the  preference of  retaining  noise  information.  Several  researches have  been  carried  out  to  determine  the  maximum step size bond of narrowband active noise control system with perfect secondary path estimation without gain factor consideration.  However,  in  practical  environment,  secondary path estimation error ofthe",
        "email": null,
        "conf": "IEEE Transactions on Audio, Speech & Language Processing",
        "coauthors": [
            "woon-seng gan"
        ],
        "keywords": "Active Noise Control,Convergence Analysis,Estimation Error,Indexing Terms,Least Mean Square,Sampling Frequency,"
    },
    {
        "id": 3698,
        "label": "543",
        "author": "Liang Wang",
        "title": "The self-cited rate of scientific journals and the manipulation of their impact factors",
        "organization": null,
        "abstract": NaN,
        "email": null,
        "conf": "Scientometrics",
        "coauthors": [
            "guang yu"
        ],
        "keywords": "Impact Factor,"
    },
    {
        "id": 3699,
        "label": "543",
        "author": "Liang Wang",
        "title": "Reliability-based citation impact factor and the manipulation of impact factor",
        "organization": null,
        "abstract": NaN,
        "email": null,
        "conf": "Scientometrics",
        "coauthors": [
            "guang yu",
            "dong-hui yang"
        ],
        "keywords": "Impact Factor,"
    }
]