[
    {
        "id": 3720,
        "label": "545",
        "author": "Ligang Wang",
        "title": "Validation of SIP/H.323 Interworking Using SDL/MSC",
        "organization": null,
        "abstract": NaN,
        "email": null,
        "conf": "International Conference on System Design Languages",
        "coauthors": [
            "j. william atwood",
            "anjali agarwal"
        ],
        "keywords": null
    },
    {
        "id": 3721,
        "label": "545",
        "author": "Ligang Wang",
        "title": "Modelling and verification of interworking between SIP and H.323",
        "organization": null,
        "abstract": "There are currently two standards for signaling and control of Internet telephone calls, namely ITU-T Recommendation H.323 and the IETF session initiation protocol (SIP). Both protocols provide similar functionality using different mechanisms. Both H.323 and SIP provide interoperability, flexibility and scalability in different aspects and environments. Interworking between SIP and H.323 is essential to ensure full end-to-end connectivity through the",
        "email": null,
        "conf": "Computer Networks and Isdn Systems",
        "coauthors": [
            "anjali agarwal",
            "j. william atwood"
        ],
        "keywords": "Internal Structure,Message Sequence Chart,Session Initiation Protocol,Similarity Function,System Modeling,"
    }
]