[
    {
        "id": 3727,
        "label": "547",
        "author": "Lijun Chen",
        "title": "Evaluating MAX and MIN over Sliding Windows with Various Size Using the Exemplary Sketch",
        "organization": null,
        "abstract": NaN,
        "email": null,
        "conf": "Database Systems for Advanced Applications",
        "coauthors": [
            "jiakui zhao",
            "dongqing yang",
            "bin cui",
            "jun gao"
        ],
        "keywords": "Sliding Window,"
    },
    {
        "id": 3728,
        "label": "547",
        "author": "Lijun Chen",
        "title": "Effective Skyline Cardinality Estimation on Data Streams",
        "organization": null,
        "abstract": NaN,
        "email": null,
        "conf": "Database and Expert Systems Applications",
        "coauthors": [
            "yang lu",
            "jiakui zhao",
            "bin cui",
            "dongqing yang"
        ],
        "keywords": "Data Stream,"
    },
    {
        "id": 3729,
        "label": "547",
        "author": "Lijun Chen",
        "title": "Efficient XML Query Processing in Mediators",
        "organization": null,
        "abstract": "With the advent of XML as the standard for data rep- resentation and exchange over Internet, there are ever in- creasing applications, E-Commerce application in partic- ular, using XML as a mediator model. It raises the issue on how to evaluate XML queries efficiently in mediator sys- tems. In this article, we address the problem of multiple query optimization in",
        "email": null,
        "conf": "DEXA Workshops",
        "coauthors": [
            "liang huai yang",
            "shiwei tang",
            "dongqing yang"
        ],
        "keywords": "E Commerce,Path Expressions,Pattern Matching,Query Language,Query Optimization,Search Space,Statistical Method,Xml Query Processing,"
    },
    {
        "id": 3730,
        "label": "547",
        "author": "Lijun Chen",
        "title": "Improving Text Classification by Using Encyclopedia Knowledge",
        "organization": null,
        "abstract": NaN,
        "email": null,
        "conf": "IEEE International Conference on Data Mining",
        "coauthors": [
            "pu wang",
            "jian hu",
            "hua-jun zeng",
            "zheng chen"
        ],
        "keywords": "Text Classification,"
    },
    {
        "id": 3731,
        "label": "547",
        "author": "Lijun Chen",
        "title": "New Balanced Data Allocating and Online Migrating Algorithms in Database Cluster",
        "organization": null,
        "abstract": NaN,
        "email": null,
        "conf": "Web-Age Information Management",
        "coauthors": [
            "weihua gong",
            "liang huai yang",
            "decai huang"
        ],
        "keywords": null
    },
    {
        "id": 3732,
        "label": "547",
        "author": "Lijun Chen",
        "title": "Cardinality Computing: A New Step Towards Fully Representing Multi-sets by Bloom Filters",
        "organization": null,
        "abstract": NaN,
        "email": null,
        "conf": "Web Information Systems Engineering",
        "coauthors": [
            "jiakui zhao",
            "dongqing yang",
            "jun gao",
            "tengjiao wang"
        ],
        "keywords": "Bloom Filter,"
    },
    {
        "id": 3733,
        "label": "548",
        "author": "Lijun Chen",
        "title": "3D Mesh Compression Using an Efficient Neighborhood-based Segmentation",
        "organization": null,
        "abstract": NaN,
        "email": null,
        "conf": "Distributed Simulation and Real-Time Applications",
        "coauthors": [
            "nicolas d. georganas"
        ],
        "keywords": "Mesh Compression,"
    },
    {
        "id": 3734,
        "label": "548",
        "author": "Lijun Chen",
        "title": "An efficient and robust algorithm for 3D mesh segmentation",
        "organization": null,
        "abstract": "This paper presents an efficient and robust algorithm for 3D mesh segmen- tation. Segmentation is one of the main areas of 3D object modeling. Most segmen- tation methods decompose 3D objects into parts based on curvature analysis. Most of the existing curvature estimation algorithms are computationally costly. The pro- posed algorithm extracts features using Gaussian curvature and concaveness esti- mation",
        "email": null,
        "conf": "Multimedia Tools and Applications",
        "coauthors": [
            "nicolas d. georganas"
        ],
        "keywords": "3d model,Estimation Algorithm,Fast Marching,Feature Extraction,Gaussian Curvature,Mesh Segmentation,Object Model,Region Merging,"
    },
    {
        "id": 3735,
        "label": "548",
        "author": "Lijun Chen",
        "title": "Region-based 3D Mesh Compression Using an Efficient Neighborhood-based Segmentation",
        "organization": null,
        "abstract": "Due to the popularity of polygonal models in the Virtual Reality applications, 3D mesh compression and segmentation are two active areas of 3D object modeling. Most existing 3D compression algorithms compress the whole object to reduce the local storage requirement and the delays in transmitting objects over the Internet. However, in some interactive applications, the client may be interested in",
        "email": null,
        "conf": "Transactions of The Society for Modeling and Simulation International",
        "coauthors": [
            "nicolas d. georganas"
        ],
        "keywords": "Compression Algorithm,Interactive Application,Mesh Compression,Mesh Segmentation,Object Model,Virtual Reality,"
    },
    {
        "id": 3736,
        "label": "549",
        "author": "Lijun Chen",
        "title": "Succinct and Informative Cluster Descriptions for Document Repositories",
        "organization": null,
        "abstract": NaN,
        "email": null,
        "conf": "Web-Age Information Management",
        "coauthors": [
            "guozhu dong"
        ],
        "keywords": null
    },
    {
        "id": 3737,
        "label": "550",
        "author": "Lijun Chen",
        "title": "Distributed Energy Efficient Data Gathering with Intra-cluster Coverage in Wireless Sensor Networks",
        "organization": null,
        "abstract": NaN,
        "email": null,
        "conf": "Asia-Pacific Web Conference",
        "coauthors": [
            "hai-gang gong",
            "ming liu",
            "yinchi mao",
            "li xie"
        ],
        "keywords": "Data Gathering,Energy Efficient,Wireless Sensor Network,"
    },
    {
        "id": 3738,
        "label": "550",
        "author": "Lijun Chen",
        "title": "EEBASS: Energy-Efficient Balanced Storage Scheme for Sensor Networks",
        "organization": null,
        "abstract": "Data-centric storage is an effective and important technique in sensor networks, however, most data-centric storage schemes may not be energy efficient and load balanced due to non-uniform event and query distributions. This paper proposes EEBASS, it utilizes an approximation algorithm to solve the optimal storage placement problem according to the variance of event and query distributions, aiming to minimize the",
        "email": null,
        "conf": "Global Telecommunications Conference",
        "coauthors": [
            "lei xie",
            "daoxu chen",
            "li xie"
        ],
        "keywords": "Approximate Algorithm,Energy Consumption,Energy Efficient,Load Balance,Sensor Network,Data Centric Storage,"
    },
    {
        "id": 3739,
        "label": "550",
        "author": "Lijun Chen",
        "title": "An Energy-Aware Protocol for Data Gathering Applications in Wireless Sensor Networks",
        "organization": null,
        "abstract": "Data gathering is a major function of many applications in wireless sensor networks (WSNs). The most important issue in designing a data gathering algorithm is how to save energy of sensor nodes while meeting the requirement of applications/users such as sensing area coverage. In this paper, we propose a novel hierarchical clustering protocol for long-lived sensor network. EAP achieves a",
        "email": null,
        "conf": "IEEE International Conference on Communications",
        "coauthors": [
            "ming liu",
            "yuan zheng",
            "jiannong cao",
            "guihai chen",
            "hai-gang gong"
        ],
        "keywords": "Data Gathering,Energy Consumption,Hierarchical Clustering,Network Lifetime,Sensor Network,Sensor Nodes,Cluster Head,Wireless Sensor Network,"
    },
    {
        "id": 3740,
        "label": "550",
        "author": "Lijun Chen",
        "title": "Traffic Adaptive MAC Protocol for Wireless Sensor Network",
        "organization": null,
        "abstract": NaN,
        "email": null,
        "conf": "International Conference on Computer Network and Mobile Computing",
        "coauthors": [
            "hai-gang gong",
            "ming liu",
            "yinchi mao",
            "li xie"
        ],
        "keywords": "Mac Protocol,Wireless Sensor Network,"
    },
    {
        "id": 3741,
        "label": "550",
        "author": "Lijun Chen",
        "title": "A Distributed Power-Efficient Data Gathering and Aggregation Protocol for Wireless Sensor Networks",
        "organization": null,
        "abstract": "Abstract: This paper proposes a distributed energy-efficient data gathering and aggregation protocol, in which a node,  according  to  its  residual  energy  and  the  strength  of  the  signal  received  from  its  neighboring  nodes,  independently makes its decision to compete for becoming a cluster head. In addition, assume that the inter-cluster communication  data  in  a  multi-hop  manner  is  sent  to  the  designated",
        "email": null,
        "conf": "International Symposium on Parallel and Distributed Processing and Applications",
        "coauthors": [
            "ming liu",
            "jiannong cao",
            "hai-gang gong",
            "li xie"
        ],
        "keywords": "Data Gathering,Energy Efficient,Power Efficiency,Sensor Network,Spanning Tree,Base Station,Cluster Head,Wireless Sensor Network,"
    },
    {
        "id": 3742,
        "label": "550",
        "author": "Lijun Chen",
        "title": "Coverage Analysis for Wireless Sensor Networks",
        "organization": null,
        "abstract": NaN,
        "email": null,
        "conf": "Mobile Sensor Networks",
        "coauthors": [
            "ming liu",
            "jiannong cao",
            "wei lou",
            "li xie"
        ],
        "keywords": "Coverage Analysis,Wireless Sensor Network,"
    },
    {
        "id": 3743,
        "label": "550",
        "author": "Lijun Chen",
        "title": "Modeling the Topology for Cluster-Based Wireless Sensor Networks",
        "organization": null,
        "abstract": NaN,
        "email": null,
        "conf": NaN,
        "coauthors": [
            "qing-feng pan",
            "daoxu chen",
            "li xie"
        ],
        "keywords": "Wireless Sensor Network,"
    },
    {
        "id": 3744,
        "label": "550",
        "author": "Lijun Chen",
        "title": "Locating Nodes in Mobile Sensor Networks More Accurately and Faster",
        "organization": null,
        "abstract": "Localization in mobile sensor networks is more chal- lenging than in static sensor networks because mobility increases the uncertainty of nodes' positions. Most existing localization algorithms in mobile sensor networks use Sequential Monte Carlo (SMC) methods due to their simplicity in implementation. How- ever, SMC methods are very time-consuming because they need to keep sampling and filtering until enough samples",
        "email": null,
        "conf": NaN,
        "coauthors": [
            "shigeng zhang",
            "jiannong cao",
            "daoxu chen"
        ],
        "keywords": "Indexing Terms,Local Algorithm,Mobile Sensor Network,Position Estimation,Posterior Distribution,Sensor Network,Sequential Monte Carlo,Sequential Monte Carlo Method,Wireless Sensor Net Work,"
    },
    {
        "id": 3745,
        "label": "550",
        "author": "Lijun Chen",
        "title": "A Location-Unaware Connected Coverage Protocol in Wireless Sensor Networks",
        "organization": null,
        "abstract": NaN,
        "email": null,
        "conf": "Ubiquitous Intelligence and Computing",
        "coauthors": [
            "yingchi mao",
            "daoxu chen"
        ],
        "keywords": "Wireless Sensor Network,"
    },
    {
        "id": 3746,
        "label": "550",
        "author": "Lijun Chen",
        "title": "A Clustering-Based Approximation Scheme for In-Network Aggregation over Sensor Networks",
        "organization": null,
        "abstract": NaN,
        "email": null,
        "conf": "Ubiquitous Intelligence and Computing",
        "coauthors": [
            "lei xie",
            "daoxu chen",
            "li xie"
        ],
        "keywords": "Approximation Scheme,Sensor Network,"
    },
    {
        "id": 3747,
        "label": "550",
        "author": "Lijun Chen",
        "title": "An Interference Free Cluster-Based TDMA Protocol for Wireless Sensor Networks",
        "organization": null,
        "abstract": NaN,
        "email": null,
        "conf": "Wireless Algorithms, Systems, and Applications",
        "coauthors": [
            "hai-gang gong",
            "ming liu",
            "xiaomin wang",
            "li xie"
        ],
        "keywords": "Wireless Sensor Network,"
    },
    {
        "id": 3748,
        "label": "550",
        "author": "Lijun Chen",
        "title": "Energy-Efficient Multi-query Optimization over Large-Scale Sensor Networks",
        "organization": null,
        "abstract": NaN,
        "email": null,
        "conf": "Wireless Algorithms, Systems, and Applications",
        "coauthors": [
            "lei xie",
            "sanglu lu",
            "li xie",
            "daoxu chen"
        ],
        "keywords": "Energy Efficient,Large Scale,Query Optimization,Sensor Network,"
    },
    {
        "id": 3749,
        "label": "550",
        "author": "Lijun Chen",
        "title": "EEFF: a cross-layer designed energy efficient fast forwarding protocol for wireless sensor networks",
        "organization": null,
        "abstract": NaN,
        "email": null,
        "conf": "IEEE Wireless Communications & Networking Conference",
        "coauthors": [
            "tao zhang",
            "daoxu chen",
            "li xie"
        ],
        "keywords": "Energy Efficient,Cross Layer Design,Wireless Sensor Network,"
    },
    {
        "id": 3750,
        "label": "550",
        "author": "Lijun Chen",
        "title": "On accuracy of region based localization algorithms for wireless sensor networks",
        "organization": null,
        "abstract": NaN,
        "email": null,
        "conf": "Computer Communications",
        "coauthors": [
            "shigeng zhang",
            "jiannong cao",
            "yingpei zeng",
            "zhuo li",
            "daoxu chen"
        ],
        "keywords": "Local Algorithm,Wireless Sensor Network,"
    },
    {
        "id": 3751,
        "label": "550",
        "author": "Lijun Chen",
        "title": "A traffic aware, energy-efficient MAC protocol for Wireless Sensor Networks",
        "organization": null,
        "abstract": NaN,
        "email": null,
        "conf": "International Journal of Ad Hoc and Ubiquitous Computing",
        "coauthors": [
            "hai-gang gong",
            "jiannong cao",
            "ming liu",
            "li xie"
        ],
        "keywords": "Energy Efficient,Mac Protocol,Wireless Sensor Network,"
    },
    {
        "id": 3752,
        "label": "550",
        "author": "Lijun Chen",
        "title": "Accurate and Energy-Efficient Range-Free Localization for Mobile Sensor Networks",
        "organization": null,
        "abstract": NaN,
        "email": null,
        "conf": "IEEE Transactions on Mobile Computing",
        "coauthors": [
            "shigeng zhang",
            "jiannong cao",
            "daoxu chen"
        ],
        "keywords": "Energy Efficient,Mobile Sensor Network,"
    }
]