[
    {
        "id": 3769,
        "label": "555",
        "author": "Lili He",
        "title": "Design of a 10bit TSMC 0.25um CMOS Digital to Analog Converter",
        "organization": null,
        "abstract": "The goal of this project is to implement a 10-bit segmented current steering TSMC 0.25Pm CMOS digital to analog converter. Binary coded 10-bit data was input to the converter. The converter will convert all combinations of ten bits from digital form into correspondent \"staircase\" voltage levels. A low pass filter placed after the output terminal of the converter is necessary",
        "email": null,
        "conf": "International Symposium on Quality Electronic Design",
        "coauthors": [
            "j. huynh",
            "b. ngo",
            "m. pham"
        ],
        "keywords": "Digital To Analog Converter,Low Pass Filter,"
    },
    {
        "id": 3770,
        "label": "555",
        "author": "Lili He",
        "title": "CMOS Based Low Cost Temperature Sensor",
        "organization": null,
        "abstract": "This paper presents the design of low power, low cost design of temperature sensor that has been designed keeping in view VLSI circuits and technology changes. The circuit occupies an area close to 0.01mm 2 , which is less than 1/100 th of the area occupied by most of the previous circuits that use capacitors and A/D converters. Power dissipation",
        "email": null,
        "conf": "International Symposium on Quality Electronic Design",
        "coauthors": [
            "neehar jandhyala",
            "morris jones"
        ],
        "keywords": "a/d converter,Low Power,Power Dissipation,Temperature Sensor,"
    },
    {
        "id": 3771,
        "label": "555",
        "author": "Lili He",
        "title": "Implementation of power managed hyper transport system for transmission of HD video",
        "organization": null,
        "abstract": "Hyper transport is a bidirectional, serial/parallel high bandwidth, low latency, point-to-point interface architecture. In this architecture, data can be sent on both rising and falling edges of the clock making it an interface that can transmit the data faster when compared to the other architectures that are available in the market today. This architecture also is ACPI (Advanced Configuration and",
        "email": null,
        "conf": "International Symposium on Quality Electronic Design",
        "coauthors": [
            "adithya v. kodati",
            "koneswara s. vemuri",
            "morris jones"
        ],
        "keywords": "Data Flow,Data Transfer,Low Latency,Low Power,Power Management,Power Saving,Transport System,High Definition,Point To Point,"
    },
    {
        "id": 3772,
        "label": "555",
        "author": "Lili He",
        "title": "First-Order Continuous-Time Sigma-Delta Modulator",
        "organization": null,
        "abstract": "This paper presents the design of a first-order continuous-time sigma-delta modulator. It can accept input signal bandwidth of 10 kHz with oversampling ratio of 250. The modulator operates at 1.8 V supply voltage and uses 0.18 um CMOS technology. It achieves a level of 60 dB SNR..",
        "email": null,
        "conf": "International Symposium on Quality Electronic Design",
        "coauthors": [
            "yamei li"
        ],
        "keywords": "Continuous Time,Sigma Delta Modulator,First Order,"
    },
    {
        "id": 3773,
        "label": "555",
        "author": "Lili He",
        "title": "The design of a low-power low-noise phase lock loop",
        "organization": null,
        "abstract": "A phase lock loop is a closed-loop system that causes one system to track with another. More precisely, a PLL can be perceived as a circuit synchronizing an output signal with a reference or input signal in frequency as well as phase. High- performance phase lock loops are widely used within a digital system for clock generation, timing recovery, and",
        "email": null,
        "conf": "International Symposium on Quality Electronic Design",
        "coauthors": [
            "abishek mann",
            "amit karalkar",
            "morris jones"
        ],
        "keywords": "Charge Pump,Digital Systems,Feedback Loop,Generation Time,High Performance,Low Noise,Low Power,Oscillations,Phase Lock Loop,Phase Noise,Power Consumption,Functional Unit,Phase Frequency Detector,"
    },
    {
        "id": 3774,
        "label": "555",
        "author": "Lili He",
        "title": "A low input, low-power dissipation CMOS ADC",
        "organization": null,
        "abstract": "This paper presents the design of a low input (0.75 to 1.75V) and low power dissipation pipelined CMOS ADC. The 8 bits ADC consumes 78.3mW power at 2.5V supply voltage. The DNL and INL are 0.6LSB and 0.7LSB respectively, and SFDR is 51.259dB at 195kHz input frequency. The chip area is 1.023 mm � 0.795 mm with TSMC025..m CMOS technology.",
        "email": null,
        "conf": "International Symposium on Quality Electronic Design",
        "coauthors": [
            "biye wang",
            "morris jones"
        ],
        "keywords": "Low Power,"
    },
    {
        "id": 3775,
        "label": "555",
        "author": "Lili He",
        "title": "A 8b 10Ms/s Low Power Pipelined A/D Converter",
        "organization": null,
        "abstract": NaN,
        "email": null,
        "conf": "International Symposium on Quality Electronic Design",
        "coauthors": [
            "bi yuan",
            "zhang yi"
        ],
        "keywords": "a/d converter,Low Power,"
    },
    {
        "id": 3776,
        "label": "556",
        "author": "Lili He",
        "title": "Wireless Digital Gas Meter with Lower Power Consumption",
        "organization": null,
        "abstract": NaN,
        "email": null,
        "conf": NaN,
        "coauthors": [
            "yu jiang",
            "yanchun liang",
            "yang cui",
            "yinghui cao",
            "chengquan hu"
        ],
        "keywords": "Power Consumption,"
    },
    {
        "id": 3777,
        "label": "556",
        "author": "Lili He",
        "title": "ICHAMELEON: An Incremental CHAMELEON Algorithm",
        "organization": null,
        "abstract": NaN,
        "email": null,
        "conf": "Computational Intelligence",
        "coauthors": [
            "hongtao bai",
            "chengquan hu",
            "hu shi",
            "fei song"
        ],
        "keywords": null
    },
    {
        "id": 3778,
        "label": "556",
        "author": "Lili He",
        "title": "Conditional Delegation Model Based on Weighted Roles for Workflow",
        "organization": null,
        "abstract": NaN,
        "email": null,
        "conf": "International Conference for Young Computer Scientists",
        "coauthors": [
            "jian zhang",
            "niya li",
            "di luo",
            "chengquan hu"
        ],
        "keywords": null
    },
    {
        "id": 3779,
        "label": "556",
        "author": "Lili He",
        "title": "Dynamic Integration Strategy for Mediation Framework",
        "organization": null,
        "abstract": NaN,
        "email": null,
        "conf": "Software Engineering and Knowledge Engineering",
        "coauthors": [
            "hongtao bai",
            "jiachen zhang",
            "chengquan hu"
        ],
        "keywords": null
    },
    {
        "id": 3780,
        "label": "557",
        "author": "Lili He",
        "title": "Spatio-Temporal Deconvolution of Perfusion CT Data in Rectal Tumor Patients",
        "organization": null,
        "abstract": NaN,
        "email": null,
        "conf": "IEEE International Symposium on Biomedical Imaging",
        "coauthors": [
            "burkay orten",
            "w. clem karl",
            "avinish kambadakone",
            "dushyant sahani",
            "homer h. pien"
        ],
        "keywords": null
    },
    {
        "id": 3781,
        "label": "557",
        "author": "Lili He",
        "title": "A Spatio-Temporal Deconvolution Method to Improve Perfusion CT Quantification",
        "organization": null,
        "abstract": NaN,
        "email": null,
        "conf": "IEEE Transactions on Medical Imaging",
        "coauthors": [
            "burkay orten",
            "william clement karl",
            "avinish kambadakone",
            "dushyant sahani",
            "homer h. pien"
        ],
        "keywords": null
    },
    {
        "id": 3782,
        "label": "557",
        "author": "Lili He",
        "title": "A Nonlocal Maximum Likelihood Estimation Method for Rician Noise Reduction in MR Images",
        "organization": null,
        "abstract": NaN,
        "email": null,
        "conf": "IEEE Transactions on Medical Imaging",
        "coauthors": [
            "ian r. greenshields"
        ],
        "keywords": "Maximum Likelihood Estimate,Mr Imaging,Noise Reduction,"
    },
    {
        "id": 3783,
        "label": "558",
        "author": "Lili He",
        "title": "The Design of LQR Controller Based on Independent Mode Space for Active Vibration Control",
        "organization": null,
        "abstract": NaN,
        "email": null,
        "conf": "International Symposium on Intelligence Computation and Applications",
        "coauthors": [
            "jingjun zhang",
            "ercheng wang",
            "ruizhen gao"
        ],
        "keywords": "Active Vibration Control,"
    },
    {
        "id": 3784,
        "label": "558",
        "author": "Lili He",
        "title": "A LQR Controller Design for Active Vibration Control of Flexible Structures",
        "organization": null,
        "abstract": NaN,
        "email": null,
        "conf": "IEEE Pacific-Asia Workshop on Computational Intelligence and Industrial Application",
        "coauthors": [
            "jingjun zhang",
            "ercheng wang",
            "ruizhen gao"
        ],
        "keywords": "Active Vibration Control,Controller Design,Flexible Structure,"
    },
    {
        "id": 3785,
        "label": "558",
        "author": "Lili He",
        "title": "Active Vibration Control of Piezoelectric Intelligent Structures",
        "organization": null,
        "abstract": NaN,
        "email": null,
        "conf": "Journal of Computers",
        "coauthors": [
            "jingjun zhang",
            "ercheng wang"
        ],
        "keywords": "Active Vibration Control,"
    },
    {
        "id": 3786,
        "label": "559",
        "author": "Lili He",
        "title": "Multi-agent framework for distributed geographic information services",
        "organization": null,
        "abstract": NaN,
        "email": null,
        "conf": "IEEE International Conference on Systems, Man, and Cybernetics",
        "coauthors": [
            "deng chao"
        ],
        "keywords": "Geographic Information,"
    },
    {
        "id": 3787,
        "label": "560",
        "author": "Lili He",
        "title": "Multiresolution model based extraction of product feature lines in reverse engineering",
        "organization": null,
        "abstract": NaN,
        "email": null,
        "conf": "Engineering With Computers",
        "coauthors": [
            "zhiyang chen",
            "wei peng",
            "xiuzi ye"
        ],
        "keywords": "multiresolution modeling,Reverse Engineering,"
    }
]