[
    {
        "id": 3794,
        "label": "564",
        "author": "Lin Cai",
        "title": "On the neural network approach in software reliability modeling",
        "organization": null,
        "abstract": NaN,
        "email": null,
        "conf": "Journal of Systems and Software",
        "coauthors": [
            "kai-yuan cai",
            "wei-dong wang",
            "zhou-yi yu",
            "david zhang"
        ],
        "keywords": "Software Reliability,Neural Network,"
    }
]