[
    {
        "id": 3803,
        "label": "566",
        "author": "Lin Zhu",
        "title": "Mining Investment Venture Rules from Insurance Data Based on Decision Tree",
        "organization": null,
        "abstract": NaN,
        "email": null,
        "conf": "International Conference on Computational Science",
        "coauthors": [
            "tian jinlan",
            "suqin zhang",
            "ben li"
        ],
        "keywords": "Decision Tree,"
    },
    {
        "id": 3804,
        "label": "566",
        "author": "Lin Zhu",
        "title": "Parallelism of Association Rules Mining and Its Application in Insurance Operations",
        "organization": null,
        "abstract": NaN,
        "email": null,
        "conf": "International Conference on Computational Science",
        "coauthors": [
            "tian jinlan",
            "suqin zhang",
            "gang huang"
        ],
        "keywords": "Association Rule Mining,"
    }
]