[
    {
        "id": 3796,
        "label": "565",
        "author": "Lin Gao",
        "title": "Region-Based Partial Dead Code Elimination on Predicated Code",
        "organization": null,
        "abstract": "This paper presents the design, implementation and experi- mental evaluation of a practical region-based partial dead code elimina- tion (PDE) algorithm on predicated code in an existing compiler frame- work. Our algorithm processes PDE candidates using a worklist and reasons about their partial deadness using predicate partition graphs. It operates uniformly on hyperblocks and regions comprising basic blocks and hyperblocks.",
        "email": null,
        "conf": "Compiler Construction",
        "coauthors": [
            "qiong cai",
            "jingling xue"
        ],
        "keywords": "Instruction Scheduling,Performance Improvement,"
    },
    {
        "id": 3797,
        "label": "565",
        "author": "Lin Gao",
        "title": "Exploiting Speculative TLP in Recursive Programs by Dynamic Thread Prediction",
        "organization": null,
        "abstract": "Speculative parallelisation represents a promising solut ion to speed up sequential programs that are hard to parallelise otherwi se. Prior research has focused mainly on parallelising loops. Recursive procedures, which are also fre- quently used in real-world applications, have attracted much less attention. More- over, the parallel threads in prior work are statically pred icted and spawned. In this paper,",
        "email": null,
        "conf": "Compiler Construction",
        "coauthors": [
            "lian li",
            "jingling xue",
            "tin-fook ngai"
        ],
        "keywords": "Real World Application,Thread Level Parallelism,"
    },
    {
        "id": 3798,
        "label": "565",
        "author": "Lin Gao",
        "title": "Loop recreation for thread-level speculation",
        "organization": null,
        "abstract": "For some sequential loops, existing techniques that form speculative threads only at their loop boundaries do not adequately expose the speculative parallelism in- herent in them. This is because some inter-iteration dependences, which translate into inter-thread depen- dences at run time, are too costly to synchronize or speculate. This paper presents a novel compiler tech- nique, called loop recreation, to",
        "email": null,
        "conf": "International Conference on Parallel and Distributed Systems",
        "coauthors": [
            "lian li",
            "jingling xue",
            "tin-fook ngai"
        ],
        "keywords": "Cost Model,Perforation,Thread Level Speculation,"
    },
    {
        "id": 3799,
        "label": "565",
        "author": "Lin Gao",
        "title": "Thread-Sensitive Modulo Scheduling for Multicore Processors",
        "organization": null,
        "abstract": "This paper describes a generalisation of modulo scheduling to parallelise loops for SpMT processors that exploits simultaneously both instruction-level parallel ism and thread-level parallelism while preserving the simplic - ity and effectiveness of modulo scheduling. Our generalisa - tion is simple, drops easily into traditional modulo schedu l- ing algorithms such as Swing in GCC 4.1.1 and produces good speedups",
        "email": null,
        "conf": "International Conference on Parallel Processing",
        "coauthors": [
            "quan hoang nguyen",
            "lian li",
            "jingling xue",
            "tin-fook ngai"
        ],
        "keywords": "Instruction Level Parallel,Modulo Scheduling,Multicore Processors,Thread Level Parallelism,"
    },
    {
        "id": 3800,
        "label": "565",
        "author": "Lin Gao",
        "title": "Loop recreation for thread-level speculation on multicore processors",
        "organization": null,
        "abstract": "SUMMARY Inter-iteration dependences in loops can hinder loop-level parallelism. For some loops, existing thread-level speculation (TLS) techniques fail to expose their inherent loop-level parallelism, because some inter-iteration dependences are too costly to synchronize, predict, pre-compute and isolate. This paper presents a compiler technique called loop recreation to change the nature of some dependences (by turning some inter-iteration dependences into intra-iteration",
        "email": null,
        "conf": "Software - Practice and Experience",
        "coauthors": [
            "jingling xue",
            "tin-fook ngai"
        ],
        "keywords": "Cost Model,Multicore Processors,Thread Level Speculation,"
    },
    {
        "id": 3801,
        "label": "565",
        "author": "Lin Gao",
        "title": "Partial dead code elimination on predicated code regions",
        "organization": null,
        "abstract": "SUMMARY This paper presents the design, implementation and experimental evaluation of a practical region-based partial dead code elimination (PDE) algorithm on predicated code in the ORC compiler framework. Existing PDE algorithms are not applicable on predicated code due to the existence of if-converted branches in the program. The proposed algorithm processes all PDE candidates in a worklist and reasons about",
        "email": null,
        "conf": "Software - Practice and Experience",
        "coauthors": [
            "jingling xue",
            "qiong cai"
        ],
        "keywords": "Experimental Evaluation,Instruction Scheduling,Performance Evaluation,Performance Improvement,"
    }
]