[
    {
        "id": 3828,
        "label": "569",
        "author": "Lingyu Wang",
        "title": "Near and Far Infrared Imaging for Vein Pattern Biometrics",
        "organization": null,
        "abstract": NaN,
        "email": null,
        "conf": "Advanced Video and Signal Based Surveillance",
        "coauthors": [
            "graham leedham"
        ],
        "keywords": "Far Infrared,"
    },
    {
        "id": 3829,
        "label": "569",
        "author": "Lingyu Wang",
        "title": "A Watershed Algorithmic Approach for Gray-Scale Skeletonization in Thermal Vein Pattern Biometrics",
        "organization": null,
        "abstract": NaN,
        "email": null,
        "conf": "Computational and Information Science",
        "coauthors": [
            "graham leedham"
        ],
        "keywords": null
    },
    {
        "id": 3830,
        "label": "569",
        "author": "Lingyu Wang",
        "title": "A Thermal Hand Vein Pattern Verification System",
        "organization": null,
        "abstract": "Many biometrics, such as face, fingerprint and iris images, have been studied extensively for personal verification purposes in the past few decades. However, verification using vein patterns is less devel- oped compared to other human traits. A new personal verification system using the thermal-imaged vein pattern in the back of the hand is pre- sented in the paper. The system",
        "email": null,
        "conf": "Advances in Pattern Recognition",
        "coauthors": [
            "graham leedham"
        ],
        "keywords": "hausdorff distance,Image Enhancement,Thermal Imaging,"
    },
    {
        "id": 3831,
        "label": "569",
        "author": "Lingyu Wang",
        "title": "Minutiae feature analysis for infrared hand vein pattern biometrics",
        "organization": null,
        "abstract": NaN,
        "email": null,
        "conf": "Pattern Recognition",
        "coauthors": [
            "graham leedham",
            "david siu-yeung cho"
        ],
        "keywords": "Feature Analysis,Infrared,"
    }
]