[
    {
        "id": 3806,
        "label": "567",
        "author": "Ling Chen",
        "title": "The Art of Tagging: Measuring the Quality of Tags",
        "organization": null,
        "abstract": NaN,
        "email": null,
        "conf": "Asian Semantic Web Conference",
        "coauthors": [
            "ralf krestel"
        ],
        "keywords": null
    },
    {
        "id": 3807,
        "label": "567",
        "author": "Ling Chen",
        "title": "In the Search of NECTARs from Evolutionary Trees",
        "organization": null,
        "abstract": NaN,
        "email": null,
        "conf": "Database Systems for Advanced Applications",
        "coauthors": [
            "sourav s. bhowmick"
        ],
        "keywords": "Evolutionary Trees,"
    },
    {
        "id": 3808,
        "label": "567",
        "author": "Ling Chen",
        "title": "Mining Positive and Negative Association Rules from XML Query Patterns for Caching",
        "organization": null,
        "abstract": "Recently, several approaches that mine frequent XML query patterns and cache their results have been proposed to improve query response time. However, frequent XML query patterns mined by these approaches ignore the temporal sequence between user queries. In this paper, we take into account the temporal features of user queries to dis- cover association rules, which indicate that when a",
        "email": null,
        "conf": "Database Systems for Advanced Applications",
        "coauthors": [
            "sourav s. bhowmick",
            "liang-tien chia"
        ],
        "keywords": "Association Rule,Cache Performance,Cache Replacement,Negative Association,Pattern Mining,Xml Document,"
    },
    {
        "id": 3809,
        "label": "567",
        "author": "Ling Chen",
        "title": "COWES: Clustering Web Users Based on Historical Web Sessions",
        "organization": null,
        "abstract": "Clustering web users is one of the most important research topics in web usage mining. Existing approaches cluster web users based on the snapshots of web user sessions. They do not take into account the dynamic nature of web usage data. In this paper, we focus on discov- ering novel knowledge by clustering web users based on the evolutions of",
        "email": null,
        "conf": "Database Systems for Advanced Applications",
        "coauthors": [
            "sourav s. bhowmick",
            "jinyan li"
        ],
        "keywords": "Web Caching,Web Usage Mining,"
    },
    {
        "id": 3810,
        "label": "567",
        "author": "Ling Chen",
        "title": "Mining Maximal Frequently Changing Subtree Patterns from XML Documents",
        "organization": null,
        "abstract": "Due to the dynamic nature of online information, XML doc- uments typically evolve over time. The change of the data values or struc- tures of an XML document may exhibit some particular patterns. In this paper, we focus on the sequence of changes to the structures of an XML document to flnd out which subtrees in the XML structure frequently",
        "email": null,
        "conf": "Data Warehousing and Knowledge Discovery",
        "coauthors": [
            "sourav s. bhowmick",
            "liang-tien chia"
        ],
        "keywords": "Xml Document,"
    },
    {
        "id": 3811,
        "label": "567",
        "author": "Ling Chen",
        "title": "DECK: Detecting Events from Web ClickThrough Data",
        "organization": null,
        "abstract": NaN,
        "email": null,
        "conf": "IEEE International Conference on Data Mining",
        "coauthors": [
            "yiqun hu",
            "wolfgang nejdl"
        ],
        "keywords": null
    },
    {
        "id": 3812,
        "label": "567",
        "author": "Ling Chen",
        "title": "VRules: an effective association-based classifier for videos",
        "organization": null,
        "abstract": "Video classification is an important step towards multimedia understanding. Most state-of-the-art approaches which apply HMM to capture the temporal information of videos have the limitation by assuming that the current state of a video depends only on the immediate previous state. Nevertheless, this assumption may not hold for videos of various categories. In this paper, we present an effective video",
        "email": null,
        "conf": "ACM International Workshop on Multimedia Databases",
        "coauthors": [
            "sourav s. bhowmick",
            "liang-tien chia"
        ],
        "keywords": "Association Rule,Association Rule Mining,Pattern Mining,State Transition,Temporal Information,"
    },
    {
        "id": 3813,
        "label": "567",
        "author": "Ling Chen",
        "title": "Mining Association Rules from Structural Deltas of Historical XML Documents",
        "organization": null,
        "abstract": NaN,
        "email": null,
        "conf": "Pacific-Asia Conference on Knowledge Discovery and Data Mining",
        "coauthors": [
            "sourav s. bhowmick",
            "liang-tien chia"
        ],
        "keywords": "Association Rule,Xml Document,"
    },
    {
        "id": 3814,
        "label": "567",
        "author": "Ling Chen",
        "title": "Mining Temporal Indirect Associations",
        "organization": null,
        "abstract": "This paper presents a novel pattern called temporal indirect associ- ation. An indirect association pattern refers to a pair of items that rarely occur together but highly depend on the presence of a mediator itemset. The exist- ing model of indirect association does not consider the lifespan of items. Con- sequently, some discovered patterns may be invalid while some useful",
        "email": null,
        "conf": "Pacific-Asia Conference on Knowledge Discovery and Data Mining",
        "coauthors": [
            "sourav s. bhowmick",
            "jinyan li"
        ],
        "keywords": null
    },
    {
        "id": 3815,
        "label": "567",
        "author": "Ling Chen",
        "title": "PHAROS - Personalizing Users' Experience in Audio-Visual Online Spaces",
        "organization": null,
        "abstract": "The large volume of user generated content, although sometimes amateurish, represents a valuable source of information for audiovisual service providers. For example, companies and organizations can efficiently get feedback from consumers observing their online interaction with social media providers. Offering accurately personalized services is possible now, since users provide more personal information about themselves openly, which was previously much more",
        "email": null,
        "conf": NaN,
        "coauthors": [
            "raluca paiu",
            "claudiu s. firan",
            "wolfgang nejdl"
        ],
        "keywords": "Building Technology,New Media,Online Interaction,Search and Retrieval,Social Media,User Generated Content,Audio Visual,Service Provider,"
    },
    {
        "id": 3816,
        "label": "567",
        "author": "Ling Chen",
        "title": "Improving music genre classification using collaborative tagging data",
        "organization": null,
        "abstract": "As a fundamental and critical component of music infor- mation retrieval (MIR) systems, music genre classiflcation has attracted considerable research attention. Automati- cally classifying music by genre is, however, a challenging problem due to the fact that music is an evolving art. While most of the existing work categorizes music using features extracted from music audio signals, in this paper,",
        "email": null,
        "conf": "Web Search and Data Mining",
        "coauthors": [
            "phillip wright",
            "wolfgang nejdl"
        ],
        "keywords": "Collaborative Tagging,Data Collection,Feature Extraction,Music Genre Classification,Semantic Information,Social Network,"
    },
    {
        "id": 3817,
        "label": "567",
        "author": "Ling Chen",
        "title": "Mirror site maintenance based on evolution associations of web directories",
        "organization": null,
        "abstract": "Mirroring Web sites is a well-known technique commonly used in the Web community. A mirror site should be up- dated frequently to ensure that it reflects the content of the original site. Existing mirroring tools apply page-level strategies to check each page of a site, which is inefficient and expensive. In this paper, we propose a novel site-level mirror maintenance",
        "email": null,
        "conf": "World Wide Web Conference Series",
        "coauthors": [
            "sourav s. bhowmick",
            "wolfgang nejdl"
        ],
        "keywords": "Association Rule,Web Community,Web Evolution,"
    },
    {
        "id": 3818,
        "label": "567",
        "author": "Ling Chen",
        "title": "Using subspace analysis for event detection from web clickthrough data",
        "organization": null,
        "abstract": "Although most of existing research usually detects events by ana- lyzing the content or structural information of Web documents, a recent direction is to study the usage data. In this paper, we focus on detecting events from Web click-through data generated by Web search engines. We propose a novel approach which effectively detects events from click-through data based on robust",
        "email": null,
        "conf": "World Wide Web Conference Series",
        "coauthors": [
            "yiqun hu",
            "wolfgang nejdl"
        ],
        "keywords": "Event Detection,Web Documents,Web Search Engine,principal compo nent analysis,"
    },
    {
        "id": 3819,
        "label": "567",
        "author": "Ling Chen",
        "title": "FRACTURE mining: Mining frequently and concurrently mutating structures from historical XML documents",
        "organization": null,
        "abstract": "In the past few years, the fast proliferation of available XML documents has stim- ulated a great deal of interest in discovering hidden and nontrivial knowledge from XML repositories. However, to the best of our knowledge, none of existing work on XML mining has taken into account the dynamic nature of XML documents as online information. The present article proposes",
        "email": null,
        "conf": "Data & Knowledge Engineering",
        "coauthors": [
            "sourav s. bhowmick",
            "liang-tien chia"
        ],
        "keywords": "Divide and Conquer,Frequent Pattern,Xml Document,"
    },
    {
        "id": 3820,
        "label": "567",
        "author": "Ling Chen",
        "title": "COWES: Web user clustering based on evolutionary web sessions",
        "organization": null,
        "abstract": "As one of the most important tasks of Web Usage Mining (WUM), web user clustering, which establishes groups of users exhibiting similar browsing patterns, provides useful knowledge to personalized web services and motivates long term research interests in the web community. Most of the existing approaches cluster web users based on the snap- shots of web usage data, although web",
        "email": null,
        "conf": "Data & Knowledge Engineering",
        "coauthors": [
            "sourav s. bhowmick",
            "wolfgang nejdl"
        ],
        "keywords": "Information Need,Pattern Mining,Web Caching,Web Community,Web Service,Web Usage Mining,"
    },
    {
        "id": 3821,
        "label": "567",
        "author": "Ling Chen",
        "title": "XML structural delta mining: Issues and challenges",
        "organization": null,
        "abstract": NaN,
        "email": null,
        "conf": "Data & Knowledge Engineering",
        "coauthors": [
            "qiankun zhao",
            "sourav s. bhowmick",
            "sanjay kumar madria"
        ],
        "keywords": "Association Rule,Change Detection,Data Mining,Search Engine,Structural Change,Xml Document,"
    },
    {
        "id": 3822,
        "label": "567",
        "author": "Ling Chen",
        "title": "NEAR-Miner: Mining Evolution Associations of Web Site Directories for Efficient Maintenance of Web Archives",
        "organization": null,
        "abstract": "Web archives preserve the history of autonomous Web sites and are potential gold mines for all kinds of media and business analysts. The most common Web archiving tech- nique uses crawlers to automate the process of collecting Web pages. However, (re)downloading entire collection of pages periodically from a large Web site is unfeasible. In this paper, we take a step",
        "email": null,
        "conf": "Proceedings of The Vldb Endowment",
        "coauthors": [
            "sourav s. bhowmick",
            "wolfgang nejdl"
        ],
        "keywords": "Association Rule,Data Mining,Gold Mining,Web Pages,"
    }
]