[
    {
        "id": 3833,
        "label": "570",
        "author": "Liping Zhao",
        "title": "Inter-enterprise Multi-processes Quality Dynamic Control Method Based on Processing Network",
        "organization": null,
        "abstract": NaN,
        "email": null,
        "conf": "International Conference on Intelligent Robotics and Applications",
        "coauthors": [
            "yongtao qin",
            "yiyong yao",
            "damin xu"
        ],
        "keywords": "Dynamic Control,Process Network,"
    },
    {
        "id": 3834,
        "label": "570",
        "author": "Liping Zhao",
        "title": "Dual-Core Embedded Real-Time Inspection and Analysis Platform for Field Quality Control and Application",
        "organization": null,
        "abstract": NaN,
        "email": null,
        "conf": "International Conference on Intelligent Robotics and Applications",
        "coauthors": [
            "yiyong yao",
            "xin li",
            "damin xu"
        ],
        "keywords": "Quality Control,Real Time,"
    },
    {
        "id": 3835,
        "label": "570",
        "author": "Liping Zhao",
        "title": "Service Design for Product Lifecycle in Service Oriented Manufacturing",
        "organization": null,
        "abstract": NaN,
        "email": null,
        "conf": "International Conference on Intelligent Robotics and Applications",
        "coauthors": [
            "jun wan",
            "pingyu jiang",
            "yongtao qin"
        ],
        "keywords": "Service Design,Service Orientation,"
    },
    {
        "id": 3836,
        "label": "570",
        "author": "Liping Zhao",
        "title": "A Quality Control Model for Extended Enterprises and Its Implementation",
        "organization": null,
        "abstract": NaN,
        "email": null,
        "conf": "IFIP TC8 Publications",
        "coauthors": [
            "yongtao qin",
            "yiyong yao",
            "damin xu"
        ],
        "keywords": "Extended Enterprise,Quality Control,"
    },
    {
        "id": 3837,
        "label": "570",
        "author": "Liping Zhao",
        "title": "Quality Tracing and Control Information System for Extended Enterprise",
        "organization": null,
        "abstract": NaN,
        "email": null,
        "conf": "IFIP TC8 Publications",
        "coauthors": [
            "damin xu",
            "yiyong yao",
            "yongtao qin"
        ],
        "keywords": "Extended Enterprise,Information System,"
    },
    {
        "id": 3838,
        "label": "571",
        "author": "Liping Zhao",
        "title": "A KNN-Based Learning Method for Biology Species Categorization",
        "organization": null,
        "abstract": NaN,
        "email": null,
        "conf": "International Conference on Natural Computation",
        "coauthors": [
            "yan dang",
            "yulei zhang",
            "dongmo zhang"
        ],
        "keywords": "Learning Methods,"
    },
    {
        "id": 3839,
        "label": "571",
        "author": "Liping Zhao",
        "title": "Information theory-based algorithm for in silico prediction of PCR products with whole genomic sequences as templates",
        "organization": null,
        "abstract": NaN,
        "email": null,
        "conf": "BMC Bioinformatics",
        "coauthors": [
            "youfang cao",
            "lianjie wang",
            "kexue xu",
            "chunhai kou",
            "yulei zhang",
            "guifang wei",
            "junjian he",
            "yunfang wang"
        ],
        "keywords": "Genome Sequence,in silico,Information Theory,"
    },
    {
        "id": 3840,
        "label": "572",
        "author": "Liping Zhao",
        "title": "A No-Word-Segmentation Hierarchical Clustering Approach to Chinese Web Search Results",
        "organization": null,
        "abstract": NaN,
        "email": null,
        "conf": "Asia Information Retrieval Symposium",
        "coauthors": [
            "hui zhang",
            "rui liu",
            "deqing wang"
        ],
        "keywords": "Hierarchical Clustering,Web Search,Word Segmentation,"
    },
    {
        "id": 3841,
        "label": "573",
        "author": "Liping Zhao",
        "title": "An Event Detection Algorithm Based on Improved STC",
        "organization": null,
        "abstract": NaN,
        "email": null,
        "conf": "International Conference on Networking, Sensing and Control",
        "coauthors": [
            "li-qing qiu",
            "bin pang"
        ],
        "keywords": "Event Detection,"
    }
]