[
    {
        "id": 3843,
        "label": "574",
        "author": "Long Wang",
        "title": "Building Content Clusters Based on Modelling Page Pairs",
        "organization": null,
        "abstract": "We give a new view on building content clusters from page pair models. We measure the heuristic importance within every two pages by computing the distance of their accessed positions in usage sessions. We also compare our page pair models with the classical pair models used in information theories and natural language processing, and give different evaluation methods to build",
        "email": null,
        "conf": "Asia-Pacific Web Conference",
        "coauthors": [
            "christoph meinel"
        ],
        "keywords": "Evaluation Method,Information Theory,Natural Language Processing,"
    },
    {
        "id": 3844,
        "label": "574",
        "author": "Long Wang",
        "title": "Mining the Students' Learning Interest in Browsing Web-Streaming Lectures",
        "organization": null,
        "abstract": NaN,
        "email": null,
        "conf": "IEEE Symposium on Computational Intelligence and Data Mining",
        "coauthors": [
            "christoph meinel"
        ],
        "keywords": null
    },
    {
        "id": 3845,
        "label": "574",
        "author": "Long Wang",
        "title": "Post Recommendation in Social Web Site",
        "organization": null,
        "abstract": NaN,
        "email": null,
        "conf": "Electronic Government",
        "coauthors": [
            "justus bross",
            "christoph meinel"
        ],
        "keywords": "Social Web,"
    },
    {
        "id": 3846,
        "label": "574",
        "author": "Long Wang",
        "title": "Behaviour Recovery and Complicated Pattern Definition in Web Usage Mining",
        "organization": null,
        "abstract": "Data mining includes four steps: data preparation, pattern mining, and pattern analysis and pattern application. But in web environment, the user activities become much more complex because of the complex web structure. So user behaviours recovery and pattern definition play more important roles in web mining than other applications. In this paper, we gave a new view on behaviour recovery",
        "email": null,
        "conf": "International Conference on Web Engineering",
        "coauthors": [
            "christoph meinel"
        ],
        "keywords": "Data Mining,Pattern Mining,Sequential Pattern,Tree Structure,User Behaviour,Web Mining,Web Usage Mining,"
    },
    {
        "id": 3847,
        "label": "574",
        "author": "Long Wang",
        "title": "X-Tracking the Changes of Web Navigation Patterns",
        "organization": null,
        "abstract": NaN,
        "email": null,
        "conf": "Pacific-Asia Conference on Knowledge Discovery and Data Mining",
        "coauthors": [
            "christoph meinel"
        ],
        "keywords": "Web Navigation,"
    },
    {
        "id": 3848,
        "label": "574",
        "author": "Long Wang",
        "title": "Discovering Characteristic Individual Accessing Behaviors in Web Environment",
        "organization": null,
        "abstract": "Discovering diverse individual accessing behaviors in web en- vironment is required before mining the valuable patterns from behaviors of groups of visitors. In this paper, we investigate the data preparation in web usage mining, and especially focus on discovering characteristic in- dividual accessing behaviors and give a systematic and formalized study on this topic. Based on the target usage patterns,",
        "email": null,
        "conf": "Rough Sets, Fuzzy Sets, Data Mining, and Granular-Soft Computing",
        "coauthors": [
            "christoph meinel",
            "chunnian liu"
        ],
        "keywords": "Experimental Study,Tree Structure,Web Usage Mining,"
    },
    {
        "id": 3849,
        "label": "574",
        "author": "Long Wang",
        "title": "Recovering Individual Accessing Behaviour from Web Logs",
        "organization": null,
        "abstract": "In this paper, we pre sent a new view on the data preparation in web usage mining. We concentrate on recovering individual usage behaviour from accessing records on web site. We defined five categories of individual behaviours such as granular accessing behaviour, linear sequential behaviour, tree structure behaviour, acyclic routing behaviour and cyclic routing behaviour. The algorithms for recovering different",
        "email": null,
        "conf": "Software Engineering and Knowledge Engineering",
        "coauthors": [
            "christoph meinel"
        ],
        "keywords": "Experimental Study,Tree Structure,Web Usage Mining,"
    },
    {
        "id": 3850,
        "label": "574",
        "author": "Long Wang",
        "title": "Detecting the Changes ofWeb Students' Learning Interest",
        "organization": null,
        "abstract": NaN,
        "email": null,
        "conf": "Web Intelligence",
        "coauthors": [
            "christoph meinel"
        ],
        "keywords": null
    }
]