[
    {
        "id": 3852,
        "label": "575",
        "author": "Lu Jiang",
        "title": "Building A Global Learning Community",
        "organization": null,
        "abstract": "Communicating over differing continents and time zones is not an obstacle when the quality and tone of the communication are viewed as important as the project at hand.",
        "email": null,
        "conf": "Communications of The ACM",
        "coauthors": [
            "gerardine desanctis",
            "matthew wright"
        ],
        "keywords": "Learning Community,"
    },
    {
        "id": 3853,
        "label": "576",
        "author": "Lu Jiang",
        "title": "Brain Functional Networks Involved in Finger Movement",
        "organization": null,
        "abstract": NaN,
        "email": null,
        "conf": "International Conference on BioMedical Engineering and Informatics",
        "coauthors": [
            "fangfeng zhang",
            "chunhui chen",
            "qi dong",
            "yan liu"
        ],
        "keywords": "Brain Function,"
    }
]