[
    {
        "id": 4669,
        "label": "762",
        "author": "M. Rahman",
        "title": "Molecular dynamics simulation of the effect of tool edge radius on cutting forces and cutting region in nanoscale ductile cutting of silicon",
        "organization": null,
        "abstract": NaN,
        "email": null,
        "conf": "International Journal of Manufacturing Technology and Management",
        "coauthors": [
            "m. b. cai",
            "x. p. li"
        ],
        "keywords": "Cutting Force,Molecular Dynamic Simulation,"
    }
]