[
    {
        "id": 7251,
        "label": "                   boosting",
        "author": "Machine Learning;Naive Bayes;Performance Improvement;Support Vector Machine;Text Categorization;Text Classification;Decision Tree;",
        "title": "http://citeseerx.ist.psu.edu/viewdoc/download?doi=10.1.1.88.1713&rep=rep1&type=pdf,http://portal.acm.org/citation.cfm?id=584792.584850,http://www.cs.cmu.edu/~jgc/publication/Boosting_Correct_Inductive_Bias_CIKM_2002.pdf,http://elvis.slis.indiana.edu/irpub/CIKM/2002/pdf57.pdf,http://widit.slis.indiana.edu/irpub/CIKM/2002/pdf57.pdf,http://portal.acm.org/citation.cfm?id=584850,http://portal.acm.org/ft_gateway.cfm?id=584850&type=pdf&CFID=29576336&CFTOKEN=51534192",
        "organization": null,
        "abstract": "2002",
        "email": null,
        "conf": NaN,
        "coauthors": [],
        "keywords": null
    }
]