[
    {
        "id": 3924,
        "label": "600",
        "author": "Manfred Paul",
        "title": "Pointer Swizzling in Non-Mapped Object Stores",
        "organization": null,
        "abstract": NaN,
        "email": null,
        "conf": "Australasian Database Conference",
        "coauthors": [
            "lutz michael wegner",
            "jens thamm",
            "sven thelemann"
        ],
        "keywords": null
    },
    {
        "id": 3925,
        "label": "600",
        "author": "Manfred Paul",
        "title": "A visual interface for synchronous collaboration and negotiated transactions",
        "organization": null,
        "abstract": "This paper introduces a visual interface for computer-supported cooperative work (CSCW). The interface is an extension of the editor interface of ESCHER, a prototype database system based on the extended non-first-normal-form data model. In ESCHER, the nested table approach is the paradigm for presenting data, where presenting includes browsing, editing and querying the database. Interaction is achieved by fingers generalising",
        "email": null,
        "conf": "Working Conference on Advanced Visual Interfaces",
        "coauthors": [
            "lutz michael wegner",
            "jens thamm",
            "sven thelemann"
        ],
        "keywords": "Computer Supported Cooperative Work,Data Model,Data Type,Database System,Normal Form,Query Formulation,Synchronous Collaboration,Visual Interfaces,"
    },
    {
        "id": 3926,
        "label": "600",
        "author": "Manfred Paul",
        "title": "Scripten in ESCHER: Erweiterung des NF2-Datenmodells um Konzepte der Objektorientierung",
        "organization": null,
        "abstract": NaN,
        "email": null,
        "conf": "Workshop Grundlagen von Datenbanken",
        "coauthors": [],
        "keywords": null
    },
    {
        "id": 3927,
        "label": "600",
        "author": "Manfred Paul",
        "title": "ESCHER's Portable Zeichenkettenverwaltung",
        "organization": null,
        "abstract": NaN,
        "email": null,
        "conf": "Workshop Grundlagen von Datenbanken",
        "coauthors": [
            "lutz michael wegner"
        ],
        "keywords": null
    },
    {
        "id": 3928,
        "label": "601",
        "author": "Manfred Paul",
        "title": "Cooperation and Coordination of Information and Communication Services at German Universities",
        "organization": null,
        "abstract": NaN,
        "email": null,
        "conf": "European University Information Systems",
        "coauthors": [],
        "keywords": "Communication Service,"
    },
    {
        "id": 3929,
        "label": "601",
        "author": "Manfred Paul",
        "title": "Das Rechenzentrum der Uni Trier",
        "organization": null,
        "abstract": NaN,
        "email": null,
        "conf": "Praxis Der Informationsverarbeitung Und Kommunikation",
        "coauthors": [],
        "keywords": null
    }
]