[
    {
        "id": 3963,
        "label": "611",
        "author": "Manoj Kumar",
        "title": "Evaluation of Agent Oriented Requirements Engineering Frameworks",
        "organization": null,
        "abstract": NaN,
        "email": null,
        "conf": "IEEE Control Systems Magazine",
        "coauthors": [
            "yogesh singh",
            "anjana gosain"
        ],
        "keywords": "Requirement Engineering,"
    },
    {
        "id": 3964,
        "label": "611",
        "author": "Manoj Kumar",
        "title": "From Early Requirements to Late Requirements Modeling for a Data Warehouse",
        "organization": null,
        "abstract": NaN,
        "email": null,
        "conf": "Networked Computing and Advanced Information Management",
        "coauthors": [
            "yogesh singh",
            "anjana gosain"
        ],
        "keywords": "Data Warehouse,"
    },
    {
        "id": 3965,
        "label": "611",
        "author": "Manoj Kumar",
        "title": "Agent oriented requirements engineering for a data warehouse",
        "organization": null,
        "abstract": "In recent years, a number of requirements engineering (RE) proposals for a data warehouse (DW) systems have been made. In the traditional/operational systems, requirements engineering has been divided into two phases: early &amp; late requirements engineering phase. Most of the data warehouse requirements engineering (DWRE) approaches have not distinguished early requirements engineering phase from late requirements engineering phase. A very",
        "email": null,
        "conf": "ACM Sigsoft Software Engineering Notes",
        "coauthors": [
            "anjana gosain",
            "yogesh singh"
        ],
        "keywords": "Data Warehouse,Information Model,Operating System,Requirement Engineering,"
    }
]