[
    {
        "id": 3967,
        "label": "612",
        "author": "Manuel Rodr&iacute;guez",
        "title": "Analysis of the Functional Block and Operator Involved in Fuzzy System Design",
        "organization": null,
        "abstract": NaN,
        "email": null,
        "conf": "Conferencia de la Asociaci��n Espa?ola para la Inteligencia Artificial",
        "coauthors": [
            "olga valenzuela",
            "lozano márquez",
            "miguel pasadas",
            "ignacio rojas",
            "fernando rojas"
        ],
        "keywords": "Fuzzy System,Function Block,"
    },
    {
        "id": 3968,
        "label": "612",
        "author": "Manuel Rodr&iacute;guez",
        "title": "Short-Term Prediction of Chaotic Time Series by Using RBF Network with Regression Weights",
        "organization": null,
        "abstract": NaN,
        "email": null,
        "conf": "International Journal of Neural Systems",
        "coauthors": [
            "ignacio rojas",
            "jesús gonzález",
            "antonio cañas",
            "antonio f. díaz",
            "fernando rojas"
        ],
        "keywords": "Chaotic Time Series,rbf network,"
    }
]