[
    {
        "id": 3986,
        "label": "619",
        "author": "Marco Volpe",
        "title": "Natural Modelling of Interactive Applications",
        "organization": null,
        "abstract": NaN,
        "email": null,
        "conf": "Design, Specification, and Verification of Interactive Systems",
        "coauthors": [
            "fabio paternò"
        ],
        "keywords": "Interactive Application,"
    },
    {
        "id": 3987,
        "label": "620",
        "author": "Marco Volpe",
        "title": "FireFly: Lightweight AJAX System for F2FCL",
        "organization": null,
        "abstract": "In this paper is illustrated the development of FireFly, a system for the Face to Face Collaborative Learning (F2F-CL). FireFly is written using AJAX, a set of technologies that allows to create rich web-based application. The challenge is to develop a system able to be executed on usual desktop PC, requesting the lesser possible installation effort and achieving enough expandability",
        "email": null,
        "conf": "European Conference on Technology Enhanced Learning",
        "coauthors": [
            "rosario de chiara"
        ],
        "keywords": "Collaborative Learning,web-based applications,Face To Face,"
    }
]