[
    {
        "id": 3978,
        "label": "616",
        "author": "Marco Brambilla",
        "title": "Acceptance Test of a Commercially Available Software for Automatic Image Registration of Computed Tomography (CT), Magnetic Resonance Imaging (MRI) And 99mTc-methoxyisobutylisonitrile (MIBI) Single-Photon Emission Computed Tomography (SPECT) Brain Images",
        "organization": null,
        "abstract": NaN,
        "email": null,
        "conf": "Journal of Digital Imaging",
        "coauthors": [
            "gianfranco loi",
            "marco dominietto",
            "irene manfredda",
            "eleonora mones",
            "alessandro carriero",
            "eugenio inglese",
            "marco krengli"
        ],
        "keywords": "Brain Imaging,Computed Tomography,Image Registration,Magnetic Resonance Image,Single Photon Emission Computed Tomography,"
    }
]