[
    {
        "id": 4001,
        "label": "625",
        "author": "Mark Wallace",
        "title": "Leveraging OWL-DL, SPARQL, and XSLT to Automate Cybercraft Configuration",
        "organization": null,
        "abstract": NaN,
        "email": null,
        "conf": "International Conference on Artificial Intelligence",
        "coauthors": [
            "aaron wheeler",
            "michael winburn",
            "james dike",
            "william maxey"
        ],
        "keywords": null
    },
    {
        "id": 4002,
        "label": "625",
        "author": "Mark Wallace",
        "title": "The Cybercraft System Ontology: An Ontology for Reasoning about Distributed Agent Capabilities",
        "organization": null,
        "abstract": NaN,
        "email": null,
        "conf": "International Conference on Artificial Intelligence",
        "coauthors": [
            "aaron wheeler",
            "michael winburn",
            "james dike",
            "john maxey"
        ],
        "keywords": "Distributed Agents,"
    },
    {
        "id": 4003,
        "label": "626",
        "author": "Mark Wallace",
        "title": "Agile Development of Workflow Applications with Interpreted Task Models",
        "organization": null,
        "abstract": NaN,
        "email": null,
        "conf": "Task Models and Diagrams for User Interface Design",
        "coauthors": [
            "markus stolze",
            "philippe riand",
            "terry heath"
        ],
        "keywords": "Agile Development,Task Model,"
    }
]