[
    {
        "id": 4005,
        "label": "627",
        "author": "Markus Berg",
        "title": "3D Ultraschall-Entfernungsmessung mit PseudoRandom Sequenzen",
        "organization": null,
        "abstract": NaN,
        "email": null,
        "conf": "Autonome Mobile Systeme",
        "coauthors": [
            "klaus-werner jörg",
            "jan-peter paulick"
        ],
        "keywords": null
    },
    {
        "id": 4006,
        "label": "627",
        "author": "Markus Berg",
        "title": "Mobile Robot Sonar Sensing with PseudoRandom Codes",
        "organization": null,
        "abstract": NaN,
        "email": null,
        "conf": "International Conference on Robotics and Automation",
        "coauthors": [
            "klaus-werner jörg"
        ],
        "keywords": "Mobile Robot,Random Coding,"
    },
    {
        "id": 4007,
        "label": "627",
        "author": "Markus Berg",
        "title": "Sophisticated mobile robot sonar sensing with pseudorandom codes",
        "organization": null,
        "abstract": NaN,
        "email": null,
        "conf": "Robotics and Autonomous Systems",
        "coauthors": [
            "klaus-werner jörg"
        ],
        "keywords": "Mobile Robot,Random Coding,"
    }
]