[
    {
        "id": 4136,
        "label": "654",
        "author": "Martin Schneider",
        "title": "Knowledge Discovery and Memory Space as Asymmetric Information - the Architecture of the Internet Media Lab netzspannung.org",
        "organization": null,
        "abstract": NaN,
        "email": null,
        "conf": "Computer Animation Conference",
        "coauthors": [
            "wolfgang strauss",
            "monika fleischmann",
            "jasminko novak",
            "stefan paal",
            "gabriele blome",
            "predrad peranovic",
            "christoph seibert"
        ],
        "keywords": "Asymmetric Information,"
    },
    {
        "id": 4137,
        "label": "655",
        "author": "Martin Schneider",
        "title": "Prozessmodellbasierte Vertragsgestaltung in überbetrieblichen Kooperationen",
        "organization": null,
        "abstract": NaN,
        "email": null,
        "conf": "Modellierung betrieblicher Informationssyteme, MobIS",
        "coauthors": [
            "jörg becker",
            "karsten klose"
        ],
        "keywords": null
    }
]