[
    {
        "id": 4077,
        "label": "646",
        "author": "Martin M&uuml;ller",
        "title": "TabVer: A Case Study in Table Verbalization",
        "organization": null,
        "abstract": NaN,
        "email": null,
        "conf": "German Conference on Artificial Intelligence",
        "coauthors": [
            "ingo glöchner",
            "andrea grieszl",
            "marc ronthaler"
        ],
        "keywords": "Case Study,"
    },
    {
        "id": 4078,
        "label": "646",
        "author": "Martin M&uuml;ller",
        "title": "Automated Modular Termination Proofs for Real Prolog Programs",
        "organization": null,
        "abstract": " We present a methodology for checking the termination of Prolog programs that can be automated and is scalable. Furthermore, the proposed method can be used to locate errors. It has been successfully implemented as part of a tool that uses static analysis based on formal methods in order to validate Prolog programs. This tool is aimed at supporting the design",
        "email": null,
        "conf": "Static Analysis Symposium/Workshop on Static Analysis",
        "coauthors": [
            "thomas glaß",
            "karl stroetmann"
        ],
        "keywords": "Formal Method,Natural Extension,Program Development,Static Analysis,"
    },
    {
        "id": 4079,
        "label": "646",
        "author": "Martin M&uuml;ller",
        "title": "PAN - The Prolog Analyzer",
        "organization": null,
        "abstract": NaN,
        "email": null,
        "conf": "Static Analysis Symposium/Workshop on Static Analysis",
        "coauthors": [
            "thomas glaß",
            "karl stroetmann"
        ],
        "keywords": null
    },
    {
        "id": 4080,
        "label": "647",
        "author": "Martin M&uuml;ller",
        "title": "A General Solution to the Graph History Interaction Problem",
        "organization": null,
        "abstract": "Since the state space of most games is a directed graph, many game-playing systems detect repeated positions with a trans- position table. This approach can reduce search effort by a large margin. However, it suffers from the so-called Graph History Interaction (GHI) problem, which causes errors in games containing repeated positions. This paper presents a practical solution to the GHI",
        "email": null,
        "conf": "National Conference on Artificial Intelligence",
        "coauthors": [
            "akihiro kishimoto"
        ],
        "keywords": "Call Graph,Directed Graph,Game Playing,Game Tree Search,General Solution,State Space,"
    },
    {
        "id": 4081,
        "label": "647",
        "author": "Martin M&uuml;ller",
        "title": "Search versus Knowledge for Solving Life and Death Problems in Go",
        "organization": null,
        "abstract": "In games research, Go is considered the classical board game that is most resistant to current AI techniques. Large-scale knowledge engineering has been considered indispensable for building state of the art programs, even for subprob- lems such as Life and Death, or tsume-Go. This paper de- scribes the technologies behind TSUMEGO EXPLORER ,a high-performance tsume-Go search engine for enclosed prob-",
        "email": null,
        "conf": "National Conference on Artificial Intelligence",
        "coauthors": [
            "akihiro kishimoto"
        ],
        "keywords": "High Performance,Knowledge Engineering,Large Scale,Search Engine,"
    },
    {
        "id": 4082,
        "label": "647",
        "author": "Martin M&uuml;ller",
        "title": "Temperature Discovery Search",
        "organization": null,
        "abstract": "Temperature Discovery Search (TDS) is a new minimax- based game tree search method designed to compute or ap- proximate the temperature of a combinatorial game. TDS is based on the concept of an enriched environment, where a combinatorial game G is embedded in an environment con- sisting of a large set of simple games of decreasing temper- ature. Optimal play",
        "email": null,
        "conf": "National Conference on Artificial Intelligence",
        "coauthors": [
            "markus enzenberger",
            "jonathan schaeffer"
        ],
        "keywords": "Combinatorial Games,Game Tree Search,Simple Game,"
    },
    {
        "id": 4083,
        "label": "647",
        "author": "Martin M&uuml;ller",
        "title": "A Lock-Free Multithreaded Monte-Carlo Tree Search Algorithm",
        "organization": null,
        "abstract": "With the recent success of Monte-Carlo tree search algorithms in Go and other games, and the increasing number of cores in standard CPUs, the ef- ficient parallelization of the search has become an important issue. We present a new lock-free parallel algorithm for Monte-Carlo tree search which takes ad- vantage of the memory model of the IA-32 and Intel-64 CPU",
        "email": null,
        "conf": "Advances in Computer Games",
        "coauthors": [
            "markus enzenberger"
        ],
        "keywords": "Memory Model,Parallel Algorithm,Monte Carlo Tree Search,"
    },
    {
        "id": 4084,
        "label": "647",
        "author": "Martin M&uuml;ller",
        "title": "DF-PN in Go: An Application to the One-Eye Problem",
        "organization": null,
        "abstract": "Search algorithms based on the notion of proof and disproof numbers have been shown to be effective in many games. In this paper, we modify the depth-first proof-number search algorithm df-pn, in order to apply it to the game of Go. We develop a solver for one-eye problems, a special case of enclosed tsume-Go ( life and death) problems. Our",
        "email": null,
        "conf": "Advances in Computer Games",
        "coauthors": [
            "akihiro kishimoto"
        ],
        "keywords": "Game of Go,Search Algorithm,"
    },
    {
        "id": 4085,
        "label": "647",
        "author": "Martin M&uuml;ller",
        "title": "Recognizing Seki in Computer Go",
        "organization": null,
        "abstract": "Seki is a situation of coexistence in the game of Go, where neither player can profitably capture the opponent's stones. This paper presents a new method for deciding whether an enclosed area is or can become a seki. The method combines local search with global-level static analysis. Local search is used to identify possible seki, and reasoning on the global",
        "email": null,
        "conf": "Advances in Computer Games",
        "coauthors": [
            "xiaozhen niu",
            "akihiro kishimoto"
        ],
        "keywords": "Computer Go,Game of Go,Profitability,Static Analysis,Test Collection,Local Search,"
    },
    {
        "id": 4086,
        "label": "647",
        "author": "Martin M&uuml;ller",
        "title": "Solving Probabilistic Combinatorial Games",
        "organization": null,
        "abstract": "Probabilistic combinatorial games (PCG) are a model for Go-like games recently introduced by Ken Chen. They differ from normal combinatorial games since terminal position in each subgame are evaluated by a probability distribution. The distribution expresses the uncertainty in the local evaluation. This paper focuses on the analysis and solution methods for a special case, 1-level binary PCG. Monte-Carlo analysis",
        "email": null,
        "conf": "Advances in Computer Games",
        "coauthors": [
            "ling zhao"
        ],
        "keywords": "Combinatorial Games,Monte Carlo,Monte Carlo Analysis,Monte Carlo Method,Probability Distribution,"
    },
    {
        "id": 4087,
        "label": "647",
        "author": "Martin M&uuml;ller",
        "title": "Learning Partial-Order Macros from Solutions",
        "organization": null,
        "abstract": "Despite recent progress in AI planning, many benchmarks re- main challenging for current planners. In many domains, the performance of a planner can greatly be improved by discov- ering and exploiting information about the domain structure that is not explicitly encoded in the initial PDDL formulation. In this paper we present an automated method that learns rel- evant information from",
        "email": null,
        "conf": "International Conference on Automated Planning and Scheduling/Artificial Intelligence Planning Systems",
        "coauthors": [
            "adi botea",
            "jonathan schaeffer"
        ],
        "keywords": "Ai Planning,Domain Structure,Partial Order,"
    },
    {
        "id": 4088,
        "label": "647",
        "author": "Martin M&uuml;ller",
        "title": "Using Component Abstraction for Automatic Generation of Macro-Actions",
        "organization": null,
        "abstract": "Despite major progress in AI planning over the last few years, many interesting domains remain challenging for cur- rent planners. This paper presents component abstraction, an automatic and generic technique that can reduce the complex- ity of an important class of planning problems. Component abstraction uses static facts in a problem denition to decom- pose the problem into linked abstract",
        "email": null,
        "conf": "International Conference on Automated Planning and Scheduling/Artificial Intelligence Planning Systems",
        "coauthors": [
            "adi botea",
            "jonathan schaeffer"
        ],
        "keywords": "Ai Planning,Automatic Generation,General Techniques,"
    },
    {
        "id": 4089,
        "label": "647",
        "author": "Martin M&uuml;ller",
        "title": "Action Elimination and Plan Neighborhood Graph Search: Two Algorithms for Plan Improvement",
        "organization": null,
        "abstract": NaN,
        "email": null,
        "conf": "International Conference on Automated Planning and Scheduling/Artificial Intelligence Planning Systems",
        "coauthors": [
            "hootan nakhost"
        ],
        "keywords": "Graph Search,"
    },
    {
        "id": 4090,
        "label": "647",
        "author": "Martin M&uuml;ller",
        "title": "Using Abstraction for Planning in Sokoban",
        "organization": null,
        "abstract": "Heuristic search has been successful for games like chess and checkers, but seems to be of limited value in games such as Go and shogi, and puzzles such as Sokoban. Other techniques are necessary to approach the performance that humans achieve in these hard domains. This paper explores using planning as an alternative problem-solving framework for Sokoban. Previous attempts to",
        "email": null,
        "conf": "Computers and Games",
        "coauthors": [
            "adi botea",
            "jonathan schaeffer"
        ],
        "keywords": "Heuristic Search,Problem Solving,Search Space,"
    },
    {
        "id": 4091,
        "label": "647",
        "author": "Martin M&uuml;ller",
        "title": "About the Completeness of Depth-First Proof-Number Search",
        "organization": null,
        "abstract": "Depth-first proof-number (df-pn) search is a powerful mem- ber of the family of algorithms based on proof and disproof numbers. While df-pn has succeeded in practice, its theoretical properties remain poorly understood. This paper resolves the question of completeness of df-pn: its ability to solve any finite boolean-valued game tree search prob- lem in principle, given unlimited amounts of time",
        "email": null,
        "conf": "Computers and Games",
        "coauthors": [
            "akihiro kishimoto"
        ],
        "keywords": "Directed Acyclic Graph,Game Tree Search,"
    },
    {
        "id": 4092,
        "label": "647",
        "author": "Martin M&uuml;ller",
        "title": "Review: Computer Go 1984-2000",
        "organization": null,
        "abstract": NaN,
        "email": null,
        "conf": "Computers and Games",
        "coauthors": [],
        "keywords": "Computer Go,"
    },
    {
        "id": 4093,
        "label": "647",
        "author": "Martin M&uuml;ller",
        "title": "Proof-Set Search",
        "organization": null,
        "abstract": NaN,
        "email": null,
        "conf": "Computers and Games",
        "coauthors": [],
        "keywords": null
    },
    {
        "id": 4094,
        "label": "647",
        "author": "Martin M&uuml;ller",
        "title": "Locally Informed Global Search for Sums of Combinatorial Games",
        "organization": null,
        "abstract": "There are two complementary approaches to playing sums of combi- natorial games. They can be characterized as local analysis and global search. Algorithms from combinatorial game theory such as Hotstrat and Thermostrat (2) exploit summary information about each subgame such as its temperature or its thermograph. These algorithms can achieve good play, with a bounded error. Their runtime depends mainly",
        "email": null,
        "conf": "Computers and Games",
        "coauthors": [
            "zhichao li"
        ],
        "keywords": "Combinatorial Game Theory,Combinatorial Games,Search Algorithm,Search Method,"
    },
    {
        "id": 4095,
        "label": "647",
        "author": "Martin M&uuml;ller",
        "title": "An Improved Safety Solver for Computer Go",
        "organization": null,
        "abstract": "Most Go-playing programs use a combination of search and heuristics based on an influence function to determine whether territories are safe. However, to assure the correct evaluation of Go positions, the safety of stones and territories must be proved by an exact method. The first exact algorithm, due to Benson (1), determines the unconditional safety of stones and completely surrounded",
        "email": null,
        "conf": "Computers and Games",
        "coauthors": [
            "xiaozhen niu"
        ],
        "keywords": "Computer Go,Exact Algorithm,Influence Function,Region Merging,"
    },
    {
        "id": 4096,
        "label": "647",
        "author": "Martin M&uuml;ller",
        "title": "An Open Boundary Safety-of-Territory Solver for the Game of Go",
        "organization": null,
        "abstract": "This paper presents SAFETY SOLVER 2.0 , a safety-of-territory solver for the game of Go that can solve problems in areas with open boundaries. Pre- vious work on assessing safety of territory has concentrated on regions that are completely surrounded by stones of one player. SAFETY SOLVER 2.0can iden- tify open boundary problems under real game conditions, and generate moves",
        "email": null,
        "conf": "Computers and Games",
        "coauthors": [
            "xiaozhen niu"
        ],
        "keywords": "Game of Go,"
    },
    {
        "id": 4097,
        "label": "647",
        "author": "Martin M&uuml;ller",
        "title": "An Improved Safety Solver in Go Using Partial Regions",
        "organization": null,
        "abstract": NaN,
        "email": null,
        "conf": "Computers and Games",
        "coauthors": [
            "xiaozhen niu"
        ],
        "keywords": null
    },
    {
        "id": 4098,
        "label": "647",
        "author": "Martin M&uuml;ller",
        "title": "Using Artificial Boundaries in the Game of Go",
        "organization": null,
        "abstract": NaN,
        "email": null,
        "conf": "Computers and Games",
        "coauthors": [
            "ling zhao"
        ],
        "keywords": "Game of Go,"
    },
    {
        "id": 4099,
        "label": "647",
        "author": "Martin M&uuml;ller",
        "title": "Dynamic Decomposition Search: A Divide and Conquer Approach and its Application to the One-Eye Problem in Go",
        "organization": null,
        "abstract": "Decomposition search is a divide and conquer approach that splits a game position into sub-positions and computes the global outcome by combining results of local searches. This approach has been shown to be successful to play endgames in the game of Go. This pa- per introduces dynamic decomposition search as a way of splitting a problem dynamically during search. Our",
        "email": null,
        "conf": "IEEE Symposium on Computational Intelligence and Games",
        "coauthors": [
            "akihiro kishimoto"
        ],
        "keywords": "Divide and Conquer,Game of Go,Local Search,"
    },
    {
        "id": 4100,
        "label": "647",
        "author": "Martin M&uuml;ller",
        "title": "Automating Layouts of Sewers in Subdivisions",
        "organization": null,
        "abstract": NaN,
        "email": null,
        "conf": "European Conference on Artificial Intelligence",
        "coauthors": [
            "neil burch",
            "robert c. holte",
            "david o'connell",
            "jonathan schaeffer"
        ],
        "keywords": null
    },
    {
        "id": 4101,
        "label": "647",
        "author": "Martin M&uuml;ller",
        "title": "Every Interactive System Evolves into Hyperspace: The Case of the Smart Game Board",
        "organization": null,
        "abstract": NaN,
        "email": null,
        "conf": "Hypertext, Information Retrieval, Multimedia",
        "coauthors": [
            "anders kierulf",
            "ralph gasser",
            "peter m. geiser",
            "jürg nievergelt",
            "christoph wirth"
        ],
        "keywords": "Interactive System,"
    },
    {
        "id": 4102,
        "label": "647",
        "author": "Martin M&uuml;ller",
        "title": "Sample-based learning and search with permanent and transient memories",
        "organization": null,
        "abstract": "We present a reinforcement learning architec- ture, Dyna-2, that encompasses both sample- based learning and sample-based search, and that generalises across states during both learning and search. We apply Dyna-2 to high performance Computer Go. In this do- main the most successful planning methods are based on sample-based search algorithms, such as UCT, in which states are treated individually, and",
        "email": null,
        "conf": "International Conference on Machine Learning",
        "coauthors": [
            "david silver",
            "richard s. sutton"
        ],
        "keywords": "Computer Go,Function Approximation,High Performance Computer,Learning Algorithm,linear functionals,Reinforcement Learning,Search Algorithm,Template Matching,"
    },
    {
        "id": 4103,
        "label": "647",
        "author": "Martin M&uuml;ller",
        "title": "Fast Planning with Iterative Macros",
        "organization": null,
        "abstract": "Research on macro-operators has a long history in planning and other search applications. There has been a revival of interest in this topic, lead- ing to systems that successfully combine macro- operators with current state-of-the-art planning ap- proaches based on heuristic search. However, re- search is still necessary to make macros become a standard, widely-used enhancement of search al- gorithms.",
        "email": null,
        "conf": "International Joint Conference on Artificial Intelligence",
        "coauthors": [
            "adi botea",
            "jonathan schaeffer"
        ],
        "keywords": "Heuristic Search,"
    },
    {
        "id": 4104,
        "label": "647",
        "author": "Martin M&uuml;ller",
        "title": "Monte-Carlo Exploration for Deterministic Planning",
        "organization": null,
        "abstract": "Search methods based on Monte-Carlo simulation have recently led to breakthrough performance im- provements in difficult game-playing domains such as Go and General Game Playing. Monte-Carlo Random Walk (MRW) planning applies Monte- Carlo ideas to deterministic classical planning. In the forward chaining planner ARVAND, Monte- Carlo random walks are used to explore the local neighborhood of a search state for",
        "email": null,
        "conf": "International Joint Conference on Artificial Intelligence",
        "coauthors": [
            "hootan nakhost"
        ],
        "keywords": "Action Selection,Game Playing,Monte Carlo,Monte Carlo Simulation,Search Method,Stochastic Local Search,General Game Playing,Random Walk,"
    },
    {
        "id": 4105,
        "label": "647",
        "author": "Martin M&uuml;ller",
        "title": "Solving Checkers",
        "organization": null,
        "abstract": "AI has had notable success in building high- performance game-playing programs to compete against the best human players. However, the availability of fast and plentiful machines with large memories and disks creates the possibility of a game. This has been done before for simple or relatively small games. In this paper, we present new ideas and algorithms for solving the",
        "email": null,
        "conf": "International Joint Conference on Artificial Intelligence",
        "coauthors": [
            "jonathan schaeffer",
            "yngvi björnsson",
            "neil burch",
            "akihiro kishimoto",
            "robert lake",
            "paul lu",
            "steve sutphen"
        ],
        "keywords": "Game Playing,High Performance,Search Space,"
    },
    {
        "id": 4106,
        "label": "647",
        "author": "Martin M&uuml;ller",
        "title": "Reinforcement Learning of Local Shape in the Game of Go",
        "organization": null,
        "abstract": "We explore an application to the game of Go of a reinforcement learning approach based on a lin- ear evaluation function and large numbers of bi- nary features. This strategy has proved effective in game playing programs and other reinforcement learning applications. We apply this strategy to Go by creating over a million features based on tem- plates for small",
        "email": null,
        "conf": "International Joint Conference on Artificial Intelligence",
        "coauthors": [
            "david silver",
            "richard s. sutton"
        ],
        "keywords": "Computer Go,Domain Knowledge,Evaluation Function,Game of Go,Game Playing,Reinforcement Learning,Temporal Difference Learning,Translation Invariant,"
    },
    {
        "id": 4107,
        "label": "647",
        "author": "Martin M&uuml;ller",
        "title": "Lambda Depth-First Proof Number Search and Its Application to Go",
        "organization": null,
        "abstract": "Thomsen's λ search and Nagai's depth-first proof- number (DFPN) search are two powerful but very different AND/OR tree search algorithms. Lambda Depth-First Proof Number search (LDFPN) is a novel algorithm that combines ideas from both algorithms. λ search can dramatically reduce a search space by finding different levels of threat sequences. DFPN employs the notion of proof and disproof numbers",
        "email": null,
        "conf": "International Joint Conference on Artificial Intelligence",
        "coauthors": [
            "kazuki yoshizoe",
            "akihiro kishimoto"
        ],
        "keywords": "Search Algorithm,Search Space,"
    },
    {
        "id": 4108,
        "label": "647",
        "author": "Martin M&uuml;ller",
        "title": "Game-SAT: A Preliminary Report",
        "organization": null,
        "abstract": "Game-SAT is a 2-player version of SAT where two players (MAX and MIN) play on a SAT instance by alternatively selecting a variable and assigning it a value true or false. MAX tries to make the formula true, while MIN tries to make it false. The Game-SAT problem is to determine the winner of a SAT instance under the rules",
        "email": null,
        "conf": "Theory and Applications of Satisfiability Testing",
        "coauthors": [
            "ling zhao"
        ],
        "keywords": "Empirical Study,Game Tree Search,Heuristic Search,Sat Solver,Search Method,Variable Selection,Phase Transition,"
    },
    {
        "id": 4109,
        "label": "647",
        "author": "Martin M&uuml;ller",
        "title": "Partial order bounding: A new approach to evaluation in game tree search",
        "organization": null,
        "abstract": NaN,
        "email": null,
        "conf": "Artificial Intelligence",
        "coauthors": [],
        "keywords": "Game Tree Search,Partial Order,"
    },
    {
        "id": 4110,
        "label": "647",
        "author": "Martin M&uuml;ller",
        "title": "Computer Go",
        "organization": null,
        "abstract": NaN,
        "email": null,
        "conf": "Artificial Intelligence",
        "coauthors": [],
        "keywords": "Computer Go,"
    },
    {
        "id": 4111,
        "label": "647",
        "author": "Martin M&uuml;ller",
        "title": "Solving Systems of Difference Constraints Incrementally with Bidirectional Search",
        "organization": null,
        "abstract": "We propose an incremental algorithm for the problem of maintaining systems of difference constraints.AsadifferencefromtheunidirectionalapproachofRamalingametal.(16),itemploysbidirectional search, which is similar to that of Alpern et al. (1), and has a bounded runtime complexity in the worst case in termsofthesizeofchanges.Themajorchallengeishowtoupdatethesolutionefficientlyafterthebidirectional search discovers a region that needs changes. Experimental results show that our approach is much faster in runtime and generates much smaller changes",
        "email": null,
        "conf": "Algorithmica",
        "coauthors": [
            "jianjun zhou"
        ],
        "keywords": "Computational Complexity,Experimental Study,Incremental Algorithm,Shortest Path Algorithm,"
    },
    {
        "id": 4112,
        "label": "647",
        "author": "Martin M&uuml;ller",
        "title": "Depth-First Discovery Algorithm for incremental topological sorting of directed acyclic graphs",
        "organization": null,
        "abstract": "We study the problem of incrementally maintaining a topological sorting in a large DAG. The Discovery Algorithm (DA) of Alpern et al. (Proc. 1st Annual ACM-SIAM Symp. on Discrete Algorithms, 1990, pp. 32-42) computes a cover K of nodes such that a solution to the modified problem can be found by changing node priorities within K only. It achieves a",
        "email": null,
        "conf": "Information Processing Letters",
        "coauthors": [
            "jianjun zhou"
        ],
        "keywords": "Depth First Search,Directed Acyclic Graph,Graph Algorithm,Space Complexity,"
    },
    {
        "id": 4113,
        "label": "647",
        "author": "Martin M&uuml;ller",
        "title": "A solution to the GHI problem for depth-first proof-number search",
        "organization": null,
        "abstract": "The Graph-History interaction (GHI) problem is a notorious problem that causes game-playing programs to occasionally return incorrect solutions. This paper presents a practical method to cure the GHI problem for the case of the df-pn algorithm. Results in the game of Go with the situational super-ko rule show that the overhead incurred by our method is very small, while correctness",
        "email": null,
        "conf": "Information Sciences",
        "coauthors": [
            "akihiro kishimoto"
        ],
        "keywords": "Game of Go,Game Playing,"
    },
    {
        "id": 4114,
        "label": "647",
        "author": "Martin M&uuml;ller",
        "title": "Global and local game tree search",
        "organization": null,
        "abstract": NaN,
        "email": null,
        "conf": "Information Sciences",
        "coauthors": [],
        "keywords": "Game Tree Search,"
    },
    {
        "id": 4115,
        "label": "647",
        "author": "Martin M&uuml;ller",
        "title": "Conditional combinatorial games and their application to analyzing capturing races in Go",
        "organization": null,
        "abstract": NaN,
        "email": null,
        "conf": "Information Sciences",
        "coauthors": [],
        "keywords": "Combinatorial Games,Game of Go,Game Programming,"
    },
    {
        "id": 4116,
        "label": "647",
        "author": "Martin M&uuml;ller",
        "title": "Macro-FF: Improving AI Planning with Automatically Learned Macro-Operators",
        "organization": null,
        "abstract": "Abstract Despite recent progress in AI planning, many benchmarks remain challenging for cur- rent planners. In many domains, the performance of a planner can greatly be improved by discovering and exploiting information about the domain structure that is not explicitly encoded in the initial PDDL formulation. In this paper we present and compare two auto- mated methods that learn relevant",
        "email": null,
        "conf": "Journal of Artificial Intelligence Research",
        "coauthors": [
            "adi botea",
            "markus enzenberger",
            "jonathan schaeffer"
        ],
        "keywords": "Ai Planning,Domain Structure,"
    },
    {
        "id": 4117,
        "label": "648",
        "author": "Martin M&uuml;ller",
        "title": "A Comparison of BPML and BPEL4WS",
        "organization": null,
        "abstract": "Web services composition receives an increasing attention as a concept to bui ld business processes from. This paper addresses the heterogeneity of business process modeling specifications in the area of web services. A new concept called metadata relationships (MR) is introduced to d escribe the semantic relationship between concepts from two different XML Schemas. This approach is applied for the",
        "email": null,
        "conf": "Berliner XML Tage",
        "coauthors": [
            "jan mendling"
        ],
        "keywords": "Business Process,Business Process Model,Web Service,Web Service Composition,Xml Schema,"
    },
    {
        "id": 4118,
        "label": "649",
        "author": "Martin M&uuml;ller",
        "title": "Weblogs, Legitimacy and Organizations",
        "organization": null,
        "abstract": NaN,
        "email": null,
        "conf": "Information Technologies in Environmental Engineering",
        "coauthors": [
            "markus glötzel"
        ],
        "keywords": null
    }
]