[
    {
        "id": 4070,
        "label": "645",
        "author": "Martin Holzer",
        "title": "Static Code Analysis of Functional Descriptions in SystemC",
        "organization": null,
        "abstract": "The co-design of hardware and software systems with object oriented design languages like SystemC has become very popular. Static analysis of those descriptions allows to conduct the design process with metrics regarding quality of the code as well as with estimations of the properties of the final design. This paper shows the utilization of soft- ware metrics and the computation",
        "email": null,
        "conf": "Workshop on Electronic Design, Test and Applications",
        "coauthors": [
            "m. rupp"
        ],
        "keywords": "Design Process,Object Oriented Design,Software Systems,Static Analysis,"
    },
    {
        "id": 4071,
        "label": "645",
        "author": "Martin Holzer",
        "title": "Automatic Generation of Virtual Prototypes",
        "organization": null,
        "abstract": "Virtual prototyping as an embedded system design tech- nique has the potential to significantly increase efficiency of the design process. An environment for automatic genera- tion of virtual prototypes (VPs) directly from algorithmic- level descriptions is presented here. It is implemented as part of a unified design methodology and produces VSIA compliant VPs. When applied to an industrial design flow",
        "email": null,
        "conf": "Workshop on Rapid System Prototyping",
        "coauthors": [
            "pavle belanovic",
            "bastian knerr",
            "m. rupp",
            "guillaume sauzon"
        ],
        "keywords": "Automatic Generation,Design Methodology,Design Process,Embedded System Design,Industrial Design,Virtual Prototyping,"
    },
    {
        "id": 4072,
        "label": "645",
        "author": "Martin Holzer",
        "title": "Task sheduling for power optimisation of multi frequency synchronous data flow graphs",
        "organization": null,
        "abstract": "During recent years power optimisation has become one of the most challenging design goals in modern communication systems, particularly in the wireless domain. Many different approaches for task scheduling on single or multi-core systems exist, mostly addressing the minimisation of execution time or the number of processors used. The minimisation of the processor's clock frequency by adjusting the supply voltage",
        "email": null,
        "conf": "sbcci",
        "coauthors": [
            "bastian knerr",
            "m. rupp"
        ],
        "keywords": "Communication System,Data Dependence,Degree of Freedom,Frequency Domain,Graph Representation,Power Consumption,Signal Processing,Simulated Annealing,Task Scheduling,Synchronous Data Flow,tabu search,"
    },
    {
        "id": 4073,
        "label": "645",
        "author": "Martin Holzer",
        "title": "Design Space Exploration with Evolutionary Multi-Objective Optimisation",
        "organization": null,
        "abstract": "Abstract—High,level synthesis is one of the next major,steps to improve,the hw/sw co-design process. The advantages,of high level synthesis are two-fold. At first the level of abstraction,is raised and,secondly,this allows for exploring,the design,space to a higher,degree,than,on register transfer,level. The design space can be explored,by applying,several kinds of source,code transformations,like loop unrolling,and,tree height reduction. Performing design space exploration manually,leads to inefficient and,inflexible",
        "email": null,
        "conf": "International Symposium on Industrial Embedded Systems",
        "coauthors": [
            "bastian knerr",
            "m. rupp"
        ],
        "keywords": "Automated Design,Design Space,Design Space Exploration,Genetic Algorithm,High Level Synthesis,hw/sw co-design,Levels of Abstraction,multi-objective optimisation,Performance Improvement,Source Code,Tree Height,Register Transfer Level,Time Trade Off,"
    },
    {
        "id": 4074,
        "label": "645",
        "author": "Martin Holzer",
        "title": "Novel Genome Coding of Genetic Algorithms for the System Partitioning Problem",
        "organization": null,
        "abstract": "The research field of partitioning for electronic systems started to attract significant attention of scientists about fifteen years ago. Gaining ever more importance due to the rampant growth and shortening design cycles in wireless em- bedded systems, a multitude of formulations for this problem has emerged. Accordingly, a similar multitude can be found in the number of strategies that address",
        "email": null,
        "conf": "International Symposium on Industrial Embedded Systems",
        "coauthors": [
            "bastian knerr",
            "m. rupp"
        ],
        "keywords": "Genetic Algorithm,Simulated Annealing,Task Graphs,genetic algo rithm,tabu search,"
    },
    {
        "id": 4075,
        "label": "645",
        "author": "Martin Holzer",
        "title": "A flexible dual frequency testbed for RFID",
        "organization": null,
        "abstract": "This paper presents the setup of a testbed developed for the fast evaluation of RFID systems in two frequency domains. At the one hand the 13.56 MHz and at the other hand the 868 MHz frequency domain are supported. The suggested design flow for configuring the testbed is highly automated and supports rapid evaluations of different designs and im- plementations",
        "email": null,
        "conf": "Testbeds and Research Infrastructures for the DEvelopment of NeTworks and COMmunities",
        "coauthors": [
            "christoph angerer",
            "bastian knerr",
            "m. rupp"
        ],
        "keywords": "Design Flow,Frequency Domain,Rapid Prototyping,Signal Processing,Simulation Model,"
    }
]