[
    {
        "id": 4120,
        "label": "650",
        "author": "Martin Magnusson",
        "title": "Registration of colored 3D point clouds with a Kernel-based extension to the normal distributions transform",
        "organization": null,
        "abstract": "We present a new algorithm for scan registration of colored 3D point data which is an extension to the Normal Distributions Transform (NDT). The probabilistic approach of NDT is extended to a color-aware registration algorithm by modeling the point distributions as Gaussian mixture-models in color space. We discuss different point cloud registration techniques, as well as alternative variants of the",
        "email": null,
        "conf": "International Conference on Robotics and Automation",
        "coauthors": [
            "benjamin huhle",
            "wolfgang strasser",
            "achim j. lilienthal"
        ],
        "keywords": "3d point cloud,Color Space,Gaussian Mixture Model,Local Features,Mobile Robot,Model Building,Normal Distribution,Object Detection,Point Cloud,Probabilistic Approach,Range Data,Small Samples,Surface Model,Visual Cues,Time of Flight,"
    },
    {
        "id": 4121,
        "label": "650",
        "author": "Martin Magnusson",
        "title": "Appearance-based loop detection from 3D laser data using the normal distributions transform",
        "organization": null,
        "abstract": "We propose a new approach to appearance based loop detection from metric 3D maps, exploiting the NDT surface representation. Locations are described with feature histograms based on surface orientation and smoothness, and loop closure can be detected by matching feature histograms. We also present a quantitative performance evaluation using two real- world data sets, showing that the proposed method works",
        "email": null,
        "conf": "International Conference on Robotics and Automation",
        "coauthors": [
            "henrik andreasson",
            "andreas nüchter",
            "achim j. lilienthal"
        ],
        "keywords": "Normal Distribution,Performance Evaluation,Surface Representation,"
    },
    {
        "id": 4122,
        "label": "650",
        "author": "Martin Magnusson",
        "title": "Evaluation of 3D registration reliability and speed - A comparison of ICP and NDT",
        "organization": null,
        "abstract": "To advance robotic science it is important to per- form experiments that can be replicated by other researchers to compare different methods. However, these comparisons tend to be biased, since re-implementations of reference methods often lack thoroughness and do not include the hands-on expe- rience obtained during the original development process. This paper presents a thorough comparison of 3D scan",
        "email": null,
        "conf": "International Conference on Robotics and Automation",
        "coauthors": [
            "andreas nüchter",
            "christopher lörken",
            "achim j. lilienthal",
            "joachim hertzberg"
        ],
        "keywords": "3d registration,3d scanning,Development Process,Field Experiment,Normal Distribution,Iterative Closest Point Algorithm,"
    },
    {
        "id": 4123,
        "label": "650",
        "author": "Martin Magnusson",
        "title": "Has somethong changed here? Autonomous difference detection for security patrol robots",
        "organization": null,
        "abstract": "This paper presents a system for autonomous change detection with a security patrol robot. In an initial step a reference model of the environment is created and changes are then detected with respect to the reference model as differences in coloured 3D point clouds, which are obtained from a 3D laser range scanner and a CCD camera. The suggested approach",
        "email": null,
        "conf": "International Conference on Intelligent RObots and Systems - IROS",
        "coauthors": [
            "henrik andreasson",
            "achim j. lilienthal"
        ],
        "keywords": "3d point cloud,Ccd Camera,Cell Size,Change Detection,Experimental Evaluation,Laser Range Scanner,Pose Estimation,Reference Model,Visual Features,"
    },
    {
        "id": 4124,
        "label": "650",
        "author": "Martin Magnusson",
        "title": "Automatic appearance-based loop detection from three-dimensional laser data using the normal distributions transform",
        "organization": null,
        "abstract": NaN,
        "email": null,
        "conf": "Journal of Field Robotics",
        "coauthors": [
            "henrik andreasson",
            "andreas nüchter",
            "achim j. lilienthal"
        ],
        "keywords": "Normal Distribution,Three Dimensional,"
    },
    {
        "id": 4125,
        "label": "650",
        "author": "Martin Magnusson",
        "title": "Scan registration for autonomous mining vehicles using 3D-NDT",
        "organization": null,
        "abstract": "Scan registration is an essential subtask when building maps based on range finder data from mobile robots. The problem is to deduce how the robot has moved between con- secutive scans, based on the shape of overlapping portions of the scans. This paper pre- sents a new algorithm for registration of 3D data. The algorithm is a generalization and improvement",
        "email": null,
        "conf": "Journal of Field Robotics",
        "coauthors": [
            "achim j. lilienthal",
            "tom duckett"
        ],
        "keywords": "3d laser scanner,3d registration,Mobile Robot,Normal Distribution,Surface Representation,Iterative Closest Point Algorithm,"
    }
]