[
    {
        "id": 4142,
        "label": "657",
        "author": "Martin Strauss",
        "title": "ERIC: a generic rule-based framework for an affective embodied commentary agent",
        "organization": null,
        "abstract": "We present ERIC, an affective embodied agent for realtime com- mentary in many domains. The underlying architecture is rule- based, generic, andlightweight-basedonJava/Jessmodules. Apart from reasoning about dynamically changing events, the system can produce coherent natural language and non-verbal behaviour, based on a layered model of affect (personality, mood, emotion). We show how reasoning, template-based natural language generation and affective appraisal",
        "email": null,
        "conf": "Autonomous Agents & Multiagent Systems/Agent Theories, Architectures, and Languages",
        "coauthors": [
            "michael kipp"
        ],
        "keywords": "Dynamic Change,Embodied Agent,Empirical Evaluation,Event Recognition,Natural Language,Natural Language Generation,Rule Based,"
    }
]