[
    {
        "id": 4144,
        "label": "658",
        "author": "Martin Weber",
        "title": "Catalog Integration Made Easy",
        "organization": null,
        "abstract": "In this paper, we study adaptive evaluation techniques for querying XML- based electronic catalogs, and show, by means of experiments performed on real-world catalogs, that our approach can be used to integrate them with virtually zero effort at start-up time, and a small constant factor needed to perform the adaptive evaluation for all subsequent queries. We reach the conclusion that,",
        "email": null,
        "conf": "International Conference on Data Engineering",
        "coauthors": [
            "pedro josé marrón",
            "georg lausen"
        ],
        "keywords": "E Commerce,"
    },
    {
        "id": 4145,
        "label": "658",
        "author": "Martin Weber",
        "title": "XPath-Transformationen zur Integration von XML-Datenströmen",
        "organization": null,
        "abstract": NaN,
        "email": null,
        "conf": "Workshop Grundlagen von Datenbanken",
        "coauthors": [],
        "keywords": null
    }
]