[
    {
        "id": 4147,
        "label": "659",
        "author": "Martin Ziegler",
        "title": "Stable Theories with A New Predicate",
        "organization": null,
        "abstract": NaN,
        "email": null,
        "conf": "Journal of Symbolic Logic",
        "coauthors": [
            "enrique casanovas"
        ],
        "keywords": null
    },
    {
        "id": 4148,
        "label": "659",
        "author": "Martin Ziegler",
        "title": "Pseudo-Finite Homogeneity and Saturation",
        "organization": null,
        "abstract": NaN,
        "email": null,
        "conf": "Journal of Symbolic Logic",
        "coauthors": [
            "jörg flum"
        ],
        "keywords": "Database Query,Expressive Power,"
    }
]