[
    {
        "id": 4036,
        "label": "637",
        "author": "Martin Hirsch",
        "title": "Systematic Design and Implementation of Distributed Controllers in Industrial Automation",
        "organization": null,
        "abstract": "This paper discusses systematic approaches to the design of distributed controllers in industrial automation systems. Several design approaches are compared that lead to the distributed control of manufacturing machines and their parts. In particular, a decentralized control method is introduced that does not require a master controller. The implementation frameworks of IEC 61131-3 and IEC 61499 are checked on their",
        "email": null,
        "conf": "Emerging Technologies and Factory Automation",
        "coauthors": [
            "valeriy vyatkin",
            "hans-michael hanisch"
        ],
        "keywords": "Decentralized Control,Design and Implementation,Distributed Control,Industrial Automation,Layered Architecture,"
    },
    {
        "id": 4037,
        "label": "637",
        "author": "Martin Hirsch",
        "title": "Reconfiguration of Embedded Systems",
        "organization": null,
        "abstract": NaN,
        "email": null,
        "conf": "International Conference on Informatics in Control, Automation and Robotics",
        "coauthors": [
            "mohamed khalgui",
            "dirk missal",
            "hans-michael hanisch"
        ],
        "keywords": "Embedded System,"
    }
]