[
    {
        "id": 4153,
        "label": "661",
        "author": "Masaki Nakamura",
        "title": "INTERVISION: A New Hypermedia System Focusing on Dynamic Media",
        "organization": null,
        "abstract": NaN,
        "email": null,
        "conf": "Database Systems for Advanced Applications",
        "coauthors": [
            "hideto ikeda",
            "fumio kitagawa",
            "kenzo uchiyama"
        ],
        "keywords": null
    },
    {
        "id": 4154,
        "label": "662",
        "author": "Masaki Nakamura",
        "title": "Modeling Molecular Computing Systems by an Artificial Chemistry - Its Expressive Power and Application",
        "organization": null,
        "abstract": NaN,
        "email": null,
        "conf": "Artificial Life",
        "coauthors": [
            "kazuto tominaga",
            "tooru watanabe",
            "keiji kobayashi",
            "koji kishi",
            "mitsuyoshi kazuno"
        ],
        "keywords": "Expressive Power,Molecular Computing,"
    }
]