[
    {
        "id": 4156,
        "label": "663",
        "author": "Masaki Yamamoto",
        "title": "Advanced multimedia telecommunications using a high speed broadband backbone network beyond all aspects of the current internet (revised)",
        "organization": null,
        "abstract": NaN,
        "email": null,
        "conf": "Computers & Education",
        "coauthors": [
            "takao ichiko",
            "yousuke kawamura",
            "motochika hanano"
        ],
        "keywords": "High Speed,"
    }
]