[
    {
        "id": 4175,
        "label": "665",
        "author": "Massimo Santini",
        "title": "Principal Component Analysis of the P-Wave - Quantification of Not-Dipolar Components of Atrial Depolarization",
        "organization": null,
        "abstract": NaN,
        "email": null,
        "conf": "International Joint Conference on Biomedical Engineering Systems and Technologies",
        "coauthors": [
            "federica censi",
            "giovanni calcagnini",
            "pietro bartolini",
            "chiara ricci",
            "renato pietro ricci"
        ],
        "keywords": "Principal Component Analysis,"
    }
]