[
    {
        "id": 4158,
        "label": "664",
        "author": "Massimo Paolucci",
        "title": "ISYDES: The Project of a Tool Aimed at Information System Development",
        "organization": null,
        "abstract": NaN,
        "email": null,
        "conf": "Academia/Industry Working Conference on Research Challenges",
        "coauthors": [
            "antonio boccalatte",
            "davide giglio"
        ],
        "keywords": "Information System Development,"
    },
    {
        "id": 4159,
        "label": "664",
        "author": "Massimo Paolucci",
        "title": "The Make-It Project: Manufacturing Agents in a Knowledge-Based Environment Driven by Internet Technologies",
        "organization": null,
        "abstract": NaN,
        "email": null,
        "conf": "Academia/Industry Working Conference on Research Challenges",
        "coauthors": [
            "roberto sacile",
            "antonio boccalatte"
        ],
        "keywords": "Internet Technology,Knowledge Base,"
    },
    {
        "id": 4160,
        "label": "664",
        "author": "Massimo Paolucci",
        "title": "Building Intelligent Interfaces to Relational Data Bases",
        "organization": null,
        "abstract": NaN,
        "email": null,
        "conf": "Database and Expert Systems Applications",
        "coauthors": [
            "antonio boccalatte"
        ],
        "keywords": "Intelligent Interfaces,Relational Data,"
    },
    {
        "id": 4161,
        "label": "664",
        "author": "Massimo Paolucci",
        "title": "A multi-agent approach to support dynamic scheduling decisions",
        "organization": null,
        "abstract": NaN,
        "email": null,
        "conf": "International Symposium on Computers and Communications",
        "coauthors": [
            "andrea gozzi",
            "antonio boccalatte"
        ],
        "keywords": "Dynamic Scheduling,"
    },
    {
        "id": 4162,
        "label": "664",
        "author": "Massimo Paolucci",
        "title": "Autonomous Agents Applied to Manufacturing Scheduling Problems: A Negotiation-Based Heuristic Approach",
        "organization": null,
        "abstract": NaN,
        "email": null,
        "conf": "Multi-Agent-Systems and Applications",
        "coauthors": [
            "andrea gozzi",
            "antonio boccalatte"
        ],
        "keywords": "Autonomous Agent,Scheduling Problem,"
    },
    {
        "id": 4163,
        "label": "664",
        "author": "Massimo Paolucci",
        "title": "Performance Evaluation of an Adaptive Ant Colony Optimization Applied to Single Machine Scheduling",
        "organization": null,
        "abstract": NaN,
        "email": null,
        "conf": "Simulated Evolution and Learning",
        "coauthors": [
            "davide anghinolfi",
            "antonio boccalatte",
            "christian vecchiola"
        ],
        "keywords": "Ant Colony Optimization,Performance Evaluation,Single Machine Scheduling,"
    },
    {
        "id": 4164,
        "label": "664",
        "author": "Massimo Paolucci",
        "title": "A multi-agent system for dynamic just-in-time manufacturing production scheduling",
        "organization": null,
        "abstract": NaN,
        "email": null,
        "conf": "IEEE International Conference on Systems, Man, and Cybernetics",
        "coauthors": [
            "antonio boccalatte",
            "alberto grosso",
            "valentina queirolo",
            "mirko tamoglia"
        ],
        "keywords": "Production Scheduling,Just In Time,Multi Agent System,"
    },
    {
        "id": 4165,
        "label": "664",
        "author": "Massimo Paolucci",
        "title": "A dynamic routing strategy for the real-time management of a fleet of tank trucks",
        "organization": null,
        "abstract": NaN,
        "email": null,
        "conf": "IEEE International Conference on Systems, Man, and Cybernetics",
        "coauthors": [
            "davide giglio",
            "roberto sacile"
        ],
        "keywords": "Dynamic Routing,Real Time,"
    },
    {
        "id": 4166,
        "label": "664",
        "author": "Massimo Paolucci",
        "title": "An Experimental Comparison of Different Heuristics for the Master Bay Plan Problem",
        "organization": null,
        "abstract": NaN,
        "email": null,
        "conf": "Workshop on Experimental and Efficient Algorithms",
        "coauthors": [
            "daniela ambrosino",
            "davide anghinolfi",
            "anna sciomachen"
        ],
        "keywords": null
    },
    {
        "id": 4167,
        "label": "664",
        "author": "Massimo Paolucci",
        "title": "A Swarm Intelligence Method Applied to Manufacturing Scheduling",
        "organization": null,
        "abstract": NaN,
        "email": null,
        "conf": "Workshop From Objects to Agents",
        "coauthors": [
            "davide anghinolfi",
            "antonio boccalatte",
            "alberto grosso",
            "andrea passadore",
            "christian vecchiola"
        ],
        "keywords": "Swarm Intelligence,"
    },
    {
        "id": 4168,
        "label": "664",
        "author": "Massimo Paolucci",
        "title": "A Design Tool to Develop Agent-Based Workflow Management Systems",
        "organization": null,
        "abstract": "This paper describes a methodology to design a workflow management system where a set of intelligent software agents composes an interactive scenario. The Workflow Management Coalition explains how to formalize workflows, using business process definition, and a reference model for a high level abstraction design is asserted: the Workflow Reference Model, an architectural representation of such systems. In recent years,",
        "email": null,
        "conf": "Workshop From Objects to Agents",
        "coauthors": [
            "marco repetto",
            "antonio boccalatte"
        ],
        "keywords": "Agent Modeling,Autonomous Agent,Business Process,Decentralized System,Design Tool,Indexing Terms,Intelligent Software Agent,Reference Model,Workflow Management,Workflow Management System,Workflow System,Agent Based,Expert System,Multi Agent System,"
    },
    {
        "id": 4169,
        "label": "664",
        "author": "Massimo Paolucci",
        "title": "Intelligent agents applied to manufacturing: the MAKE-IT approach",
        "organization": null,
        "abstract": NaN,
        "email": null,
        "conf": "Workshop From Objects to Agents",
        "coauthors": [
            "roberto sacile",
            "ernesto montaldo",
            "antonio boccalatte"
        ],
        "keywords": "Intelligent Agent,"
    },
    {
        "id": 4170,
        "label": "664",
        "author": "Massimo Paolucci",
        "title": "An Agent Based Solution for Dispatching Items in a Distributed Environment",
        "organization": null,
        "abstract": NaN,
        "email": null,
        "conf": "Workshop From Objects to Agents",
        "coauthors": [
            "christian vecchiola",
            "alberto grosso",
            "andrea passadore",
            "davide anghinolfi",
            "antonio boccalatte"
        ],
        "keywords": "Distributed Environment,Agent Based,"
    },
    {
        "id": 4171,
        "label": "664",
        "author": "Massimo Paolucci",
        "title": "Parallel machine total tardiness scheduling with a new hybrid metaheuristic approach",
        "organization": null,
        "abstract": NaN,
        "email": null,
        "conf": "Computers & Operations Research",
        "coauthors": [
            "davide anghinolfi"
        ],
        "keywords": "Parallel Machines,"
    },
    {
        "id": 4172,
        "label": "664",
        "author": "Massimo Paolucci",
        "title": "Allocating crude oil supply to port and refinery tanks: a simulation-based decision support system",
        "organization": null,
        "abstract": NaN,
        "email": null,
        "conf": "Decision Support Systems",
        "coauthors": [
            "roberto sacile",
            "antonio boccalatte"
        ],
        "keywords": "Crude Oil,Decision Support System,"
    },
    {
        "id": 4173,
        "label": "664",
        "author": "Massimo Paolucci",
        "title": "A new discrete particle swarm optimization approach for the single-machine total weighted tardiness scheduling problem with sequence-dependent setup times",
        "organization": null,
        "abstract": "In this paper we present a new Discrete Particle Swarm Optimization (DPSO) approach to face the NP-hard single machine total weighted tardiness scheduling problem in presence of sequence-dependent setup times. Differently from previous approaches the proposed DPSO uses a discrete model both for particle position and velocity and a coherent sequence metric. We tested the proposed DPSO mainly over a",
        "email": null,
        "conf": "European Journal of Operational Research",
        "coauthors": [
            "davide anghinolfi"
        ],
        "keywords": "Discrete Model,particle swarm optimizer,Scheduling Problem,Setup Time,Single Machine,Swarm Intelligence,Discrete Particle Swarm Optimization,Local Search,"
    }
]