[
    {
        "id": 4182,
        "label": "667",
        "author": "Matthew Johnson",
        "title": "Obtaining Online Ecological Colourings by Generalizing First-Fit",
        "organization": null,
        "abstract": "A colouring of a graph is ecological if every pair of vertices that have the same set of colours in their neighbourhood are coloured alike. We consider the following problem: if a graphG and an ecological colouringc ofG are given, can further vertices added to G, one at a time, be coloured so that at each stage the current graph",
        "email": null,
        "conf": "Computer Science Symposium in Russia",
        "coauthors": [
            "viresh patel",
            "daniël paulusma",
            "théophile trunck"
        ],
        "keywords": "Computational Complexity,Polynomial Time,First Fit,"
    },
    {
        "id": 4183,
        "label": "667",
        "author": "Matthew Johnson",
        "title": "The Computational Complexity of the Parallel Knock-Out Problem",
        "organization": null,
        "abstract": "We consider computational complexity questions related to parallel knock-out schemes for graphs. In such schemes, in each round, each remaining vertex of a given graph eliminates exactly one of its neighbours. We show that the problem of whether, for a given bipartite graph, such a scheme can be found that eliminates every vertex is NP-complete. Moreover, we show that, for",
        "email": null,
        "conf": "Latin American Theoretical INformatics",
        "coauthors": [
            "hajo broersma",
            "daniël paulusma",
            "iain a. stewart"
        ],
        "keywords": "Bipartite Graph,Computational Complexity,Polynomial Time,Regular Graph,Knock Out,"
    },
    {
        "id": 4184,
        "label": "667",
        "author": "Matthew Johnson",
        "title": "Upper Bounds and Algorithms for Parallel Knock-Out Numbers",
        "organization": null,
        "abstract": NaN,
        "email": null,
        "conf": "Colloquium on Structural Information & Communication Complexity",
        "coauthors": [
            "hajo broersma",
            "daniël paulusma"
        ],
        "keywords": "Upper Bound,Knock Out,"
    },
    {
        "id": 4185,
        "label": "667",
        "author": "Matthew Johnson",
        "title": "Amalgamations of factorizations of complete equipartite graphs",
        "organization": null,
        "abstract": "Abstract Let   t   be a positive integer, and let   L    = (l1 ,  , lt) and   K    = (k1 ,  , kt) be collections of nonnegative integers A graph has a (t, K, L) factorization if it can be represented as the edge - disjoint union of factors   F1 ,  , Ft where, for 1    =    i    =    t ,",
        "email": null,
        "conf": "Discrete Mathematics",
        "coauthors": [
            "anthony j. w. hilton"
        ],
        "keywords": null
    },
    {
        "id": 4186,
        "label": "667",
        "author": "Matthew Johnson",
        "title": "Path factors and parallel knock-out schemes of almost claw-free graphs",
        "organization": null,
        "abstract": NaN,
        "email": null,
        "conf": "Discrete Mathematics",
        "coauthors": [
            "daniël paulusma",
            "chantal wood"
        ],
        "keywords": "claw-free graph,Knock Out,"
    },
    {
        "id": 4187,
        "label": "668",
        "author": "Matthew Johnson",
        "title": "Defining sets for Latin squares given that they are based on groups",
        "organization": null,
        "abstract": "We investigate deflning sets for latin squares where we are given that the latin square is the Cayley table for some group. Our main result is that the proportion of entries in a smallest deflning set approaches zero as the order of the group increases without bound.",
        "email": null,
        "conf": "European Journal of Combinatorics",
        "coauthors": [
            "david bedford",
            "matthew a. ollis"
        ],
        "keywords": "Latin Square,"
    },
    {
        "id": 4188,
        "label": "667",
        "author": "Matthew Johnson",
        "title": "Amalgamations of connected k-factorizations",
        "organization": null,
        "abstract": NaN,
        "email": null,
        "conf": "Journal of Combinatorial Theory",
        "coauthors": [
            "anthony j. w. hilton",
            "christopher a. rodger",
            "evan b. wantland"
        ],
        "keywords": null
    },
    {
        "id": 4189,
        "label": "668",
        "author": "Matthew Johnson",
        "title": "Characterization of graphs with hall number 2",
        "organization": null,
        "abstract": NaN,
        "email": null,
        "conf": "Journal of Graph Theory",
        "coauthors": [
            "changiz eslahchi"
        ],
        "keywords": "Satisfiability,"
    },
    {
        "id": 4190,
        "label": "667",
        "author": "Matthew Johnson",
        "title": "Upper bounds and algorithms for parallel knock-out numbers",
        "organization": null,
        "abstract": NaN,
        "email": null,
        "conf": "Theoretical Computer Science",
        "coauthors": [
            "hajo broersma",
            "daniël paulusma"
        ],
        "keywords": "Upper Bound,Knock Out,"
    },
    {
        "id": 4191,
        "label": "667",
        "author": "Matthew Johnson",
        "title": "The computational complexity of the parallel knock-out problem",
        "organization": null,
        "abstract": "Abstract We consider computational complexity questions related to parallel knock-out schemes for graphs. In such schemes, in each round, each remaining vertex of a given graph eliminates exactly one of its neighbours. We show that the problem of whether, for a given bipartite graph, such a scheme can be found that eliminates every vertex is NP-complete. Moreover, we show that,",
        "email": null,
        "conf": "Theoretical Computer Science",
        "coauthors": [
            "hajo broersma",
            "daniël paulusma",
            "iain a. stewart"
        ],
        "keywords": "Ams Subject Classification,Bipartite Graph,Computational Complexity,Polynomial Time,Regular Graph,Knock Out,"
    }
]