[
    {
        "id": 4177,
        "label": "666",
        "author": "Matteo Bianchi",
        "title": "Validation of a Virtual Reality Environment to Study Anticipatory Modulation of Digit Forces and Position",
        "organization": null,
        "abstract": NaN,
        "email": null,
        "conf": "Symposium on Haptic Interfaces for Virtual Environment and Teleoperator Systems",
        "coauthors": [
            "giorgio grioli",
            "enzo pasquale scilingo",
            "marco santello",
            "antonio bicchi"
        ],
        "keywords": "Virtual Reality Environment,"
    },
    {
        "id": 4178,
        "label": "666",
        "author": "Matteo Bianchi",
        "title": "A new softness display based on bi-elastic fabric",
        "organization": null,
        "abstract": NaN,
        "email": null,
        "conf": "Symposium on Haptic Interfaces for Virtual Environment and Teleoperator Systems",
        "coauthors": [
            "enzo pasquale scilingo",
            "alessandro serio",
            "antonio bicchi"
        ],
        "keywords": null
    },
    {
        "id": 4179,
        "label": "666",
        "author": "Matteo Bianchi",
        "title": "Modelling and control of HIV dynamics",
        "organization": null,
        "abstract": NaN,
        "email": null,
        "conf": "Computer Methods and Programs in Biomedicine",
        "coauthors": [
            "alberto landi",
            "alberto mazzoldi",
            "chiara andreoni",
            "andrea cavallini",
            "marco laurino",
            "leonardo ricotti",
            "rodolfo iuliano",
            "barbara matteoli",
            "luca ceccherini-nelli"
        ],
        "keywords": null
    },
    {
        "id": 4180,
        "label": "666",
        "author": "Matteo Bianchi",
        "title": "Rendering Softness: Integration of Kinesthetic and Cutaneous Information in a Haptic Device",
        "organization": null,
        "abstract": NaN,
        "email": null,
        "conf": "IEEE Transactions on Haptics",
        "coauthors": [
            "enzo pasquale scilingo",
            "giorgio grioli",
            "antonio bicchi"
        ],
        "keywords": "Haptic Device,"
    }
]