[
    {
        "id": 4268,
        "label": "676",
        "author": "Miao Song",
        "title": "The Output of Human Expression System Measured by Visual Adaptation and Its Implication for the Computer Recognition System",
        "organization": null,
        "abstract": NaN,
        "email": null,
        "conf": "Conference on Computer and Information Technology",
        "coauthors": [
            "shiyong zhang",
            "keizo shinomori"
        ],
        "keywords": null
    },
    {
        "id": 4269,
        "label": "677",
        "author": "Miao Song",
        "title": "Persistency Model and Its Applications in Choice Modeling",
        "organization": null,
        "abstract": "Given a discrete optimization problem Z(˜ c) = max{˜ cx : x ∈ X }, with objective coefficients ˜ c chosen randomly from a distribution θ, we would like to evaluate the expected value E�(Z(˜ c)) and the probability P�(x∗i(˜ c) = k) where x∗(˜ c) is an optimal solution to Z(˜ c). We call this ...",
        "email": null,
        "conf": NaN,
        "coauthors": [
            "karthik natarajan",
            "chung-piaw teo"
        ],
        "keywords": "Choice Models,Discrete Optimization,Expected Value,Optimal Solution,"
    }
]