[
    {
        "id": 4375,
        "label": "705",
        "author": "Michael Schneider",
        "title": "Generic Constructions for Verifiably Encrypted Signatures without Random Oracles or NIZKs",
        "organization": null,
        "abstract": NaN,
        "email": null,
        "conf": "Applied Cryptography and Network Security",
        "coauthors": [
            "markus rückert",
            "dominique schröder"
        ],
        "keywords": "Random Oracle,"
    },
    {
        "id": 4376,
        "label": "705",
        "author": "Michael Schneider",
        "title": "Parallel Shortest Lattice Vector Enumeration on Graphics Cards",
        "organization": null,
        "abstract": "In this paper we present an algorithm for parallel exhaustive search for short vectors in lattices. This algorithm can be applied to a wide range of parallel computing systems. To illustrate the algorithm, it was implemented on graphics cards using CUDA, a programming frame- work for NVIDIA graphics cards. We gain large speedups compared to previous serial CPU implementations. Our",
        "email": null,
        "conf": "Progress in Cryptology",
        "coauthors": [
            "jens hermans",
            "johannes buchmann",
            "frederik vercauteren",
            "bart preneel"
        ],
        "keywords": "Building Block,Exhaustive Search,Lattice Basis Reduction,Lattice Reduction,Parallel Computer,"
    },
    {
        "id": 4377,
        "label": "705",
        "author": "Michael Schneider",
        "title": "Parallel Enumeration of Shortest Lattice Vectors",
        "organization": null,
        "abstract": "Lattice basis reduction is the problem of nding short vec- tors in lattices. The security of lattice based cryptosystems is based on the hardness of lattice reduction. Furthermore, lattice reduction is used to attack well-known cryptosystems like RSA. One of the algorithms used in lattice reduction is the enumeration algorithm (ENUM), that provably nds a shortest vector of a lattice.",
        "email": null,
        "conf": "European Conference on Parallel Processing",
        "coauthors": [
            "özgür dagdelen"
        ],
        "keywords": "Lattice Basis Reduction,Lattice Reduction,Parallel Algorithm,Shortest Vector Problem,"
    },
    {
        "id": 4378,
        "label": "705",
        "author": "Michael Schneider",
        "title": "Merkle Tree Traversal Revisited",
        "organization": null,
        "abstract": "We propose a new algorithm for computing authentication paths in the Merkle signature scheme. Compared to the best algorithm for this task, our algorithm reduces the worst case running time consid- erably.",
        "email": null,
        "conf": NaN,
        "coauthors": [
            "johannes buchmann",
            "erik dahmen"
        ],
        "keywords": "Digital Signature,Quantum Cryptography,Signature Scheme,"
    },
    {
        "id": 4379,
        "label": "705",
        "author": "Michael Schneider",
        "title": "Post-quantum cryptography: lattice signatures",
        "organization": null,
        "abstract": NaN,
        "email": null,
        "conf": "Computing",
        "coauthors": [
            "johannes buchmann",
            "richard lindner",
            "markus rückert"
        ],
        "keywords": "Quantum Cryptography,"
    }
]