[
    {
        "id": 4281,
        "label": "681",
        "author": "Michael Gerke",
        "title": "Model Checking the FlexRay Physical Layer Protocol",
        "organization": null,
        "abstract": NaN,
        "email": null,
        "conf": "Formal Methods for Industrial Critical Systems",
        "coauthors": [
            "rüdiger ehlers",
            "bernd finkbeiner",
            "hans-jörg peter"
        ],
        "keywords": "Model Checking,Physical Layer,"
    },
    {
        "id": 4282,
        "label": "681",
        "author": "Michael Gerke",
        "title": "Towards the Formal Verification of Lower System Layers in Automotive Systems",
        "organization": null,
        "abstract": NaN,
        "email": null,
        "conf": "International Conference on Computer Design",
        "coauthors": [
            "sven beyer",
            "peter böhm",
            "mark a. hillebrand",
            "thomas in der rieden",
            "steffen knapp",
            "dirk leinenbach",
            "wolfgang j. paul"
        ],
        "keywords": "Formal Verification,"
    }
]