[
    {
        "id": 4373,
        "label": "704",
        "author": "Michael S. Phillips",
        "title": "Primer Design and Marker Clustering for Multiplex SNP-IT Primer Extension Genotyping Assay using Statistical Modeling",
        "organization": null,
        "abstract": "Motivation: The optimization of the primer design is critical for the development of high-throughput SNP genotyping methods. Recently developed statistical models of the SNP-IT primer extension genotyping reaction allow further improvement of primer quality for the assay. Results: Here we describe how the statistical models can be used to improve primer design for the assay. We also show how to",
        "email": null,
        "conf": "Bioinformatics/computer Applications in The Biosciences",
        "coauthors": [
            "anton yuryev",
            "jianping huang",
            "kathryn e. scott",
            "jennifer kuebler",
            "miriam donaldson",
            "mark pohl",
            "michael t. boyce-jacino"
        ],
        "keywords": "Cluster Algorithm,Failure Probability,Failure Rate,Primer Design,Statistical Model,Success Rate,High Throughput,"
    }
]