[
    {
        "id": 4394,
        "label": "710",
        "author": "Michael Wagner",
        "title": "Anatomische Abbildung elektrischer Aktivität des ZNS",
        "organization": null,
        "abstract": NaN,
        "email": null,
        "conf": "Bildverarbeitung fur die Medizin",
        "coauthors": [
            "r. beckmann",
            "helmut buchner",
            "g. knoll",
            "a. rienäcker",
            "manfred fuchs",
            "jiri silny",
            "j. pesch"
        ],
        "keywords": null
    },
    {
        "id": 4395,
        "label": "710",
        "author": "Michael Wagner",
        "title": "Restoration of the Sphere-Cortex Homeomorphism",
        "organization": null,
        "abstract": "Abstract. The proposed algorithm has been developed as a pre-proces-sing tool for inflating cortical surface meshes, which have been created using segmentation and subsequent triangulation of magnetic resonance images (MRI) [1]. It works directly on the triangulated surface and is therefore completely independent from the underlying segmentation. It needs no other information than the triangle mesh itself, which makes it",
        "email": null,
        "conf": "Bildverarbeitung fur die Medizin",
        "coauthors": [
            "andreas mang",
            "jan müller",
            "manfred fuchs",
            "thorsten m. buzug"
        ],
        "keywords": "Magnetic Resonance Image,Software Package,Triangle Mesh,"
    },
    {
        "id": 4396,
        "label": "710",
        "author": "Michael Wagner",
        "title": "Model-based EEG and MEG Source Reconstruction Methods",
        "organization": null,
        "abstract": "Neurophysiological activity, as measured with EEG or MEG, has its origin in the brain. For most EEG and MEG experiments it is known beforehand, that the folded gray matter of t he cortex is the location of the neurons whose activity is measured. These neurons, the pyramidal cells, a re oriented p erpendicular to the c ortical surface. Triangulation o",
        "email": null,
        "conf": "Bildverarbeitung fur die Medizin",
        "coauthors": [
            "manfred fuchs",
            "hans-aloys wischmann",
            "ralf drenckhahn",
            "thomas köhler"
        ],
        "keywords": "Gray Matter,neuronal activity,Pyramidal Cell,Region Growing,Software Package,"
    }
]