[
    {
        "id": 4290,
        "label": "684",
        "author": "Michael Hess",
        "title": "Multiparameter regularization method for atmospheric remote sensing",
        "organization": null,
        "abstract": NaN,
        "email": null,
        "conf": "Computer Physics Communications",
        "coauthors": [
            "adrian doicu",
            "franz schreier",
            "siegfried hilgers"
        ],
        "keywords": "Atmospheric Remote Sensing,Regularization Method,"
    },
    {
        "id": 4291,
        "label": "684",
        "author": "Michael Hess",
        "title": "An iterative regularization method with B-spline approximation for atmospheric temperature and concentration retrievals",
        "organization": null,
        "abstract": NaN,
        "email": null,
        "conf": "Environmental Modelling and Software",
        "coauthors": [
            "adrian doicu",
            "franz schreier"
        ],
        "keywords": "Regularization Method,"
    },
    {
        "id": 4292,
        "label": "684",
        "author": "Michael Hess",
        "title": "Error analysis and minimum bound method for atmospheric remote sensing",
        "organization": null,
        "abstract": "In this study, we present an error analysis for Tikhonov regularization in a semi-stochastic setting. The analysis is carried out in such a way that it can be applied to any kind of inverse problem in atmospheric remote sensing. A method for selecting the optimal regularization parameter relying on the minimization of an estimator of the bound of the error",
        "email": null,
        "conf": "Environmental Modelling and Software",
        "coauthors": [
            "adrian doicu",
            "franz schreier",
            "siegfried hilgers"
        ],
        "keywords": "Atmospheric Remote Sensing,Error Analysis,Exact Solution,Inverse Problem,Nonlinear Least Squares,Numerical Simulation,Remote Sensing,tikhonov regularization,"
    }
]