[
    {
        "id": 4271,
        "label": "678",
        "author": "Michael A. Bishop",
        "title": "Epistemology's search for significance",
        "organization": null,
        "abstract": "Epistemology is supposed to guide our reason. This means that episte- mology is practically important because our beliefs so often play a decisive role in how we decide to act. We argue that in order to be effectively action-guiding, trad- itional epistemological theories must be supplemented with an account of signifi- cance—of what makes one reasoning problem significant and another",
        "email": null,
        "conf": "Journal of Experimental and Theoretical Artificial Intelligence",
        "coauthors": [
            "j. d. trout"
        ],
        "keywords": "Effective Action,Signal Detection Theory,"
    }
]