[
    {
        "id": 4353,
        "label": "697",
        "author": "Michael Lee",
        "title": "A Collaborative Informatics Infrastructure for Multi-scale Science",
        "organization": null,
        "abstract": "Abstract  The    Collaboratory    for    Multi - scale    Chemical  Science (CMCS) is developing a powerful informatics - based  approach  to  synthesizing  multi - scale  information   to   support   a   systems - based   research  approach and is applying it in support of combustion  research An   open   source   multi - scale   informatics  toolkit is being developed that addresses a number of  issues core to",
        "email": null,
        "conf": "Challenges of Large Applications in Distributed Environments",
        "coauthors": [
            "james d. myers",
            "thomas c. allison",
            "sandra bittner",
            "brett t. didier",
            "michael frenklach",
            "william h. green jr.",
            "yen-ling ho",
            "john c. hewson",
            "wendy s. koegler",
            "carina lansing",
            "david leahy",
            "renata mccoy",
            "michael minkoff",
            "sandeep nijsure",
            "gregor von laszewski",
            "david montoya",
            "carmen m. pancerella",
            "reinhardt pinzon",
            "william pitz",
            "larry a. rahn",
            "branko ruscic",
            "karen schuchardt",
            "eric g. stephan",
            "al wagner",
            "theresa l. windus",
            "christine l. yang"
        ],
        "keywords": "Information Flow,Knowledge Grid,Open Source,"
    },
    {
        "id": 4354,
        "label": "697",
        "author": "Michael Lee",
        "title": "A Collaborative Informatics Infrastructure for Multi-Scale Science",
        "organization": null,
        "abstract": "The Collaboratory for Multi-scale Chemical Science (CMCS) is developing a powerful informatics- based approach to synthesizing multi-scale information to support a systems-based research approach and is applying it in support of combustion research. An open source multi-scale informatics toolkit is being developed that addresses a number of issues core to the emerging concept of knowledge grids including provenance tracking and",
        "email": null,
        "conf": "Cluster Computing",
        "coauthors": [
            "james d. myers",
            "thomas c. allison",
            "sandra bittner",
            "brett t. didier",
            "michael frenklach",
            "william h. green jr.",
            "yen-ling ho",
            "john c. hewson",
            "wendy s. koegler",
            "carina lansing",
            "david leahy",
            "renata mccoy",
            "michael minkoff",
            "sandeep nijsure",
            "gregor von laszewski",
            "david montoya",
            "luwi oluwole",
            "carmen m. pancerella",
            "reinhardt pinzon",
            "william pitz",
            "larry a. rahn",
            "branko ruscic",
            "karen schuchardt",
            "eric g. stephan",
            "al wagner",
            "theresa l. windus",
            "christine l. yang"
        ],
        "keywords": "Information Flow,Knowledge Grid,Open Source,"
    },
    {
        "id": 4355,
        "label": "698",
        "author": "Michael Lee",
        "title": "An applet-based anonymous distributed computing system",
        "organization": null,
        "abstract": NaN,
        "email": null,
        "conf": "Internet Research",
        "coauthors": [
            "david finkel",
            "craig e. wills",
            "michael j. ciaraldi",
            "kevin amorin",
            "adam covati"
        ],
        "keywords": "Distributed Computing System,"
    }
]