[
    {
        "id": 4398,
        "label": "711",
        "author": "Michael Weber",
        "title": "LTSmin: Distributed and Symbolic Reachability",
        "organization": null,
        "abstract": NaN,
        "email": null,
        "conf": "Computer Aided Verification",
        "coauthors": [
            "stefan blom",
            "jaco van de pol"
        ],
        "keywords": null
    },
    {
        "id": 4399,
        "label": "711",
        "author": "Michael Weber",
        "title": "Local Parallel Model Checking for the Alternation-Free µ-Calculus",
        "organization": null,
        "abstract": "We describe the design of (several variants of) a local par- allel model-checking algorithm for the alternation-free fragment of the µ-calculus. It exploits a characterisation of the problem for this fragment in terms of two-player games. For the corresponding winner, our algo- rithm determines in parallel a winning strategy, which may be employed for debugging the underlying system interactively, and",
        "email": null,
        "conf": "SPIN",
        "coauthors": [
            "benedikt bollig",
            "martin leucker"
        ],
        "keywords": "Model Checking,Network of Workstation,Parallel Models,"
    },
    {
        "id": 4400,
        "label": "711",
        "author": "Michael Weber",
        "title": "Parallel Model Checking for the Alternation Free µ-Calculus",
        "organization": null,
        "abstract": " In this paper, we describe the design and implementation of a parallel model checking algorithm for the alternation free fragment of the |ì-calculus. It exploits a characterisation of the model checking problem for this fragment in terms of two-person games. Our algorithm determines the corresponding winner in parallel. It is designed to run on a network of workstations. An implementation",
        "email": null,
        "conf": "Tools and Algorithms for Construction and Analysis of Systems",
        "coauthors": [
            "benedikt bollig",
            "martin leucker"
        ],
        "keywords": "Design and Implementation,Model Checking,Network of Workstation,Parallel Models,"
    },
    {
        "id": 4401,
        "label": "711",
        "author": "Michael Weber",
        "title": "Boosting Multi-Core Reachability Performance with Shared Hash Tables",
        "organization": null,
        "abstract": "This paper focuses on data structures for multi-core reachability, which is a",
        "email": null,
        "conf": NaN,
        "coauthors": [
            "alfons laarman",
            "jaco van de pol"
        ],
        "keywords": null
    },
    {
        "id": 4407,
        "label": "711",
        "author": "Michael Weber",
        "title": "A Database Approach to Distributed State Space Generation",
        "organization": null,
        "abstract": "We study distributed state space generation on a cluster of workstations. It is ex- plained why state space partitioning by a global hash function is problematic when states contain variables from unbounded domains, such as lists or other recursive datatypes. Our solution is to introduce a database which maintains a global num- bering of state values. We also describe tree-compression,",
        "email": null,
        "conf": "Electronic Notes in Theoretical Computer Science",
        "coauthors": [
            "stefan blom",
            "bert lisser",
            "jaco van de pol"
        ],
        "keywords": "Cluster of Workstations,Hash Function,State Space,Unbounded Domain,Virtual Machine,"
    },
    {
        "id": 4408,
        "label": "711",
        "author": "Michael Weber",
        "title": "Parallel Model Checking for LTL, CTL*, and Lµ2",
        "organization": null,
        "abstract": "We describe a parallel model-checking algorithm for the fragment of the -calculus that allows one alternation of minimal and maximal xed-p oint operators. This fragment is also known as L2 . Since LTL and CTL can be encoded in this fragment, we obtain parallel model checking algorithms for practically important temporal logics. Our solution is based on a characterization of",
        "email": null,
        "conf": "Electronic Notes in Theoretical Computer Science",
        "coauthors": [
            "martin leucker",
            "rafal somla"
        ],
        "keywords": "Parallel Algorithm,Parallel Models,Temporal Logic,"
    },
    {
        "id": 4409,
        "label": "711",
        "author": "Michael Weber",
        "title": "A Multi-Core Solver for Parity Games",
        "organization": null,
        "abstract": "We describe a parallel algorithm for solving parity games, with applications in, e.g., modal µ-calculus model checking with arbitrary alternations, and (branching) bisimulation check- ing. The algorithm is based on Jurdzinski's Small Progress Measures. Actually, this is a class of algorithms, depending on a selection heuristics. Our algorithm operates lock-free, and mostly wait-free (except for infrequent termination detection), and thus",
        "email": null,
        "conf": "Electronic Notes in Theoretical Computer Science",
        "coauthors": [
            "jaco van de pol"
        ],
        "keywords": "Communication Protocol,Model Checking,Parallel Algorithm,System Modeling,Termination Detection,"
    },
    {
        "id": 4410,
        "label": "711",
        "author": "Michael Weber",
        "title": "Functional programming languages for verification tools: a comparison of Standard ML and Haskell",
        "organization": null,
        "abstract": "We compare Haskell with Standard ML as programming languages for verification tools based on our experience developing the verification platform Truth in Haskell and the Edinburgh Concurrency Workbench (CWB) in Standard ML .W e review not only technical language features but also the \"worlds\" of the languages, for example, the availability of compilers, tools, and libraries. We also discuss the",
        "email": null,
        "conf": "International Journal on Software Tools for Technology Transfer",
        "coauthors": [
            "martin leucker",
            "thomas noll",
            "perdita stevens"
        ],
        "keywords": "Functional Programming,Functional Programming Language,Programming Language,Standard Ml,"
    }
]