[
    {
        "id": 4284,
        "label": "682",
        "author": "Michael Heinz",
        "title": "Virtuelle Maschinen in einem allgemeinen Time-Sharing-Betriebssystem",
        "organization": null,
        "abstract": NaN,
        "email": null,
        "conf": "GI-Jahrestagung",
        "coauthors": [],
        "keywords": "Time Sharing,"
    },
    {
        "id": 4285,
        "label": "682",
        "author": "Michael Heinz",
        "title": "Das Programmsystem LINET zur Analyse linearer elektrischer Netzwerke",
        "organization": null,
        "abstract": NaN,
        "email": null,
        "conf": "Information Technology",
        "coauthors": [
            "rainer engelhardt",
            "hermann kremer"
        ],
        "keywords": null
    },
    {
        "id": 4286,
        "label": "683",
        "author": "Michael Heinz",
        "title": "Firm-like behavior of journals? Scaling properties of their output and impact growth dynamics",
        "organization": null,
        "abstract": "Abstract  In the study of growth dynamicsof artificial and natural systems, the scaling properties of fluctuations can exhibit information on the underlying processes responsible for the observed macroscopic behaviour, according to researchers of a group around H.E. Stanley and others. With such an approach, they examined the growth dynamics of firms, of national economies, and of university research fundings and",
        "email": null,
        "conf": "Journal of The American Society for Information Science and Technology",
        "coauthors": [
            "frank havemann",
            "roland wagner-döbler"
        ],
        "keywords": "Conditional Probability,Research Funding,Growth Rate,Power Law,"
    },
    {
        "id": 4287,
        "label": "683",
        "author": "Michael Heinz",
        "title": "Growth dynamics of German university enrolments and of scientific disciplines in the 19th century: Scaling behaviour under weak competitive pressure",
        "organization": null,
        "abstract": NaN,
        "email": null,
        "conf": "Scientometrics",
        "coauthors": [
            "frank havemann",
            "roland wagner-döbler"
        ],
        "keywords": null
    },
    {
        "id": 4288,
        "label": "683",
        "author": "Michael Heinz",
        "title": "Structural similarities between science growth dynamics in China and in western countries",
        "organization": null,
        "abstract": NaN,
        "email": null,
        "conf": "Scientometrics",
        "coauthors": [
            "liming liang",
            "frank havemann",
            "roland wagner-döbler"
        ],
        "keywords": "Structural Similarity,"
    }
]