[
    {
        "id": 4415,
        "label": "713",
        "author": "Miguel Jim&eacute;nez",
        "title": "Problems and Solutions in Distributed Software Development: A Systematic Review",
        "organization": null,
        "abstract": NaN,
        "email": null,
        "conf": "Software Engineering Approaches for Offshore and Outsourced Development",
        "coauthors": [
            "mario piattini"
        ],
        "keywords": "Distributed Software Development,Systematic Review,"
    }
]