[
    {
        "id": 4605,
        "label": "746",
        "author": "Min-Soo Kim",
        "title": "Spatial Data Server for Mobile Environment",
        "organization": null,
        "abstract": NaN,
        "email": null,
        "conf": "Extending Database Technology",
        "coauthors": [
            "oh byoung-woo",
            "mi-jeong kim",
            "eun-kyu lee"
        ],
        "keywords": "Mobile Environment,Spatial Data,"
    },
    {
        "id": 4606,
        "label": "746",
        "author": "Min-Soo Kim",
        "title": "Fire Service in Korea: Advanced Emergency 119 System Based on GIS Technology",
        "organization": null,
        "abstract": NaN,
        "email": null,
        "conf": "Electronic Government",
        "coauthors": [
            "in-hak joo",
            "kwang-soo kim"
        ],
        "keywords": null
    },
    {
        "id": 4607,
        "label": "746",
        "author": "Min-Soo Kim",
        "title": "ISP (Information Strategy Planning) for 4S-Based Integration of Spatial Information Systems as Korean Nationwide Project",
        "organization": null,
        "abstract": NaN,
        "email": null,
        "conf": "Electronic Government",
        "coauthors": [
            "in-hak joo",
            "ki won lee",
            "jong-hun lee"
        ],
        "keywords": "Spatial Information System,"
    },
    {
        "id": 4608,
        "label": "746",
        "author": "Min-Soo Kim",
        "title": "A Web Services Framework for Integrated Geospatial Coverage Data",
        "organization": null,
        "abstract": NaN,
        "email": null,
        "conf": "Computational Science and Its Applications",
        "coauthors": [
            "eun-kyu lee",
            "mi-jeong kim",
            "in-hak joo"
        ],
        "keywords": "Web Service,"
    },
    {
        "id": 4609,
        "label": "746",
        "author": "Min-Soo Kim",
        "title": "Web Services Framework for Geo-spatial Services",
        "organization": null,
        "abstract": NaN,
        "email": null,
        "conf": "Web and Wireless Geographical Information Systems",
        "coauthors": [
            "mi-jeong kim",
            "eun-kyu lee",
            "in-hak joo"
        ],
        "keywords": "Web Service,"
    },
    {
        "id": 4610,
        "label": "746",
        "author": "Min-Soo Kim",
        "title": "A Design of Telematics Application Framework on Ubiquitous Sensor Networks",
        "organization": null,
        "abstract": NaN,
        "email": null,
        "conf": "Web and Wireless Geographical Information Systems",
        "coauthors": [
            "eun-kyu lee",
            "byung-tae jang",
            "myoung-ho kim"
        ],
        "keywords": "Application Framework,Sensor Network,"
    },
    {
        "id": 4611,
        "label": "746",
        "author": "Min-Soo Kim",
        "title": "A framework for dynamic updates of map data in mobile devices",
        "organization": null,
        "abstract": "Stored map services in mobile devices, such as cellular phones, are being commercialised for the mobile and wireless environment. In order to ensure the quality and accuracy of the map, an update of the source map must be transferred automatically to mobile devices. While transferring the source map, at least two facts need to be considered, which are reduction of",
        "email": null,
        "conf": "International Journal of Web Engineering and Technology",
        "coauthors": [
            "hae-kyong kang",
            "ki-joune li"
        ],
        "keywords": "Communication Cost,Consistency Checking,Mobile Data Service,Mobile Device,Spatial Data,"
    },
    {
        "id": 4623,
        "label": "748",
        "author": "Min-Soo Kim",
        "title": "CHRONICLE: A Two-Stage Density-Based Clustering Algorithm for Dynamic Networks",
        "organization": null,
        "abstract": "Information networks, such as social networks and that ex- tracted from bibliographic data, are changing dynamically over time. It is crucial to discover time-evolving communities in dynamic networks. In this paper, we study the problem of flnding time-evolving communities such that each community freely forms, evolves, and dissolves for any time period. Although the previous t-partite graph based methods are",
        "email": null,
        "conf": "Discovery Science",
        "coauthors": [
            "jiawei han"
        ],
        "keywords": "Cluster Algorithm,Dynamic Networks,Information Network,Large Scale,Number of Clusters,Social Network,"
    },
    {
        "id": 4624,
        "label": "748",
        "author": "Min-Soo Kim",
        "title": "Odysseus: a High-Performance ORDBMS Tightly-Coupled with Spatial Database Features",
        "organization": null,
        "abstract": "We have earlier proposed the tight-coupling architecture for adding new data types into the DBMS engine. In this paper, we introduce the Odysseus ORDBMS and present its tightly-coupled spatial database features. We demonstrate a geographical information system (GIS) implemented using Odysseus.",
        "email": null,
        "conf": "International Conference on Data Engineering",
        "coauthors": [
            "kyu-young whang",
            "jae-gil lee",
            "min-jae lee",
            "ki-hoon lee"
        ],
        "keywords": "Data Type,Geographic Information System,High Performance,Information Retrieval,Spatial Database,Tight Coupling,Object Relational,"
    },
    {
        "id": 4625,
        "label": "748",
        "author": "Min-Soo Kim",
        "title": "Odysseus: A High-Performance ORDBMS Tightly-Coupled with IR Features",
        "organization": null,
        "abstract": "We propose the notion of tight-coupling (8) to add new data types into the DBMS engine. In this paper, we intro- ducethe Odysseus ORDBMS andpresent its tightly-coupled IR features (U.S. patented). We demonstrate a web search engine capable of managing 20 million web pages in a non- parallel configuration using Odysseus.",
        "email": null,
        "conf": "International Conference on Data Engineering",
        "coauthors": [
            "kyu-young whang",
            "min-jae lee",
            "jae-gil lee",
            "wook-shin han"
        ],
        "keywords": "Data Type,High Performance,Tight Coupling,Web Pages,Web Search Engine,"
    },
    {
        "id": 4626,
        "label": "748",
        "author": "Min-Soo Kim",
        "title": "n-Gram/2L: A Space and Time Efficient Two-Level n-Gram Inverted Index Structure",
        "organization": null,
        "abstract": "The n-gram inverted index has two major advantages: language-neutral and error-tolerant. Due to these advantages, it has been widely used in information retrieval or in similar sequence matching for DNA and protein databases. Nevertheless, the n-gram inverted index also has drawbacks: the size tends to be very large, and the performance of queries tends to be bad. In this paper,",
        "email": null,
        "conf": "Very Large Data Bases",
        "coauthors": [
            "kyu-young whang",
            "jae-gil lee",
            "min-jae lee"
        ],
        "keywords": "Indexation,Information Retrieval,Inverted Index,Query Processing,"
    },
    {
        "id": 4627,
        "label": "748",
        "author": "Min-Soo Kim",
        "title": "A Logical Model and Data Placement Strategies for MEMS Storage Devices",
        "organization": null,
        "abstract": "MEMS storage devices are new non-volatile secondary storages that have outstanding advantages over magnetic disks. MEMS storage devices, however, are much different from magnetic disks in the structure and access characteristics. They have thousands of heads called probe tips and provide the following two major access facilities: (1) flexibility: freely selecting a set of probe tips for accessing data, (2)",
        "email": null,
        "conf": "Computing Research Repository",
        "coauthors": [
            "yi-reun kim",
            "kyu-young whang",
            "il-yeol song"
        ],
        "keywords": "Data Placement,Data Retrieval,Reading and Writing,Relational Data,Spatial Data,"
    },
    {
        "id": 4628,
        "label": "748",
        "author": "Min-Soo Kim",
        "title": "Structural Consistency: Enabling XML Keyword Search to Eliminate Spurious Results Consistently",
        "organization": null,
        "abstract": "XML keyword search is a user-friendly way to query XML data using only",
        "email": null,
        "conf": NaN,
        "coauthors": [
            "ki-hoon lee",
            "kyu-young whang",
            "wook-shin han"
        ],
        "keywords": null
    },
    {
        "id": 4633,
        "label": "748",
        "author": "Min-Soo Kim",
        "title": "Tightly-coupled spatial database features in the Odysseus/OpenGIS DBMS for high-performance",
        "organization": null,
        "abstract": "Conventional object-relational database management system (ORDBMS) vendors provide extension mechanisms for adding user-defined types and functions to their own DBMSs. Here, the extension mechanisms are implemented using a high- level (typically, SQL-level) interface. We call this mechanism loose-coupling .T he advantage of loose-coupling is that it is easy to implement. However, it is not prefer- able for implementing new data",
        "email": null,
        "conf": "Geoinformatica",
        "coauthors": [
            "kyu-young whang",
            "jae-gil lee",
            "min-jae lee",
            "ki-hoon lee",
            "wook-shin han",
            "jun-sung kim"
        ],
        "keywords": "Data Type,High Performance,Management System,object-relational databases,Satisfiability,Spatial Database,Tight Coupling,"
    },
    {
        "id": 4634,
        "label": "748",
        "author": "Min-Soo Kim",
        "title": "The partitioned-layer index: Answering monotone top-k queries using the convex skyline and partitioning-merging technique",
        "organization": null,
        "abstract": NaN,
        "email": null,
        "conf": "Information Sciences",
        "coauthors": [
            "jun-seok heo",
            "kyu-young whang",
            "yi-reun kim",
            "il-yeol song"
        ],
        "keywords": "Indexation,"
    },
    {
        "id": 4635,
        "label": "748",
        "author": "Min-Soo Kim",
        "title": "A Particle-and-Density Based Evolutionary Clustering Method for Dynamic Networks",
        "organization": null,
        "abstract": "Recently, dynamic networks are attracting increasing inter- est due to their high potential in capturing natural and so- cial phenomena over time. Discovery of evolutionary com- munities in dynamic networks has become a critical task. The previous evolutionary clustering methods usually adopt the temporal smoothness framework, which has a desirable feature of controlling the balance between temporal noise and true",
        "email": null,
        "conf": "Proceedings of The Vldb Endowment",
        "coauthors": [
            "jiawei han"
        ],
        "keywords": "Clustering Method,Concept Drift,Dynamic Networks,Experimental Study,Information Theory,"
    },
    {
        "id": 4636,
        "label": "748",
        "author": "Min-Soo Kim",
        "title": "Structural optimization of a full-text n gram index using relational normalization",
        "organization": null,
        "abstract": NaN,
        "email": null,
        "conf": "The Vldb Journal",
        "coauthors": [
            "kyu-young whang",
            "jae-gil lee",
            "min-jae lee"
        ],
        "keywords": "Indexation,Structure Optimization,"
    },
    {
        "id": 4640,
        "label": "750",
        "author": "Min-Soo Kim",
        "title": "The Robust Flight Control of an UAV Using MIMO QFT: GA-Based Automatic Loop-Shaping Method",
        "organization": null,
        "abstract": NaN,
        "email": null,
        "conf": "Asian Simulation Conference",
        "coauthors": [
            "chan-soo chung"
        ],
        "keywords": "Flight Control,"
    },
    {
        "id": 4641,
        "label": "750",
        "author": "Min-Soo Kim",
        "title": "Automatic Loop-Shaping of QFT Controllers Using GAs and Evolutionary Computation",
        "organization": null,
        "abstract": NaN,
        "email": null,
        "conf": "Australian Joint Conference on Artificial Intelligence",
        "coauthors": [
            "chan-soo chung"
        ],
        "keywords": "Evolutionary Computing,"
    },
    {
        "id": 4642,
        "label": "750",
        "author": "Min-Soo Kim",
        "title": "Sunspot Time Series Prediction Using Parallel-Structure Fuzzy System",
        "organization": null,
        "abstract": NaN,
        "email": null,
        "conf": "Fuzzy Systems and Knowledge Discovery",
        "coauthors": [
            "chan-soo chung"
        ],
        "keywords": "Fuzzy System,Time Series Prediction,"
    },
    {
        "id": 4644,
        "label": "752",
        "author": "Min-Soo Kim",
        "title": "Parallel-Structure Fuzzy System for Sunspot Cycle Prediction in the Railway Systems",
        "organization": null,
        "abstract": NaN,
        "email": null,
        "conf": "Fuzzy Systems and Knowledge Discovery",
        "coauthors": [],
        "keywords": "Fuzzy System,"
    },
    {
        "id": 4645,
        "label": "752",
        "author": "Min-Soo Kim",
        "title": "Electromagnetic Levitation System with Clustering Based Fuzzy Controller",
        "organization": null,
        "abstract": NaN,
        "email": null,
        "conf": "International Conference on Adaptive and Natural Computing Algorithms",
        "coauthors": [
            "yeun-sub byun"
        ],
        "keywords": "Fuzzy Controller,"
    },
    {
        "id": 4646,
        "label": "752",
        "author": "Min-Soo Kim",
        "title": "Performance Improvement of the Attitude Estimation System Using Fuzzy Inference and Genetic Algorithms",
        "organization": null,
        "abstract": NaN,
        "email": null,
        "conf": NaN,
        "coauthors": [],
        "keywords": "Fuzzy Inference,Genetic Algorithm,Performance Improvement,"
    },
    {
        "id": 4648,
        "label": "754",
        "author": "Min-Soo Kim",
        "title": "Robot Visual Servo through Trajectory Estimation of a Moving Object Using Kalman Filter",
        "organization": null,
        "abstract": NaN,
        "email": null,
        "conf": "International Conference on Intelligent Computing",
        "coauthors": [
            "ji-hoon koh",
            "ho quoc phuong nguyen",
            "hee-jun kang"
        ],
        "keywords": "Moving Object,visual servoing,kalman filter,"
    },
    {
        "id": 4649,
        "label": "755",
        "author": "Min-Soo Kim",
        "title": "EDCA-TM: IEEE 802.11e MAC enhancement for wireless multi-hop networks",
        "organization": null,
        "abstract": NaN,
        "email": null,
        "conf": "IEEE Wireless Communications & Networking Conference",
        "coauthors": [
            "deepesh man shrestha",
            "young-bae ko"
        ],
        "keywords": "wireless multi-hop network,"
    },
    {
        "id": 4650,
        "label": "756",
        "author": "Min-Soo Kim",
        "title": "Recognition-Based Digitalization of Korean Historical Archives",
        "organization": null,
        "abstract": NaN,
        "email": null,
        "conf": "Asia Information Retrieval Symposium",
        "coauthors": [
            "sungho ryu",
            "kyu tae cho",
            "taik-heon rhee",
            "hyun-il choi",
            "jin hyung kim"
        ],
        "keywords": null
    },
    {
        "id": 4651,
        "label": "756",
        "author": "Min-Soo Kim",
        "title": "Segmentation of Handwritten Characters for Digitalizing Korean Historical Documents",
        "organization": null,
        "abstract": NaN,
        "email": null,
        "conf": "Document Analysis Systems",
        "coauthors": [
            "kyu tae cho",
            "hee kue kwag",
            "jin hyung kim"
        ],
        "keywords": null
    },
    {
        "id": 4652,
        "label": "756",
        "author": "Min-Soo Kim",
        "title": "Digitalizing Scheme of Handwritten Hanja Historical Documents",
        "organization": null,
        "abstract": NaN,
        "email": null,
        "conf": "Document Image Analysis for Libraries",
        "coauthors": [
            "man-dae jang",
            "hyun-il choi",
            "taik-heon rhee",
            "jin hyung kim"
        ],
        "keywords": null
    },
    {
        "id": 4653,
        "label": "756",
        "author": "Min-Soo Kim",
        "title": "Automatic Summarization Based on Principal Component Analysis",
        "organization": null,
        "abstract": NaN,
        "email": null,
        "conf": "Portuguese Conference on Artificial Intelligence",
        "coauthors": [
            "chang beom lee",
            "hyuk ro park"
        ],
        "keywords": "Automatic Summarization,Principal Component Analysis,"
    },
    {
        "id": 4654,
        "label": "756",
        "author": "Min-Soo Kim",
        "title": "Face recognition using partial least squares components",
        "organization": null,
        "abstract": NaN,
        "email": null,
        "conf": "Pattern Recognition",
        "coauthors": [
            "jangsun baek"
        ],
        "keywords": "Face Recognition,Partial Least Square,"
    }
]