[
    {
        "id": 4427,
        "label": "718",
        "author": "Min Feng",
        "title": "An efficient key scheme for layered access control of MPEG4 FGS video",
        "organization": null,
        "abstract": "The recently proposed Scalable Multi-Layer FGS Encryption (SMLFE) (4)(5) encrypts an MPEG-4 FGS stream into multiply PSNR and bitrate quality layers for layered access control. Both layer types are supported simultaneously. A simple key scheme was used in SMLFE. In this paper, we propose a novel key scheme for SMLFE that reduces the number of keys maintained and managed by",
        "email": null,
        "conf": "International Conference on Multimedia Computing and Systems/International Conference on Multimedia and Expo",
        "coauthors": [
            "bin b. zhu",
            "shipeng li"
        ],
        "keywords": "Discrete Logarithm,Hash Function,Key Agreement,Satisfiability,Access Control,diffie hellman,"
    },
    {
        "id": 4428,
        "label": "718",
        "author": "Min Feng",
        "title": "A framework of scalable layered access control for multimedia",
        "organization": null,
        "abstract": NaN,
        "email": null,
        "conf": "IEEE International Symposium on Circuits and Systems",
        "coauthors": [
            "bin b. zhu",
            "shipeng li"
        ],
        "keywords": "Access Control,"
    },
    {
        "id": 4429,
        "label": "718",
        "author": "Min Feng",
        "title": "Signed MSB-Set Comb Method for Elliptic Curve Point Multiplication",
        "organization": null,
        "abstract": NaN,
        "email": null,
        "conf": "Information Security Practice and Experience",
        "coauthors": [
            "bin b. zhu",
            "cunlai zhao",
            "shipeng li"
        ],
        "keywords": "Elliptic Curve,"
    },
    {
        "id": 4430,
        "label": "718",
        "author": "Min Feng",
        "title": "Compoweb: a component-oriented web architecture",
        "organization": null,
        "abstract": "In this paper, client-site Web mashups are studied from component-oriented perspective, and CompoWeb, a component- oriented Web architecture, is proposed. In CompoWeb, a Web application is decomposed into Web components called gadgets. A gadget is an abstraction of functional or logical Web component. It is isolated from other gadgets for security and reliability. Contract-based channels are the only way to",
        "email": null,
        "conf": "World Wide Web Conference Series",
        "coauthors": [
            "rui guo",
            "bin b. zhu",
            "aimin pan",
            "bosheng zhou"
        ],
        "keywords": null
    }
]