[
    {
        "id": 4597,
        "label": "745",
        "author": "Minsoo Kim",
        "title": "Access Control for Cooperation Systems Based on Group Situation",
        "organization": null,
        "abstract": NaN,
        "email": null,
        "conf": "Collaborative Computing",
        "coauthors": [
            "james b. d. joshi",
            "minkoo kim"
        ],
        "keywords": "Cooperative Systems,Access Control,"
    },
    {
        "id": 4598,
        "label": "745",
        "author": "Minsoo Kim",
        "title": "Group organization algorithm based on trust and reputation in agent society",
        "organization": null,
        "abstract": "In cooperation systems such as Multi-Agent Systems, it is an important problem how group of agents is organized as well as how agents cooperate with each other. Moreover, dynamic computing environments require the dynamic organization to the cooperation systems. To this end, in this paper, we propose two organization algorithms based on trust and reputation of agents; one is a",
        "email": null,
        "conf": "Advances in Mobile Multimedia",
        "coauthors": [
            "minkoo kim"
        ],
        "keywords": "Cooperative Systems,Self Organization,Trust and Reputation,Multi Agent System,"
    },
    {
        "id": 4599,
        "label": "745",
        "author": "Minsoo Kim",
        "title": "Member Failure Recovery Mechanism Using Context Ontology for Community Computing",
        "organization": null,
        "abstract": NaN,
        "email": null,
        "conf": "Multimedia and Ubiquitous Engineering",
        "coauthors": [
            "minkoo kim"
        ],
        "keywords": "Community Computing,Failure Recovery,"
    },
    {
        "id": 4600,
        "label": "745",
        "author": "Minsoo Kim",
        "title": "Fast Service Selection Using rete Network in Dynamic Environment",
        "organization": null,
        "abstract": NaN,
        "email": null,
        "conf": "IEEE Congress on Services",
        "coauthors": [
            "minkoo kim"
        ],
        "keywords": "Dynamic Environment,Service Selection,"
    },
    {
        "id": 4601,
        "label": "745",
        "author": "Minsoo Kim",
        "title": "An architecture for specification and enforcement of temporal access control constraints using OWL",
        "organization": null,
        "abstract": "The Semantic Web is an extension of the World Wide Web that has been growing in recent years. One important issue in the Semantic Web environment is access control. Integrating Role-Based Access Control (RBAC) models, which have been accepted as a powerful approach to security management, with the Semantic Web helps to reduce the complexity of Web security management. The",
        "email": null,
        "conf": "Secure Web Services",
        "coauthors": [
            "hassan takabi",
            "james b. d. joshi",
            "michael b. spring"
        ],
        "keywords": "Model Combination,Role Based Access Control,Security Management,Semantic Web,Temporal Constraints,Web Ontology Language,Web Security,Access Control,World Wide Web,"
    },
    {
        "id": 4602,
        "label": "745",
        "author": "Minsoo Kim",
        "title": "Context-Based Cooperation Architecture for Ubiquitous Environment",
        "organization": null,
        "abstract": NaN,
        "email": null,
        "conf": "Ubiquitous Computing Systems",
        "coauthors": [
            "youna jung",
            "jungtae lee",
            "minkoo kim"
        ],
        "keywords": null
    },
    {
        "id": 4603,
        "label": "745",
        "author": "Minsoo Kim",
        "title": "A Formal Definition of Situation towards Situation-Aware Computing",
        "organization": null,
        "abstract": NaN,
        "email": null,
        "conf": "World Summit on the Knowledge Society",
        "coauthors": [
            "minkoo kim"
        ],
        "keywords": "Situation Awareness,"
    },
    {
        "id": 4604,
        "label": "745",
        "author": "Minsoo Kim",
        "title": "Developing Protégé Plug-in: OWL Ontology Visualization using Social Network",
        "organization": null,
        "abstract": "In recent years, numerous studies have been attempted to exploit ontology in the area of ubiquitous computing. Especially, some kinds of ontologies written in OWL are proposed for major issues in ubiquitous computing such like context-awareness. OWL is recommended by W3C as a descriptive language for representing ontology with rich vocabularies. However, developers struggle to design ontology using OWL, because",
        "email": null,
        "conf": "Journal of Information Processing Systems",
        "coauthors": [
            "minkoo kim"
        ],
        "keywords": "Context Aware,Social Network,Ubiquitous Computing,"
    },
    {
        "id": 4612,
        "label": "747",
        "author": "Minsoo Kim",
        "title": "Auto-generation of Detection Rules with Tree Induction Algorithm",
        "organization": null,
        "abstract": "A generation of rule for detecting an attack from enormous network data is very difficult, and this is commonly required an expert's experiences. An auto-generation of detection rules cut down on maintenance or management ex- penses of intrusion detection systems, but the problem is accuracy for the time being. In this paper, we propose an automatic generation method of detection",
        "email": null,
        "conf": "Fuzzy Systems and Knowledge Discovery",
        "coauthors": [
            "jae-hyun seo",
            "il-ahn cheong",
            "bongnam noh"
        ],
        "keywords": "Automatic Generation,Intrusion Detection System,Network Measurement,Rule Based,"
    },
    {
        "id": 4613,
        "label": "747",
        "author": "Minsoo Kim",
        "title": "A Fuzzy Expert System for Network Forensics",
        "organization": null,
        "abstract": NaN,
        "email": null,
        "conf": "Computational Science and Its Applications",
        "coauthors": [
            "jung-sun kim",
            "bongnam noh"
        ],
        "keywords": "Fuzzy Expert System,Network Forensics,"
    },
    {
        "id": 4614,
        "label": "747",
        "author": "Minsoo Kim",
        "title": "Network Anomaly Behavior Detection Using an Adaptive Multiplex Detector",
        "organization": null,
        "abstract": NaN,
        "email": null,
        "conf": "Computational Science and Its Applications",
        "coauthors": [
            "misun kim",
            "jae-hyun seo"
        ],
        "keywords": null
    },
    {
        "id": 4615,
        "label": "747",
        "author": "Minsoo Kim",
        "title": "A Security Architecture for Adapting Multiple Access Control Models to Operating Systems",
        "organization": null,
        "abstract": NaN,
        "email": null,
        "conf": "Computational Science and Its Applications",
        "coauthors": [
            "jung-sun kim",
            "seungyong lee",
            "jae-hyun seo",
            "bongnam noh"
        ],
        "keywords": "Operating System,Security Architecture,Multiple Access Control,"
    },
    {
        "id": 4616,
        "label": "747",
        "author": "Minsoo Kim",
        "title": "An Effective Method for Analyzing Intrusion Situation Through IP-Based Classification",
        "organization": null,
        "abstract": NaN,
        "email": null,
        "conf": "Computational Science and Its Applications",
        "coauthors": [
            "jae-hyun seo",
            "seungyong lee",
            "bongnam noh",
            "jung-taek seo",
            "eung ki park"
        ],
        "keywords": null
    },
    {
        "id": 4617,
        "label": "747",
        "author": "Minsoo Kim",
        "title": "Detection Techniques for ELF Executable File Using Assembly Instruction Searching",
        "organization": null,
        "abstract": NaN,
        "email": null,
        "conf": "Computational Science and Its Applications",
        "coauthors": [
            "jun-hyung park",
            "bongnam noh"
        ],
        "keywords": null
    },
    {
        "id": 4618,
        "label": "747",
        "author": "Minsoo Kim",
        "title": "Expert System Using Fuzzy Petri Nets in Computer Forensics",
        "organization": null,
        "abstract": NaN,
        "email": null,
        "conf": "International Conference on Hybrid Information Technology",
        "coauthors": [
            "hyun-uk hwang",
            "bongnam noh"
        ],
        "keywords": "Computer Forensics,Expert System,petri net,"
    },
    {
        "id": 4619,
        "label": "747",
        "author": "Minsoo Kim",
        "title": "The Causality Analysis of Protocol Measures for Detection of Attacks Based on Network",
        "organization": null,
        "abstract": "New intrusions have being tried continuously due to vulner- ability of TCP/IP on the computer networks. Many studies have been progressed about the method that is based on the signature and anomaly behavior in order to detect the attacks using vulnerability of networks. However the detection of intrusion from an enormous network data is very difficult and required much load",
        "email": null,
        "conf": "International Conference on Information Networking",
        "coauthors": [
            "il-ahn cheong",
            "yong-min kim",
            "bongnam noh"
        ],
        "keywords": "Causal Analysis,Computer Network,Dos Attack,Network Measurement,Real Time,"
    },
    {
        "id": 4620,
        "label": "747",
        "author": "Minsoo Kim",
        "title": "A similarity based technique for detecting malicious executable files for computer forensics",
        "organization": null,
        "abstract": "With the rapidly increasing complexity of computer systems and the sophistication of hacking tools and techniques, there is a crucial need for computer forensic analysis techniques. Very few techniques exist to support forensic analysis of unknown executable files. The existing techniques primarily inspect executable files to detect known signatures or are based on metadata information. A key goal of such",
        "email": null,
        "conf": "Information Reuse and Integration",
        "coauthors": [
            "jun-hyung park",
            "bongnam noh",
            "james b. d. joshi"
        ],
        "keywords": "Computer Forensics,False Positive,Tools and Techniques,"
    },
    {
        "id": 4621,
        "label": "747",
        "author": "Minsoo Kim",
        "title": "An Automatic Identification of a Damaged Malicious File Using HMM against Anti-Forensics",
        "organization": null,
        "abstract": NaN,
        "email": null,
        "conf": "Networked Computing and Advanced Information Management",
        "coauthors": [
            "dongju ryu",
            "yong-min kim"
        ],
        "keywords": null
    },
    {
        "id": 4622,
        "label": "747",
        "author": "Minsoo Kim",
        "title": "A Visualization Technique for Installation Evidences Containing Malicious Executable Files Using Machine Language Sequence",
        "organization": null,
        "abstract": NaN,
        "email": null,
        "conf": "Workshop on Information Security Applications",
        "coauthors": [
            "jun-hyung park",
            "bongnam noh"
        ],
        "keywords": "Visualization Technique,"
    },
    {
        "id": 4637,
        "label": "749",
        "author": "Minsoo Kim",
        "title": "A Modeling Framework of Business Transactions for Enterprise Integration",
        "organization": null,
        "abstract": NaN,
        "email": null,
        "conf": "Computational Science and Its Applications",
        "coauthors": [
            "dongsoo kim",
            "yong gu ji",
            "hoontae kim"
        ],
        "keywords": "Enterprise Integration,"
    },
    {
        "id": 4638,
        "label": "749",
        "author": "Minsoo Kim",
        "title": "Process-Oriented Development of Job Manual System",
        "organization": null,
        "abstract": NaN,
        "email": null,
        "conf": "Computational Science and Its Applications",
        "coauthors": [
            "seung-hyun rhee",
            "hoseong song",
            "hyung jun won",
            "jaeyoung ju",
            "hyerim bae"
        ],
        "keywords": null
    },
    {
        "id": 4639,
        "label": "749",
        "author": "Minsoo Kim",
        "title": "Process based storing and reconstructing of XML form documents",
        "organization": null,
        "abstract": NaN,
        "email": null,
        "conf": "Computers in Industry",
        "coauthors": [
            "hyerim bae"
        ],
        "keywords": null
    },
    {
        "id": 4643,
        "label": "751",
        "author": "Minsoo Kim",
        "title": "A customizable view for Web-based STEP data",
        "organization": null,
        "abstract": NaN,
        "email": null,
        "conf": "Data & Knowledge Engineering",
        "coauthors": [
            "seung j. noh",
            "yeongho kim",
            "suk-ho kang"
        ],
        "keywords": null
    },
    {
        "id": 4647,
        "label": "753",
        "author": "Minsoo Kim",
        "title": "Relevant pattern selection for subspace learning",
        "organization": null,
        "abstract": NaN,
        "email": null,
        "conf": "International Conference on Pattern Recognition",
        "coauthors": [
            "jin hee na",
            "seok min yun",
            "jin young choi"
        ],
        "keywords": "Subspace Learning,"
    }
]