[
    {
        "id": 4659,
        "label": "758",
        "author": "Mohit Gupta",
        "title": "Sonic Grid: an auditory interface for the visually impaired to navigate GUI-based environments",
        "organization": null,
        "abstract": "This paper explores the prototype design of an auditory interface enhancement called the Sonic Grid that helps visually impaired users navigate GUI-based environments. The Sonic Grid provides an auditory representation of GUI elements embedded in a two- dimensional interface, giving a 'global' spatial context for use of auditory icons, ear-cons and speech feedback. This paper introduces the Sonic Grid, discusses",
        "email": null,
        "conf": "Intelligent User Interfaces",
        "coauthors": [
            "deepak jagdish",
            "rahul sawhney",
            "shreyas nangia"
        ],
        "keywords": "Auditory Icons,Auditory Interface,Learning Curve,Participatory Design,Spatial Context,Visual Impairment,Visually Impaired Users,"
    }
]