[
    {
        "id": 4752,
        "label": "776",
        "author": "Naoki Kobayashi",
        "title": "Bayesian Perspective of Optimal Checkpoint Placement",
        "organization": null,
        "abstract": NaN,
        "email": null,
        "conf": "High-Assurance Systems",
        "coauthors": [
            "tadashi tadashi"
        ],
        "keywords": null
    },
    {
        "id": 4753,
        "label": "776",
        "author": "Naoki Kobayashi",
        "title": "Edge preserving pre-post filtering for low bitrate video coding",
        "organization": null,
        "abstract": NaN,
        "email": null,
        "conf": "International Conference on Image Processing",
        "coauthors": [
            "hideaki kimata",
            "yoshiyuki yashima"
        ],
        "keywords": "Video Coding,"
    },
    {
        "id": 4754,
        "label": "776",
        "author": "Naoki Kobayashi",
        "title": "Constructing a uniform color space for visually lossless color representation and image coding",
        "organization": null,
        "abstract": "A uniform color space in terms of just-noticeable differ- ences (JND) to the human eye is important in industry and image processing, as well as for visually lossless image cod- ing and noise evaluations. The method of this paper builds a non-linear color space, by making use of structural anal- ysis with various JND data sets. Through computer simu- lation,",
        "email": null,
        "conf": "International Conference on Image Processing",
        "coauthors": [
            "seishi takamura"
        ],
        "keywords": "Color Space,Image Coding,Image Processing,Just Noticeable Difference,"
    },
    {
        "id": 4755,
        "label": "776",
        "author": "Naoki Kobayashi",
        "title": "MPEG2 one-pass variable bit rate control algorithm and its LSI implementation",
        "organization": null,
        "abstract": NaN,
        "email": null,
        "conf": "International Conference on Image Processing",
        "coauthors": [
            "seishi takamura"
        ],
        "keywords": "Control Algorithm,Variable Bit Rate,"
    },
    {
        "id": 4756,
        "label": "776",
        "author": "Naoki Kobayashi",
        "title": "Practical extension to CIELUV color space to improve uniformity",
        "organization": null,
        "abstract": "A uniform chromaticity scale (UCS) in terms of just-noticeable difference (JND) to the human eye is important in industry and image processing, as well as for visually lossless image coding and noise evaluations. CIELUV, which aims at mi- croscopic uniformity to human perception, is widely used in color representation. However, its uniformity needs further improvements. In this paper, we demonstrate",
        "email": null,
        "conf": "International Conference on Image Processing",
        "coauthors": [
            "seishi takamura"
        ],
        "keywords": "Color Space,Human Perception,Image Coding,Image Processing,Just Noticeable Difference,"
    },
    {
        "id": 4757,
        "label": "776",
        "author": "Naoki Kobayashi",
        "title": "A nonlinear spatio-temporal diffusion and its application to prefiltering in MPEG4 video coding",
        "organization": null,
        "abstract": "A new spatio-temporal pre-filter based on anisotropic diffusion is proposed. The filter has a nonlinear feature; it is capable of smoothing out white noise and insignificant textures in a video sequence in order to improve coding efficiency, while preserving such significant information as object edges. Computer simulation results verify that the subjective quality of a compressed video sequence is usually",
        "email": null,
        "conf": "International Conference on Image Processing",
        "coauthors": [
            "hiroyuki tsuji",
            "toru sakatani",
            "yoshiyuki yashima"
        ],
        "keywords": "Anisotropic Diffusion,Blocking Artifact,Compressed Video,Computer Simulation,Video Coding,White Noise,"
    },
    {
        "id": 4758,
        "label": "776",
        "author": "Naoki Kobayashi",
        "title": "MPEG4 Very Low Bit-rate Video Compression Using Sprite Coding",
        "organization": null,
        "abstract": "This paper focuses on the \"sprite coding\" that supports the MPEG-4 Version 1 Main profile in order to transfer \"near VHS quality video \" across narrow-band transmission links such as the Internet. Automatic VOP (Video Object Plane) generation technologies are being studied as one of the most important issues of MPEG-4 object coding. This paper proposes a two-layer VOP generation",
        "email": null,
        "conf": "International Conference on Multimedia Computing and Systems/International Conference on Multimedia and Expo",
        "coauthors": [
            "kumi jinzenji",
            "hiroshi watanabe",
            "shigeki okada"
        ],
        "keywords": "Global Motion Estimation,Image Quality,Moving Object,Normal Modes,Reduction Method,Video Coding,Video Compression,Video Object Plane,"
    },
    {
        "id": 4759,
        "label": "776",
        "author": "Naoki Kobayashi",
        "title": "A Study of Keyframe Reference Picture Selection Method for Error Resilient Multiple Video Objects Distribution",
        "organization": null,
        "abstract": NaN,
        "email": null,
        "conf": "International Conference on Multimedia Computing and Systems/International Conference on Multimedia and Expo",
        "coauthors": [
            "hideaki kimata",
            "yoshiyuki yashima"
        ],
        "keywords": "Error Resilience,Reference Picture Selection,Video Object,"
    },
    {
        "id": 4760,
        "label": "776",
        "author": "Naoki Kobayashi",
        "title": "Time Adaptive Motion Estimation Method For Software-Based Real-Time Video Coding",
        "organization": null,
        "abstract": NaN,
        "email": null,
        "conf": "International Conference on Multimedia Computing and Systems/International Conference on Multimedia and Expo",
        "coauthors": [
            "hideaki kimata",
            "yoshiyuki yashima"
        ],
        "keywords": "Motion Estimation,Video Coding,Real Time,"
    },
    {
        "id": 4761,
        "label": "776",
        "author": "Naoki Kobayashi",
        "title": "Bitstream scaling by reference frame altering",
        "organization": null,
        "abstract": NaN,
        "email": null,
        "conf": "Systems and Computers in Japan",
        "coauthors": [
            "atsushi shimizu",
            "atsushi sagata",
            "hiroshi watanabe"
        ],
        "keywords": "Reference Frame,"
    },
    {
        "id": 4762,
        "label": "776",
        "author": "Naoki Kobayashi",
        "title": "A study on iterative video coding rate-distortion optimization and its rate control",
        "organization": null,
        "abstract": NaN,
        "email": null,
        "conf": "Systems and Computers in Japan",
        "coauthors": [
            "seishi takamura"
        ],
        "keywords": "Rate Control,Rate Distortion Optimization,Video Coding,"
    }
]