[
    {
        "id": 4768,
        "label": "779",
        "author": "Nick Taylor",
        "title": "Supporting (Mobile) User Experience at a Rural Village \"Scarecrow Festival\": A Formative Study of a Geolocated Photo Mashup Utilising a Situated Display",
        "organization": null,
        "abstract": "In this paper, we describe a novel application focus for the web2.0 paradigm of user generated mashups of geo-tagged photos, Here we are interested in photos captured by multiple participants (via their mobile phones) at a community event. Typically, current approaches focus on the production of a digital artefact, viewable on a web page, which supports a post-event reviewing activity,",
        "email": null,
        "conf": "Mobile HCI",
        "coauthors": [
            "keith cheverst",
            "paul coulton",
            "william bamford"
        ],
        "keywords": "Event Study,Field Study,Google Map,Mobile Phone,Positive Feedback,Situated Display,Web Pages,Mobile User,"
    },
    {
        "id": 4769,
        "label": "779",
        "author": "Nick Taylor",
        "title": "Probing communities: study of a village photo display",
        "organization": null,
        "abstract": "In this paper we describe a technology probe aiming to aid understanding of how digital displays can help supp ort communities. Using a simple photo gallery applicati on, deployed in a central social point in a small village and di splaying user- generated photos and videos, we have been able to g ain an understanding of this setting, field test",
        "email": null,
        "conf": "Australasian Computer-Human Interaction Conference",
        "coauthors": [
            "keith cheverst",
            "dan fitton",
            "nicholas j. p. race",
            "mark rouncefield",
            "connor graham"
        ],
        "keywords": "Field Study,Field Test,Situated Display,"
    },
    {
        "id": 4770,
        "label": "779",
        "author": "Nick Taylor",
        "title": "Social interaction around a rural community photo display",
        "organization": null,
        "abstract": "Public displays of photographs are a common sight in community spaces, yet while much attention has been given recently to the use of digital photography in the home, the community domain remains underexplored. We describe the Wray Photo Display, a public situated display for community-generated photography in an English rural village, which aims to understand the community's use of photos",
        "email": null,
        "conf": "International Journal of Human-computer Studies / International Journal of Man-machine Studies",
        "coauthors": [
            "keith cheverst"
        ],
        "keywords": "Digital Photography,Public Display,Rural Community,Situated Display,Social Interaction,"
    }
]