[
    {
        "id": 4795,
        "label": "786",
        "author": "Ning Zhong",
        "title": "The Wave Propagator Is Turing Computable",
        "organization": null,
        "abstract": NaN,
        "email": null,
        "conf": "International Congress of Mathematicans",
        "coauthors": [
            "klaus weihrauch"
        ],
        "keywords": "Wave Propagation,"
    },
    {
        "id": 4796,
        "label": "786",
        "author": "Ning Zhong",
        "title": "Beyond the First Main Theorem - When Is the Solution of a Linear Cauchy Problem Computable?",
        "organization": null,
        "abstract": NaN,
        "email": null,
        "conf": "Theory and Applications of Models of Computation",
        "coauthors": [
            "klaus weihrauch"
        ],
        "keywords": "Cauchy Problem,"
    },
    {
        "id": 4797,
        "label": "786",
        "author": "Ning Zhong",
        "title": "Complexity of Blowup Problems: Extended Abstract",
        "organization": null,
        "abstract": NaN,
        "email": null,
        "conf": "Electronic Notes in Theoretical Computer Science",
        "coauthors": [
            "robert rettinger",
            "klaus weihrauch"
        ],
        "keywords": null
    },
    {
        "id": 4798,
        "label": "786",
        "author": "Ning Zhong",
        "title": "The Solution Operator of the Korteweg-de Vries Equation is Computable",
        "organization": null,
        "abstract": "The initial value problem of the Korteweg-de Vries (KdV) equation posted on the real line R:   ",
        "email": null,
        "conf": "Electronic Notes in Theoretical Computer Science",
        "coauthors": [
            "klaus weihrauch"
        ],
        "keywords": "Initial Value Problem,kdv equation,korteweg de vries equation,korteweg de vries,"
    },
    {
        "id": 4799,
        "label": "786",
        "author": "Ning Zhong",
        "title": "An Algorithm for Computing Fundamental Solutions",
        "organization": null,
        "abstract": NaN,
        "email": null,
        "conf": "Siam Journal on Computing",
        "coauthors": [
            "klaus weihrauch"
        ],
        "keywords": "Fundamental Solution,"
    },
    {
        "id": 4800,
        "label": "786",
        "author": "Ning Zhong",
        "title": "Computable Analysis of the Abstract Cauchy Problem in a Banach Space and Its Applications (I)",
        "organization": null,
        "abstract": NaN,
        "email": null,
        "conf": "Electronic Notes in Theoretical Computer Science",
        "coauthors": [
            "klaus weihrauch"
        ],
        "keywords": "Abstract Cauchy Problem,banach space,Computer Analysis,"
    },
    {
        "id": 4801,
        "label": "786",
        "author": "Ning Zhong",
        "title": "Computability theory of generalized functions",
        "organization": null,
        "abstract": "The theory of generalized functions is the foundation of the modern theory of partial differential equations (PDE). As computers are playing an ever-larger role in solving PDEs, it is important to know those operations involving generalized functions in analysis and PDE that can be computed on digital computers. In this article, we introduce natural concepts of computability on test functions",
        "email": null,
        "conf": "Journal of The ACM",
        "coauthors": [
            "klaus weihrauch"
        ],
        "keywords": "Computability Theory,Computer Analysis,Distributed Computing,Generating Function,Partial Differential Equation,Three Dimensional,turing machine,Wave Equation,Fourier Transform,Machine Model,"
    },
    {
        "id": 4802,
        "label": "786",
        "author": "Ning Zhong",
        "title": "Topological Complexity of Blowup Problems",
        "organization": null,
        "abstract": NaN,
        "email": null,
        "conf": "Journal of Universal Computer Science",
        "coauthors": [
            "robert rettinger",
            "klaus weihrauch"
        ],
        "keywords": "Topological Complexity,"
    },
    {
        "id": 4803,
        "label": "786",
        "author": "Ning Zhong",
        "title": "An Algorithm for Computing Fundamental Solutions",
        "organization": null,
        "abstract": NaN,
        "email": null,
        "conf": "Siam Journal on Computing",
        "coauthors": [
            "klaus weihrauch"
        ],
        "keywords": "Fundamental Solution,"
    },
    {
        "id": 4804,
        "label": "786",
        "author": "Ning Zhong",
        "title": "Computing the solution of the Korteweg-de Vries equation with arbitrary precision on Turing",
        "organization": null,
        "abstract": NaN,
        "email": null,
        "conf": "Theoretical Computer Science",
        "coauthors": [
            "klaus weihrauch"
        ],
        "keywords": "korteweg de vries equation,"
    }
]