[
    {
        "id": 4829,
        "label": "794",
        "author": "Panagiotis Papadimitriou",
        "title": "A Model for Data Leakage Detection",
        "organization": null,
        "abstract": "We study the following problem: A data distributor has given sensitive data to a set of supposedly trusted agents (third parties). Some of the data is leaked and found in an unauthorized place (e.g., on the web or somebody's laptop). The distributor must assess the likelihood that the leaked data came from one or more agents, as opposed to having",
        "email": null,
        "conf": "International Conference on Data Engineering",
        "coauthors": [
            "hector garcia-molina"
        ],
        "keywords": "Distributed Objects,"
    },
    {
        "id": 4830,
        "label": "794",
        "author": "Panagiotis Papadimitriou",
        "title": "Web graph similarity for anomaly detection (poster)",
        "organization": null,
        "abstract": "Web graphs are approximate snapshots of the web, created by search engines. Their creation is an error-prone proce- dure that relies on the availability of Internet nodes and the faultless operation of multiple software and hardware units. Checking the validity of a web graph requires a no- tion of graph similarity. Web graph similarity helps measure the amount and signicance",
        "email": null,
        "conf": "World Wide Web Conference Series",
        "coauthors": [
            "ali dasdan",
            "hector garcia-molina"
        ],
        "keywords": "Anomaly Detection,Search Engine,Similarity Measure,Web Graph,"
    },
    {
        "id": 4831,
        "label": "794",
        "author": "Panagiotis Papadimitriou",
        "title": "Web graph similarity for anomaly detection",
        "organization": null,
        "abstract": "Web graphs are approximate snapshots of the web, created by search engines. They are essential to monitor the evolution of the web and to compute global properties like PageRank values of web pages. Their continuous monitoring requires a notion of graph similarity to help measure the amount and significance of changes in the evolving web. As a result, these measurements",
        "email": null,
        "conf": NaN,
        "coauthors": [
            "ali dasdan",
            "hector garcia-molina"
        ],
        "keywords": "Anomaly Detection,Empirical Evaluation,Random Projection,Search Engine,Similarity Measure,Web Graph,Web Pages,"
    }
]