[
    {
        "id": 4833,
        "label": "795",
        "author": "Paolo Romano",
        "title": "Integrating Mutations Data of the TP53 Human Gene in the Bioinformatics Network Environment",
        "organization": null,
        "abstract": NaN,
        "email": null,
        "conf": "Bioinformatics Research and Development",
        "coauthors": [
            "domenico marra"
        ],
        "keywords": null
    },
    {
        "id": 4834,
        "label": "795",
        "author": "Paolo Romano",
        "title": "Information Systems and Organization - Empirical Findings Regarding the Introduction of Computers in Manufacturing Firms",
        "organization": null,
        "abstract": NaN,
        "email": null,
        "conf": "World Computer Congress",
        "coauthors": [
            "emilio bartezzaghi",
            "claudio ciborra",
            "piercarlo maggiolini"
        ],
        "keywords": "Information System,"
    },
    {
        "id": 4835,
        "label": "795",
        "author": "Paolo Romano",
        "title": "Automation of in-silico data analysis processes through workflow management systems",
        "organization": null,
        "abstract": "Data integration is needed in order to cope with the huge amounts of biological information now available and to perform data mining effectively. Current data integration systems have strict limitations, mainly due to the number of resources, their size and frequency of updates, their heterogeneity and distribution on the Internet. Integration must therefore be achieved by accessing network services through",
        "email": null,
        "conf": "Briefings in Bioinformatics",
        "coauthors": [],
        "keywords": "Access Network,Biological Data,Data Analysis,Data Integrity,Data Mining,Extensible Markup Language,in silico,Web Service,Workflow Management System,"
    },
    {
        "id": 4836,
        "label": "795",
        "author": "Paolo Romano",
        "title": "Survival Online: a web-based service for the analysis of correlations between gene expression and clinical and follow-up data",
        "organization": null,
        "abstract": "BACKGROUND: Complex microarray gene expression datasets can be used for many independent analyses and are particularly interesting for the validation of potential biomarkers and multi-gene classifiers. This article presents a novel method to perform correlations between microarray gene expression data and clinico-pathological data through a combination of available and newly developed processing tools. RESULTS: We developed Survival Online (available at",
        "email": null,
        "conf": "BMC Bioinformatics",
        "coauthors": [
            "luca corradi",
            "valentina mirisola",
            "ivan porro",
            "livia torterolo",
            "marco fato",
            "ulrich pfeffer"
        ],
        "keywords": "Cox Regression,Development Process,Gene Expression,Gene Expression Data,Gene Ontology,High Performance Computer,web-based service,web-based system,Breast Cancer,"
    },
    {
        "id": 4837,
        "label": "795",
        "author": "Paolo Romano",
        "title": "Trends in modeling Biomedical Complex Systems",
        "organization": null,
        "abstract": "In this paper we provide an introduction to the techniques for multi-scale complex biological systems, from the single bio-molecule to the cell, combining theoretical modeling, experiments, informatics tools and technologies suitable for biological and biomedical research, which are becoming increasingly multidisciplinary, multidimensional and information-driven. The most important concepts on mathematical modeling methodologies and statistical inference, bioinformatics and standards tools to",
        "email": null,
        "conf": "BMC Bioinformatics",
        "coauthors": [
            "luciano milanesi",
            "gastone c. castellani",
            "daniel remondini",
            "pietro liò"
        ],
        "keywords": "Biological Systems,Biomedical System,Complex System,Mathematical Model,Statistical Inference,Theoretical Model,"
    },
    {
        "id": 4838,
        "label": "795",
        "author": "Paolo Romano",
        "title": "Biowep: a workflow enactment portal for bioinformatics applications",
        "organization": null,
        "abstract": "Background: The huge amount of biological information, its distribution over the Internet and the heterogeneity of available software tools makes the adoption of new data integration and analysis network tools a necessity in bioinformatics. ICT standards and tools, like Web Services and Workflow Management Systems (WMS), can support the creation and deployment of such systems. Many Web Services are already",
        "email": null,
        "conf": "BMC Bioinformatics",
        "coauthors": [
            "ezio bartocci",
            "guglielmo bertolini",
            "flavio de paoli",
            "domenico marra",
            "giancarlo mauri",
            "emanuela merelli",
            "luciano milanesi"
        ],
        "keywords": "Data Integrity,in silico,Middleware,Mobile Agent,New Technology,Profitability,Software Tool,User Authentication,User Interface,Web Service,Web System,Workflow Management,Workflow Management System,"
    },
    {
        "id": 4839,
        "label": "795",
        "author": "Paolo Romano",
        "title": "SWS: accessing SRS sites contents through Web Services",
        "organization": null,
        "abstract": "BACKGROUND: Web Services and Workflow Management Systems can support creation and deployment of network systems, able to automate data analysis and retrieval processes in biomedical research. Web Services have been implemented at bioinformatics centres and workflow systems have been proposed for biological data analysis. New databanks are often developed by taking into account these technologies, but many existing databases do",
        "email": null,
        "conf": "BMC Bioinformatics",
        "coauthors": [
            "domenico marra"
        ],
        "keywords": "Biological Data,Data Analysis,in silico,Networked Systems,Search Engine,Web Service,Workflow Management System,Workflow System,"
    },
    {
        "id": 4840,
        "label": "795",
        "author": "Paolo Romano",
        "title": "Web services and workflow management for biological resources",
        "organization": null,
        "abstract": "BACKGORUND: The completion of the Human Genome Project has resulted in large quantities of biological data which are proving difficult to manage and integrate effectively. There is a need for a system that is able to automate accesses to remote sites and to \"understand\" the information that it is managing in order to link data properly. Workflow management systems combined",
        "email": null,
        "conf": "BMC Bioinformatics",
        "coauthors": [
            "domenico marra",
            "luciano milanesi"
        ],
        "keywords": "Biological Data,Building Block,Genome Sequence,Human Genome Project,in silico,Information and Communication Technology,Linked Data,Web Service,Workflow Management,Workflow Management System,"
    },
    {
        "id": 4841,
        "label": "795",
        "author": "Paolo Romano",
        "title": "Network integration of data and analysis of oncology interest",
        "organization": null,
        "abstract": "Summary The Human Genome Project has deeply transformed biology and the field has since then expanded to the management, processing, analysis and visualization of large quantities of data from genomics, proteomics, medicinal chemistry and drug screening. This huge amount of data and the heterogeneity of software tools that are used implies the adoption on a very large scale of new,",
        "email": null,
        "conf": "Journal of Integrative Bioinformatics",
        "coauthors": [
            "guglielmo bertolini",
            "flavio de paoli",
            "m. fattore",
            "domenico marra",
            "giancarlo mauri",
            "emanuela merelli",
            "ivan porro",
            "silvia scaglione",
            "luciano milanesi"
        ],
        "keywords": "Drug Screening,Human Genome Project,Large Scale,New Technology,Process Analysis,Profitability,Software Tool,Web Service,Workflow Management System,"
    },
    {
        "id": 4842,
        "label": "795",
        "author": "Paolo Romano",
        "title": "Molecular Probe Data Base (MPDB)",
        "organization": null,
        "abstract": " In this paper, the current status of the Molecular ProbeData Base (&lt;a href=\"http://citeseer.ist.psu.edu/rd/0/http%3AqSqqSqwww.biotech.ist.unige.itqSqinterlabqSq\" onmouseover=\"self.status=\"http://www.biotech.ist.unige.it/interlab/\"; return true\" onmouseout=\"self.status=\"\"; return true\"&gt;http://www.biotech.ist.unige.it/interlab/&lt;/a&gt;mpdb.html ) is briefly presented together with a shortanalysis of its activity during 1997. This has beenperformed by statistically evaluating the `logs\" of theInternet servers that are used for its distribution withreference to the geographical origin of the requests,the words that wereutilized",
        "email": null,
        "conf": "Nucleic Acids Research",
        "coauthors": [
            "maria giuseppina campi",
            "luciano milanesi",
            "domenico marra",
            "maria assunta manniello",
            "beatrice iannotta",
            "gabriella rondanina",
            "elena grasso",
            "tiziana ruzzon",
            "leonardo santi"
        ],
        "keywords": "Molecular Probe,Statistical Evaluation,"
    },
    {
        "id": 4843,
        "label": "795",
        "author": "Paolo Romano",
        "title": "Molecular Probe Data Base (MPDB)",
        "organization": null,
        "abstract": " In this paper, the current status of the Molecular ProbeData Base (&lt;a href=\"http://citeseer.ist.psu.edu/rd/0/http%3AqSqqSqwww.biotech.ist.unige.itqSqinterlabqSq\" onmouseover=\"self.status=\"http://www.biotech.ist.unige.it/interlab/\"; return true\" onmouseout=\"self.status=\"\"; return true\"&gt;http://www.biotech.ist.unige.it/interlab/&lt;/a&gt;mpdb.html ) is briefly presented together with a shortanalysis of its activity during 1997. This has beenperformed by statistically evaluating the `logs\" of theInternet servers that are used for its distribution withreference to the geographical origin of the requests,the words that wereutilized",
        "email": null,
        "conf": "Nucleic Acids Research",
        "coauthors": [
            "maria giuseppina campi",
            "luciano milanesi",
            "domenico marra",
            "maria assunta manniello",
            "beatrice iannotta",
            "gabriella rondanina",
            "elena grasso",
            "tiziana ruzzon",
            "leonardo santi"
        ],
        "keywords": "Molecular Probe,Statistical Evaluation,"
    },
    {
        "id": 4844,
        "label": "795",
        "author": "Paolo Romano",
        "title": "Molecular probe data base (MPDB)",
        "organization": null,
        "abstract": NaN,
        "email": null,
        "conf": "Nucleic Acids Research",
        "coauthors": [
            "maria giuseppina campi",
            "edward thüroff",
            "paola visconti",
            "maria assunta manniello",
            "beatrice iannotta",
            "gabriella rondanina",
            "francesco molina",
            "tiziana ruzzon",
            "leonardo santi"
        ],
        "keywords": "Molecular Probe,"
    },
    {
        "id": 4845,
        "label": "795",
        "author": "Paolo Romano",
        "title": "Molecular Probe Data Base: a database on synthetic oligonucleotides",
        "organization": null,
        "abstract": NaN,
        "email": null,
        "conf": "Nucleic Acids Research",
        "coauthors": [
            "ottavia aresu",
            "barbara parodi",
            "maria assunta manniello",
            "maria giuseppina campi",
            "giovanna angelini",
            "massimo romani",
            "beatrice iannotta",
            "gabriella rondanina",
            "tiziana ruzzon",
            "leonardo santi"
        ],
        "keywords": "Molecular Probe,"
    },
    {
        "id": 4846,
        "label": "795",
        "author": "Paolo Romano",
        "title": "Cell Line Data Base: structure and recent improvements towards molecular authentication of human cell lines",
        "organization": null,
        "abstract": "The Cell Line Data Base (CLDB) is a well-known reference information source on human and animal cell lines including information on more than 6000 cell lines. Main biological features are coded according to controlled vocabularies derived from international lists and taxonomies. HyperCLDB (http://bioinformatics.istge.it/hypercldb/) is a hyper- text version of CLDB that improves data accessibil- ity by also allowing information retrieval",
        "email": null,
        "conf": "Nucleic Acids Research",
        "coauthors": [
            "maria assunta manniello",
            "ottavia aresu",
            "massimiliano armento",
            "michela cesaro",
            "barbara parodi"
        ],
        "keywords": "Cell Line,Controlled Vocabulary,Information Retrieval,Information Sources,Relational Database,Single Nucleotide Polymorphism,Short Tandem Repeat,"
    }
]