[
    {
        "id": 4848,
        "label": "796",
        "author": "Pascal Lafourcade",
        "title": "Mechatronic design of NAO humanoid",
        "organization": null,
        "abstract": NaN,
        "email": null,
        "conf": "International Conference on Robotics and Automation",
        "coauthors": [
            "david gouaillier",
            "vincent hugel",
            "pierre blazevic",
            "chris kilner",
            "jerome monceaux",
            "brice marnier",
            "julien serre",
            "bruno maisonnier"
        ],
        "keywords": null
    },
    {
        "id": 4849,
        "label": "796",
        "author": "Pascal Lafourcade",
        "title": "The NAO humanoid: a combination of performance and affordability",
        "organization": null,
        "abstract": "This article presents the design of the autonomous humanoid robot called NAO",
        "email": null,
        "conf": NaN,
        "coauthors": [
            "david gouaillier",
            "vincent hugel",
            "pierre blazevic",
            "chris kilner",
            "jerome monceaux",
            "brice marnier",
            "julien serre",
            "bruno maisonnier"
        ],
        "keywords": null
    }
]