[
    {
        "id": 4859,
        "label": "798",
        "author": "Patrick Martin",
        "title": "Integration of a manufacturing ontology with the design of reconfigurable machine tool using function-behavior-structure approach",
        "organization": null,
        "abstract": NaN,
        "email": null,
        "conf": "International Conference on Digital Information Management",
        "coauthors": [
            "aamer baqai",
            "ali siadat",
            "jean-yves dantan"
        ],
        "keywords": "Machine Tool,"
    },
    {
        "id": 4860,
        "label": "798",
        "author": "Patrick Martin",
        "title": "Introduction to the Prototyping of an Intelligent Supervision System",
        "organization": null,
        "abstract": NaN,
        "email": null,
        "conf": "IFIP TC5/WG5.3 Publications",
        "coauthors": [
            "samuel bassetto",
            "ali siadat"
        ],
        "keywords": null
    },
    {
        "id": 4861,
        "label": "798",
        "author": "Patrick Martin",
        "title": "Tolerance synthesis: quantifier notion and virtual boundary",
        "organization": null,
        "abstract": NaN,
        "email": null,
        "conf": "Computer-aided Design",
        "coauthors": [
            "jean-yves dantan",
            "luc mathieu",
            "alex ballu"
        ],
        "keywords": null
    },
    {
        "id": 4862,
        "label": "798",
        "author": "Patrick Martin",
        "title": "An improved approach for automatic process plan generation of complex borings",
        "organization": null,
        "abstract": NaN,
        "email": null,
        "conf": "Computers in Industry",
        "coauthors": [
            "alain etienne",
            "jean-yves dantan",
            "ali siadat"
        ],
        "keywords": "Process Planning,"
    }
]