[
    {
        "id": 4878,
        "label": "801",
        "author": "Paulo F. Silva",
        "title": "Design and Evaluation of a Grid Computing Based Architecture for Integrating Heterogeneous IDSs",
        "organization": null,
        "abstract": NaN,
        "email": null,
        "conf": "Global Telecommunications Conference",
        "coauthors": [
            "carlos becker westphall",
            "carla merkle westphall",
            "marcos dias de assunção"
        ],
        "keywords": "Grid Computing,"
    }
]