[
    {
        "id": 4880,
        "label": "802",
        "author": "Pavel Moravec",
        "title": "DiVinE - A Tool for Distributed Verification",
        "organization": null,
        "abstract": NaN,
        "email": null,
        "conf": "Computer Aided Verification",
        "coauthors": [
            "jiri barnat",
            "lubos brim",
            "ivana cerná",
            "petr rockai",
            "pavel simecek"
        ],
        "keywords": null
    },
    {
        "id": 4881,
        "label": "802",
        "author": "Pavel Moravec",
        "title": "Accepting Predecessors Are Better than Back Edges in Distributed LTL Model-Checking",
        "organization": null,
        "abstract": "Abstract. We present a new distributed-memory algorithm for enumer-ative LTL model-checking that is designed to be run on a cluster of work-stations communicating via MPI. The detection of accepting cycles is based on computing maximal accepting predecessors and the subsequent decomposition of the graph into independent predecessor subgraphs in-duced by maximal accepting predecessors. Several optimizations of the basic algorithm are",
        "email": null,
        "conf": "Formal Methods in Computer-Aided Design",
        "coauthors": [
            "lubos brim",
            "ivana cerná",
            "jirí simsa"
        ],
        "keywords": "Distributed Memory,Model Checking,"
    },
    {
        "id": 4882,
        "label": "802",
        "author": "Pavel Moravec",
        "title": "Parallel Algorithms for Finding SCCs in Implicitly Given Graphs",
        "organization": null,
        "abstract": NaN,
        "email": null,
        "conf": "Formal Methods for Industrial Critical Systems",
        "coauthors": [
            "jiri barnat"
        ],
        "keywords": "Parallel Algorithm,"
    },
    {
        "id": 4883,
        "label": "802",
        "author": "Pavel Moravec",
        "title": "On Combining Partial Order Reduction with Fairness Assumptions",
        "organization": null,
        "abstract": NaN,
        "email": null,
        "conf": "Formal Methods for Industrial Critical Systems",
        "coauthors": [
            "lubos brim",
            "ivana cerná",
            "jirí simsa"
        ],
        "keywords": "Partial Order Reduction,"
    },
    {
        "id": 4884,
        "label": "802",
        "author": "Pavel Moravec",
        "title": "Effective verification of systems with a dynamic number of components",
        "organization": null,
        "abstract": "In the paper, we present a novel approach to verification of dynamic component-based systems, the systems that can have a changing number of components over their life-time. We focus our attention on systems with a stable part (called provider) and a number of dynamic components of one type (called clients) because dynamic systems can be often decomposed into segments like",
        "email": null,
        "conf": NaN,
        "coauthors": [
            "pavlína vareková",
            "ivana cerná",
            "barbora zimmerova"
        ],
        "keywords": "Component Based Systems,Dynamic System,Formal Verification,Software Verification,"
    },
    {
        "id": 4885,
        "label": "802",
        "author": "Pavel Moravec",
        "title": "Approximations of state spaces reduced by partial order reduction",
        "organization": null,
        "abstract": NaN,
        "email": null,
        "conf": "Conference on Current Trends in Theory and Practice of Informatics",
        "coauthors": [],
        "keywords": "Partial Order Reduction,State Space,"
    },
    {
        "id": 4886,
        "label": "802",
        "author": "Pavel Moravec",
        "title": "Distributed Partial Order Reduction of State Spaces",
        "organization": null,
        "abstract": NaN,
        "email": null,
        "conf": "Electronic Notes in Theoretical Computer Science",
        "coauthors": [
            "lubos brim",
            "ivana cerná",
            "jirí simsa"
        ],
        "keywords": "Partial Order Reduction,State Space,"
    },
    {
        "id": 4887,
        "label": "802",
        "author": "Pavel Moravec",
        "title": "How to Order Vertices for Distributed LTL Model-Checking Based on Accepting Predecessors",
        "organization": null,
        "abstract": NaN,
        "email": null,
        "conf": "Electronic Notes in Theoretical Computer Science",
        "coauthors": [
            "lubos brim",
            "ivana cerná",
            "jirí simsa"
        ],
        "keywords": "Model Checking,"
    },
    {
        "id": 4888,
        "label": "802",
        "author": "Pavel Moravec",
        "title": "Formal verification of systems with an unlimited number of components",
        "organization": null,
        "abstract": NaN,
        "email": null,
        "conf": "Iet Software/iee Proceedings - Software",
        "coauthors": [
            "pavlína vareková",
            "barbora zimmerova",
            "ivana cerná"
        ],
        "keywords": "Formal Verification,"
    }
]