[
    {
        "id": 4894,
        "label": "805",
        "author": "Peng Wu",
        "title": "Symbolic Test Generation Using a Temporal Logic with Constrained Events",
        "organization": null,
        "abstract": NaN,
        "email": null,
        "conf": "Birthday ...",
        "coauthors": [
            "daguang liu",
            "huimin lin"
        ],
        "keywords": "Temporal Logic,Test Generation,"
    },
    {
        "id": 4895,
        "label": "805",
        "author": "Peng Wu",
        "title": "Iterative Metamorphic Testing",
        "organization": null,
        "abstract": NaN,
        "email": null,
        "conf": "International Computer Software and Applications Conference",
        "coauthors": [],
        "keywords": "Metamorphic Testing,"
    },
    {
        "id": 4896,
        "label": "805",
        "author": "Peng Wu",
        "title": "Compositional Modelling and Verification of IPv6 Mobility",
        "organization": null,
        "abstract": NaN,
        "email": null,
        "conf": "Formal Techniques for Networked and Distributed Systems",
        "coauthors": [
            "dongmei zhang"
        ],
        "keywords": null
    },
    {
        "id": 4897,
        "label": "805",
        "author": "Peng Wu",
        "title": "Measuring Anonymity with Relative Entropy",
        "organization": null,
        "abstract": "Anonymity is the property of maintaining secret the iden- tity of users performing a certain action. Anonymity protocols often use random mechanisms which can be described probabilistically. In this pa- per, we propose a probabilistic process calculus to describe protocols for ensuring anonymity, and we use the notion of relative entropy from infor- mation theory to measure the degree of",
        "email": null,
        "conf": "Workshop on Issues in the Theory of Security",
        "coauthors": [
            "yuxin deng",
            "jun pang"
        ],
        "keywords": "Process Calculus,Relative Entropy,"
    },
    {
        "id": 4898,
        "label": "806",
        "author": "Peng Wu",
        "title": "Model checking the probabilistic pi-calculus",
        "organization": null,
        "abstract": "We present an implementation of model checking for the probabilistic -calculus, a process algebra which supports modelling of concurrency, mobility and discrete probabilis- tic behaviour. Formal verification techniques for this cal- culus have clear applications in several domains, includ- ing mobile ad-hoc network protocols and random security protocols. Despite this, no implementation of automated verification exists. Building upon the (non-probabilistic)",
        "email": null,
        "conf": "Quantitative Evaluation of Systems",
        "coauthors": [
            "gethin norman",
            "catuscia palamidessi",
            "david parker"
        ],
        "keywords": "Automated Verification,Case Study,Formal Verification,Large Classes,Mobile Ad Hoc Network,Model Checking,Probabilistic Model,Security Protocol,Markov Decision Process,Process Algebra,"
    },
    {
        "id": 4899,
        "label": "805",
        "author": "Peng Wu",
        "title": "Symbolic Bisimulations for Probabilistic Systems",
        "organization": null,
        "abstract": "The paper introduces symbolic bisimulations for a sim- ple probabilistic π-calculus to overcome the infinite branch- ing problem that still exists in checking ground bisimula- tions between probabilistic systems. Especially the defini- tion of weak (symbolic) bisimulation does not rely on the random capability of adversaries and suggests a solution to the open problem on the axiomatization for weak bisimula-",
        "email": null,
        "conf": "Quantitative Evaluation of Systems",
        "coauthors": [
            "catuscia palamidessi",
            "huimin lin"
        ],
        "keywords": "Probabilistic System,Quantitative Evaluation,State Space,On The Fly,"
    },
    {
        "id": 4900,
        "label": "805",
        "author": "Peng Wu",
        "title": "Model-Based Testing of Concurrent Programs with Predicate Sequencing Constraints",
        "organization": null,
        "abstract": NaN,
        "email": null,
        "conf": "International Conference on Quality Software",
        "coauthors": [
            "huimin lin"
        ],
        "keywords": "Concurrent Programs,Model Based Testing,"
    },
    {
        "id": 4901,
        "label": "806",
        "author": "Peng Wu",
        "title": "Model Checking Optimisation Based Congestion Control Algorithms",
        "organization": null,
        "abstract": NaN,
        "email": null,
        "conf": "Fundamenta Informaticae",
        "coauthors": [
            "alessio lomuscio",
            "ben strulo",
            "nigel g. walker"
        ],
        "keywords": "Congestion Control,Model Checking,"
    },
    {
        "id": 4902,
        "label": "806",
        "author": "Peng Wu",
        "title": "Model-based Testing of Concurrent Programs with Predicate Sequencing Constraints",
        "organization": null,
        "abstract": NaN,
        "email": null,
        "conf": "International Journal of Software Engineering and Knowledge Engineering",
        "coauthors": [
            "huimin lin"
        ],
        "keywords": "Concurrent Programs,Model Based Testing,"
    },
    {
        "id": 4903,
        "label": "805",
        "author": "Peng Wu",
        "title": "Model Checking Probabilistic and Stochastic Extensions of the pi-Calculus",
        "organization": null,
        "abstract": "We present an implementation of model checking for probabilistic and stochastic extensions of the -calculus, a process algebra which supports modelling of concurrency and mobility. Formal verification techniques for such extensions have clear applications in several domains, including mobile ad-hoc network protocols, probabilistic security protocols and biological pathways. Despite this, no implementation of automated verifi- cation exists. Building upon the",
        "email": null,
        "conf": "IEEE Transactions on Software Engineering",
        "coauthors": [
            "gethin norman",
            "catuscia palamidessi",
            "david parker"
        ],
        "keywords": "Case Study,Formal Verification,Indexing Terms,Markov Process,Mobile Ad Hoc Network,Model Checking,Probabilistic Model,Security Protocol,Semantic Model,Stochastic Calculus,Stochastic Process,Process Algebra,Verification Model,"
    }
]