[
    {
        "id": 4905,
        "label": "807",
        "author": "Peng Yang",
        "title": "Applying Fujisaki-Okamoto to Identity-Based Encryption",
        "organization": null,
        "abstract": "The Fujisaki-Okamoto (FO) conversion is widely known to be able to generically convert a weak public key encryption scheme, say one-way against chosen plaintext attacks (OW-CPA), to a strong one, namely, indistinguishable against adaptive chosen ciphertext attacks (IND-CCA). It is not known that if the same holds for identity-based en- cryption (IBE) schemes, though many IBE and variant schemes are",
        "email": null,
        "conf": "Applied Algebra, Algebraic Algorithms and Error-Correcting Codes",
        "coauthors": [
            "takashi kitagawa",
            "goichiro hanaoka",
            "rui zhang",
            "kanta matsuura",
            "hideki imai"
        ],
        "keywords": "Chosen Ciphertext Attack,Identity Based Encryption,Public Key Encryption,identity based en cryption,"
    },
    {
        "id": 4906,
        "label": "807",
        "author": "Peng Yang",
        "title": "Generic Transforms to Acquire CCA-Security for Identity Based Encryption: The Cases of FOpkc and REACT",
        "organization": null,
        "abstract": "Fujisaki-Okamoto (FOpkc) conversion (14) and REACT conversion (18) are widely known to be able to generically convert a weak public key encryption scheme to a strong encryption scheme, i.e., indistinguishable against adaptive chosen ciphertext attacks (IND-CCA). In this paper, we discuss applications of Fujisaki-Okamoto (FOpkc) conversion and REACT conversion to Identity Based Encryptions (IBE). It has not been formally verified",
        "email": null,
        "conf": "Australasian Conference on Information Security and Privacy",
        "coauthors": [
            "takashi kitagawa",
            "goichiro hanaoka",
            "rui zhang",
            "hajime watanabe",
            "kanta matsuura",
            "hideki imai"
        ],
        "keywords": "Chosen Ciphertext Attack,Identity Based Encryption,Public Key Encryption,"
    },
    {
        "id": 4907,
        "label": "807",
        "author": "Peng Yang",
        "title": "Generic Construction of Stateful Identity Based Encryption",
        "organization": null,
        "abstract": NaN,
        "email": null,
        "conf": "Information Security Conference/Information Security Workshop",
        "coauthors": [
            "rui zhang",
            "kanta matsuura",
            "hideki imai"
        ],
        "keywords": "Identity Based Encryption,"
    },
    {
        "id": 4908,
        "label": "807",
        "author": "Peng Yang",
        "title": "Relations Among Notions of Security for Identity Based Encryption Schemes",
        "organization": null,
        "abstract": "This paper shows that the standard security notion for iden- tity based encryption schemes (IBE), that is IND-ID-CCA2, captures the essence of security for allIBE schemes. To achieve this intention, we rst describe formal denitions of the notions of security forIBE, and then present the relations among OW, IND, SS and NM inIBE, along with rigorous proofs. With the aim",
        "email": null,
        "conf": "Latin American Theoretical INformatics",
        "coauthors": [
            "nuttapong attrapadung",
            "yang cui",
            "david galindo",
            "goichiro hanaoka",
            "ichiro hasuo",
            "hideki imai",
            "kanta matsuura",
            "rui zhang"
        ],
        "keywords": "Identity Based Encryption,"
    }
]