[
    {
        "id": 4910,
        "label": "808",
        "author": "Per Svensson",
        "title": "Reactive and Memory-Based Genetic Programming for Robot Control",
        "organization": null,
        "abstract": NaN,
        "email": null,
        "conf": "European Conference on Genetic Programming",
        "coauthors": [
            "björn andersson",
            "peter nordin",
            "mats g. nordahl"
        ],
        "keywords": "Genetic Program,Robot Control,"
    },
    {
        "id": 4911,
        "label": "808",
        "author": "Per Svensson",
        "title": "On-Line Evolution of Control for a Four-Legged Robot Using Genetic Programming",
        "organization": null,
        "abstract": NaN,
        "email": null,
        "conf": "EvoWorkshops",
        "coauthors": [
            "björn andersson",
            "mats g. nordahl",
            "peter nordin"
        ],
        "keywords": "Genetic Program,Legged Robot,"
    }
]