[
    {
        "id": 4966,
        "label": "819",
        "author": "Peter Willett",
        "title": "Parsimonious Kernel Fisher Discrimination",
        "organization": null,
        "abstract": "By applying recent results in optimization transfer, a new al- gorithm for kernel Fisher Discriminant Analysis is provided that makes use of a non-smooth penalty on the coecients to provide a parsimo- nious solution. The algorithm is simple, easily programmed and is shown to perform as well as or better than a number of leading machine learning algorithms on a",
        "email": null,
        "conf": "Iberian Conference on Pattern Recognition and Image Analysis",
        "coauthors": [
            "kitsuchart pasupa",
            "robert f. harrison"
        ],
        "keywords": "Machine Learning,Small Sample Size,Virtual Screening,Kernel Fisher Discriminant Analysis,Kernel Fisher Discriminant,"
    },
    {
        "id": 4967,
        "label": "819",
        "author": "Peter Willett",
        "title": "Searching Databases of Two-Dimensional and Three-Dimensional Chemical Structures Using Genetic Algorithms",
        "organization": null,
        "abstract": NaN,
        "email": null,
        "conf": "International Conference on Genetic Algorithms",
        "coauthors": [
            "gareth jones",
            "robert d. brown",
            "david e. clark",
            "robert c. glen"
        ],
        "keywords": "Chemical Structure,Genetic Algorithm,Three Dimensional,"
    },
    {
        "id": 4968,
        "label": "819",
        "author": "Peter Willett",
        "title": "Enhancing the Effectiveness of Fingerprint-Based Virtual Screening: Use of Turbo Similarity Searching and of Fragment Frequencies of Occurrence",
        "organization": null,
        "abstract": NaN,
        "email": null,
        "conf": "Pattern Recognition in Bioinformatics",
        "coauthors": [
            "shereena m. arif",
            "jérôme hert",
            "john d. holliday",
            "nurul malim"
        ],
        "keywords": "Frequency of Occurrence,Similarity Search,Virtual Screening,"
    },
    {
        "id": 4969,
        "label": "819",
        "author": "Peter Willett",
        "title": "Computational analysis of molecular diversity for drug discovery",
        "organization": null,
        "abstract": NaN,
        "email": null,
        "conf": "Research in Computational Molecular Biology",
        "coauthors": [
            "martin j. bayley",
            "valerie j. gillet",
            "john bradshaw",
            "darren v. s. green"
        ],
        "keywords": "Computer Analysis,Drug Discovery,Molecular Diversity,"
    },
    {
        "id": 4970,
        "label": "819",
        "author": "Peter Willett",
        "title": "Parallel Text Searching in Serial Files Using a Processor Farm",
        "organization": null,
        "abstract": "This paper discusses the implementation of a parallel text retrieval sys- tem using a microprocessor network. The system is designed to allow fast searching in document databases organised using the serial file structure, with a very rapid initial text signature search being followed by a more detailed, but more time- consuming, pattern matching search. The network is built from transputers,",
        "email": null,
        "conf": "Research and Development in Information Retrieval",
        "coauthors": [
            "janey k. cringean",
            "roger england",
            "gordon a. manson"
        ],
        "keywords": "Design and Implementation,Document Database,High Performance,Parallel Computer,Pattern Matching,Text Retrieval,"
    },
    {
        "id": 4971,
        "label": "819",
        "author": "Peter Willett",
        "title": "Hierarchic Document Clustering Using Ward's Method",
        "organization": null,
        "abstract": NaN,
        "email": null,
        "conf": "Research and Development in Information Retrieval",
        "coauthors": [
            "abdelmoula el-hamdouchi"
        ],
        "keywords": "Document Clustering,"
    },
    {
        "id": 4972,
        "label": "819",
        "author": "Peter Willett",
        "title": "On the measurement of inter-linker consistency and retrieval effectiveness in hypertext databases",
        "organization": null,
        "abstract": "An important stage in the process of retrieval of objects from a hypertext database is the creation of a set of inter-nodal links that are intended to represent the relationships existing between objects; this operation is often undertaken manually, just as index terms are often manually assigned to documents in a conventional retrieval system. In this paper, a study is",
        "email": null,
        "conf": NaN,
        "coauthors": [
            "david ellis",
            "jonathan furner-hines"
        ],
        "keywords": "Difference Set,Indexation,Indexing Terms,"
    },
    {
        "id": 4973,
        "label": "819",
        "author": "Peter Willett",
        "title": "Non-hierarchical document clustering using the ICL distribution array processor",
        "organization": null,
        "abstract": "This paper considers the suitability and efficiency of a highly parallel computer, the ICL Distributed Array Processor (DAP), for document clustering. Algorithms are described for the implementation of the single-pass and reallocation clustering methods on the DAP and on a conventional mainframe computer. These methods are used to classify the Cranfield, Vaswani and UKCIS document test collections. The results suggest",
        "email": null,
        "conf": "Research and Development in Information Retrieval",
        "coauthors": [
            "edie m. rasmussen"
        ],
        "keywords": "Clustering Method,Document Clustering,Parallel Architecture,Parallel Computer,Test Collection,"
    },
    {
        "id": 4974,
        "label": "819",
        "author": "Peter Willett",
        "title": "Searching for historical word-forms in a database of 17th-century English text using spelling-correction methods",
        "organization": null,
        "abstract": "This paper discusses the application of algorithmic spelling-correction techniques to the identification of those words in a database of 17th century English text that are most similar to a query word in modern English. The experiments have used n-gram matching, non-phonetic coding and dynamic programming methods for spelling correction, and have demonstrated that high-recall searches can be carried out, although",
        "email": null,
        "conf": "Research and Development in Information Retrieval",
        "coauthors": [
            "alexander m. robertson"
        ],
        "keywords": "Dynamic Program,"
    },
    {
        "id": 4975,
        "label": "819",
        "author": "Peter Willett",
        "title": "Chemoinformatics: an application domain for information retrieval techniques",
        "organization": null,
        "abstract": "Chemoinformatics is the generic name for the techniques used to represent, store and process information about the two-dimensional (2D) and three-dimensional (3D) structures of chemical molecules [1, 2]. Chemoinformatics has attracted much recent prominence as a result of developments in the methods that are used to synthesize new molecules and then to test them for biological activity. These developments have",
        "email": null,
        "conf": "Research and Development in Information Retrieval",
        "coauthors": [],
        "keywords": "3d structure,Biological Activity,Cost Effectiveness,Database Search,Document Clustering,Graph Representation,Information Retrieval,Molecular Structure,Relevance Feedback,Similarity Search,Software Systems,Three Dimensional,Virtual Screening,Data Fusion,"
    },
    {
        "id": 4976,
        "label": "819",
        "author": "Peter Willett",
        "title": "Protein Structures and Information Extraction from Biological Texts: The PASTA System",
        "organization": null,
        "abstract": "ABSTRACT Motivation: The rapid,increase,in volume,of,protein structure,literature means,useful,information,may,be hidden,or lost in the published literature and,the process,of finding relevant material, sometimes the rate-determining factor in new research, may be arduous and slow. Results: We describe,the Protein Active Site Template Acquisition (PASTA) system, which addresses these problems,by performing,automatic,extraction of informa- tion relating to the roles of specific amino,acid residues in protein molecules,from,online,scientific articles",
        "email": null,
        "conf": "Bioinformatics/computer Applications in The Biosciences",
        "coauthors": [
            "robert j. gaizauskas",
            "george demetriou",
            "peter j. artymiuk"
        ],
        "keywords": "Active Site,Information Extraction,Protein Structure,System Development,Amino Acid,Front End,"
    },
    {
        "id": 4977,
        "label": "819",
        "author": "Peter Willett",
        "title": "Compression of nucleic acid and protein sequence data",
        "organization": null,
        "abstract": NaN,
        "email": null,
        "conf": "Bioinformatics/computer Applications in The Biosciences",
        "coauthors": [
            "j. richard walker"
        ],
        "keywords": "Protein Sequence,Nucleic Acid,"
    },
    {
        "id": 4978,
        "label": "819",
        "author": "Peter Willett",
        "title": "Comparison of Hierarchie Agglomerative Clustering Methods for Document Retrieval",
        "organization": null,
        "abstract": NaN,
        "email": null,
        "conf": "The Computer Journal",
        "coauthors": [
            "abdelmoula el-hamdouchi"
        ],
        "keywords": "Clustering Method,Document Retrieval,"
    },
    {
        "id": 4979,
        "label": "819",
        "author": "Peter Willett",
        "title": "Similarity and Dissimilarity Methods for Processing Chemical Structure Databases",
        "organization": null,
        "abstract": NaN,
        "email": null,
        "conf": "The Computer Journal",
        "coauthors": [
            "valerie j. gillet",
            "david j. wild",
            "john bradshaw"
        ],
        "keywords": "Chemical Structure,"
    },
    {
        "id": 4980,
        "label": "819",
        "author": "Peter Willett",
        "title": "RASCAL: Calculation of Graph Similarity using Maximum Common Edge Subgraphs",
        "organization": null,
        "abstract": "A new graph similarity calculation procedure is introduced for comparing labeled graphs. Given a minimum similarity threshold, the procedure consists of an initial screening process to determine whether it is possible for the measure of similarity between the two graphs to exceed the minimum threshold, followed by a rigorous maximum common edge subgraph (MCES) detection algorithm to compute the exact",
        "email": null,
        "conf": "The Computer Journal",
        "coauthors": [
            "john w. raymond",
            "eleanor j. gardiner"
        ],
        "keywords": "Detection Algorithm,Lower and Upper Bound,Maximum Clique,"
    },
    {
        "id": 4981,
        "label": "819",
        "author": "Peter Willett",
        "title": "Inter-linker consistency in the manual construction of hypertext documents",
        "organization": null,
        "abstract": " ing with credit is permitted. To copy otherwise, to republish, to post onservers, to redistribute to lists, or to use any component of this work in other works, requires priorspeci#c permission and#or a fee. Permissions may be requested from Publications Dept, ACMInc., 1515 Broadway, New York, NY 10036 USA, fax +1 #212# 869-0481, or permissions@acm.org.2#J. Furner, D. Ellis, and P.",
        "email": null,
        "conf": "ACM Computing Surveys",
        "coauthors": [
            "jonathan furner",
            "david ellis"
        ],
        "keywords": "Graph Theory,Indexation,Topological Indices,"
    },
    {
        "id": 4982,
        "label": "820",
        "author": "Peter Willett",
        "title": "Paragraph-based Searching in Full-Text Documents",
        "organization": null,
        "abstract": NaN,
        "email": null,
        "conf": "Electronic Publishing - Origination, Dissemination and Design",
        "coauthors": [
            "suliman al-hawamdeh"
        ],
        "keywords": null
    },
    {
        "id": 4983,
        "label": "819",
        "author": "Peter Willett",
        "title": "Nearest-neighbour Searching in Files of Text Signatures Using Transputer Networks",
        "organization": null,
        "abstract": "SUMMARY This paper discusses the implementation of nearest-neighbour document retrieval in serial files using transputer networks. The system uses a two-stage retrieval algorithm in which an initial text-signature search is used to exclude large numbers of documents from the detailed and time-consuming pattern-matching search. The latter is implemented using a processor farm, so that documents which match at the signature",
        "email": null,
        "conf": "Electronic Publishing - Origination, Dissemination and Design",
        "coauthors": [
            "janey k. cringean",
            "roger england",
            "gordon a. manson"
        ],
        "keywords": "Document Retrieval,Information Retrieval,Nearest Neighbour Search,Parallel Processing,Pattern Matching,Nearest Neighbour,"
    },
    {
        "id": 4984,
        "label": "819",
        "author": "Peter Willett",
        "title": "Criteria for the Selection of Search Strategies in Best-Match Document-Retrieval Systems",
        "organization": null,
        "abstract": NaN,
        "email": null,
        "conf": "International Journal of Human-computer Studies / International Journal of Man-machine Studies",
        "coauthors": [
            "fiona m. mccall"
        ],
        "keywords": "Document Retrieval,Search Strategy,"
    },
    {
        "id": 4985,
        "label": "819",
        "author": "Peter Willett",
        "title": "Automatic Spelling Correction Using a Trigram Similarity Measure",
        "organization": null,
        "abstract": NaN,
        "email": null,
        "conf": "Information Processing and Management",
        "coauthors": [
            "richard c. angell",
            "george e. freund"
        ],
        "keywords": "Similarity Measure,"
    },
    {
        "id": 4986,
        "label": "819",
        "author": "Peter Willett",
        "title": "Network design for the implementation of text searching using a multicomputer",
        "organization": null,
        "abstract": NaN,
        "email": null,
        "conf": "Information Processing and Management",
        "coauthors": [
            "janey k. cringean",
            "roger england",
            "gordon a. manson"
        ],
        "keywords": "Network Design,"
    },
    {
        "id": 4987,
        "label": "819",
        "author": "Peter Willett",
        "title": "Retrieving documents by plausible inference: An experimental study",
        "organization": null,
        "abstract": NaN,
        "email": null,
        "conf": "Information Processing and Management",
        "coauthors": [
            "w. bruce croft",
            "t. j. lucia",
            "janey k. cringean"
        ],
        "keywords": "Experimental Study,"
    },
    {
        "id": 4988,
        "label": "819",
        "author": "Peter Willett",
        "title": "An improved algorithm for the calculation of exact term discrimination values",
        "organization": null,
        "abstract": NaN,
        "email": null,
        "conf": "Information Processing and Management",
        "coauthors": [
            "abdelmoula el-hamdouchi"
        ],
        "keywords": null
    },
    {
        "id": 4989,
        "label": "819",
        "author": "Peter Willett",
        "title": "Document Retrieval Using a Serial Bit String Search",
        "organization": null,
        "abstract": NaN,
        "email": null,
        "conf": "Information Processing and Management",
        "coauthors": [
            "a. f. harding",
            "michael f. lynch"
        ],
        "keywords": "Document Retrieval,"
    },
    {
        "id": 4990,
        "label": "819",
        "author": "Peter Willett",
        "title": "Current research into chemical and textual information retrieval at the department of information studies, University of Sheffield",
        "organization": null,
        "abstract": NaN,
        "email": null,
        "conf": "Information Processing and Management",
        "coauthors": [
            "michael f. lynch"
        ],
        "keywords": "Information Retrieval,"
    },
    {
        "id": 4991,
        "label": "819",
        "author": "Peter Willett",
        "title": "On the NonRandom Nature of the Nearest-Neighbour Document Clusters",
        "organization": null,
        "abstract": NaN,
        "email": null,
        "conf": "Information Processing and Management",
        "coauthors": [
            "rachel j. shaw"
        ],
        "keywords": "Document Clustering,Nearest Neighbour,"
    },
    {
        "id": 4992,
        "label": "819",
        "author": "Peter Willett",
        "title": "A fast procedure for the calculation of similarity coefficients in automatic classification",
        "organization": null,
        "abstract": NaN,
        "email": null,
        "conf": "Information Processing and Management",
        "coauthors": [],
        "keywords": "Automatic Classification,"
    },
    {
        "id": 4993,
        "label": "819",
        "author": "Peter Willett",
        "title": "An algorithm for the calculation of exact term discrimination values",
        "organization": null,
        "abstract": NaN,
        "email": null,
        "conf": "Information Processing and Management",
        "coauthors": [],
        "keywords": null
    },
    {
        "id": 4994,
        "label": "819",
        "author": "Peter Willett",
        "title": "Recent trends in hierarchic document clustering: A critical review",
        "organization": null,
        "abstract": NaN,
        "email": null,
        "conf": "Information Processing and Management",
        "coauthors": [],
        "keywords": "Document Clustering,"
    },
    {
        "id": 4995,
        "label": "819",
        "author": "Peter Willett",
        "title": "Stemming and N-gram matching for term conflation in Turkish texts",
        "organization": null,
        "abstract": NaN,
        "email": null,
        "conf": "Information Research",
        "coauthors": [
            "f. çuna ekmekçioglu",
            "michael f. lynch"
        ],
        "keywords": null
    },
    {
        "id": 4996,
        "label": "819",
        "author": "Peter Willett",
        "title": "Processing morphological variants in searches of Latin text",
        "organization": null,
        "abstract": NaN,
        "email": null,
        "conf": "Information Research",
        "coauthors": [
            "m. greengrass",
            "alexander m. robertson",
            "reinhard schinke"
        ],
        "keywords": null
    },
    {
        "id": 4997,
        "label": "819",
        "author": "Peter Willett",
        "title": "Non-hierarchic document clustering using a genetic algorithm",
        "organization": null,
        "abstract": NaN,
        "email": null,
        "conf": "Information Research",
        "coauthors": [
            "gareth jones",
            "alexander m. robertson",
            "c. santimetvirul"
        ],
        "keywords": "Document Clustering,Genetic Algorithm,"
    },
    {
        "id": 4998,
        "label": "819",
        "author": "Peter Willett",
        "title": "Word Variant Identification in Old French",
        "organization": null,
        "abstract": NaN,
        "email": null,
        "conf": "Information Research",
        "coauthors": [
            "alan j. o'rourke",
            "alexander m. robertson",
            "penny eley",
            "penny simons"
        ],
        "keywords": null
    },
    {
        "id": 4999,
        "label": "819",
        "author": "Peter Willett",
        "title": "Textual and chemical information processing: different domains but similar algorithms",
        "organization": null,
        "abstract": NaN,
        "email": null,
        "conf": "Information Research",
        "coauthors": [],
        "keywords": "Information Processing,"
    },
    {
        "id": 5000,
        "label": "819",
        "author": "Peter Willett",
        "title": "Molecular diversity techniques for chemical databases",
        "organization": null,
        "abstract": NaN,
        "email": null,
        "conf": "Information Research",
        "coauthors": [],
        "keywords": "Molecular Diversity,"
    },
    {
        "id": 5001,
        "label": "819",
        "author": "Peter Willett",
        "title": "Graph theoretic methods for the analysis of structural relationships in biological macromolecules",
        "organization": null,
        "abstract": "Subgraph isomorphism and maximum common subgraph isomorphism algorithms from graph theory provide an effective and an efficient way of identifying structural relationships between biological macromolecules. They thus provide a natural complement to the pattern matching algorithms that are used in bioinformatics to identify sequence relationships. Examples are provided of the use of graph theory to analyse proteins for which three-dimensional",
        "email": null,
        "conf": "Journal of The American Society for Information Science and Technology",
        "coauthors": [
            "peter j. artymiuk",
            "ruth v. spriggs"
        ],
        "keywords": "Database Search,Detection Algorithm,Graph Theory,Nmr Structure,Pattern Matching,Protein Structure,Structural Complexity,Three Dimensional,Amino Acid,Nucleic Acid,Protein Data Bank,"
    },
    {
        "id": 5002,
        "label": "819",
        "author": "Peter Willett",
        "title": "On the Creation of Hypertext Links in Full-Text Documents: Measurement of Retrieval Effectiveness",
        "organization": null,
        "abstract": NaN,
        "email": null,
        "conf": "Journal of The American Society for Information Science and Technology",
        "coauthors": [
            "david ellis",
            "jonathan furner"
        ],
        "keywords": null
    },
    {
        "id": 5003,
        "label": "819",
        "author": "Peter Willett",
        "title": "The limitations of term co-occurrence data for query expansion in document retrieval systems",
        "organization": null,
        "abstract": "Term cooccurrence data has been extensively used in document retrieval systems for the identification of indexing terms that are similar to those that have been specified in a user query: these similar terms can then be used to augment the original query statement. Despite the plausibility of this approach to query expan- sion, the retrieval effectiveness of the expanded que-",
        "email": null,
        "conf": "Journal of The American Society for Information Science and Technology",
        "coauthors": [
            "helen j. peat"
        ],
        "keywords": "Document Retrieval,Indexing Terms,Query Expansion,"
    },
    {
        "id": 5004,
        "label": "819",
        "author": "Peter Willett",
        "title": "The Effectiveness of Stemming for Natural-Language Access to Slovene Textual Data",
        "organization": null,
        "abstract": NaN,
        "email": null,
        "conf": "Journal of The American Society for Information Science and Technology",
        "coauthors": [
            "mirko popovic"
        ],
        "keywords": "Natural Language,"
    },
    {
        "id": 5005,
        "label": "819",
        "author": "Peter Willett",
        "title": "Analysis and use of fragment-occurrence data in similarity-based virtual screening",
        "organization": null,
        "abstract": NaN,
        "email": null,
        "conf": "Journal of Computer-aided Molecular Design",
        "coauthors": [
            "shereena m. arif",
            "john d. holliday"
        ],
        "keywords": "Virtual Screening,"
    },
    {
        "id": 5006,
        "label": "819",
        "author": "Peter Willett",
        "title": "Representation, searching and discovery of patterns of bases in complex RNA structures",
        "organization": null,
        "abstract": NaN,
        "email": null,
        "conf": "Journal of Computer-aided Molecular Design",
        "coauthors": [
            "anne-marie harrison",
            "darren r. south",
            "peter j. artymiuk"
        ],
        "keywords": "Graph Theory,Rna Structure,Structure Comparison,"
    },
    {
        "id": 5007,
        "label": "819",
        "author": "Peter Willett",
        "title": "A genetic algorithm for flexible molecular overlay and pharmacophore elucidation",
        "organization": null,
        "abstract": NaN,
        "email": null,
        "conf": "Journal of Computer-aided Molecular Design",
        "coauthors": [
            "gareth jones",
            "robert c. glen"
        ],
        "keywords": null
    },
    {
        "id": 5008,
        "label": "819",
        "author": "Peter Willett",
        "title": "Comparison of protein surfaces using a genetic algorithm",
        "organization": null,
        "abstract": NaN,
        "email": null,
        "conf": "Journal of Computer-aided Molecular Design",
        "coauthors": [
            "andrew r. poirrette",
            "peter j. artymiuk",
            "david w. rice"
        ],
        "keywords": "Genetic Algorithm,"
    },
    {
        "id": 5009,
        "label": "819",
        "author": "Peter Willett",
        "title": "Comparison of protein surfaces using a genetic algorithm",
        "organization": null,
        "abstract": NaN,
        "email": null,
        "conf": "Journal of Computer-aided Molecular Design",
        "coauthors": [
            "andrew r. poirrette",
            "peter j. artymiuk",
            "david w. rice"
        ],
        "keywords": "Genetic Algorithm,"
    },
    {
        "id": 5010,
        "label": "819",
        "author": "Peter Willett",
        "title": "Effectiveness of graph-based and fingerprint-based similarity measures for virtual screening of 2D chemical structure databases",
        "organization": null,
        "abstract": "This paper reports an evaluation of both graph-based and fingerprint-based measures of structural similarity, when used for virtual screening of sets of 2D molecules drawn from the MDDR and ID Alert databases. The graph-based measures employ a new maximum common edge subgraph isomorphism algorithm, called RASCAL, with several similarity coefficients described previously for quantifying the similarity between pairs of graphs.",
        "email": null,
        "conf": "Journal of Computer-aided Molecular Design",
        "coauthors": [
            "john w. raymond"
        ],
        "keywords": "Chemical Structure,Graph Matching,Similarity Measure,Similarity Search,Structural Similarity,Virtual Screening,"
    },
    {
        "id": 5011,
        "label": "819",
        "author": "Peter Willett",
        "title": "Maximum common subgraph isomorphism algorithms for the matching of chemical structures",
        "organization": null,
        "abstract": "The maximum common subgraph (MCS) problem has become increasingly important in those aspects of chemoinformatics that involve the matching of 2D or 3D chemical structures. This paper provides a classification and a review of the many MCS algorithms, both exact and approximate, that have been described in the literature, and makes recommendations regarding their applicability to typical chemoinformatics tasks.",
        "email": null,
        "conf": "Journal of Computer-aided Molecular Design",
        "coauthors": [
            "john w. raymond"
        ],
        "keywords": "Chemical Structure,Graph Matching,"
    },
    {
        "id": 5012,
        "label": "819",
        "author": "Peter Willett",
        "title": "Similarity searching in files of three-dimensional chemical structures: Representation and searching of molecular electrostatic potentials using field-graphs",
        "organization": null,
        "abstract": NaN,
        "email": null,
        "conf": "Journal of Computer-aided Molecular Design",
        "coauthors": [
            "david a. thorner",
            "p. matthew wright",
            "robin taylor"
        ],
        "keywords": "Chemical Structure,Electrostatic Potential,Similarity Search,Three Dimensional,"
    },
    {
        "id": 5013,
        "label": "819",
        "author": "Peter Willett",
        "title": "Evaluation of the EVA descriptor for QSAR studies: 3. The use of a genetic algorithm to search for models with enhanced predictive properties (EVA_GA)",
        "organization": null,
        "abstract": NaN,
        "email": null,
        "conf": "Journal of Computer-aided Molecular Design",
        "coauthors": [
            "david b. turner"
        ],
        "keywords": "Genetic Algorithm,"
    },
    {
        "id": 5014,
        "label": "819",
        "author": "Peter Willett",
        "title": "Evaluation of a novel infrared range vibration-based descriptor (EVA) for QSAR studies. 1. General application",
        "organization": null,
        "abstract": NaN,
        "email": null,
        "conf": "Journal of Computer-aided Molecular Design",
        "coauthors": [
            "david b. turner",
            "allan m. ferguson"
        ],
        "keywords": "Infrared,"
    },
    {
        "id": 5015,
        "label": "819",
        "author": "Peter Willett",
        "title": "Evaluation of a novel molecular vibration-based descriptor (EVA) for QSAR studies: 2. Model validation using a benchmark steroid dataset",
        "organization": null,
        "abstract": NaN,
        "email": null,
        "conf": "Journal of Computer-aided Molecular Design",
        "coauthors": [
            "david b. turner",
            "allan m. ferguson"
        ],
        "keywords": "Model Validation,"
    },
    {
        "id": 5016,
        "label": "819",
        "author": "Peter Willett",
        "title": "Calculating the knowledge-based similarity of functional groups using crystallographic data",
        "organization": null,
        "abstract": NaN,
        "email": null,
        "conf": "Journal of Computer-aided Molecular Design",
        "coauthors": [
            "paul watson ii",
            "valerie j. gillet",
            "marcel l. verdonk"
        ],
        "keywords": "Functional Group,Knowledge Base,"
    },
    {
        "id": 5017,
        "label": "819",
        "author": "Peter Willett",
        "title": "Dissimilarity-Based Algorithms for Selecting Structurally Diverse Sets of Compounds",
        "organization": null,
        "abstract": NaN,
        "email": null,
        "conf": "Journal of Computational Biology",
        "coauthors": [],
        "keywords": null
    },
    {
        "id": 5018,
        "label": "819",
        "author": "Peter Willett",
        "title": "Structure and singly occupied molecular orbital analysis of anionic tautomers of guanine",
        "organization": null,
        "abstract": NaN,
        "email": null,
        "conf": "Journal of Computational Chemistry",
        "coauthors": [
            "maciej haranczyk",
            "john d. holliday",
            "maciej gutowski"
        ],
        "keywords": "Molecular Orbital,"
    },
    {
        "id": 5019,
        "label": "819",
        "author": "Peter Willett",
        "title": "Angular Spectroscopy: Rapid Visualization of Three-Dimensional Substructure Dissimilarity Using Valence Angle or Torsional Descriptors",
        "organization": null,
        "abstract": NaN,
        "email": null,
        "conf": "Journal of Chemical Information and Computer Sciences",
        "coauthors": [
            "frank h. allen",
            "peter a. bath"
        ],
        "keywords": "Three Dimensional,"
    },
    {
        "id": 5020,
        "label": "819",
        "author": "Peter Willett",
        "title": "Similarity searching in databases of three-dimensional molecules and macromolecules",
        "organization": null,
        "abstract": NaN,
        "email": null,
        "conf": "Journal of Chemical Information and Computer Sciences",
        "coauthors": [
            "peter j. artymiuk",
            "peter a. bath",
            "helen m. grindley",
            "catherine a. pepperrell",
            "andrew r. poirrette",
            "david w. rice",
            "david a. thorner",
            "david j. wild"
        ],
        "keywords": "Similarity Search,Three Dimensional,"
    },
    {
        "id": 5021,
        "label": "819",
        "author": "Peter Willett",
        "title": "Identification of .beta.sheet motifs, of .psi.-loops, and of patterns of amino acid residues in three-dimensional protein structures using a subgraph-isomorphism algorithm",
        "organization": null,
        "abstract": NaN,
        "email": null,
        "conf": "Journal of Chemical Information and Computer Sciences",
        "coauthors": [
            "peter j. artymiuk",
            "helen m. grindley",
            "andrew r. poirrette",
            "david w. rice",
            "elizabeth c. ujah"
        ],
        "keywords": "Protein Structure,Three Dimensional,Amino Acid,"
    },
    {
        "id": 5022,
        "label": "819",
        "author": "Peter Willett",
        "title": "Scaffold Hopping Using Clique Detection Applied to Reduced Graphs",
        "organization": null,
        "abstract": NaN,
        "email": null,
        "conf": "Journal of Chemical Information and Computer Sciences",
        "coauthors": [
            "edward j. barker",
            "david buttar",
            "david a. cosgrove",
            "eleanor j. gardiner",
            "paula kitts",
            "valerie j. gillet"
        ],
        "keywords": null
    },
    {
        "id": 5023,
        "label": "819",
        "author": "Peter Willett",
        "title": "Method for generating a chemical reaction index for storage and retrieval of information. Comments",
        "organization": null,
        "abstract": NaN,
        "email": null,
        "conf": "Journal of Chemical Information and Computer Sciences",
        "coauthors": [
            "john m. barnard"
        ],
        "keywords": "Chemical Reaction,Indexation,"
    },
    {
        "id": 5024,
        "label": "819",
        "author": "Peter Willett",
        "title": "Similarity searching in files of three-dimensional chemical structures: Comparison of fragment-based measures of shape similarity",
        "organization": null,
        "abstract": NaN,
        "email": null,
        "conf": "Journal of Chemical Information and Computer Sciences",
        "coauthors": [
            "peter a. bath",
            "andrew r. poirrette",
            "frank h. allen"
        ],
        "keywords": "Chemical Structure,Shape Similarity,Similarity Search,Three Dimensional,"
    },
    {
        "id": 5025,
        "label": "819",
        "author": "Peter Willett",
        "title": "The Extent of the Relationship between the Graph-Theoretical and the Geometrical Shape Coefficients of Chemical Compounds",
        "organization": null,
        "abstract": NaN,
        "email": null,
        "conf": "Journal of Chemical Information and Computer Sciences",
        "coauthors": [
            "peter a. bath",
            "andrew r. poirrette",
            "frank h. allen"
        ],
        "keywords": null
    },
    {
        "id": 5026,
        "label": "819",
        "author": "Peter Willett",
        "title": "Response to Comment on \"The Extent of the Relationship between the Graph-Theoretical and the Geometrical Shape Coefficients of Chemical Compounds",
        "organization": null,
        "abstract": NaN,
        "email": null,
        "conf": "Journal of Chemical Information and Computer Sciences",
        "coauthors": [
            "peter a. bath",
            "andrew r. poirrette",
            "frank h. allen"
        ],
        "keywords": null
    },
    {
        "id": 5027,
        "label": "819",
        "author": "Peter Willett",
        "title": "Evaluation and implementation of topological codes for online compound search and registration",
        "organization": null,
        "abstract": NaN,
        "email": null,
        "conf": "Journal of Chemical Information and Computer Sciences",
        "coauthors": [
            "david bawden",
            "j. trevor catlow",
            "trevor k. devon",
            "judith m. dalton",
            "michael f. lynch"
        ],
        "keywords": null
    },
    {
        "id": 5028,
        "label": "819",
        "author": "Peter Willett",
        "title": "A Qualitative Comparison of Wiswesser Line Notation Descriptors of Reactions and the Derwent Chemical Reaction Documentation Service",
        "organization": null,
        "abstract": NaN,
        "email": null,
        "conf": "Journal of Chemical Information and Computer Sciences",
        "coauthors": [
            "david bawden",
            "trevor k. devon",
            "frank t. jackson",
            "sandra i. wood",
            "michael f. lynch"
        ],
        "keywords": "Chemical Reaction,"
    },
    {
        "id": 5029,
        "label": "819",
        "author": "Peter Willett",
        "title": "A Fourier Fingerprint-Based Method for Protein Surface Representation",
        "organization": null,
        "abstract": NaN,
        "email": null,
        "conf": "Journal of Chemical Information and Computer Sciences",
        "coauthors": [
            "martin j. bayley",
            "eleanor j. gardiner",
            "peter j. artymiuk"
        ],
        "keywords": "Surface Representation,"
    },
    {
        "id": 5030,
        "label": "819",
        "author": "Peter Willett",
        "title": "Algorithms for the identification of three-dimensional maximal common substructures",
        "organization": null,
        "abstract": NaN,
        "email": null,
        "conf": "Journal of Chemical Information and Computer Sciences",
        "coauthors": [
            "andrew t. brint"
        ],
        "keywords": "Three Dimensional,"
    },
    {
        "id": 5031,
        "label": "819",
        "author": "Peter Willett",
        "title": "Hyperstructure model for chemical structure handling: Techniques for substructure searching",
        "organization": null,
        "abstract": NaN,
        "email": null,
        "conf": "Journal of Chemical Information and Computer Sciences",
        "coauthors": [
            "robert d. brown",
            "geoffrey m. downs",
            "gareth jones"
        ],
        "keywords": "Chemical Structure,"
    },
    {
        "id": 5032,
        "label": "819",
        "author": "Peter Willett",
        "title": "Hyperstructure model for chemical structure handling: generation and atom-by-atom searching of hyperstructures",
        "organization": null,
        "abstract": NaN,
        "email": null,
        "conf": "Journal of Chemical Information and Computer Sciences",
        "coauthors": [
            "robert d. brown",
            "geoffrey m. downs",
            "anthony p. f. cook"
        ],
        "keywords": "Chemical Structure,"
    },
    {
        "id": 5033,
        "label": "819",
        "author": "Peter Willett",
        "title": "Matching two-dimensional chemical graphs using genetic algorithms",
        "organization": null,
        "abstract": NaN,
        "email": null,
        "conf": "Journal of Chemical Information and Computer Sciences",
        "coauthors": [
            "robert d. brown",
            "gareth jones",
            "robert c. glen"
        ],
        "keywords": "Genetic Algorithm,"
    },
    {
        "id": 5034,
        "label": "819",
        "author": "Peter Willett",
        "title": "Generation and Display of Activity-Weighted Chemical Hyperstructures",
        "organization": null,
        "abstract": NaN,
        "email": null,
        "conf": "Journal of Chemical Information and Computer Sciences",
        "coauthors": [
            "nathan brown",
            "david j. wilton",
            "richard a. lewis"
        ],
        "keywords": null
    },
    {
        "id": 5035,
        "label": "819",
        "author": "Peter Willett",
        "title": "Virtual Screening Using Binary Kernel Discrimination: Effect of Noisy Training Data and the Optimization of Performance",
        "organization": null,
        "abstract": NaN,
        "email": null,
        "conf": "Journal of Chemical Information and Computer Sciences",
        "coauthors": [
            "beining chen",
            "robert f. harrison",
            "kitsuchart pasupa",
            "david j. wilton",
            "david j. wood",
            "xiao qing lewell"
        ],
        "keywords": "Virtual Screening,"
    },
    {
        "id": 5036,
        "label": "819",
        "author": "Peter Willett",
        "title": "Pharmacophoric pattern matching in files of three-dimensional chemical structures: Comparison of conformational-searching algorithms for flexible searching",
        "organization": null,
        "abstract": NaN,
        "email": null,
        "conf": "Journal of Chemical Information and Computer Sciences",
        "coauthors": [
            "david e. clark",
            "gareth jones",
            "peter w. kenny",
            "robert c. glen"
        ],
        "keywords": "Chemical Structure,Pattern Matching,Search Algorithm,Three Dimensional,"
    },
    {
        "id": 5037,
        "label": "819",
        "author": "Peter Willett",
        "title": "Similarity Searching and Clustering of Chemical-Structure Databases Using Molecular Property Data",
        "organization": null,
        "abstract": NaN,
        "email": null,
        "conf": "Journal of Chemical Information and Computer Sciences",
        "coauthors": [
            "geoffrey m. downs",
            "william fisanick"
        ],
        "keywords": "Chemical Structure,Similarity Search,"
    },
    {
        "id": 5038,
        "label": "819",
        "author": "Peter Willett",
        "title": "Structural Search Codes for On-Line Compound Registration",
        "organization": null,
        "abstract": NaN,
        "email": null,
        "conf": "Journal of Chemical Information and Computer Sciences",
        "coauthors": [
            "lindsay a. evans",
            "michael f. lynch"
        ],
        "keywords": null
    },
    {
        "id": 5039,
        "label": "819",
        "author": "Peter Willett",
        "title": "Sampling Consideration in the Selection of Fragment Screens for Chemical Substructure Search Systems",
        "organization": null,
        "abstract": NaN,
        "email": null,
        "conf": "Journal of Chemical Information and Computer Sciences",
        "coauthors": [
            "marie t. gannon"
        ],
        "keywords": null
    },
    {
        "id": 5040,
        "label": "819",
        "author": "Peter Willett",
        "title": "Genomic Data Analysis Using DNA Structure: An Analysis of Conserved Nongenic Sequences and Ultraconserved Elements",
        "organization": null,
        "abstract": NaN,
        "email": null,
        "conf": "Journal of Chemical Information and Computer Sciences",
        "coauthors": [
            "eleanor j. gardiner",
            "linda hirons",
            "christopher a. hunter"
        ],
        "keywords": "Data Analysis,Dna Structure,"
    },
    {
        "id": 5041,
        "label": "819",
        "author": "Peter Willett",
        "title": "Graph-Theoretic Techniques for Macromolecular Docking",
        "organization": null,
        "abstract": NaN,
        "email": null,
        "conf": "Journal of Chemical Information and Computer Sciences",
        "coauthors": [
            "eleanor j. gardiner",
            "peter j. artymiuk"
        ],
        "keywords": null
    },
    {
        "id": 5042,
        "label": "819",
        "author": "Peter Willett",
        "title": "Combinatorial Library Design Using a Multiobjective Genetic Algorithm",
        "organization": null,
        "abstract": "Abstract: INTRODUCTIONThe development of combinatorial chemistry techniquesduring the past decade has revolutionized the processesinvolved in the discovery of novel bioactive compounds inthe pharmaceutical and agrochemical industries.1,2Initiallythe focus in combinatorial library design was on selectingdiverse sets of compounds on the assumption that maximizingdiversity would result in a broad coverage of bioactivityspace3and hence would maximize the chances of findinghits. However,...",
        "email": null,
        "conf": "Journal of Chemical Information and Computer Sciences",
        "coauthors": [
            "valerie j. gillet",
            "wael khatib",
            "peter j. fleming",
            "darren v. s. green"
        ],
        "keywords": "Bioactive Compound,Combinatorial Chemistry,Library Design,multiobjective genetic algorithm,"
    },
    {
        "id": 5043,
        "label": "819",
        "author": "Peter Willett",
        "title": "Similarity Searching Using Reduced Graphs",
        "organization": null,
        "abstract": NaN,
        "email": null,
        "conf": "Journal of Chemical Information and Computer Sciences",
        "coauthors": [
            "valerie j. gillet",
            "john bradshaw"
        ],
        "keywords": "Similarity Search,"
    },
    {
        "id": 5044,
        "label": "819",
        "author": "Peter Willett",
        "title": "The Effectiveness of Reactant Pools for Generating Structurally-Diverse Combinatorial Libraries",
        "organization": null,
        "abstract": NaN,
        "email": null,
        "conf": "Journal of Chemical Information and Computer Sciences",
        "coauthors": [
            "valerie j. gillet",
            "john bradshaw"
        ],
        "keywords": null
    },
    {
        "id": 5045,
        "label": "819",
        "author": "Peter Willett",
        "title": "Identification of Biological Activity Profiles Using Substructural Analysis and Genetic Algorithms",
        "organization": null,
        "abstract": NaN,
        "email": null,
        "conf": "Journal of Chemical Information and Computer Sciences",
        "coauthors": [
            "valerie j. gillet",
            "john bradshaw"
        ],
        "keywords": "Biological Activity,Genetic Algorithm,"
    },
    {
        "id": 5046,
        "label": "819",
        "author": "Peter Willett",
        "title": "Selecting Combinatorial Libraries to Optimize Diversity and Physical Properties",
        "organization": null,
        "abstract": NaN,
        "email": null,
        "conf": "Journal of Chemical Information and Computer Sciences",
        "coauthors": [
            "valerie j. gillet",
            "john bradshaw",
            "darren v. s. green"
        ],
        "keywords": "Physical Properties,"
    },
    {
        "id": 5047,
        "label": "819",
        "author": "Peter Willett",
        "title": "Computer storage and retrieval of generic chemical structures in patents. 7. Parallel simulation of a relaxation algorithm for chemical substructure search",
        "organization": null,
        "abstract": NaN,
        "email": null,
        "conf": "Journal of Chemical Information and Computer Sciences",
        "coauthors": [
            "valerie j. gillet",
            "stephen m. welford",
            "michael f. lynch",
            "john m. barnard",
            "geoffrey m. downs",
            "gordon a. manson",
            "j. thompson"
        ],
        "keywords": "Chemical Structure,Parallel Simulation,"
    },
    {
        "id": 5048,
        "label": "819",
        "author": "Peter Willett",
        "title": "Similarity Searching in Files of Three-Dimensional Chemical Structures: Evaluation of the EVA Descriptor and Combination of Rankings Using Data Fusion",
        "organization": null,
        "abstract": NaN,
        "email": null,
        "conf": "Journal of Chemical Information and Computer Sciences",
        "coauthors": [
            "claire m. r. ginn",
            "david b. turner",
            "allan m. ferguson"
        ],
        "keywords": "Chemical Structure,Similarity Search,Three Dimensional,Data Fusion,"
    },
    {
        "id": 5049,
        "label": "819",
        "author": "Peter Willett",
        "title": "Comparison of Fingerprint-Based Methods for Virtual Screening Using Multiple Bioactive Reference Structures",
        "organization": null,
        "abstract": NaN,
        "email": null,
        "conf": "Journal of Chemical Information and Computer Sciences",
        "coauthors": [
            "jérôme hert",
            "david j. wilton",
            "pierre acklin",
            "kamal azzaoui",
            "edgar jacoby",
            "ansgar schuffenhauer"
        ],
        "keywords": "Virtual Screening,"
    },
    {
        "id": 5050,
        "label": "819",
        "author": "Peter Willett",
        "title": "New Methods for Ligand-Based Virtual Screening: Use of Data Fusion and Machine Learning to Enhance the Effectiveness of Similarity Searching",
        "organization": null,
        "abstract": NaN,
        "email": null,
        "conf": "Journal of Chemical Information and Computer Sciences",
        "coauthors": [
            "jérôme hert",
            "david j. wilton",
            "pierre acklin",
            "kamal azzaoui",
            "edgar jacoby",
            "ansgar schuffenhauer"
        ],
        "keywords": "Machine Learning,Similarity Search,Virtual Screening,Data Fusion,"
    },
    {
        "id": 5051,
        "label": "819",
        "author": "Peter Willett",
        "title": "Structural DNA Profiles: Single Sequence Queries",
        "organization": null,
        "abstract": NaN,
        "email": null,
        "conf": "Journal of Chemical Information and Computer Sciences",
        "coauthors": [
            "linda hirons",
            "eleanor j. gardiner",
            "christopher a. hunter"
        ],
        "keywords": null
    },
    {
        "id": 5052,
        "label": "819",
        "author": "Peter Willett",
        "title": "Calculation of Intersubstituent Similarity Using R-Group Descriptors",
        "organization": null,
        "abstract": NaN,
        "email": null,
        "conf": "Journal of Chemical Information and Computer Sciences",
        "coauthors": [
            "john d. holliday",
            "stephen p. jelfs",
            "peter gedeck"
        ],
        "keywords": null
    },
    {
        "id": 5053,
        "label": "819",
        "author": "Peter Willett",
        "title": "Clustering Files of Chemical Structures Using the Fuzzy k-Means Clustering Method",
        "organization": null,
        "abstract": "This paper evaluates the use of the fuzzy k-means clustering method for the clustering of files of 2D chemical structures. Simulated property prediction experiments with the Starlist file of logP values demonstrate that use of the fuzzy k-means method can, in some cases, yield results that are superior to those obtained with the conventional k-means method and with Ward's clustering",
        "email": null,
        "conf": "Journal of Chemical Information and Computer Sciences",
        "coauthors": [
            "john d. holliday",
            "sarah l. rodgers",
            "min-you chen",
            "mahdi mahfouf",
            "kevin lawson",
            "graham mullier"
        ],
        "keywords": "Chemical Structure,Clustering Method,Fuzzy K Means,K Means,"
    },
    {
        "id": 5054,
        "label": "819",
        "author": "Peter Willett",
        "title": "Analysis and Display of the Size Dependence of Chemical Similarity Coefficients",
        "organization": null,
        "abstract": NaN,
        "email": null,
        "conf": "Journal of Chemical Information and Computer Sciences",
        "coauthors": [
            "john d. holliday",
            "naomie salim",
            "martin whittle"
        ],
        "keywords": null
    },
    {
        "id": 5055,
        "label": "819",
        "author": "Peter Willett",
        "title": "The Production of Machine-Readable Descriptions of Chemical Reactions Using Wiswesser Line Notations",
        "organization": null,
        "abstract": NaN,
        "email": null,
        "conf": "Journal of Chemical Information and Computer Sciences",
        "coauthors": [
            "michael f. lynch"
        ],
        "keywords": "Chemical Reaction,"
    },
    {
        "id": 5056,
        "label": "819",
        "author": "Peter Willett",
        "title": "The Automatic Detection of Chemical Reaction Sites",
        "organization": null,
        "abstract": NaN,
        "email": null,
        "conf": "Journal of Chemical Information and Computer Sciences",
        "coauthors": [
            "michael f. lynch"
        ],
        "keywords": "Automatic Detection,Chemical Reaction,"
    },
    {
        "id": 5057,
        "label": "819",
        "author": "Peter Willett",
        "title": "George Vladutz, 1928-1990",
        "organization": null,
        "abstract": NaN,
        "email": null,
        "conf": "Journal of Chemical Information and Computer Sciences",
        "coauthors": [
            "michael f. lynch"
        ],
        "keywords": null
    },
    {
        "id": 5058,
        "label": "819",
        "author": "Peter Willett",
        "title": "Use of a maximum common subgraph algorithm in the automatic identification of ostensible bond changes occurring in chemical reactions",
        "organization": null,
        "abstract": NaN,
        "email": null,
        "conf": "Journal of Chemical Information and Computer Sciences",
        "coauthors": [
            "james j. mcgregor"
        ],
        "keywords": "Chemical Reaction,"
    },
    {
        "id": 5059,
        "label": "819",
        "author": "Peter Willett",
        "title": "A tribute of Michael F. Lynch",
        "organization": null,
        "abstract": NaN,
        "email": null,
        "conf": "Journal of Chemical Information and Computer Sciences",
        "coauthors": [
            "george w. a. milne"
        ],
        "keywords": null
    },
    {
        "id": 5060,
        "label": "819",
        "author": "Peter Willett",
        "title": "Knowledge-Based Interaction Fingerprint Scoring: A Simple Method for Improving the Effectiveness of Fast Scoring Functions",
        "organization": null,
        "abstract": NaN,
        "email": null,
        "conf": "Journal of Chemical Information and Computer Sciences",
        "coauthors": [
            "chidochangu p. mpamhanga",
            "beining chen",
            "iain m. mclay"
        ],
        "keywords": "Knowledge Base,Score Function,"
    },
    {
        "id": 5061,
        "label": "819",
        "author": "Peter Willett",
        "title": "Heuristics for Similarity Searching of Chemical Graphs Using a Maximum Common Edge Subgraph Algorithm",
        "organization": null,
        "abstract": NaN,
        "email": null,
        "conf": "Journal of Chemical Information and Computer Sciences",
        "coauthors": [
            "john w. raymond",
            "eleanor j. gardiner"
        ],
        "keywords": "Similarity Search,"
    },
    {
        "id": 5062,
        "label": "819",
        "author": "Peter Willett",
        "title": "Similarity Searching in Databases of Flexible 3D Structures Using Smoothed Bounded Distance Matrices",
        "organization": null,
        "abstract": NaN,
        "email": null,
        "conf": "Journal of Chemical Information and Computer Sciences",
        "coauthors": [
            "john w. raymond"
        ],
        "keywords": "3d structure,Similarity Search,"
    },
    {
        "id": 5063,
        "label": "819",
        "author": "Peter Willett",
        "title": "Similarity Searching in Databases of Flexible 3D Structures Using Autocorrelation Vectors Derived from Smoothed Bounded Distance Matrices",
        "organization": null,
        "abstract": NaN,
        "email": null,
        "conf": "Journal of Chemical Information and Computer Sciences",
        "coauthors": [
            "nicholas rhodes",
            "david e. clark"
        ],
        "keywords": "3d structure,Similarity Search,"
    },
    {
        "id": 5064,
        "label": "819",
        "author": "Peter Willett",
        "title": "CLIP: Similarity Searching of 3D Databases Using Clique Detection",
        "organization": null,
        "abstract": NaN,
        "email": null,
        "conf": "Journal of Chemical Information and Computer Sciences",
        "coauthors": [
            "nicholas rhodes",
            "alain calvet",
            "james b. dunbar jr.",
            "christine humblet"
        ],
        "keywords": "Similarity Search,"
    },
    {
        "id": 5065,
        "label": "819",
        "author": "Peter Willett",
        "title": "Bit-String Methods for Selective Compound Acquisition",
        "organization": null,
        "abstract": NaN,
        "email": null,
        "conf": "Journal of Chemical Information and Computer Sciences",
        "coauthors": [
            "nicholas rhodes",
            "james b. dunbar jr.",
            "christine humblet"
        ],
        "keywords": null
    },
    {
        "id": 5066,
        "label": "819",
        "author": "Peter Willett",
        "title": "Combination of Fingerprint-Based Similarity Coefficients Using Data Fusion",
        "organization": null,
        "abstract": NaN,
        "email": null,
        "conf": "Journal of Chemical Information and Computer Sciences",
        "coauthors": [
            "naomie salim",
            "john d. holliday"
        ],
        "keywords": "Data Fusion,"
    },
    {
        "id": 5067,
        "label": "819",
        "author": "Peter Willett",
        "title": "Similarity Searching in Files of Three-Dimensional Chemical Structures: Analysis of the BIOSTER Database Using Two-Dimensional Fingerprints and Molecular Field Descriptors",
        "organization": null,
        "abstract": NaN,
        "email": null,
        "conf": "Journal of Chemical Information and Computer Sciences",
        "coauthors": [
            "ansgar schuffenhauer",
            "valerie j. gillet"
        ],
        "keywords": "Chemical Structure,Similarity Search,Three Dimensional,"
    },
    {
        "id": 5068,
        "label": "819",
        "author": "Peter Willett",
        "title": "Searching for Patterns of Amino Acids in 3D Protein Structures",
        "organization": null,
        "abstract": NaN,
        "email": null,
        "conf": "Journal of Chemical Information and Computer Sciences",
        "coauthors": [
            "ruth v. spriggs",
            "peter j. artymiuk"
        ],
        "keywords": "Protein Structure,Amino Acid,"
    },
    {
        "id": 5069,
        "label": "819",
        "author": "Peter Willett",
        "title": "Similarity Searching in Files of Three-Dimensional Chemical Structures: Flexible Field-Based Searching of Molecular Electrostatic Potentials",
        "organization": null,
        "abstract": NaN,
        "email": null,
        "conf": "Journal of Chemical Information and Computer Sciences",
        "coauthors": [
            "david a. thorner",
            "david j. wild",
            "p. matthew wright"
        ],
        "keywords": "Chemical Structure,Electrostatic Potential,Similarity Search,Three Dimensional,"
    },
    {
        "id": 5070,
        "label": "819",
        "author": "Peter Willett",
        "title": "Rapid Quantification of Molecular Diversity for Selective Database Acquisition",
        "organization": null,
        "abstract": NaN,
        "email": null,
        "conf": "Journal of Chemical Information and Computer Sciences",
        "coauthors": [
            "david b. turner",
            "simon m. tyrrell"
        ],
        "keywords": "Molecular Diversity,"
    },
    {
        "id": 5071,
        "label": "819",
        "author": "Peter Willett",
        "title": "Enhancing the Effectiveness of Virtual Screening by Fusing Nearest Neighbor Lists: A Comparison of Similarity Coefficients",
        "organization": null,
        "abstract": NaN,
        "email": null,
        "conf": "Journal of Chemical Information and Computer Sciences",
        "coauthors": [
            "martin whittle",
            "valerie j. gillet",
            "alexander alex",
            "jens loesel"
        ],
        "keywords": "Virtual Screening,Nearest Neighbor,"
    },
    {
        "id": 5072,
        "label": "819",
        "author": "Peter Willett",
        "title": "Evaluation of Similarity Measures for Searching the Dictionary of Natural Products Database",
        "organization": null,
        "abstract": NaN,
        "email": null,
        "conf": "Journal of Chemical Information and Computer Sciences",
        "coauthors": [
            "martin whittle",
            "werner klaffke",
            "paula van noort"
        ],
        "keywords": "Natural Product,Similarity Measure,"
    },
    {
        "id": 5073,
        "label": "819",
        "author": "Peter Willett",
        "title": "Similarity searching in files of three-dimensional chemical structures. Implementation of atom mapping on the distributed array processor DAP610, the MasPar MP1104, and the connection machine CM200",
        "organization": null,
        "abstract": NaN,
        "email": null,
        "conf": "Journal of Chemical Information and Computer Sciences",
        "coauthors": [
            "david j. wild"
        ],
        "keywords": "Chemical Structure,Similarity Search,Three Dimensional,"
    },
    {
        "id": 5074,
        "label": "819",
        "author": "Peter Willett",
        "title": "Similarity Searching in Files of Three-Dimensional Chemical Structures. Alignment of Molecular Electrostatic Potential Fields with a Genetic Algorithm",
        "organization": null,
        "abstract": NaN,
        "email": null,
        "conf": "Journal of Chemical Information and Computer Sciences",
        "coauthors": [
            "david j. wild"
        ],
        "keywords": "Chemical Structure,Electrostatic Potential,Genetic Algorithm,Similarity Search,Three Dimensional,"
    },
    {
        "id": 5075,
        "label": "819",
        "author": "Peter Willett",
        "title": "Computer Techniques for the Indexing of Chemical Reaction Information",
        "organization": null,
        "abstract": NaN,
        "email": null,
        "conf": "Journal of Chemical Information and Computer Sciences",
        "coauthors": [],
        "keywords": "Chemical Reaction,Computational Techniques,"
    },
    {
        "id": 5076,
        "label": "819",
        "author": "Peter Willett",
        "title": "A Screen Set Generation Algorithm",
        "organization": null,
        "abstract": NaN,
        "email": null,
        "conf": "Journal of Chemical Information and Computer Sciences",
        "coauthors": [],
        "keywords": "Generic Algorithm,"
    },
    {
        "id": 5077,
        "label": "819",
        "author": "Peter Willett",
        "title": "The Evaluation of an Automatically Indexed, Machine-Readable Chemical Reactions File",
        "organization": null,
        "abstract": NaN,
        "email": null,
        "conf": "Journal of Chemical Information and Computer Sciences",
        "coauthors": [],
        "keywords": "Automatic Indexing,Chemical Reaction,"
    },
    {
        "id": 5078,
        "label": "819",
        "author": "Peter Willett",
        "title": "Some heuristics for nearest-neighbor searching in chemical structure files",
        "organization": null,
        "abstract": NaN,
        "email": null,
        "conf": "Journal of Chemical Information and Computer Sciences",
        "coauthors": [],
        "keywords": "Chemical Structure,Nearest Neighbor Search,"
    },
    {
        "id": 5079,
        "label": "819",
        "author": "Peter Willett",
        "title": "Evaluation of relocation clustering algorithms for the automatic classification of chemical structures",
        "organization": null,
        "abstract": NaN,
        "email": null,
        "conf": "Journal of Chemical Information and Computer Sciences",
        "coauthors": [],
        "keywords": "Automatic Classification,Chemical Structure,Cluster Algorithm,"
    },
    {
        "id": 5080,
        "label": "819",
        "author": "Peter Willett",
        "title": "Clustering tendency in chemical classifications",
        "organization": null,
        "abstract": NaN,
        "email": null,
        "conf": "Journal of Chemical Information and Computer Sciences",
        "coauthors": [],
        "keywords": null
    },
    {
        "id": 5081,
        "label": "819",
        "author": "Peter Willett",
        "title": "An algorithm for chemical superstructure searching",
        "organization": null,
        "abstract": NaN,
        "email": null,
        "conf": "Journal of Chemical Information and Computer Sciences",
        "coauthors": [],
        "keywords": null
    },
    {
        "id": 5082,
        "label": "819",
        "author": "Peter Willett",
        "title": "Chemical Similarity Searching",
        "organization": null,
        "abstract": NaN,
        "email": null,
        "conf": "Journal of Chemical Information and Computer Sciences",
        "coauthors": [
            "john m. barnard",
            "geoffrey m. downs"
        ],
        "keywords": "Similarity Search,"
    },
    {
        "id": 5083,
        "label": "819",
        "author": "Peter Willett",
        "title": "Implementation of nearest-neighbor searching in an online chemical structure search system",
        "organization": null,
        "abstract": NaN,
        "email": null,
        "conf": "Journal of Chemical Information and Computer Sciences",
        "coauthors": [
            "vivienne winterman",
            "david bawden"
        ],
        "keywords": "Chemical Structure,Nearest Neighbor Search,"
    },
    {
        "id": 5084,
        "label": "819",
        "author": "Peter Willett",
        "title": "Implementation of nonhierarchic cluster analysis methods in chemical information systems: selection of compounds for biological testing and clustering of substructure search output",
        "organization": null,
        "abstract": NaN,
        "email": null,
        "conf": "Journal of Chemical Information and Computer Sciences",
        "coauthors": [
            "vivienne winterman",
            "david bawden"
        ],
        "keywords": "Cluster Analysis,Information System,"
    },
    {
        "id": 5085,
        "label": "819",
        "author": "Peter Willett",
        "title": "Atom-by-atom searching using massive parallelism. Implementation of the Ullmann subgraph isomorphism algorithm on the distributed array processor",
        "organization": null,
        "abstract": NaN,
        "email": null,
        "conf": "Journal of Chemical Information and Computer Sciences",
        "coauthors": [
            "terence wilson",
            "stewart f. reddaway"
        ],
        "keywords": "Parallel Implementation,"
    },
    {
        "id": 5086,
        "label": "819",
        "author": "Peter Willett",
        "title": "Virtual Screening Using Binary Kernel Discrimination: Analysis of Pesticide Data",
        "organization": null,
        "abstract": NaN,
        "email": null,
        "conf": "Journal of Chemical Information and Computer Sciences",
        "coauthors": [
            "david j. wilton",
            "robert f. harrison",
            "john delaney",
            "kevin lawson",
            "graham mullier"
        ],
        "keywords": "Kernel Discriminant Analysis,Virtual Screening,"
    },
    {
        "id": 5087,
        "label": "819",
        "author": "Peter Willett",
        "title": "Comparison of Ranking Methods for Virtual Screening in Lead-Discovery Programs",
        "organization": null,
        "abstract": NaN,
        "email": null,
        "conf": "Journal of Chemical Information and Computer Sciences",
        "coauthors": [
            "david j. wilton",
            "kevin lawson",
            "graham mullier"
        ],
        "keywords": "Virtual Screening,"
    },
    {
        "id": 5088,
        "label": "819",
        "author": "Peter Willett",
        "title": "Chemical graph matching using transputer networks",
        "organization": null,
        "abstract": NaN,
        "email": null,
        "conf": "Parallel Computing",
        "coauthors": [
            "andrew t. brint",
            "valerie j. gillet",
            "michael f. lynch",
            "gordon a. manson",
            "g. a. wilson"
        ],
        "keywords": "Graph Matching,"
    },
    {
        "id": 5089,
        "label": "819",
        "author": "Peter Willett",
        "title": "Searching and clustering of databases using the ICL distributed array processor",
        "organization": null,
        "abstract": NaN,
        "email": null,
        "conf": "Parallel Computing",
        "coauthors": [
            "christine a. pogue",
            "edie m. rasmussen"
        ],
        "keywords": null
    },
    {
        "id": 5090,
        "label": "819",
        "author": "Peter Willett",
        "title": "Use of text signatures for document retrieval in a highly parallel environment",
        "organization": null,
        "abstract": NaN,
        "email": null,
        "conf": "Parallel Computing",
        "coauthors": [
            "christine a. pogue"
        ],
        "keywords": "Document Retrieval,"
    },
    {
        "id": 5091,
        "label": "819",
        "author": "Peter Willett",
        "title": "Turbo similarity searching: Effect of fingerprint and dataset on virtual-screening performance",
        "organization": null,
        "abstract": NaN,
        "email": null,
        "conf": "Statistical Analysis and Data Mining",
        "coauthors": [
            "eleanor j. gardiner",
            "valerie j. gillet",
            "maciej haranczyk",
            "jérôme hert",
            "john d. holliday",
            "nurul malim",
            "yogendra patel"
        ],
        "keywords": "Similarity Search,Virtual Screening,"
    },
    {
        "id": 5092,
        "label": "821",
        "author": "Peter Willett",
        "title": "On the performance degradation from one-bit quantized detection",
        "organization": null,
        "abstract": NaN,
        "email": null,
        "conf": "IEEE Transactions on Information Theory",
        "coauthors": [
            "peter f. swaszek"
        ],
        "keywords": null
    },
    {
        "id": 5093,
        "label": "821",
        "author": "Peter Willett",
        "title": "A fact about the logistic distribution",
        "organization": null,
        "abstract": NaN,
        "email": null,
        "conf": "IEEE Transactions on Information Theory",
        "coauthors": [
            "peter f. swaszek"
        ],
        "keywords": "Logistic Distribution,"
    },
    {
        "id": 5094,
        "label": "821",
        "author": "Peter Willett",
        "title": "The suboptimality of randomized tests in distributed and quantized detection systems",
        "organization": null,
        "abstract": NaN,
        "email": null,
        "conf": "IEEE Transactions on Information Theory",
        "coauthors": [
            "douglas j. warren"
        ],
        "keywords": "Random Testing,"
    }
]