[
    {
        "id": 4913,
        "label": "809",
        "author": "Peter Baumgartner",
        "title": "Freie Bildungsressourcen im didaktischen Kontext",
        "organization": null,
        "abstract": "Im Beitrag werden einige Gründe für Initiativen zu \"Open Educational Resources\" (OER) für den Hochschulsektor zusammengestellt und kritisch beleuchtet. Daran anschließend werden mögliche didaktische Konsequenzen im Zusammenhang mit dieser Bewegung diskutiert. Im dritten Teil des Beitrages werden didaktische Aspekte von Anforderungen an OER Initiativen diskutiert.",
        "email": null,
        "conf": "Fachtagung \"e-Learning\" der Gesellschaft f��r Informatik",
        "coauthors": [
            "s. zauchner"
        ],
        "keywords": "Open Educational Resources,"
    },
    {
        "id": 4914,
        "label": "809",
        "author": "Peter Baumgartner",
        "title": "Educating the Knowledge Worker in the Information Society: Baser - Basic Support for Efficient Research",
        "organization": null,
        "abstract": "Research in the information society is undergoing radical change. The new challenges make it necessary to rethink research and the ways of educating researchers so that they can cope with them. We show that research has to be considered as skilled practice, consi- sting of numerous component skills which have to be trained so that future knowledge workers can successfully",
        "email": null,
        "conf": "IFIP TC3 Publications",
        "coauthors": [
            "sabine payr"
        ],
        "keywords": "Education Research,Information Society,Internet Services,Knowledge Worker,"
    },
    {
        "id": 4915,
        "label": "809",
        "author": "Peter Baumgartner",
        "title": "Evaluation of E-Portfolio Software",
        "organization": null,
        "abstract": "E-Portfolios are a new type of software and it is still relatively vague to determine, which functions are obligatory - that is which functions constitute characteristic features - and which functions are just optional (\"nice to have\"). This article describes the concept and the preliminary results of a research project which was conducted to evaluate E-Portfolio software, and aims at",
        "email": null,
        "conf": "International Journal of Emerging Technologies in Learning",
        "coauthors": [
            "klaus himpsl"
        ],
        "keywords": "Electronic Portfolio,Higher Education,"
    },
    {
        "id": 4916,
        "label": "809",
        "author": "Peter Baumgartner",
        "title": "Auf dem Wege zu einer neuen Lernkultur - Was die Schule vom Web 2.0 lernen kann",
        "organization": null,
        "abstract": NaN,
        "email": null,
        "conf": "Log in",
        "coauthors": [
            "klaus himpsl"
        ],
        "keywords": null
    }
]