[
    {
        "id": 4940,
        "label": "814",
        "author": "Peter Klein",
        "title": "Distributed Aspects of Integrated Systems",
        "organization": null,
        "abstract": NaN,
        "email": null,
        "conf": "IPSEN",
        "coauthors": [
            "roland baumann",
            "katja cremer",
            "ansgar radermacher"
        ],
        "keywords": "Integrable System,"
    },
    {
        "id": 4941,
        "label": "814",
        "author": "Peter Klein",
        "title": "Specific Application Environments",
        "organization": null,
        "abstract": NaN,
        "email": null,
        "conf": "IPSEN",
        "coauthors": [
            "anita behle",
            "a. deparade",
            "manfred nagl"
        ],
        "keywords": null
    },
    {
        "id": 4942,
        "label": "814",
        "author": "Peter Klein",
        "title": "The Framework Revisited: A More Detailed View on the IPSEN Architecture",
        "organization": null,
        "abstract": NaN,
        "email": null,
        "conf": "IPSEN",
        "coauthors": [],
        "keywords": null
    },
    {
        "id": 4943,
        "label": "814",
        "author": "Peter Klein",
        "title": "Reuse in the Central Part: The Structure of Logical and Representation Documents, Parser, and Unparser",
        "organization": null,
        "abstract": NaN,
        "email": null,
        "conf": "IPSEN",
        "coauthors": [],
        "keywords": null
    },
    {
        "id": 4944,
        "label": "814",
        "author": "Peter Klein",
        "title": "Generating Single Document Processing Tools",
        "organization": null,
        "abstract": NaN,
        "email": null,
        "conf": "IPSEN",
        "coauthors": [
            "andy schürr",
            "albert zündorf"
        ],
        "keywords": "Document Processing,"
    },
    {
        "id": 4945,
        "label": "814",
        "author": "Peter Klein",
        "title": "Constructing SDEs with the IPSEN meta environment",
        "organization": null,
        "abstract": "We describe a high-level approach to the construction of software development environments (SDEs) featuring a new degree of automation. It combines a variety of reuse approaches into one powerful machinery. Based on suit - able specification formalisms (context-free grammars as well as graph rewriting systems), generator tools, and a framework implementation, the IPSEN meta environment allows the construction of software",
        "email": null,
        "conf": "Software Engineering Environments",
        "coauthors": [
            "andy schürr"
        ],
        "keywords": "Graph Rewriting,Software Development Environment,Context Free Grammar,"
    }
]