[
    {
        "id": 5104,
        "label": "824",
        "author": "Philip Chung",
        "title": "Routine Procedural Isomorphs and Cognitive Control Structures",
        "organization": null,
        "abstract": "A major domain of inquiry in human-computer interaction is the execution of routine procedures. We have collected extensive data on human execution of two procedures which are structurally isomorphic, but not visually isomorphic. Extant control approaches (e.g., GOMS) predicts they should have the same execution time and error rate profiles, which they do not. We present a series of ACT-R",
        "email": null,
        "conf": "International Conference on Cognitive Modelling",
        "coauthors": [
            "michael d. byrne",
            "david maurier",
            "chris fick"
        ],
        "keywords": "Cognitive Control,Human Computer Interaction,Visual Search,Error Rate,"
    }
]