[
    {
        "id": 5270,
        "label": "831",
        "author": "Pingping Li",
        "title": "Acquiring the Dynamic Growth and Development Information on Atractylodes Lancea (Thunb.) DC",
        "organization": null,
        "abstract": NaN,
        "email": null,
        "conf": "International Conference on BioMedical Engineering and Informatics",
        "coauthors": [
            "yanyou wu",
            "zhengrong liang",
            "x. y. yang",
            "hanping mao",
            "d. k. huang"
        ],
        "keywords": "Growth and Development,"
    }
]