[
    {
        "id": 5277,
        "label": "834",
        "author": "Qiang Liu",
        "title": "Repairing the Missing isa Structure of Ontologies",
        "organization": null,
        "abstract": NaN,
        "email": null,
        "conf": "Asian Semantic Web Conference",
        "coauthors": [
            "patrick lambrix",
            "he tan"
        ],
        "keywords": null
    },
    {
        "id": 5278,
        "label": "834",
        "author": "Qiang Liu",
        "title": "RepOSE: An Environment for Repairing Missing Ontological Structure",
        "organization": null,
        "abstract": NaN,
        "email": null,
        "conf": "Asian Semantic Web Conference",
        "coauthors": [
            "patrick lambrix",
            "he tan"
        ],
        "keywords": null
    },
    {
        "id": 5279,
        "label": "834",
        "author": "Qiang Liu",
        "title": "A System for Debugging Missing Isa Structure in Networked Ontologies",
        "organization": null,
        "abstract": NaN,
        "email": null,
        "conf": "Data Integration in the Life Sciences",
        "coauthors": [
            "patrick lambrix"
        ],
        "keywords": null
    },
    {
        "id": 5280,
        "label": "834",
        "author": "Qiang Liu",
        "title": "Using Partial Reference Alignments to Align Ontologies",
        "organization": null,
        "abstract": NaN,
        "email": null,
        "conf": "European Semantic Web Symposium / Conference",
        "coauthors": [
            "patrick lambrix"
        ],
        "keywords": null
    },
    {
        "id": 5281,
        "label": "834",
        "author": "Qiang Liu",
        "title": "Debugging the Missing IsA Structure of Networked Ontologies",
        "organization": null,
        "abstract": NaN,
        "email": null,
        "conf": "European Semantic Web Symposium / Conference",
        "coauthors": [
            "patrick lambrix"
        ],
        "keywords": null
    },
    {
        "id": 5282,
        "label": "834",
        "author": "Qiang Liu",
        "title": "SAMBO and SAMBOdtf Results for the Ontology Alignment Evaluation Initiative 2008",
        "organization": null,
        "abstract": "This article describes a base system for ontology alignment, SAMBO, and an extension, SAMBOdtf. We present their results for the benchmark, anatomy and FAO tasks in the 2008 Ontology Alignment Evaluation Initiative. For the benchmark and FAO tasks SAMBO uses a strategy based on string matching as well as the use of a thesaurus. It obtains good results in many",
        "email": null,
        "conf": "International Semantic Web Conference",
        "coauthors": [
            "patrick lambrix",
            "he tan"
        ],
        "keywords": "Ontology Alignment,String Matching,Ontology Alignment Evaluation Initiative,"
    }
]