[
    {
        "id": 5309,
        "label": "840",
        "author": "Qing Wei",
        "title": "A Dual-quaternion Method for Control of Spatial Rigid Body",
        "organization": null,
        "abstract": NaN,
        "email": null,
        "conf": "International Conference on Networking, Sensing and Control",
        "coauthors": [
            "dapeng han",
            "zexiang li"
        ],
        "keywords": "Rigid Body,"
    },
    {
        "id": 5310,
        "label": "841",
        "author": "Qing Wei",
        "title": "Weak ratio rules between nonnegative real-valued data in transactional database",
        "organization": null,
        "abstract": NaN,
        "email": null,
        "conf": "IEEE International Conference on Granular Computing",
        "coauthors": [
            "baoqing jiang",
            "yang xu",
            "kun wu"
        ],
        "keywords": null
    }
]