[
    {
        "id": 5429,
        "label": "863",
        "author": "Ralf Nagel",
        "title": "Semantic Metadata Instantiation and Consolidation within an Ontology-based Multimedia Document Management System",
        "organization": null,
        "abstract": "Abstract. Automated modeling of appropriate and valid document,de- scriptions is a central issue for the benet,and success of an ontology- based personal document,management,system. One of the more practi- cal problems is the deduction of knowledge from partly large but vary- ing, ambiguous, or domain specic information sources (metadata, at- tributes, features, etc.). The generation process, which requires transfor- mation and",
        "email": null,
        "conf": "European Semantic Web Symposium / Conference",
        "coauthors": [
            "annett mitschick",
            "klaus meißner"
        ],
        "keywords": "Data Quality,Divide and Conquer,Document Management System,Information Need,Information Sources,Knowledge Modeling,Semantic Metadata,"
    }
]