[
    {
        "id": 5436,
        "label": "866",
        "author": "Richard Hull",
        "title": "Augmenting digital audio broadcast with rich data",
        "organization": null,
        "abstract": "HP Laboratories, GWR, Bristol University, ASL and Panasonic Semiconductor are collaborating to explore the potential of Digital Audio Broadcasting through a series of user trials. Our first iPAQ-based prototype allows listeners to GWR-Bristol to interact with a set of web pages broadcast alongside the digital audio stream and displayed on a small color display. In a hands- on study, typical",
        "email": null,
        "conf": "Advances in Computer Entertainment Technology",
        "coauthors": [
            "annelies de bruine",
            "huw jeffries",
            "erik geelhoed",
            "nick piggott"
        ],
        "keywords": "Digital Audio Broadcast,Weather Forecasting,Web Pages,"
    },
    {
        "id": 5437,
        "label": "866",
        "author": "Richard Hull",
        "title": "Magic moments in situated mediascapes",
        "organization": null,
        "abstract": "In this paper, we describe the situation and factors that lead to \"Magic Moments\" in mediascape experiences and discuss the implications for how to design these magic moments without them appearing contrived. The distinctive feature of mediascapes is their link to the physical environment and we introduce a framework for Experience Design and describe a set of design heuristics which",
        "email": null,
        "conf": "Advances in Computer Entertainment Technology",
        "coauthors": [
            "josephine reid",
            "kirsten cater",
            "constance fleuriot"
        ],
        "keywords": "Experience Design,Interactive Drama,Location Awareness,Locative Media,Physical Environment,User Experience,"
    },
    {
        "id": 5438,
        "label": "866",
        "author": "Richard Hull",
        "title": "Life on the edge: supporting collaboration in location-based experiences",
        "organization": null,
        "abstract": "We study a collaborative location-based game in which groups of 'lions' hunt together on a virtual savannah that is overlaid on an open playing field. The game implements a straight-forward approach to location-based triggering in which players must be in the same spatial locale in order to share information and act together. Comparison of video recordings of physical play with",
        "email": null,
        "conf": "Computer Human Interaction",
        "coauthors": [
            "steve benford",
            "duncan rowland",
            "martin flintham",
            "adam drozd",
            "josephine reid",
            "jo morrison",
            "keri facer"
        ],
        "keywords": "Educational Game,Group Formation,Spatial Locality,Video Recording,"
    },
    {
        "id": 5439,
        "label": "866",
        "author": "Richard Hull",
        "title": "An investigation into the use of spatialised sound in locative games",
        "organization": null,
        "abstract": "This paper shows how spatialised sound can be used to guide users around a located gaming environment. Thus far, despite growing interest in delivering location-relevant media information to users, accurate delivery of virtual spatialised sound using limited-processing portable devices, such as Personal Digital Assistants (PDAs), has not yet been explored. The use of spatialised sound allows users to judge accurately",
        "email": null,
        "conf": "Computer Human Interaction",
        "coauthors": [
            "kirsten cater",
            "tom melamed",
            "robin hutchings"
        ],
        "keywords": "Personal Digital Assistant,Spatial Audio,"
    },
    {
        "id": 5440,
        "label": "866",
        "author": "Richard Hull",
        "title": "Recognition accuracy and user acceptance of pen interfaces",
        "organization": null,
        "abstract": NaN,
        "email": null,
        "conf": "Computer Human Interaction",
        "coauthors": [
            "clive frankish",
            "pam morgan"
        ],
        "keywords": "User Acceptance,"
    },
    {
        "id": 5441,
        "label": "866",
        "author": "Richard Hull",
        "title": "The usability of scribble matching",
        "organization": null,
        "abstract": "Scribble matching is a facility developed for pen-computers which aliows users to search electronic ink. Here we report our fwst user evaluation of scribble matching in a scribble phonebook application. 12 users each retrieved 40 phone numbers using combinations of scribble look-up, text look-up and manual browsing. Scribble look-up was prefen-ed to the other two methods despite problems in remembering",
        "email": null,
        "conf": "Computer Human Interaction",
        "coauthors": [
            "david frohlich"
        ],
        "keywords": "Pen Computing,User Evaluation,"
    },
    {
        "id": 5442,
        "label": "866",
        "author": "Richard Hull",
        "title": "Parallel worlds: immersion in location-based experiences",
        "organization": null,
        "abstract": "This paper analyses the stages and circumstances for immersion based on quantitative and qualitative feedback from 700 people who took part in a three week long public trial of a location-based audio drama. Ratings of enjoyment, immersion and how much history came alive all scored highly and people often spent up to an hour in the experience. A model of",
        "email": null,
        "conf": "Computer Human Interaction",
        "coauthors": [
            "josephine reid",
            "erik geelhoed",
            "kirsten cater",
            "ben clayton"
        ],
        "keywords": null
    },
    {
        "id": 5443,
        "label": "866",
        "author": "Richard Hull",
        "title": "Rapid Authoring of Mediascapes",
        "organization": null,
        "abstract": "Ubiquitous computing promises to enable new classes of application. In this paper, we present research intended to accelerate the exploration of the space of possible application values by enabling domain specialists to develop, deploy and evaluate experimental applications, even if they do not have pro- gramming skills. We present a framework for the rapid authoring of me- diascapes, a commercially",
        "email": null,
        "conf": "Ubiquitous Computing/Handheld and Ubiquitous Computing",
        "coauthors": [
            "ben clayton",
            "tom melamed"
        ],
        "keywords": "Case Study,Mobile Application,Ubiquitous Computing,"
    },
    {
        "id": 5444,
        "label": "866",
        "author": "Richard Hull",
        "title": "Towards Situated Computing",
        "organization": null,
        "abstract": "Situated computing concerns the ability of computing devices to detect, interpret and respond to aspects of the user's local environment. In this paper, we use our recent prototyping experience to identify a number of challenging issues that must be resolved in building wearable computers that support situated applications. The paper is organized into three areas: Sensing the local environment, interpreting",
        "email": null,
        "conf": "International Symposium on Wearable Computers",
        "coauthors": [
            "philip neaves",
            "james bedford-roberts"
        ],
        "keywords": "Context Aware,Situation Awareness,Wearable Computer,"
    },
    {
        "id": 5445,
        "label": "866",
        "author": "Richard Hull",
        "title": "'Ere be dragons: an interactive artwork",
        "organization": null,
        "abstract": "The paper introduces a pervasive digital artwork which harnesses live heart-rate and GPS data to create a novel experience on a Pocket PC. The aims of the project, the technologies employed and the results of a preliminary trial are briefly described.",
        "email": null,
        "conf": "ACM Multimedia Conference",
        "coauthors": [
            "stephen boyd davis",
            "magnus moar",
            "john cox",
            "chris riddoch",
            "karl cooke",
            "rachel jacobs",
            "matt watkins",
            "tom melamed"
        ],
        "keywords": "Pocket Pc,Heart Rate,"
    },
    {
        "id": 5446,
        "label": "866",
        "author": "Richard Hull",
        "title": "Mediascapes: Context-Aware Multimedia Experiences",
        "organization": null,
        "abstract": NaN,
        "email": null,
        "conf": "IEEE Multimedia",
        "coauthors": [
            "stuart p. stenton",
            "patrick m. goddi",
            "josephine reid",
            "ben clayton",
            "tom melamed",
            "susie wee"
        ],
        "keywords": "Context Aware,"
    }
]