[
    {
        "id": 5485,
        "label": "876",
        "author": "Robert McGrew",
        "title": "Experiences with Honeypot Systems: Development, Deployment, and Analysis",
        "organization": null,
        "abstract": "This paper presents a summary of university re- search performed on honeypot techniques and summarizes the results Honeypots are computing resources that serve no other purpose on a network than to be a target for attackers, and log data about the attacks. Low-interaction and high-interaction honeypots were implemented and deployed on a university network, and data was logged and analyzed",
        "email": null,
        "conf": "Hawaii International Conference on System Sciences",
        "coauthors": [
            "rayford b. vaughn"
        ],
        "keywords": "Early Warning System,Insider Attack,Network Services,Operating System,Production System,Software Process,System Development,"
    },
    {
        "id": 5486,
        "label": "876",
        "author": "Robert McGrew",
        "title": "Using Search Engines to Acquire Network Forensic Evidence",
        "organization": null,
        "abstract": NaN,
        "email": null,
        "conf": "IFIP WG11.9 Publications - Digital Forensics",
        "coauthors": [
            "rayford b. vaughn"
        ],
        "keywords": "Network Forensics,Search Engine,"
    }
]