[
    {
        "id": 5488,
        "label": "877",
        "author": "Robert R. Henry",
        "title": "A multicast ATM switch with slotted ring fabric",
        "organization": null,
        "abstract": NaN,
        "email": null,
        "conf": "International Conference on Computer Communications and Networks",
        "coauthors": [],
        "keywords": null
    },
    {
        "id": 5489,
        "label": "877",
        "author": "Robert R. Henry",
        "title": "A novel SVC mechanism for call connection and control in ATM networks",
        "organization": null,
        "abstract": NaN,
        "email": null,
        "conf": "Computer Communications",
        "coauthors": [
            "paul j. darby iii"
        ],
        "keywords": "Atm Networks,"
    }
]