[
    {
        "id": 5493,
        "label": "879",
        "author": "Rong Zhou",
        "title": "Achieving Channel Capacity with Low Complexity RS-BTC Using QPSK over AWGN Channel",
        "organization": null,
        "abstract": NaN,
        "email": null,
        "conf": "International Conference on Telecommunications",
        "coauthors": [
            "a. picart",
            "r. pyndiah",
            "a. goalic"
        ],
        "keywords": "Channel Capacity,Low Complexity,"
    },
    {
        "id": 5494,
        "label": "879",
        "author": "Rong Zhou",
        "title": "Low-Complexity High-Rate Reed--Solomon Block Turbo Codes",
        "organization": null,
        "abstract": NaN,
        "email": null,
        "conf": "IEEE Transactions on Communications",
        "coauthors": [
            "raphaël le bidan",
            "r. pyndiah",
            "a. goalic"
        ],
        "keywords": "Low Complexity,Turbo Code,Reed Solomon,"
    },
    {
        "id": 5495,
        "label": "880",
        "author": "Rong Zhou",
        "title": "A Fast Accuracy Crystal Identification Method Based on Fuzzy C-Means (FCM) Clustering Algorithm for MicroPET",
        "organization": null,
        "abstract": NaN,
        "email": null,
        "conf": "International Conference on BioMedical Engineering and Informatics",
        "coauthors": [
            "xiaowen kang",
            "xishan sun",
            "shi wang",
            "yaqiang liu",
            "yan xia",
            "zhaoxia wu",
            "yongjie jin"
        ],
        "keywords": "Cluster Algorithm,Fuzzy C Mean,"
    },
    {
        "id": 5496,
        "label": "881",
        "author": "Rong Zhou",
        "title": "Simulating the generic job shop as a multi-agent system",
        "organization": null,
        "abstract": NaN,
        "email": null,
        "conf": "International Journal of Intelligent Systems Technologies and Applications",
        "coauthors": [
            "h. p. lee",
            "a. y. c. nee"
        ],
        "keywords": "Job Shop,Multi Agent System,"
    },
    {
        "id": 5497,
        "label": "881",
        "author": "Rong Zhou",
        "title": "Applying Ant Colony Optimisation (ACO) algorithm to dynamic job shop scheduling problems",
        "organization": null,
        "abstract": NaN,
        "email": null,
        "conf": "International Journal of Manufacturing Research",
        "coauthors": [
            "h. p. lee",
            "a. y. c. nee"
        ],
        "keywords": "Ant Colony Optimisation,Job Shop Scheduling Problem,"
    }
]