[
    {
        "id": 5634,
        "label": "897",
        "author": "Rui Zhou",
        "title": "Location-Based Botany Guide: A Prototype of Web-Based Tracking and Guiding",
        "organization": null,
        "abstract": NaN,
        "email": null,
        "conf": "MOBILe Wireless MiddleWARE",
        "coauthors": [
            "gerhard schneider"
        ],
        "keywords": null
    },
    {
        "id": 5635,
        "label": "898",
        "author": "Rui Zhou",
        "title": "UCAV path planning based on Ant Colony Optimization and satisficing decision algorithm",
        "organization": null,
        "abstract": NaN,
        "email": null,
        "conf": "IEEE Congress on Evolutionary Computation",
        "coauthors": [
            "haibin duan",
            "yaxiang yu"
        ],
        "keywords": "Ant Colony Optimization,Path Planning,"
    },
    {
        "id": 5636,
        "label": "899",
        "author": "Rui Zhou",
        "title": "Foldable subunits of helix protein",
        "organization": null,
        "abstract": NaN,
        "email": null,
        "conf": "Computational Biology and Chemistry / Computers & Chemistry",
        "coauthors": [
            "yi he",
            "yanzhao huang",
            "yi xiao"
        ],
        "keywords": null
    },
    {
        "id": 5637,
        "label": "900",
        "author": "Rui Zhou",
        "title": "MICE: An Efficient Grid Scheme for Mathematical Computing",
        "organization": null,
        "abstract": NaN,
        "email": null,
        "conf": "Asia-Pacific Services Computing Conference",
        "coauthors": [
            "yang yi",
            "li liu",
            "lian li",
            "zhenfang li"
        ],
        "keywords": null
    },
    {
        "id": 5638,
        "label": "901",
        "author": "Rui Zhou",
        "title": "A Kind of New Strengthening Buffer Operator and Its Characteristics",
        "organization": null,
        "abstract": NaN,
        "email": null,
        "conf": "Database Technology and Applications",
        "coauthors": [
            "jun-jie li",
            "yong wei"
        ],
        "keywords": null
    }
]