[
    {
        "id": 5642,
        "label": "903",
        "author": "Ryan Williams",
        "title": "ComicKit: acquiring story scripts using common sense feedback",
        "organization": null,
        "abstract": "At the Media Lab we are developing a resource called StoryNet, a very-large database of story scripts that can be used for commonsense reasoning by computers. This paper introduces ComicKit, an interface for acquiring StoryNet scripts from casual internet users. The core element of the interface is its ability to dynamically make common-sense suggestions that guide user story construction. We",
        "email": null,
        "conf": "Intelligent User Interfaces",
        "coauthors": [
            "barbara barry",
            "push singh"
        ],
        "keywords": "Case Base Reasoning,Common Sense,Commonsense Reasoning,Knowledge Acquisition,User Study,Very Large Database,"
    }
]