[
    {
        "id": 5644,
        "label": "904",
        "author": "Ryotaro Hayashi",
        "title": "Relevancy-based access control and its evaluation on versioned XML documents",
        "organization": null,
        "abstract": "Integration of version and access control of XML documents has the benefit of regulating access to rapidly growing archives of XML documents. Versioned XML documents provide us with valuable information on dependencies between document nodes, but, at the same time, presenting the risk of undesirable data disclosure. In this article, we introduce the notion of relevancy-based access control, which realizes",
        "email": null,
        "conf": "ACM Transactions on Information and System Security",
        "coauthors": [
            "mizuho iwaihara",
            "somchai chatvichienchai",
            "chutiporn anutariya",
            "vilas wuwongse"
        ],
        "keywords": "Access Control Policy,It Evaluation,Query Language,Version Control,Xml Document,Access Control,"
    }
]