[
    {
        "id": 5646,
        "label": "905",
        "author": "S&eacute;bastien Roy",
        "title": "Lowering Error Floor of LDPC Codes Using a Joint Row-Column Decoding Algorithm",
        "organization": null,
        "abstract": NaN,
        "email": null,
        "conf": "IEEE International Conference on Communications",
        "coauthors": [
            "zhiyong he",
            "paul fortier"
        ],
        "keywords": "ldpc code,"
    },
    {
        "id": 5647,
        "label": "905",
        "author": "S&eacute;bastien Roy",
        "title": "The Impact of Interference in a Distributed Base Station Scheme Managed by an Agent System",
        "organization": null,
        "abstract": NaN,
        "email": null,
        "conf": "International Conference on Computer Communications and Networks",
        "coauthors": [
            "philippe leroux",
            "jean-yves chouinard"
        ],
        "keywords": "Agent Systems,Base Station,"
    },
    {
        "id": 5648,
        "label": "905",
        "author": "S&eacute;bastien Roy",
        "title": "A Codesign Prototyping Framework for Wireless LAN Transceivers with Smart Antennas",
        "organization": null,
        "abstract": NaN,
        "email": null,
        "conf": "International Conference on Computer Communications and Networks",
        "coauthors": [
            "jean-françois boudreault",
            "louis dupont"
        ],
        "keywords": "Smart Antenna,Wireless Lan,"
    },
    {
        "id": 5649,
        "label": "905",
        "author": "S&eacute;bastien Roy",
        "title": "A FPGA implementation of an elliptic curve cryptosystem",
        "organization": null,
        "abstract": NaN,
        "email": null,
        "conf": "IEEE International Symposium on Circuits and Systems",
        "coauthors": [
            "louis dupont",
            "jean-yves chouinard"
        ],
        "keywords": "elliptic curve cryptosystem,fpga implementation,"
    },
    {
        "id": 5650,
        "label": "905",
        "author": "S&eacute;bastien Roy",
        "title": "High-speed and low-power design of parallel turbo decoder",
        "organization": null,
        "abstract": NaN,
        "email": null,
        "conf": "IEEE International Symposium on Circuits and Systems",
        "coauthors": [
            "zhiyong he",
            "paul fortier"
        ],
        "keywords": "High Speed,Low Power Design,Turbo Decoding,"
    },
    {
        "id": 5651,
        "label": "905",
        "author": "S&eacute;bastien Roy",
        "title": "Encoder architecture with throughput over 10 Gbit/sec for quasi-cyclic LDPC codes",
        "organization": null,
        "abstract": NaN,
        "email": null,
        "conf": "IEEE International Symposium on Circuits and Systems",
        "coauthors": [
            "zhiyong he",
            "paul fortier"
        ],
        "keywords": "ldpc code,Quasi Cyclic,"
    },
    {
        "id": 5652,
        "label": "905",
        "author": "S&eacute;bastien Roy",
        "title": "FPGA Implementation of LDPC Decoders Based on Joint Row-column Decoding Algorithm",
        "organization": null,
        "abstract": NaN,
        "email": null,
        "conf": "IEEE International Symposium on Circuits and Systems",
        "coauthors": [
            "zhiyong he",
            "paul fortier"
        ],
        "keywords": "fpga implementation,"
    },
    {
        "id": 5653,
        "label": "905",
        "author": "S&eacute;bastien Roy",
        "title": "An efficient regular matrix inversion circuit architecture for MIMO processing",
        "organization": null,
        "abstract": NaN,
        "email": null,
        "conf": "IEEE International Symposium on Circuits and Systems",
        "coauthors": [
            "isabelle laroche"
        ],
        "keywords": "Matrix Inversion,"
    },
    {
        "id": 5654,
        "label": "905",
        "author": "S&eacute;bastien Roy",
        "title": "Adapting the strongly-connected trellis concept for use with trellis-coded modulation",
        "organization": null,
        "abstract": NaN,
        "email": null,
        "conf": "Information Theory and Applications",
        "coauthors": [
            "paul fortier"
        ],
        "keywords": "Trellis Coded Modulation,"
    },
    {
        "id": 5655,
        "label": "905",
        "author": "S&eacute;bastien Roy",
        "title": "An Agent System to Manage Mobile Connections in a Distributed Base Station Scheme",
        "organization": null,
        "abstract": NaN,
        "email": null,
        "conf": "IEEE International Symposium on Personal, Indoor and Mobile Radio Communications",
        "coauthors": [
            "philippe leroux",
            "jean-yves chouinard"
        ],
        "keywords": "Agent Systems,Base Station,"
    },
    {
        "id": 5656,
        "label": "905",
        "author": "S&eacute;bastien Roy",
        "title": "The Performance of Soft Macrodiversity Based on Maximal-Ratio Combining in Uncorrelated Rician Fading",
        "organization": null,
        "abstract": NaN,
        "email": null,
        "conf": "IEEE International Symposium on Personal, Indoor and Mobile Radio Communications",
        "coauthors": [
            "philippe leroux",
            "jean-yves chouinard"
        ],
        "keywords": "Maximal Ratio Combiner,"
    },
    {
        "id": 5657,
        "label": "905",
        "author": "S&eacute;bastien Roy",
        "title": "Synergetic cooperation in a distributed base station system",
        "organization": null,
        "abstract": "Cooperation in wireless communications is an at- tractive means to gain spectral efficiency or diversity. Typically, cooperation is studied at the level of an individual end-to-end link. On the other hand, the primary goal of the the protocol proposed herein is not the improvement of individual link quality, but rather to improve global resource utilization throughout the network in the",
        "email": null,
        "conf": "IEEE International Symposium on Personal, Indoor and Mobile Radio Communications",
        "coauthors": [
            "philippe leroux",
            "jean-yves chouinard"
        ],
        "keywords": "Agent Systems,Link Quality,Quality of Service,Resource Availability,Resource Utilization,Spectral Efficiency,Synergistic Effect,Wireless Communication,Base Station,"
    },
    {
        "id": 5658,
        "label": "905",
        "author": "S&eacute;bastien Roy",
        "title": "Distributed Power Control with Multiple Agents in a Distributed Base Station Scheme Using Macrodiversity",
        "organization": null,
        "abstract": NaN,
        "email": null,
        "conf": "Self-Stabilizing Systems",
        "coauthors": [
            "philippe leroux"
        ],
        "keywords": "Base Station,Power Control,"
    },
    {
        "id": 5659,
        "label": "905",
        "author": "S&eacute;bastien Roy",
        "title": "Experimental Antenna Array Calibration with ADAptive LInear Neuron (ADALINE) Network",
        "organization": null,
        "abstract": NaN,
        "email": null,
        "conf": "Vehicular Technology Conference",
        "coauthors": [
            "hugo bertrand",
            "dominic grenier"
        ],
        "keywords": "Antenna Array,"
    },
    {
        "id": 5660,
        "label": "905",
        "author": "S&eacute;bastien Roy",
        "title": "An Efficient VLSI Architecture of a Layered Space-Time Receiver",
        "organization": null,
        "abstract": NaN,
        "email": null,
        "conf": "Vehicular Technology Conference",
        "coauthors": [
            "isabelle laroche"
        ],
        "keywords": "Vlsi Architecture,Layered Space Time,"
    },
    {
        "id": 5661,
        "label": "905",
        "author": "S&eacute;bastien Roy",
        "title": "A Semi-Analytic Method for BER Performance of Rake-Based UWB Receivers",
        "organization": null,
        "abstract": NaN,
        "email": null,
        "conf": "IEEE Wireless Communications & Networking Conference",
        "coauthors": [
            "michel thériault",
            "leslie ann rusch",
            "paul fortier"
        ],
        "keywords": "Analytical Method,"
    },
    {
        "id": 5662,
        "label": "905",
        "author": "S&eacute;bastien Roy",
        "title": "Low-Power 2.4 GHz Wake-Up Radio for Wireless Sensor Networks",
        "organization": null,
        "abstract": NaN,
        "email": null,
        "conf": "Wireless and Moble Computing",
        "coauthors": [
            "philippe le-huy"
        ],
        "keywords": "Low Power,Wireless Sensor Network,"
    },
    {
        "id": 5663,
        "label": "905",
        "author": "S&eacute;bastien Roy",
        "title": "An end-to-end prototyping framework for compliant wireless LAN transceivers with smart antennas",
        "organization": null,
        "abstract": NaN,
        "email": null,
        "conf": "Computer Communications",
        "coauthors": [
            "jean-françois boudreault",
            "louis dupont"
        ],
        "keywords": "Smart Antenna,Wireless Lan,"
    },
    {
        "id": 5664,
        "label": "905",
        "author": "S&eacute;bastien Roy",
        "title": "Low-Power Wake-Up Radio for Wireless Sensor Networks",
        "organization": null,
        "abstract": NaN,
        "email": null,
        "conf": "Mobile Networks and Applications",
        "coauthors": [
            "philippe le-huy"
        ],
        "keywords": "Low Power,Wireless Sensor Network,"
    },
    {
        "id": 5665,
        "label": "905",
        "author": "S&eacute;bastien Roy",
        "title": "Experimental antenna array calibration with artificial neural networks",
        "organization": null,
        "abstract": NaN,
        "email": null,
        "conf": "Signal Processing",
        "coauthors": [
            "hugo bertrand",
            "dominic grenier"
        ],
        "keywords": "Antenna Array,Artificial Neural Network,"
    },
    {
        "id": 5666,
        "label": "905",
        "author": "S&eacute;bastien Roy",
        "title": "Highly-Parallel Decoding Architectures for Convolutional Turbo Codes",
        "organization": null,
        "abstract": NaN,
        "email": null,
        "conf": "IEEE Transactions on Very Large Scale Integration Systems",
        "coauthors": [
            "zhiyong he",
            "paul fortier"
        ],
        "keywords": "Turbo Code,"
    },
    {
        "id": 5667,
        "label": "905",
        "author": "S&eacute;bastien Roy",
        "title": "Maximal-ratio combining architectures and performance with channel estimation based on a training sequence",
        "organization": null,
        "abstract": NaN,
        "email": null,
        "conf": "IEEE Transactions on Wireless Communications",
        "coauthors": [
            "paul fortier"
        ],
        "keywords": "Channel Estimation,Maximal Ratio Combiner,"
    },
    {
        "id": 5668,
        "label": "905",
        "author": "S&eacute;bastien Roy",
        "title": "A closed-form analysis of fading envelope correlation across a wideband basestation array",
        "organization": null,
        "abstract": NaN,
        "email": null,
        "conf": "IEEE Transactions on Wireless Communications",
        "coauthors": [
            "paul fortier"
        ],
        "keywords": null
    }
]