[
    {
        "id": 5670,
        "label": "906",
        "author": "S. Srinivasa Rao",
        "title": "Privacy Preserving in Clustering using Fuzzy Sets",
        "organization": null,
        "abstract": NaN,
        "email": null,
        "conf": "Int. Conf. on Data Mining",
        "coauthors": [
            "k. v. s. v. n. raju",
            "p. kusuma kumari"
        ],
        "keywords": "Fuzzy Set,Privacy Preservation,"
    },
    {
        "id": 5671,
        "label": "906",
        "author": "S. Srinivasa Rao",
        "title": "A Graph Based Approach to Extract a Neighborhood Customer Community for Collaborative Filtering",
        "organization": null,
        "abstract": NaN,
        "email": null,
        "conf": "Databases in Networked Information Systems",
        "coauthors": [
            "p. krishna reddy",
            "masaru kitsuregawa",
            "p. sreekanth"
        ],
        "keywords": "Collaborative Filtering,"
    }
]