[
    {
        "id": 5673,
        "label": "907",
        "author": "S. Venkatesan",
        "title": "Three Degree of Freedom Tracking in Realtime Using a Wrist-Mounted Laser Range Finder",
        "organization": null,
        "abstract": NaN,
        "email": null,
        "conf": "Intelligent Autonomous Systems",
        "coauthors": [
            "c. archibald"
        ],
        "keywords": "Degree of Freedom,Laser Range Finder,"
    },
    {
        "id": 5674,
        "label": "908",
        "author": "S. Venkatesan",
        "title": "Hardware/software cosynthesis: multiple constraint satisfaction and component retrieval",
        "organization": null,
        "abstract": NaN,
        "email": null,
        "conf": "International Conference on Engineering of Complex Computer Systems",
        "coauthors": [
            "r. miller",
            "h. carter",
            "k. davis"
        ],
        "keywords": "Multiple Constraints,"
    },
    {
        "id": 5675,
        "label": "909",
        "author": "S. Venkatesan",
        "title": "Recovery model for free-roaming mobile agent against multiple attacks",
        "organization": null,
        "abstract": "In the free-roaming mobile agent system, the recovery model is complicated then the itinerary mobile agent systems and the distributed Database environment. This paper proposes the recovery model for free-roaming mobile agent and its collected offers by the k-response methods to improve the tolerance of the agent failure or occupied by the malicious host. In the k-response model it is",
        "email": null,
        "conf": "International Conference on Mobile Multimedia Communications",
        "coauthors": [
            "c. chellappan"
        ],
        "keywords": "Distributed Database,Malicious Host,Mobile Agent,Mobile Agent System,"
    },
    {
        "id": 5676,
        "label": "909",
        "author": "S. Venkatesan",
        "title": "Protecting free-roaming mobile agent against multiple colluded truncation attacks",
        "organization": null,
        "abstract": "Mobile agent environment is one of the emerging technology to reduce the network traffic. Various security issues are identified and protected. Now the new security issue in this environment is the multiple colluded truncation attacks in the Free-roaming mobile agents. This paper proposes the identity verification mechanism to protect the multiple colluded truncation attacks The identification is verified from the",
        "email": null,
        "conf": "International Conference on Mobile Multimedia Communications",
        "coauthors": [
            "c. chellappan"
        ],
        "keywords": "Emerging Technology,Mobile Agent,Network Traffic,"
    },
    {
        "id": 5677,
        "label": "909",
        "author": "S. Venkatesan",
        "title": "Generating routing table for free roaming mobile agent in distributed environment",
        "organization": null,
        "abstract": NaN,
        "email": null,
        "conf": "Computer Standards & Interfaces",
        "coauthors": [
            "c. chellappan"
        ],
        "keywords": "Distributed Environment,Mobile Agent,"
    },
    {
        "id": 5678,
        "label": "909",
        "author": "S. Venkatesan",
        "title": "Performance analysis of mobile agent failure recovery in e-service applications",
        "organization": null,
        "abstract": NaN,
        "email": null,
        "conf": "Computer Standards & Interfaces",
        "coauthors": [
            "c. chellappan",
            "p. dhavachelvan"
        ],
        "keywords": "Failure Recovery,Mobile Agent,Performance Analysis,"
    }
]