[
    {
        "id": 5694,
        "label": "913",
        "author": "Salvatore Orlando",
        "title": "Failure classification and analysis of the Java Virtual Machine",
        "organization": null,
        "abstract": "Abstract—This paper presents a failure analy- sis of the Java Virtual Machine in order to pro- vide useful insigths into the nature of reported failures and to improve the understanding of de- pendability aspects of the Java Virtual Machine. Failure data are extracted, in the form of reports, from publicly available bug databases, where de- velopers and users of Java",
        "email": null,
        "conf": "International Conference on Distributed Computing Systems",
        "coauthors": [
            "domenico cotroneo",
            "stefano russo"
        ],
        "keywords": "Active Fault,Error Detection,Java Virtual Machine,Operating System,Garbage Collector,Just In Time,"
    },
    {
        "id": 5695,
        "label": "913",
        "author": "Salvatore Orlando",
        "title": "Java Virtual Machine Monitoring for Dependability Benchmarking",
        "organization": null,
        "abstract": "A monitoring infrastructure is a key component in each task aimed at evaluating the dependability of a system. This paper presents a monitoring infrastructure for the Java Virtual Machine (JVM), which is starting to be employed in mission and safety critical application, often with real-time requirements. This infrastructure, named JVMMon, collects data about both the state and the failures of",
        "email": null,
        "conf": "Object-Oriented Real-Time Distributed Computing",
        "coauthors": [
            "stefano russo"
        ],
        "keywords": "Java Virtual Machine,Virtual Machine,Real Time,"
    },
    {
        "id": 5696,
        "label": "913",
        "author": "Salvatore Orlando",
        "title": "Characterizing Aging Phenomena of the Java Virtual Machine",
        "organization": null,
        "abstract": "n this work we investigate software aging phenomena inside the Java Virtual Machine (JVM). Starting from an experimental campaign on real world testbeds, this work isolates the contribution of the JVM to the overall aging trend, and identifies, through statistical methods, which workload parameters are more relevant to aging dynamics. Experimental results show that the Sun Hotpost JVM experiences software",
        "email": null,
        "conf": "Symposium on Reliable Distributed Systems",
        "coauthors": [
            "domenico cotroneo",
            "stefano russo"
        ],
        "keywords": "Java Virtual Machine,Just In Time Compiler,Statistical Method,Garbage Collector,"
    }
]