[
    {
        "id": 5698,
        "label": "914",
        "author": "Sangho Kim",
        "title": "Multiobjective Optimization Using Adjoint Gradient Enhanced Approximation Models for Genetic Algorithms",
        "organization": null,
        "abstract": NaN,
        "email": null,
        "conf": "Computational Science and Its Applications",
        "coauthors": [
            "hyoung-seog chung"
        ],
        "keywords": "Genetic Algorithm,multiobjective optimization,"
    },
    {
        "id": 5699,
        "label": "915",
        "author": "Sangho Kim",
        "title": "RoF Technologies for In-Building Wireless Systems",
        "organization": null,
        "abstract": NaN,
        "email": null,
        "conf": "Ieice Transactions",
        "coauthors": [
            "seongtaek hwang",
            "hoon kim",
            "byungjik kim",
            "sung kee kim",
            "jaehoon lee",
            "hanlim lee",
            "yonggyoo kim",
            "gyuwoong lee",
            "oh yunje"
        ],
        "keywords": "Wireless Systems,"
    }
]