[
    {
        "id": 5708,
        "label": "918",
        "author": "Santanu Sarkar",
        "title": "An 8bit 1.8 V 500 MS/s CMOS DAC with a novel four-stage current steering architecture",
        "organization": null,
        "abstract": NaN,
        "email": null,
        "conf": "IEEE International Symposium on Circuits and Systems",
        "coauthors": [
            "ravi sankar prasad",
            "sanjoy kumar dey",
            "vinay belde",
            "swapna banerjee"
        ],
        "keywords": null
    }
]