[
    {
        "id": 5716,
        "label": "922",
        "author": "Saurabh Srivastava",
        "title": "Analysis of confocal microendoscope images for automatic detection of ovarian cancer",
        "organization": null,
        "abstract": NaN,
        "email": null,
        "conf": "International Conference on Image Processing",
        "coauthors": [
            "jeffrey j. rodriguez",
            "andrew r. rouse",
            "molly a. brewer",
            "arthur f. gmitro"
        ],
        "keywords": "Automatic Detection,Ovarian Cancer,"
    }
]