[
    {
        "id": 5758,
        "label": "931",
        "author": "Seung-Jin Lee",
        "title": "A New Wavelet-Based Digital Watermarking Using Human Visual System and Subband Adaptive Threshold",
        "organization": null,
        "abstract": NaN,
        "email": null,
        "conf": "Image Processing, Image Quality, Image Capture Systems Conference",
        "coauthors": [
            "in-sung ha",
            "seong geun kwon",
            "ki-ryong kwon",
            "kuhn-il lee"
        ],
        "keywords": "adaptive thresholding,Digital Watermark,Human Visual System,"
    },
    {
        "id": 5759,
        "label": "931",
        "author": "Seung-Jin Lee",
        "title": "Selective Multi-Resolution Motion Estimation Using Half-pixel Accuracy and Characteristics of Motion Vectors",
        "organization": null,
        "abstract": NaN,
        "email": null,
        "conf": "Image Processing, Image Quality, Image Capture Systems Conference",
        "coauthors": [
            "seong geun kwon",
            "suk hwan lee",
            "jong-won lee",
            "in-sung ha",
            "kuhn-il lee"
        ],
        "keywords": "Motion Estimation,Multi Resolution,Motion Vector,"
    },
    {
        "id": 5760,
        "label": "931",
        "author": "Seung-Jin Lee",
        "title": "Postprocessing Algorithm for Quantization Noise Reduction Using Block Classification and Adaptive Filtering",
        "organization": null,
        "abstract": NaN,
        "email": null,
        "conf": "Image Processing, Image Quality, Image Capture Systems Conference",
        "coauthors": [
            "suk hwan lee",
            "seong geun kwon",
            "jong-won lee",
            "kuhn-il lee"
        ],
        "keywords": "Adaptive Filter,Quantization Noise,"
    },
    {
        "id": 5761,
        "label": "931",
        "author": "Seung-Jin Lee",
        "title": "A New Bocking Artifact Reduction Algorithm Using Adaptive Filter Based on the Classification of Block Boundary Area",
        "organization": null,
        "abstract": NaN,
        "email": null,
        "conf": "Image Processing, Image Quality, Image Capture Systems Conference",
        "coauthors": [
            "jong-won lee",
            "gun woo lee",
            "suk hwan lee",
            "seong geun kwon",
            "kuhn-il lee"
        ],
        "keywords": "Adaptive Filter,"
    },
    {
        "id": 5763,
        "label": "933",
        "author": "Seung-Jin Lee",
        "title": "Development of Requirement Driven Design Concept Selection Process in Aerospace System",
        "organization": null,
        "abstract": NaN,
        "email": null,
        "conf": "Computational Science and Its Applications",
        "coauthors": [
            "hyeong-uk park",
            "mee-young park",
            "jae-woo lee",
            "yung-hwan byun"
        ],
        "keywords": null
    }
]