[
    {
        "id": 5755,
        "label": "930",
        "author": "Seungjin Lee",
        "title": "A Metal Model Approach using UML for Task Assignment Policy in Software Process",
        "organization": null,
        "abstract": NaN,
        "email": null,
        "conf": "Asia-Pacific Software Engineering Conference",
        "coauthors": [
            "junho shim",
            "chisu wu"
        ],
        "keywords": "Software Process,Task Assignment,"
    },
    {
        "id": 5756,
        "label": "930",
        "author": "Seungjin Lee",
        "title": "PROMOD: A Modeling Tool for Product Ontology",
        "organization": null,
        "abstract": NaN,
        "email": null,
        "conf": "Data Engineering Issues in E-Commerce",
        "coauthors": [
            "kyunghwa kim",
            "moonhee tark",
            "hyunja lee",
            "junho shim",
            "junsoo lee"
        ],
        "keywords": "Modeling Tool,"
    },
    {
        "id": 5757,
        "label": "930",
        "author": "Seungjin Lee",
        "title": "A Unified Approach for Software Policy Modeling: Incorporating Implementation into a Modeling Methodology",
        "organization": null,
        "abstract": NaN,
        "email": null,
        "conf": "Object-Oriented and Entity-Relationship Modelling/International Conference on Conceptual Modeling / the Entity Relationship Approach",
        "coauthors": [
            "junho shim",
            "chisu wu"
        ],
        "keywords": "Modeling Methodology,"
    },
    {
        "id": 5762,
        "label": "932",
        "author": "Seungjin Lee",
        "title": "Motion Duplication Control for Distributed Dynamic Systems by Natural Damping",
        "organization": null,
        "abstract": "Abstract— This paper,proposes,a motion,duplication,control scheme, which not only synchronizes motions between two distributed separate dynamic,systems but also perfectly preserves prescribed,dynamics. The proposed,scheme,sophisticatedly uti- lizes two-way Smith predictor to meet the simultaneous,purposes. Closed loop behavior is mathematically investigated, and stability via natural damping and robustness are analyzed over the system, by examining,the characteristic equation,with delay components. Ways,to compute,robust stability margins,are presented,under",
        "email": null,
        "conf": "International Conference on Robotics and Automation",
        "coauthors": [
            "joono cheong",
            "jung kim"
        ],
        "keywords": "Characteristic Equation,Distribution Dynamics,Dynamic System,Robust Stability,Smith Predictor,"
    }
]