[
    {
        "id": 5765,
        "label": "934",
        "author": "Shahbaz Khan",
        "title": "Analysing complex behaviour of hydrological systems through a system dynamics approach",
        "organization": null,
        "abstract": NaN,
        "email": null,
        "conf": "Environmental Modelling and Software",
        "coauthors": [
            "luo yufeng",
            "aftab ahmad"
        ],
        "keywords": "System Dynamics,"
    },
    {
        "id": 5766,
        "label": "935",
        "author": "Shahbaz Khan",
        "title": "Resolving Lexical Ambiguities in Folksonomy Based Search Systems through Common Sense and Personalization",
        "organization": null,
        "abstract": NaN,
        "email": null,
        "conf": "European Semantic Web Symposium / Conference",
        "coauthors": [
            "mohammad nauman",
            "muhammad amin",
            "fida hussain"
        ],
        "keywords": "Common Sense,"
    },
    {
        "id": 5767,
        "label": "935",
        "author": "Shahbaz Khan",
        "title": "Using PersonalizedWeb Search for Enhancing Common Sense and Folksonomy Based Intelligent Search Systems",
        "organization": null,
        "abstract": NaN,
        "email": null,
        "conf": "Web Intelligence",
        "coauthors": [
            "mohammad nauman"
        ],
        "keywords": "Common Sense,"
    }
]