[
    {
        "id": 5798,
        "label": "941",
        "author": "Shaolei Feng",
        "title": "Mosaic Representations of Video Shots Based on Slice Image Analysis",
        "organization": null,
        "abstract": NaN,
        "email": null,
        "conf": "Machine Vision Applications",
        "coauthors": [
            "hanqing lu",
            "dalong li"
        ],
        "keywords": "Image Analysis,"
    },
    {
        "id": 5799,
        "label": "941",
        "author": "Shaolei Feng",
        "title": "Mosaic representations of video sequences based on slice image analysis",
        "organization": null,
        "abstract": "There has been a lot of activity recently surrounding the mosaic representation of video sequences. However, existing mosaic methods have in general a strong limitation. They are prone to converge to a local minimum in least-squares estimation, especially when large image motion exists between two consecutive frames or there are too many outliers, for example, when large moving objects appear",
        "email": null,
        "conf": "Pattern Recognition Letters",
        "coauthors": [
            "hanqing lu",
            "songde ma"
        ],
        "keywords": "Image Analysis,Least Squares Estimate,Moving Object,"
    }
]