[
    {
        "id": 5801,
        "label": "942",
        "author": "Shen Lin",
        "title": "Facilitating Gossip Programming with the GossipKit Framework",
        "organization": null,
        "abstract": "Gossip protocols have been successfully applied in the last few years to address a wide range of functionalities. So far, however, very few software frameworks have been proposed to ease the development and deployment of these gossip protocols. To address this issue, this paper presents GossipKit, an event-driven framework that provides a generic and extensible architecture for the development of",
        "email": null,
        "conf": "Distributed Applications and Interoperable Systems",
        "coauthors": [
            "françois taïani",
            "gordon s. blair"
        ],
        "keywords": "Code Reuse,Component Framework,Gossip Protocol,Interaction Model,Middleware,Software Framework,"
    },
    {
        "id": 5802,
        "label": "942",
        "author": "Shen Lin",
        "title": "Exploiting Synergies between Coexisting Overlays",
        "organization": null,
        "abstract": "Overlay networks have emerged as a powerful paradigm to realise a large range of distributed services. However, as the number of overlays grows and the systems that use them become more intercon- nected, overlays must increasingly co-exist within the same infrastruc- ture. When this happens, overlays have to compete for limited resources, which causes negative interferences. This paper takes an",
        "email": null,
        "conf": "Distributed Applications and Interoperable Systems",
        "coauthors": [
            "françois taïani",
            "gordon s. blair"
        ],
        "keywords": "Distributed System,Gossip Protocol,Overlay Network,"
    },
    {
        "id": 5803,
        "label": "943",
        "author": "Shen Lin",
        "title": "Quality of Service Routing Network and Performance Evaluation",
        "organization": null,
        "abstract": NaN,
        "email": null,
        "conf": "International Conference on Networking",
        "coauthors": [
            "yong cui",
            "mingwei xu",
            "ke xu"
        ],
        "keywords": "Performance Evaluation,Quality of Service Routing,"
    },
    {
        "id": 5804,
        "label": "944",
        "author": "Shen Lin",
        "title": "Optimal Merging of 2 Elements with n Elements",
        "organization": null,
        "abstract": NaN,
        "email": null,
        "conf": "Acta Informatica",
        "coauthors": [
            "frank k. hwang"
        ],
        "keywords": null
    },
    {
        "id": 5805,
        "label": "944",
        "author": "Shen Lin",
        "title": "Computer Studies of Turing Machine Problems",
        "organization": null,
        "abstract": NaN,
        "email": null,
        "conf": "Journal of The ACM",
        "coauthors": [
            "tibor rado"
        ],
        "keywords": "turing machine,"
    },
    {
        "id": 5806,
        "label": "944",
        "author": "Shen Lin",
        "title": "A Direct Method to Construct Triple Systems",
        "organization": null,
        "abstract": NaN,
        "email": null,
        "conf": "Journal of Combinatorial Theory",
        "coauthors": [
            "frank k. hwang"
        ],
        "keywords": "Direct Method,"
    },
    {
        "id": 5807,
        "label": "944",
        "author": "Shen Lin",
        "title": "Neighbor Designs",
        "organization": null,
        "abstract": NaN,
        "email": null,
        "conf": "Journal of Combinatorial Theory",
        "coauthors": [
            "frank k. hwang"
        ],
        "keywords": null
    },
    {
        "id": 5808,
        "label": "944",
        "author": "Shen Lin",
        "title": "Distribution of Integers into k-tuples with Prescribed Conditions",
        "organization": null,
        "abstract": NaN,
        "email": null,
        "conf": "Journal of Combinatorial Theory",
        "coauthors": [
            "frank k. hwang"
        ],
        "keywords": null
    },
    {
        "id": 5809,
        "label": "944",
        "author": "Shen Lin",
        "title": "A Simple Algorithm for Merging Two Disjoint Linearly-Ordered Sets",
        "organization": null,
        "abstract": NaN,
        "email": null,
        "conf": "Siam Journal on Computing",
        "coauthors": [
            "frank k. hwang"
        ],
        "keywords": "Ordered Set,"
    }
]