[
    {
        "id": 5815,
        "label": "947",
        "author": "Shin Yoshizawa",
        "title": "A control framework for the non-invasive ultrasound theragnostic system",
        "organization": null,
        "abstract": NaN,
        "email": null,
        "conf": "International Conference on Intelligent RObots and Systems - IROS",
        "coauthors": [
            "norihiro koizumi",
            "joonho seo",
            "y. suzuki",
            "deukhee lee",
            "kohei ota",
            "a. nomiya",
            "kiyoshi yoshinaka",
            "naohiko sugita",
            "yoichiro matsumoto",
            "y. homma",
            "mamoru mitsuishi"
        ],
        "keywords": "Ultrasound,"
    },
    {
        "id": 5816,
        "label": "947",
        "author": "Shin Yoshizawa",
        "title": "Ultrasound-based visual servoing system for lithotripsy",
        "organization": null,
        "abstract": NaN,
        "email": null,
        "conf": "International Conference on Intelligent RObots and Systems - IROS",
        "coauthors": [
            "deukhee lee",
            "norihiro koizumi",
            "kohei ota",
            "akira ito",
            "yukio kaneko",
            "yoichiro matsumoto",
            "mamoru mitsuishi"
        ],
        "keywords": "Ultrasound,visual servoing,"
    },
    {
        "id": 5817,
        "label": "947",
        "author": "Shin Yoshizawa",
        "title": "A Framework of the Non-invasive Ultrasound Theragnostic System",
        "organization": null,
        "abstract": NaN,
        "email": null,
        "conf": "Medical Imaging and Augmented Reality",
        "coauthors": [
            "norihiro koizumi",
            "deukhee lee",
            "kohei ota",
            "kiyoshi yoshinaka",
            "yoichiro matsumoto",
            "mamoru mitsuishi"
        ],
        "keywords": "Ultrasound,"
    }
]