[
    {
        "id": 5825,
        "label": "951",
        "author": "Shujing Wang",
        "title": "A Flexible Electrode Array for Acute In-Vitro Stimulating on Animal",
        "organization": null,
        "abstract": NaN,
        "email": null,
        "conf": "International Conference on BioMedical Engineering and Informatics",
        "coauthors": [
            "kai guo",
            "weihua pei",
            "xu zhang",
            "lin zhu",
            "qiang gui",
            "hongda chen",
            "yu wang"
        ],
        "keywords": null
    },
    {
        "id": 5826,
        "label": "951",
        "author": "Shujing Wang",
        "title": "Design of Portable MultiChannel EEG Signal Acquisition System",
        "organization": null,
        "abstract": NaN,
        "email": null,
        "conf": "International Conference on BioMedical Engineering and Informatics",
        "coauthors": [
            "lin zhu",
            "haifeng chen",
            "xu zhang",
            "kai guo",
            "yu wang",
            "weihua pei",
            "hongda chen"
        ],
        "keywords": null
    }
]