[
    {
        "id": 5837,
        "label": "954",
        "author": "Simon Kramer",
        "title": "RISPP: Rotating Instruction Set Processing Platform",
        "organization": null,
        "abstract": "Adaptation in embedded processing is key in order to address effi- ciency. The concept of extensible embedded processors works well if a few a-priori known hot spots exist. However, they are far less efficient if many and possible at-design-time-unknown hot spots need to be dealt with. Our RISPP approach advances the extensible processor concept by providing flexibility through run- time",
        "email": null,
        "conf": "Design Automation Conference",
        "coauthors": [
            "lars bauer",
            "muhammad shafique",
            "jörg henkel"
        ],
        "keywords": "Embedded Processor,Embedded System,High Speed,Hot Spot,reconfigurable computing,Video Codec,"
    },
    {
        "id": 5838,
        "label": "955",
        "author": "Simon Kramer",
        "title": "Extracting, specifying and predicting software system properties in component based real-time embedded software development",
        "organization": null,
        "abstract": NaN,
        "email": null,
        "conf": "International Conference on Software Engineering",
        "coauthors": [
            "ji eun kim",
            "oliver rogalla",
            "arne hamann"
        ],
        "keywords": "Embedded Software,Software Systems,"
    }
]