[
    {
        "id": 5828,
        "label": "952",
        "author": "Simon Fischer",
        "title": "Chosen IV Statistical Analysis for Key Recovery Attacks on Stream Ciphers",
        "organization": null,
        "abstract": NaN,
        "email": null,
        "conf": "Progress in Cryptology",
        "coauthors": [
            "shahram khazaei",
            "willi meier"
        ],
        "keywords": "Statistical Analysis,Stream Cipher,"
    },
    {
        "id": 5829,
        "label": "952",
        "author": "Simon Fischer",
        "title": "New Features of Latin Dances: Analysis of Salsa, ChaCha, and Rumba",
        "organization": null,
        "abstract": NaN,
        "email": null,
        "conf": "Fast Software Encryption",
        "coauthors": [
            "jean-philippe aumasson",
            "shahram khazaei",
            "willi meier",
            "christian rechberger"
        ],
        "keywords": null
    },
    {
        "id": 5830,
        "label": "952",
        "author": "Simon Fischer",
        "title": "Algebraic Immunity of S-Boxes and Augmented Functions",
        "organization": null,
        "abstract": NaN,
        "email": null,
        "conf": "Fast Software Encryption",
        "coauthors": [
            "willi meier"
        ],
        "keywords": "Algebraic Immunity,"
    },
    {
        "id": 5831,
        "label": "952",
        "author": "Simon Fischer",
        "title": "Non-randomness in eSTREAM Candidates Salsa20 and TSC-4",
        "organization": null,
        "abstract": NaN,
        "email": null,
        "conf": "INDOCRYPT",
        "coauthors": [
            "willi meier",
            "côme berbain",
            "jean-françois biasse",
            "matthew j. b. robshaw"
        ],
        "keywords": null
    },
    {
        "id": 5832,
        "label": "952",
        "author": "Simon Fischer",
        "title": "Reduced Complexity Attacks on the Alternating Step Generator",
        "organization": null,
        "abstract": "In this paper, we present some reduced complexity attacks on the Alternating Step Generator (ASG). The attacks are based on a quite general framework and mostly ben- efit from the low sampling resistance of the ASG, and of an abnormal behavior related to the distribution of the initial states of the stop/go LFSR's which produce a given segment of the",
        "email": null,
        "conf": "Selected Areas in Cryptography",
        "coauthors": [
            "shahram khazaei",
            "willi meier"
        ],
        "keywords": "Divide and Conquer,Exhaustive Search,Point of View,Stream Cipher,Theoretical Analysis,"
    }
]