[
    {
        "id": 5851,
        "label": "961",
        "author": "Sridhar Ramakrishnan",
        "title": "A Numerical Model Simulating Sound Propagation in Human Thorax",
        "organization": null,
        "abstract": NaN,
        "email": null,
        "conf": "IEEE International Symposium on Biomedical Imaging",
        "coauthors": [
            "satish udpa",
            "lalita udpa"
        ],
        "keywords": "Numerical Model,"
    },
    {
        "id": 5852,
        "label": "961",
        "author": "Sridhar Ramakrishnan",
        "title": "Comments on \"Detection of Distributed Sources Using Sensor Arrays",
        "organization": null,
        "abstract": NaN,
        "email": null,
        "conf": "IEEE Transactions on Signal Processing",
        "coauthors": [
            "satish udpa"
        ],
        "keywords": "Sensor Array,"
    }
]