[
    {
        "id": 5989,
        "label": "979",
        "author": "Stefan Wolf",
        "title": "A flexible environment architecture as a basis for distributed software development",
        "organization": null,
        "abstract": NaN,
        "email": null,
        "conf": "International Software Process Workshop",
        "coauthors": [
            "burkhard peuschel",
            "wilhelm schäfer"
        ],
        "keywords": "Distributed Software Development,"
    },
    {
        "id": 5990,
        "label": "979",
        "author": "Stefan Wolf",
        "title": "A consistency model for team cooperation",
        "organization": null,
        "abstract": NaN,
        "email": null,
        "conf": "International Software Process Workshop",
        "coauthors": [
            "burkhard peuschel",
            "wilhelm schäfer"
        ],
        "keywords": "Consistency Model,"
    },
    {
        "id": 5991,
        "label": "979",
        "author": "Stefan Wolf",
        "title": "Architectural Support for Distributed Process-Centered Software Development Environments",
        "organization": null,
        "abstract": NaN,
        "email": null,
        "conf": "International Software Process Workshop",
        "coauthors": [
            "burkhard peuschel"
        ],
        "keywords": "Distributed Processing,Software Development Environment,"
    },
    {
        "id": 5992,
        "label": "979",
        "author": "Stefan Wolf",
        "title": "Cooperation patterns in PSEEs",
        "organization": null,
        "abstract": NaN,
        "email": null,
        "conf": "International Software Process Workshop",
        "coauthors": [
            "wilhelm schäfer"
        ],
        "keywords": null
    },
    {
        "id": 5993,
        "label": "979",
        "author": "Stefan Wolf",
        "title": "Cooperation Patterns for process-centred Software Development Environments",
        "organization": null,
        "abstract": " : This paper focuses on cooperation support inprocess-centred software development environments. Atransaction-based approach is proposed, which supportsand forces the cooperation of software developers by synchronizingthe concurrent execution of development tasks.The proposed transaction concept uses the knowledge of asoftware process to avoid or resolve concurrency conflicts.Cooperation patterns (which correspond to transactiontypes) are provided whichcanbe applied for executing...",
        "email": null,
        "conf": "Software Engineering and Knowledge Engineering",
        "coauthors": [
            "wilhelm schäfer"
        ],
        "keywords": "Software Development,Software Development Environment,"
    },
    {
        "id": 5994,
        "label": "979",
        "author": "Stefan Wolf",
        "title": "A Knowledge-Based Software Development Environment Supporting Cooperative Work",
        "organization": null,
        "abstract": "The subject of this paper is the description of a process-centered software development environment called MERLIN which monitors and guides teams of software developers and managers in producing software objects. Software objects (or objects for short) include all sorts of documents like the re- quirements analysis, design, code, user manuals, contracts etc. For each user, MERLIN automatically displays a specific",
        "email": null,
        "conf": "International Journal of Software Engineering and Knowledge Engineering",
        "coauthors": [
            "burkhard peuschel",
            "wilhelm schäfer"
        ],
        "keywords": "Cooperative Work,Design Management,Distributed Software Development,Knowledge Base,Software Development,Software Development Environment,Software Process,Software Process Modelling,and Forward,Context Dependent,Rule Based,"
    },
    {
        "id": 5995,
        "label": "979",
        "author": "Stefan Wolf",
        "title": "Software Process Improvement by Business Process Orientation",
        "organization": null,
        "abstract": NaN,
        "email": null,
        "conf": "Software Process: Improvement and Practice",
        "coauthors": [
            "volker gruhn"
        ],
        "keywords": "Business Process,Software Process Improvement,"
    }
]