[
    {
        "id": 5931,
        "label": "973",
        "author": "Stefan Sauer",
        "title": "Connecting Genes with Diseases",
        "organization": null,
        "abstract": NaN,
        "email": null,
        "conf": "International Conference on Information Visualisation",
        "coauthors": [
            "heimo müller",
            "robert reihs",
            "kurt zatloukal",
            "marc streit",
            "alexander lex",
            "bernhard schlegl",
            "dieter schmalstieg"
        ],
        "keywords": null
    },
    {
        "id": 5932,
        "label": "973",
        "author": "Stefan Sauer",
        "title": "Interactive Patient Records",
        "organization": null,
        "abstract": NaN,
        "email": null,
        "conf": "International Conference on Information Visualisation",
        "coauthors": [
            "heimo müller",
            "kurt zatloukal",
            "thomas bauernhofer"
        ],
        "keywords": null
    }
]