[
    {
        "id": 5934,
        "label": "974",
        "author": "Stefan Schiffer",
        "title": "A Fuzzy Set Semantics for Qualitative Fluents in the Situation Calculus",
        "organization": null,
        "abstract": "Specifying the behavior of an intelligent autonomous robot or agent is a non-trivial task. The question is: how can the knowledge of the domain expert be encoded in the agent program? Qualitative rep- resentations in general facilitate to express the knowledge of a domain expert. In this paper, we propose a semantics for qualitative fluents in the situation calculus. Our",
        "email": null,
        "conf": "International Conference on Intelligent Robotics and Applications",
        "coauthors": [
            "alexander ferrein",
            "gerhard lakemeyer"
        ],
        "keywords": "Agent Programming,Autonomous Robot,Fuzzy Set,Situation Calculus,"
    },
    {
        "id": 5935,
        "label": "974",
        "author": "Stefan Schiffer",
        "title": "Randomized trees for real-time one-step face detection and recognition",
        "organization": null,
        "abstract": "We present a system for detecting and recognizing faces in images in real-time which is able to learn new iden- tities in instants. In mobile service robotics, interac- tion with persons is becoming increasingly important, real-time performance is required and the introduction of new persons is a necessary feature for many applica- tions. Although face detection and face recognition are",
        "email": null,
        "conf": "International Conference on Pattern Recognition",
        "coauthors": [
            "vaishak belle",
            "thomas deselaers"
        ],
        "keywords": "Face Detection,Face Recognition,Mobile Service,Random Tree,Support Vector Machine,Random Forest,Real Time,"
    },
    {
        "id": 5936,
        "label": "974",
        "author": "Stefan Schiffer",
        "title": "A Robust Speech Recognition System for Service-Robotics Applications",
        "organization": null,
        "abstract": "Mobile service robots in human environments need to have versatile abilities to perceive and to interact with their environment. Spoken language is a natural way to interact with a robot, in general, and to instruct it, in particula r. However, most existing speech recognition systems often suffer from high envi- ronmental noise present in the target domain and they require",
        "email": null,
        "conf": "RoboCup",
        "coauthors": [
            "masrur doostdar",
            "gerhard lakemeyer"
        ],
        "keywords": "False Positive,Mobile Service,Robust Speech Recognition,Service Robot,Speech Detection,Speech Recognition,Off The Shelf,Speaker Independent,"
    },
    {
        "id": 5937,
        "label": "974",
        "author": "Stefan Schiffer",
        "title": "Robust Collision Avoidance in Unknown Domestic Environments",
        "organization": null,
        "abstract": "Service robots operating in domestic indoor environments must be endowed with a safe collision avoidance and navigation method that is reactive enough to avoid contacts with the furniture of the apart- ment and humans that suddenly appear in front of the robot. Moreover, the method should be local, i.e. should not need a predefined map of the environment. In this",
        "email": null,
        "conf": "RoboCup",
        "coauthors": [
            "stefan jacobs",
            "alexander ferrein",
            "daniel beck",
            "gerhard lakemeyer"
        ],
        "keywords": "Collision Avoidance,Indoor Environment,Laser Range Finder,Service Robot,"
    }
]