[
    {
        "id": 6006,
        "label": "983",
        "author": "Stephen Russell",
        "title": "Assisting decision making in the event-driven enterprise using wavelets",
        "organization": null,
        "abstract": NaN,
        "email": null,
        "conf": "Decision Support Systems",
        "coauthors": [
            "aryya gangopadhyay",
            "victoria y. yoon"
        ],
        "keywords": "Decision Making,"
    },
    {
        "id": 6007,
        "label": "983",
        "author": "Stephen Russell",
        "title": "Applications of wavelet data reduction in a recommender system",
        "organization": null,
        "abstract": NaN,
        "email": null,
        "conf": "Expert Systems With Applications",
        "coauthors": [
            "victoria y. yoon"
        ],
        "keywords": "Data Reduction,recommender system,"
    },
    {
        "id": 6008,
        "label": "984",
        "author": "Stephen Russell",
        "title": "Iterated Reaction Graphs: Simulating Complex Maillard Reaction Pathways",
        "organization": null,
        "abstract": NaN,
        "email": null,
        "conf": "Journal of Chemical Information and Computer Sciences",
        "coauthors": [
            "shail patel",
            "jeremy rabone",
            "jos tissen",
            "werner klaffke"
        ],
        "keywords": "Maillard Reaction,"
    },
    {
        "id": 6009,
        "label": "985",
        "author": "Stephen Russell",
        "title": "Single-user capabilities in interprocess communication",
        "organization": null,
        "abstract": "Many distributed operating systems use interprocess communication (IPC) and data transfer schemes which are optimised for a particular architecture: the workstation/server model. In this model, client processes have full control over data transfer. This paper argues that server controlled data transfer is better suited to systems with a hierarchy of servers distributed across a collection of machines. The system proposed",
        "email": null,
        "conf": "Operating Systems Review",
        "coauthors": [],
        "keywords": "Data Transfer,Distributed Operating System,interprocess communication,"
    },
    {
        "id": 6010,
        "label": "985",
        "author": "Stephen Russell",
        "title": "The Mungi Single-Address-Space Operating System",
        "organization": null,
        "abstract": " Single-address-space operating systems (SASOS) are an attractive model for making the best use of the wide address space provided by the latest generations of microprocessors. SASOS remove the address space boundaries which make data sharing between processes difficult and expensive in traditional operating systems. They offer the potential of significant performance advantages for applications where sharing is important, such as",
        "email": null,
        "conf": "Software - Practice and Experience",
        "coauthors": [
            "gernot heiser",
            "kevin elphinstone",
            "jerry vochteloo",
            "jochen liedtke"
        ],
        "keywords": "Data Sharing,Object Oriented Database,Operating System,"
    }
]