[
    {
        "id": 1255,
        "label": NaN,
        "author": "such themes were",
        "title": NaN,
        "organization": null,
        "abstract": "http://www.vision.jhu.edu/reading_group/2005%20Fei-Fei.pdf,http://dx.doi.org/10.1109/CVPR.2005.16,http://www.vision.caltech.edu/feifeili/Fei-Fei_CVPR2005.pdf,http://visionlab.ece.uiuc.edu/documents/Fei-FeiPerona2005.pdf,http://vision.jhu.edu/reading_group/2005%20Fei-Fei.pdf,http://cs.stanford.edu/groups/vision/documents/Fei-FeiPerona2005.pdf,http://home.in.tum.de/~osendorf/mlcv/papers/Fei-Fei_CVPR2005.pdf,http://www.informatik.uni-trier.de/~ley/db/conf/cvpr/cvpr2005-2.html#LiPT05,http://courses.ece.illinois.edu/ece598/ffl/papers_EE598/Fei-FeiPerona2005.pdf,http://vision.cs.princeton.edu/documents/Fei-FeiPerona2005.pdf,http://people.csail.mit.edu/torralba/courses/6.870/papers/Fei-FeiPerona2005.pdf,http://elderlab.yorku.ca/~elder/teaching/cosc6390psyc6225/readings/Fei-FeiPerona2005.pdf,http://vision.stanford.edu/documents/Fei-FeiPerona2005.pdf,http://fias.uni-frankfurt.de/~triesch/courses/260object/papers/Fei-Fei_CVPR2005.pdf,http://people.ee.duke.edu/~lcarin/Iulian7.28.06a.pdf,http://citeseerx.ist.psu.edu/viewdoc/download?doi=10.1.1.86.7111&rep=rep1&type=pdf",
        "email": null,
        "conf": NaN,
        "coauthors": [
            "Approaches To Learning",
            "bayesian hierarchical model",
            "Natural Scenes",
            "Unsupervised Learning",
            ""
        ],
        "keywords": "2005"
    }
]