[
    {
        "id": 6040,
        "label": "995",
        "author": "Sven Kr&uuml;ger",
        "title": "Sensing and Rating Different Environmental States: States: A basic Approach exemplified on Moving in Unknown Terrain",
        "organization": null,
        "abstract": "It is difficult to describe in an analytical way all dynamical relationships of the ground and a robot or a human. Unexpected environmental changes complicate a safe walking.Therefore it is obvious to develop a method what allows the evaluation of acoustic emissions depending on acting forces in the past and consecutive steps during walking. The analytical evaluation of the relationship",
        "email": null,
        "conf": "GI-Jahrestagung",
        "coauthors": [
            "manfred deutscher",
            "marcel katz"
        ],
        "keywords": "Acoustic Emission,Environmental Change,Support Vector Machine,"
    }
]