[
    {
        "id": 6054,
        "label": "998",
        "author": "Takahiro Matsuda",
        "title": "An Efficient Encapsulation Scheme from Near Collision Resistant Pseudorandom Generators and Its Application to IBE-to-PKE Transformations",
        "organization": null,
        "abstract": NaN,
        "email": null,
        "conf": "The Cryptographer's Track at RSA Conference",
        "coauthors": [
            "goichiro hanaoka",
            "kanta matsuura",
            "hideki imai"
        ],
        "keywords": null
    },
    {
        "id": 6055,
        "label": "998",
        "author": "Takahiro Matsuda",
        "title": "Simple CCA-Secure Public Key Encryption from Any Non-Malleable Identity-Based Encryption",
        "organization": null,
        "abstract": NaN,
        "email": null,
        "conf": "Information Security and Cryptology",
        "coauthors": [
            "goichiro hanaoka",
            "kanta matsuura",
            "hideki imai"
        ],
        "keywords": "Identity Based Encryption,Public Key Encryption,"
    },
    {
        "id": 6056,
        "label": "998",
        "author": "Takahiro Matsuda",
        "title": "Efficient Constructions of Signcryption Schemes and Signcryption Composability",
        "organization": null,
        "abstract": NaN,
        "email": null,
        "conf": "INDOCRYPT",
        "coauthors": [
            "kanta matsuura",
            "jacob c. n. schuldt"
        ],
        "keywords": null
    },
    {
        "id": 6057,
        "label": "998",
        "author": "Takahiro Matsuda",
        "title": "A Generic Construction of Timed-Release Encryption with Pre-open Capability",
        "organization": null,
        "abstract": NaN,
        "email": null,
        "conf": "International Workshop on Security",
        "coauthors": [
            "yasumasa nakai",
            "wataru kitada",
            "kanta matsuura"
        ],
        "keywords": null
    },
    {
        "id": 6058,
        "label": "998",
        "author": "Takahiro Matsuda",
        "title": "A Practical Provider Authentication System for Bidirectional Broadcast Service",
        "organization": null,
        "abstract": NaN,
        "email": null,
        "conf": "Knowledge-Based Intelligent Information & Engineering Systems",
        "coauthors": [
            "goichiro hanaoka",
            "kanta matsuura",
            "hideki imai"
        ],
        "keywords": null
    },
    {
        "id": 6059,
        "label": "998",
        "author": "Takahiro Matsuda",
        "title": "A CDH-Based Strongly Unforgeable Signature Without Collision Resistant Hash Function",
        "organization": null,
        "abstract": NaN,
        "email": null,
        "conf": "Provable Security",
        "coauthors": [
            "nuttapong attrapadung",
            "goichiro hanaoka",
            "kanta matsuura",
            "hideki imai"
        ],
        "keywords": "collision-resistant hash functions,"
    },
    {
        "id": 6060,
        "label": "998",
        "author": "Takahiro Matsuda",
        "title": "A Strongly Unforgeable Signature under the CDH Assumption without Collision Resistant Hash Functions",
        "organization": null,
        "abstract": NaN,
        "email": null,
        "conf": "Ieice Transactions",
        "coauthors": [
            "nuttapong attrapadung",
            "goichiro hanaoka",
            "kanta matsuura",
            "hideki imai"
        ],
        "keywords": "collision-resistant hash functions,"
    }
]