[
    {
        "id": 6110,
        "label": "1005",
        "author": "Thanh Tran",
        "title": "Wavelet-based preconditioners for boundary integral equations",
        "organization": null,
        "abstract": NaN,
        "email": null,
        "conf": "Advances in Computational Mathematics",
        "coauthors": [
            "ernst p. stephan",
            "stefan zaprianov"
        ],
        "keywords": "Boundary Integral Equation,"
    },
    {
        "id": 6111,
        "label": "1005",
        "author": "Thanh Tran",
        "title": "Two-Level Additive Schwarz Preconditioners for the hp Version of the Galerkin Boundary Element Method for 2-d Problems",
        "organization": null,
        "abstract": NaN,
        "email": null,
        "conf": "Computing",
        "coauthors": [
            "ernst p. stephan"
        ],
        "keywords": "additive schwarz preconditioner,Boundary Element Method,"
    },
    {
        "id": 6112,
        "label": "1005",
        "author": "Thanh Tran",
        "title": "Multilevel additive Schwarz method for the hp version of the Galerkin boundary element method",
        "organization": null,
        "abstract": "We study a multilevel additive Schwarz method for the h-p version of the Galerkin boundary element method with geometrically graded meshes. Both hypersingular and weakly singular integral equations of the rst kind are considered. As it is well known the h-p version with geometric meshes con- verges exponentially fast in the energy norm. However, the condition number of the Galerkin",
        "email": null,
        "conf": "Mathematics of Computation",
        "coauthors": [
            "norbert heuer",
            "ernst p. stephan"
        ],
        "keywords": "Additive Schwarz Method,Blow Up,Boundary Element Method,Boundary Integral Equation Method,Condition Number,Multilevel Method,Preconditioned Conjugate Gradient,Singular Integral Equation,"
    }
]