[
    {
        "id": 6116,
        "label": "1007",
        "author": "Thomas Hildmann",
        "title": "Quantitative DNA methylation analysis based on four-dye trace data from direct sequencing of PCR amplificates",
        "organization": null,
        "abstract": "Motivation: Methylation of cytosines in DNA plays an import- ant role in the regulation of gene expression, and the analysis of methylation patterns is fundamental for the understanding of cell differentiation, aging processes, diseases and cancer development. Such analysis has been limited, because tech- nologies for detailed and efficient high-throughput studies have not been available. We have developed a novel",
        "email": null,
        "conf": "Bioinformatics/computer Applications in The Biosciences",
        "coauthors": [
            "jörn lewin",
            "armin o. schmitt",
            "péter adorján",
            "christian piepenbrock"
        ],
        "keywords": "Base Composition,Cell Differentiation,Data Quality,Dna Methylation,Dna Sequence,Regulation of Gene Expression,Direct Sequence,High Throughput,"
    }
]