[
    {
        "id": 6200,
        "label": "1020",
        "author": "Thomas Schneider",
        "title": "Safe and Economic ReUse of Ontologies: A Logic-Based Methodology and Tool Support",
        "organization": null,
        "abstract": "Driven by application requirements and using well-understood theoretical results, we describe a novel methodology and a tool for mod- ular ontology design. We support the user in the safe use of imported symbols and in the economic import of the relevant part of the imported ontology. Both features are supported in a well-understood way: safety guarantees that the semantics of",
        "email": null,
        "conf": "Description Logics",
        "coauthors": [
            "ernesto jiménez-ruiz",
            "bernardo cuenca grau",
            "ulrike sattler",
            "rafael berlanga llavori"
        ],
        "keywords": "Ontology Design,Tool Support,"
    },
    {
        "id": 6201,
        "label": "1020",
        "author": "Thomas Schneider",
        "title": "Which Kind of Module Should I Extract?",
        "organization": null,
        "abstract": "There are various techniques for specifying a module of an on- tology that covers all knowledge about a given set of terms. These dier with respect to the size of the module, the complexity of its computa- tion, and certain robustness properties. In this paper, we survey existing logic-based approaches, focus on syntactic approximations, and compare dierent kinds of modules",
        "email": null,
        "conf": "Description Logics",
        "coauthors": [
            "ulrike sattler",
            "michael zakharyaschev"
        ],
        "keywords": null
    },
    {
        "id": 6202,
        "label": "1020",
        "author": "Thomas Schneider",
        "title": "Safe and Economic ReUse of Ontologies: A Logic-Based Methodology and Tool Support",
        "organization": null,
        "abstract": "Driven by application requirements and using well-understood theoretical results, we describe a novel methodology and a tool for mod- ular ontology design. We support the user in the safe use of imported symbols and in the economic import of the relevant part of the imported ontology. Both features are supported in a well-understood way: safety guarantees that the semantics of",
        "email": null,
        "conf": "Description Logics",
        "coauthors": [
            "ernesto jiménez-ruiz",
            "bernardo cuenca grau",
            "ulrike sattler",
            "rafael berlanga llavori"
        ],
        "keywords": "Ontology Design,Tool Support,"
    },
    {
        "id": 6203,
        "label": "1020",
        "author": "Thomas Schneider",
        "title": "The Complexity of Generalized Satisfiability for Linear Temporal Logic",
        "organization": null,
        "abstract": NaN,
        "email": null,
        "conf": "Electronic Colloquium on Computational Complexity",
        "coauthors": [
            "michael bauland",
            "henning schnoor",
            "ilka schnoor",
            "heribert vollmer"
        ],
        "keywords": "Linear Temporal Logic,Satisfiability,"
    },
    {
        "id": 6204,
        "label": "1020",
        "author": "Thomas Schneider",
        "title": "Minimal Module Extraction from DL-Lite Ontologies Using QBF Solvers",
        "organization": null,
        "abstract": "We present a formal framework for (minimal) mod- ule extraction based on an abstract notion of in- separability w.r.t. a signature between ontologies. Two instances of this framework are discussed in detail for DL-Lite ontologies: concept inseparabil- ity, when ontologies imply the same complex con- cept inclusions over the signature, and query in- separability, when they give the same answers",
        "email": null,
        "conf": "International Joint Conference on Artificial Intelligence",
        "coauthors": [
            "roman kontchakov",
            "luca pulina",
            "ulrike sattler",
            "petra selmer",
            "frank wolter",
            "michael zakharyaschev"
        ],
        "keywords": "Large Scale,"
    },
    {
        "id": 6205,
        "label": "1020",
        "author": "Thomas Schneider",
        "title": "The Modular Structure of an Ontology: An Empirical Study",
        "organization": null,
        "abstract": NaN,
        "email": null,
        "conf": "Principles of Knowledge Representation and Reasoning",
        "coauthors": [
            "bijan parsia",
            "ulrike sattler"
        ],
        "keywords": "Empirical Study,"
    },
    {
        "id": 6206,
        "label": "1020",
        "author": "Thomas Schneider",
        "title": "The Complexity of Satisfiability for Fragments of Hybrid Logic-Part I",
        "organization": null,
        "abstract": NaN,
        "email": null,
        "conf": "Computing Research Repository",
        "coauthors": [
            "arne meier",
            "martin mundhenk",
            "michael thomas",
            "volker weber",
            "felix weiss"
        ],
        "keywords": "Hybrid Logic,Satisfiability,"
    },
    {
        "id": 6207,
        "label": "1020",
        "author": "Thomas Schneider",
        "title": "Easy Keys for OWL",
        "organization": null,
        "abstract": NaN,
        "email": null,
        "conf": "Workshop on OWL: Experiences and Directions",
        "coauthors": [
            "bijan parsia",
            "ulrike sattler"
        ],
        "keywords": null
    },
    {
        "id": 6208,
        "label": "1020",
        "author": "Thomas Schneider",
        "title": "Mechanisms for Importing Modules",
        "organization": null,
        "abstract": "The current OWL2 specification provides mechanisms for im- porting whole ontologies. This paper discusses the import of only a mod- ule of an external ontology, which is specified by a set of terms (classes and properties) and defined in such a way that it contains \"all knowledge\" of the external ontology about these terms. We discuss possible design choices for",
        "email": null,
        "conf": "International Semantic Web Conference",
        "coauthors": [
            "bijan parsia",
            "ulrike sattler"
        ],
        "keywords": null
    },
    {
        "id": 6209,
        "label": "1020",
        "author": "Thomas Schneider",
        "title": "Model Checking CTL is Almost Always Inherently Sequential",
        "organization": null,
        "abstract": "The model checking problem for CTL is known to be P-complete (Clarke, Emerson, and Sistla (1986), see Schnoebelen (2002)). We consider fragments of CTL obtained by restricting the use of temporal modalities or the use of negations—restrictions already studied for LTL by Sistla and Clarke (1985) and Markey (2004). For all these fragments, except for the trivial case without any",
        "email": null,
        "conf": "Workshops",
        "coauthors": [
            "olaf beyersdorff",
            "arne meier",
            "michael thomas",
            "heribert vollmer",
            "martin mundhenk"
        ],
        "keywords": "Model Checking,"
    },
    {
        "id": 6210,
        "label": "1020",
        "author": "Thomas Schneider",
        "title": "The Tractability of Model-Checking for LTL: The Good, the Bad, and the Ugly Fragments",
        "organization": null,
        "abstract": "In a seminal paper from 1985, Sistla and Clarke showed that the model-checking problem for Linear Temporal Logic (LTL) is either NP-complete or PSPACE-complete, depending on the set of temporal operators used. If, in contrast, the set of propositional operators is restricted, the complexity may decrease. This paper systematically studies the model-checking problem for LTL formulae over restricted sets of",
        "email": null,
        "conf": "Electronic Colloquium on Computational Complexity",
        "coauthors": [
            "michael bauland",
            "martin mundhenk",
            "henning schnoor",
            "ilka schnoor",
            "heribert vollmer"
        ],
        "keywords": "Linear Temporal Logic,Model Checking,"
    },
    {
        "id": 6211,
        "label": "1020",
        "author": "Thomas Schneider",
        "title": "Complexity of Hybrid Logics over Transitive Frames",
        "organization": null,
        "abstract": "This paper examines the complexity of hybrid logics over transitive frames and transitive trees. We show that satisfiability over transitive frames for the hybrid language extended with # is NEXP- complete. This is in contrast to undecidability of satisfiability over ar- bitrary frames for this language (2). We also show that adding @ or the past modality leads to undecidability",
        "email": null,
        "conf": "Computing Research Repository",
        "coauthors": [
            "martin mundhenk",
            "thomas schwentick",
            "volker weber"
        ],
        "keywords": "Hybrid Logic,Satisfiability,Upper Bound,Lower Bound,"
    },
    {
        "id": 6212,
        "label": "1020",
        "author": "Thomas Schneider",
        "title": "The Complexity of Generalized Satisfiability for Linear Temporal Logic",
        "organization": null,
        "abstract": NaN,
        "email": null,
        "conf": "Electronic Colloquium on Computational Complexity",
        "coauthors": [
            "michael bauland",
            "henning schnoor",
            "ilka schnoor",
            "heribert vollmer"
        ],
        "keywords": "Linear Temporal Logic,Satisfiability,"
    },
    {
        "id": 6213,
        "label": "1020",
        "author": "Thomas Schneider",
        "title": "The Complexity of Satisfiability for Fragments of Hybrid Logic-Part I",
        "organization": null,
        "abstract": NaN,
        "email": null,
        "conf": "Computing Research Repository",
        "coauthors": [
            "arne meier",
            "martin mundhenk",
            "michael thomas",
            "volker weber",
            "felix weiss"
        ],
        "keywords": "Hybrid Logic,Satisfiability,"
    },
    {
        "id": 6214,
        "label": "1020",
        "author": "Thomas Schneider",
        "title": "The Complexity of Satisfiability for Sub-Boolean Fragments of ALC",
        "organization": null,
        "abstract": "The standard reasoning problem, concept satisfiability, in the basic",
        "email": null,
        "conf": NaN,
        "coauthors": [
            "arne meier"
        ],
        "keywords": null
    },
    {
        "id": 6220,
        "label": "1020",
        "author": "Thomas Schneider",
        "title": "The Tractability of Model-Checking for LTL: The Good, the Bad, and the Ugly Fragments",
        "organization": null,
        "abstract": "In a seminal paper from 1985, Sistla and Clarke showed that the model-checking problem for Linear Temporal Logic (LTL) is either NP-complete or PSPACE-complete, depending on the set of temporal operators used. If, in contrast, the set of propositional operators is restricted, the complexity may decrease. This paper systematically studies the model-checking problem for LTL formulae over restricted sets of",
        "email": null,
        "conf": "Electronic Colloquium on Computational Complexity",
        "coauthors": [
            "michael bauland",
            "martin mundhenk",
            "henning schnoor",
            "ilka schnoor",
            "heribert vollmer"
        ],
        "keywords": "Linear Temporal Logic,Model Checking,"
    },
    {
        "id": 6221,
        "label": "1020",
        "author": "Thomas Schneider",
        "title": "The Complexity of Generalized Satisfiability for Linear Temporal Logic",
        "organization": null,
        "abstract": NaN,
        "email": null,
        "conf": "Electronic Colloquium on Computational Complexity",
        "coauthors": [
            "michael bauland",
            "henning schnoor",
            "ilka schnoor",
            "heribert vollmer"
        ],
        "keywords": "Linear Temporal Logic,Satisfiability,"
    },
    {
        "id": 6222,
        "label": "1020",
        "author": "Thomas Schneider",
        "title": "The Tractability of Model-checking for LTL: The Good, the Bad, and the Ugly Fragments",
        "organization": null,
        "abstract": "Abstract. In a seminal paper from 1985, Sistla and Clarke showed that the model-checking problem for Linear Temporal Logic (LTL) is either NP-complete or PSPACE-complete, depending on the set of temporal operators used. If, in contrast, the set of propositional operators is restricted, the complexity may,decrease. This paper systematically studies the model-checking problem for LTL formulae over restricted sets of",
        "email": null,
        "conf": "Electronic Notes in Theoretical Computer Science",
        "coauthors": [
            "michael bauland",
            "martin mundhenk",
            "henning schnoor",
            "ilka schnoor",
            "heribert vollmer"
        ],
        "keywords": "Linear Temporal Logic,Model Checking,"
    },
    {
        "id": 6223,
        "label": "1020",
        "author": "Thomas Schneider",
        "title": "Undecidability of Multi-modal Hybrid Logics",
        "organization": null,
        "abstract": "This paper establishes undecidability of satisfiability for multi-modal logic equipped with the hybrid binder ↓, with respect to frame classes over which the same language with only one modality is decidable. This is in contrast to the usual behaviour of many modal and hybrid logics, whose uni-modal and multi-modal versions do not differ in terms of decidability and, quite often,",
        "email": null,
        "conf": "Electronic Notes in Theoretical Computer Science",
        "coauthors": [
            "martin mundhenk"
        ],
        "keywords": "Computational Complexity,Hybrid Logic,Modal Logic,Satisfiability,"
    },
    {
        "id": 6224,
        "label": "1020",
        "author": "Thomas Schneider",
        "title": "The Complexity of Hybrid Logics over Equivalence Relations",
        "organization": null,
        "abstract": "This paper examines and classifies the computational complexity of model checking and satisfiability for hybrid logics over frames with equivalence relations. The considered languages contain all possible combinations of the downarrow binder, the existential binder, the satisfaction operator, and the global modality, ranging from the minimal hybrid language to very expressive languages. In the model-checking case, we separate polynomial-time solvable",
        "email": null,
        "conf": "Journal of Logic, Language and Information",
        "coauthors": [
            "martin mundhenk"
        ],
        "keywords": "Computational Complexity,Equivalence Relation,Hybrid Logic,Model Checking,Polynomial Time,Satisfiability,"
    },
    {
        "id": 6225,
        "label": "1021",
        "author": "Thomas Schneider",
        "title": "Practical Secure Evaluation of Semi-private Functions",
        "organization": null,
        "abstract": NaN,
        "email": null,
        "conf": "Applied Cryptography and Network Security",
        "coauthors": [
            "annika paus",
            "ahmad-reza sadeghi"
        ],
        "keywords": "Security Evaluation,"
    },
    {
        "id": 6226,
        "label": "1021",
        "author": "Thomas Schneider",
        "title": "Secure Two-Party Computation Is Practical",
        "organization": null,
        "abstract": "Secure multi-party computation has been considered by the cryptographic community for a num- ber of years. Until recently it has been a purely theoretical area, with few implementations with which to test various ideas. This has led to a number of optimisations being proposed which are quite restricted in their application. In this paper we describe an implementation of the",
        "email": null,
        "conf": "ASIACRYPT",
        "coauthors": [
            "benny pinkas",
            "nigel p. smart",
            "stephen c. williams"
        ],
        "keywords": "Experimental Data,Secure Multi Party Computation,Secure Two-party Computation,"
    },
    {
        "id": 6227,
        "label": "1021",
        "author": "Thomas Schneider",
        "title": "Improved Garbled Circuit Building Blocks and Applications to Auctions and Computing Minima",
        "organization": null,
        "abstract": "Abstract. We consider generic Garbled Circuit (GC)-based techniques for Secure Function Eval- uation (SFE) in the semi-honest model. We describe ecient,GC constructions for addition, subtraction, multiplication, and comparison functions. Our circuits for subtraction and comparison are approximately two times smaller (in terms of garbled tables) than previous constructions. This implies corresponding computation and communication improvements in SFE of functions using",
        "email": null,
        "conf": "Cryptology and Network Security",
        "coauthors": [
            "vladimir kolesnikov",
            "ahmad-reza sadeghi"
        ],
        "keywords": "Building Block,Perforation,Secure Computation,"
    },
    {
        "id": 6228,
        "label": "1021",
        "author": "Thomas Schneider",
        "title": "Garbled Circuits for Leakage-Resilience: Hardware Implementation and Evaluation of One-Time Programs - (Full Version)",
        "organization": null,
        "abstract": NaN,
        "email": null,
        "conf": "Cryptographic Hardware and Embedded Systems",
        "coauthors": [
            "kimmo järvinen",
            "vladimir kolesnikov",
            "ahmad-reza sadeghi"
        ],
        "keywords": "Hardware Implementation,"
    },
    {
        "id": 6229,
        "label": "1021",
        "author": "Thomas Schneider",
        "title": "A Certifying Compiler for Zero-Knowledge Proofs of Knowledge Based on Sigma-Protocols",
        "organization": null,
        "abstract": "Zero-knowledge proofs of knowledge (ZK-PoK) are impor- tant building blocks for numerous cryptographic applications. Although ZK-PoK have very useful properties, their real world deployment is typ- ically hindered by their signicant complexity compared to other (non- interactive) crypto primitives. Moreover, their design and implementa- tion is time-consuming and error-prone. We contribute to overcoming these challenges as follows: We present a",
        "email": null,
        "conf": "European Symposium on Research in Computer Security",
        "coauthors": [
            "josé bacelar almeida",
            "endre bangerter",
            "manuel barbosa",
            "stephan krenn",
            "ahmad-reza sadeghi"
        ],
        "keywords": "Building Block,formal verication,Knowledge Base,Privacy Preservation,Theorem Prover,Zero Knowledge,Zero Knowledge Proof,"
    },
    {
        "id": 6230,
        "label": "1021",
        "author": "Thomas Schneider",
        "title": "Secure Evaluation of Private Linear Branching Programs with Medical Applications",
        "organization": null,
        "abstract": "Abstract. Diagnostic and classification algorithms play an important role in data analysis, with ap- plications in areas such as health care, fault diagnostics, or benchmarking. Branching programs (BP) is a popular representation model for describing the underlying classification/diagnostics algorithms. Typical application scenarios involve a client who,provides data and a service provider (server) whose diagnostic program is run on client’s data.",
        "email": null,
        "conf": "European Symposium on Research in Computer Security",
        "coauthors": [
            "mauro barni",
            "pierluigi failla",
            "vladimir kolesnikov",
            "riccardo lazzeretti",
            "ahmad-reza sadeghi"
        ],
        "keywords": "Branching Program,Classification Algorithm,Data Analysis,Electrocardiogram,Health Care,Medical Application,Partial Information,Privacy Preservation,Privacy Protection,Security Evaluation,Service Provider,"
    },
    {
        "id": 6231,
        "label": "1021",
        "author": "Thomas Schneider",
        "title": "Automatic Generation of Sigma-Protocols",
        "organization": null,
        "abstract": NaN,
        "email": null,
        "conf": "European Public Key Infrastructure Workshop",
        "coauthors": [
            "endre bangerter",
            "thomas briner",
            "wilko henecka",
            "stephan krenn",
            "ahmad-reza sadeghi"
        ],
        "keywords": "Automatic Generation,"
    },
    {
        "id": 6232,
        "label": "1021",
        "author": "Thomas Schneider",
        "title": "Embedded SFE: Offloading Server and Network Using Hardware Tokens",
        "organization": null,
        "abstract": NaN,
        "email": null,
        "conf": "Financial Cryptography",
        "coauthors": [
            "kimmo järvinen",
            "vladimir kolesnikov",
            "ahmad-reza sadeghi"
        ],
        "keywords": null
    },
    {
        "id": 6233,
        "label": "1021",
        "author": "Thomas Schneider",
        "title": "A Practical Universal Circuit Construction and Secure Evaluation of Private Functions",
        "organization": null,
        "abstract": "We consider general secure function evaluation (SFE) of pri- vate functions (PF-SFE). Recall, privacy of functions is often most e- ciently achieved by general SFE (17,18,9) of a Universal Circuit (UC). Our main contribution is a new simple and ecient UC construction. Our circuit UCk, universal for circuits of k gates, has size 1.5k log2 k and depth k logk.",
        "email": null,
        "conf": "Financial Cryptography",
        "coauthors": [
            "vladimir kolesnikov"
        ],
        "keywords": "Performance Improvement,Secure Function Evaluation,Security Evaluation,"
    },
    {
        "id": 6234,
        "label": "1021",
        "author": "Thomas Schneider",
        "title": "Improved Garbled Circuit: Free XOR Gates and Applications",
        "organization": null,
        "abstract": "We present a new garbled circuit construction for two-party secure function evaluation (SFE). In our one-round protocol, XOR gates are evaluated \\for free\", which results in the corresponding improvement over the best garbled circuit implementations (e.g. Fairplay (19)). We build permutation networks (26) and Universal Circuits (UC) (25) almost exclusively of XOR gates; this results in a factor of up",
        "email": null,
        "conf": "International Congress of Mathematicans",
        "coauthors": [
            "vladimir kolesnikov"
        ],
        "keywords": "Random Oracle,Secure Function Evaluation,"
    },
    {
        "id": 6235,
        "label": "1021",
        "author": "Thomas Schneider",
        "title": "Generalized Universal Circuits for Secure Evaluation of Private Functions with Application to Data Classification",
        "organization": null,
        "abstract": "Secure Evaluation of Private Functions (PF-SFE) allows two parties to compute a private function which is known by one party only on private data of both. It is known that PF-SFE can be reduced to Secure Function Evaluation (SFE) of a Universal Circuit (UC). Previous UC constructions only simulated circuits with gates of d = 2 inputs while gates with",
        "email": null,
        "conf": "Information Security and Cryptology",
        "coauthors": [
            "ahmad-reza sadeghi"
        ],
        "keywords": "Data Classification,Intellectual Property,Oblivious Transfer,Online Community,Provable Security,Secure Function Evaluation,Security Evaluation,Trusted Third Party,Neural Network,"
    },
    {
        "id": 6236,
        "label": "1021",
        "author": "Thomas Schneider",
        "title": "Efficient Privacy-Preserving Face Recognition",
        "organization": null,
        "abstract": NaN,
        "email": null,
        "conf": "Information Security and Cryptology",
        "coauthors": [
            "ahmad-reza sadeghi",
            "immo wehrenberg"
        ],
        "keywords": "Face Recognition,Privacy Preservation,"
    },
    {
        "id": 6237,
        "label": "1021",
        "author": "Thomas Schneider",
        "title": "Practical Secure Function Evaluation",
        "organization": null,
        "abstract": NaN,
        "email": null,
        "conf": "Informatiktage",
        "coauthors": [],
        "keywords": "Secure Function Evaluation,"
    },
    {
        "id": 6238,
        "label": "1021",
        "author": "Thomas Schneider",
        "title": "Token-Based Cloud Computing",
        "organization": null,
        "abstract": NaN,
        "email": null,
        "conf": "Trusted Computing - Challenges and Applications",
        "coauthors": [
            "ahmad-reza sadeghi",
            "marcel winandy"
        ],
        "keywords": "Cloud Computing,"
    }
]