[
    {
        "id": 6119,
        "label": "1008",
        "author": "Thomas Keller",
        "title": "Subband-adaptive turbo-coded OFDM-based interactive video telephony",
        "organization": null,
        "abstract": "A range of adaptive orthogonal frequency division multiplex (AOFDM) video systems are proposed for interactive communications over wireless channels. The proposed constant target bit-rate subband adaptive OFDM modems can provide a lower bit error rate than a corresponding conventional OFDM modem. The slightly more complex switched or time-variant target bit rate AOFDM modems can provide a balanced video quality performance,",
        "email": null,
        "conf": "IEEE Transactions on Circuits and Systems for Video Technology",
        "coauthors": [
            "peter j. cherriman",
            "lajos hanzo"
        ],
        "keywords": "Indexing Terms,Indoor Environment,Interactive Video,Orthogonal Frequency Division Multiplex,Path Loss,Signal Representation,Turbo Code,Video Codec,Video Quality,Wireless Channels,Wireless Video,Bit Error Rate,Channel Signal To Noise Ratio,"
    },
    {
        "id": 6120,
        "label": "1009",
        "author": "Thomas Keller",
        "title": "A Digital Real-Time Simulator for Rail-Vehicle Control System Testing",
        "organization": null,
        "abstract": "Modern electrical locomotives are powered by controlled power converters. Integration testing of the vehicle control system is performed using real-time simulation. The present contribution presents an evaluation of a digital real-time simulator for this purpose, with particular emphasis on switching and events, which is one of the more demanding tasks in the real-time simulation of hybrid systems. A pragmatic solution",
        "email": null,
        "conf": "Hybrid Systems",
        "coauthors": [
            "peter terwiesch",
            "erich scheiben",
            "anders jenry petersen"
        ],
        "keywords": "Control System,Hybrid System,Integration Testing,Power Converter,Real Time Simulation,Vehicle Control,Discrete Event,Hardware In The Loop,Real Time,"
    }
]