[
    {
        "id": 6194,
        "label": "1016",
        "author": "Thomas Neumann",
        "title": "A Survey of DB Requirements for Graphical Applications in Engineering",
        "organization": null,
        "abstract": NaN,
        "email": null,
        "conf": "IBM Germany Scientific Symposium Series",
        "coauthors": [
            "josé l. encarnação"
        ],
        "keywords": null
    },
    {
        "id": 6195,
        "label": "1016",
        "author": "Thomas Neumann",
        "title": "On Representing the Design Information in a Common Database",
        "organization": null,
        "abstract": NaN,
        "email": null,
        "conf": "International Conference on Management of Data",
        "coauthors": [],
        "keywords": null
    },
    {
        "id": 6196,
        "label": "1017",
        "author": "Thomas Neumann",
        "title": "Das UIMS THESEUS",
        "organization": null,
        "abstract": NaN,
        "email": null,
        "conf": "GI-Jahrestagung",
        "coauthors": [
            "matthias muth"
        ],
        "keywords": null
    },
    {
        "id": 6197,
        "label": "1018",
        "author": "Thomas Neumann",
        "title": "Automated cell analysis in 2D and 3D: A comparative study",
        "organization": null,
        "abstract": NaN,
        "email": null,
        "conf": "Pattern Recognition",
        "coauthors": [
            "michael g. meyer",
            "mark fauver",
            "j. richard rahn",
            "florence w. patten",
            "eric j. seibel",
            "alan c. nelson"
        ],
        "keywords": "Comparative Study,"
    },
    {
        "id": 6198,
        "label": "1019",
        "author": "Thomas Neumann",
        "title": "Supporting User-Defined Notations When Integrating Scientific Text-Editors with Proof Assistance Systems",
        "organization": null,
        "abstract": NaN,
        "email": null,
        "conf": "Mathematical Knowledge Management",
        "coauthors": [
            "serge autexier",
            "armin fiedler",
            "marc wagner"
        ],
        "keywords": "Proof Assistant,"
    }
]