[
    {
        "id": 6240,
        "label": "1022",
        "author": "Thorsten M&uuml;ller",
        "title": "EMV Charakteristiken von Power Supply Systemen im Kfz",
        "organization": null,
        "abstract": NaN,
        "email": null,
        "conf": "Elektromagnetische Vertr?glichkeit",
        "coauthors": [
            "frank klotz"
        ],
        "keywords": "Power Supply,"
    },
    {
        "id": 6241,
        "label": "1022",
        "author": "Thorsten M&uuml;ller",
        "title": "Bewertung von IC-Emissions-Messverfahren an Smart Power-IC's",
        "organization": null,
        "abstract": NaN,
        "email": null,
        "conf": "Elektromagnetische Vertr?glichkeit in der KFZ-Technik",
        "coauthors": [
            "frank klotz"
        ],
        "keywords": null
    }
]