[
    {
        "id": 6243,
        "label": "1023",
        "author": "Tong Wang",
        "title": "Software Design Document, Testing, Deployment and Configuration Management of the UUIS--a Team 2 COMP5541-W10 Project Approach",
        "organization": null,
        "abstract": "The Software Design Document of UUIS describes the prototype design details",
        "email": null,
        "conf": NaN,
        "coauthors": [
            "omer shahid ahmad",
            "faisal alrashdi",
            "jason jun-duo chen",
            "najah ilham",
            "jianhai lu",
            "yiwei sun",
            "yongxin zhu"
        ],
        "keywords": null
    },
    {
        "id": 6248,
        "label": "1023",
        "author": "Tong Wang",
        "title": "Software Requirements Specification of the IUfA's UUIS -- a Team 2 COMP5541-W10 Project Approach",
        "organization": null,
        "abstract": "In the 52-page document, we describe our approach to the Software",
        "email": null,
        "conf": NaN,
        "coauthors": [
            "omer shahid ahmad",
            "faisal alrashdi",
            "jason jun-duo chen",
            "najah ilham",
            "jianhai lu",
            "yiwei sun",
            "yongxin zhu"
        ],
        "keywords": null
    }
]