[
    {
        "id": 580,
        "label": "the business requirements in this document.",
        "author": "Use Case;Software Requirements Specification;",
        "title": "http://arxiv.org/abs/1005.0162,http://www.informatik.uni-trier.de/~ley/db/journals/corr/corr1005.html#abs-1005-0162",
        "organization": null,
        "abstract": "2010",
        "email": null,
        "conf": NaN,
        "coauthors": [
            "Computing Research Repository"
        ],
        "keywords": null
    }
]