[
    {
        "id": 6289,
        "label": "1034",
        "author": "Vasilis Aggelis",
        "title": "An evolutionary system for neural logic networks using genetic programming and indirect encoding",
        "organization": null,
        "abstract": NaN,
        "email": null,
        "conf": "Journal of Applied Logic",
        "coauthors": [
            "athanasios tsakonas",
            "ioannis karkazis",
            "georgios dounias"
        ],
        "keywords": "Evolutionary System,Genetic Program,"
    }
]