[
    {
        "id": 6293,
        "label": "1036",
        "author": "Vincent Vidal",
        "title": "Simple Empty-Space Removal for Interactive Volume Rendering",
        "organization": null,
        "abstract": "Interactive volume rendering methods such as texture-based slicing techniques and ray-casting have been well developed in recent years. The rendering performance is generally restricted by the volume size, the fill-rate and the tex- ture fetch speed of the graphics hardware. For most 3D data sets, a fraction of the volume is empty, which will reduce the rendering performance without specific",
        "email": null,
        "conf": NaN,
        "coauthors": [
            "xing mei",
            "philippe decaudin"
        ],
        "keywords": "Cost Function,Graphics Hardware,Interactive Rendering,Interactive Volume Rendering,kd tree,Ray Casting,Volume Data,"
    }
]