[
    {
        "id": 6295,
        "label": "1037",
        "author": "Vineet Srivastava",
        "title": "Software Defect Content Estimation: A Bayesian Approach",
        "organization": null,
        "abstract": "Software inspection is a method to detect errors in software artefacts early in the development cycle. At the end of the inspection process the inspectors need to make a decision whether the inspected artefact is of sufficient quality or not. Several methods have been proposed to assist in making this decision like capture recapture methods and Bayesian approach. In this",
        "email": null,
        "conf": "Canadian Conference on Electrical and Computer Engineering",
        "coauthors": [
            "achin jain",
            "alok r. patnaik",
            "pulak dhar"
        ],
        "keywords": "bayesian approach,bayesian model,Software Inspection,Capture Recapture,Relative Error,"
    },
    {
        "id": 6296,
        "label": "1037",
        "author": "Vineet Srivastava",
        "title": "Detecting Distributed Denial of Service Attack Traffic at the Agent Machines",
        "organization": null,
        "abstract": "Due to financial losses caused by Distributed Denial of Service (DDoS) attacks, most defence mechanisms have been deployed at the network where the target server is located. We believe this paradigm should change in order to tackle the DDoS threat in its basis: thwart agent machines participation in DDoS attacks. Our proposal consists of developing an agent to monitor the",
        "email": null,
        "conf": "Canadian Conference on Electrical and Computer Engineering",
        "coauthors": [
            "vicky laurens",
            "abdulmotaleb el-saddik",
            "pulak dhar"
        ],
        "keywords": "ddos attack,Distributed Denial of Service,False Positive,"
    }
]