[
    {
        "id": 6298,
        "label": "1038",
        "author": "Wang Yi",
        "title": "An Adaptive Stochastic Collision Detection Between Deformable Objects Using Particle Swarm Optimization",
        "organization": null,
        "abstract": NaN,
        "email": null,
        "conf": "EvoWorkshops",
        "coauthors": [
            "tianzhu wang",
            "wenhui li",
            "zihou ge",
            "dongfeng han"
        ],
        "keywords": "Collision Detection,Deformable Objects,particle swarm optimizer,"
    },
    {
        "id": 6299,
        "label": "1038",
        "author": "Wang Yi",
        "title": "Image segmentation by aggregation graph-cuts",
        "organization": null,
        "abstract": NaN,
        "email": null,
        "conf": "Multimedia Modeling",
        "coauthors": [
            "dongfeng han",
            "wenhui li",
            "tianzhu wang",
            "yanjie she"
        ],
        "keywords": "Graph Cut,Image Segmentation,"
    },
    {
        "id": 6300,
        "label": "1038",
        "author": "Wang Yi",
        "title": "Stochastic collision detection between deformable models using particle swarm optimization algorithm",
        "organization": null,
        "abstract": NaN,
        "email": null,
        "conf": "Multimedia Modeling",
        "coauthors": [
            "tianzhu wang",
            "wenhui li",
            "zihou ge",
            "dongfeng han"
        ],
        "keywords": "Collision Detection,Deformable Model,Particle Swarm Optimization Algorithm,"
    },
    {
        "id": 6301,
        "label": "1039",
        "author": "Wang Yi",
        "title": "A Tabu Search Algorithm for Post-processing Multiple Sequence Alignment",
        "organization": null,
        "abstract": NaN,
        "email": null,
        "conf": "Journal of Bioinformatics and Computational Biology",
        "coauthors": [
            "tariq riaz",
            "kuo-bin li"
        ],
        "keywords": "Multiple Sequence Alignment,tabu search algorithm,"
    },
    {
        "id": 6302,
        "label": "1040",
        "author": "Wang Yi",
        "title": "Optimal Threshold for Channel Estimation in MIMO-OFDM System",
        "organization": null,
        "abstract": NaN,
        "email": null,
        "conf": "IEEE International Conference on Communications",
        "coauthors": [
            "li lihua",
            "ping zhang",
            "zemin liu"
        ],
        "keywords": "Channel Estimation,"
    },
    {
        "id": 6303,
        "label": "1040",
        "author": "Wang Yi",
        "title": "A Uniform Host Protocol Framework Planning to Change",
        "organization": null,
        "abstract": NaN,
        "email": null,
        "conf": "Vehicular Technology Conference",
        "coauthors": [
            "tian chen",
            "liu wenyu",
            "huaien luo"
        ],
        "keywords": null
    }
]