[
    {
        "id": 6512,
        "label": "1059",
        "author": "Wei Tan",
        "title": "THUIR at TREC 2003: HARD Experiments",
        "organization": null,
        "abstract": "In this paper, we describe ideas and related experiments of Tsinghua University IR group in TREC-12 HARD Track. In this track, we focus on an automatic delivering mechanism, which combine the existing IR methods and can provide a quick retrieval solution for the practical environment. The final official evaluation show the old ways perform not well, but we think the",
        "email": null,
        "conf": "Text REtrieval Conference",
        "coauthors": [
            "liang ma",
            "qunxiu chen",
            "shaoping ma",
            "shuicai shi",
            "shibin xiao",
            "hongwei wang",
            "hongjun wang"
        ],
        "keywords": null
    },
    {
        "id": 6513,
        "label": "1059",
        "author": "Wei Tan",
        "title": "THUIR at TREC 2004: QA",
        "organization": null,
        "abstract": "In this paper, we describe ideas and related experiments of Tsinghua University IR group in TREC 2004 QA track. In this track, our system consists three components: Question analysis, Information retrieval, and Answer extraction. Question analysis component extracts Query Term and answer type. Information retrieval component retrieves candidate documents from index set based on paragraph level and re-ranks them to",
        "email": null,
        "conf": "Text REtrieval Conference",
        "coauthors": [
            "qunxiu chen",
            "shaoping ma"
        ],
        "keywords": "Answer Extraction,Indexation,Information Retrieval,"
    },
    {
        "id": 6514,
        "label": "1060",
        "author": "Wei Tan",
        "title": "Optimized Research of Resource Constrained Project Scheduling Problem Based on Genetic Algorithms",
        "organization": null,
        "abstract": NaN,
        "email": null,
        "conf": "International Symposium on Intelligence Computation and Applications",
        "coauthors": [
            "xiang li",
            "lishan kang"
        ],
        "keywords": "Genetic Algorithm,Resource Constrained Project Scheduling Problem,"
    },
    {
        "id": 6515,
        "label": "1061",
        "author": "Wei Tan",
        "title": "Spatial Fuzzy Clustering Using Varying Coefficients",
        "organization": null,
        "abstract": NaN,
        "email": null,
        "conf": "Advanced Data Mining and Applications",
        "coauthors": [
            "huaqiang yuan",
            "yaxun wang",
            "jie zhang",
            "chao qu",
            "wenbin he"
        ],
        "keywords": "Fuzzy Clustering,"
    }
]