[
    {
        "id": 6924,
        "label": "1089",
        "author": "Wen-Chieh Chang",
        "title": "Generalized Binary Tanglegrams: Algorithms and Applications",
        "organization": null,
        "abstract": "Several applications require the joint display of two phylogenetic trees whose leaves are matched by inter-tree edges. This issue arises, for example, when comparing gene trees and species trees or when studying the co-speciation of hosts and parasites. The tanglegram layout problem seeks to produce a layout of the two trees that minimizes the number of crossings between the inter-tree",
        "email": null,
        "conf": NaN,
        "coauthors": [
            "mukul s. bansal",
            "oliver eulenstein",
            "david fernández-baca"
        ],
        "keywords": "Efficient Algorithm,Fixed Parameter Tractable,Gene Trees,General Binaries,Phylogenetic Tree,"
    },
    {
        "id": 6925,
        "label": "1089",
        "author": "Wen-Chieh Chang",
        "title": "Reconciling Gene Trees with Apparent Polytomies",
        "organization": null,
        "abstract": "We consider the problem of reconciling gene trees with a species tree based on the widely accepted Gene Duplication model from Goodman et al. Current algorithms that solve this problem handle only binary gene trees or interpret polytomies in the gene tree as true. While in practice polytomies occur frequently, they are typically not true. Most polytomies represent unresolved evolutionary",
        "email": null,
        "conf": "Computing and Combinatorics",
        "coauthors": [
            "oliver eulenstein"
        ],
        "keywords": "Gene Duplication,Gene Trees,Natural Extension,Polynomial Time Algorithm,"
    },
    {
        "id": 6926,
        "label": "1089",
        "author": "Wen-Chieh Chang",
        "title": "A scalable parallelization of the gene duplication problem",
        "organization": null,
        "abstract": NaN,
        "email": null,
        "conf": "Journal of Parallel and Distributed Computing",
        "coauthors": [
            "andré wehe",
            "oliver eulenstein",
            "srinivas aluru"
        ],
        "keywords": "Gene Duplication,"
    }
]