[
    {
        "id": 6922,
        "label": "1088",
        "author": "Wenbing Zhao",
        "title": "Normalizing XML Element Trees as Well-Designed Document Structures for Data Integration",
        "organization": null,
        "abstract": NaN,
        "email": null,
        "conf": "Web-Age Information Management",
        "coauthors": [
            "shaohua tan",
            "dongqing yang",
            "shiwei tang"
        ],
        "keywords": "Data Integrity,Document Structure,"
    }
]