[
    {
        "id": 6928,
        "label": "1090",
        "author": "Wenyan Wu",
        "title": "Harbin Water Supply Network Monitoring and Evaluation",
        "organization": null,
        "abstract": NaN,
        "email": null,
        "conf": "International Conference on Networking, Sensing and Control",
        "coauthors": [
            "zu qian",
            "jinliang gao",
            "x. q. hou",
            "yingbin wu",
            "l. tao",
            "ning ran"
        ],
        "keywords": "Network Monitoring,Water Supply,"
    },
    {
        "id": 6929,
        "label": "1090",
        "author": "Wenyan Wu",
        "title": "Assessing and Optimizing Online Monitoring for Securing the Water Distribution System",
        "organization": null,
        "abstract": NaN,
        "email": null,
        "conf": "International Conference on Networking, Sensing and Control",
        "coauthors": [
            "jinliang gao",
            "ming zhao",
            "zu qian",
            "x. q. hou",
            "y. han"
        ],
        "keywords": "Online Monitoring,Water Distribution System,"
    }
]