[
    {
        "id": 6935,
        "label": "1093",
        "author": "Wolfgang K&ouml;hler",
        "title": "Web-basiertes GIS als Informationssystem interdisziplinerer Forschungsprojekte",
        "organization": null,
        "abstract": NaN,
        "email": null,
        "conf": "GIL Jahrestagung",
        "coauthors": [
            "claus mückschel",
            "gabriel a. schachtel",
            "jens nieschulze"
        ],
        "keywords": null
    },
    {
        "id": 6936,
        "label": "1093",
        "author": "Wolfgang K&ouml;hler",
        "title": "Central Data Management in Environmental Research Projects - Selected Problems and Solutions",
        "organization": null,
        "abstract": NaN,
        "email": null,
        "conf": "GIL Jahrestagung",
        "coauthors": [
            "claus mückschel",
            "cornelia weist"
        ],
        "keywords": "Data Management,Project Selection,"
    }
]