[
    {
        "id": 6938,
        "label": "1094",
        "author": "Wolfgang M&uuml;ller",
        "title": "Image Data Source Selection Using Gaussian Mixture Models",
        "organization": null,
        "abstract": NaN,
        "email": null,
        "conf": "Adaptive Multimedia Retrieval",
        "coauthors": [
            "soufyane el allali",
            "daniel blank",
            "andreas henrich"
        ],
        "keywords": "Gaussian Mixture Model,"
    },
    {
        "id": 6939,
        "label": "1094",
        "author": "Wolfgang M&uuml;ller",
        "title": "Aspects of Adaptivity in P2P Information Retrieval",
        "organization": null,
        "abstract": "Peer-to-Peer networks are comprised of multiple indepen- dently administered computers (peers) that cooperate via a common protocol in order to achieve a goal common to the peers. Helping the user find relevant information in a P2P network is the subject of the field of Peer-to-Peer IR. In order to be successful, a P2P-IR system needs to be adaptive in several",
        "email": null,
        "conf": "Adaptive Multimedia Retrieval",
        "coauthors": [
            "andreas henrich",
            "martin eisenhardt"
        ],
        "keywords": "Information Retrieval,Multimedia Retrieval,P2P,P2p Networks,Peer To Peer,Peer-to-peer Network,"
    },
    {
        "id": 6940,
        "label": "1094",
        "author": "Wolfgang M&uuml;ller",
        "title": "Scalable summary based retrieval in P2P networks",
        "organization": null,
        "abstract": "Much of the present P2P-IR literature is focused on distributed indexing structures. Within this paper, we present an approach based on the replication of peer data summaries via rumor spreading and multicast in a structured overlay.We will describe Rumorama, a P2P framework for similar-ity queries inspired by GlOSS and CORI and their P2P-adaptation, PlanetP. Rumorama achieves a hierarchization of PlanetP-like",
        "email": null,
        "conf": "International Conference on Information and Knowledge Management",
        "coauthors": [
            "martin eisenhardt",
            "andreas henrich"
        ],
        "keywords": "Index Structure,P2P,P2p Networks,Similarity Search,"
    },
    {
        "id": 6941,
        "label": "1094",
        "author": "Wolfgang M&uuml;ller",
        "title": "Faster Exact Histogram Intersection on Large Data Collections Using Inverted VA-Files",
        "organization": null,
        "abstract": NaN,
        "email": null,
        "conf": "Conference on Image and Video Retrieval",
        "coauthors": [
            "andreas henrich"
        ],
        "keywords": "Large Data,"
    },
    {
        "id": 6942,
        "label": "1094",
        "author": "Wolfgang M&uuml;ller",
        "title": "Reducing I/O Cost of Similarity Queries by Processing Several at a Time",
        "organization": null,
        "abstract": NaN,
        "email": null,
        "conf": "Computer Vision and Pattern Recognition",
        "coauthors": [
            "andreas henrich"
        ],
        "keywords": null
    },
    {
        "id": 6943,
        "label": "1094",
        "author": "Wolfgang M&uuml;ller",
        "title": "Classifying Documents by Distributed P2P Clustering",
        "organization": null,
        "abstract": "Clustering documents into classes is an important task in many Information Retrieval (IR) systems. This achieved grouping enables a description of the contents of the document collection in terms of the classes the documents fall into. The com- pactness of such a description is even more desirable in cases where the document collection is spread across different computers and locations;",
        "email": null,
        "conf": "GI-Jahrestagung",
        "coauthors": [
            "martin eisenhardt",
            "andreas henrich"
        ],
        "keywords": "Information Retrieval,Large Scale System,P2P,P2p Networks,Peer To Peer,Short Form,"
    },
    {
        "id": 6944,
        "label": "1094",
        "author": "Wolfgang M&uuml;ller",
        "title": "Parameters in P2P-IR",
        "organization": null,
        "abstract": NaN,
        "email": null,
        "conf": "GI-Jahrestagung",
        "coauthors": [
            "andreas henrich"
        ],
        "keywords": "P2P,"
    },
    {
        "id": 6945,
        "label": "1094",
        "author": "Wolfgang M&uuml;ller",
        "title": "Automated Benchmarking In Content-Based Image Retrieval",
        "organization": null,
        "abstract": " Benchmarking has always been a crucial problem in content-based image retrieval (CBIR). A key issue is the lack of a common access method to retrieval systems, such as SQL for relational databases. The Multimedia Retrieval Mark-up Language (MRML) solves this problem by standardizing access to CBIR systems (CBIRSs). Other difficult problems are also shortly addressed, such as obtaining relevance judgments",
        "email": null,
        "conf": "International Conference on Multimedia Computing and Systems/International Conference on Multimedia and Expo",
        "coauthors": [
            "henning müller",
            "david mcg. squire"
        ],
        "keywords": "Access Method,Content Based Image Retrieval,Multimedia Retrieval,Performance Comparison,Relational Database,"
    },
    {
        "id": 6946,
        "label": "1094",
        "author": "Wolfgang M&uuml;ller",
        "title": "Strategies for Positive and Negative Relevance Feedback in Image Retrieval",
        "organization": null,
        "abstract": "Relevance feedback has been shown to be a very effec- tive tool for enhancing retrieval results in text retrieval. In content-based image retrieval it is more and more fre- quently used and very good results have been obtained. However, too much negative feedback may destroy a query as good features get negative weightings. This paper compares a variety of strategies",
        "email": null,
        "conf": "International Conference on Pattern Recognition",
        "coauthors": [
            "henning müller",
            "stéphane marchand-maillet",
            "thierry pun",
            "david mcg. squire"
        ],
        "keywords": "Content Based Image Retrieval,Image Retrieval,Negative Feedback,Relevance Feedback,Text Retrieval,"
    },
    {
        "id": 6947,
        "label": "1094",
        "author": "Wolfgang M&uuml;ller",
        "title": "Clustering-Based Source Selection for Efficient Image Retrieval in Peer-to-Peer Networks",
        "organization": null,
        "abstract": NaN,
        "email": null,
        "conf": "International Symposium on Multimedia",
        "coauthors": [
            "martin eisenhardt",
            "andreas henrich",
            "daniel blank",
            "soufyane el allali"
        ],
        "keywords": "Peer-to-peer Network,"
    },
    {
        "id": 6948,
        "label": "1094",
        "author": "Wolfgang M&uuml;ller",
        "title": "Learning Feature Weights from User Behavior in Content-Based Image Retrieval",
        "organization": null,
        "abstract": NaN,
        "email": null,
        "conf": "Knowledge Discovery and Data Mining",
        "coauthors": [
            "henning müller",
            "david mcg. squire"
        ],
        "keywords": "Content Based Image Retrieval,Feature Weighting,User Behavior,"
    },
    {
        "id": 6949,
        "label": "1094",
        "author": "Wolfgang M&uuml;ller",
        "title": "Designing Benchmarks for the Evaluation of Peer-to-Peer Informational Retrieval Systems",
        "organization": null,
        "abstract": NaN,
        "email": null,
        "conf": "Lernen, Wissensentdeckung und Adaptivit?t",
        "coauthors": [
            "daniel blank",
            "andreas henrich"
        ],
        "keywords": "Information Retrieval System,"
    },
    {
        "id": 6950,
        "label": "1094",
        "author": "Wolfgang M&uuml;ller",
        "title": "Sample-based creation of peer summaries for efficient similarity search in scalable peer-to-peer networks",
        "organization": null,
        "abstract": "In this paper we introduce a simple yet experimentally convincing approach in the research field of source selection for content-based similarity search in P2P networks or, more concretely, in summary-based P2P systems. In these systems, summaries are used for data source selection when performing k-NN queries on distributed collections of documents represented by feature vectors. We introduce a new type",
        "email": null,
        "conf": "Multimedia Information Retrieval",
        "coauthors": [
            "daniel blank",
            "soufyane el allali",
            "andreas henrich"
        ],
        "keywords": "Feature Vector,Image Features,Indexation,P2P,P2p Networks,P2p System,Peer-to-peer Network,Similarity Search,"
    },
    {
        "id": 6951,
        "label": "1094",
        "author": "Wolfgang M&uuml;ller",
        "title": "Fast retrieval of high-dimensional feature vectors in P2P networks using compact peer data summaries",
        "organization": null,
        "abstract": NaN,
        "email": null,
        "conf": "Multimedia Systems",
        "coauthors": [
            "martin eisenhardt",
            "andreas henrich"
        ],
        "keywords": "Feature Vector,High Dimensionality,P2p Networks,"
    },
    {
        "id": 6952,
        "label": "1094",
        "author": "Wolfgang M&uuml;ller",
        "title": "Comparison of Image Similarity Queries in P2P Systems",
        "organization": null,
        "abstract": "Given some of the recent advances in Distributed Hash Table (DHT) based Peer-To-Peer (P2P) systems we ask the following questions: Are there applications where unstructured queries are still necessary (i.e., the underlying queries do not efficiently map onto any structured framework), and are there unstructured P2P systems that can deliver the high bandwidth and com- puting performance necessary to support",
        "email": null,
        "conf": "Computing Research Repository",
        "coauthors": [
            "p. oscar boykin",
            "nima sarshar",
            "vwani p. roychowdhury"
        ],
        "keywords": "Color Histogram,Distributed Hash Table,High Speed,Image Search,Image Similarity,Large Scale,P2p System,Peer To Peer,High End Computing,Power Law,"
    },
    {
        "id": 6953,
        "label": "1094",
        "author": "Wolfgang M&uuml;ller",
        "title": "An open framework for distributed multimedia retrieval",
        "organization": null,
        "abstract": " This article describes a framework for distributed multimedia retrieval which permits theconnection of compliant user interfaces with a variety of multimedia retrieval engines via anopen communication protocol, MRML (Multi Media Retrieval Markup Language). It allowsthe choice of image collection, feature set and query algorithm during run{time, permittingmultiple users to query a system adapted to their needs, using the query paradigm",
        "email": null,
        "conf": "Recherche d'Information Assistee par Ordinateur",
        "coauthors": [
            "henning müller",
            "david mcg. squire",
            "zoran pecenovic",
            "stéphane marchand-maillet"
        ],
        "keywords": "Communication Protocol,Distributed Multimedia,Markup Language,Multimedia Retrieval,Query By Example,User Interface,"
    },
    {
        "id": 6954,
        "label": "1094",
        "author": "Wolfgang M&uuml;ller",
        "title": "MRML: A Communication Protocol for Content-Based Image Retrieval",
        "organization": null,
        "abstract": " . In this paper we introduce and describe the Multimedia RetrievalMarkup Language (MRML). This XML-based markup languageis the basis for an open communication protocol for content-based imageretrieval systems (CBIRSs). MRML was initially designed as a means ofseparating CBIR engines from their user interfaces. It is, however, alsoextensible as the basis for standardised performance evaluation procedures.Such a tool is essential for",
        "email": null,
        "conf": "Visual Information and Information Systems",
        "coauthors": [
            "henning müller",
            "stéphane marchand-maillet",
            "thierry pun",
            "david mcg. squire",
            "zoran pecenovic",
            "christoph giess",
            "arjen p. de vries"
        ],
        "keywords": "Communication Protocol,Content Based Image Retrieval,Performance Evaluation,Standardisation,User Interface,"
    },
    {
        "id": 6955,
        "label": "1094",
        "author": "Wolfgang M&uuml;ller",
        "title": "Relevance Feedback and Term Weighting Schemes for Content-Based Image Retrieval",
        "organization": null,
        "abstract": NaN,
        "email": null,
        "conf": "Visual Information and Information Systems",
        "coauthors": [
            "david mcg. squire",
            "henning müller"
        ],
        "keywords": "Content Based Image Retrieval,Image Database,Relevance Feedback,Term Weighting,Text Retrieval,"
    },
    {
        "id": 6956,
        "label": "1094",
        "author": "Wolfgang M&uuml;ller",
        "title": "Comparison of image similarity queries in P2P systems",
        "organization": null,
        "abstract": NaN,
        "email": null,
        "conf": "Computer Communications",
        "coauthors": [
            "p. oscar boykin",
            "vwani p. roychowdhury",
            "nima sarshar"
        ],
        "keywords": "Image Similarity,P2p System,"
    },
    {
        "id": 6957,
        "label": "1094",
        "author": "Wolfgang M&uuml;ller",
        "title": "Comparison of Image Similarity Queries in P2P Systems",
        "organization": null,
        "abstract": "Given some of the recent advances in Distributed Hash Table (DHT) based Peer-To-Peer (P2P) systems we ask the following questions: Are there applications where unstructured queries are still necessary (i.e., the underlying queries do not efficiently map onto any structured framework), and are there unstructured P2P systems that can deliver the high bandwidth and com- puting performance necessary to support",
        "email": null,
        "conf": "Computing Research Repository",
        "coauthors": [
            "p. oscar boykin",
            "nima sarshar",
            "vwani p. roychowdhury"
        ],
        "keywords": "Color Histogram,Distributed Hash Table,High Speed,Image Search,Image Similarity,Large Scale,P2p System,Peer To Peer,High End Computing,Power Law,"
    },
    {
        "id": 6958,
        "label": "1094",
        "author": "Wolfgang M&uuml;ller",
        "title": "Inhaltsbasierte Suche in P2P-Systemen",
        "organization": null,
        "abstract": NaN,
        "email": null,
        "conf": "Datenbank-spektrum",
        "coauthors": [
            "martin eisenhardt",
            "andreas henrich"
        ],
        "keywords": "P2P,"
    },
    {
        "id": 6959,
        "label": "1094",
        "author": "Wolfgang M&uuml;ller",
        "title": "Clustering-Based, Load Balanced Source Selection for CBIR in P2P Networks",
        "organization": null,
        "abstract": NaN,
        "email": null,
        "conf": "International Journal of Semantic Computing",
        "coauthors": [
            "martin eisenhardt",
            "daniel blank",
            "soufyane el allali",
            "andreas henrich"
        ],
        "keywords": "Load Balance,P2p Networks,"
    },
    {
        "id": 6960,
        "label": "1094",
        "author": "Wolfgang M&uuml;ller",
        "title": "Evaluating image browsers using structured annotation",
        "organization": null,
        "abstract": NaN,
        "email": null,
        "conf": "Journal of The American Society for Information Science and Technology",
        "coauthors": [
            "stéphane marchand-maillet",
            "henning müller",
            "david mc g. squire",
            "thierry pun"
        ],
        "keywords": null
    },
    {
        "id": 6961,
        "label": "1094",
        "author": "Wolfgang M&uuml;ller",
        "title": "Fast retrieval of high-dimensional feature vectors in P2P networks using compact peer data summaries",
        "organization": null,
        "abstract": NaN,
        "email": null,
        "conf": "Multimedia Systems",
        "coauthors": [
            "martin eisenhardt",
            "andreas henrich"
        ],
        "keywords": "Feature Vector,High Dimensionality,P2p Networks,"
    },
    {
        "id": 6962,
        "label": "1094",
        "author": "Wolfgang M&uuml;ller",
        "title": "A Framework for Benchmarking in CBIR",
        "organization": null,
        "abstract": NaN,
        "email": null,
        "conf": "Multimedia Tools and Applications",
        "coauthors": [
            "henning müller",
            "stéphane marchand-maillet",
            "thierry pun",
            "david mcg. squire"
        ],
        "keywords": null
    },
    {
        "id": 6963,
        "label": "1094",
        "author": "Wolfgang M&uuml;ller",
        "title": "Performance evaluation in content-based image retrieval: overview and proposals",
        "organization": null,
        "abstract": NaN,
        "email": null,
        "conf": "Pattern Recognition Letters",
        "coauthors": [
            "henning müller",
            "david mcg. squire",
            "stéphane marchand-maillet",
            "thierry pun"
        ],
        "keywords": "Content Based Image Retrieval,Image Database,Performance Comparison,Performance Evaluation,Performance Measure,Ground Truth,"
    },
    {
        "id": 6964,
        "label": "1094",
        "author": "Wolfgang M&uuml;ller",
        "title": "Content-based query of image databases: inspirations from text retrieval",
        "organization": null,
        "abstract": "Abstract This paper reports the application of techniques inspired by text retrieval research to content-based image,retrieval. In particular, we show how the use of an inverted file data structure permits the use of an extremely high-dimensional feature-space, by restricting search to the subspace spanned by the features present in the query. A suitably sparse set of colour and texture features",
        "email": null,
        "conf": "Pattern Recognition Letters",
        "coauthors": [
            "david mcg. squire",
            "henning müller",
            "thierry pun"
        ],
        "keywords": "Content Based Image Retrieval,Data Structure,Feature Space,High Dimensionality,Image Database,Relevance Feedback,System Performance,Text Retrieval,Texture Features,"
    },
    {
        "id": 6965,
        "label": "1095",
        "author": "Wolfgang M&uuml;ller",
        "title": "Peer-To-Peer Technology for Interconnecting Web Services in Heterogeneous Networks",
        "organization": null,
        "abstract": "The interconnection of software components is a key to enabling collaborative work. However, technology differences and security barriers like firewalls often hinder establishing collaborative infrastructures between enterprises or even within a single enterprise. We introduce a peer-to-peer based network infrastructure that transparently overcomes these problems using relay and routing mechanisms as well as different underlying transport protocols. We discuss the",
        "email": null,
        "conf": "Advanced Information Networking and Applications",
        "coauthors": [
            "tim schattkowsky",
            "christoph loeser"
        ],
        "keywords": "Collaborative Work,Heterogeneous Network,Peer To Peer,Peer-to-peer Technology,Software Component,Transport Protocol,Web Service,"
    },
    {
        "id": 6966,
        "label": "1095",
        "author": "Wolfgang M&uuml;ller",
        "title": "Introduction to hardware-dependent software design hardware-dependent software for multi and many-core embedded systems",
        "organization": null,
        "abstract": "Due to the rapidly increasing software content in embedded systems, Hardware-dependent Software (HdS) has become a critical topic in system design. In this paper, we provide a brief overview on the topic of HdS, discuss the issues and complexities involved in the design of HdS, and motivate the need for special attention to HdS in research and development.",
        "email": null,
        "conf": "Asia and South Pacific Design Automation Conference",
        "coauthors": [
            "rainer dömer",
            "andreas gerstlauer"
        ],
        "keywords": "Embedded System,Research and Development,Software Design,System Design,"
    },
    {
        "id": 6967,
        "label": "1095",
        "author": "Wolfgang M&uuml;ller",
        "title": "TestML - A Test Exchange Language for Model-Based Testing of Embedded Software",
        "organization": null,
        "abstract": "Test processes in the automotive industry are tool-intensive and af- fected by technologically heterogeneous test infrastructures. In the industrial practice a product has to pass several test levels such as Model-in-the-Loop- (MIL), Software-in-the-Loop- (SIL) and Hardware-in-the-Loop- (HIL) tests. Normally, different test systems are applied for this purpose and almost each test system has its individual requirements on the test description",
        "email": null,
        "conf": "Automotive Software Workshop",
        "coauthors": [
            "juergen grossmann",
            "ines fey",
            "alexander krupp",
            "mirko conrad",
            "christian wewetzer"
        ],
        "keywords": "Analytical Method,Automotive Industry,Code Generation,Development Process,Embedded Software,Levels of Abstraction,Model Specification,model-based development,Model Based Testing,Xml Schema,Electronic Control Unit,Hardware In The Loop,Interchange Format,"
    },
    {
        "id": 6968,
        "label": "1095",
        "author": "Wolfgang M&uuml;ller",
        "title": "RTOS-aware refinement for TLM2.0based HW/SW designs",
        "organization": null,
        "abstract": "Refinement of untimed TLM models into a timed HW/SW platform is a step by step design process which is a trade-off between timing accuracy of the used models and correct estimation of the final timing performance. The use of an RTOS on the target platform is mandatory in the case real-time properties must be guaranteed. Thus, the question is when",
        "email": null,
        "conf": "Design, Automation, and Test in Europe",
        "coauthors": [
            "markus becker",
            "giuseppe di guglielmo",
            "franco fummi",
            "graziano pravadelli",
            "tao xie"
        ],
        "keywords": "Design Process,Device Driver,Timing Analysis,Real Time,"
    },
    {
        "id": 6969,
        "label": "1095",
        "author": "Wolfgang M&uuml;ller",
        "title": "Timing modeling and analysis for AUTOSAR-based software development - a case study",
        "organization": null,
        "abstract": "Safety-critical automotive systems must fulfill hard real-time constraints for reliability and safety. This paper presents a case study for the application of an AUTOSAR-based language for timing modeling and analysis. We present and apply the Timing Augmented Description Language (TADL) and demonstrate a methodology for the development of a speed-adaptive steer-by-wire system. We examine the impact of TADL and the",
        "email": null,
        "conf": "Design, Automation, and Test in Europe",
        "coauthors": [
            "kay klobedanz",
            "christoph kuznik",
            "andreas thuy"
        ],
        "keywords": "Case Study,Development Process,Modeling and Analysis,Software Development,Hard Real Time,"
    },
    {
        "id": 6970,
        "label": "1095",
        "author": "Wolfgang M&uuml;ller",
        "title": "A systematic approach to the test of combined HW/SW systems",
        "organization": null,
        "abstract": "Today we can identify a big gap between requirement specification and the generation of test environments. This article extends the Classification Tree Method for Embedded Systems (CTM/ES) to fill this gap by new concepts for the precise specification of stimuli for operational ranges of continuous control systems. It introduces novel means for continuous acceptance criteria definition and for functional coverage",
        "email": null,
        "conf": "Design, Automation, and Test in Europe",
        "coauthors": [
            "alexander krupp"
        ],
        "keywords": "Control System,Embedded System,Requirement Specification,Classification Tree Method,"
    },
    {
        "id": 6971,
        "label": "1095",
        "author": "Wolfgang M&uuml;ller",
        "title": "Classification trees for random tests and functional coverage",
        "organization": null,
        "abstract": "This article presents the classification tree method for functional verification to close the gap from the specifica-tion of a test plan to SystemVerilog [1] testbench genera-tion. Our method supports the systematic development of test configurations and is based on the classification tree method for embedded systems (CTM/ES) [2] extending CTM/ES for random test generation as well as for func-tional coverage",
        "email": null,
        "conf": "Design, Automation, and Test in Europe",
        "coauthors": [
            "alexander krupp"
        ],
        "keywords": "Classification Tree,Embedded System,Functional Verification,Random Testing,Before Present,Classification Tree Method,"
    },
    {
        "id": 6972,
        "label": "1095",
        "author": "Wolfgang M&uuml;ller",
        "title": "Formal Refinement and Model Checking of an Echo Cancellation Unit",
        "organization": null,
        "abstract": "This article presents an approach, which combines theorem proving-based refinement with model checking for state based real-time systems. Our verification flow starts from UML state diagrams, which are translated to the formal B language and are model checked for real-time properties. By means of the B language and a B theorem prover, refined state diagrams are verified against their abstract",
        "email": null,
        "conf": "Design, Automation, and Test in Europe",
        "coauthors": [
            "alexander krupp",
            "ian oliver"
        ],
        "keywords": "Echo Cancellation,Model Checking,State Diagram,Theorem Prover,Theorem Proving,Real Time,Real Time Systems,"
    },
    {
        "id": 6973,
        "label": "1095",
        "author": "Wolfgang M&uuml;ller",
        "title": "Closing the gap between UML-based modeling, simulation and synthesis of combined HW/SW systems",
        "organization": null,
        "abstract": "UML is widely applied for the specification and modeling of software and some studies have demonstrated that it is applicable for HW/SW codesign. However, in this area there is still a big gap from UML modeling to SystemC-based verification and synthesis environments. This paper presents an efficient approach to bridge this gap in the context of Systems-on-a-Chip (SoC) design. We",
        "email": null,
        "conf": "Design, Automation, and Test in Europe",
        "coauthors": [
            "fabian mischkalla",
            "da he"
        ],
        "keywords": "Case Study,Code Generation,Model Simulation,uml profile,system on a chip,"
    },
    {
        "id": 6974,
        "label": "1095",
        "author": "Wolfgang M&uuml;ller",
        "title": "Dynamic Tool Integration in Heterogeneous Computer Networks",
        "organization": null,
        "abstract": "Tool installation and automation of administrative tasks in heterogeneous computer networks becomes of increasing importance with the availability of complex heterogeneous computer networks. This article introduces a new approach for dynamic network tool management, i.e., TRMS. A variant of TRMS using SNMP - a well established standard for network administration � is outlined and illustrated by the application of the",
        "email": null,
        "conf": "Design, Automation, and Test in Europe",
        "coauthors": [
            "tim schattkowsky",
            "heinz-josef eikerling",
            "jan wegner"
        ],
        "keywords": "Design Tool,Dynamic Networks,Heterogeneous Computing,Printed Circuit Board,Tool Integration,"
    },
    {
        "id": 6975,
        "label": "1095",
        "author": "Wolfgang M&uuml;ller",
        "title": "Assertion-based verification of RTOS properties",
        "organization": null,
        "abstract": "Today, mobile and embedded real time systems have to cope with the migration and allocation of multiple software tasks running on top of a real time operating system (RTOS) residing on one or several processors. For scaling of each task set and processor configuration, instruction set simulation and worst case timing analysis are typically applied. This paper presents a complementary",
        "email": null,
        "conf": "Design, Automation, and Test in Europe",
        "coauthors": [
            "marcio f. s. oliveira",
            "henning zabel"
        ],
        "keywords": "Embedded Real-time Systems,Real Time Operating System,Timing Analysis,Assertion Based Verification,Instruction Set Simulator,"
    },
    {
        "id": 6976,
        "label": "1095",
        "author": "Wolfgang M&uuml;ller",
        "title": "The simulation semantics of systemC",
        "organization": null,
        "abstract": "We present a rigorous but transparent semantics defini- tion of SystemC that covers method, thread, and clocked thread behavior as well as their interaction with the sim- ulation kernel process. The semantics includes watching statements, signal assignment, and wait statements as they are introduced in SystemC V1.0. We present our definition in form of distributed Abstract State Machines (ASMs) rules",
        "email": null,
        "conf": "Design, Automation, and Test in Europe",
        "coauthors": [
            "jürgen ruf",
            "dirk w. hoffmann",
            "joachim gerlach",
            "thomas kropf",
            "w. rosenstiehl"
        ],
        "keywords": "Abstract State Machine,Formal Semantics,"
    },
    {
        "id": 6977,
        "label": "1095",
        "author": "Wolfgang M&uuml;ller",
        "title": "Model-Based Specification and Execution of Embedded Real-Time Systems",
        "organization": null,
        "abstract": "Embedded systems design comes in different variations and is most often due to the specific application or project [1]. Sometimes, graphical means like StateCharts or Matlab/Simulink are applied for graphical specification. Code generators target for different micro controllers such as C166 and different Real-Time Operating Systems (RTOSs) like OSEK. There have been efforts to investigate retargetable compilers to easily adopt",
        "email": null,
        "conf": "Design, Automation, and Test in Europe",
        "coauthors": [
            "tim schattkowsky"
        ],
        "keywords": "Code Generation,Embedded Real-time Systems,Embedded System Design,Real Time Operating System,"
    },
    {
        "id": 6978,
        "label": "1095",
        "author": "Wolfgang M&uuml;ller",
        "title": "A Model-Based Approach for Executable Specifications on Reconfigurable Hardware",
        "organization": null,
        "abstract": "UML 2.0 provides a rich set of diagrams for systems documentation and specification. Many efforts have been undertaken to employ different aspects of UML for multiple domains, mainly in the area of software systems. Considering the area of electronic design automation, however, we currently see only very few approaches, which investigate UML for hardware design and hardware/software co-design. In this",
        "email": null,
        "conf": "Design, Automation, and Test in Europe",
        "coauthors": [
            "tim schattkowsky",
            "achim rettberg"
        ],
        "keywords": "Electronic Design Automation,Embedded Software,Executable Specification,Hardware Design,hardware-software co-design,model-based approach,reconfigurable hardware,Sequence Diagram,Software Systems,Virtual Machine,"
    },
    {
        "id": 6979,
        "label": "1095",
        "author": "Wolfgang M&uuml;ller",
        "title": "A UML frontend for IP-XACT-based IP management",
        "organization": null,
        "abstract": "IP-XACT is a well accepted standard for the exchange of IP components at Electronic System and Register Transfer Level. Still, the creation and manipulation of these descriptions at the XML level can be time-consuming and error-prone. In this paper, we show that the UML can be consistently applied as an efficient and comprehensible frontend for IP-XACT-based IP description and integration.",
        "email": null,
        "conf": "Design, Automation, and Test in Europe",
        "coauthors": [
            "tim schattkowsky",
            "tao xie"
        ],
        "keywords": "uml profile,Register Transfer Level,"
    },
    {
        "id": 6980,
        "label": "1095",
        "author": "Wolfgang M&uuml;ller",
        "title": "Increased accuracy through noise injection in abstract RTOS simulation",
        "organization": null,
        "abstract": "Today, mobile and embedded real-time systems have to cope with the migration and allocation of multiple software tasks running on top of a real-time operating system (RTOS) residing on one or multiple system processors. Abstract RTOS simulations and timing analysis applies for fast and early estimation to configure it towards the individual needs of the application and environment. In this",
        "email": null,
        "conf": "Design, Automation, and Test in Europe",
        "coauthors": [
            "henning zabel"
        ],
        "keywords": "Embedded Real-time Systems,Random Times,Real Time Operating System,Timing Analysis,Instruction Set Simulator,Real Time,"
    },
    {
        "id": 6981,
        "label": "1095",
        "author": "Wolfgang M&uuml;ller",
        "title": "Secure Profile Management in Smart Home Networks",
        "organization": null,
        "abstract": "Currently, middleware for smart home networks with em- bedded and mobile devices are in the focus of several inves- tigations. In this paper, we propose a middleware for se- cure management of device and user profiles by integrating a profile database with a generic authentication scheme for an X.509 enabled ticket management in the context of the OSGi framework. After",
        "email": null,
        "conf": "DEXA Workshops",
        "coauthors": [
            "max ziegler",
            "robbie schaefer",
            "chris loeser"
        ],
        "keywords": "Middleware,Mobile Device,Smart Home,User Profile,"
    },
    {
        "id": 6982,
        "label": "1095",
        "author": "Wolfgang M&uuml;ller",
        "title": "Specification and Formal Verification of Temporal Properties of Production Automation Systems",
        "organization": null,
        "abstract": "This article describes our approach for the specification and verification of pro- duction automation systems with real-time properties. We focus on the graphical MFERT notation and RT-OCL (Real-Time Object Constraint Language) for the specification of state-oriented real-time properties. RT-OCL is an extension of the Object Constraint Language (OCL) that is part of the Unified Modeling Language (UML). We introduce the",
        "email": null,
        "conf": "DFG Projects",
        "coauthors": [
            "stephan flake",
            "ulrich pape",
            "jürgen ruf"
        ],
        "keywords": "Automated Guided Vehicle,Case Study,Formal Semantics,Formal Verification,Manufacturing System,Object Constraint Language,Specification and Verification,State Diagram,Temporal Properties,Unified Modeling Language,Real Time,"
    },
    {
        "id": 6983,
        "label": "1095",
        "author": "Wolfgang M&uuml;ller",
        "title": "A generic system for interactive real-time animation",
        "organization": null,
        "abstract": " We present a new approach to an interactive design andanalysis environment for visual languages. The main components,i.e., editor, animator, and interpreter, are introduced.Their interactions are being investigated emphasizingthe interpreter--animator interaction and defining an interfacesupporting different levels of automation. The interpreterperforms the executions on a logical level and triggersthe animator. The interactive animation provides avery high degree in liveness since it...",
        "email": null,
        "conf": "Engineering of Computer-Based Systems",
        "coauthors": [
            "marita dücker",
            "georg lehrenfeld",
            "christoph tahedl"
        ],
        "keywords": "Interaction Design,Interactive Animation,Real-time Animation,Visual Language,"
    },
    {
        "id": 6984,
        "label": "1095",
        "author": "Wolfgang M&uuml;ller",
        "title": "A Novel Dialog Model for the Design of Multimodal User Interfaces",
        "organization": null,
        "abstract": "The wide range of different devices with varying capabilities and interaction modalities as well as changing user context in nomadic applications, poses critical challenges to the design of user interfaces. In order to avoid multiple designs for each device or modality, it is al- most a must to employ a model-based approach. In this short paper we present a new",
        "email": null,
        "conf": "Engineering for Human-Computer Interaction",
        "coauthors": [
            "robbie schaefer",
            "steffen bleul"
        ],
        "keywords": "Interaction Model,Interface Design,model-based approach,multimodal interaction,multimodal user interface,User Interface,"
    },
    {
        "id": 6985,
        "label": "1095",
        "author": "Wolfgang M&uuml;ller",
        "title": "The semantics of behavioral VHDL '93 descriptions",
        "organization": null,
        "abstract": NaN,
        "email": null,
        "conf": "European Design and Test Conference",
        "coauthors": [
            "egon börger",
            "uwe glässer"
        ],
        "keywords": null
    },
    {
        "id": 6986,
        "label": "1095",
        "author": "Wolfgang M&uuml;ller",
        "title": "Comparing Transcoding Tools for Use with a Generic User Interface Format",
        "organization": null,
        "abstract": "This paper compares the use of three different approaches to transcoding of XML (Extensible Markup Language)-based user interface descriptions to other target formats. The source is the interface section of the XML-based markup language for user interfaces, UIML (User Interface Markup Language), which has been extended with a vocabulary for the description of generic user interfaces. Target formats used as",
        "email": null,
        "conf": "Extreme Markup Languages?",
        "coauthors": [
            "johan plomp",
            "robbie schaefer"
        ],
        "keywords": "Extensible Markup Language,Markup Language,User Interface,User Interface Markup Language,"
    },
    {
        "id": 6987,
        "label": "1095",
        "author": "Wolfgang M&uuml;ller",
        "title": "Combining Formal Refinement and Model Checking for Real-Time Systems Verification",
        "organization": null,
        "abstract": "We present a framework, which combines model checking and theorem prover based refinement for real-time systems design focusing on the refinement of non deterministic state orineted to timed state oriented models. Our verification flow starts from a cycle accurate finite state machine for the RAVEN model checker. We present a translation, which transforms the model into efficient B language code.",
        "email": null,
        "conf": "Forum on specification & Design Languages",
        "coauthors": [
            "alexander krupp"
        ],
        "keywords": "Finite State Machine,Model Checking,Theorem Prover,User Interaction,Real Time Systems,"
    },
    {
        "id": 6988,
        "label": "1095",
        "author": "Wolfgang M&uuml;ller",
        "title": "Innovative Concepts for Configuring Shared Workspaces through Visual Programming",
        "organization": null,
        "abstract": " CSCW systems like BSCW (Basic Support for CooperativeWork), HyperNews, and Lotus Notes have been successfullyintroduced to support the cooperation ofgeographically distributed work groups. Unfortunately,some of these software systems are not flexible enough tobe customized easily to the requirements of an individualuser. Most of the environments can only be configured byexperts through complex programming.In this article we introduce VIPspace, a shared",
        "email": null,
        "conf": "Hawaii International Conference on System Sciences",
        "coauthors": [
            "marita dücker",
            "jessica rubart"
        ],
        "keywords": "Distributed Work,Shared Workspace,Software Systems,Visual Programming,"
    },
    {
        "id": 6989,
        "label": "1095",
        "author": "Wolfgang M&uuml;ller",
        "title": "Specification of Real-Time Properties for UML Models",
        "organization": null,
        "abstract": " The Unified Modeling Language (UML) has receivedwide acceptance as a standard language in the field of softwarespecification by means of different diagram types. In arecent version of UML, the textual Object Constraint Language(OCL) was introduced to support specification ofconstraints for UML models. But OCL currently does notprovide sufficient means to specify constraints over the dynamicbehavior of a model.This article presents",
        "email": null,
        "conf": "Hawaii International Conference on System Sciences",
        "coauthors": [
            "stephan flake"
        ],
        "keywords": "Object Constraint Language,Unified Modeling Language,Real Time,"
    },
    {
        "id": 6990,
        "label": "1095",
        "author": "Wolfgang M&uuml;ller",
        "title": "Visual Specification, Modelling, and Illustration of Complex Systems",
        "organization": null,
        "abstract": " This article introduces and discusses different innovativemeans for visual specification and animation ofcomplex concurrent systems. We introduce the completelyvisual programming language Pictorial Janus(PJ) and its application in the customer-oriented designprocess. PJ implements a completely visual programminglanguage with inherent animation facilities.We outline the transformation of purely visual PJ programsinto textual imperative programming languages.The second part of this...",
        "email": null,
        "conf": "Hawaii International Conference on System Sciences",
        "coauthors": [
            "christian geiger",
            "georg lehrenfeld"
        ],
        "keywords": "Complex System,Concurrent Systems,Customer Orientation,Programming Language,"
    },
    {
        "id": 6991,
        "label": "1095",
        "author": "Wolfgang M&uuml;ller",
        "title": "Peer-to-Peer Networks for Virtual Home Environments",
        "organization": null,
        "abstract": " This paper presents an approach to extend OSGiserver based home networks with JXTA's peer-to-peer (P2P) technology to a multi-server home envi-ronment connecting multiple private home networksto one true virtual environment for communication,media sharing/exchange, and distributed device con-trol. We elaborate on the basic integration methodologyand extend it to a general, security preserving,architectural concept based on a two level integrationconcept for inhome",
        "email": null,
        "conf": "Hawaii International Conference on System Sciences",
        "coauthors": [
            "chris loeser",
            "frank berger",
            "heinz-josef eikerling"
        ],
        "keywords": "Home Network,P2P,Peer To Peer,Peer-to-peer Network,Virtual Environment,Virtual Home Environment,"
    },
    {
        "id": 6992,
        "label": "1095",
        "author": "Wolfgang M&uuml;ller",
        "title": "A Language for the Rapid Prototyping of Mobile Evolving Agents",
        "organization": null,
        "abstract": " This article presents SAL, a general purpose scriptinglanguage for the rapid development of distributedsoftware agents seamlessly embedded a visual environment.Integrated facilities for dynamic visualizationprovide simple but powerful means for debugging anddomain-oriented animation. SAL agents are arrangedon a set of 2D worksheets which can be distributed overdi\u000berent machines. An agent's program is de\fned bythe means of a table specifying a set",
        "email": null,
        "conf": "Hawaii International Conference on System Sciences",
        "coauthors": [
            "arne meyer",
            "henning zabel"
        ],
        "keywords": "Rapid Prototyping,"
    },
    {
        "id": 6993,
        "label": "1095",
        "author": "Wolfgang M&uuml;ller",
        "title": "Interactive Multimodal User Interfaces for Mobile Devices",
        "organization": null,
        "abstract": "Portable devices come with different individual limitations in user interaction like limited display size, small keyboard and different sorts of input and output channels. With the advancementof speech recognition and speech synthesis technologies, their optionals or alternatives become feasible and attractive for mobile devices in order to implement real multimodal user interaction. However, current systems and formats do not sufficiently",
        "email": null,
        "conf": "Hawaii International Conference on System Sciences",
        "coauthors": [
            "robbie schaefer",
            "steffen bleul"
        ],
        "keywords": "Crossed Product,Mobile Device,multimodal interaction,multimodal user interface,Specification Language,Speech Recognition,Speech Synthesis,User Interaction,User Interface,"
    },
    {
        "id": 6994,
        "label": "1095",
        "author": "Wolfgang M&uuml;ller",
        "title": "Fuzzy Rules for HTML Transcoding",
        "organization": null,
        "abstract": "With the increasing availability of Web-enabled mobile devices, we are facing the problem to effectively adapt Web content for those devices. For adaptation, Web page struc- tures require rearrangement, i.e., transcoding, to better fit on small displays when layout-specific HTML structures like tables and frames are used. In this article, we present a Fuzzy rule-based language, i.e., Fuzzy-RDL/TT. Fuzzy- RDL/TT",
        "email": null,
        "conf": "Hawaii International Conference on System Sciences",
        "coauthors": [
            "robbie schaefer",
            "andreas dangberg"
        ],
        "keywords": "Document Object Model,Fuzzy Rule Base,Fuzzy Rules,Mobile Device,Web Pages,"
    },
    {
        "id": 6995,
        "label": "1095",
        "author": "Wolfgang M&uuml;ller",
        "title": "Development of Automotive Communication Based Real-Time Systems - A Steer-by-Wire Case Study",
        "organization": null,
        "abstract": NaN,
        "email": null,
        "conf": "International Embedded Systems Symposium",
        "coauthors": [
            "kay klobedanz",
            "christoph kuznik",
            "ahmed elfeky"
        ],
        "keywords": "Case Study,Real Time Systems,"
    },
    {
        "id": 6996,
        "label": "1095",
        "author": "Wolfgang M&uuml;ller",
        "title": "Systematic Model-in-the-Loop Test of Embedded Control Systems",
        "organization": null,
        "abstract": NaN,
        "email": null,
        "conf": "International Embedded Systems Symposium",
        "coauthors": [
            "alexander krupp"
        ],
        "keywords": "Embedded Control System,"
    },
    {
        "id": 6997,
        "label": "1095",
        "author": "Wolfgang M&uuml;ller",
        "title": "An Efficient Time Annotation Technique in Abstract RTOS Simulations for Multiprocessor Task Migration",
        "organization": null,
        "abstract": NaN,
        "email": null,
        "conf": "IFIP WG10.3 Publications",
        "coauthors": [
            "henning zabel"
        ],
        "keywords": null
    },
    {
        "id": 6998,
        "label": "1095",
        "author": "Wolfgang M&uuml;ller",
        "title": "A Formal Behavioral Semantics for TestML",
        "organization": null,
        "abstract": "Abstract—TestML is an XML-based language,for the exchange of test descriptions,in automotive,systems,design,and,mainly introduced,through,the structural definition of an XML schema as an independent,exchange,format for existing tools and methods covering a wide range of different test technologies. In this paper, we present a rigorous,formal,behavioral,semantics,for TestML by means,of Abstract State Machines,(ASMs). Our semantics,is a concise, unambiguous, high-level specification for TestML-based implementations,and serves as a",
        "email": null,
        "conf": "Leveraging Applications of Formal Methods",
        "coauthors": [
            "jürgen großmann"
        ],
        "keywords": "Abstract State Machine,System Design,Xml Schema,"
    },
    {
        "id": 6999,
        "label": "1095",
        "author": "Wolfgang M&uuml;ller",
        "title": "Model-Based Design of Embedded Systems",
        "organization": null,
        "abstract": "The design of embedded systems is often based on the development of a detailed formal system specification. Considerable effort is spent to ensure the correctness of this specification. However, the actual implementation of the specification and later maintenance is usually done using traditional programming and tends to diverge from the specification. To avoid this, it is desirable to derive the",
        "email": null,
        "conf": "Object-Oriented Real-Time Distributed Computing",
        "coauthors": [
            "tim schattkowsky"
        ],
        "keywords": "Embedded System,Model Based Design,model-based development,Object Oriented,uml sequence diagram,Virtual Machine,Real Time,State Transition Diagram,"
    },
    {
        "id": 7000,
        "label": "1095",
        "author": "Wolfgang M&uuml;ller",
        "title": "An advanced infrastructure for collaborative engineering in electronic design automation",
        "organization": null,
        "abstract": "Engineering collaboration gets its new global dimension with the omnipotent access to Internet. Engineers have severe requirements concerning: security of design data, quality of net connections, easiness of collaboration, etc. This article presents visions and middleware architecture to establish pan-European col- laborative engineering infrastructure and its application in the field of Electronic Design Automation (EDA). We present a transparent infrastructure",
        "email": null,
        "conf": "ISPE Conference on Concurrent Engineering",
        "coauthors": [
            "tomasz kostienko",
            "adam pawlak",
            "tim schattkowsky"
        ],
        "keywords": "Collaborative Engineering,Collaborative Research,Data Exchange,Data Quality,Data Transfer,Electronic Design Automation,Middleware,Peer To Peer,Plug and Play,Tool Integration,"
    },
    {
        "id": 7001,
        "label": "1095",
        "author": "Wolfgang M&uuml;ller",
        "title": "The formal execution semantics of SpecC",
        "organization": null,
        "abstract": "We present a rigorous but transparent semantics definition of the SpecC language that covers the execution of SpecC behaviors and their interaction with the kernel process. The semantics include wait, waitfor, par, and try statements as they are introduced in SpecC. We present our definition in form of distributed Abstract State Machine (ASM) rules strictly following the lines of the",
        "email": null,
        "conf": "International Symposium on Systems Synthesis",
        "coauthors": [
            "wolfgang mueller",
            "rainer dömer"
        ],
        "keywords": "Abstract State Machine,Formal Semantics,Formal Specification,"
    },
    {
        "id": 7002,
        "label": "1095",
        "author": "Wolfgang M&uuml;ller",
        "title": "Using smart cards for secure and device independent user interfaces",
        "organization": null,
        "abstract": "Smart Cards are becoming a ubiquitous means for securing a wide range of interactive applications. However in many cases its use is limited for authentication purposes only. In this paper we extend the use of smart cards for carrying abstract user interface descriptions which can be rendered on dierent and potentially remote clients that in addition can support varying interaction",
        "email": null,
        "conf": "Mobility Conference",
        "coauthors": [
            "robbie schaefer",
            "andrés marín lópez",
            "daniel díaz sánchez"
        ],
        "keywords": "Abstract User Interface,Device Independence,Interactive Application,Smart Card,User Interface,"
    },
    {
        "id": 7003,
        "label": "1095",
        "author": "Wolfgang M&uuml;ller",
        "title": "An OCL Extension for Real-Time Constraints",
        "organization": null,
        "abstract": "The Object Constraint Language (OCL) was introduced to support the specification of constraints for UML diagrams and is mainly used to formulate invariants and operation pre- and postconditions. Though OCL is also applied in behavioral diagrams, e.g., as guards for state transitions, it is currently not possi- ble to specify constraints concerning the dynamic behavior and timing properties of such",
        "email": null,
        "conf": "Object Modeling with the OCL",
        "coauthors": [
            "stephan flake"
        ],
        "keywords": "Automated Guided Vehicle,Dynamic Behavior,Object Constraint Language,State Transition,Computation Tree Logic,Real Time,"
    },
    {
        "id": 7004,
        "label": "1095",
        "author": "Wolfgang M&uuml;ller",
        "title": "Middleware for Secure Home Access and Control",
        "organization": null,
        "abstract": "User adaptive systems in the context of pervasive com- puting can only unveil their power if based on a generic middleware managing private data and context informa- tion in combination with flexible device access and control. However, managing those data poses severe privacy prob- lems both legally and from a trust perspective. Therefore we propose a home automation middleware for",
        "email": null,
        "conf": "IEEE International Conference on Pervasive Computing and Communications",
        "coauthors": [
            "andrés marín lópez",
            "robbie schaefer",
            "florina almenárez mendoza",
            "daniel diaz",
            "max ziegler"
        ],
        "keywords": "Home Automation,Middleware,Security Management,Service Management,Smart Home,User Adaptation,Access Control,"
    },
    {
        "id": 7005,
        "label": "1095",
        "author": "Wolfgang M&uuml;ller",
        "title": "Past and Future-Oriented Time-Bounded Temporal Properties with OCL",
        "organization": null,
        "abstract": "Abstract We  present  the  syntax  and  semantics  of  a  past - and future - oriented temporal extension of the Object Constraint Language (OCL) Our extension supports designers to ex - press  time - bounded  properties  over  a  state - oriented  UML model of a system under development The semantics is for - mally defined over the system states of a",
        "email": null,
        "conf": "Conference on Software Engineering and Formal Methods",
        "coauthors": [
            "stephan flake"
        ],
        "keywords": "Linear Temporal Logic,Model Checking,Object Constraint Language,Production System,Temporal Properties,"
    },
    {
        "id": 7006,
        "label": "1095",
        "author": "Wolfgang M&uuml;ller",
        "title": "Semantics of State-Oriented Expressions in the Object Constraint Language",
        "organization": null,
        "abstract": "The textual Object Constraint Language (OCL) is an of- ficial part of the Unified Modeling Language (UML). It is primarily used to formulate restrictions for UML class di- agrams. Additionally, it is possible to refer to UML State- chart states in OCL expressions to reason about currently activated states. However, neither the current OCL standard nor the pro- posal for",
        "email": null,
        "conf": "Software Engineering and Knowledge Engineering",
        "coauthors": [
            "stephan flake"
        ],
        "keywords": "Formal Semantics,Object Constraint Language,Unified Modeling Language,"
    },
    {
        "id": 7007,
        "label": "1095",
        "author": "Wolfgang M&uuml;ller",
        "title": "Expressing Property Specification Patterns with OCL",
        "organization": null,
        "abstract": "The textual Object Constraint Language (OCL) is an of- ficial part of the Unified Modeling Language (UML). OCL is primarily used to formulate restrictions over UML mod- els, in particular, invariants and operation pre- and post- conditions in the context of class diagrams. However, OCL is missing means to specify constraints over the dynamic behavior of a UML model. We",
        "email": null,
        "conf": "Software Engineering Research and Practice",
        "coauthors": [
            "stephan flake"
        ],
        "keywords": "Class Diagram,Dynamic Behavior,Formal Specification,Object Constraint Language,Temporal Logic,Unified Modeling Language,"
    },
    {
        "id": 7008,
        "label": "1096",
        "author": "Wolfgang M&uuml;ller",
        "title": "Prototyping einer Fahrzeugsteuerung in virtueller 3D-Umgebung",
        "organization": null,
        "abstract": NaN,
        "email": null,
        "conf": "Simulation und Visualisierung",
        "coauthors": [
            "arnulf braatz",
            "stephan flake",
            "engelbert westkämper"
        ],
        "keywords": null
    },
    {
        "id": 7009,
        "label": "1095",
        "author": "Wolfgang M&uuml;ller",
        "title": "Visuelle Spezifikation, Modellierung und Animation im Systementwurf",
        "organization": null,
        "abstract": NaN,
        "email": null,
        "conf": "Simulation und Visualisierung",
        "coauthors": [
            "christian geiger"
        ],
        "keywords": null
    },
    {
        "id": 7010,
        "label": "1095",
        "author": "Wolfgang M&uuml;ller",
        "title": "Virtuelles Prototyping einer Robotersteuerung durch interaktive 3D-Simulation",
        "organization": null,
        "abstract": "In jüngster Zeit findet das Prototyping mit virtuellen 3D-Modellen immer mehr Anwen-dung wie im Bereich von Geb?udeinnenansichten, Landschaftsarchitekturen, St?dtepla-nung und teilweise bei der CAD-Konstruktion. Das Prototyping umfa?t meist Formgebung und die Einpassung von Gegenst?nden und Pflanzen in existierende Umgebungen. Anwen-dungen zum Prototyping von funktionalem Verhalten findet man hier zur Zeit eher weni-ger. Der vorliegende Artikel beschreibt den Entwurf einer Steuerung",
        "email": null,
        "conf": "Simulation und Visualisierung",
        "coauthors": [
            "christian geiger",
            "georg lehrenfeld"
        ],
        "keywords": "3d modelling,3d simulation,"
    },
    {
        "id": 7011,
        "label": "1095",
        "author": "Wolfgang M&uuml;ller",
        "title": "A Formal Model of a Framework for Simulation-Based Animation",
        "organization": null,
        "abstract": "We present a rigorous formal-but transparent-specification of the semantics of a generic simulation-based 3D animation framework. Our system combines a SystemC simulation kernel with a virtual visualization machine for 3D animation. The semantics of the simulator and the virtual visualization machine are formally defined by means of distributed Abstract State Machine (ASMs) rules. The ASM rules truly reflect the specification",
        "email": null,
        "conf": "Simulation und Visualisierung",
        "coauthors": [
            "volker paelke"
        ],
        "keywords": "3d animation,Abstract State Machine,Formal Semantics,Virtual Machine,"
    },
    {
        "id": 7012,
        "label": "1095",
        "author": "Wolfgang M&uuml;ller",
        "title": "Dialog Modeling for Multiple Devices and Multiple Interaction Modalities",
        "organization": null,
        "abstract": "Today a large variety of mobile interaction devices such as PDAs and mobile phones enforce the development of a wide range of user interfaces for each platform. The complexity even grows, when multiple interaction devices are used to perform the same task and when dierent modalities have to be supported. We introduce a new dialog model for the abstraction of",
        "email": null,
        "conf": "Task Models and Diagrams for User Interface Design",
        "coauthors": [
            "robbie schaefer",
            "steffen bleul"
        ],
        "keywords": "Mobile Interaction,Mobile Phone,Specification Language,User Interface,Proof of Concept,"
    },
    {
        "id": 7013,
        "label": "1095",
        "author": "Wolfgang M&uuml;ller",
        "title": "Profile Processing and Evolution for Smart Environments",
        "organization": null,
        "abstract": "Ubiquitous systems use context information to select and adapt multimodal user interfaces and appliances for individual users in certain situations. However, in order to enable true reactive environ- ments, context information has to be adequately collected, flltered, and processed and combined with user, device and other proflles. In this ar- ticle, we present how an XML-based transcoding system can be",
        "email": null,
        "conf": "Ubiquitous Intelligence and Computing",
        "coauthors": [
            "robbie schaefer",
            "jinghua groppe"
        ],
        "keywords": "Context Information,Domain Knowledge,multimodal user interface,Smart Environment,"
    },
    {
        "id": 7014,
        "label": "1095",
        "author": "Wolfgang M&uuml;ller",
        "title": "A UML Profile for Real-Time Constraints with the OCL",
        "organization": null,
        "abstract": " This article presents a UML profile for an OCL extension that enablesmodelers to specify behavioral, state-oriented real-time constraints in OCL. Inorder to perform a seamless integration into the upcoming UML2.0 standard, wetake the latest OCL2.0 metamodel proposal by Warmer et al. [22] as a basis. Aformal semantics of our temporal OCL extension is given by a mapping to timeannotatedtemporal logics",
        "email": null,
        "conf": "The Unified Modeling Language",
        "coauthors": [
            "stephan flake"
        ],
        "keywords": "uml profile,Real Time,"
    },
    {
        "id": 7015,
        "label": "1095",
        "author": "Wolfgang M&uuml;ller",
        "title": "An ASM Definition of the Dynamic OCL 2.0 Semantics",
        "organization": null,
        "abstract": "Abstract: The recently adopted OCL 2.0 specification comes with a formal semanticsthat is based on set theory with a notion of an object model and systemstates. System states keep the runtime information relevant for the evaluation ofOCL expressions. However, not all new language concepts of OCL 2.0 are alreadyaddressed in that formal semantics. We show how to overcome this byintroducing",
        "email": null,
        "conf": "The Unified Modeling Language",
        "coauthors": [
            "stephan flake"
        ],
        "keywords": "Formal Semantics,Object Model,Set Theory,"
    },
    {
        "id": 7016,
        "label": "1095",
        "author": "Wolfgang M&uuml;ller",
        "title": "VIPspace - A Visual Programmable Shared Workspace",
        "organization": null,
        "abstract": NaN,
        "email": null,
        "conf": "Visual Languages/Human-Centric Computing Languages and Environments",
        "coauthors": [
            "marita dücker",
            "jessica rubart"
        ],
        "keywords": "Shared Workspace,"
    },
    {
        "id": 7017,
        "label": "1095",
        "author": "Wolfgang M&uuml;ller",
        "title": "Visual-Textual Prototyping of 4D Scenes",
        "organization": null,
        "abstract": " 3D-graphics become popular in a steadily increasingnumber of areas like entertainment, scientific visualization,simulation, and virtual reality. Despite thisrapid growth the generation of animated 3D scenes isstill by no means trivial. Since animated 3D objectsevolve over time we denote these objects as 4D. Thisarticle presents a novel approach to the rapid prototypingof 4D models. We introduce the AAL (AnimatedAgent Layer) system.",
        "email": null,
        "conf": "Visual Languages/Human-Centric Computing Languages and Environments",
        "coauthors": [
            "marita dücker",
            "christian geiger",
            "ralf hunstock",
            "georg lehrenfeld"
        ],
        "keywords": "3d graphics,Scientific Visualization,Virtual Reality,"
    },
    {
        "id": 7018,
        "label": "1095",
        "author": "Wolfgang M&uuml;ller",
        "title": "A Visual Language for Qualitative Data",
        "organization": null,
        "abstract": NaN,
        "email": null,
        "conf": "Visual Languages/Human-Centric Computing Languages and Environments",
        "coauthors": [
            "marita dücker",
            "christian geiger",
            "georg lehrenfeld",
            "christoph tahedl"
        ],
        "keywords": "Qualitative Data,Visual Language,"
    },
    {
        "id": 7019,
        "label": "1095",
        "author": "Wolfgang M&uuml;ller",
        "title": "Visual Modeling and 3D-Representation with a Complete Visual Programming Language - A Case Study in Manufacturing",
        "organization": null,
        "abstract": " epresentation.Both are essential requirements since end users needother visualization techniques than experienced designersdue to their different knowledge and interests.Considering complex systems in general and our examplein particular we can identify the following requirementsfor modeling system prototypes:Complex systems require structuring concepts like modularity and hierarchy. System elements are usually characterizedby dynamic behavior requiring adequate controlstructures for...",
        "email": null,
        "conf": "Visual Languages/Human-Centric Computing Languages and Environments",
        "coauthors": [
            "christian geiger",
            "ralf hunstock",
            "georg lehrenfeld",
            "j. quintanilla",
            "christoph tahedl",
            "andreas weber"
        ],
        "keywords": "3d representation,Case Study,Complex System,Dynamic Behavior,Model System,Visual Programming Language,Visualization Technique,"
    },
    {
        "id": 7020,
        "label": "1095",
        "author": "Wolfgang M&uuml;ller",
        "title": "SAM - An Animated 3D Programming Language",
        "organization": null,
        "abstract": "This article presents the animated visual 3D program-ming language SAM (Solid Agents in Motion) for parallel systems specification and animation. A SAM program is a set of interacting agents synchronously exchanging mes-sages. The agent's behavior is specified by means of pro-duction rules with a condition and a sequence of actions each. Actions are linearly ordered and execute when matching a",
        "email": null,
        "conf": "Visual Languages/Human-Centric Computing Languages and Environments",
        "coauthors": [
            "christian geiger",
            "waldemar rosenbach"
        ],
        "keywords": "Parallel Systems,Programming Environment,Programming Language,"
    },
    {
        "id": 7021,
        "label": "1096",
        "author": "Wolfgang M&uuml;ller",
        "title": "Integrating a Constraint Solver into a Real-Time Animation Environment",
        "organization": null,
        "abstract": " This article investigates the integration of an interactiveconstraint solver into an existing 2--D real--time animationenvironment in order to achieve a better observability,traceability, and stability of the individual graphical objects.We present two approaches for assigning constraintsto the objects. The first approach assigns constraints to theobjects when they are created keeping them stable duringtheir entire life--time. The second approach dynamicallychanges constraints before...",
        "email": null,
        "conf": "Visual Languages/Human-Centric Computing Languages and Environments",
        "coauthors": [
            "peer griebel",
            "georg lehrenfeld",
            "christoph tahedl",
            "holger uhr"
        ],
        "keywords": "Real-time Animation,Real Time,"
    },
    {
        "id": 7022,
        "label": "1095",
        "author": "Wolfgang M&uuml;ller",
        "title": "Transforming SDL Diagrams into a Complete Visual Representation",
        "organization": null,
        "abstract": "Abstract: We investigate a translation of SDL diagrams into the complete visual representation of Pictorial Janus (PJ) programs in order to analyze the specification by visual debugging and animation. We additionally introduce timing concepts to PJ (Timed PJ) for a mapping of the SDL timing statements. The concepts transforming SDL interaction and process diagrams into Timed PJ are outlined by",
        "email": null,
        "conf": "Visual Languages/Human-Centric Computing Languages and Environments",
        "coauthors": [
            "georg lehrenfeld",
            "christoph tahedl"
        ],
        "keywords": "Protocol Specification,Visual Representation,"
    },
    {
        "id": 7023,
        "label": "1095",
        "author": "Wolfgang M&uuml;ller",
        "title": "A Visual Framework for the Scripting of Parallel Agents",
        "organization": null,
        "abstract": " This article presents SAL (Synchronous AgentLanguage), a general-purpose grid{based 2D programminglanguage for parallel system speci\fcation, implementation,and visualization. SAL agents have a depictionand a behavior. The behavior is de\fned bythe means of state transition rules. The depiction isgiven by the drawing area on its surface. Actions inrules can execute drawing operations for dynamicallychanging the depiction during runtime. For a broaderrange of",
        "email": null,
        "conf": "Visual Languages/Human-Centric Computing Languages and Environments",
        "coauthors": [
            "arne meyer",
            "henning zabel"
        ],
        "keywords": "Parallel Systems,State Transition,"
    },
    {
        "id": 7024,
        "label": "1095",
        "author": "Wolfgang M&uuml;ller",
        "title": "Transformation of UML State Machines for Direct Execution",
        "organization": null,
        "abstract": NaN,
        "email": null,
        "conf": "Visual Languages/Human-Centric Computing Languages and Environments",
        "coauthors": [
            "tim schattkowsky"
        ],
        "keywords": "State Machine,"
    },
    {
        "id": 7025,
        "label": "1095",
        "author": "Wolfgang M&uuml;ller",
        "title": "Customer-Oriented Systems Design through Virtual Prototypes",
        "organization": null,
        "abstract": " Rapid prototyping based on 3D models is well acceptedfor several applications. This article addresses the applicationof animated virtual 3D prototypes for the developmentof computer-based systems supporting early collaborationof the system designer with the external customer. Ourmethodology seamlessly integrates illustration through 3Danimation with the main tasks of computer-based real-timesystems development, i.e., implementation and verification.The approach is outlined by the...",
        "email": null,
        "conf": "Workshop on Enabling Technologies: Infrastructure for Collaborative Enterprises",
        "coauthors": [
            "stephan flake",
            "christian geiger",
            "volker paelke",
            "waldemar rosenbach",
            "jürgen ruf"
        ],
        "keywords": "3d model,Customer Orientation,Rapid Prototyping,System Design,Virtual Prototyping,"
    },
    {
        "id": 7026,
        "label": "1095",
        "author": "Wolfgang M&uuml;ller",
        "title": "Formal Semantics of OCL Messages",
        "organization": null,
        "abstract": "Abstract The latest OCL 2.0 proposal provides two semantic descriptions, i.e., a metamodelbased semantics that uses UML itself to associate the semantic domain with the language concepts and a formal semantics based on a set-theoretic approach called object model. Unfortunately, these two semantics are currently neither consistent nor complete, as (a) the formal semantics does not consider the newly introduced",
        "email": null,
        "conf": "Electronic Notes in Theoretical Computer Science",
        "coauthors": [
            "stephan flake"
        ],
        "keywords": "Formal Semantics,Object Model,Semantic Description,"
    },
    {
        "id": 7027,
        "label": "1095",
        "author": "Wolfgang M&uuml;ller",
        "title": "Werkzeugintegration und verwaltung in heterogenen Computernetzwerken (Tool Integration and Management in Heterogeneous Computer Networks)",
        "organization": null,
        "abstract": NaN,
        "email": null,
        "conf": "Information Technology",
        "coauthors": [
            "heinz-josef eikerling",
            "jan wegner"
        ],
        "keywords": "Heterogeneous Computing,Tool Integration,"
    },
    {
        "id": 7028,
        "label": "1095",
        "author": "Wolfgang M&uuml;ller",
        "title": "Formal semantics of static and temporal state-oriented OCL constraints",
        "organization": null,
        "abstract": "The textual Object Constraint Language (OCL) is primarily intended to specify restrictions over UML class diagrams, in particular class invariants, oper- ation pre-, and postconditions. Based on several improve- ments in the definition of the language concepts in last years, a proposal for a new version of OCL has recently been published (43). That document provides an exten- sive OCL",
        "email": null,
        "conf": "Software and System Modeling",
        "coauthors": [
            "stephan flake"
        ],
        "keywords": "Formal Semantics,Mathematical Model,Object Constraint Language,Semantic Description,Temporal Logic,uml class diagram,uml profile,Real Time,"
    },
    {
        "id": 7029,
        "label": "1097",
        "author": "Wolfgang M&uuml;ller",
        "title": "Enhancing the visualization process with principal component analysis to support the exploration of trends",
        "organization": null,
        "abstract": "This paper describes the integration of the Principal Component Analysis into the Visualization Process. Although, the combination of Principal Component Analysis (PCA) and visual methods is a common approach to the analysis of high-dimensional datasets, it is mostly limited to a pure preprocessing step for dimension reduction. In this paper we will discuss, how PCA results can be used to",
        "email": null,
        "conf": "Asia Pacific Symposium on Information Visualisation",
        "coauthors": [
            "thomas nocke",
            "heidrun schumann"
        ],
        "keywords": "Dimension Reduction,high dimensional dataset,Information Visualization,Principal Component Analysis,Visual Processing,Visual Representation,"
    },
    {
        "id": 7030,
        "label": "1097",
        "author": "Wolfgang M&uuml;ller",
        "title": "A Virtual Reality Medical Training System",
        "organization": null,
        "abstract": NaN,
        "email": null,
        "conf": "Computer Vision, Virtual Reality and Robotics in Medicine",
        "coauthors": [
            "rolf ziegler",
            "georg fischer",
            "martin göbel"
        ],
        "keywords": "Medical Training,Virtual Reality,"
    },
    {
        "id": 7031,
        "label": "1097",
        "author": "Wolfgang M&uuml;ller",
        "title": "Design Issues for Conversational User Interfaces: Animating and Controlling 3D Faces",
        "organization": null,
        "abstract": NaN,
        "email": null,
        "conf": "Deformable Avatars",
        "coauthors": [
            "ulrike spierling",
            "marc alexa",
            "ido iurgel"
        ],
        "keywords": "User Interface,"
    },
    {
        "id": 7032,
        "label": "1097",
        "author": "Wolfgang M&uuml;ller",
        "title": "CharanisML: A Flexible Virtual Actor Control Interface",
        "organization": null,
        "abstract": NaN,
        "email": null,
        "conf": "Edutainment - International Conference on E-learning and Games",
        "coauthors": [
            "sebastian a. weiß",
            "florian berger",
            "alexander marbach"
        ],
        "keywords": "Virtual Actor,"
    },
    {
        "id": 7033,
        "label": "1097",
        "author": "Wolfgang M&uuml;ller",
        "title": "The Potential of Interactive Digital Storytelling for the Creation of Educational Computer Games",
        "organization": null,
        "abstract": NaN,
        "email": null,
        "conf": "Edutainment - International Conference on E-learning and Games",
        "coauthors": [
            "sebastian a. weiß"
        ],
        "keywords": "Digital Storytelling,Educational Computer Game,"
    },
    {
        "id": 7034,
        "label": "1097",
        "author": "Wolfgang M&uuml;ller",
        "title": "Adaptivity in Game-Based Learning: A New Perspective on Story",
        "organization": null,
        "abstract": NaN,
        "email": null,
        "conf": "Interactive Digital Storytelling",
        "coauthors": [
            "florian berger"
        ],
        "keywords": "Game Based Learning,"
    },
    {
        "id": 7035,
        "label": "1097",
        "author": "Wolfgang M&uuml;ller",
        "title": "Steps towards a Generic Interface between Interactive Storytelling Applications and Character Animation Engines",
        "organization": null,
        "abstract": NaN,
        "email": null,
        "conf": "Interactive Digital Storytelling",
        "coauthors": [
            "sebastian a. weiß",
            "florian berger",
            "alexander marbach"
        ],
        "keywords": "Character Animation,Interactive Storytelling,"
    },
    {
        "id": 7036,
        "label": "1097",
        "author": "Wolfgang M&uuml;ller",
        "title": "Learning with Interactive Stories",
        "organization": null,
        "abstract": NaN,
        "email": null,
        "conf": "IFIP TC3 Publications",
        "coauthors": [
            "sebastian a. weiß"
        ],
        "keywords": null
    },
    {
        "id": 7037,
        "label": "1097",
        "author": "Wolfgang M&uuml;ller",
        "title": "Visualizing Time-Series on Spirals",
        "organization": null,
        "abstract": "In this paper, we present a new approach for the visualiza- tion of time-series data based on spirals. Different to classi- cal bar charts and line graphs, the spiral is suited to visualize large data sets and supports much better the iden- tification of periodic structures in the data. Moreover, it sup- ports both the visualization of nominal and quantitative",
        "email": null,
        "conf": "IEEE Symposium on Information Visualization",
        "coauthors": [
            "marc weber",
            "marc alexa"
        ],
        "keywords": "Data Mining,Graph Drawing,Information Visualization,Large Data Sets,Line Graph,Periodic Structure,Time Series,Time Series Data,"
    },
    {
        "id": 7038,
        "label": "1097",
        "author": "Wolfgang M&uuml;ller",
        "title": "LAHYSTOTRAIN - Integration of Virtual Environments and ITS to Surgery Training",
        "organization": null,
        "abstract": NaN,
        "email": null,
        "conf": "Intelligent Tutoring Systems",
        "coauthors": [
            "josé luis los arcos",
            "oscar fuente",
            "leire orúe",
            "eder arroyo",
            "igor leaznibarrutia",
            "judit santander"
        ],
        "keywords": "Virtual Environment,"
    },
    {
        "id": 7039,
        "label": "1097",
        "author": "Wolfgang M&uuml;ller",
        "title": "European Research Forum Panel Session Envisioning Research Challenges in Visual Analytics",
        "organization": null,
        "abstract": NaN,
        "email": null,
        "conf": "International Conference on Information Visualisation",
        "coauthors": [
            "mikael jern",
            "ebad banissi",
            "gennady l. andrienko",
            "daniel a. keim"
        ],
        "keywords": "Visual Analytics,"
    },
    {
        "id": 7040,
        "label": "1097",
        "author": "Wolfgang M&uuml;ller",
        "title": "Scenejo - An Interactive Storytelling Platform",
        "organization": null,
        "abstract": NaN,
        "email": null,
        "conf": "International Conference on Virtual Storytelling",
        "coauthors": [
            "sebastian a. weiß",
            "ulrike spierling",
            "florian steimle"
        ],
        "keywords": "Interactive Storytelling,"
    },
    {
        "id": 7041,
        "label": "1097",
        "author": "Wolfgang M&uuml;ller",
        "title": "Towards Accessible Authoring Tools for Interactive Storytelling",
        "organization": null,
        "abstract": NaN,
        "email": null,
        "conf": "Technologies for Interactive Digital Storytelling and Entertainment",
        "coauthors": [
            "ulrike spierling",
            "sebastian a. weiß"
        ],
        "keywords": "Authoring Tool,Interactive Storytelling,"
    },
    {
        "id": 7042,
        "label": "1097",
        "author": "Wolfgang M&uuml;ller",
        "title": "Visual Component Analysis",
        "organization": null,
        "abstract": NaN,
        "email": null,
        "conf": "Joint Eurographics - IEEE TCVG Symposium on Visualization",
        "coauthors": [
            "marc alexa"
        ],
        "keywords": "Component Analysis,"
    },
    {
        "id": 7043,
        "label": "1097",
        "author": "Wolfgang M&uuml;ller",
        "title": "The morph node",
        "organization": null,
        "abstract": "We discuss potential and limitations of a Morph Node, inspired by the corresponding construct in Java3D. A Morph Node in Java3D interpolates vertex attributes among several homeomorphic geometries. This node is a promising candidate for the delivery of 3D animation in a very compact form. We review the state-of-the-art in Web 3D techniques with respect to the possibility of interpolating",
        "email": null,
        "conf": "Web3D / VRML Symposium",
        "coauthors": [
            "marc alexa",
            "johannes behr"
        ],
        "keywords": "3d animation,Virtual Human,"
    },
    {
        "id": 7044,
        "label": "1097",
        "author": "Wolfgang M&uuml;ller",
        "title": "Visualization for modeling and simulation: visualization methods for time-dependent data - an overview",
        "organization": null,
        "abstract": "Visualization has been successfully applied to analyse time-dependent data for a long time now. Lately, a number of new approaches have been introduced, promising more effective graphs especially for large datasets and multiparameter data. In this paper, we give an overview on the visualization of time-series data and the available techniques. We provide a taxonomy and discuss general aspects of",
        "email": null,
        "conf": "Winter Simulation Conference",
        "coauthors": [
            "heidrun schumann"
        ],
        "keywords": "large dataset,Modeling and Simulation,Multivariate Data,Time Series Data,Time Dependent,"
    },
    {
        "id": 7045,
        "label": "1097",
        "author": "Wolfgang M&uuml;ller",
        "title": "Visualizing time-oriented data - A systematic view",
        "organization": null,
        "abstract": "The analysis of time-oriented data is an important task in many application sce- narios. In recent years, a variety of techniques for visualizing such data have been published. This variety makes it dicult for prospective users to select methods or tools that are useful for their particular task at hand. In this article, we develop and discuss a systematic view",
        "email": null,
        "conf": "Computers & Graphics",
        "coauthors": [
            "wolfgang aigner",
            "silvia miksch",
            "heidrun schumann",
            "christian tominski"
        ],
        "keywords": "Visual Analytics,"
    },
    {
        "id": 7046,
        "label": "1097",
        "author": "Wolfgang M&uuml;ller",
        "title": "Computer aided surgery--vision and feasibility of an advanced operation theatre",
        "organization": null,
        "abstract": NaN,
        "email": null,
        "conf": "Computers & Graphics",
        "coauthors": [
            "stefan großkopf",
            "axel hildebrand",
            "rainer malkewitz",
            "rolf ziegler",
            "georgi graschew"
        ],
        "keywords": null
    },
    {
        "id": 7047,
        "label": "1097",
        "author": "Wolfgang M&uuml;ller",
        "title": "Face-to-face with your assistant. Realization issues of animated user interface agents for home appliances",
        "organization": null,
        "abstract": NaN,
        "email": null,
        "conf": "Computers & Graphics",
        "coauthors": [
            "ulrike spierling",
            "marc alexa",
            "thomas rieger"
        ],
        "keywords": "User Interface,Face To Face,"
    },
    {
        "id": 7048,
        "label": "1097",
        "author": "Wolfgang M&uuml;ller",
        "title": "Representing Animations by Principal Components",
        "organization": null,
        "abstract": "In this paper, we present a representation for three-dimensional geometric animation sequences. Different from standard key-frame techniques, this approach is based on the determination of principal animation components and decouples the animation from the underlying geometry. The new representation supports progressive ani- mation compression with spatial, as well as temporal, level-of-detail and high compression ratios. The distinc- tion of animation",
        "email": null,
        "conf": "Computer Graphics Forum",
        "coauthors": [
            "marc alexa"
        ],
        "keywords": "Compression Ratio,Principal Component,Three Dimensional,Level of Detail,"
    },
    {
        "id": 7049,
        "label": "1097",
        "author": "Wolfgang M&uuml;ller",
        "title": "Informationsvisualisierung: Methoden und Perspektiven",
        "organization": null,
        "abstract": NaN,
        "email": null,
        "conf": "Information Technology",
        "coauthors": [
            "heidrun schumann"
        ],
        "keywords": null
    },
    {
        "id": 7050,
        "label": "1097",
        "author": "Wolfgang M&uuml;ller",
        "title": "Visual Methods for Analyzing Time-Oriented Data",
        "organization": null,
        "abstract": "Abstract—Providing appropriate,methods,to facilitate the anal- ysis of time-oriented data,is a key,issue in many,application domains. In this paper, we focus on the unique role of the parameter,time in the context of visually driven,data analysis. We will discuss three major aspects ‐ visualization, analysis, and the user. It will be illustrated that it is necessary,to consider the characteristics of time when,generating,visual representations.",
        "email": null,
        "conf": "IEEE Transactions on Visualization and Computer Graphics",
        "coauthors": [
            "wolfgang aigner",
            "silvia miksch",
            "heidrun schumann",
            "christian tominski"
        ],
        "keywords": "Analytical Method,Data Analysis,Data Visualization,Indexing Terms,Principal Component Analysis,Temporal Data,Visual Analysis,Visual Representation,"
    }
]