[
    {
        "id": 7079,
        "label": "1104",
        "author": "Xiaobing Feng",
        "title": "Detecting and Eliminating Potential Violations of Sequential Consistency for Concurrent C/C++ Programs",
        "organization": null,
        "abstract": NaN,
        "email": null,
        "conf": "Symposium on Code Generation and Optimization",
        "coauthors": [
            "yuelu duan",
            "lei wang",
            "chao zhang",
            "pen-chung yew"
        ],
        "keywords": "Sequential Consistency,"
    },
    {
        "id": 7080,
        "label": "1104",
        "author": "Xiaobing Feng",
        "title": "An adaptive task creation strategy for work-stealing scheduling",
        "organization": null,
        "abstract": "Work-stealing is a key technique in many multi-threading programming languages to get good load balancing. The current work-stealing techniques have a high implementation overhead in some applications and require a large amount of memory space for data copying to assure correctness. They also cannot handle many application programs that have an unbalanced call tree or have no definitive working sets.",
        "email": null,
        "conf": "Symposium on Code Generation and Optimization",
        "coauthors": [
            "lei wang",
            "huimin cui",
            "yuelu duan",
            "fang lu",
            "pen-chung yew"
        ],
        "keywords": "Backtrack Search,Load Balance,Programming Language,Work Stealing,"
    },
    {
        "id": 7081,
        "label": "1104",
        "author": "Xiaobing Feng",
        "title": "Level by level: making flow and context-sensitive pointer analysis scalable for millions of lines of code",
        "organization": null,
        "abstract": "We present a practical and scalable method for flow- and context-sensitive (FSCS) pointer analysis for C programs. Our method analyzes the pointers in a program level by level in terms of their points-to levels, allowing the points-to relations of the pointers at a particular level to be discovered based on the points-to relations of the pointers at this level and",
        "email": null,
        "conf": "Symposium on Code Generation and Optimization",
        "coauthors": [
            "hongtao yu",
            "jingling xue",
            "wei huo",
            "zhaoqing zhang"
        ],
        "keywords": "Alias Analysis,Pointer Analysis,Program Analysis,Sensitivity Analysis,Lines of Code,Transfer Function,"
    },
    {
        "id": 7082,
        "label": "1104",
        "author": "Xiaobing Feng",
        "title": "Global Tiling for Communication Minimal Parallelization on Distributed Memory Systems",
        "organization": null,
        "abstract": NaN,
        "email": null,
        "conf": "European Conference on Parallel Processing",
        "coauthors": [
            "lei liu",
            "li chen",
            "chengyong wu"
        ],
        "keywords": "Distributed Memory,"
    },
    {
        "id": 7083,
        "label": "1104",
        "author": "Xiaobing Feng",
        "title": "Exploiting idle register classes for fast spill destination",
        "organization": null,
        "abstract": "On today's microprocessors, there often exist several different types of registers, e.g. general purpose registers and floating point registers. A given program may use one type of registers much more frequently than other types. This creates an opportunity to employ the infrequently used registers as spill destinations for the more frequently used register types. In this paper, we present a",
        "email": null,
        "conf": "International Conference on Supercomputing",
        "coauthors": [
            "fang lu",
            "lei wang",
            "zhiyuan li",
            "zhaoqing zhang"
        ],
        "keywords": "Code Optimization,Data Transfer,Floating Point,"
    },
    {
        "id": 7084,
        "label": "1104",
        "author": "Xiaobing Feng",
        "title": "An Overview of the Open Research Compiler",
        "organization": null,
        "abstract": NaN,
        "email": null,
        "conf": "Languages and Compilers for Parallel Computing",
        "coauthors": [
            "chengyong wu",
            "ruiqi lian",
            "junchao zhang",
            "roy ju",
            "sun chan",
            "lixia liu",
            "zhaoqing zhang"
        ],
        "keywords": "Open Research Compiler,"
    },
    {
        "id": 7085,
        "label": "1104",
        "author": "Xiaobing Feng",
        "title": "Software-Hardware Cooperative DRAM Bank Partitioning for Chip Multiprocessors",
        "organization": null,
        "abstract": NaN,
        "email": null,
        "conf": "Network and Parallel Computing",
        "coauthors": [
            "wei mi",
            "jingling xue",
            "yao-cang jia"
        ],
        "keywords": "Chip Multiprocessor,"
    },
    {
        "id": 7086,
        "label": "1104",
        "author": "Xiaobing Feng",
        "title": "Continuous speculative program parallelization in software",
        "organization": null,
        "abstract": "This paper addresses the problem of extracting coarse-grained par- allelism from large sequential code. It builds on BOP, a system for software speculative parallelization. BOP lets a user to mark pos- sibly parallel regions (PPR) in a program and at run-time specula- tively executes PPR instances using Unix processes. This short pa- per presents a new run-time support called continuous",
        "email": null,
        "conf": "Principles and Practice of Parallel Programming",
        "coauthors": [
            "chao zhang",
            "chen ding",
            "xiaoming gu",
            "kirk kelsey",
            "tongxin bai"
        ],
        "keywords": "Coarse Grained,"
    },
    {
        "id": 7087,
        "label": "1104",
        "author": "Xiaobing Feng",
        "title": "Global Partial Replicate Computation Partitioning",
        "organization": null,
        "abstract": NaN,
        "email": null,
        "conf": "Journal of Computer Research and Development",
        "coauthors": [
            "yiran wang",
            "li chen",
            "zhaoqing zhang"
        ],
        "keywords": null
    },
    {
        "id": 7088,
        "label": "1104",
        "author": "Xiaobing Feng",
        "title": "Integrating Parallelizing Compilation Technologies for SMP Clusters",
        "organization": null,
        "abstract": NaN,
        "email": null,
        "conf": "Journal of Computer Science and Technology",
        "coauthors": [
            "li chen",
            "yiran wang",
            "an xiao-mi",
            "lin ma",
            "chun-lei sang",
            "zhaoqing zhang"
        ],
        "keywords": "Parallelizing Compilers,Smp Cluster,"
    },
    {
        "id": 7089,
        "label": "1104",
        "author": "Xiaobing Feng",
        "title": "PARBLO: Page-Allocation-Based DRAM Row Buffer Locality Optimization",
        "organization": null,
        "abstract": NaN,
        "email": null,
        "conf": "Journal of Computer Science and Technology",
        "coauthors": [
            "wei mi",
            "yao-cang jia",
            "li chen",
            "jingling xue"
        ],
        "keywords": null
    }
]