[
    {
        "id": 7101,
        "label": "1112",
        "author": "Xiaolan Zhang",
        "title": "Corpus Linguistics for Establishing The Natural Language Content of Digital Library Documents",
        "organization": null,
        "abstract": "Digital Libraries will hold huge amounts of text and other forms of information. For the collections to be maximally useful, they must be highly organized with useful indexes and intra- and inter-document linkages. This brings with it a demand for ever-better methods for automated analysis of text to build the indexes and links. It requires turning implicit information, \"encrypted in",
        "email": null,
        "conf": "Digital Libraries",
        "coauthors": [
            "robert p. futrelle",
            "yumiko sekiya"
        ],
        "keywords": "Authoring Tool,Corpus Linguistic,Digital Library,Indexation,kolmogorov complexity,Natural Language,Query Expansion,Syntactic Analysis,"
    },
    {
        "id": 7102,
        "label": "1113",
        "author": "Xiaolan Zhang",
        "title": "Modeling RFID Security",
        "organization": null,
        "abstract": NaN,
        "email": null,
        "conf": "Conference on Information Security and Cryptology",
        "coauthors": [
            "brian king"
        ],
        "keywords": null
    },
    {
        "id": 7103,
        "label": "1113",
        "author": "Xiaolan Zhang",
        "title": "Integrity Improvements to an RFID Privacy Protection Protocol for Anti-counterfeiting",
        "organization": null,
        "abstract": NaN,
        "email": null,
        "conf": "Information Security Conference/Information Security Workshop",
        "coauthors": [
            "brian king"
        ],
        "keywords": "Privacy Protection,"
    },
    {
        "id": 7104,
        "label": "1113",
        "author": "Xiaolan Zhang",
        "title": "Securing the Pharmaceutical Supply Chain using RFID",
        "organization": null,
        "abstract": "RFID technology has been applied to a number of ap- plications. In (5), a protocol was described how to apply RFID to currency to provide integrity (e.g. reduce coun- terfeiting) while simultaneously supporting privacy. In this paper we discuss how RFID can be applied to increase integrity in the pharmaceutical supply chain. A secured pharmaceutical supply chain will increase integrity,",
        "email": null,
        "conf": "Multimedia and Ubiquitous Engineering",
        "coauthors": [
            "brian king"
        ],
        "keywords": "Privacy Protection,Security Model,Supply Chain,"
    },
    {
        "id": 7105,
        "label": "1113",
        "author": "Xiaolan Zhang",
        "title": "Security Requirements for RFID Computing Systems",
        "organization": null,
        "abstract": NaN,
        "email": null,
        "conf": "International Journal of Network Security",
        "coauthors": [
            "brian king"
        ],
        "keywords": "Security Requirements,"
    },
    {
        "id": 7106,
        "label": "1113",
        "author": "Xiaolan Zhang",
        "title": "An Anti-Counterfeiting RFID Privacy Protection Protocol",
        "organization": null,
        "abstract": NaN,
        "email": null,
        "conf": "Journal of Computer Science and Technology",
        "coauthors": [
            "brian king"
        ],
        "keywords": "Privacy Protection,"
    }
]