[
    {
        "id": 7210,
        "label": "1123",
        "author": "Xin Dong",
        "title": "A method for generating volumetric features from surface features",
        "organization": null,
        "abstract": "Form features may be represented both as surfaces and as volumes. Volumetric features are neeessary in automated process planning for relating a feature to the extent of ma- terial to be removed from a ~ and for capturing the global chamcteristics of a part, such as tool accessibility. In this paper, a method witl be presented for generating volumet- ric",
        "email": null,
        "conf": "International Journal of Computational Geometry and Applications",
        "coauthors": [
            "michael j. wozny"
        ],
        "keywords": "Process Planning,"
    },
    {
        "id": 7211,
        "label": "1124",
        "author": "Xin Dong",
        "title": "A method for generating volumetric features from surface features",
        "organization": null,
        "abstract": "Form features may be represented both as surfaces and as volumes. Volumetric features are neeessary in automated process planning for relating a feature to the extent of ma- terial to be removed from a ~ and for capturing the global chamcteristics of a part, such as tool accessibility. In this paper, a method witl be presented for generating volumet- ric",
        "email": null,
        "conf": "International Journal of Computational Geometry and Applications",
        "coauthors": [
            "michael j. wozny"
        ],
        "keywords": "Process Planning,"
    },
    {
        "id": 7212,
        "label": "1125",
        "author": "Xin Dong",
        "title": "Petri-net-based Context-related Access Control in Workflow Environment",
        "organization": null,
        "abstract": NaN,
        "email": null,
        "conf": "Computer Supported Cooperative Work in Design",
        "coauthors": [
            "gang chen",
            "jianwei yin",
            "jinxiang dong"
        ],
        "keywords": "Access Control,petri net,"
    },
    {
        "id": 7213,
        "label": "1126",
        "author": "Xin Dong",
        "title": "Multithreaded Geant4: Semi-automatic Transformation into Scalable Thread-Parallel Software",
        "organization": null,
        "abstract": "This work presents an application case study. Geant4 is a 750,000 line toolkit rst designed in the mid-1990s and originally intended only for sequential computation. Intel's promise of an 80-core CPU meant that Geant4 users would have to struggle in the future with 80 processes on one CPU chip, each one having a gigabyte memory footprint. Thread parallelism would be",
        "email": null,
        "conf": "European Conference on Parallel Processing",
        "coauthors": [
            "gene cooperman",
            "john apostolakis"
        ],
        "keywords": "Case Study,Experimental Tests,Memory Allocation,Performance Improvement,Transform Coding,"
    },
    {
        "id": 7214,
        "label": "1126",
        "author": "Xin Dong",
        "title": "Scalable Task-Oriented Parallelism for Structure Based Incomplete LU Factorization",
        "organization": null,
        "abstract": "ILU(k) is an important preconditioner widely used in many linear algebra solvers for sparse matrices. Unfortunately, there is still no highly scalable parallel ILU(k) algorithm. This paper presents the first such scalable algorithm. For example, the new algor ithm achieves 50 times speedup with 80 nodes for general sparse matrices of dimension 160,000 that are diagonally dominant. The algorithm assumes",
        "email": null,
        "conf": "Computing Research Repository",
        "coauthors": [
            "gene cooperman"
        ],
        "keywords": "Gaussian Elimination,Gigabit Ethernet,Grid Computing,High Performance,Incomplete Lu Factorization,Linear Algebra,Parallel Computer,Sparse Matrices,Use Case,"
    },
    {
        "id": 7215,
        "label": "1127",
        "author": "Xin Dong",
        "title": "A Parameter-Free Clustering Algorithm Based on Density Model",
        "organization": null,
        "abstract": NaN,
        "email": null,
        "conf": "International Conference for Young Computer Scientists",
        "coauthors": [
            "jun mu",
            "hongxiao fei"
        ],
        "keywords": "Cluster Algorithm,"
    },
    {
        "id": 7216,
        "label": "1128",
        "author": "Xin Dong",
        "title": "Implementation of MPEG2 AAC on 16bit Fixed-Point DSP",
        "organization": null,
        "abstract": NaN,
        "email": null,
        "conf": "Asia Pacific Conference on Circuits and Systems",
        "coauthors": [
            "hui wang",
            "wenbin xu",
            "chuanzhen li",
            "wenhua yu"
        ],
        "keywords": "Fixed Point,"
    }
]