[
    {
        "id": 7226,
        "label": "1130",
        "author": "Xingming Zhang",
        "title": "Scheduling Multicast Traffic in a Combined Input Separate Output Queued Switch",
        "organization": null,
        "abstract": NaN,
        "email": null,
        "conf": "Network and Parallel Computing",
        "coauthors": [
            "ximing hu",
            "binqiang wang",
            "zhengrong zhao"
        ],
        "keywords": "Output Queued,"
    },
    {
        "id": 7227,
        "label": "1130",
        "author": "Xingming Zhang",
        "title": "A High-Performance Scheduling Algorithm Based on Packet Sto",
        "organization": null,
        "abstract": NaN,
        "email": null,
        "conf": "Semantics, Knowledge and Grid",
        "coauthors": [
            "jing qu",
            "ximing hu",
            "peng yi",
            "binqiang wang"
        ],
        "keywords": "High Performance,Scheduling Algorithm,"
    }
]