[
    {
        "id": 7229,
        "label": "1131",
        "author": "Xu Wang",
        "title": "Self-organization Data Gathering for Wireless Sensor Networks",
        "organization": null,
        "abstract": NaN,
        "email": null,
        "conf": "Mobile Sensor Networks",
        "coauthors": [
            "hongli xu",
            "liusheng huang",
            "junmin wu",
            "yang wang",
            "jichun wang"
        ],
        "keywords": "Data Gathering,Self Organization,Wireless Sensor Network,"
    }
]