[
    {
        "id": 7231,
        "label": "1132",
        "author": "Xue Liu",
        "title": "Chaos Detection in the Firing Activities of Retinal Ganglion Cells in Response to Natural Stimuli",
        "organization": null,
        "abstract": NaN,
        "email": null,
        "conf": "International Conference on BioMedical Engineering and Informatics",
        "coauthors": [
            "chao-feng cai",
            "ying-ying zhang",
            "pei-ji liang",
            "pu-ming zhang"
        ],
        "keywords": "Natural Stimuli,Retinal Ganglion Cell,"
    },
    {
        "id": 7232,
        "label": "1132",
        "author": "Xue Liu",
        "title": "A New Method for Multiple Spike Train Analysis Based on Information Discrepancy",
        "organization": null,
        "abstract": NaN,
        "email": null,
        "conf": "International Conference on Neural Information Processing",
        "coauthors": [
            "guang-li wang",
            "pu-ming zhang",
            "pei-ji liang"
        ],
        "keywords": "Spike Train Analysis,"
    }
]