[
    {
        "id": 7365,
        "label": "1145",
        "author": "Yan Qi",
        "title": "Table summarization with the help of domain lattices",
        "organization": null,
        "abstract": "Table summarization is necessary in various scenarios where it is hard to display a large table. It can benefit from knowledge about acceptable value clustering alternatives. In this paper, we formulate the problem of table summarization with the help of domain knowledge lattices. We provide the outline of a fuzzy mechanism to express alternative clustering strategies. We further sketch a",
        "email": null,
        "conf": "International Conference on Information and Knowledge Management",
        "coauthors": [
            "k. selçuk candan",
            "huiping cao",
            "maria luisa sapino"
        ],
        "keywords": "Domain Knowledge,Set Cover,"
    },
    {
        "id": 7366,
        "label": "1145",
        "author": "Yan Qi",
        "title": "Exploring path query results through relevance feedback",
        "organization": null,
        "abstract": "Feedback driven data exploration schemes have been implemented for non-structured data (such as text) and document-centric XML collections where formulating precise queries is often impossible. In this paper, we study the problem of enabling exploratory access, through ranking, to data-centric XML. Given a path query and a set of results identified by the system to this query over the data,",
        "email": null,
        "conf": "International Conference on Information and Knowledge Management",
        "coauthors": [
            "huiping cao",
            "k. selçuk candan",
            "maria luisa sapino"
        ],
        "keywords": "Data Exploration,Dependence Structure,Relevance Feedback,Non Structural,"
    },
    {
        "id": 7367,
        "label": "1145",
        "author": "Yan Qi",
        "title": "QUEST: QUery-driven Exploration of Semistructured Data with ConflicTs and Partial Knowledge",
        "organization": null,
        "abstract": "An important reality when integrating sci- entific data is the fact that data may often be \"missing\", partially specified, or conflict- ing. Therefore, in this paper, we present an assertion-based data model that captures both value-based and structure-based \"nulls\" in data. We also introduce the QUEST sys- tem, which leverages the proposed model for Query-driven Exploration of Semistructured data with",
        "email": null,
        "conf": "Clean Databases",
        "coauthors": [
            "k. selçuk candan",
            "maria luisa sapino",
            "keith w. kintigh"
        ],
        "keywords": "Data Model,semistructured data,"
    },
    {
        "id": 7368,
        "label": "1145",
        "author": "Yan Qi",
        "title": "AlphaSum: size-constrained table summarization using value lattices",
        "organization": null,
        "abstract": "Consider a scientist who wants to explore multiple data sets to select the relevant ones for further analysis. Since the vi- sualization real estate may put a stringent constraint on how much detail can be presented to this user in a single page, ef- fective table summarization techniques are needed to create summaries that are both sufficiently small and effective",
        "email": null,
        "conf": "Extending Database Technology",
        "coauthors": [
            "k. selçuk candan",
            "huiping cao",
            "maria luisa sapino"
        ],
        "keywords": "cumulant,Experimental Evaluation,Information Loss,Real Estate,Search Space,Set Cover,"
    },
    {
        "id": 7369,
        "label": "1145",
        "author": "Yan Qi",
        "title": "Feedback-driven result ranking and query refinement for exploring semi-structured data collections",
        "organization": null,
        "abstract": "Feedback process has been used extensively in document-centric applications, such as text retrieval and multimedia retrieval. Recently, there have been efforts to apply feedback to semi-structured XML document collections as well. In this paper, we note that feedback can also be an effective tool for exploring (through result ranking and query refinement) large semi-structured data collections. In particular, in large",
        "email": null,
        "conf": "Extending Database Technology",
        "coauthors": [
            "huiping cao",
            "k. selçuk candan",
            "maria luisa sapino"
        ],
        "keywords": "Data Sharing,Dependence Structure,Finite Automata,Large Scale,Multimedia Retrieval,Query Refinement,Relevance Feedback,semi-structured data,Text Retrieval,Xml Document,"
    },
    {
        "id": 7370,
        "label": "1145",
        "author": "Yan Qi",
        "title": "CUTS: CUrvature-based development pattern analysis and segmentation for blogs and other Text Streams",
        "organization": null,
        "abstract": "Weblogs (blogs) are becoming prominent forms of informa- tion exchange in the Internet. A large number and variety of blogs, like personal journals or commentaries, are available for general consumption. However, effective indexes and navigation structures (like the table of content in a book) are not available for blogs. Therefore, it is generally not possible to navigate among entries in",
        "email": null,
        "conf": "ACM Conference on Hypertext",
        "coauthors": [
            "k. selçuk candan"
        ],
        "keywords": "Automatic Segmentation,Indexation,Table of Contents,"
    },
    {
        "id": 7371,
        "label": "1145",
        "author": "Yan Qi",
        "title": "FMware: Middleware for Efficient Filtering and Matching of XML Messages with Local Data",
        "organization": null,
        "abstract": "XML message filtering systems are used for sifting through real-time messages to support business data mining and reporting. An XML message filtering system needs to (a) process registered filter pred- icates on multiple distributed real-time streams and (b) match and val- idate the filter results with local data to identify the relevant data that can be used for higher-level processing.",
        "email": null,
        "conf": "International Conference on Distributed Systems Platforms and Open Distributed Processing/Open Distributed Processing",
        "coauthors": [
            "k. selçuk candan",
            "mehmet emin dönderler",
            "jaikannan ramamoorthy",
            "jong wook kim"
        ],
        "keywords": "Data Access,Data Clustering,Data Mining,Middleware,Real Time,"
    },
    {
        "id": 7372,
        "label": "1145",
        "author": "Yan Qi",
        "title": "FICSR: feedback-based inconsistency resolution and query processing on misaligned data sources",
        "organization": null,
        "abstract": "A critical reality in data integration is that knowledge from dif- ferent sources may often be conflicting with each other. Conflict resolution can be costly and, if done without proper context, can be ineffective. In this paper, we propose a novel query-driven and feedback-based approach (FICSR1) to conflict resolution when in- tegrating data sources. In particular, instead of relying on",
        "email": null,
        "conf": "International Conference on Management of Data",
        "coauthors": [
            "k. selçuk candan",
            "maria luisa sapino"
        ],
        "keywords": "Conflict Resolution,Data Integrity,Directional Data,Domain Knowledge,Query Processing,Relevance Feedback,User Feedback,"
    },
    {
        "id": 7373,
        "label": "1145",
        "author": "Yan Qi",
        "title": "Integrating and querying taxonomies with quest in the presence of conflicts",
        "organization": null,
        "abstract": "We present the QUery-driven Exploration of Semistructured data and meta-data with conflicTs and partial knowledge (QUEST) sys- tem for supporting the integration of scientific data and taxonomies in the presence of misalignments and conflicts. QUEST relies on a novel constraint-based data model that captures both value and structural conflicts and enables researchers to observe and resolve such misalignments in the",
        "email": null,
        "conf": "International Conference on Management of Data",
        "coauthors": [
            "k. selçuk candan",
            "maria luisa sapino",
            "keith w. kintigh"
        ],
        "keywords": "Data Model,h.5.2 user interfaces,Heterogeneous Data,Information Search and Retrieval,Query Processing,Relevance Feedback,Scientific Data,semistructured data,"
    },
    {
        "id": 7374,
        "label": "1145",
        "author": "Yan Qi",
        "title": "Supporting OLAP operations over imperfectly integrated taxonomies",
        "organization": null,
        "abstract": "OLAP is an important tool in decision support. With the help of domain knowledge, such as hierarchies of attribute values, OLAP helps the user observe the effects of various decisions. One assumption of most OLAP operations is that the available domain knowledge is precise. In particular, they assume that the hierarchy of values over which the user can navigate forms",
        "email": null,
        "conf": "International Conference on Management of Data",
        "coauthors": [
            "k. selçuk candan",
            "jun'ichi tatemura",
            "songting chen",
            "fenglin liao"
        ],
        "keywords": "Cost Model,Domain Knowledge,Heterogeneous Data Sources,Knowledge Base,Tree Structure,Bottom Up,Decision Support,"
    },
    {
        "id": 7375,
        "label": "1145",
        "author": "Yan Qi",
        "title": "Sum-Max Monotonic Ranked Joins for Evaluating Top-K Twig Queries on Weighted Data Graphs",
        "organization": null,
        "abstract": "In many applications, the underlying data (the web, an XML document, or a relational database) can be seen as a graph. These graphs may be enriched with weights, asso- ciated with the nodes and edges of the graph, denoting ap- plication specific desirability/penalty assessments, such as popularity, trust ,o rcost. A particular challenge when con- sidering such weights in query",
        "email": null,
        "conf": "Very Large Data Bases",
        "coauthors": [
            "k. selçuk candan",
            "maria luisa sapino"
        ],
        "keywords": "Query Evaluation,Query Processing,Relational Database,Weighted Graph,Xml Document,"
    },
    {
        "id": 7376,
        "label": "1145",
        "author": "Yan Qi",
        "title": "Extracting Relevant Snippets fromWeb Documents through Language Model based Text Segmentation",
        "organization": null,
        "abstract": NaN,
        "email": null,
        "conf": "Web Intelligence",
        "coauthors": [
            "qing li",
            "k. selçuk candan"
        ],
        "keywords": "Language Model,Text Segmentation,"
    },
    {
        "id": 7377,
        "label": "1145",
        "author": "Yan Qi",
        "title": "System support for exploration and expert feedback in resolving conflicts during integration of metadata",
        "organization": null,
        "abstract": NaN,
        "email": null,
        "conf": "The Vldb Journal",
        "coauthors": [
            "k. selçuk candan",
            "huiping cao",
            "maria luisa sapino"
        ],
        "keywords": null
    },
    {
        "id": 7378,
        "label": "1146",
        "author": "Yan Qi",
        "title": "Deriving a Novel Codon Index by Combining Period3 and Fractal Features of DNA Sequences",
        "organization": null,
        "abstract": NaN,
        "email": null,
        "conf": "IEEE Computer Society Bioinformatics Conference",
        "coauthors": [
            "jianbo gao",
            "yinhe cao",
            "wen-wen tung"
        ],
        "keywords": "Dna Sequence,Indexation,"
    },
    {
        "id": 7379,
        "label": "1146",
        "author": "Yan Qi",
        "title": "Genetic interaction motif finding by expectation maximization - a novel statistical model for inferring gene modules from synthetic lethality",
        "organization": null,
        "abstract": "Background: Synthetic lethality experiments identify pairs of genes with complementary function. More direct functional associations (for example greater probability of membership in a single protein complex) may be inferred between genes that share synthetic lethal interaction partners than genes that are directly synthetic lethal. Probabilistic algorithms that identify gene modules based on motif discovery are highly appropriate for the analysis",
        "email": null,
        "conf": "BMC Bioinformatics",
        "coauthors": [
            "ping ye",
            "joel s. bader"
        ],
        "keywords": "Budding Yeast,Expectation Maximization,Gene Network,Genetics,Motif Discovery,Nonlinear Transformation,Probabilistic Algorithm,Protein Complex,saccharomyces cerevisiae,Statistical Model,"
    },
    {
        "id": 7380,
        "label": "1146",
        "author": "Yan Qi",
        "title": "Toward Hardware-Redundant, Fault-Tolerant Logic for Nanoelectronics",
        "organization": null,
        "abstract": NaN,
        "email": null,
        "conf": "IEEE Design & Test of Computers",
        "coauthors": [
            "jie han",
            "jianbo gao",
            "pieter jonker",
            "josé a. b. fortes"
        ],
        "keywords": "Fault Tolerant,"
    },
    {
        "id": 7381,
        "label": "1146",
        "author": "Yan Qi",
        "title": "Building Innovative Representations of DNA Sequences to Facilitate Gene Finding",
        "organization": null,
        "abstract": NaN,
        "email": null,
        "conf": "IEEE Expert / IEEE Intelligent Systems",
        "coauthors": [
            "jianbo gao",
            "yinhe cao",
            "jing hu"
        ],
        "keywords": "Dna Sequence,Gene Finding,"
    },
    {
        "id": 7382,
        "label": "1146",
        "author": "Yan Qi",
        "title": "Recurrence Time Statistics: Versatile Tools for Genomic Dna Sequence Analysis",
        "organization": null,
        "abstract": "With the completion of the human and a few model organisms' genomes, and the genomes of many other organisms waiting to be sequenced, it has become increasingly important to develop faster computational tools which are capable of easily identifying the structures and extracting features from DNA sequences. One of the more important structures in a DNA se- quence is repeat-related.",
        "email": null,
        "conf": "Journal of Bioinformatics and Computational Biology",
        "coauthors": [
            "yinhe cao",
            "wen-wen tung",
            "jianbo gao"
        ],
        "keywords": "Dna Sequence,Expressed Sequence Tag,Gene Finding,Genomic Dna,Homo Sapiens,Indexation,Prior Knowledge,Sequence Analysis,Non Coding Region,"
    }
]