[
    {
        "id": 7384,
        "label": "1147",
        "author": "Yan Wang",
        "title": "Optimal Social Trust Path Selection in Complex Social Networks",
        "organization": null,
        "abstract": NaN,
        "email": null,
        "conf": "National Conference on Artificial Intelligence",
        "coauthors": [
            "guanfeng liu",
            "mehmet a. orgun"
        ],
        "keywords": "Path Selection,Social Network,"
    },
    {
        "id": 7385,
        "label": "1147",
        "author": "Yan Wang",
        "title": "Accountability Computing for E-society",
        "organization": null,
        "abstract": NaN,
        "email": null,
        "conf": "Advanced Information Networking and Applications",
        "coauthors": [
            "kwei-jay lin",
            "joe zou"
        ],
        "keywords": null
    },
    {
        "id": 7386,
        "label": "1147",
        "author": "Yan Wang",
        "title": "Quality of trust for social trust path selection in complex social networks",
        "organization": null,
        "abstract": NaN,
        "email": null,
        "conf": "Autonomous Agents & Multiagent Systems/Agent Theories, Architectures, and Languages",
        "coauthors": [
            "guanfeng liu",
            "mehmet a. orgun"
        ],
        "keywords": "Path Selection,Social Network,"
    },
    {
        "id": 7387,
        "label": "1147",
        "author": "Yan Wang",
        "title": "Fuzzy Regression Based Trust Prediction in Service-Oriented Applications",
        "organization": null,
        "abstract": NaN,
        "email": null,
        "conf": "Autonomic and Trusted Computing",
        "coauthors": [
            "lei li",
            "vijay varadharajan"
        ],
        "keywords": "Fuzzy Regression,Service Orientation,"
    },
    {
        "id": 7388,
        "label": "1147",
        "author": "Yan Wang",
        "title": "Trust Inference in Complex Trust-Oriented Social Networks",
        "organization": null,
        "abstract": NaN,
        "email": null,
        "conf": "IEEE International Conference on Computational Science and Engineering",
        "coauthors": [
            "guanfeng liu",
            "mehmet a. orgun"
        ],
        "keywords": "Social Network,"
    },
    {
        "id": 7389,
        "label": "1147",
        "author": "Yan Wang",
        "title": "Several Structures for Protecting the Routes of Mobile Agents Dispatched in Parallel",
        "organization": null,
        "abstract": "For mobile agents to be effective in practice, they have to be securely and efficiently deployed. In this paper, we propose and discuss several route structures and methods for mobile agents that are dispatched in parallel. These schemes can protect the route information against malicious hosts and facilitate the dispatching of a large number of agents in parallel efficiently. Under",
        "email": null,
        "conf": "DEXA Workshops",
        "coauthors": [
            "kian-lee tan",
            "xiaolin pang"
        ],
        "keywords": "Malicious Host,Mobile Agent,"
    },
    {
        "id": 7390,
        "label": "1147",
        "author": "Yan Wang",
        "title": "A Parallel Dispatch Model with Secure and Robust Routes for Mobile Agents",
        "organization": null,
        "abstract": NaN,
        "email": null,
        "conf": "Electronic Commerce and Web Technologies",
        "coauthors": [
            "kian-lee tan",
            "xiaolin pang"
        ],
        "keywords": "Mobile Agent,"
    },
    {
        "id": 7391,
        "label": "1147",
        "author": "Yan Wang",
        "title": "Interaction Trust Evaluation in Decentralized Environments",
        "organization": null,
        "abstract": "In decentralized environments, such as P2P, as lack of central management, the trust issue is prominently important for interactions between unfamiliar peers. This paper flrst presents a probabilistic ap- proach for evaluating the interaction trust of unfamiliar peers according to their interaction history. In addition, after an interaction, peers can evaluate each other and modify the trust status. Based on",
        "email": null,
        "conf": "Electronic Commerce and Web Technologies",
        "coauthors": [
            "vijay varadharajan"
        ],
        "keywords": "P2P,"
    },
    {
        "id": 7392,
        "label": "1147",
        "author": "Yan Wang",
        "title": "Two-Phase Peer Evaluation in P2P E-Commerce Environments",
        "organization": null,
        "abstract": NaN,
        "email": null,
        "conf": "e-Technology, e-Commerce and e-Service",
        "coauthors": [
            "vijay varadharajan"
        ],
        "keywords": "E Commerce,P2P,"
    },
    {
        "id": 7393,
        "label": "1147",
        "author": "Yan Wang",
        "title": "A Mobile Autonomous Agent-based Secure Payment Protocol Supporting Multiple Payments",
        "organization": null,
        "abstract": "Abstract In agent based e-commerce applications, it is challenge- able to employ,one mobile agent to complete,all transac- tions including payments,due to the security consideration. In this paper, we propose a new agent-assisted secure pay- ment protocol, which is based on SET payment protocol and aims at enabling one dispatched consumer-agent,to au- tonomously,complete,the payment,on behalf of the card- holder with multiple",
        "email": null,
        "conf": "International Agent Technology Conference",
        "coauthors": [
            "vijay varadharajan"
        ],
        "keywords": "Autonomous Agent,E Commerce,Malicious Host,Mobile Agent,Agent Based,"
    },
    {
        "id": 7394,
        "label": "1147",
        "author": "Yan Wang",
        "title": "Trust and Risk Evaluation of Transactions with Different Amounts in Peer-to-Peer E-commerce Environments",
        "organization": null,
        "abstract": "As Peer-to-Peer (P2P) e-commerce environments lack central management, prior to new transactions with an un- known peer, the trust evaluation becomes a very important concern, which relies on the transaction history data. Tra- ditionally the evaluation process is based on other peers' recommendations neglecting transaction amounts. This may lead to the bias to the transaction trust evaluation and risk the",
        "email": null,
        "conf": "IEEE International Conference on e-Business Engineering",
        "coauthors": [
            "fu-ren lin"
        ],
        "keywords": "E Commerce,P2P,Peer To Peer,Risk Evaluation,Impact Factor,"
    },
    {
        "id": 7395,
        "label": "1147",
        "author": "Yan Wang",
        "title": "The Design of A Rule-based and Event-driven Trust Management Framework",
        "organization": null,
        "abstract": "Abstract In both E-Commerce (EC) and Service-Oriented Com- puting (SOC) environments, sellers or service providers interact with customers,or service clients for services or transactions. From the point view of customers or service clients, the trust status of the seller or service provider is a critical issue to consider, particularly when the seller or service provider is unknown to them. Typically,",
        "email": null,
        "conf": "IEEE International Conference on e-Business Engineering",
        "coauthors": [
            "duncan s. wong",
            "kwei-jay lin",
            "vijay varadharajan"
        ],
        "keywords": "E Commerce,Evaluation Method,Service Orientation,Service Quality,Trust Management,Trusted Computing,Rule Based,Service Provider,"
    },
    {
        "id": 7396,
        "label": "1147",
        "author": "Yan Wang",
        "title": "A Quantitative Service Accountability Model",
        "organization": null,
        "abstract": NaN,
        "email": null,
        "conf": "IEEE International Conference on e-Business Engineering",
        "coauthors": [
            "joe zou",
            "christopher j. pavlovski",
            "christopher de vaney"
        ],
        "keywords": null
    },
    {
        "id": 7397,
        "label": "1147",
        "author": "Yan Wang",
        "title": "A Secure Agent-Mediated Payment Protocol",
        "organization": null,
        "abstract": "While software agents have been employed in payment protocols, they are largely passive entities, i.e., they participate in the payment protocol but do not make decision. In this pape r, we propose an agent-assisted payment protocol called LITESET/A+ that empowers the payment agent (PA) to perform encryption operation for its owner. This is realized by introducing a Trusted Third Party",
        "email": null,
        "conf": "International Conference on Information and Communication Security",
        "coauthors": [
            "xiaolin pang",
            "kian-lee tan",
            "jian ren"
        ],
        "keywords": "Payment System,Software Agent,Threshold Scheme,Trusted Third Party,Secure Electronic Transaction,"
    },
    {
        "id": 7398,
        "label": "1147",
        "author": "Yan Wang",
        "title": "Secure Route Structures for the Fast Dispatch of Large-Scale Mobile Agents",
        "organization": null,
        "abstract": "For the application of large-scale mobile agents in a dis- tributed environment, where a large number of computers are connected together to enable the large-scale sharing of data and computing re- sources, security and e-ciency are of great concern. In this paper, we present secure route structures and corresponding protocols for mobile agents dispatched in binary to protect the dispatch",
        "email": null,
        "conf": "International Conference on Information and Communication Security",
        "coauthors": [
            "chi-hung chi",
            "tieyan li"
        ],
        "keywords": "Large Scale,Mobile Agent,Public Key Encryption,Secure Routing,Signature Scheme,"
    },
    {
        "id": 7399,
        "label": "1147",
        "author": "Yan Wang",
        "title": "Dispatching Mobile Agents with Secure Routes in Parallel",
        "organization": null,
        "abstract": "In a distributed environment like the Internet, mobile agents can be employed to perform autonomous tasks such as searching and negotiating. However, for mobile agents to be widely accepted, performance and security issues on their use have to be addressed. In this paper, we propose a parallel dispatch model with secure route structures for protecting the dispatch routes of agents.",
        "email": null,
        "conf": "International Conference on Information and Communication Security",
        "coauthors": [
            "kian-lee tan"
        ],
        "keywords": "Distributed Environment,Mobile Agent,Secure Routing,"
    },
    {
        "id": 7400,
        "label": "1147",
        "author": "Yan Wang",
        "title": "A New Security Scheme for Integration of Mobile Agents and Web Services",
        "organization": null,
        "abstract": "Web services specification provides an open standard for the distributed service oriented architecture. It is widely used in Internet and pervasive networks supporting wire- less mobile devices. A mobile agent is a composition of com- puter software and data which is able to migrate from one host to another autonomously and continue its execution on the destination host. Mobile agent",
        "email": null,
        "conf": "International Conference on Internet and Web Applications and Services",
        "coauthors": [
            "junqi zhang",
            "vijay varadharajan"
        ],
        "keywords": "Authentication Protocol,Certificate Authority,Key Management,Mobile Agent,Mobile Device,Open Standard,Public Key Infrastructure,Service Oriented Architecture,Web Service,Web Services Security,Agent Based,Mobile Agent Technology,"
    },
    {
        "id": 7401,
        "label": "1147",
        "author": "Yan Wang",
        "title": "Trust-Oriented Composite Service Selection and Discovery",
        "organization": null,
        "abstract": NaN,
        "email": null,
        "conf": "International Conference on Service Oriented Computing",
        "coauthors": [
            "lei li",
            "ee-peng lim"
        ],
        "keywords": "Service Selection,"
    },
    {
        "id": 7402,
        "label": "1147",
        "author": "Yan Wang",
        "title": "A Trust Vector Approach to Service-Oriented Applications",
        "organization": null,
        "abstract": NaN,
        "email": null,
        "conf": "International Conference on Web Services",
        "coauthors": [
            "lei li"
        ],
        "keywords": "Service Orientation,"
    },
    {
        "id": 7403,
        "label": "1147",
        "author": "Yan Wang",
        "title": "From Representational State Transfer to Accountable State Transfer Architecture",
        "organization": null,
        "abstract": NaN,
        "email": null,
        "conf": "International Conference on Web Services",
        "coauthors": [
            "joe zou",
            "jing mei"
        ],
        "keywords": null
    },
    {
        "id": 7404,
        "label": "1147",
        "author": "Yan Wang",
        "title": "Enhancing Grid Security with Trust Management",
        "organization": null,
        "abstract": NaN,
        "email": null,
        "conf": "IEEE International Conference on Services Computing",
        "coauthors": [
            "ching lin",
            "vijay varadharajan",
            "vineet pruthi"
        ],
        "keywords": "Grid Security,Trust Management,"
    },
    {
        "id": 7405,
        "label": "1147",
        "author": "Yan Wang",
        "title": "A Heuristic Algorithm for Trust-Oriented Service Provider Selection in Complex Social Networks",
        "organization": null,
        "abstract": NaN,
        "email": null,
        "conf": "IEEE International Conference on Services Computing",
        "coauthors": [
            "guanfeng liu",
            "mehmet a. orgun",
            "ee-peng lim"
        ],
        "keywords": "Heuristic Algorithm,Social Network,Service Provider,"
    },
    {
        "id": 7406,
        "label": "1147",
        "author": "Yan Wang",
        "title": "Trust Evaluation in Composite Services Selection and Discovery",
        "organization": null,
        "abstract": NaN,
        "email": null,
        "conf": "IEEE International Conference on Services Computing",
        "coauthors": [
            "lei li"
        ],
        "keywords": "Service Selection,"
    },
    {
        "id": 7407,
        "label": "1147",
        "author": "Yan Wang",
        "title": "Trust2: Developing Trust in Peer-to-Peer Environments",
        "organization": null,
        "abstract": "In peer-to-peer (P2P) environments, a peer needs to in- teract with unknown peers for the services provided. This requires the trust evaluation prior to and posterior to in- teractions. This paper presentsTrust2: a novel and dy- namic peer trust evaluation model, which aims to measure the credibility of peers' recommendations, and thus to fil- ter noise in responses and obtain",
        "email": null,
        "conf": "IEEE International Conference on Services Computing",
        "coauthors": [
            "vijay varadharajan"
        ],
        "keywords": "Evaluation Model,P2P,Peer To Peer,Service Provider,"
    },
    {
        "id": 7408,
        "label": "1147",
        "author": "Yan Wang",
        "title": "A Metamodeling Framework to Support Accountability in Business Process Modeling",
        "organization": null,
        "abstract": NaN,
        "email": null,
        "conf": "Information Systems Technology and its Applications",
        "coauthors": [
            "joe zou",
            "christopher de vaney"
        ],
        "keywords": "Business Process Model,meta model,"
    },
    {
        "id": 7409,
        "label": "1147",
        "author": "Yan Wang",
        "title": "Dispatching Multiple Mobile Agents in Parallel for Visiting E-Shops",
        "organization": null,
        "abstract": "The mobile agent approach is suitable for deploying large-scale parallel processing over distributed hosts. However, if the number of mobile agents is very large and the dispatch is processed in a serial way, it can become a bottleneck that impacts the efficiency as a whole. In this paper, we first briefly present a mobile agent based framework for Internet marketplaces",
        "email": null,
        "conf": "Mobile Data Management",
        "coauthors": [],
        "keywords": "Large Scale,Mobile Agent,Parallel Processing,Time Complexity,"
    },
    {
        "id": 7410,
        "label": "1147",
        "author": "Yan Wang",
        "title": "Building Internet Marketplaces on the Basis of Mobile Agents for Parallel Processing",
        "organization": null,
        "abstract": "In this paper, we propose a framework of Internet marketplaces on the basis of mobile agent. It not only simulates real commercial activities by consumers, agents and merchants, but also provides an environment for parallel processing. The latter is particularly important as more shops (sites) can be searched in real time to provide consumers with better choices. The conducted experiments",
        "email": null,
        "conf": "World Wide Web",
        "coauthors": [
            "jian ren"
        ],
        "keywords": "Mobile Agent,Parallel Processing,Real Time,"
    },
    {
        "id": 7411,
        "label": "1147",
        "author": "Yan Wang",
        "title": "Mobile Agent and Web Service Integration Security Architecture",
        "organization": null,
        "abstract": "Mobile agent technology and Web Service technology compensate each other and play very important roles in e- service applications. The mechanism of Web Services tech- nology naturally provides a platform for deploying mobile agent technology. Therefore, the integration of the mobile agent technology and Web Service technology has been ac- tively investigated in recent years. On the other hand, the",
        "email": null,
        "conf": "Service-Oriented Computing and Applications",
        "coauthors": [
            "junqi zhang",
            "vijay varadharajan"
        ],
        "keywords": "Certificate Authority,Integrable System,Key Management,Mobile Agent,Mobile Agent System,Public Key Infrastructure,Security Architecture,Web Service,Identity Based Signature,Mobile Agent Technology,"
    },
    {
        "id": 7412,
        "label": "1147",
        "author": "Yan Wang",
        "title": "Maximizing Utility of Mobile Agent Based E-Commerce Applications with Trust Enhanced Security",
        "organization": null,
        "abstract": NaN,
        "email": null,
        "conf": "Trust and Privacy in Digital Business",
        "coauthors": [
            "ching lin",
            "vijay varadharajan"
        ],
        "keywords": "E Commerce,Mobile Agent,"
    },
    {
        "id": 7413,
        "label": "1147",
        "author": "Yan Wang",
        "title": "On the Design of a New Trust Model for Mobile Agent Security",
        "organization": null,
        "abstract": NaN,
        "email": null,
        "conf": "Trust and Privacy in Digital Business",
        "coauthors": [
            "ching lin",
            "vijay varadharajan",
            "yi mu"
        ],
        "keywords": "Mobile Agent Security,Trust Model,"
    },
    {
        "id": 7414,
        "label": "1147",
        "author": "Yan Wang",
        "title": "Trust Enhanced Security for Mobile Agents",
        "organization": null,
        "abstract": NaN,
        "email": null,
        "conf": "Workshop on Advanced Issues of E-Commerce and Web/based Information Systems/Conference on Electronic Commerce",
        "coauthors": [
            "ching lin",
            "vijay varadharajan",
            "vineet pruthi"
        ],
        "keywords": "Mobile Agent,"
    },
    {
        "id": 7415,
        "label": "1147",
        "author": "Yan Wang",
        "title": "LITESET/A++: A New Agent-Assisted Secure Payment Protocol",
        "organization": null,
        "abstract": "In this paper, we proposed a new agent-assisted secure payment protocol LITESET/A++, which aims at enabling the dispatched consumer-agent to choose the \"best\" one after negotiating with merchants to close a deal, autonomously sign contracts and make the payment on behalf of the cardholder without the possibility of disclosing any secret to any participant. This is realized by adopting the",
        "email": null,
        "conf": "Workshop on Advanced Issues of E-Commerce and Web/based Information Systems/Conference on Electronic Commerce",
        "coauthors": [
            "tieyan li"
        ],
        "keywords": "Trusted Third Party,"
    },
    {
        "id": 7416,
        "label": "1147",
        "author": "Yan Wang",
        "title": "Price Trust Evaluation in E-service Oriented Applications",
        "organization": null,
        "abstract": NaN,
        "email": null,
        "conf": "Workshop on Advanced Issues of E-Commerce and Web/based Information Systems/Conference on Electronic Commerce",
        "coauthors": [
            "lei li",
            "ee-peng lim"
        ],
        "keywords": "Service Orientation,"
    },
    {
        "id": 7417,
        "label": "1147",
        "author": "Yan Wang",
        "title": "Role-based Recommendation and Trust Evaluation",
        "organization": null,
        "abstract": "In general, in most trust evaluation systems, the evalua- tion of a target party under investigation relies on the trust ratings from responding peers/parties who have direct in- teractions with the target party. This involves recommen- dations and the trust evaluation on recommendations. The evaluation on the recommendations by the recommendation receiver depends on a few factors, which include the",
        "email": null,
        "conf": "Workshop on Advanced Issues of E-Commerce and Web/based Information Systems/Conference on Electronic Commerce",
        "coauthors": [
            "vijay varadharajan"
        ],
        "keywords": "Evaluation Framework,"
    },
    {
        "id": 7418,
        "label": "1147",
        "author": "Yan Wang",
        "title": "A 2Phase Evaluation Model for Agent-Mediated Internet Marketplaces",
        "organization": null,
        "abstract": NaN,
        "email": null,
        "conf": "Web Information Systems Engineering",
        "coauthors": [
            "jian ren",
            "xiaolin pang",
            "kian-lee tan"
        ],
        "keywords": "Evaluation Model,"
    },
    {
        "id": 7419,
        "label": "1147",
        "author": "Yan Wang",
        "title": "A Time-Based Peer Trust Evaluation in P2P E-commerce Environments",
        "organization": null,
        "abstract": NaN,
        "email": null,
        "conf": "Web Information Systems Engineering",
        "coauthors": [
            "vijay varadharajan"
        ],
        "keywords": "E Commerce,P2P,"
    },
    {
        "id": 7420,
        "label": "1147",
        "author": "Yan Wang",
        "title": "Towards Autonomous and Automatic Evaluation and Negotiation in Agent-Mediated Internet Marketplaces",
        "organization": null,
        "abstract": NaN,
        "email": null,
        "conf": "Electronic Commerce Research",
        "coauthors": [
            "kian-lee tan",
            "jian ren"
        ],
        "keywords": "Automatic Evaluation,"
    },
    {
        "id": 7421,
        "label": "1147",
        "author": "Yan Wang",
        "title": "PumaMart: a parallel and autonomous agents based internet marketplace",
        "organization": null,
        "abstract": "Software agents are flexible, autonomous, and dynamic computational entities. For B2C e-commerce applications, the wide variety of choices to the consumers has also introduced the problem of information overloading. Meanwhile, there are so many e-shops and products for the consumers that it has become too time-consuming to find the best deal. In this paper, we present PumaMart, a Parallel and",
        "email": null,
        "conf": "Electronic Commerce Research and Applications",
        "coauthors": [
            "kian-lee tan",
            "jian ren"
        ],
        "keywords": "Autonomous Agent,E Commerce,Evaluation Model,Information Overload,Software Agent,Web Pages,Service Provider,"
    },
    {
        "id": 7422,
        "label": "1147",
        "author": "Yan Wang",
        "title": "A study of securing route structures for mobile agents dispatched in parallel",
        "organization": null,
        "abstract": NaN,
        "email": null,
        "conf": "International Journal of Web Engineering and Technology",
        "coauthors": [
            "kian-lee tan",
            "yue wang"
        ],
        "keywords": "Mobile Agent,Secure Routing,"
    },
    {
        "id": 7423,
        "label": "1147",
        "author": "Yan Wang",
        "title": "Reputation-Oriented Trustworthy Computing in E-Commerce Environments",
        "organization": null,
        "abstract": NaN,
        "email": null,
        "conf": "IEEE Internet Computing",
        "coauthors": [
            "kwei-jay lin"
        ],
        "keywords": "E Commerce,"
    },
    {
        "id": 7424,
        "label": "1147",
        "author": "Yan Wang",
        "title": "Evaluating transaction trust and risk levels in peer-to-peer e-commerce environments",
        "organization": null,
        "abstract": "As it lacks central management in Peer-to-Peer (P2P) e-commerce environments, prior to new transactions with an unknown peer, the trust evaluation is critical, which relies on the transaction history data. Tradi- tionally the evaluation process is based on other peers' recommendations neglecting transaction amounts. This may lead to the bias in the transac- tion trust evaluation and risk the new",
        "email": null,
        "conf": "Information Systems and E-business Management",
        "coauthors": [
            "duncan s. wong",
            "kwei-jay lin",
            "vijay varadharajan"
        ],
        "keywords": "E Commerce,P2P,Peer To Peer,Impact Factor,"
    },
    {
        "id": 7425,
        "label": "1147",
        "author": "Yan Wang",
        "title": "Secure route structures for parallel mobile agents based systems using fast binary dispatch",
        "organization": null,
        "abstract": NaN,
        "email": null,
        "conf": "Mobile Information Systems",
        "coauthors": [
            "vijay varadharajan"
        ],
        "keywords": "Mobile Agent,Secure Routing,"
    },
    {
        "id": 7426,
        "label": "1147",
        "author": "Yan Wang",
        "title": "Employ a mobile agent for making a payment",
        "organization": null,
        "abstract": NaN,
        "email": null,
        "conf": "Mobile Information Systems",
        "coauthors": [
            "duncan s. wong",
            "huaxiong wang"
        ],
        "keywords": "Mobile Agent,"
    },
    {
        "id": 7427,
        "label": "1147",
        "author": "Yan Wang",
        "title": "Security and Robustness Enhanced Route Structures for Mobile Agents",
        "organization": null,
        "abstract": "In this paper, we present a parallel dispatch model with secure route structures for protecting the dispatch route information of mobile agents. This model facilitates efficient dispatching of agents in a hierarchical manner, and ensures route security by exposing minimal route information to hosts. It also provides the capability for detecting attacks. Based on the secure dispatch model, two extensions",
        "email": null,
        "conf": "Mobile Networks and Applications",
        "coauthors": [
            "xiaolin pang"
        ],
        "keywords": "Empirical Evaluation,First Integral,Generic Algorithm,Mobile Agent,Mobile Agent Security,Public Key,Public Key Encryption,Secure Routing,"
    },
    {
        "id": 7428,
        "label": "1147",
        "author": "Yan Wang",
        "title": "A Structured Hypertext Data Model with Versioning for Engineering Documents",
        "organization": null,
        "abstract": "Hypertext involves linking related information blocks together to form a network. It is suitable to access information in a nonlinear fashion with a flexible structure. However, when the hypertext technique is applied to manage mass data such as engineering documents, the large number of nodes and links involved can cause problems such as data access navigation and versioning control. This",
        "email": null,
        "conf": "Multimedia Tools and Applications",
        "coauthors": [
            "ken c. k. law",
            "horace ho-shing ip"
        ],
        "keywords": "Data Access,Data Management,Data Model,Flexible Structure,Management System,Network Structure,Version Control,Optic Disk,"
    },
    {
        "id": 7429,
        "label": "1147",
        "author": "Yan Wang",
        "title": "Trust management towards service-oriented applications",
        "organization": null,
        "abstract": NaN,
        "email": null,
        "conf": "Service Oriented Computing and Applications",
        "coauthors": [
            "kwei-jay lin",
            "duncan s. wong",
            "vijay varadharajan"
        ],
        "keywords": "Service Orientation,Trust Management,"
    },
    {
        "id": 7430,
        "label": "1147",
        "author": "Yan Wang",
        "title": "Building Internet Marketplaces on the Basis of Mobile Agents for Parallel Processing",
        "organization": null,
        "abstract": "In this paper, we propose a framework of Internet marketplaces on the basis of mobile agent. It not only simulates real commercial activities by consumers, agents and merchants, but also provides an environment for parallel processing. The latter is particularly important as more shops (sites) can be searched in real time to provide consumers with better choices. The conducted experiments",
        "email": null,
        "conf": "World Wide Web",
        "coauthors": [
            "jian ren"
        ],
        "keywords": "Mobile Agent,Parallel Processing,Real Time,"
    }
]