[
    {
        "id": 7568,
        "label": "1165",
        "author": "Yao Li",
        "title": "Masquerade Detection System Based on Principal Component Analysis and Radial Basics Function",
        "organization": null,
        "abstract": NaN,
        "email": null,
        "conf": "Computational and Information Science",
        "coauthors": [
            "zhanchun li",
            "zhitang li",
            "bin liu"
        ],
        "keywords": "Principal Component Analysis,"
    },
    {
        "id": 7569,
        "label": "1165",
        "author": "Yao Li",
        "title": "A novel algorithm SF for mining attack scenarios model",
        "organization": null,
        "abstract": NaN,
        "email": null,
        "conf": "IEEE International Conference on e-Business Engineering",
        "coauthors": [
            "li wang",
            "zhitang li",
            "jie lei"
        ],
        "keywords": null
    },
    {
        "id": 7570,
        "label": "1165",
        "author": "Yao Li",
        "title": "Fuzzy Anomaly Detection System for IPv6 (FADS6): An Immune-Inspired Algorithm with Hash Function",
        "organization": null,
        "abstract": NaN,
        "email": null,
        "conf": "International Conference on Intelligent Computing",
        "coauthors": [
            "zhitang li",
            "li wang"
        ],
        "keywords": "Anomaly Detection,Hash Function,"
    },
    {
        "id": 7571,
        "label": "1165",
        "author": "Yao Li",
        "title": "An Image Hiding Method Based on Correlation Analysis and Image Fusion",
        "organization": null,
        "abstract": NaN,
        "email": null,
        "conf": "Parallel and Distributed Computing: Applications and Technologies",
        "coauthors": [
            "bin liu",
            "zhitang li"
        ],
        "keywords": "Correlation Analysis,Image Fusion,"
    },
    {
        "id": 7572,
        "label": "1165",
        "author": "Yao Li",
        "title": "Storage challenge - HUSt: a heterogeneous unified storage system for GIS grid",
        "organization": null,
        "abstract": "Geographic Information System Grid integrates geographic information systems and Grid technology for data gathering, accessing, transmitting and service, in different I/O patterns, built upon massive storage systems. Existing non-standardized multi-source and multi-scale data lack spatial information sharing either internally or externally between organizations or departments, especially in national or global applications. HUSt is a massive storage system that was built",
        "email": null,
        "conf": "Supercomputing Conference",
        "coauthors": [
            "lingfang zeng",
            "ke zhou",
            "zhan shi",
            "dan feng",
            "fang wang",
            "chang-sheng xie",
            "zhitang li",
            "zhanwu yu",
            "jianya gong",
            "qiang cao",
            "zhongying niu",
            "lingjun qin",
            "qun liu"
        ],
        "keywords": "Data Gathering,Geographic Information System,High Performance,Next Generation Internet,Spatial Information,Storage System,Virtual Interface,"
    },
    {
        "id": 7573,
        "label": "1165",
        "author": "Yao Li",
        "title": "A Fuzzy Anomaly Detection Algorithm for IPv6",
        "organization": null,
        "abstract": NaN,
        "email": null,
        "conf": "Semantics, Knowledge and Grid",
        "coauthors": [
            "zhitang li",
            "shuyu liu"
        ],
        "keywords": "Anomaly Detection,"
    }
]