[
    {
        "id": 7575,
        "label": "1166",
        "author": "Ye Zhang",
        "title": "Analyzing Security Protocols in Hierarchical Networks",
        "organization": null,
        "abstract": NaN,
        "email": null,
        "conf": "Automated Technology for Verification and Analysis",
        "coauthors": [
            "hanne riis nielson"
        ],
        "keywords": "Hierarchical Networks,Security Protocol,"
    },
    {
        "id": 7576,
        "label": "1166",
        "author": "Ye Zhang",
        "title": "From generic to specific: off-line optimization for a general constraint solver",
        "organization": null,
        "abstract": "A general constraint solver simplifies the implementation of program analyses because constraint generation can then be separated from constraint solving. In return, a general solver often needs to sacrifice performance for generality. We describe a strategy that given a set of constraints first performs off-line optimizations (performed before the execution of the solver) which enable a solver to find (potential)",
        "email": null,
        "conf": "Generative Programming and Component Engineering",
        "coauthors": [
            "torben amtoft",
            "flemming nielson"
        ],
        "keywords": "Automatic Detection,Constraint Solving,Pointer Analysis,Program Analysis,"
    },
    {
        "id": 7577,
        "label": "1166",
        "author": "Ye Zhang",
        "title": "A Scalable Inclusion Constraint Solver Using Unification",
        "organization": null,
        "abstract": NaN,
        "email": null,
        "conf": "Logic Program Synthesis and Transformation",
        "coauthors": [
            "flemming nielson"
        ],
        "keywords": null
    }
]