[
    {
        "id": 7613,
        "label": "1176",
        "author": "Yi Tao",
        "title": "A Compromised Large-Scale Neighborhood Search Heuristic for Cargo Loading Planning",
        "organization": null,
        "abstract": NaN,
        "email": null,
        "conf": "Australian Joint Conference on Artificial Intelligence",
        "coauthors": [
            "yanzhi li",
            "fan wang"
        ],
        "keywords": "Large Scale,Neighborhood Search,"
    },
    {
        "id": 7614,
        "label": "1176",
        "author": "Yi Tao",
        "title": "A Survey on Vehicle Routing Problem with Loading Constraints",
        "organization": null,
        "abstract": NaN,
        "email": null,
        "conf": "IEEE Control Systems Magazine",
        "coauthors": [
            "fan wang",
            "ning shi"
        ],
        "keywords": null
    },
    {
        "id": 7615,
        "label": "1176",
        "author": "Yi Tao",
        "title": "A compromised large-scale neighborhood search heuristic for capacitated air cargo loading planning",
        "organization": null,
        "abstract": NaN,
        "email": null,
        "conf": "European Journal of Operational Research",
        "coauthors": [
            "yanzhi li",
            "fan wang"
        ],
        "keywords": "Large Scale,Neighborhood Search,"
    },
    {
        "id": 7616,
        "label": "1177",
        "author": "Yi Tao",
        "title": "Theoretical investigation on hermeticity testing of MEMS packages based on MIL-STD-883E",
        "organization": null,
        "abstract": NaN,
        "email": null,
        "conf": "Microelectronics Reliability",
        "coauthors": [
            "ajay p. malshe"
        ],
        "keywords": null
    },
    {
        "id": 7617,
        "label": "1177",
        "author": "Yi Tao",
        "title": "Selective bonding and encapsulation for wafer-level vacuum packaging of MEMS and related micro systems",
        "organization": null,
        "abstract": NaN,
        "email": null,
        "conf": "Microelectronics Reliability",
        "coauthors": [
            "ajay p. malshe",
            "william d. brown"
        ],
        "keywords": null
    },
    {
        "id": 7618,
        "label": "1178",
        "author": "Yi Tao",
        "title": "A Multiple-Domain Evaluation of Stratified Case-Based Reasoning",
        "organization": null,
        "abstract": "Stratified case-based reasoning (SCBR) is a technique in which case abstractions are used to assist case retrieval, matching, and adaptation. Previous work has shown that SCBR can significantly decrease the computational expense required for retrieval, matching, and adaptation under a variety of different problem conditions. This paper extends this work to two new domains: a problem in combinatorial optimization, sorting",
        "email": null,
        "conf": "Case-Based Reasoning and Development",
        "coauthors": [
            "karl branting"
        ],
        "keywords": "Case Base Reasoning,Combinatorial Optimization,Empirical Evaluation,Indexation,Problem Solving,Search Cost,"
    }
]